Category	Org1_ID	Org2_ID	Rank	K_Expected
OtO	Q9UPV9	Q6PD31	1	1
OtO	Q9UPW0	Q8BUR3	1	1
OtO	Q9UPW5	Q641K1	1	1
OtO	Q9UPW6	Q8VI24	1	1
OtO	Q9UPW8	Q4KUS2	1	1
OtO	Q9UPX0	E9PZ19	1	1
OtO	Q9UPX6	Q8K3V7	1	1
OtO	Q9UPX8	Q80Z38	2	1
OtO	Q9UPY3	Q8R418	1	1
OtO	Q9UPY5	Q9WTR6	1	1
OtO	Q9UPY6	Q8VHI6	1	1
OtO	Q9UPY8	Q6PER3	1	1
OtO	Q9UPZ3	P59438	1	1
OtO	Q9UPZ6	Q69ZU6	1	1
OtO	Q9UPZ9	Q9JKV2	1	1
OtO	Q9UQ03	Q8BH44	1	1
OtO	Q9UQ05	A2A5F7	1	1
OtO	Q9UQ07	Q9WVS4	1	1
OtO	Q9UQ10	Q9DBB8	1	1
OtO	Q9UQ13	O88520	1	1
OtO	Q9UQ16	Q8BZ98	1	1
OtO	Q9UQ26	Q9EQZ7	1	1
OtO	Q9UQ35	Q8BTI8	1	1
OtO	Q9UQ49	Q9JMH7	1	1
OtO	Q9UQ52	Q9JMB8	1	1
OtO	Q9UQ53	Q812F8	1	1
OtO	Q9UQ80	P50580	1	1
OtO	Q9UQ84	Q9QZ11	1	1
OtO	Q9UQ90	Q3ULF4	1	1
OtO	Q9UQB3	O35927	1	1
OtO	Q9UQB8	Q8BKX1	1	1
OtO	Q9UQC2	Q9Z1S8	1	1
OtO	Q9UQC9	Q8BG22	2	1
OtO	Q9UQD0	Q9WTU3	1	1
OtO	Q9UQE7	Q9CW03	1	1
OtO	Q9UQF2	Q9WVI9	1	1
OtO	Q9UQK1	Q7TMB3	1	1
OtO	Q9UQL6	Q9Z2V6	1	1
OtO	Q9UQM7	P11798	1	1
OtO	Q9UQN3	Q8BJF9	1	1
OtO	Q9UQP3	Q80Z71	1	1
OtO	Q9UQQ1	Q7M758	1	1
OtO	Q9UQQ2	O09039	1	1
OtO	Q9UQR1	Q61624	1	1
OtO	Q9UQV4	Q7TST5	1	1
OtO	Q9Y210	Q61143	1	1
OtO	Q9Y215	O35348	1	1
OtO	Q9Y216	Q9Z2C9	1	1
OtO	Q9Y217	Q8VE11	1	1
OtO	Q9Y219	Q9QYE5	1	1
OtO	Q9Y221	Q9CXK8	1	1
OtO	Q9Y222	Q8CE22	1	1
OtO	Q9Y223	Q91WG8	1	1
OtO	Q9Y224	Q9CQE8	1	1
OtO	Q9Y225	Q8BGI1	1	1
OtO	Q9Y226	Q6A4L0	1	1
OtO	Q9Y227	Q9DBT4	1	1
OtO	Q9Y228	Q8C0G2	1	1
OtO	Q9Y230	Q9WTM5	1	1
OtO	Q9Y231	O88819	1	1
OtO	Q9Y232	Q9WTK2	1	1
OtO	Q9Y233	Q8CA95	651	1
OtO	Q9Y234	Q8VCM4	1	1
OtO	Q9Y235	Q9WV35	1	1
OtO	Q9Y236	Q3TEE9	1	1
OtO	Q9Y237	Q9CWW6	1	1
OtO	Q9Y238	Q8BLA1	2	1
OtO	Q9Y239	Q8BHB0	1	1
OtO	Q9Y240	O88200	1	1
OtO	Q9Y241	Q9JLR9	1	1
OtO	Q9Y242	Q99KJ5	2	1
OtO	Q9Y243	Q9WUA6	1	1
OtO	Q9Y244	Q9CQT5	1	1
OtO	Q9Y247	Q9WTJ8	1	1
OtO	Q9Y248	Q9D600	1	1
OtO	Q9Y250	P60853	1	1
OtO	Q9Y251	Q6YGZ1	1	1
OtO	Q9Y252	Q9DBU5	1	1
OtO	Q9Y253	Q9JJN0	1	1
OtO	Q9Y255	Q8R107	1	1
OtO	Q9Y256	P57791	1	1
OtO	Q9Y257	Q3TBV4	1	1
OtO	Q9Y258	F8VQM2	152	1
OtO	Q9Y259	O55229	1	1
OtO	Q9Y261	P35583	1	1
OtO	Q9Y262	Q8QZY1	1	1
OtO	Q9Y263	P27612	1	1
OtO	Q9Y264	Q9WVH6	1	1
OtO	Q9Y265	P60122	1	1
OtO	Q9Y266	O35685	1	1
OtO	Q9Y267	Q497L9	1	1
OtO	Q9Y271	Q99JA4	1	1
OtO	Q9Y272	O35626	1	1
OtO	Q9Y274	Q8VIB3	1	1
OtO	Q9Y275	Q9WU72	1	1
OtO	Q9Y276	Q9CZP5	1	1
OtO	Q9Y277	Q60931	1	1
OtO	Q9Y278	Q673U1	1	1
OtO	Q9Y279	F6TUL9	1	1
OtO	Q9Y281	P45591	1	1
OtO	Q9Y282	Q9CQE7	1	1
OtO	Q9Y283	O89019	1	1
OtO	Q9Y284	Q6ZWX0	1	1
OtO	Q9Y285	Q8C0C7	1	1
OtO	Q9Y287	O89051	1	1
OtO	Q9Y289	Q5U4D8	1	1
OtO	Q9Y291	Q9D2R8	1	1
OtO	Q9Y294	Q9CQE6	1	1
OtO	Q9Y295	P32233	1	1
OtO	Q9Y296	Q9ES56	1	1
OtO	Q9Y297	Q3ULA2	1	1
OtO	Q9Y2A7	P28660	1	1
OtO	Q9Y2A9	Q5JCS9	1	1
OtO	Q9Y2B0	Q9QXT0	1	1
OtO	Q9Y2B1	Q8VDX6	1	1
OtO	Q9Y2B2	Q5SX19	1	1
OtO	Q9Y2B4	Q9D976	8	1
OtO	Q9Y2B5	Q8C190	1	1
OtO	Q9Y2B9	O70139	1	1
OtO	Q9Y2C2	Q8BUB6	1	1
OtO	Q9Y2C3	Q9JI67	1	1
OtO	Q9Y2C4	Q8C163	1	1
OtO	Q9Y2C5	Q5NCM1	1	1
OtO	Q9Y2C9	Q9EPW9	5	1
OtO	Q9Y2D0	Q9QZA0	1	1
OtO	Q9Y2D1	O70191	1	1
OtO	Q9Y2D2	Q8R1T4	1	1
OtO	Q9Y2D4	A6H5Z3	1	1
OtO	Q9Y2D5	O54931	1	1
OtO	Q9Y2D8	Q8VC66	1	1
OtO	Q9Y2D9	Q5DU09	1	1
OtO	Q9Y2E4	E9PWR4	1	1
OtO	Q9Y2E5	O54782	1	1
OtO	Q9Y2E6	Q6PDK8	1	1
OtO	Q9Y2E8	Q8R4D1	1	1
OtO	Q9Y2F5	E9Q286	4	1
OtO	Q9Y2F9	P58545	1	1
OtO	Q9Y2G0	Q6ZQ18	1	1
OtO	Q9Y2G1	Q3UR85	1	1
OtO	Q9Y2G3	Q6DFW5	1	1
OtO	Q9Y2G4	Q69ZU8	1	1
OtO	Q9Y2G5	Q8VHI3	1	1
OtO	Q9Y2G7	Q60585	1	1
OtO	Q9Y2G8	Q80TN4	1	1
OtO	Q9Y2G9	Q7TNB8	1	1
OtO	Q9Y2H0	B1AZP2	1	1
OtO	Q9Y2H1	Q7TSE6	1	1
OtO	Q9Y2H2	Q8CDA1	1	1
OtO	Q9Y2H5	Q7TQG1	1	1
OtO	Q9Y2H6	Q8BX90	1	1
OtO	Q9Y2H9	Q9R1L5	1	1
OtO	Q9Y2I1	Q80TM9	1	1
OtO	Q9Y2I2	Q8R4G0	1	1
OtO	Q9Y2I6	Q6ZQ12	1	1
OtO	Q9Y2I7	Q9Z1T6	1	1
OtO	Q9Y2I8	Q8CBE3	1	1
OtO	Q9Y2I9	Q69ZT9	1	1
OtO	Q9Y2J0	P47708	1	1
OtO	Q9Y2J2	Q9WV92	1	1
OtO	Q9Y2J4	Q8K371	1	1
OtO	Q9Y2J8	Q08642	1	1
OtO	Q9Y2K1	Q91VL9	1	1
OtO	Q9Y2K2	Q6P4S6	1	1
OtO	Q9Y2K3	E9Q264	1	1
OtO	Q9Y2K5	Q80TM6	1	1
OtO	Q9Y2K6	Q8C6M1	1	1
OtO	Q9Y2K7	P59997	1	1
OtO	Q9Y2K9	Q5DQR4	1	1
OtO	Q9Y2L1	Q9CSH3	1	1
OtO	Q9Y2L5	A0A286YCX6	1	1
OtO	Q9Y2L6	Q920B0	1	1
OtO	Q9Y2L8	Q9Z1D8	1	1
OtO	Q9Y2L9	P62046	1	1
OtO	Q9Y2M0	Q69ZT1	1	1
OtO	Q9Y2M2	Q8C3L1	1	1
OtO	Q9Y2M5	Q8VCK5	1	1
OtO	Q9Y2N7	Q0VBL6	1	1
OtO	Q9Y2P4	E9Q9W4	1	1
OtO	Q9Y2P5	Q4LDG0	3	1
OtO	Q9Y2P8	Q9JJT0	1	1
OtO	Q9Y2Q0	P70704	1	1
OtO	Q9Y2Q3	Q9DCM2	1	1
OtO	Q9Y2Q5	Q9JHS3	1	1
OtO	Q9Y2Q9	Q9CY16	1	1
OtO	Q9Y2R0	Q9D2R6	1	1
OtO	Q9Y2R2	P29352	1	1
OtO	Q9Y2R4	Q8K301	1	1
OtO	Q9Y2R5	Q9CQE3	1	1
OtO	Q9Y2R9	Q80X85	1	1
OtO	Q9Y2S2	Q99KP3	1	1
OtO	Q9Y2S6	Q8K003	1	1
OtO	Q9Y2S7	Q91VA6	1	1
OtO	Q9Y2T1	O88566	1	1
OtO	Q9Y2T2	Q9JKC8	1	1
OtO	Q9Y2T3	Q9R111	1	1
OtO	Q9Y2T4	Q8BG02	1	1
OtO	Q9Y2T5	P0C5J4	1	1
OtO	Q9Y2T6	Q3UJF0	1	1
OtO	Q9Y2T7	Q9Z2C8	1	1
OtO	Q9Y2U2	Q9Z2T1	1	1
OtO	Q9Y2U5	Q61083	1	1
OtO	Q9Y2U8	Q9WU40	1	1
OtO	Q9Y2U9	Q4G5Y1	1	1
OtO	Q9Y2V0	Q3U4G0	1	1
OtO	Q9Y2V2	Q9CR86	1	1
OtO	Q9Y2V3	O35602	1	1
OtO	Q9Y2V7	Q8R3I3	1	1
OtO	Q9Y2W1	Q569Z6	1	1
OtO	Q9Y2W2	Q923D5	1	1
OtO	Q9Y2W3	Q8BIV7	1	1
OtO	Q9Y2W6	Q80VL1	1	1
OtO	Q9Y2W7	Q9QXT8	1	1
OtO	Q9Y2X0	Q6PGF3	1	1
OtO	Q9Y2X3	Q6DFW4	1	1
OtO	Q9Y2X7	Q68FF6	1	1
OtO	Q9Y2X9	Q99LI5	1	1
OtO	Q9Y2Y0	Q9D385	1	1
OtO	Q9Y2Y1	Q9CQZ7	1	1
OtO	Q9Y2Y4	Q9JKD9	1	1
OtO	Q9Y2Y6	Q91X86	1	1
OtO	Q9Y2Y8	Q9JL95	1	1
OtO	Q9Y2Y9	Q9JJZ6	1	1
OtO	Q9Y2Z0	Q9CX34	1	1
OtO	Q9Y2Z2	Q923Z3	1	1
OtO	Q9Y2Z4	Q8BYL4	1	1
OtO	Q9Y2Z9	Q8R1S0	1	1
OtO	Q9Y303	Q8JZV7	1	1
OtO	Q9Y312	Q9D2V5	1	1
OtO	Q9Y314	Q9D6T0	1	1
OtO	Q9Y315	Q91YP3	1	1
OtO	Q9Y316	Q91VH6	1	1
OtO	Q9Y320	Q9D710	1	1
OtO	Q9Y324	Q9CTH6	1	1
OtO	Q9Y328	P47759	1	1
OtO	Q9Y330	Q9Z150	1	1
OtO	Q9Y333	O35900	1	1
OtO	Q9Y334	Q9JHA8	1	1
OtO	Q9Y337	Q9D140	1	1
OtO	Q9Y342	Q9DCU2	1	1
OtO	Q9Y343	Q9CRB0	1	1
OtO	Q9Y345	Q761V0	1	1
OtO	Q9Y365	Q9JMD3	1	1
OtO	Q9Y366	Q62559	1	1
OtO	Q9Y371	Q9JK48	1	1
OtO	Q9Y375	Q9CWX2	1	1
OtO	Q9Y376	Q06138	1	1
OtO	Q9Y383	Q7TNC4	1	1
OtO	Q9Y385	Q9JJZ4	1	1
OtO	Q9Y388	Q8R0F5	1	1
OtO	Q9Y394	Q9CXR1	1	1
OtO	Q9Y397	P59268	1	1
OtO	Q9Y399	Q924T2	1	1
OtO	Q9Y3A0	Q8BGB8	1	1
OtO	Q9Y3A2	Q9CZJ1	1	1
OtO	Q9Y3A3	Q6PEB6	1	1
OtO	Q9Y3A4	Q9D1C9	1	1
OtO	Q9Y3A5	P70122	1	1
OtO	Q9Y3A6	Q9CXE7	1	1
OtO	Q9Y3B1	Q9CYY7	1	1
OtO	Q9Y3B2	Q9DAA6	1	1
OtO	Q9Y3B3	D3YZZ5	1	1
OtO	Q9Y3B4	P59708	1	1
OtO	Q9Y3B6	Q9DB76	1	1
OtO	Q9Y3B7	Q9CQF0	1	1
OtO	Q9Y3B8	Q9D8S4	1	1
OtO	Q9Y3B9	Q9CYX7	1	1
OtO	Q9Y3C0	Q9CR27	1	1
OtO	Q9Y3C1	Q9CPT5	1	1
OtO	Q9Y3C4	Q8QZZ7	1	1
OtO	Q9Y3C5	Q9QYK7	1	1
OtO	Q9Y3C6	Q9D0W5	1	1
OtO	Q9Y3C7	Q9CXU1	1	1
OtO	Q9Y3C8	Q9CR09	1	1
OtO	Q9Y3D0	Q9D187	1	1
OtO	Q9Y3D2	Q78J03	1	1
OtO	Q9Y3D3	Q9CPX7	1	1
OtO	Q9Y3D5	Q8R2L5	1	1
OtO	Q9Y3D6	Q9CQ92	1	1
OtO	Q9Y3D7	Q9CQV1	1	1
OtO	Q9Y3D8	Q8VCP8	1	1
OtO	Q9Y3D9	Q8VE22	1	1
OtO	Q9Y3E0	Q9CR60	1	1
OtO	Q9Y3E1	Q9JMG7	1	1
OtO	Q9Y3E2	Q9D8S9	1	1
OtO	Q9Y3E5	Q8R2Y8	1	1
OtO	Q9Y3E7	Q9CQ10	1	1
OtO	Q9Y3F4	Q9Z1Z2	1	1
OtO	Q9Y3I0	Q99LF4	1	1
OtO	Q9Y3I1	Q3U7U3	1	1
OtO	Q9Y3L5	Q8BU31	1	1
OtO	Q9Y3M2	Q9D1C2	1	1
OtO	Q9Y3M8	Q923Q2	1	1
OtO	Q9Y3P4	Q8BP97	1	1
OtO	Q9Y3P8	Q8C503	1	1
OtO	Q9Y3P9	A2AWA9	1	1
OtO	Q9Y3Q0	Q9CZR2	1	1
OtO	Q9Y3Q3	Q78IS1	1	1
OtO	Q9Y3Q4	O70507	1	1
OtO	Q9Y3Q7	Q9R157	3	1
OtO	Q9Y3Q8	Q9EQN3	1	1
OtO	Q9Y3R0	Q925T6	1	1
OtO	Q9Y3R4	Q9JMH3	1	1
OtO	Q9Y3R5	Q3UHQ6	1	1
OtO	Q9Y3S1	Q3UH66	1	1
OtO	Q9Y3S2	Q922H9	1	1
OtO	Q9Y3T6	Q8BSI6	1	1
OtO	Q9Y3T9	Q9WV70	1	1
OtO	Q9Y3V2	Q8VIL2	1	1
OtO	Q9Y3X0	Q8VC31	1	1
OtO	Q9Y3Y2	Q9CY57	1	1
OtO	Q9Y3Y4	Q9D0P5	1	1
OtO	Q9Y3Z3	Q60710	1	1
OtO	Q9Y421	Q9CR80	1	1
OtO	Q9Y426	E9Q3C1	1	1
OtO	Q9Y446	Q9QY23	1	1
OtO	Q9Y448	Q9D9Z1	1	1
OtO	Q9Y450	Q69ZS7	1	1
OtO	Q9Y458	Q8K402	1	1
OtO	Q9Y462	A2ANX9	1	1
OtO	Q9Y463	Q9Z188	1	1
OtO	Q9Y466	Q64104	1	1
OtO	Q9Y467	Q9QX96	1	1
OtO	Q9Y468	A2A5N8	8	1
OtO	Q9Y471	Q61419	1	1
OtO	Q9Y478	Q9R078	1	1
OtO	Q9Y483	Q02395	1	1
OtO	Q9Y484	Q91VM3	1	1
OtO	Q9Y485	Q6PNC0	1	1
OtO	Q9Y487	P15920	1	1
OtO	Q9Y490	P26039	1	1
OtO	Q9Y493	O88799	10	1
OtO	Q9Y496	P28741	1	1
OtO	Q9Y4A0	B2RRL2	1	1
OtO	Q9Y4A5	Q80YV3	1	1
OtO	Q9Y4A8	Q9WTM4	1	1
OtO	Q9Y4B4	Q99NG0	1	1
OtO	Q9Y4B5	Q3UHU5	1	1
OtO	Q9Y4B6	Q80TR8	1	1
OtO	Q9Y4C0	Q6P9K9	1	1
OtO	Q9Y4C1	Q6PCM1	1	1
OtO	Q9Y4C2	Q8BNE1	3	1
OtO	Q9Y4C4	Q3V1N1	1	1
OtO	Q9Y4C5	Q80WV3	1	1
OtO	Q9Y4C8	Q8R3C6	1	1
OtO	Q9Y4D1	Q8BPM0	1	1
OtO	Q9Y4D2	Q6WQJ1	1	1
OtO	Q9Y4D7	Q3UH93	1	1
OtO	Q9Y4D8	E9Q2E4	1	1
OtO	Q9Y4E5	Q8C0P7	1	1
OtO	Q9Y4E6	Q920I9	1	1
OtO	Q9Y4E8	Q8R5H1	1	1
OtO	Q9Y4F1	F8VPU2	1	1
OtO	Q9Y4F3	Q8BJ34	1	1
OtO	Q9Y4F4	Q6A070	1	1
OtO	Q9Y4F5	Q80U49	1	1
OtO	Q9Y4F9	Q80U16	1	1
OtO	Q9Y4G2	Q7TSI1	1	1
OtO	Q9Y4G6	Q71LX4	1	1
OtO	Q9Y4G8	Q8CHG7	1	1
OtO	Q9Y4H2	P81122	1	1
OtO	Q9Y4H4	Q3U1Z5	1	1
OtO	Q9Y4I1	Q99104	1	1
OtO	Q9Y4I5	Q9WTJ6	1	1
OtO	Q9Y4J8	Q9D2N4	1	1
OtO	Q9Y4K0	P58022	1	1
OtO	Q9Y4K1	A0A0G2JG52	1	1
OtO	Q9Y4K3	P70196	1	1
OtO	Q9Y4K4	Q8BPM2	1	1
OtO	Q9Y4L1	Q9JKR6	1	1
OtO	Q9Y4L5	Q9D0C1	1	1
OtO	Q9Y4P1	Q8BGE6	1	1
OtO	Q9Y4P3	Q9R099	1	1
OtO	Q9Y4P8	Q80W47	1	1
OtO	Q9Y4P9	Q99JL1	1	1
OtO	Q9Y4R7	A4Q9E5	1	1
OtO	Q9Y4R8	Q9DC40	1	1
OtO	Q9Y4U1	Q9CZD0	1	1
OtO	Q9Y4W2	A2BE28	1	1
OtO	Q9Y4W6	Q8JZQ2	1	1
OtO	Q9Y4X0	Q9JHT5	1	1
OtO	Q9Y4X3	Q9Z1X0	1	1
OtO	Q9Y4X4	O35738	1	1
OtO	Q9Y4X5	Q9Z1K5	1	1
OtO	Q9Y4Y9	P62322	1	1
OtO	Q9Y4Z0	Q9QXA5	1	1
OtO	Q9Y4Z2	P70661	2	1
OtO	Q9Y508	Q9ET26	1	1
OtO	Q9Y512	Q8BGH2	1	1
OtO	Q9Y519	Q8BG09	1	1
OtO	Q9Y520	Q3TLH4	1	1
OtO	Q9Y530	Q8R5F3	1	1
OtO	Q9Y534	Q91YQ3	1	1
OtO	Q9Y535	Q9D2C6	1	1
OtO	Q9Y543	O54792	1	1
OtO	Q9Y546	Q8R2U7	1	1
OtO	Q9Y547	Q9D6H2	1	1
OtO	Q9Y548	Q91VU1	1	1
OtO	Q9Y561	Q8BUJ9	1	1
OtO	Q9Y566	D3YZU1	1	1
OtO	Q9Y570	Q8BVQ5	1	1
OtO	Q9Y572	Q9QZL0	1	1
OtO	Q9Y573	P28575	1	1
OtO	Q9Y574	Q9WV71	1	1
OtO	Q9Y575	Q9WV72	1	1
OtO	Q9Y576	Q9WV74	1	1
OtO	Q9Y577	Q7TPM3	1	1
OtO	Q9Y580	Q9CQT2	1	1
OtO	Q9Y581	Q9QY05	1	1
OtO	Q9Y584	Q9CQ85	1	1
OtO	Q9Y586	Q8BPP1	1	1
OtO	Q9Y587	Q9WVL1	1	1
OtO	Q9Y592	Q9D5R3	2	1
OtO	Q9Y597	Q8BFX3	1	1
OtO	Q9Y5A6	Q07231	1	1
OtO	Q9Y5A7	P54729	1	1
OtO	Q9Y5A9	Q91YT7	1	1
OtO	Q9Y5B0	Q7TSG2	1	1
OtO	Q9Y5B6	P58501	1	1
OtO	Q9Y5B8	Q9QXL8	1	1
OtO	Q9Y5B9	Q920B9	1	1
OtO	Q9Y5C1	Q9R182	1	1
OtO	Q9Y5E2	Q91Y04	7	1
OtO	Q9Y5E3	Q91Y06	17	1
OtO	Q9Y5E8	Q91XZ8	3	1
OtO	Q9Y5E9	Q91XZ9	1	1
OtO	Q9Y5F3	Q91Y08	1	1
OtO	Q9Y5F6	Q91XW9	1	1
OtO	Q9Y5F7	Q91XX0	1	1
OtO	Q9Y5F8	Q91XX3	2	1
OtO	Q9Y5F9	Q91XX4	1	1
OtO	Q9Y5G2	Q91XX7	1	1
OtO	Q9Y5G3	Q91XX8	1	1
OtO	Q9Y5G4	Q91XX9	2	1
OtO	Q9Y5G5	Q91XY0	4	1
OtO	Q9Y5G6	Q6DD96	1	1
OtO	Q9Y5G7	Q91XY2	22	1
OtO	Q9Y5G8	Q91XY3	9	1
OtO	Q9Y5G9	Q91XY4	4	1
OtO	Q9Y5H0	Q91XY5	1	1
OtO	Q9Y5H1	Q91XY6	1	1
OtO	Q9Y5H2	Q91XY8	1	1
OtO	Q9Y5H3	Q91XY9	1	1
OtO	Q9Y5H7	Q91Y15	10	1
OtO	Q9Y5H8	Q91Y16	6	1
OtO	Q9Y5H9	Q91Y17	1	1
OtO	Q9Y5I0	Q91Y18	4	1
OtO	Q9Y5I1	Q91Y19	4	1
OtO	Q9Y5I2	Q91Y11	10	1
OtO	Q9Y5I3	Q91Y21	8	1
OtO	Q9Y5I4	Q91Y09	1	1
OtO	Q9Y5I7	Q925N4	1	1
OtO	Q9Y5J1	Q5SSI6	1	1
OtO	Q9Y5J3	Q9WV93	1	1
OtO	Q9Y5J5	Q9WV95	1	1
OtO	Q9Y5J6	Q9WV96	1	1
OtO	Q9Y5J7	Q9WV98	1	1
OtO	Q9Y5J9	P62077	1	1
OtO	Q9Y5K1	Q9WTK8	1	1
OtO	Q9Y5K2	Q9Z0M1	1	1
OtO	Q9Y5K3	Q811Q9	1	1
OtO	Q9Y5K5	Q9WUP7	1	1
OtO	Q9Y5K6	Q9JLQ0	1	1
OtO	Q9Y5K8	P57746	1	1
OtO	Q9Y5L0	Q6P2B1	1	1
OtO	Q9Y5L2	Q9JLS0	1	1
OtO	Q9Y5L3	O55026	1	1
OtO	Q9Y5L4	P62075	1	1
OtO	Q9Y5L5	Q9WVB6	1	1
OtO	Q9Y5M8	P47758	1	1
OtO	Q9Y5N1	P58406	1	1
OtO	Q9Y5N5	Q6SKR2	1	1
OtO	Q9Y5N6	Q9WUJ8	1	1
OtO	Q9Y5P3	Q9QVY8	1	1
OtO	Q9Y5P4	Q9EQG9	1	1
OtO	Q9Y5P6	Q8BTZ7	1	1
OtO	Q9Y5Q0	Q9JJE7	1	1
OtO	Q9Y5Q3	P54841	1	1
OtO	Q9Y5Q5	Q9Z319	1	1
OtO	Q9Y5Q6	Q9WUG6	1	1
OtO	Q9Y5Q8	Q8R2T8	1	1
OtO	Q9Y5Q9	Q3TMP1	1	1
OtO	Q9Y5R2	Q9R0S2	1	1
OtO	Q9Y5R4	Q921L7	1	1
OtO	Q9Y5R5	Q8BG36	1	1
OtO	Q9Y5R6	Q9QZ59	1	1
OtO	Q9Y5R8	Q5NCF2	1	1
OtO	Q9Y5S1	Q9WTR1	1	1
OtO	Q9Y5S2	Q7TT50	1	1
OtO	Q9Y5S8	Q8CIZ9	2	1
OtO	Q9Y5S9	Q9CWZ3	1	1
OtO	Q9Y5T4	Q78YY6	1	1
OtO	Q9Y5T5	Q99LG0	1	1
OtO	Q9Y5U2	Q9JHE7	1	1
OtO	Q9Y5U4	Q91WG1	1	1
OtO	Q9Y5U5	O35714	2	1
OtO	Q9Y5U8	P63030	1	1
OtO	Q9Y5U9	Q9CR20	1	1
OtO	Q9Y5V0	Q9D115	1	1
OtO	Q9Y5V3	Q9QYH6	1	1
OtO	Q9Y5W3	Q60843	1	1
OtO	Q9Y5W5	Q9WUA1	1	1
OtO	Q9Y5W7	Q8BHY8	1	1
OtO	Q9Y5W8	Q6PHS6	1	1
OtO	Q9Y5W9	Q91WL6	1	1
OtO	Q9Y5X0	Q9CWT3	1	1
OtO	Q9Y5X1	Q91VH2	1	1
OtO	Q9Y5X2	Q8CFD4	1	1
OtO	Q9Y5X3	Q9D8U8	1	1
OtO	Q9Y5X4	Q9QXZ7	1	1
OtO	Q9Y5X5	Q924H0	1	1
OtO	Q9Y5X9	Q9WVG5	1	1
OtO	Q9Y5Y0	B2RXV4	1	1
OtO	Q9Y5Y2	Q9R061	1	1
OtO	Q9Y5Y3	Q9EQQ4	1	1
OtO	Q9Y5Y4	Q9Z2J6	1	1
OtO	Q9Y5Y5	Q91XC9	1	1
OtO	Q9Y5Y6	P56677	1	1
OtO	Q9Y5Y7	Q8BHC0	1	1
OtO	Q9Y5Y9	Q6QIY3	1	1
OtO	Q9Y5Z0	Q9JL18	1	1
OtO	Q9Y5Z4	Q9WU63	1	1
OtO	Q9Y5Z6	O54904	1	1
OtO	Q9Y5Z7	Q9D968	1	1
OtO	Q9Y5Z9	Q9DC60	1	1
OtO	Q9Y600	Q9DBE0	1	1
OtO	Q9Y606	Q9WU56	1	1
OtO	Q9Y608	Q91WK0	1	1
OtO	Q9Y613	Q6P9Q4	1	1
OtO	Q9Y614	Q9QY83	1	1
OtO	Q9Y615	Q9QY84	1	1
OtO	Q9Y616	Q8K4B2	1	1
OtO	Q9Y617	Q99K85	1	1
OtO	Q9Y618	Q9WU42	1	1
OtO	Q9Y619	Q9WVD5	1	1
OtO	Q9Y620	Q6PFE3	1	1
OtO	Q9Y623	Q5SX39	4	1
OtO	Q9Y624	O88792	1	1
OtO	Q9Y625	Q9R087	1	1
OtO	Q9Y639	P97300	1	1
OtO	Q9Y644	O09009	1	1
OtO	Q9Y646	Q9WVJ3	1	1
OtO	Q9Y651	Q811W0	1	1
OtO	Q9Y653	Q8K209	1	1
OtO	Q9Y657	Q61142	1	1
OtO	Q9Y661	D3YVV6	1	1
OtO	Q9Y662	Q9QZS6	1	1
OtO	Q9Y663	Q8BKN6	1	1
OtO	Q9Y664	Q8VCX6	1	1
OtO	Q9Y666	Q9WVL3	1	1
OtO	Q9Y672	Q3TAE8	1	1
OtO	Q9Y673	Q9DB25	1	1
OtO	Q9Y675	Q9WU12	1	1
OtO	Q9Y676	Q99N84	1	1
OtO	Q9Y678	Q9QZE5	1	1
OtO	Q9Y679	P70295	1	1
OtO	Q9Y680	O54998	1	1
OtO	Q9Y689	Q80ZU0	1	1
OtO	Q9Y691	Q9CZM9	1	1
OtO	Q9Y692	Q9JL60	1	1
OtO	Q9Y693	Q8BM86	1	1
OtO	Q9Y694	Q91WU2	1	1
OtO	Q9Y696	Q9QYB1	1	1
OtO	Q9Y697	Q9Z1J3	1	1
OtO	Q9Y698	O88602	1	1
OtO	Q9Y6A1	Q8R2R1	1	1
OtO	Q9Y6A2	Q9WVK8	1	1
OtO	Q9Y6A4	Q8BTU1	1	1
OtO	Q9Y6A5	Q9JJ11	153	1
OtO	Q9Y6A9	Q9D958	1	1
OtO	Q9Y6B2	Q9DCR4	1	1
OtO	Q9Y6B6	Q9CQC9	1	1
OtO	Q9Y6B7	Q9WV76	1	1
OtO	Q9Y6C2	Q99K41	1	1
OtO	Q9Y6C5	O35595	1	1
OtO	Q9Y6C9	Q791V5	1	1
OtO	Q9Y6D0	Q9JLJ1	1	1
OtO	Q9Y6D5	A2A5R2	1	1
OtO	Q9Y6D6	G3X9K3	1	1
OtO	Q9Y6D9	Q9WTX8	1	1
OtO	Q9Y6E0	Q99KH8	1	1
OtO	Q9Y6E2	Q91VK1	1	1
OtO	Q9Y6E7	Q8R216	1	1
OtO	Q9Y6F1	Q3ULW8	1	1
OtO	Q9Y6F6	Q9WUX5	1	1
OtO	Q9Y6F9	P22727	1	1
OtO	Q9Y6G1	P56983	1	1
OtO	Q9Y6G3	Q9CPV3	1	1
OtO	Q9Y6G5	Q8JZY2	1	1
OtO	Q9Y6G9	Q8R1Q8	1	1
OtO	Q9Y6H1	Q9D1L0	1	1
OtO	Q9Y6H3	Q9CWQ3	760	1
OtO	Q9Y6H5	Q99ME3	1	1
OtO	Q9Y6H6	Q9WTW2	1	1
OtO	Q9Y6H8	Q64448	1	1
OtO	Q9Y6I3	Q80VP1	1	1
OtO	Q9Y6I4	Q91W36	1	1
OtO	Q9Y6I7	O54927	1	1
OtO	Q9Y6I8	Q9JJW0	1	1
OtO	Q9Y6I9	E9Q137	1	1
OtO	Q9Y6J0	G3X8Q1	1	1
OtO	Q9Y6J6	Q9D808	1	1
OtO	Q9Y6J8	Q9DAR2	1	1
OtO	Q9Y6J9	Q8R2K4	1	1
OtO	Q9Y6K0	Q8BGS7	1	1
OtO	Q9Y6K1	O88508	1	1
OtO	Q9Y6K5	Q8VI93	1	1
OtO	Q9Y6K8	Q920P5	1	1
OtO	Q9Y6K9	O88522	1	1
OtO	Q9Y6L7	Q9WVM6	1	1
OtO	Q9Y6M0	Q9JHJ7	3	1
OtO	Q9Y6M1	Q5SF07	1	1
OtO	Q9Y6M4	Q8C4X2	1	1
OtO	Q9Y6M5	Q60738	1	1
OtO	Q9Y6M9	Q9CQJ8	1	1
OtO	Q9Y6N1	Q6P8I6	1	1
OtO	Q9Y6N5	Q9R112	1	1
OtO	Q9Y6N6	Q9R0B6	1	1
OtO	Q9Y6N7	O89026	1	1
OtO	Q9Y6N8	P70408	1	1
OtO	Q9Y6N9	Q9ES64	5043	1
OtO	Q9Y6P5	P58006	1	1
OtO	Q9Y6Q1	O35646	1	1
OtO	Q9Y6Q2	Q8CDJ8	1	1
OtO	Q9Y6Q3	P17141	1	1
OtO	Q9Y6Q5	Q9WVP1	1	1
OtO	Q9Y6Q6	O35305	1	1
OtO	Q9Y6Q9	O09000	2	1
OtO	Q9Y6R0	O08919	1	1
OtO	Q9Y6R1	O88343	1	1
OtO	Q9Y6R4	O08648	1	1
OtO	Q9Y6R9	Q3UJV1	1	1
OtO	Q9Y6S9	Q8R2S1	1	1
OtO	Q9Y6T7	Q6NS52	1	1
OtO	Q9Y6U3	Q60604	1	1
OtO	Q9Y6U7	Q5SPX3	1	1
OtO	Q9Y6V0	Q9QYX7	1	1
OtO	Q9Y6V7	Q4FZF3	1	1
OtO	Q9Y6W3	Q9R1S8	1	1
OtO	Q9Y6W5	Q8BH43	1	1
OtO	Q9Y6W6	Q9ESS0	1	1
OtO	Q9Y6W8	Q9WVS0	1	1
OtO	Q9Y6X0	Q9Z180	1	1
OtO	Q9Y6X1	Q9Z1W5	1	1
OtO	Q9Y6X2	O54714	1	1
OtO	Q9Y6X3	Q9D2X5	1	1
OtO	Q9Y6X4	Q5XG69	1	1
OtO	Q9Y6X5	Q8BTJ4	1	1
OtO	Q9Y6X8	Q8C0C0	1	1
OtO	Q9Y6X9	Q69ZX6	1	1
OtO	Q9Y6Y0	Q920Q8	1	1
OtO	Q9Y6Y1	A2A891	1	1
OtO	Q9Y6Y8	Q6NZC7	1	1
OtO	Q9Y6Y9	Q9JHF9	1	1
OtO	Q9Y6Z7	Q8CF98	1	1
OtO	U3KPV4	Q3V1N9	1	1
OtO	V9GZ13	A0A2I3BRA8	1	1
OtO	W5XKT8	E9Q8Q8	1	1
OtO	A0A075B6H9	A0A0B4J1K5	1	1
OtO	A0A075B6L2	A0A0B4J1J8	1	1
OtO	A0A075B6W1	A0A0G2JFW2	1	1
OtO	A0A075B6W3	A0A0G2JDY8	1	1
OtO	A0A075B6W9	A0A0G2JGM9	1	1
OtO	A0A087WT02	A0A075B603	7	1
OtO	A0A087WTH1	E9Q8G3	1	1
OtO	A0A087WWA1	B1AUF7	1	1
OtO	A0A087WXM9	Q5F2C3	1	1
OtO	A0A087WZ39	A0A140T8P8	13	1
OtO	A0A096LP01	Q3V460	1	1
OtO	A0A096LP49	Q8C5V8	1	1
OtO	A0A0B4J1T7	Q8K1T6	1	1
OtO	A0A0B4J240	A0A0B4J1J9	1	1
OtO	A0A0B4J263	A0A0G2JG17	86	1
OtO	A0A0B4J265	A0A075B6C4	1	1
OtO	A0A0B4J268	Q5R1I9	1	1
OtO	A0A0B4J2F0	A0A5F8MPY0	1	1
OtO	A0A0D9SF12	A2AGD7	2779	1
OtO	A0A0J9YXV3	A0A0J9YVH6	1	1
OtO	A0A0U1RQF7	A0A2I3BPW5	2	1
OtO	A0A0U1RQG5	A2A3U9	5	1
OtO	A0A0U1RQS6	A0A0U1RQ45	1	1
OtO	A0A0U1RR37	A0A0U1RNT7	1	1
OtO	A0A0U1RRA0	A0A0U1RNU5	1	1
OtO	A0A0U1RRE5	A0A0N4SUI7	1	1
OtO	A0A0U1RRK4	G3UW55	1	1
OtO	A0A0U1RRL7	A0A0N4SW31	1	1
OtO	A0A0U1RRN3	Q8C5Y2	1	1
OtO	A0A140TA62	Q9D646	6	1
OtO	A0A183	D3YV94	2	1
OtO	A0A1B0GTB2	A0A1B0GQX2	1	1
OtO	A0A1B0GTC6	A0A1D5RM98	2	1
OtO	A0A1B0GTD5	Q8CDT5	13	1
OtO	A0A1B0GTH6	Q8CH19	1	1
OtO	A0A1B0GTH9	Q9D2T6	1	1
OtO	A0A1B0GTI1	A0A1B0GS61	294	1
OtO	A0A1B0GTK4	A0A1Z4VJI9	154	1
OtO	A0A1B0GTL2	A0A140LIA7	1	1
OtO	A0A1B0GTQ4	Q2Q5T5	1	1
OtO	A0A1B0GTR0	E9Q7F5	1	1
OtO	A0A1B0GTU2	A0A1B0GST9	1	1
OtO	A0A1B0GTW7	A0A286YEC0	1	1
OtO	A0A1B0GTY4	Q9D5B7	1	1
OtO	A0A1B0GU71	G3UW36	1	1
OtO	A0A1B0GUA5	A0A1B0GSF6	1	1
OtO	A0A1B0GUA6	A0A1B0GSP6	102	1
OtO	A0A1B0GUA7	A0A140LIV7	2	1
OtO	A0A1B0GUC4	Q3UWS6	4	1
OtO	A0A1B0GUI7	A0A1B0GRB6	15	1
OtO	A0A1B0GUJ8	A0A1B0GT27	1	1
OtO	A0A1B0GUS0	A0A1B0GS00	1	1
OtO	A0A1B0GUT2	Q9CX25	1	1
OtO	A0A1B0GUV1	A0A1B0GT39	1	1
OtO	A0A1B0GUV7	Q9DA81	1	1
OtO	A0A1B0GUV8	A0A1B0GSM6	1	1
OtO	A0A1B0GUW6	A0A1B0GT45	1	1
OtO	A0A1B0GUW7	A0A140LHV9	3	1
OtO	A0A1B0GUX0	B9EJX3	1	1
OtO	A0A1B0GUY1	A0A1D5RLC8	1	1
OtO	A0A1B0GUZ9	A0A1D5RM44	1	1
OtO	A0A1B0GV90	A0A1B0GQX3	1	1
OtO	A0A1B0GV96	A0A1B0GSF9	1	1
OtO	A0A1B0GVD1	Q3UQ24	2	1
OtO	A0A1B0GVG4	A0A140LIT1	1	1
OtO	A0A1B0GVG6	G3UW99	1	1
OtO	A0A1B0GVH4	A0A286YDY8	579	1
OtO	A0A1B0GVH6	A0A140LJ24	1	1
OtO	A0A1B0GVH7	Q149I8	1	1
OtO	A0A1B0GVK7	J3QNP9	1	1
OtO	A0A1B0GVM6	Q9DAE7	10	1
OtO	A0A1B0GVN3	A0A140LIP3	1	1
OtO	A0A1B0GVQ0	A0A1B0GSZ0	1	1
OtO	A0A1B0GVQ3	A0A1B0GSX1	1	1
OtO	A0A1B0GVS7	B2RVL9	1	1
OtO	A0A1B0GVT2	A0A1B0GRQ0	1	1
OtO	A0A1B0GVV1	E9Q2Z6	1	1
OtO	A0A1B0GVX0	A0A0J9YTU8	1	1
OtO	A0A1B0GVY2	Q8BUR5	1	1
OtO	A0A1B0GVY4	Q3V2G4	1	1
OtO	A0A1B0GVZ2	J3QMB3	1	1
OtO	A0A1B0GVZ9	Q9D4Y8	1	1
OtO	A0A1B0GW15	A0A286YCQ8	1	1
OtO	A0A1B0GW35	B9EK06	1	1
OtO	A0A1B0GW54	A0A1B0GST8	1	1
OtO	A0A1B0GW64	Q3TS39	2	1
OtO	A0A1B0GWB2	A0A140LJJ2	1	1
OtO	A0A1B0GWG4	A0A1B0GSN8	1	1
OtO	A0A1B0GX68	A0A0A6YYE2	1	1
OtO	A0A1W2PP97	A0A1L1STL9	1	1
OtO	A0A1W2PPF3	Q7TNE6	1	1
OtO	A0A1W2PPG7	B2RVA4	17768	1
OtO	A0A1W2PQ72	Q3UDN3	1	1
OtO	A0A1W2PQ73	A0A140LIR9	1	1
OtO	A0A1W2PQU2	A0A1W2P7I0	1	1
OtO	A0A1W2PR48	A0A1W2P7S4	1	1
OtO	A0A1W2PR82	A0A286YDK6	1	1
OtO	A0A1W2PRP0	J3QP53	1	1
OtO	A0A1W2PS18	Q8CES1	1128	1
OtO	A0A286YEU6	Q8VFY0	10	1
OtO	A0A286YF18	A0A1Y7VJ29	1	1
OtO	A0A286YF58	A0A1Y7VLQ2	1	1
OtO	A0A286YFK9	A0A1L1SR87	1	1
OtO	A0A2R8Y4L6	A0A2I3BPX0	5	1
OtO	A0A2R8Y4M2	A0A0G2JFF0	1	1
OtO	A0A2R8Y556	A0A2I3BR05	1	1
OtO	A0A2R8Y7D0	A0A1B0GRQ3	1	1
OtO	A0A2R8Y7Y5	J3QMQ6	2	1
OtO	A0A2R8YED5	A0A286YDM5	6	1
OtO	A0A2R8YEH3	Q8VFS3	6	1
OtO	A0A494BZU2	A0A494B999	1	1
OtO	A0A494BZU4	E9PWY5	1	1
OtO	A0A494C0I6	A0A494B9I6	1	1
OtO	A0A576	A0A075B5I2	1	1
OtO	A0A5F9ZHS7	A0A5F8MPM5	17	1
OtO	A0A669KB60	A0A668KLB6	1	1
OtO	A0A6I8PU40	A0A6I8MX38	1	1
OtO	A0A7P0TBJ1	A0A804C8T0	1	1
OtO	A0A8I5KY20	Q5SUE3	1	1
OtO	A0A8V8TPW1	A0A8V5KY98	1	1
OtO	A0AUZ9	Q5DTI6	1	1
OtO	A0AV02	Q8VI23	1	1
OtO	A0AV96	Q91WT8	1	1
OtO	A0AVF1	Q8BS45	1	1
OtO	A0AVI2	P0DM40	1	1
OtO	A0AVI4	Q8K304	1	1
OtO	A0AVK6	Q58FA4	1	1
OtO	A0AVT1	Q8C7R4	1	1
OtO	A0FGR8	Q3TZZ7	1	1
OtO	A0FGR9	Q5DTI8	1	1
OtO	A0JD36	Q5R1A3	7	1
OtO	A0JD37	A0A075B661	1	1
OtO	A0JLT2	Q8C1S0	1	1
OtO	A0JNW5	A2RSJ4	1	1
OtO	A0MZ66	Q8K2Q9	1	1
OtO	A0PG75	J3QM92	1	1
OtO	A0PJK1	Q5SWY8	1	1
OtO	A0PJW6	Q9CQE2	1	1
OtO	A0PJW8	Q9D757	1	1
OtO	A0PJX0	Q9D9N5	1	1
OtO	A0PJX2	A2ACG1	1	1
OtO	A0PJX4	Q3UPR0	1	1
OtO	A0PJX8	Q8R115	1	1
OtO	A0PJY2	Q0VDQ9	1	1
OtO	A0PJZ3	Q810K9	1	1
OtO	A0PK00	Q3TA38	1	1
OtO	A0PK05	Q8C3K5	1	1
OtO	A0PK11	B2RVW2	1	1
OtO	A1A4G5	A0A1B0GSK3	1	1
OtO	A1A4S6	Q6Y5D8	1	1
OtO	A1A4V9	Q6NZQ0	1	1
OtO	A1A519	Q66LM6	1	1
OtO	A1A5B4	P86044	2	1
OtO	A1A5C7	Q3UHH2	1	1
OtO	A1A5D9	Q8CHW5	1	1
OtO	A1E959	A1E960	1	1
OtO	A1IGU5	A1IGU4	1	1
OtO	A1KXE4	Q80XQ8	1	1
OtO	A1L020	G3UYU0	1	1
OtO	A1L0T0	Q8BU33	1	1
OtO	A1L157	Q9D1D1	1	1
OtO	A1L167	A0PJN4	1	1
OtO	A1L168	A0A571BEE7	1	1
OtO	A1L170	J3QNH8	1	1
OtO	A1L188	A2AMZ4	1	1
OtO	A1L190	B5KM66	1	1
OtO	A1L1A6	B2RTN2	1	1
OtO	A1L390	Q4VAC9	1	1
OtO	A1L3X0	Q9D2Y9	1	1
OtO	A1L453	Q3UKY7	6	1
OtO	A1L4H1	Q8BV57	1	1
OtO	A1L4K1	Q8BZ52	1	1
OtO	A1L4L8	Q08EJ0	1	1
OtO	A1X283	A2AAY5	1	1
OtO	A1XBS5	Q8BP22	1	1
OtO	A1YPR0	Q8VCZ7	1	1
OtO	A1Z1Q3	Q3UYG8	1	1
OtO	A2A288	Q8BIY3	5	1
OtO	A2A2V5	Q8CD78	1	1
OtO	A2A2Y4	Q8BHD4	1	1
OtO	A2A368	Q9CWV4	17	1
OtO	A2A3K4	Q6NZK8	1	1
OtO	A2A3L6	Q8BYG0	1	1
OtO	A2AJT9	A2AG58	1	1
OtO	A2CJ06	A2CI98	1	1
OtO	A2IDD5	D3Z5T1	1	1
OtO	A2PYH4	D3Z4R1	1	1
OtO	A2RRH5	Q8C5V5	1	1
OtO	A2RRL7	Q08EA8	1	1
OtO	A2RRP1	E9Q411	1	1
OtO	A2RTX5	Q8BLY2	1	1
OtO	A2RTY3	Q5QNV8	1	1
OtO	A2RU14	Q9CQ44	1	1
OtO	A2RU30	Q3U132	1	1
OtO	A2RU48	Q8BQM7	1	1
OtO	A2RU49	Q5U5V2	1	1
OtO	A2RU54	P43687	1	1
OtO	A2RU67	Q8BYI8	1	1
OtO	A2RUB1	A2AG06	1	1
OtO	A2RUB6	Q6NS45	1	1
OtO	A2RUC4	A2RSX7	1	1
OtO	A2RUH7	Q5FW53	1	1
OtO	A2RUS2	A2RT67	1	1
OtO	A2RUT3	Q9DA04	49	1
OtO	A2VCK2	J3KML0	1	1
OtO	A2VDF0	Q8R2K1	1	1
OtO	A2VDJ0	Q3U3D7	1	1
OtO	A2VEC9	Q8CG65	1	1
OtO	A3KMH1	Q8CC88	1	1
OtO	A3KN83	Q689Z5	1	1
OtO	A4D0T7	F2Z3Y9	1	1
OtO	A4D0V7	B2RX70	1	1
OtO	A4D126	Q5RJG7	1	1
OtO	A4D161	Q8C790	1	1
OtO	A4D1B5	Q3TCV3	1	1
OtO	A4D1E1	A0A0G2JGH6	1	1
OtO	A4D1E9	Q8K013	1	1
OtO	A4D1F6	Q8C0R9	1	1
OtO	A4D1P6	Q7TMQ7	1	1
OtO	A4D1S0	Q3UM83	1	1
OtO	A4D1S5	P35294	1	1
OtO	A4D1T9	Q9DAA4	1	1
OtO	A4D1U4	Q3UHG7	1	1
OtO	A4D1Z8	Q9D1U0	1	1
OtO	A4D263	Q5NC83	1	1
OtO	A4D2B0	Q8BWY4	1	1
OtO	A4D2P6	Q0QWG9	1	1
OtO	A4FU01	Q3V1L6	1	1
OtO	A4FU49	Q7TSG5	1	1
OtO	A4FU69	A0JP43	1	1
OtO	A4GXA9	Q56A04	1	1
OtO	A4IF30	Q8BZK4	1	1
OtO	A4QMS7	Q9DAR0	6	1
OtO	A4UGR9	Q4U4S6	1	1
OtO	A5D6W6	Q91V79	1	1
OtO	A5D8V6	Q8R105	1	1
OtO	A5D8V7	Q8BSN3	1	1
OtO	A5D8W1	Q8BH53	1	1
OtO	A5LHX3	Q8BG41	1	1
OtO	A5PKW4	Q5DTT2	1	1
OtO	A5PL33	Q6NXZ1	1	1
OtO	A5PLK6	H3BL40	1	1
OtO	A5PLL1	Q3UUF8	1	1
OtO	A5PLL7	Q99LQ7	1	1
OtO	A5PLN7	Q8CFV2	2	1
OtO	A5PLN9	Q3TIR1	1	1
OtO	A5YKK6	Q6ZQ08	1	1
OtO	A5YM72	Q6ZPS2	1	1
OtO	A6BM72	Q80T91	1	1
OtO	A6H8M9	H3BJZ2	1	1
OtO	A6H8Y1	Q571C7	1	1
OtO	A6H8Z2	Q8C627	1	1
OtO	A6NC05	Q9CWB7	13603	1
OtO	A6NC51	Q8R218	1	1
OtO	A6NC86	Q9CQD7	1	1
OtO	A6NC98	Q4QRL3	1	1
OtO	A6NCI4	Q3UVV9	1	1
OtO	A6NCJ1	A6H6Q4	1	1
OtO	A6NCL1	Q3URY2	1	1
OtO	A6NCL2	Q3URS3	1	1
OtO	A6NCL7	Q3U0L2	1	1
OtO	A6NCM1	A6H690	1	1
OtO	A6NCN8	Q3TTI8	6	1
OtO	A6NCQ9	Q8CEF8	1	1
OtO	A6NCS4	P43688	27	1
OtO	A6NCS6	Q9CYS6	1	1
OtO	A6NCV1	Q8VG45	4	1
OtO	A6ND01	Q9EQF4	1	1
OtO	A6ND36	Q5SWY7	1	1
OtO	A6ND91	Q9DCQ2	1	1
OtO	A6NDA9	Q6PFC5	1	1
OtO	A6NDB9	A2TJV2	1	1
OtO	A6NDD5	Q3USQ7	1	1
OtO	A6NDG6	Q8CHP8	1	1
OtO	A6NDL7	Q8CDZ2	1	1
OtO	A6NDL8	Q8VEU0	3	1
OtO	A6NDP7	Q08AU7	1	1
OtO	A6NDU8	Q8BR90	1	1
OtO	A6NDV4	B1AWJ5	1	1
OtO	A6NDY0	Q5XFR0	1	1
OtO	A6NE01	Q9D9R9	2816	1
OtO	A6NE02	Q9DB72	1	1
OtO	A6NE52	A0A140LHH9	2	1
OtO	A6NED2	Q8BTU7	1	1
OtO	A6NEE1	B2RPU2	1	1
OtO	A6NEH6	Q497K7	1	1
OtO	A6NEK1	Q497K5	1	1
OtO	A6NEL2	Q8BZW2	1	1
OtO	A6NEN9	Q3V2K1	1	1
OtO	A6NEQ2	Q80VF6	1	1
OtO	A6NES4	D3Z750	1	1
OtO	A6NET4	Q8VGQ6	47	1
OtO	A6NEY8	Q9D820	1	1
OtO	A6NF34	Q8BVM2	1	1
OtO	A6NF36	Q9D9C6	1	1
OtO	A6NF83	Q497P3	3	1
OtO	A6NFA0	Q80YD3	115	1
OtO	A6NFA1	B1ATG9	1	1
OtO	A6NFC5	B1AQL3	1	1
OtO	A6NFD8	Q7TS99	1	1
OtO	A6NFE2	Q9DA21	1	1
OtO	A6NFE3	Q9D581	1	1
OtO	A6NFH5	Q9DAK4	1	1
OtO	A6NFI3	Q6PGE4	1	1
OtO	A6NFK2	Q3TYR5	1	1
OtO	A6NFN3	Q8BIF2	1	1
OtO	A6NFN9	Q3UUE9	245	1
OtO	A6NFT4	J3QPZ5	101	1
OtO	A6NFU0	Q9D3R5	1	1
OtO	A6NFU8	Q9CWB5	1	1
OtO	A6NFX1	Q3T9M1	1	1
OtO	A6NFY4	Q8CB65	1	1
OtO	A6NFY7	Q3U276	1	1
OtO	A6NG13	Q9D4R2	1	1
OtO	A6NGA9	Q80W35	1	1
OtO	A6NGB7	Q8K071	1	1
OtO	A6NGB9	P0C7L0	1	1
OtO	A6NGC4	Q8VC26	7	1
OtO	A6NGE7	Q283N4	1	1
OtO	A6NGG8	Q6PAC4	1	1
OtO	A6NGH7	Q3UYG1	5	1
OtO	A6NGH8	Q9CQM6	1	1
OtO	A6NGN9	Q8HW98	1	1
OtO	A6NGQ2	Q9CWE6	1	1
OtO	A6NGR9	V9GX81	1	1
OtO	A6NGS2	Q3UNU4	1	1
OtO	A6NGY3	Q9CR34	8	1
OtO	A6NGZ8	Q3V0X1	93	1
OtO	A6NH11	Q8K0R6	1	1
OtO	A6NH21	Q5XK03	1	1
OtO	A6NH52	Q6NVH0	1	1
OtO	A6NH57	Q6P068	5	1
OtO	A6NHA9	Q8VGN6	2	1
OtO	A6NHC0	Q91VA3	1	1
OtO	A6NHL2	Q3UX10	1	1
OtO	A6NHM9	Q7TT41	1	1
OtO	A6NHN0	Q4ZJM7	1	1
OtO	A6NHQ2	Q80WS3	1	1
OtO	A6NHQ4	Q7TNS8	1	1
OtO	A6NHR9	Q6P5D8	1	1
OtO	A6NHS7	Q3UU94	2	1
OtO	A6NHT5	P42581	1	1
OtO	A6NHX0	Q8CAB8	1	1
OtO	A6NHY2	Q14DN9	1	1
OtO	A6NHZ5	Q3UJB3	1	1
OtO	A6NI15	Q9JK54	1	1
OtO	A6NI28	B2RQE8	1	1
OtO	A6NI56	Q6RUT8	1	1
OtO	A6NI61	Q9D1N4	1	1
OtO	A6NI73	D3Z7A9	13	1
OtO	A6NI79	Q3TCJ8	10154	1
OtO	A6NI87	Q9CVN6	1	1
OtO	A6NIE9	Q99MS4	20	1
OtO	A6NIH7	Q8C4B4	1	1
OtO	A6NIK2	G3XA50	1	1
OtO	A6NIM6	Q8CBB2	1	1
OtO	A6NIN4	Q9DCB3	1	1
OtO	A6NIV6	A6H6A4	1	1
OtO	A6NIX2	Q7TQJ8	1	1
OtO	A6NJ46	Q3UHX8	1	1
OtO	A6NJ69	A0A1B0GR74	1	1
OtO	A6NJ78	Q9DCL4	1	1
OtO	A6NJB7	B2RW88	1	1
OtO	A6NJG2	Q8BY98	3	1
OtO	A6NJI1	Q8VC23	1	1
OtO	A6NJI9	A0A1Y7VMI0	1	1
OtO	A6NJJ6	Q8CF25	1	1
OtO	A6NJT0	O08934	1	1
OtO	A6NJV1	Q9DAS2	1	1
OtO	A6NJW4	A0A1B0GRI5	1	1
OtO	A6NJZ3	Q8VGI8	1	1
OtO	A6NK02	Q3UWZ0	3	1
OtO	A6NK06	P54987	1	1
OtO	A6NK44	Q9D8I3	1	1
OtO	A6NK58	Q9D009	1	1
OtO	A6NK59	Q8C6Y6	1	1
OtO	A6NK89	Q8BL43	1	1
OtO	A6NK97	Q80UJ1	1	1
OtO	A6NKB5	Q5DU28	1	1
OtO	A6NKC9	Q8BI17	1	1
OtO	A6NKD9	E9Q6B2	1	1
OtO	A6NKF1	A6H687	1	1
OtO	A6NKF2	A6PWV5	1	1
OtO	A6NKF7	Q3TYP4	1	1
OtO	A6NKG5	Q7M732	7	1
OtO	A6NKL6	J3QK46	1	1
OtO	A6NKN8	Q6W8Q3	1	1
OtO	A6NKP2	A0A140LI11	1	1
OtO	A6NKW6	Q9D1Y9	1	1
OtO	A6NL08	Q7TRI0	1	1
OtO	A6NL26	Q8VFX2	8	1
OtO	A6NL88	Q8C3Q5	1	1
OtO	A6NLC5	Q6GQU0	1	1
OtO	A6NLE4	Q9DAL0	1	1
OtO	A6NLP5	Q8VBW8	1	1
OtO	A6NLU5	Q9JME9	1	1
OtO	A6NLX4	Q9D2F0	1	1
OtO	A6NM28	Q62396	64	1
OtO	A6NM36	Q3UV48	1	1
OtO	A6NMA1	Q3UHV4	1	1
OtO	A6NMB9	J3QK54	1	1
OtO	A6NMD0	Q8BR26	1	1
OtO	A6NMK8	Q6GQV1	1	1
OtO	A6NML5	Q8C6V3	1	1
OtO	A6NMN3	E9PXT9	8	1
OtO	A6NMT0	P52950	1	1
OtO	A6NMX2	Q3UTA9	58	1
OtO	A6NMZ2	Q8C9X1	1	1
OtO	A6NMZ7	Q8C6K9	1	1
OtO	A6NN90	Q9DAQ4	1	1
OtO	A6NN92	Q9CX92	1	1
OtO	A6NNA2	Q80WV7	1	1
OtO	A6NNA5	Q8BYH0	1	1
OtO	A6NNB3	O88728	1	1
OtO	A6NNE9	Q8CBH7	1	1
OtO	A6NNL5	Q0VG49	1	1
OtO	A6NNM8	A4Q9F6	1	1
OtO	A6NNN8	Q5HZH7	1	1
OtO	A6NNP5	Q8BXX9	1	1
OtO	A6NNS2	Q8CHS7	1	1
OtO	A6NNT2	E9QMW4	1	1
OtO	A6NNW6	Q8C042	1	1
OtO	A6NNX1	Q3KNY5	436	1
OtO	A6NNY8	Q8CEG8	1	1
OtO	A6NP61	C3VD30	3	1
OtO	A6PVC2	A4Q9F1	13	1
OtO	A6PVL3	Q307W7	1	1
OtO	A6PVS8	Q14DL3	1	1
OtO	A6QL63	Q6GQW0	1	1
OtO	A6XGL0	F6W8I0	1	1
OtO	A7E2U8	Q3U1D9	1	1
OtO	A7E2V4	Q3UHH1	1	1
OtO	A7E2Y1	A2AQP0	1	1
OtO	A7KAX9	Q811P8	1	1
OtO	A7MBM2	Q8CIP5	1	1
OtO	A7MCY6	A2A9T0	1	1
OtO	A7MD48	Q8BKA3	1	1
OtO	A7XYQ1	Q0P5V2	1	1
OtO	A8K0R7	E9PUU5	1	1
OtO	A8K4G0	Q3U497	1	1
OtO	A8K5M9	Q8CE97	1	1
OtO	A8K7I4	Q9D7Z6	1	1
OtO	A8K830	F8VPY8	1	1
OtO	A8K855	Q8VDY4	1	1
OtO	A8K8P3	Q3UZY0	1	1
OtO	A8K979	Q5BKS4	1	1
OtO	A8MPS7	Q14BV6	1	1
OtO	A8MPX8	Q8BVT6	1	1
OtO	A8MPY1	B2RXA8	1	1
OtO	A8MQ03	Q9D1E4	1	1
OtO	A8MQ27	Q0MW30	1	1
OtO	A8MSI8	Q3UN90	1	1
OtO	A8MT33	Q5D525	1	1
OtO	A8MT69	Q8C4X1	1	1
OtO	A8MT70	Q0P5X5	1	1
OtO	A8MTA8	A2AIP0	1	1
OtO	A8MTB9	Q9D871	1	1
OtO	A8MTI9	A0A0N4SVQ0	1	1
OtO	A8MTJ3	Q3V3I2	1	1
OtO	A8MTL0	Q9DAL7	1	1
OtO	A8MTL3	D3Z423	1	1
OtO	A8MTQ0	Q5TIS6	2	1
OtO	A8MTT3	Q8BTE5	1	1
OtO	A8MTZ0	J3QMK2	2	1
OtO	A8MTZ7	Q80W69	1	1
OtO	A8MU46	Q99LM3	1	1
OtO	A8MU93	Q8BGJ3	1	1
OtO	A8MUP6	M0QWL6	1	1
OtO	A8MUX0	A2A5X5	1	1
OtO	A8MV23	E9Q6A2	1	1
OtO	A8MV24	Q9DAQ5	1	1
OtO	A8MV65	P85442	1	1
OtO	A8MV81	Q76I25	1	1
OtO	A8MVM7	Q3TNU4	1	1
OtO	A8MVS5	Q75VT8	1	1
OtO	A8MVW0	A2A699	1	1
OtO	A8MVW5	Q4VAH7	1	1
OtO	A8MVX0	Q8BW86	1	1
OtO	A8MVZ5	Q9JK39	1	1
OtO	A8MW92	Q8CCJ9	1	1
OtO	A8MW99	Q8BRM6	1	1
OtO	A8MWE9	Q8C9R9	242	1
OtO	A8MWK0	Q0VAX3	39	1
OtO	A8MWY0	Q3UZV7	1	1
OtO	A8MX34	A2A5X4	1	1
OtO	A8MXD5	Q50H32	1	1
OtO	A8MXE2	A0A1L1SR01	1	1
OtO	A8MXK1	Q9D806	1	1
OtO	A8MXQ7	Q3TYL0	1	1
OtO	A8MXV4	P11930	1	1
OtO	A8MY62	S4R213	1	1
OtO	A8MYB1	Q80X59	1	1
OtO	A8MYJ7	Q8C0Q3	1	1
OtO	A8MYP8	Q5M8M2	1	1
OtO	A8MYU2	O54982	1	1
OtO	A8MYV0	Q9D1B8	1	1
OtO	A8MYZ0	A0A1W2P7H6	1	1
OtO	A8MYZ6	Q70KY4	1	1
OtO	A8MZ26	Q9DAM2	1	1
OtO	A8MZ97	Q810S2	1	1
OtO	A8MZF0	Q8C494	8	1
OtO	A8MZG2	Q8BT88	1	1
OtO	A8MZH6	Q925U0	227	1
OtO	A8TX70	A6H584	1	1
OtO	A9QM74	C0LLJ0	1	1
OtO	A9UHW6	Q3UBZ5	1	1
OtO	A9YTQ3	Q3U1U7	6	1
OtO	B0I1T2	Q5SUA5	1	1
OtO	B0L3A2	Q2QKR2	7	1
OtO	B0YJ81	Q9QY80	1	1
OtO	B1AJZ9	A6PWD2	1	1
OtO	B1AK53	Q9ET47	1	1
OtO	B1AKI9	A2ATD1	1	1
OtO	B1AL88	Q8CCS2	1	1
OtO	B1ANS9	Q9D565	1	1
OtO	B1ATL7	A2AFE9	1	1
OtO	B2RN74	Q8VFT6	1	1
OtO	B2RTY4	Q8C170	1	1
OtO	B2RUY7	Q505H4	1	1
OtO	B2RUZ4	P0C8K7	1	1
OtO	B2RV13	Q9DAN9	1	1
OtO	B2RXF0	B9EJI9	1	1
OtO	B2RXF5	Q811H0	1	1
OtO	B2RXH4	A0A0A6YY25	1	1
OtO	B3GLJ2	B3GLJ3	1	1
OtO	B3KS81	A0A3Q4EGK1	1	1
OtO	B3SHH9	Q9D563	1	1
OtO	B4DJY2	D3Z1U7	1	1
OtO	B4DS77	Q9CZN4	1	1
OtO	B4DU55	Q8BI99	6	1
OtO	B4E2M5	J3QNN4	1	1
OtO	B6A8C7	B6A8R8	2	1
OtO	B7Z1M9	P0CG09	1	1
OtO	B7Z8K6	A0A0G2JEU3	1	1
OtO	B7ZBB8	Q9CW07	1	1
OtO	B7ZC32	D3YXS5	1	1
OtO	B7ZLF3	Q8BIN3	1	1
OtO	B8ZZ34	J3QNX5	1	1
OtO	B9A014	Q8CDS7	1	1
OtO	B9EJG8	Q8C8S3	1	1
OtO	C9J069	A2AJA9	1	1
OtO	C9J302	Q9DAF8	1	1
OtO	C9J3I9	A0A286YDB2	66	1
OtO	C9J3V5	Q9D9U4	373	1
OtO	C9J6K1	D3Z070	1	1
OtO	C9JCN9	B2RXB2	1	1
OtO	C9JE40	A2ARM1	1	1
OtO	C9JH25	B2RU40	1	1
OtO	C9JI98	A9JSM3	1	1
OtO	C9JJ37	S4R1I0	1	1
OtO	C9JL84	Q3TYV2	1	1
OtO	C9JLR9	Q4VA45	1	1
OtO	C9JLW8	Q3UGS4	1	1
OtO	C9JQI7	Q5K6N0	1	1
OtO	C9JR72	Q8C828	1	1
OtO	C9JSJ3	A0A5K7RLP0	2	1
OtO	C9JTQ0	A2ARS0	1	1
OtO	C9JVW0	E9PV59	1	1
OtO	C9JXX5	Q8CF31	1	1
OtO	D0EPY3	A0A1B0GRQ9	1	1
OtO	D6REC4	A0A140LIX9	1	1
OtO	D6RGH6	Q3UZ45	1	1
OtO	D6RIA3	E0CYV9	1	1
OtO	E0CX11	P0DP99	1	1
OtO	E5RG02	Q5M8S2	1	1
OtO	E5RJM6	F6YK91	14	1
OtO	E7ERA6	Q3UV31	35	1
OtO	E7EW31	A0A087WR45	1	1
OtO	E9PAV3	P70670	1	1
OtO	E9PB15	Q9D9A7	10061	1
OtO	E9PQX1	D3Z338	1	1
OtO	E9PRG8	Q9D937	1	1
OtO	F2Z333	A2A9Q0	1	1
OtO	F5GYI3	G3UW59	39	1
OtO	F5H4A9	E9Q0B3	1	1
OtO	F5H4B4	Q9D3V8	21	1
OtO	H0UI37	Q9D0B5	11313	1
OtO	H0YL14	A0A571BES4	1	1
OtO	H3BNL1	Q80ZQ7	1	1
OtO	H3BNL8	A0A286YCZ6	1	1
OtO	H3BPM6	D3Z393	1	1
OtO	H3BQB6	Q6P3A1	1	1
OtO	H3BQJ8	H3BJG9	2	1
OtO	H3BQW9	B2KGE5	1	1
OtO	H3BR10	J3QMJ4	17	1
OtO	H3BRN8	V9GXK1	191	1
OtO	H3BS89	A0A5F8MQ13	1	1
OtO	H3BTG2	Q9CPU3	1	1
OtO	H3BU77	J3QM76	1	1
OtO	H3BV60	D3YZZ2	1	1
OtO	H7BZ55	F6XLV1	1	1
OtO	H7C350	A0A338P6G2	1	1
OtO	I3L1E1	H3BKT1	35	1
OtO	I3L273	J3KML8	1	1
OtO	I3L3R5	J3QPU5	1	1
OtO	K7EJ46	J3QP37	1	1
OtO	L0R819	A0A494BB10	1	1
OtO	M0QZC1	Q9D7D1	1	1
OtO	O00110	D3YYM0	1	1
OtO	O00115	P56542	1	1
OtO	O00116	Q8C0I1	1	1
OtO	O00124	Q9QZ49	1	1
OtO	O00139	P28740	1	1
OtO	O00141	Q9WVC6	1	1
OtO	O00142	Q9R088	1	1
OtO	O00144	Q9R216	1	1
OtO	O00148	Q8VDW0	1	1
OtO	O00151	O70400	1	1
OtO	O00154	Q91V12	1	1
OtO	O00155	P0C5I1	1	1
OtO	O00159	Q9WTI7	1	1
OtO	O00160	P70248	1	1
OtO	O00161	O09044	1	1
OtO	O00165	O35387	1	1
OtO	O00167	O08575	1	1
OtO	O00168	Q9Z239	1	1
OtO	O00170	O08915	1	1
OtO	O00175	Q9JKC0	1	1
OtO	O00178	O08582	1	1
OtO	O00180	O08581	1	1
OtO	O00186	Q60770	1	1
OtO	O00187	Q91WP0	1	1
OtO	O00189	Q9JKC7	1	1
OtO	O00192	P98203	1	1
OtO	O00193	Q9R0P4	1	1
OtO	O00194	Q99P58	1	1
OtO	O00198	P62816	43	1
OtO	O00203	Q9Z1T1	1	1
OtO	O00204	O35400	1	1
OtO	O00206	Q9QUK6	1	1
OtO	O00212	P97348	1	1
OtO	O00213	Q9QXJ1	1	1
OtO	O00214	Q9JL15	1	1
OtO	O00217	Q8K3J1	1	1
OtO	O00219	O08650	1	1
OtO	O00221	O54910	31	1
OtO	O00222	P47743	1	1
OtO	O00230	P56469	1	1
OtO	O00231	Q8BG32	1	1
OtO	O00232	Q9D8W5	1	1
OtO	O00233	Q9CR00	1	1
OtO	O00237	Q9R1W3	1	1
OtO	O00238	P36898	1	1
OtO	O00244	O08997	1	1
OtO	O00253	P56473	1	1
OtO	O00254	O08675	1	1
OtO	O00255	O88559	1	1
OtO	O00257	O55187	1	1
OtO	O00258	Q8K0D7	1	1
OtO	O00264	O55022	1	1
OtO	O00267	O55201	1	1
OtO	O00268	E9QAP7	1	1
OtO	O00270	F8VQN3	1	1
OtO	O00273	O54786	1	1
OtO	O00287	Q8VCG9	1	1
OtO	O00291	Q8VD75	1	1
OtO	O00294	Q9Z273	1	1
OtO	O00295	P46686	1	1
OtO	O00299	Q9Z1Q5	1	1
OtO	O00300	O08712	1	1
OtO	O00303	Q9DCH4	1	1
OtO	O00305	Q8R0S4	1	1
OtO	O00308	Q9DBH0	1	1
OtO	O00311	Q9Z0H0	1	1
OtO	O00321	P41163	2	1
OtO	O00322	Q9D132	1	1
OtO	O00327	Q9WTL8	1	1
OtO	O00329	O35904	1	1
OtO	O00330	Q8BKZ9	1	1
OtO	O00337	E9PXX9	1	1
OtO	O00338	Q9D939	1	1
OtO	O00339	O08746	1	1
OtO	O00341	Q8JZR4	1	1
OtO	O00358	Q8R2I0	1	1
OtO	O00370	P11369	1	1
OtO	O00391	Q8BND5	1	1
OtO	O00398	Q8BFU7	1	1
OtO	O00399	Q9WUB4	1	1
OtO	O00400	Q99J27	1	1
OtO	O00401	Q91YD9	1	1
OtO	O00408	Q922S4	1	1
OtO	O00409	Q499D0	1	1
OtO	O00410	Q8BKC5	1	1
OtO	O00411	Q8BKF1	1	1
OtO	O00418	O08796	1	1
OtO	O00421	O35457	3	1
OtO	O00422	O55128	1	1
OtO	O00423	Q05BC3	1	1
OtO	O00425	Q9CPN8	1	1
OtO	O00429	Q8K1M6	1	1
OtO	O00442	Q9D7H3	1	1
OtO	O00443	Q61194	1	1
OtO	O00444	Q64702	1	1
OtO	O00445	Q9R0N5	1	1
OtO	O00451	O08842	1	1
OtO	O00453	O08843	1	1
OtO	O00458	P19182	1	1
OtO	O00459	O08908	1	1
OtO	O00461	Q8BXA1	1	1
OtO	O00462	Q8K2I4	1	1
OtO	O00463	P70191	1	1
OtO	O00468	A2ASQ1	1	1
OtO	O00469	Q9R0B9	1	1
OtO	O00470	Q60954	1	1
OtO	O00471	Q3TPX4	1	1
OtO	O00472	Q3UKU1	1	1
OtO	O00482	P45448	1	1
OtO	O00483	Q62425	1	1
OtO	O00487	O35593	1	1
OtO	O00488	Q9DB42	1	1
OtO	O00499	O08539	1	1
OtO	O00501	O54942	1	1
OtO	O00505	O35344	1	1
OtO	O00506	Q9Z2W1	1	1
OtO	O00512	Q9D219	1	1
OtO	O00515	P57016	1	1
OtO	O00519	O08914	1	1
OtO	O00522	Q6S5J6	1	1
OtO	O00526	P38575	1	1
OtO	O00533	P70232	1	1
OtO	O00534	Q99KC8	1	1
OtO	O00541	Q9EQ61	1	1
OtO	O00548	Q61483	1	1
OtO	O00555	P97445	1	1
OtO	O00559	Q9D0V7	1	1
OtO	O00560	O08992	1	1
OtO	O00562	O35954	1	1
OtO	O00566	Q810V0	1	1
OtO	O00567	Q9D6Z1	1	1
OtO	O00570	P53783	1	1
OtO	O00571	Q62167	1	1
OtO	O00574	Q9EQ16	1	1
OtO	O00587	O09008	1	1
OtO	O00590	O08707	1	1
OtO	O00591	Q8QZW7	1	1
OtO	O00592	Q9R0M4	1	1
OtO	O00602	O70497	1	1
OtO	O00622	P18406	1	1
OtO	O00623	Q8VC48	1	1
OtO	O00624	Q5SZA1	1	1
OtO	O00625	Q9D711	1	1
OtO	O00626	O88430	1	1
OtO	O00628	P97865	1	1
OtO	O00629	O35343	1	1
OtO	O00631	Q9CQD6	1	1
OtO	O00634	Q9R1A3	1	1
OtO	O00635	Q5SZ99	10	1
OtO	O00712	P97863	1	1
OtO	O00716	O35261	1	1
OtO	O00743	Q9CQR6	1	1
OtO	O00744	P48614	1	1
OtO	O00746	Q9WV84	1	1
OtO	O00748	F6Z9B9	5	1
OtO	O00750	E9QAN8	1	1
OtO	O00754	O09159	1	1
OtO	O00755	P24383	1	1
OtO	O00757	P70695	1	1
OtO	O00762	Q9D1C1	1	1
OtO	O00763	E9Q4Z2	2	1
OtO	O00764	Q8K183	1	1
OtO	O14490	Q9D415	1	1
OtO	O14492	Q9JID9	1	1
OtO	O14493	O35054	1	1
OtO	O14494	Q61469	1	1
OtO	O14495	Q99JY8	1	1
OtO	O14497	A2BH40	1	1
OtO	O14498	Q6GU68	1	1
OtO	O14503	O35185	1	1
OtO	O14508	O35717	1	1
OtO	O14511	P56974	1	1
OtO	O14512	Q8VHQ2	1	1
OtO	O14513	E9QAE1	1	1
OtO	O14514	Q3UHD1	1	1
OtO	O14519	O35207	1	1
OtO	O14521	Q9CXV1	1	1
OtO	O14522	Q99M80	1	1
OtO	O14523	Q80X80	1	1
OtO	O14524	Q6ZQE4	1	1
OtO	O14525	Q61137	1	1
OtO	O14526	Q8K285	1	1
OtO	O14529	P70298	1	1
OtO	O14530	Q9CQ79	1	1
OtO	O14531	O35098	1	1
OtO	O14543	O35718	1	1
OtO	O14544	Q9JLY0	1	1
OtO	O14545	Q3UDK1	1	1
OtO	O14548	Q61387	1	1
OtO	O14556	Q64467	1	1
OtO	O14558	Q5EBG6	1	1
OtO	O14559	Q80YF9	1	1
OtO	O14561	Q9CR21	1	1
OtO	O14562	Q78JW9	2	1
OtO	O14569	Q9WUE3	1	1
OtO	O14576	O88485	1	1
OtO	O14578	P49025	1	1
OtO	O14579	O89079	1	1
OtO	O14593	Q9Z205	1	1
OtO	O14594	P55066	1	1
OtO	O14595	Q8BX07	1	1
OtO	O14610	Q61017	1	1
OtO	O14613	Q8JZX9	1	1
OtO	O14617	O54774	1	1
OtO	O14618	Q9WU84	1	1
OtO	O14625	Q9JHH5	1	1
OtO	O14626	Q8BG55	1	1
OtO	O14627	Q07424	1	1
OtO	O14638	Q6DYE8	1	1
OtO	O14639	Q8K4G5	1	1
OtO	O14640	P51141	1	1
OtO	O14641	Q60838	1	1
OtO	O14645	Q8BVN8	1	1
OtO	O14646	P40201	1	1
OtO	O14647	E9PZM4	1	1
OtO	O14649	O35111	1	1
OtO	O14653	O35166	1	1
OtO	O14654	Q9Z0Y7	1	1
OtO	O14656	Q9ER39	1	1
OtO	O14657	Q9ER41	1	1
OtO	O14662	Q8BVI5	1	1
OtO	O14668	A2BFE8	1	1
OtO	O14669	Q8R182	1	1
OtO	O14672	O35598	1	1
OtO	O14678	O89016	1	1
OtO	O14681	Q61070	1	1
OtO	O14682	O35709	1	1
OtO	O14683	Q4QQM4	1	1
OtO	O14684	Q9JM51	1	1
OtO	O14686	Q6PDK2	1	1
OtO	O14713	O35671	1	1
OtO	O14717	O55055	1	1
OtO	O14718	O35214	1	1
OtO	O14727	O88879	1	1
OtO	O14730	Q9DBU3	1	1
OtO	O14732	Q91UZ5	1	1
OtO	O14733	Q8CE90	2609	1
OtO	O14734	P58137	1	1
OtO	O14735	Q8VDP6	1	1
OtO	O14737	P56812	1	1
OtO	O14744	Q8CIG8	1	1
OtO	O14745	P70441	1	1
OtO	O14746	O70372	1	1
OtO	O14753	Q9WTJ2	1	1
OtO	O14756	Q9R092	7	1
OtO	O14757	O35280	1	1
OtO	O14764	P22933	1	1
OtO	O14770	P97367	1	1
OtO	O14771	E9QAW0	1	1
OtO	O14772	G5E8F4	1	1
OtO	O14773	O89023	1	1
OtO	O14775	P62881	1	1
OtO	O14776	Q8CGF7	1	1
OtO	O14777	Q9D0F1	1	1
OtO	O14782	O35066	1	1
OtO	O14786	P97333	1	1
OtO	O14787	Q99LG2	1	1
OtO	O14788	O35235	1	1
OtO	O14792	O35310	1	1
OtO	O14793	O08689	1	1
OtO	O14795	Q9Z1N9	1	1
OtO	O14802	B2RXC6	1	1
OtO	O14804	Q5QD14	1	1
OtO	O14807	O08989	1	1
OtO	O14810	P63040	1	1
OtO	O14813	Q62066	1	1
OtO	O14815	Q9D805	1	1
OtO	O14817	Q9DCK3	1	1
OtO	O14818	Q9Z2U0	1	1
OtO	O14827	P70392	1	1
OtO	O14828	O35609	1	1
OtO	O14829	O35655	1	1
OtO	O14830	O35385	1	1
OtO	O14832	O35386	1	1
OtO	O14836	Q9ET35	2	1
OtO	O14841	Q8K010	1	1
OtO	O14842	Q76JU9	1	1
OtO	O14862	Q91VJ1	1	1
OtO	O14863	O35149	1	1
OtO	O14867	P97302	1	1
OtO	O14874	O55028	1	1
OtO	O14880	Q9CPU4	1	1
OtO	O14893	Q9CQQ4	1	1
OtO	O14894	Q91XF2	1	1
OtO	O14896	P97431	1	1
OtO	O14901	Q8K1S5	1	1
OtO	O14904	Q8R5M2	1	1
OtO	O14905	O35468	1	1
OtO	O14907	Q9DBG9	1	1
OtO	O14908	Q9Z0G0	1	1
OtO	O14910	Q8JZS0	1	1
OtO	O14917	E9PXF0	1	1
OtO	O14920	O88351	1	1
OtO	O14921	Q8K443	1	1
OtO	O14924	Q8CGE9	1	1
OtO	O14925	Q9WTQ8	1	1
OtO	O14926	Q32M02	1	1
OtO	O14929	Q8BY71	1	1
OtO	O14933	Q9QZU9	1	1
OtO	O14936	O70589	1	1
OtO	O14939	P97813	1	1
OtO	O14944	Q61521	1	1
OtO	O14948	Q9WTW4	2	1
OtO	O14949	Q9CQ69	1	1
OtO	O14950	Q3THE2	1	1
OtO	O14957	Q9CPX8	1	1
OtO	O14958	O09161	1	1
OtO	O14960	O88803	1	1
OtO	O14964	Q99LI8	1	1
OtO	O14965	P97477	1	1
OtO	O14966	Q91YQ1	1	1
OtO	O14967	P52194	1	1
OtO	O14972	O35075	1	1
OtO	O14974	Q9DBR7	1	1
OtO	O14975	O35488	1	1
OtO	O14976	Q99KY4	1	1
OtO	O14977	O35484	1	1
OtO	O14978	Q8CF60	1	1
OtO	O14979	Q9Z130	3010	1
OtO	O14980	Q6P5F9	1	1
OtO	O14981	E9QAE3	1	1
OtO	O14983	Q8R429	1	1
OtO	O14986	P70181	1	1
OtO	O14994	Q8JZP2	1	1
OtO	O15013	Q8C033	1	1
OtO	O15014	Q8BZ47	1	1
OtO	O15015	Q6NV66	1	1
OtO	O15016	Q924W6	1	1
OtO	O15018	E9Q1M1	1	1
OtO	O15020	Q68FG2	1	1
OtO	O15021	Q811L6	1	1
OtO	O15027	E9QAT4	1	1
OtO	O15031	B2RXS4	1	1
OtO	O15033	Q8CHG5	1	1
OtO	O15034	Q80U40	1	1
OtO	O15037	Q80U38	1	1
OtO	O15040	Q3UH45	1	1
OtO	O15041	P70275	1	1
OtO	O15042	Q6NV83	1	1
OtO	O15047	E9PYH6	1	1
OtO	O15049	Q8C7U1	1	1
OtO	O15050	Q8BV79	1	1
OtO	O15054	Q5NCY0	1	1
OtO	O15055	O54943	1	1
OtO	O15056	Q9D2G5	1	1
OtO	O15060	Q6PDK0	1	1
OtO	O15061	Q70IV5	1	1
OtO	O15062	Q7TQG0	1	1
OtO	O15063	Q8C5X1	1	1
OtO	O15066	Q61771	1	1
OtO	O15067	Q5SUR0	1	1
OtO	O15068	Q64096	1	1
OtO	O15069	Q5SWP3	1	1
OtO	O15072	E9Q287	1	1
OtO	O15075	Q9JLM8	1	1
OtO	O15078	Q6A078	1	1
OtO	O15079	Q80U23	1	1
OtO	O15083	Q6PH08	1	1
OtO	O15084	Q505D1	1	1
OtO	O15085	Q68FM7	1	1
OtO	O15090	Q8K083	1	1
OtO	O15091	Q8JZY4	1	1
OtO	O15105	O35253	1	1
OtO	O15111	Q60680	1	1
OtO	O15116	Q8VC85	1	1
OtO	O15117	O35601	1	1
OtO	O15118	O35604	1	1
OtO	O15119	P70324	1	1
OtO	O15120	Q8K3K7	1	1
OtO	O15121	O09005	1	1
OtO	O15123	O35608	1	1
OtO	O15126	Q8K021	1	1
OtO	O15127	Q9ERN0	1	1
OtO	O15130	Q9WVA8	1	1
OtO	O15143	Q9WV32	1	1
OtO	O15144	Q9CVB6	1	1
OtO	O15145	Q9JM76	1	1
OtO	O15146	Q61006	1	1
OtO	O15151	O35618	1	1
OtO	O15155	O35623	1	1
OtO	O15156	Q64321	1	1
OtO	O15160	P52432	1	1
OtO	O15162	Q9DCW2	2	1
OtO	O15164	Q64127	1	1
OtO	O15165	Q8BWJ4	1	1
OtO	O15169	O35625	1	1
OtO	O15173	Q80UU9	1	1
OtO	O15178	P20293	1	1
OtO	O15182	O35648	1	1
OtO	O15194	P58465	1	1
OtO	O15195	Q91YD6	1	1
OtO	O15197	O08644	1	1
OtO	O15198	Q9JIW5	1	1
OtO	O15204	Q9R0X2	2	1
OtO	O15205	P63072	1	1
OtO	O15209	Q9Z0G7	1	1
OtO	O15211	Q61193	1	1
OtO	O15212	Q03958	1	1
OtO	O15213	Q9Z0H1	1	1
OtO	O15218	P43142	1	1
OtO	O15226	Q8BY02	1	1
OtO	O15228	P98192	1	1
OtO	O15229	Q91WN4	1	1
OtO	O15230	Q61001	1	1
OtO	O15231	Q62394	4	1
OtO	O15232	O35701	1	1
OtO	O15234	Q8K3W3	1	1
OtO	O15235	O35680	1	1
OtO	O15239	O35683	1	1
OtO	O15240	Q0VGU4	1	1
OtO	O15243	O89013	1	1
OtO	O15244	O70577	1	1
OtO	O15245	O08966	1	1
OtO	O15254	Q9EPL9	1	1
OtO	O15258	Q9CQU3	1	1
OtO	O15259	Q9QY53	1	1
OtO	O15260	Q64310	1	1
OtO	O15264	Q9Z1B7	1	1
OtO	O15265	Q8R4I1	1	1
OtO	O15269	O35704	1	1
OtO	O15270	P97363	1	1
OtO	O15273	O70548	1	1
OtO	O15287	Q9EQR6	1	1
OtO	O15294	Q8CGY8	1	1
OtO	O15296	O35936	1	1
OtO	O15297	Q9QZ67	1	1
OtO	O15303	Q5NCH9	1	1
OtO	O15304	O54926	1	1
OtO	O15305	Q9Z2M7	1	1
OtO	O15315	O35719	1	1
OtO	O15318	Q6NXY9	1	1
OtO	O15321	Q9DBU0	1	1
OtO	O15327	Q6P1Y8	1	1
OtO	O15335	O55226	1	1
OtO	O15342	Q9CQD8	1	1
OtO	O15344	O70583	1	1
OtO	O15347	O54879	1	1
OtO	O15350	Q9JJP2	1	1
OtO	O15353	Q61575	1	1
OtO	O15354	Q9QY42	1	1
OtO	O15355	Q61074	1	1
OtO	O15357	Q6P549	1	1
OtO	O15360	Q9JL70	1	1
OtO	O15370	Q04890	1	1
OtO	O15371	O70194	1	1
OtO	O15372	Q91WK2	1	1
OtO	O15374	Q8R0M8	1	1
OtO	O15375	G5E8K6	1	1
OtO	O15379	O88895	1	1
OtO	O15381	Q9DBY8	1	1
OtO	O15382	O35855	1	1
OtO	O15391	Q3TTC2	1	1
OtO	O15392	O70201	1	1
OtO	O15393	Q9JIQ8	1	1
OtO	O15394	O35136	1	1
OtO	O15397	Q7TMY7	1	1
OtO	O15399	Q03391	1	1
OtO	O15400	O70439	1	1
OtO	O15403	B1AT66	14	1
OtO	O15405	Q80W03	1	1
OtO	O15409	P58463	1	1
OtO	O15417	Q80WC3	1	1
OtO	O15427	P57787	1	1
OtO	O15431	Q8K211	1	1
OtO	O15432	Q9CPU9	1	1
OtO	O15438	B2RX12	1	1
OtO	O15439	E9Q236	1	1
OtO	O15440	Q9R1X5	1	1
OtO	O15442	Q91ZG2	1	1
OtO	O15444	O35903	1	1
OtO	O15446	Q76KJ5	1	1
OtO	O15455	Q99MB1	1	1
OtO	O15457	Q99MT2	1	1
OtO	O15460	Q60716	1	1
OtO	O15466	P70126	1	1
OtO	O15482	B1AYN9	5	1
OtO	O15484	O08688	1	1
OtO	O15492	P97428	1	1
OtO	O15496	Q9QXX3	1	1
OtO	O15498	Q9CQW1	1	1
OtO	O15499	P56916	1	1
OtO	O15503	Q8BGI3	1	1
OtO	O15504	Q8CIC2	1	1
OtO	O15511	Q9CPW4	1	1
OtO	O15514	Q9D7M8	1	1
OtO	O15516	O08785	1	1
OtO	O15519	O35732	1	1
OtO	O15520	O35565	1	1
OtO	O15522	O70584	1	1
OtO	O15523	Q62095	3	1
OtO	O15524	O35716	1	1
OtO	O15525	O54790	1	1
OtO	O15527	O08760	1	1
OtO	O15528	O35084	1	1
OtO	O15530	Q9Z2A0	1	1
OtO	O15533	Q9R233	1	1
OtO	O15534	O35973	1	1
OtO	O15537	Q9Z1L4	1	1
OtO	O15539	O08850	1	1
OtO	O15540	P51880	2	1
OtO	O15541	Q14B01	1	1
OtO	O15547	O54803	1	1
OtO	O15550	O70546	1	1
OtO	O15551	Q9Z0G9	1	1
OtO	O15552	Q8VCK6	1	1
OtO	O15553	Q9JJ26	23	1
OtO	O15554	O89109	1	1
OtO	O43143	O35286	1	1
OtO	O43147	Q80U12	1	1
OtO	O43148	Q9D0L8	1	1
OtO	O43149	Q5SSH7	1	1
OtO	O43150	Q7SIG6	1	1
OtO	O43151	Q8BG87	1	1
OtO	O43155	Q8BLU0	1	1
OtO	O43156	Q91V83	1	1
OtO	O43157	Q8CJH3	1	1
OtO	O43159	Q9DB85	1	1
OtO	O43164	Q80U04	1	1
OtO	O43166	Q8C0T5	1	1
OtO	O43167	Q80X44	1	1
OtO	O43169	Q9CQX2	1	1
OtO	O43172	Q9DAW6	1	1
OtO	O43173	Q64689	1	1
OtO	O43174	O55127	1	1
OtO	O43175	Q61753	1	1
OtO	O43181	Q9CXZ1	1	1
OtO	O43182	O54834	1	1
OtO	O43184	Q61824	1	1
OtO	O43186	O54751	1	1
OtO	O43187	Q8CFA1	1	1
OtO	O43189	Q9Z1B8	1	1
OtO	O43194	Q5U431	1	1
OtO	O43196	Q9QUM7	1	1
OtO	O43236	P28661	14332	1
OtO	O43237	Q6PDL0	1	1
OtO	O43240	Q99M20	1	1
OtO	O43242	P14685	1	1
OtO	O43246	Q8BLQ7	1	1
OtO	O43247	Q9D9J2	1	1
OtO	O43248	P31313	1	1
OtO	O43251	Q8BP71	3	1
OtO	O43252	Q60967	1	1
OtO	O43255	Q06986	1	1
OtO	O43257	Q8R331	1	1
OtO	O43264	O54692	1	1
OtO	O43272	Q9WU79	1	1
OtO	O43278	Q9R097	1	1
OtO	O43280	Q9JLT2	1	1
OtO	O43281	Q64355	1	1
OtO	O43283	Q1HKZ5	1	1
OtO	O43286	Q9JMK0	1	1
OtO	O43290	Q9Z315	1	1
OtO	O43291	Q9WU03	1	1
OtO	O43292	Q9WTK3	1	1
OtO	O43293	O54784	1	1
OtO	O43294	Q62219	1	1
OtO	O43295	Q812A2	1	1
OtO	O43298	Q9DAI4	1	1
OtO	O43299	Q3U829	1	1
OtO	O43300	Q8BGA3	1	1
OtO	O43301	Q8K0U4	1	1
OtO	O43303	Q7TSH4	1	1
OtO	O43304	B2RXM5	1	1
OtO	O43306	Q01341	1	1
OtO	O43307	Q3UTH8	1	1
OtO	O43309	Q9Z1D7	32	1
OtO	O43310	Q6PEE2	1	1
OtO	O43312	Q8R1S4	1	1
OtO	O43313	Q6P9S1	1	1
OtO	O43314	Q6ZQB6	1	1
OtO	O43315	Q9JJJ3	1	1
OtO	O43316	P32115	1	1
OtO	O43318	Q62073	1	1
OtO	O43320	Q9ESL8	1	1
OtO	O43323	Q61488	1	1
OtO	O43324	Q9D1M4	1	1
OtO	O43325	Q9CQB7	1	1
OtO	O43347	Q61474	1	1
OtO	O43353	P58801	1	1
OtO	O43364	P31245	1	1
OtO	O43365	P02831	1	1
OtO	O43379	Q3U3T8	1	1
OtO	O43390	Q8VHM5	1	1
OtO	O43395	Q922U1	1	1
OtO	O43396	Q8CDN6	1	1
OtO	O43399	Q9CYZ2	1	1
OtO	O43402	O70378	1	1
OtO	O43405	Q62507	1	1
OtO	O43414	Q8C460	1	1
OtO	O43422	Q9CUX1	1	1
OtO	O43424	Q61625	1	1
OtO	O43426	Q8CHC4	1	1
OtO	O43427	Q9JI19	1	1
OtO	O43432	Q80XI3	1	1
OtO	O43435	P70323	1	1
OtO	O43439	O70374	1	1
OtO	O43447	Q9D868	17	1
OtO	O43451	A0A571BF69	1	1
OtO	O43462	Q8CHX6	1	1
OtO	O43463	O54864	1	1
OtO	O43464	Q9JIY5	1	1
OtO	O43474	Q60793	1	1
OtO	O43482	A2AQ14	1	1
OtO	O43488	Q8CG76	1	1
OtO	O43490	O54990	1	1
OtO	O43491	O70318	3	1
OtO	O43497	Q5SUF7	1	1
OtO	O43502	Q924H5	1	1
OtO	O43504	Q9D1L9	1	1
OtO	O43505	Q8BWP8	1	1
OtO	O43508	O54907	1	1
OtO	O43511	Q9R155	1	1
OtO	O43513	Q9CZB6	1	1
OtO	O43516	Q8K1I7	1	1
OtO	O43520	Q148W0	1	1
OtO	O43521	O54918	1	1
OtO	O43524	Q9WVH4	1	1
OtO	O43525	Q8K3F6	1	1
OtO	O43526	Q9Z351	1	1
OtO	O43529	Q6PGK7	1	1
OtO	O43541	O35182	1	1
OtO	O43542	Q9CXE6	1	1
OtO	O43543	Q9CX47	1	1
OtO	O43548	Q9D7I9	1	1
OtO	O43556	O70258	1	1
OtO	O43557	Q9QYH9	1	1
OtO	O43559	Q91WJ0	1	1
OtO	O43561	O54957	1	1
OtO	O43566	P97492	1	1
OtO	O43567	O54965	1	1
OtO	O43570	Q8CI85	1	1
OtO	O43572	O88845	1	1
OtO	O43581	Q9R0N7	1	1
OtO	O43583	Q9CQJ6	1	1
OtO	O43586	P97814	1	1
OtO	O43592	Q9CRT8	1	1
OtO	O43593	Q61645	1	1
OtO	O43597	Q9QXV8	1	1
OtO	O43598	Q80VJ3	1	1
OtO	O43602	O88809	1	1
OtO	O43603	O88854	1	1
OtO	O43609	Q9QXV9	1	1
OtO	O43610	Q3UUD2	1	1
OtO	O43612	O55241	1	1
OtO	O43613	P58307	1	1
OtO	O43614	P58308	1	1
OtO	O43615	O35857	1	1
OtO	O43617	O55013	1	1
OtO	O43623	P97469	1	1
OtO	O43633	Q9DB34	1	1
OtO	O43638	Q61574	1	1
OtO	O43639	O55033	1	1
OtO	O43653	P57096	2	1
OtO	O43657	O70401	1	1
OtO	O43660	Q922V4	1	1
OtO	O43663	Q99K43	1	1
OtO	O43665	Q9CQE5	1	1
OtO	O43670	Q9JMD0	1	1
OtO	O43674	Q9CQH3	1	1
OtO	O43676	Q9CQZ6	1	1
OtO	O43677	Q9CQY9	1	1
OtO	O43678	Q9CQ75	1	1
OtO	O43679	O55203	1	1
OtO	O43680	O35437	1	1
OtO	O43681	O54984	1	1
OtO	O43683	O08901	1	1
OtO	O43684	Q9WVA3	1	1
OtO	O43688	Q9DAX2	1	1
OtO	O43692	Q8BS03	1	1
OtO	O43704	Q9QWG7	1	1
OtO	O43707	P57780	1	1
OtO	O43708	Q9WVL0	1	1
OtO	O43709	Q9CY21	1	1
OtO	O43711	O55144	1	1
OtO	O43715	Q9D8Z2	1	1
OtO	O43716	Q8CBY0	4	1
OtO	O43719	Q8BGC0	1	1
OtO	O43731	Q8R1L4	1	1
OtO	O43734	Q8N7N6	1	1
OtO	O43736	Q61500	1	1
OtO	O43739	O08967	1	1
OtO	O43741	Q6PAM0	1	1
OtO	O43745	Q9D869	1	1
OtO	O43747	P22892	1	1
OtO	O43752	Q9JKK1	1	1
OtO	O43759	O55100	1	1
OtO	O43761	Q8R191	1	1
OtO	O43763	Q61663	1	1
OtO	O43765	Q8BJU0	1	1
OtO	O43766	Q99M04	1	1
OtO	O43768	P60840	1	1
OtO	O43772	Q9Z2Z6	1	1
OtO	O43776	Q8BP47	1	1
OtO	O43781	Q922Y0	1	1
OtO	O43791	Q6ZWS8	1	1
OtO	O43795	P46735	1	1
OtO	O43805	Q9JJ94	1	1
OtO	O43808	O70579	1	1
OtO	O43809	Q9CQF3	1	1
OtO	O43813	O89112	1	1
OtO	O43815	O55106	1	1
OtO	O43818	Q91WM3	1	1
OtO	O43819	Q8VCL2	1	1
OtO	O43820	Q8VEI3	1	1
OtO	O43822	Q8C6G1	1	1
OtO	O43823	Q9DBR0	1	1
OtO	O43824	Q3U6U5	6	1
OtO	O43825	O54905	1	1
OtO	O43826	Q9D1F9	1	1
OtO	O43827	Q8R1Q3	1	1
OtO	O43829	Q08376	1	1
OtO	O43837	Q91VA7	1	1
OtO	O43847	Q8BHG1	1	1
OtO	O43852	O35887	1	1
OtO	O43854	O35474	1	1
OtO	O43861	P98195	1	1
OtO	O43865	Q80SW1	1	1
OtO	O43866	Q9QWK4	1	1
OtO	O43869	E9Q3K2	36	1
OtO	O43889	Q61817	1	1
OtO	O43895	B1AVD1	1	1
OtO	O43896	O35071	1	1
OtO	O43897	Q62381	1	1
OtO	O43900	Q80VL3	1	1
OtO	O43903	P11862	1	1
OtO	O43909	Q9WVL6	1	1
OtO	O43913	Q9WUV0	1	1
OtO	O43914	O54885	1	1
OtO	O43915	P97946	1	1
OtO	O43916	Q9EQC0	1	1
OtO	O43918	Q9Z0E3	1	1
OtO	O43920	Q99LY9	1	1
OtO	O43921	P52801	1	1
OtO	O43924	O55057	1	1
OtO	O43927	O55038	1	1
OtO	O43929	O88708	1	1
OtO	O43933	Q5BL07	1	1
OtO	O43934	Q8BJ51	1	1
OtO	O60216	Q61550	1	1
OtO	O60220	Q9WVA2	1	1
OtO	O60229	A2CG49	1	1
OtO	O60231	G3X8X0	1	1
OtO	O60232	P56873	1	1
OtO	O60234	Q9ERL7	1	1
OtO	O60235	Q8VHK8	1	1
OtO	O60237	Q8BG95	1	1
OtO	O60238	Q9Z2F7	1	1
OtO	O60239	Q9Z131	1	1
OtO	O60240	Q8CGN5	1	1
OtO	O60241	Q8CGM1	1	1
OtO	O60242	Q80ZF8	1	1
OtO	O60243	Q9QYK5	1	1
OtO	O60244	A2ABV5	1	1
OtO	O60245	A2RS43	1	1
OtO	O60248	P43267	1	1
OtO	O60256	Q8R574	1	1
OtO	O60258	P63075	1	1
OtO	O60259	Q61955	1	1
OtO	O60260	Q9WVS6	1	1
OtO	O60262	Q61016	1	1
OtO	O60264	Q91ZW3	1	1
OtO	O60266	Q8VHH7	1	1
OtO	O60268	Q8R0A7	1	1
OtO	O60269	A0A2I3BRN2	1	1
OtO	O60271	Q58A65	1	1
OtO	O60279	G3UW60	1	1
OtO	O60281	Q9Z2U2	1	1
OtO	O60282	P28738	1	1
OtO	O60284	Q80TY4	1	1
OtO	O60285	Q641K5	1	1
OtO	O60287	Q571H0	1	1
OtO	O60291	Q9D074	1	1
OtO	O60292	G3X9J0	1	1
OtO	O60293	B2RT41	1	1
OtO	O60294	Q8BYR1	1	1
OtO	O60296	Q6P9N8	1	1
OtO	O60299	A2AHG0	1	1
OtO	O60303	Q8C753	1	1
OtO	O60306	Q8CFQ3	1	1
OtO	O60307	Q3U214	1	1
OtO	O60308	Q80V31	1	1
OtO	O60312	O54827	1	1
OtO	O60313	P58281	1	1
OtO	O60315	Q9R0G7	1	1
OtO	O60318	Q9WUU9	1	1
OtO	O60320	Q6A044	1	1
OtO	O60330	Q91XY7	1	1
OtO	O60331	O70161	1	1
OtO	O60333	Q60575	1	1
OtO	O60336	Q6NS57	1	1
OtO	O60337	Q6ZQ89	1	1
OtO	O60341	Q6ZQ88	1	1
OtO	O60343	Q8BYJ6	1	1
OtO	O60346	Q8CHE4	1	1
OtO	O60347	Q6A039	1	1
OtO	O60353	Q61089	1	1
OtO	O60356	Q9WTK0	1	1
OtO	O60359	Q9JJV5	1	1
OtO	O60381	Q8R316	1	1
OtO	O60383	Q07105	1	1
OtO	O60391	Q91ZU9	1	1
OtO	O60393	Q8VIH1	1	1
OtO	O60423	Q6UQ17	1	1
OtO	O60427	Q920L1	1	1
OtO	O60431	Q7TQU7	193	1
OtO	O60437	Q9R269	1	1
OtO	O60443	Q9Z2D3	1	1
OtO	O60447	P97366	1	1
OtO	O60449	Q60767	1	1
OtO	O60462	O35375	1	1
OtO	O60469	Q9ERC8	1	1
OtO	O60476	P39098	1	1
OtO	O60477	Q920P3	1	1
OtO	O60478	Q8BNQ3	1	1
OtO	O60479	Q64205	1	1
OtO	O60481	Q62521	1	1
OtO	O60486	Q9QZC2	1	1
OtO	O60487	O70255	1	1
OtO	O60488	Q9QUJ7	1	1
OtO	O60493	O70492	1	1
OtO	O60494	Q9JLB4	1	1
OtO	O60496	O70469	1	1
OtO	O60500	Q9QZS7	1	1
OtO	O60502	Q9EQQ9	1	1
OtO	O60503	P51830	1	1
OtO	O60504	Q9R1Z8	1	1
OtO	O60506	Q7TMK9	1	1
OtO	O60507	O70281	1	1
OtO	O60508	Q9DC48	1	1
OtO	O60512	Q91YY2	1	1
OtO	O60513	Q9JJ04	1	1
OtO	O60516	Q80VV3	1	1
OtO	O60518	Q8BIV3	1	1
OtO	O60519	Q32M00	1	1
OtO	O60522	P61407	2	1
OtO	O60524	Q8CCP0	1	1
OtO	O60542	O70300	1	1
OtO	O60543	O70302	1	1
OtO	O60547	Q8K0C9	1	1
OtO	O60548	O35392	1	1
OtO	O60551	O70311	2	1
OtO	O60563	Q9QWV9	1	1
OtO	O60565	O70326	1	1
OtO	O60566	Q9Z1S0	1	1
OtO	O60568	Q9R0E1	1	1
OtO	O60573	Q8BMB3	1	1
OtO	O60575	O35679	1	1
OtO	O60583	Q7TQK0	1	1
OtO	O60602	Q9JLF7	1	1
OtO	O60603	Q9QUN7	1	1
OtO	O60609	O35118	1	1
OtO	O60610	O08808	1	1
OtO	O60613	Q9ERR7	1	1
OtO	O60635	Q99J59	1	1
OtO	O60636	Q922J6	1	1
OtO	O60637	Q9QY33	1	1
OtO	O60641	Q61548	1	1
OtO	O60645	Q6KAR6	1	1
OtO	O60658	O88502	1	1
OtO	O60662	A2AUC9	1	1
OtO	O60663	O88609	1	1
OtO	O60664	Q9DBG5	1	1
OtO	O60667	A1KXC4	1	1
OtO	O60669	O70451	2	1
OtO	O60671	Q9QWZ1	1	1
OtO	O60673	Q61493	1	1
OtO	O60674	Q62120	1	1
OtO	O60675	Q61827	1	1
OtO	O60676	P32766	1	1
OtO	O60678	Q922H1	1	1
OtO	O60682	O88940	1	1
OtO	O60683	B1AUE5	1	1
OtO	O60684	O35345	1	1
OtO	O60687	Q8R054	1	1
OtO	O60688	Q9ESC7	1	1
OtO	O60701	O70475	1	1
OtO	O60704	O88856	1	1
OtO	O60706	P70170	1	1
OtO	O60711	Q99N69	1	1
OtO	O60716	P30999	1	1
OtO	O60721	Q91WD8	1	1
OtO	O60725	Q9EQK7	1	1
OtO	O60733	P97819	1	1
OtO	O60739	Q9CXU9	1	1
OtO	O60741	O88704	1	1
OtO	O60749	Q9CWK8	1	1
OtO	O60755	O88853	1	1
OtO	O60759	Q91VY6	1	1
OtO	O60760	Q9JHF7	1	1
OtO	O60762	O70152	1	1
OtO	O60763	Q9Z1Z0	1	1
OtO	O60774	J3QMN6	1	1
OtO	O60779	Q9EQN9	1	1
OtO	O60783	Q9CR88	1	1
OtO	O60784	O88746	1	1
OtO	O60806	Q99ME7	1	1
OtO	O60825	P70265	1	1
OtO	O60826	Q9JIG7	1	1
OtO	O60828	Q91VJ5	1	1
OtO	O60830	Q9Z0V7	1	1
OtO	O60831	Q9JIG8	1	1
OtO	O60832	Q9ESX5	1	1
OtO	O60840	Q9JIS7	1	1
OtO	O60841	Q05D44	1	1
OtO	O60844	Q8K0C5	1	1
OtO	O60858	Q9CYB0	1	1
OtO	O60861	Q60780	1	1
OtO	O60869	Q9JMG1	1	1
OtO	O60870	Q8K339	1	1
OtO	O60880	O88890	1	1
OtO	O60882	P57748	1	1
OtO	O60883	Q99JG2	1	1
OtO	O60884	Q9QYJ0	1	1
OtO	O60885	Q9ESU6	1	1
OtO	O60888	Q9CQ89	1	1
OtO	O60890	Q99J31	1	1
OtO	O60894	Q9WTJ5	1	1
OtO	O60895	Q9WUP0	1	1
OtO	O60896	Q9WUP1	1	1
OtO	O60902	P70390	1	1
OtO	O60906	O70572	1	1
OtO	O60907	Q9QXE7	1	1
OtO	O60909	Q9Z2Y2	1	1
OtO	O60921	Q8BQY8	1	1
OtO	O60925	Q9CWM4	1	1
OtO	O60927	Q8K1L5	1	1
OtO	O60928	P86046	1	1
OtO	O60930	O70338	1	1
OtO	O60931	P57757	1	1
OtO	O60934	Q9R207	1	1
OtO	O60936	Q9D1X0	1	1
OtO	O60938	O35367	1	1
OtO	O60939	Q56A07	1	1
OtO	O60941	O70585	1	1
OtO	O60942	O55236	1	1
OtO	O75027	Q61102	1	1
OtO	O75030	Q08874	1	1
OtO	O75031	Q9D4G2	1	1
OtO	O75037	Q9QXL1	1	1
OtO	O75038	A2AP18	1	1
OtO	O75044	Q91Z67	1	1
OtO	O75051	P70207	1	1
OtO	O75052	Q9D3A8	1	1
OtO	O75054	Q6ZQA6	1	1
OtO	O75056	Q64519	1	1
OtO	O75061	Q80TZ3	1	1
OtO	O75063	Q8VCS3	1	1
OtO	O75064	Q3U1Y4	1	1
OtO	O75069	Q80W04	1	1
OtO	O75071	Q8BGQ6	1	1
OtO	O75072	Q8R507	1	1
OtO	O75074	E9Q711	1	1
OtO	O75077	Q9R1V7	1	1
OtO	O75078	Q9R1V4	1	1
OtO	O75081	O54972	1	1
OtO	O75083	O88342	1	1
OtO	O75084	Q61090	1	1
OtO	O75093	Q80TR4	1	1
OtO	O75094	Q9WVB4	1	1
OtO	O75095	Q80V70	1	1
OtO	O75096	Q8VI56	1	1
OtO	O75106	Q812C9	1	1
OtO	O75110	O70228	1	1
OtO	O75112	Q9JKS4	1	1
OtO	O75113	Q6A037	1	1
OtO	O75116	P70336	1	1
OtO	O75121	Q9D3X9	1	1
OtO	O75122	Q8BRT1	1	1
OtO	O75123	Q9CY99	1	1
OtO	O75127	Q8C2E4	1	1
OtO	O75128	Q5NBX1	1	1
OtO	O75129	Q80Z10	1	1
OtO	O75131	Q8BT60	1	1
OtO	O75132	Q80WQ9	1	1
OtO	O75140	P61460	1	1
OtO	O75143	Q91YI1	1	1
OtO	O75144	Q9JHJ8	3	1
OtO	O75145	P60469	1	1
OtO	O75146	Q9JKY5	1	1
OtO	O75147	D3YYU8	1	1
OtO	O75150	Q3U319	1	1
OtO	O75151	Q9WTU0	1	1
OtO	O75153	Q5SW19	1	1
OtO	O75154	Q8CHD8	12	1
OtO	O75155	Q6ZQ73	1	1
OtO	O75157	E9Q7M2	1	1
OtO	O75159	O54928	1	1
OtO	O75161	P59240	1	1
OtO	O75164	Q8BW72	1	1
OtO	O75165	D4AFX7	1	1
OtO	O75167	B1AVP0	1	1
OtO	O75170	Q8R3Q2	1	1
OtO	O75173	Q8BNJ2	1	1
OtO	O75175	Q8K0V4	1	1
OtO	O75177	Q8BW22	1	1
OtO	O75179	Q99NH0	1	1
OtO	O75182	Q62141	1	1
OtO	O75185	A7L9Z8	1	1
OtO	O75190	O54946	1	1
OtO	O75191	Q3TNA1	1	1
OtO	O75192	Q9Z211	1	1
OtO	O75197	Q91VN0	1	1
OtO	O75204	Q8BGP5	1	1
OtO	O75208	Q8K1Z0	1	1
OtO	O75223	Q9D7X8	1	1
OtO	O75251	Q9DC70	1	1
OtO	O75264	Q0VG18	1	1
OtO	O75293	P22339	1	1
OtO	O75298	O70622	1	1
OtO	O75306	Q91WD5	1	1
OtO	O75309	O88338	1	1
OtO	O75311	Q91XP5	1	1
OtO	O75312	Q62384	1	1
OtO	O75317	Q9D9M2	1	1
OtO	O75319	Q6NXK5	1	1
OtO	O75323	O55126	1	1
OtO	O75324	P61807	1	1
OtO	O75325	Q6PHP6	1	1
OtO	O75326	Q9QUR8	1	1
OtO	O75330	Q00547	1	1
OtO	O75333	Q810F8	1	1
OtO	O75334	Q8BSS9	1	1
OtO	O75339	Q66K08	1	1
OtO	O75340	P12815	1	1
OtO	O75342	O70582	1	1
OtO	O75343	Q8BXH3	1	1
OtO	O75344	Q91XW8	1	1
OtO	O75347	P48428	1	1
OtO	O75348	Q9CR51	1	1
OtO	O75351	P46467	1	1
OtO	O75352	Q9R0Q9	1	1
OtO	O75354	Q3U0P5	1	1
OtO	O75355	Q8BFW6	1	1
OtO	O75356	Q9WUZ9	1	1
OtO	O75360	P97458	1	1
OtO	O75362	Q3U0X6	3	1
OtO	O75363	Q80YN3	1	1
OtO	O75364	O35160	1	1
OtO	O75365	Q9D658	1	1
OtO	O75366	O88398	1	1
OtO	O75367	Q9QZQ8	1	1
OtO	O75368	Q9JJU8	1	1
OtO	O75369	Q80X90	1	1
OtO	O75376	Q60974	1	1
OtO	O75379	O70480	1	1
OtO	O75380	P52503	1	1
OtO	O75381	Q9R0A0	1	1
OtO	O75382	Q9R1R2	1	1
OtO	O75385	O70405	1	1
OtO	O75386	O88413	1	1
OtO	O75387	Q8BSM7	1	1
OtO	O75390	Q9CZU6	1	1
OtO	O75391	Q7TNE3	1	1
OtO	O75394	Q9CQP0	1	1
OtO	O75396	O08547	1	1
OtO	O75398	Q9Z1T5	1	1
OtO	O75400	Q9R1C7	1	1
OtO	O75409	Q9CR04	1	1
OtO	O75410	Q6Y685	1	1
OtO	O75414	O88425	1	1
OtO	O75417	Q8CGS6	1	1
OtO	O75419	Q9Z1X9	1	1
OtO	O75420	Q99MR1	1	1
OtO	O75425	Q8BGG6	1	1
OtO	O75426	Q9D417	1	1
OtO	O75427	Q921G6	1	1
OtO	O75431	O88441	1	1
OtO	O75436	P40336	1	1
OtO	O75438	P0DN34	1	1
OtO	O75439	Q9CXT8	1	1
OtO	O75443	O08523	1	1
OtO	O75444	P54843	1	1
OtO	O75445	Q2QI47	1	1
OtO	O75446	O88574	1	1
OtO	O75448	Q99K74	1	1
OtO	O75449	Q9WV86	1	1
OtO	O75460	Q9EQY0	1	1
OtO	O75461	O54917	1	1
OtO	O75462	Q9JM58	1	1
OtO	O75469	O54915	1	1
OtO	O75473	Q9Z1P4	1	1
OtO	O75474	Q8K025	3	1
OtO	O75475	Q99JF8	1	1
OtO	O75477	Q91X78	1	1
OtO	O75478	Q8CHV6	1	1
OtO	O75486	Q8BVY4	1	1
OtO	O75487	P51655	1	1
OtO	O75489	Q9DCT2	1	1
OtO	O75493	O70354	1	1
OtO	O75494	Q9R0U0	1	1
OtO	O75496	O88513	1	1
OtO	O75503	Q3UMW8	1	1
OtO	O75506	Q9CQZ1	1	1
OtO	O75508	Q60771	1	1
OtO	O75509	Q9EPU5	1	1
OtO	O75521	Q9WUR2	1	1
OtO	O75525	Q9R226	1	1
OtO	O75526	Q9DAE2	1	1
OtO	O75528	Q8R0L9	1	1
OtO	O75529	Q91WQ5	1	1
OtO	O75530	Q921E6	1	1
OtO	O75531	O54962	1	1
OtO	O75533	Q99NB9	1	1
OtO	O75534	Q91W50	1	1
OtO	O75541	Q6PD05	1	1
OtO	O75553	P97318	1	1
OtO	O75554	Q61048	1	1
OtO	O75558	Q9D3G5	1	1
OtO	O75563	Q3UND0	1	1
OtO	O75564	Q60976	1	1
OtO	O75569	Q9WTX2	1	1
OtO	O75570	Q8K126	1	1
OtO	O75575	O35427	1	1
OtO	O75578	E9Q6R1	1	1
OtO	O75581	O88572	1	1
OtO	O75586	Q921D4	1	1
OtO	O75592	Q7TPH6	1	1
OtO	O75593	O88621	1	1
OtO	O75594	O88593	15	1
OtO	O75596	Q9EPW4	1	1
OtO	O75600	O88986	1	1
OtO	O75602	Q9JLI7	1	1
OtO	O75603	O09102	1	1
OtO	O75604	O88623	1	1
OtO	O75607	Q9CPP0	1	1
OtO	O75608	P97823	1	1
OtO	O75616	Q9CZU4	1	1
OtO	O75618	Q9Z1L3	1	1
OtO	O75626	Q60636	1	1
OtO	O75628	O35929	1	1
OtO	O75629	O88668	1	1
OtO	O75631	Q9JKX8	1	1
OtO	O75635	Q9D695	1	1
OtO	O75643	Q6P4T2	1	1
OtO	O75648	Q9DAT5	1	1
OtO	O75663	Q8BH58	1	1
OtO	O75665	Q80Z25	1	1
OtO	O75674	Q923U0	1	1
OtO	O75676	Q9Z2B9	1	1
OtO	O75683	P70279	1	1
OtO	O75688	P36993	5	1
OtO	O75689	E9PY16	1	1
OtO	O75691	Q5XG71	1	1
OtO	O75694	Q99P88	1	1
OtO	O75695	Q9EPK2	1	1
OtO	O75711	O88745	1	1
OtO	O75712	P28231	1	1
OtO	O75715	P21765	1	1
OtO	O75716	O88697	1	1
OtO	O75717	P59328	1	1
OtO	O75718	Q9CYD3	1	1
OtO	O75746	Q8BH59	1	1
OtO	O75747	O70167	1	1
OtO	O75751	Q9WTW5	1	1
OtO	O75752	Q920V1	1	1
OtO	O75762	Q8BLA8	1	1
OtO	O75764	P23881	1	1
OtO	O75771	O55230	1	1
OtO	O75781	Q9Z0P4	1	1
OtO	O75783	Q8VC82	1	1
OtO	O75787	Q9CYN9	1	1
OtO	O75791	O89100	1	1
OtO	O75792	Q9CWY8	1	1
OtO	O75794	Q8CII2	1	1
OtO	O75800	Q99ML0	1	1
OtO	O75807	P17564	1	1
OtO	O75808	Q9JLG8	1	1
OtO	O75815	Q9QZK2	1	1
OtO	O75817	Q9DCH2	1	1
OtO	O75818	Q8R1F9	1	1
OtO	O75820	Q8BKP2	1	1
OtO	O75821	Q9Z1D1	1	1
OtO	O75828	Q8K354	1	1
OtO	O75829	Q9Z1F6	1	1
OtO	O75830	Q9JK88	1	1
OtO	O75832	Q9Z2X2	1	1
OtO	O75838	Q9Z309	1	1
OtO	O75840	Q99JB0	1	1
OtO	O75841	Q9Z2C6	1	1
OtO	O75843	O88512	1	1
OtO	O75844	Q80W54	1	1
OtO	O75845	O88822	1	1
OtO	O75864	Q8BKR5	1	1
OtO	O75865	Q78XR0	1	1
OtO	O75874	O88844	1	1
OtO	O75879	Q99JT1	1	1
OtO	O75880	Q5SUC9	1	1
OtO	O75881	Q60991	1	1
OtO	O75882	Q9WU60	1	1
OtO	O75884	O88851	1	1
OtO	O75886	O88811	1	1
OtO	O75888	Q9D777	1	1
OtO	O75891	Q8R0Y6	1	1
OtO	O75896	Q9WVF8	1	1
OtO	O75899	Q80T41	1	1
OtO	O75900	O88676	1	1
OtO	O75901	Q8K342	1	1
OtO	O75907	Q9Z2A7	1	1
OtO	O75908	O88908	1	1
OtO	O75909	O88874	1	1
OtO	O75911	O88876	1	1
OtO	O75912	D3YWQ0	1	1
OtO	O75914	Q61036	1	1
OtO	O75915	Q8R5J9	1	1
OtO	O75916	O54828	1	1
OtO	O75923	Q9ESD7	1	1
OtO	O75925	O88907	1	1
OtO	O75928	Q8C5D8	1	1
OtO	O75934	Q9D287	1	1
OtO	O75935	Q9Z0Y1	1	1
OtO	O75936	Q924Y0	1	1
OtO	O75937	Q6NZB0	1	1
OtO	O75940	Q8BGT7	1	1
OtO	O75943	Q6NXW6	1	1
OtO	O75947	Q9DCX2	1	1
OtO	O75949	A2BDP1	1	1
OtO	O75951	Q9DA11	1	1
OtO	O75952	Q9D424	1	1
OtO	O75953	O89114	1	1
OtO	O75954	Q8BJU2	1	1
OtO	O75955	O08917	1	1
OtO	O75956	Q9CPY4	1	1
OtO	O75962	Q0KL02	1	1
OtO	O75969	O88987	1	1
OtO	O75970	Q8VBX6	1	1
OtO	O75971	Q8R2K7	1	1
OtO	O75973	O88992	1	1
OtO	O75976	O89001	1	1
OtO	O75995	Q8K352	1	1
OtO	O76003	Q9CQM9	1	1
OtO	O76013	B1AQ75	1	1
OtO	O76021	Q8BVY0	1	1
OtO	O76024	P56695	1	1
OtO	O76027	Q9JHQ0	1	1
OtO	O76031	Q9JHS4	1	1
OtO	O76036	Q8C567	1	1
OtO	O76038	Q91WD9	1	1
OtO	O76039	Q3UTQ8	1	1
OtO	O76041	Q0II04	1	1
OtO	O76050	Q923S6	1	1
OtO	O76054	Q99J08	1	1
OtO	O76061	O88452	1	1
OtO	O76062	Q71KT5	1	1
OtO	O76064	Q8VC56	1	1
OtO	O76070	Q9Z0F7	1	1
OtO	O76071	Q99KN2	1	1
OtO	O76074	Q8CG03	1	1
OtO	O76075	O54788	1	1
OtO	O76076	Q9Z0G4	1	1
OtO	O76080	O88878	1	1
OtO	O76081	Q9QZB1	5826	1
OtO	O76082	Q9Z0E8	1	1
OtO	O76083	O70628	1	1
OtO	O76090	O88870	1	1
OtO	O76093	O89101	1	1
OtO	O76094	F8VQC1	1	1
OtO	O76095	O88824	1	1
OtO	O76096	O89098	1	1
OtO	O77932	O70348	1	1
OtO	O94759	Q91YD4	1	1
OtO	O94760	Q9CWS0	1	1
OtO	O94761	Q75NR7	1	1
OtO	O94762	Q8VID5	1	1
OtO	O94763	Q3TLD5	1	1
OtO	O94766	P58158	1	1
OtO	O94768	Q8BG48	1	1
OtO	O94769	Q5FW85	1	1
OtO	O94772	Q9WUC3	1	1
OtO	O94776	Q9R190	1	1
OtO	O94777	Q9Z324	1	1
OtO	O94778	P56404	1	1
OtO	O94779	P68500	1	1
OtO	O94782	Q8BJQ2	1	1
OtO	O94788	Q62148	1	1
OtO	O94804	O55098	1	1
OtO	O94805	Q99MR0	1	1
OtO	O94806	Q8K1Y2	1	1
OtO	O94808	Q9Z2Z9	1	1
OtO	O94810	Q9Z2H1	1	1
OtO	O94811	Q7TQD2	1	1
OtO	O94812	Q80TT2	1	1
OtO	O94813	Q9R1B9	1	1
OtO	O94817	Q9CQY1	1	1
OtO	O94818	P60954	594	1
OtO	O94819	Q8BNW9	1	1
OtO	O94822	Q6A009	1	1
OtO	O94823	B1AWN4	1	1
OtO	O94826	Q9CZW5	1	1
OtO	O94827	Q66T02	1	1
OtO	O94829	Q8K0C1	1	1
OtO	O94830	Q80Y98	1	1
OtO	O94832	Q5SYD0	1	1
OtO	O94842	Q8BU11	1	1
OtO	O94844	Q9DAK3	1	1
OtO	O94850	Q80TS7	1	1
OtO	O94851	Q8BML1	1	1
OtO	O94855	Q6NXL1	1	1
OtO	O94856	Q810U3	1	1
OtO	O94864	Q9CZV5	1	1
OtO	O94868	Q3USJ8	1	1
OtO	O94874	Q8CCJ3	1	1
OtO	O94875	Q3UTJ2	1	1
OtO	O94876	Q69ZZ6	1	1
OtO	O94880	Q9D4H9	1	1
OtO	O94885	P59808	1	1
OtO	O94886	Q91YT8	1	1
OtO	O94887	Q91VS8	1	1
OtO	O94888	Q6P5G6	1	1
OtO	O94889	E9Q4F2	1	1
OtO	O94898	Q52KR2	1	1
OtO	O94900	Q66JW3	1	1
OtO	O94901	Q9D666	1	1
OtO	O94903	Q9Z2Y8	1	1
OtO	O94905	Q8BFZ9	1	1
OtO	O94906	Q91YR7	1	1
OtO	O94907	O54908	1	1
OtO	O94910	Q80TR1	1	1
OtO	O94911	Q8K440	1	1
OtO	O94913	G3X9Z4	1	1
OtO	O94915	F8VQ05	1	1
OtO	O94916	Q9WV30	1	1
OtO	O94919	Q8C522	1	1
OtO	O94921	O35495	1	1
OtO	O94923	Q9EPS3	1	1
OtO	O94925	D3Z7P3	1	1
OtO	O94927	Q9D786	1	1
OtO	O94929	Q69ZX8	1	1
OtO	O94933	Q810B9	1	1
OtO	O94941	Q925F4	1	1
OtO	O94952	Q8VDH1	1	1
OtO	O94953	Q91VY5	1	1
OtO	O94955	Q9CTN4	1	1
OtO	O94956	Q8BXB6	1	1
OtO	O94964	E1U8D0	1	1
OtO	O94966	Q3UJD6	1	1
OtO	O94967	Q8CGF6	1	1
OtO	O94972	Q6PCX9	1	1
OtO	O94973	P17427	1	1
OtO	O94979	Q3UPL0	1	1
OtO	O94983	Q80Y50	1	1
OtO	O94985	Q9EPL2	1	1
OtO	O94986	A2AUM9	1	1
OtO	O94988	Q8BGI4	1	1
OtO	O94989	Q5FWH6	1	1
OtO	O94991	Q810B7	1	1
OtO	O94992	Q8R409	1	1
OtO	O94993	Q8CGW4	1	1
OtO	O95007	Q8VGW8	1	1
OtO	O95025	Q8BH34	1	1
OtO	O95045	Q8CGR7	1	1
OtO	O95049	Q9QXY1	1	1
OtO	O95050	P40936	1	1
OtO	O95057	Q91Z61	1	1
OtO	O95059	Q9CQH8	1	1
OtO	O95067	P30276	1	1
OtO	O95069	P97438	1	1
OtO	O95070	Q91XB7	1	1
OtO	O95071	Q80TP3	1	1
OtO	O95072	Q8C5S7	1	1
OtO	O95073	Q8BKE5	1	1
OtO	O95076	O70137	1	1
OtO	O95081	Q80WC7	1	1
OtO	O95084	Q9D6X6	1	1
OtO	O95096	P42586	1	1
OtO	O95104	Q7TSH6	1	1
OtO	O95125	Q8C879	1	1
OtO	O95136	P52592	1	1
OtO	O95139	Q3UIU2	1	1
OtO	O95140	Q80U63	1	1
OtO	O95147	Q9JLY7	1	1
OtO	O95149	Q80W37	1	1
OtO	O95150	Q5UBV8	1	1
OtO	O95153	Q7TNF8	1	1
OtO	O95155	Q9ES00	1	1
OtO	O95156	Q61199	1	1
OtO	O95157	Q91VX5	1	1
OtO	O95158	G3X9N5	1	1
OtO	O95159	Q9DB43	1	1
OtO	O95163	Q7TT37	1	1
OtO	O95164	Q9Z2M6	1	1
OtO	O95166	Q9DCD6	1	1
OtO	O95167	Q9CQ91	1	1
OtO	O95168	Q9CQC7	1	1
OtO	O95169	Q9D6J5	1	1
OtO	O95171	Q9EQG3	1	1
OtO	O95178	Q9CPU2	1	1
OtO	O95180	O88427	1	1
OtO	O95182	Q9Z1P6	1	1
OtO	O95183	Q9Z2P8	1	1
OtO	O95185	O08747	1	1
OtO	O95190	O08608	1	1
OtO	O95196	Q71M36	1	1
OtO	O95197	Q9ES97	1	1
OtO	O95198	Q8JZP3	1	1
OtO	O95199	Q99LJ7	1	1
OtO	O95201	P10754	1	1
OtO	O95202	Q9Z2I0	1	1
OtO	O95206	Q7TSK3	1	1
OtO	O95208	Q8CHU3	1	1
OtO	O95210	Q8C7E7	1	1
OtO	O95214	Q9CQ74	1	1
OtO	O95218	Q9R020	1	1
OtO	O95219	Q91YJ2	1	1
OtO	O95222	Q9QWU6	1	1
OtO	O95229	Q9CQU5	4	1
OtO	O95232	Q5SUF2	1	1
OtO	O95235	P97329	1	1
OtO	O95237	Q9JI60	1	1
OtO	O95238	Q9WTP3	1	1
OtO	O95243	Q9Z2D7	1	1
OtO	O95248	Q6ZPE2	1	1
OtO	O95249	O88630	1	1
OtO	O95251	Q5SVQ0	1	1
OtO	O95255	Q9R1S7	1	1
OtO	O95256	Q9Z2B1	1	1
OtO	O95257	Q9Z111	1	1
OtO	O95258	Q9Z2B2	1	1
OtO	O95259	Q60603	1	1
OtO	O95260	Q9Z2A5	1	1
OtO	O95263	E9Q4S1	1	1
OtO	O95264	Q9JHJ5	1	1
OtO	O95267	Q9Z1S3	1	1
OtO	O95271	Q6PFX9	1	1
OtO	O95273	Q3TVC7	1	1
OtO	O95274	Q91YK8	1	1
OtO	O95279	Q9JK62	1	1
OtO	O95292	Q9QY76	1	1
OtO	O95294	Q9Z268	1	1
OtO	O95295	Q9Z266	1	1
OtO	O95297	Q3TEW6	1	1
OtO	O95299	Q99LC3	1	1
OtO	O95302	Q9Z247	1	1
OtO	O95319	Q9Z0H4	1	1
OtO	O95336	Q9CQ60	1	1
OtO	O95340	O88428	1	1
OtO	O95342	Q9QY30	1	1
OtO	O95343	Q62233	1	1
OtO	O95347	Q8CG48	1	1
OtO	O95352	Q9D906	1	1
OtO	O95359	Q9JJG0	338	1
OtO	O95361	Q99PP9	1	1
OtO	O95363	Q99M01	1	1
OtO	O95365	O88939	1	1
OtO	O95371	P23275	2	1
OtO	O95372	Q9WTL7	1	1
OtO	O95373	Q9EPL8	1	1
OtO	O95376	Q9Z1K6	1	1
OtO	O95377	Q02739	1	1
OtO	O95379	Q921Z5	1	1
OtO	O95382	Q9WTR2	1	1
OtO	O95388	O54775	1	1
OtO	O95389	D3Z5L9	1	1
OtO	O95390	Q9Z1W4	1	1
OtO	O95391	Q8BHJ9	1	1
OtO	O95393	Q9R229	1	1
OtO	O95394	Q9CYR6	1	1
OtO	O95395	Q5JCT0	1	1
OtO	O95396	A2BDX3	1	1
OtO	O95398	Q8VCC8	1	1
OtO	O95399	Q9QZQ3	2	1
OtO	O95400	Q9CWK3	1	1
OtO	O95402	Q7TN02	1	1
OtO	O95405	A2A8R0	1	1
OtO	O95406	O35372	1	1
OtO	O95409	Q62520	1	1
OtO	O95415	P28662	1	1
OtO	O95416	Q04892	1	1
OtO	O95424	Q9WUQ7	1	1
OtO	O95425	Q8K4L3	1	1
OtO	O95427	Q9R1S3	1	1
OtO	O95428	Q9EPX2	1	1
OtO	O95429	Q8CI61	1	1
OtO	O95433	Q8BK64	1	1
OtO	O95436	Q9DBP0	1	1
OtO	O95445	Q9Z1R3	1	1
OtO	O95447	Q8C0X0	8	1
OtO	O95450	Q8C9W3	1	1
OtO	O95452	P70689	1	1
OtO	O95453	Q8VDG3	1	1
OtO	O95455	Q8VDR7	1	1
OtO	O95456	Q9JK23	1	1
OtO	O95460	O89029	1	1
OtO	O95461	Q9Z1M7	1	1
OtO	O95466	Q9JL26	1	1
OtO	O95470	Q8R0X7	1	1
OtO	O95471	Q9Z261	1	1
OtO	O95473	Q9Z1L2	1	1
OtO	O95475	Q9QZ28	1	1
OtO	O95476	Q3TP92	1	1
OtO	O95477	P41233	1	1
OtO	O95478	Q9CR47	1	1
OtO	O95479	Q8CFX1	1	1
OtO	O95484	Q9Z0S7	1	1
OtO	O95486	Q3U2P1	1	1
OtO	O95487	Q80ZX0	1	1
OtO	O95490	Q8JZZ7	1	1
OtO	O95497	Q9Z0K8	1	1
OtO	O95500	Q9Z0S3	1	1
OtO	O95502	Q99J85	1	1
OtO	O95503	Q9DBY5	1	1
OtO	O95528	Q8VHD6	1	1
OtO	O95544	P58058	1	1
OtO	O95551	Q9JJX7	1	1
OtO	O95561	E0CXC6	1	1
OtO	O95562	Q8VD57	1	1
OtO	O95563	Q9D023	1	1
OtO	O95568	Q9CZ09	1	1
OtO	O95571	Q9DCM0	1	1
OtO	O95573	Q9CZW4	1	1
OtO	O95600	Q8BLM0	1	1
OtO	O95602	O35134	1	1
OtO	O95613	P48725	1	1
OtO	O95619	Q9CR11	1	1
OtO	O95620	Q32M08	1	1
OtO	O95622	P84309	1	1
OtO	O95625	G5E8B9	1	1
OtO	O95628	Q8BT14	1	1
OtO	O95630	Q9CQ26	1	1
OtO	O95631	O09118	1	1
OtO	O95633	Q9EQC7	1	1
OtO	O95639	Q8BQZ5	1	1
OtO	O95644	O88942	2	1
OtO	O95665	P70310	1	1
OtO	O95670	Q9WTT4	1	1
OtO	O95672	Q9JMI0	1	1
OtO	O95674	Q99L43	1	1
OtO	O95677	Q9Z191	1	1
OtO	O95678	Q8BGZ7	1	1
OtO	O95684	Q66JX5	1	1
OtO	O95685	A2AJW4	1	1
OtO	O95696	G5E8P1	1	1
OtO	O95704	Q8R1C9	1	1
OtO	O95707	Q9CR08	1	1
OtO	O95711	O88188	1	1
OtO	O95714	Q4U2R1	1	1
OtO	O95715	Q9WUQ5	1	1
OtO	O95716	P35276	1	1
OtO	O95718	Q61539	1	1
OtO	O95721	Q9ERB0	1	1
OtO	O95727	Q149L7	1	1
OtO	O95741	Q9Z140	1	1
OtO	O95747	Q6P9R2	1	1
OtO	O95749	Q9WTN0	1	1
OtO	O95750	O35622	2704	1
OtO	O95751	Q7TPY9	1	1
OtO	O95754	Q9Z123	1	1
OtO	O95755	Q8CAM5	1	1
OtO	O95757	P48722	1	1
OtO	O95758	Q8BHD7	1	1
OtO	O95759	Q9Z1A9	1	1
OtO	O95760	Q8BVZ5	1	1
OtO	O95772	Q9DCI3	1	1
OtO	O95777	Q6ZWM4	1	1
OtO	O95782	P17426	1	1
OtO	O95785	O88286	1	1
OtO	O95786	Q6Q899	1	1
OtO	O95789	Q8BS54	1	1
OtO	O95793	Q9Z108	1	1
OtO	O95800	Q6X632	1	1
OtO	O95801	Q8R3H9	1	1
OtO	O95803	Q9EQH7	1	1
OtO	O95807	Q9CXL1	1	1
OtO	O95810	Q63918	1	1
OtO	O95813	O55233	1	1
OtO	O95816	Q91YN9	1	1
OtO	O95817	Q9JLV1	1	1
OtO	O95819	P97820	1	1
OtO	O95822	Q99J39	1	1
OtO	O95825	Q921W4	1	1
OtO	O95831	Q9Z0X1	1	1
OtO	O95832	O88551	1	1
OtO	O95833	Q9D7P7	1	1
OtO	O95834	Q7TNG5	1	1
OtO	O95835	Q8BYR2	1	1
OtO	O95837	P30677	1	1
OtO	O95838	Q5IXF8	1	1
OtO	O95841	Q640P2	1	1
OtO	O95847	Q9D6D0	1	1
OtO	O95848	Q9D142	1	1
OtO	O95857	Q9D8C2	1	1
OtO	O95858	F7BWT7	1	1
OtO	O95859	Q8BKT6	1	1
OtO	O95861	Q9Z0S1	1	1
OtO	O95863	Q02085	1	1
OtO	O95864	Q9Z0R9	1	1
OtO	O95865	Q99LD8	1	1
OtO	O95866	D7PDD4	1	1
OtO	O95867	Q9Z1Q4	1	1
OtO	O95868	Q9Z1Q3	1	1
OtO	O95870	Q9Z1Q2	1	1
OtO	O95872	Q61858	1	1
OtO	O95873	Q9Z1R4	1	1
OtO	O95876	Q8C456	1	1
OtO	O95881	Q9CQU0	1	1
OtO	O95886	Q6PFD5	1	1
OtO	O95897	Q8BM13	1	1
OtO	O95900	Q91WG3	1	1
OtO	O95905	Q9CS74	1	1
OtO	O95907	O35308	1	1
OtO	O95922	Q91V51	1	1
OtO	O95925	Q9DA01	1	1
OtO	O95926	Q9D198	1	1
OtO	O95931	Q8VDS3	227	1
OtO	O95932	Q8BM11	1	1
OtO	O95935	Q9EPZ6	1	1
OtO	O95936	O54839	1	1
OtO	O95947	P70327	1	1
OtO	O95948	Q6XBJ3	1	1
OtO	O95954	Q91XD4	1	1
OtO	O95965	Q8VDV0	1	1
OtO	O95967	Q9WVJ9	1	1
OtO	O95970	Q9JIA1	1	1
OtO	O95971	O88875	1	1
OtO	O95972	Q9Z0L4	1	1
OtO	O95976	P0C6B7	1	1
OtO	O95977	Q9Z0L1	1	1
OtO	O95980	Q9Z0J1	1	1
OtO	O95983	Q9Z2D8	1	1
OtO	O95985	Q9Z321	1	1
OtO	O95989	Q9JI46	1	1
OtO	O95990	Q78TU8	1	1
OtO	O95992	Q9Z0F5	1	1
OtO	O95994	O88312	1	1
OtO	O95995	Q60779	1	1
OtO	O95996	Q9Z1K7	1	1
OtO	O95998	Q9Z0M9	1	1
OtO	O95999	Q9Z0H7	1	1
OtO	O96000	Q9DCS9	1	1
OtO	O96001	Q9Z2E4	1	1
OtO	O96004	Q64279	1	1
OtO	O96005	Q8VBZ3	1	1
OtO	O96007	Q9Z223	1	1
OtO	O96008	Q9QYA2	1	1
OtO	O96009	O09043	1	1
OtO	O96011	Q9Z210	1	1
OtO	O96013	Q8BTW9	1	1
OtO	O96014	P48615	1	1
OtO	O96015	Q9DCM4	1	1
OtO	O96017	Q9Z265	1	1
OtO	O96018	O88888	1	1
OtO	O96019	Q9Z2N8	1	1
OtO	O96020	Q9Z238	1	1
OtO	O96024	Q9Z0F0	1	1
OtO	O96028	Q8BVE8	1	1
OtO	P00156	P00158	1	1
OtO	P00167	P56395	1	1
OtO	P00338	P06151	1	1
OtO	P00367	P26443	1	1
OtO	P00374	P00375	1	1
OtO	P00387	Q9DCN2	1	1
OtO	P00390	P47791	1	1
OtO	P00395	P00397	1	1
OtO	P00403	P00405	1	1
OtO	P00414	P00416	1	1
OtO	P00439	P16331	1	1
OtO	P00441	P08228	1	1
OtO	P00450	Q61147	1	1
OtO	P00451	Q06194	1	1
OtO	P00480	P11725	1	1
OtO	P00488	Q8BH61	1	1
OtO	P00492	P00493	1	1
OtO	P00505	P05202	1	1
OtO	P00519	P00520	1	1
OtO	P00533	Q01279	1	1
OtO	P00540	P00536	1	1
OtO	P00558	P09411	1	1
OtO	P00568	Q9R0Y5	1	1
OtO	P00709	P29752	1	1
OtO	P00734	P19221	1	1
OtO	P00740	P16294	1	1
OtO	P00742	O88947	1	1
OtO	P00746	P03953	23	1
OtO	P00747	P20918	1	1
OtO	P00748	Q80YC5	1	1
OtO	P00749	P06869	1	1
OtO	P00750	P11214	1	1
OtO	P00751	P04186	1	1
OtO	P00813	P03958	1	1
OtO	P00846	P00848	1	1
OtO	P00915	P13634	1	1
OtO	P00918	P00920	1	1
OtO	P00966	P16460	1	1
OtO	P00995	P09036	1	1
OtO	P01008	P32261	1	1
OtO	P01019	P11859	1	1
OtO	P01024	P01027	1	1
OtO	P01031	P06684	1	1
OtO	P01033	P12032	1	1
OtO	P01034	P21460	1	1
OtO	P01100	P01101	1	1
OtO	P01106	P01108	1	1
OtO	P01111	P08556	1	1
OtO	P01112	Q61411	1	1
OtO	P01116	P32883	1	1
OtO	P01127	P31240	1	1
OtO	P01130	P35951	1	1
OtO	P01133	P01132	1	1
OtO	P01135	P48030	1	1
OtO	P01137	P04202	1	1
OtO	P01138	P01139	1	1
OtO	P01148	P13562	1	1
OtO	P01160	P05125	1	1
OtO	P01178	P35454	1	1
OtO	P01185	P35455	1	1
OtO	P01189	P01193	1	1
OtO	P01210	P22005	1	1
OtO	P01213	O35417	1	1
OtO	P01215	P01216	1	1
OtO	P01222	P12656	1	1
OtO	P01225	Q60687	1	1
OtO	P01236	P06879	1	1
OtO	P01258	P70160	1	1
OtO	P01266	O08710	1	1
OtO	P01270	Q9Z0L6	1	1
OtO	P01275	P55095	1	1
OtO	P01282	P32648	1	1
OtO	P01286	P16043	1	1
OtO	P01298	P10601	285	1
OtO	P01303	P57774	1	1
OtO	P01344	P09535	1	1
OtO	P01350	P48757	1	1
OtO	P01374	P09225	1	1
OtO	P01375	P06804	1	1
OtO	P01574	P01575	1	1
OtO	P01579	P01580	1	1
OtO	P01583	P01582	1	1
OtO	P01584	P10749	1	1
OtO	P01588	P07321	1	1
OtO	P01589	P01590	1	1
OtO	P01591	P01592	1	1
OtO	P01730	P06332	1	1
OtO	P01732	P01731	1	1
OtO	P01833	O70570	1	1
OtO	P01834	P01837	1	1
OtO	P01848	P01849	1	1
OtO	P01854	P06336	66	1
OtO	P01871	P01872	2	1
OtO	P02008	P06467	1	1
OtO	P02100	P02104	1	1
OtO	P02144	P04247	1	1
OtO	P02452	P11087	1	1
OtO	P02458	P28481	1	1
OtO	P02461	P08121	1	1
OtO	P02462	P02463	1	1
OtO	P02489	P24622	2	1
OtO	P02511	P23927	1	1
OtO	P02533	Q61781	1	1
OtO	P02545	P48678	1	1
OtO	P02549	P08032	1	1
OtO	P02585	P20801	1	1
OtO	P02647	Q00623	1	1
OtO	P02649	P08226	1	1
OtO	P02652	P09813	1	1
OtO	P02654	P34928	1	1
OtO	P02655	Q05020	1	1
OtO	P02656	P33622	1	1
OtO	P02671	E9PV24	1	1
OtO	P02675	Q8K0E8	1	1
OtO	P02679	Q8VCM7	1	1
OtO	P02686	P04370	1	1
OtO	P02689	P24526	1	1
OtO	P02708	P04756	1	1
OtO	P02724	P14220	3	1
OtO	P02730	P04919	1	1
OtO	P02741	P14847	1	1
OtO	P02743	P12246	1	1
OtO	P02745	P98086	1	1
OtO	P02746	P14106	1	1
OtO	P02747	Q02105	1	1
OtO	P02748	P06683	1	1
OtO	P02749	Q01339	1	1
OtO	P02750	Q91XL1	1	1
OtO	P02751	P11276	1	1
OtO	P02753	Q00724	1	1
OtO	P02760	Q07456	1	1
OtO	P02765	P29699	1	1
OtO	P02766	P07309	1	1
OtO	P02768	P07724	1	1
OtO	P02771	P02772	1	1
OtO	P02774	P21614	1	1
OtO	P02778	P17515	1	1
OtO	P02786	Q62351	1	1
OtO	P02787	Q921I1	1	1
OtO	P02788	P08071	1	1
OtO	P02790	Q91X72	1	1
OtO	P02794	P09528	1	1
OtO	P03372	P19785	1	1
OtO	P03886	P03888	1	1
OtO	P03891	P03893	1	1
OtO	P03897	P03899	1	1
OtO	P03901	P03903	1	1
OtO	P03905	P03911	1	1
OtO	P03915	P03921	1	1
OtO	P03923	P03925	1	1
OtO	P03928	P03930	1	1
OtO	P03951	Q91Y47	1	1
OtO	P03952	P26262	1	1
OtO	P03971	P27106	1	1
OtO	P03973	P97430	1	1
OtO	P03999	P51491	1	1
OtO	P04003	Q60736	2	1
OtO	P04004	P29788	1	1
OtO	P04035	Q01237	1	1
OtO	P04040	P24270	1	1
OtO	P04049	Q99N57	1	1
OtO	P04053	P09838	1	1
OtO	P04054	Q9Z0Y2	1	1
OtO	P04062	P17439	1	1
OtO	P04066	Q99LJ1	1	1
OtO	P04070	P33587	1	1
OtO	P04075	P05064	1	1
OtO	P04080	Q62426	1	1
OtO	P04083	P10107	1	1
OtO	P04085	P20033	1	1
OtO	P04114	E9Q414	1	1
OtO	P04118	Q9CQC2	1	1
OtO	P04141	P01587	1	1
OtO	P04150	P06537	1	1
OtO	P04155	Q08423	1	1
OtO	P04156	P04925	1	1
OtO	P04179	P09671	1	1
OtO	P04180	P16301	1	1
OtO	P04181	P29758	1	1
OtO	P04183	P04184	1	1
OtO	P04196	Q9ESB3	1	1
OtO	P04198	P03966	1	1
OtO	P04201	P30554	1	1
OtO	P04216	P01831	1	1
OtO	P04217	Q19LI2	1	1
OtO	P04233	P04441	1	1
OtO	P04234	P04235	1	1
OtO	P04264	P04104	1	1
OtO	P04271	P50114	1	1
OtO	P04275	Q8CIZ8	1	1
OtO	P04278	P97497	1	1
OtO	P04350	Q9D6F9	1	1
OtO	P04424	Q91YI0	1	1
OtO	P04437	A0A0B4J1K4	4	1
OtO	P04626	P70424	1	1
OtO	P04628	P04426	1	1
OtO	P04629	Q3UFB7	1	1
OtO	P04632	O88456	1	1
OtO	P04637	P02340	1	1
OtO	P04792	P14602	1	1
OtO	P04798	P00184	1	1
OtO	P04818	P07607	1	1
OtO	P04839	Q61093	1	1
OtO	P04843	Q91YQ5	1	1
OtO	P04844	Q9DBG6	1	1
OtO	P04899	P08752	1	1
OtO	P04908	C0HKE4	1	1
OtO	P04920	P13808	1	1
OtO	P04921	Q78HU7	1	1
OtO	P05019	P05017	1	1
OtO	P05023	Q8VDN2	1	1
OtO	P05026	P14094	1	1
OtO	P05060	P16014	1	1
OtO	P05062	Q91Y97	1	1
OtO	P05067	P12023	1	1
OtO	P05089	Q61176	1	1
OtO	P05090	P51910	1	1
OtO	P05091	P47738	1	1
OtO	P05093	P27786	1	1
OtO	P05106	O54890	1	1
OtO	P05107	P11835	1	1
OtO	P05108	Q9QZ82	1	1
OtO	P05109	P27005	1	1
OtO	P05111	Q04997	1	1
OtO	P05112	P07750	1	1
OtO	P05113	P04401	1	1
OtO	P05114	P18608	1	1
OtO	P05120	P12388	2	1
OtO	P05121	P22777	1	1
OtO	P05129	P63318	1	1
OtO	P05141	P51881	1	1
OtO	P05154	P70458	3	1
OtO	P05155	P97290	1	1
OtO	P05156	Q61129	1	1
OtO	P05160	Q07968	1	1
OtO	P05161	Q64339	1	1
OtO	P05162	Q9CQW5	1	1
OtO	P05164	P11247	1	1
OtO	P05165	Q91ZA3	1	1
OtO	P05166	Q99MN9	1	1
OtO	P05177	P00186	2	1
OtO	P05181	Q05421	1	1
OtO	P05186	P09242	1	1
OtO	P05198	Q6ZWX6	1	1
OtO	P05204	P09602	1	1
OtO	P05230	P61148	1	1
OtO	P05231	P08505	1	1
OtO	P05305	P22387	1	1
OtO	P05362	P13597	1	1
OtO	P05386	P47955	1	1
OtO	P05387	P99027	1	1
OtO	P05388	P14869	1	1
OtO	P05408	P12961	1	1
OtO	P05412	P05627	1	1
OtO	P05413	P11404	1	1
OtO	P05423	Q91WD1	1	1
OtO	P05452	P43025	1	1
OtO	P05455	P32067	1	1
OtO	P05496	Q9CR84	1	1
OtO	P05543	P61939	1	1
OtO	P05546	P49182	1	1
OtO	P05549	P34056	1	1
OtO	P05556	P09055	1	1
OtO	P05771	P68404	1	1
OtO	P05783	P05784	1	1
OtO	P05787	P11679	1	1
OtO	P05813	P02525	1	1
OtO	P05814	P10598	1	1
OtO	P05937	P12658	1	1
OtO	P05976	P05977	1	1
OtO	P05981	O35453	1	1
OtO	P05997	Q3U962	1	1
OtO	P06127	P13379	1	1
OtO	P06132	P70697	1	1
OtO	P06213	P15208	1	1
OtO	P06239	P06240	1	1
OtO	P06241	P39688	1	1
OtO	P06276	Q03311	1	1
OtO	P06280	P51569	1	1
OtO	P06307	P09240	1	1
OtO	P06340	Q9QWV1	1	1
OtO	P06396	P13020	1	1
OtO	P06400	P13405	1	1
OtO	P06401	Q00175	1	1
OtO	P06454	P26350	1	1
OtO	P06493	P11440	1	1
OtO	P06576	P56480	1	1
OtO	P06681	P21180	1	1
OtO	P06702	P31725	1	1
OtO	P06703	P14069	1	1
OtO	P06727	P06728	1	1
OtO	P06729	P08920	1	1
OtO	P06730	P63073	1	1
OtO	P06732	P07310	1	1
OtO	P06733	P17182	1	1
OtO	P06734	P20693	1	1
OtO	P06737	Q9ET01	1	1
OtO	P06744	P06745	1	1
OtO	P06746	Q8K409	1	1
OtO	P06748	Q61937	1	1
OtO	P06753	P21107	1	1
OtO	P06756	P43406	1	1
OtO	P06850	Q8CIT0	1	1
OtO	P06858	P11152	1	1
OtO	P06865	P29416	1	1
OtO	P07093	Q07235	1	1
OtO	P07098	Q9CPP7	1	1
OtO	P07099	Q9D379	1	1
OtO	P07101	P24529	1	1
OtO	P07108	P31786	1	1
OtO	P07148	P12710	1	1
OtO	P07195	P16125	1	1
OtO	P07196	P08551	1	1
OtO	P07197	P08553	1	1
OtO	P07199	P27790	1	1
OtO	P07202	P35419	1	1
OtO	P07203	P11352	1	1
OtO	P07204	P15306	1	1
OtO	P07225	Q08761	1	1
OtO	P07237	P09103	1	1
OtO	P07305	P10922	1	1
OtO	P07306	P34927	1	1
OtO	P07307	P24721	2	1
OtO	P07311	P56376	1	1
OtO	P07315	Q61597	1	1
OtO	P07316	P04344	1	1
OtO	P07332	P16879	1	1
OtO	P07333	P09581	1	1
OtO	P07339	P18242	1	1
OtO	P07357	Q8K182	1	1
OtO	P07358	Q8BH35	1	1
OtO	P07359	O35930	1	1
OtO	P07360	Q8VCG4	1	1
OtO	P07384	O35350	1	1
OtO	P07437	P99024	1	1
OtO	P07451	P16015	1	1
OtO	P07476	P48997	1	1
OtO	P07492	Q8R1I2	1	1
OtO	P07498	P06796	1	1
OtO	P07510	P04760	1	1
OtO	P07550	P18762	1	1
OtO	P07585	P28654	1	1
OtO	P07602	Q61207	1	1
OtO	P07686	P20060	1	1
OtO	P07737	P62962	1	1
OtO	P07738	P15327	1	1
OtO	P07741	P08030	1	1
OtO	P07766	P22646	1	1
OtO	P07814	Q8CGC7	1	1
OtO	P07858	P10605	1	1
OtO	P07900	P07901	1	1
OtO	P07902	Q03249	1	1
OtO	P07910	Q9Z204	1	1
OtO	P07911	Q91X17	1	1
OtO	P07942	P02469	1	1
OtO	P07947	Q04736	1	1
OtO	P07948	P25911	1	1
OtO	P07949	P35546	1	1
OtO	P07951	P58774	1	1
OtO	P07954	P97807	1	1
OtO	P07988	P50405	1	1
OtO	P07992	P07903	1	1
OtO	P07996	P35441	1	1
OtO	P07998	P00683	1	1
OtO	P08034	P28230	1	1
OtO	P08047	O89090	1	1
OtO	P08069	Q60751	1	1
OtO	P08100	P15409	1	1
OtO	P08118	O08540	1	1
OtO	P08123	Q01149	1	1
OtO	P08133	P14824	1	1
OtO	P08134	Q62159	1	1
OtO	P08138	Q9Z0W1	1	1
OtO	P08151	P47806	1	1
OtO	P08172	Q9ERZ4	1	1
OtO	P08173	P32211	1	1
OtO	P08183	P21447	1	1
OtO	P08185	Q06770	12	1
OtO	P08195	P10852	1	1
OtO	P08235	Q8VII8	1	1
OtO	P08236	P12265	1	1
OtO	P08237	P47857	1	1
OtO	P08238	P11499	1	1
OtO	P08240	Q9DBG7	1	1
OtO	P08243	Q61024	1	1
OtO	P08246	Q3UP87	1	1
OtO	P08247	Q62277	1	1
OtO	P08253	P33434	1	1
OtO	P08254	P28862	2	1
OtO	P08294	O09164	7	1
OtO	P08311	P28293	1	1
OtO	P08319	Q9QYY9	1	1
OtO	P08397	P22907	1	1
OtO	P08473	Q61391	1	1
OtO	P08476	Q04998	1	1
OtO	P08493	P19788	1	1
OtO	P08514	Q9QUM0	1	1
OtO	P08559	P35486	1	1
OtO	P08567	Q9JHK5	1	1
OtO	P08571	P10810	1	1
OtO	P08572	P08122	1	1
OtO	P08574	Q9D0M3	1	1
OtO	P08575	P06800	1	1
OtO	P08579	Q9CQI7	1	1
OtO	P08581	P16056	1	1
OtO	P08582	Q9R0R1	1	1
OtO	P08588	P34971	1	1
OtO	P08590	P09542	2	1
OtO	P08603	P06909	1	1
OtO	P08620	P11403	1	1
OtO	P08621	Q62376	1	1
OtO	P08631	P08103	1	1
OtO	P08648	P11688	1	1
OtO	P08651	P70255	1	1
OtO	P08670	P20152	1	1
OtO	P08686	P03940	1	1
OtO	P08697	Q61247	1	1
OtO	P08708	P63276	1	1
OtO	P08709	P70375	1	1
OtO	P08727	P19001	1	1
OtO	P08729	Q9DCV7	1	1
OtO	P08754	Q9DC51	1	1
OtO	P08758	P48036	1	1
OtO	P08779	Q9Z2K1	2	1
OtO	P08833	P47876	1	1
OtO	P08842	P50427	12171	1
OtO	P08865	P14206	1	1
OtO	P08887	P22272	3	1
OtO	P08908	Q64264	1	1
OtO	P08910	Q9QXM0	1	1
OtO	P08912	Q920H4	1	1
OtO	P08913	Q01338	1	1
OtO	P08922	Q78DX7	1	1
OtO	P08949	Q9CR53	1	1
OtO	P08962	P41731	1	1
OtO	P08F94	E9PZ36	1	1
OtO	P09001	Q99N95	1	1
OtO	P09012	Q62189	1	1
OtO	P09016	P10628	1	1
OtO	P09017	Q08624	1	1
OtO	P09038	P15655	12668	1
OtO	P09067	P09079	1	1
OtO	P09086	Q00196	1	1
OtO	P09104	P17183	1	1
OtO	P09131	P21129	1	1
OtO	P09132	Q9D7A6	1	1
OtO	P09172	Q64237	1	1
OtO	P09234	Q62241	1	1
OtO	P09237	Q10738	1	1
OtO	P09238	O55123	1	1
OtO	P09326	P18181	1	1
OtO	P09327	Q62468	1	1
OtO	P09382	P16045	1	1
OtO	P09417	Q8BVI4	1	1
OtO	P09429	P63158	1	1
OtO	P09430	P10856	1	1
OtO	P09455	Q00915	1	1
OtO	P09467	Q9QXD6	1	1
OtO	P09471	P18872	1	1
OtO	P09486	P07214	1	1
OtO	P09493	P58771	1	1
OtO	P09496	O08585	1	1
OtO	P09497	Q6IRU5	1	1
OtO	P09525	P97429	1	1
OtO	P09529	Q04999	1	1
OtO	P09543	P16330	1	1
OtO	P09544	P21552	1	1
OtO	P09564	P50283	71	1
OtO	P09601	P14901	1	1
OtO	P09603	P07141	1	1
OtO	P09619	P05622	1	1
OtO	P09622	O08749	1	1
OtO	P09629	P09024	1	1
OtO	P09630	P10629	1	1
OtO	P09661	P57784	1	1
OtO	P09668	P49935	1	1
OtO	P09669	Q9CPQ1	10	1
OtO	P09681	P48756	1	1
OtO	P09683	Q08535	2	1
OtO	P09693	P11942	1	1
OtO	P09758	Q8BGV3	1	1
OtO	P09769	P14234	1	1
OtO	P09848	F8VPT3	1	1
OtO	P09874	P11103	1	1
OtO	P09884	P33609	1	1
OtO	P09913	Q64112	1	1
OtO	P09917	P48999	1	1
OtO	P09919	P09920	1	1
OtO	P09936	Q9R0P9	1	1
OtO	P09958	P23188	1	1
OtO	P09960	P24527	1	1
OtO	P09972	P05063	1	1
OtO	P0C024	Q99P30	1	1
OtO	P0C025	Q9CWD3	1	1
OtO	P0C091	Q5H8B9	1	1
OtO	P0C0P6	P0C0P8	1	1
OtO	P0C0S5	P0C0S6	1	1
OtO	P0C1S8	Q66JT0	1	1
OtO	P0C1Z6	Q3U1J1	1	1
OtO	P0C221	E9PVB3	2	1
OtO	P0C263	P0C5K1	1	1
OtO	P0C264	P0C5K0	1	1
OtO	P0C2L3	Q8BUM6	1	1
OtO	P0C2S0	Q3URE8	1	1
OtO	P0C2W1	Q8K3B1	1	1
OtO	P0C626	Q8VF76	2	1
OtO	P0C628	Q7TS40	1	1
OtO	P0C671	Q8CC96	1	1
OtO	P0C6A0	Q1WG82	1	1
OtO	P0C6C1	Q8BLB8	1	1
OtO	P0C6S8	Q6GQU6	1	1
OtO	P0C6T2	Q99LX8	1	1
OtO	P0C7I6	Q8C963	2	1
OtO	P0C7L1	Q09TK9	2	1
OtO	P0C7M7	Q80W40	1	1
OtO	P0C7M8	P0C7M9	1	1
OtO	P0C7N1	Q8VFL0	1	1
OtO	P0C7P0	B1AR13	3	1
OtO	P0C7P3	V9GXG1	1	1
OtO	P0C7T5	P0C7T6	1	1
OtO	P0C7T8	Q3UNB8	1	1
OtO	P0C7U0	Q8C8T7	1	1
OtO	P0C7W0	B1ARI9	1	1
OtO	P0C7W6	Q810N9	3	1
OtO	P0C7X2	E9Q5M9	1	1
OtO	P0C851	Q8BFY0	1	1
OtO	P0C869	P0C871	1	1
OtO	P0C870	P0C872	1	1
OtO	P0C875	Q497Q6	4	1
OtO	P0C8F1	Q09098	1	1
OtO	P0CAP1	Q3UIJ9	1	1
OtO	P0CAP2	Q6P6I6	1	1
OtO	P0CB38	G5E8X2	1	1
OtO	P0CG01	Q9D0T7	1	1
OtO	P0CG12	P0CG14	1	1
OtO	P0CG13	P0CG15	1	1
OtO	P0CG20	E0CXQ2	1	1
OtO	P0CG21	Q3UP44	1	1
OtO	P0CG40	Q64HY3	1	1
OtO	P0CG48	P0CG50	1	1
OtO	P0CJ74	J3QJY3	12	1
OtO	P0CJ78	Q3U3I9	1	1
OtO	P0CK96	Q8C811	1	1
OtO	P0CW18	F2YMG0	1	1
OtO	P0CW23	G3UWD5	10	1
OtO	P0CW27	S4R181	4	1
OtO	P0DH78	Q3UIW8	1	1
OtO	P0DI80	Q3U0I6	1	1
OtO	P0DJ07	P0DJE0	1	1
OtO	P0DJ93	E9Q942	1	1
OtO	P0DJG4	Q9DA15	1	1
OtO	P0DJH9	B2RV38	1	1
OtO	P0DJR0	E9PW74	1	1
OtO	P0DKB5	Q8C013	1	1
OtO	P0DKL9	Q3UKZ7	1	1
OtO	P0DKX4	J3QNP2	1	1
OtO	P0DL12	A0A504	1	1
OtO	P0DMC3	P0DMC4	1	1
OtO	P0DMQ5	A0A1L1STD6	1	1
OtO	P0DMS8	Q61618	1	1
OtO	P0DMS9	G3X8R9	1	1
OtO	P0DMT0	Q9CV60	1	1
OtO	P0DMW3	E9Q3K4	13	1
OtO	P0DN84	P0DN83	1	1
OtO	P0DO92	A0A1D5RM53	33	1
OtO	P0DO97	E9PYL8	1	1
OtO	P0DP57	P0DP59	1	1
OtO	P0DP58	P0DP60	1	1
OtO	P0DP72	A0A140LHF2	1	1
OtO	P0DPA2	Q6P3A4	1	1
OtO	P0DPB6	P97304	1	1
OtO	P0DPD7	P0DPE0	6	1
OtO	P0DPD8	P0DPD9	1	1
OtO	P0DPE3	A0A1Y7VIT9	1	1
OtO	P0DTE4	Q80X89	8	1
OtO	P0DTE5	Q6PDD0	2	1
OtO	P0DTF9	D3YUK8	1	1
OtO	P0DTL5	P0DW86	1	1
OtO	P0DTL6	P0DW87	1	1
OtO	P0DV60	A0A0A6YVV1	1	1
OtO	P10070	Q0VGT2	1	1
OtO	P10071	Q61602	1	1
OtO	P10073	Q8BGS5	1	1
OtO	P10074	Q1H9T6	1	1
OtO	P10082	Q9EPS2	1	1
OtO	P10092	Q99MP3	1	1
OtO	P10109	P46656	1	1
OtO	P10114	Q80ZJ1	1	1
OtO	P10124	P13609	1	1
OtO	P10144	P04187	1	1
OtO	P10155	O08848	1	1
OtO	P10176	Q64445	35	1
OtO	P10242	P06876	1	1
OtO	P10243	P51960	1	1
OtO	P10244	P48972	1	1
OtO	P10253	P70699	1	1
OtO	P10275	P19091	1	1
OtO	P10276	P11416	1	1
OtO	P10301	P10833	1	1
OtO	P10323	P23578	1	1
OtO	P10398	P04627	1	1
OtO	P10415	P10417	1	1
OtO	P10451	P10923	1	1
OtO	P10515	Q8BMF4	1	1
OtO	P10523	P20443	1	1
OtO	P10586	A2A8L5	1	1
OtO	P10588	P43136	1	1
OtO	P10589	Q60632	1	1
OtO	P10599	P10639	1	1
OtO	P10600	P17125	1	1
OtO	P10606	P19536	1	1
OtO	P10619	P16675	1	1
OtO	P10620	Q91VS7	1	1
OtO	P10636	P10637	1	1
OtO	P10643	D3YXF5	1	1
OtO	P10644	Q9DBC7	1	1
OtO	P10645	P26339	1	1
OtO	P10646	O54819	1	1
OtO	P10721	P05532	1	1
OtO	P10745	P49194	1	1
OtO	P10746	P51163	1	1
OtO	P10747	P31041	1	1
OtO	P10767	P21658	1	1
OtO	P10768	Q9R0P3	1	1
OtO	P10809	P63038	1	1
OtO	P10826	P22605	2	1
OtO	P10827	P63058	1	1
OtO	P10828	P37242	1	1
OtO	P10909	Q06890	1	1
OtO	P10911	Q8BLE2	1	1
OtO	P10912	P16882	1	1
OtO	P10914	P15314	1	1
OtO	P10915	Q9QUP5	1	1
OtO	P10916	P51667	1	1
OtO	P10997	P12968	1	1
OtO	P11021	P20029	1	1
OtO	P11047	P02468	1	1
OtO	P11049	Q61470	1	1
OtO	P11055	P13541	1	1
OtO	P11086	P40935	1	1
OtO	P11117	P24638	1	1
OtO	P11137	P20357	1	1
OtO	P11142	P63017	1	1
OtO	P11150	P27656	1	1
OtO	P11161	P08152	1	1
OtO	P11166	P17809	1	1
OtO	P11168	P14246	1	1
OtO	P11171	P48193	1	1
OtO	P11172	P13439	1	1
OtO	P11177	Q9D051	1	1
OtO	P11182	P53395	1	1
OtO	P11215	P05555	1	1
OtO	P11216	Q8CI94	1	1
OtO	P11217	Q9WUB3	1	1
OtO	P11226	P41317	2	1
OtO	P11229	P12657	1	1
OtO	P11230	P09690	1	1
OtO	P11233	P63321	1	1
OtO	P11234	Q9JIW9	1	1
OtO	P11274	Q6PAJ1	1	1
OtO	P11277	P15508	1	1
OtO	P11279	P11438	1	1
OtO	P11308	P81270	1	1
OtO	P11309	P06803	1	1
OtO	P11310	P45952	1	1
OtO	P11362	P16092	1	1
OtO	P11387	Q04750	1	1
OtO	P11388	Q01320	1	1
OtO	P11413	Q00612	1	1
OtO	P11441	P21126	1	1
OtO	P11473	P48281	1	1
OtO	P11474	O08580	1	1
OtO	P11487	P05524	1	1
OtO	P11488	P20612	1	1
OtO	P11498	Q05920	1	1
OtO	P11511	P28649	1	1
OtO	P11532	P11531	1	1
OtO	P11586	Q922D8	1	1
OtO	P11678	P49290	1	1
OtO	P11684	Q06318	12	1
OtO	P11686	P21841	1	1
OtO	P11717	Q07113	1	1
OtO	P11766	P28474	1	1
OtO	P11801	Q91YA2	1	1
OtO	P11802	P30285	1	1
OtO	P11831	Q9JM73	1	1
OtO	P11836	P19437	1	1
OtO	P11844	P04345	6	1
OtO	P11908	Q9CS42	1	1
OtO	P11912	P11911	1	1
OtO	P11926	P00860	1	1
OtO	P11940	P29341	1	1
OtO	P12004	P17918	1	1
OtO	P12034	P15656	1	1
OtO	P12036	P19246	1	1
OtO	P12074	P43024	1	1
OtO	P12081	Q61035	1	1
OtO	P12104	P55050	1	1
OtO	P12107	Q61245	1	1
OtO	P12109	Q04857	1	1
OtO	P12110	Q02788	1	1
OtO	P12235	P48962	1	1
OtO	P12259	O88783	1	1
OtO	P12268	P24547	1	1
OtO	P12270	F6ZDS4	1	1
OtO	P12271	Q9Z275	1	1
OtO	P12272	P22858	1	1
OtO	P12273	P02816	1	1
OtO	P12277	Q04447	1	1
OtO	P12314	P26151	1	1
OtO	P12319	P20489	1	1
OtO	P12429	O35639	1	1
OtO	P12524	P10166	1	1
OtO	P12532	P30275	1	1
OtO	P12544	P11032	1	1
OtO	P12643	P21274	1	1
OtO	P12644	P21275	1	1
OtO	P12645	Q8BHE5	1	1
OtO	P12694	P50136	1	1
OtO	P12755	Q60698	1	1
OtO	P12757	Q60665	1	1
OtO	P12814	Q7TPR4	1	1
OtO	P12821	P09470	1	1
OtO	P12829	P09541	1	1
OtO	P12830	P09803	1	1
OtO	P12882	Q5SX40	1	1
OtO	P12883	Q91Z83	1	1
OtO	P12931	P05480	1	1
OtO	P12955	Q11136	1	1
OtO	P12956	P23475	1	1
OtO	P12980	P27792	1	1
OtO	P13010	P27641	1	1
OtO	P13051	P97931	1	1
OtO	P13056	Q505F1	1	1
OtO	P13073	P19783	1	1
OtO	P13196	Q8VC19	1	1
OtO	P13224	P56400	1	1
OtO	P13232	P10168	1	1
OtO	P13284	Q9ESY9	1	1
OtO	P13349	P24699	1	1
OtO	P13378	P23463	1	1
OtO	P13473	P17047	1	1
OtO	P13489	Q91VI7	1	1
OtO	P13497	P98063	1	1
OtO	P13498	Q61462	1	1
OtO	P13500	Q62401	3	1
OtO	P13501	P30882	1	1
OtO	P13521	Q03517	1	1
OtO	P13533	Q02566	1	1
OtO	P13535	P13542	1	1
OtO	P13569	P26361	1	1
OtO	P13584	Q64462	1	1
OtO	P13591	P13595	8	1
OtO	P13598	P35330	1	1
OtO	P13611	Q62059	1	1
OtO	P13612	Q00651	1	1
OtO	P13631	P18911	1	1
OtO	P13637	Q6PIC6	1	1
OtO	P13639	P58252	1	1
OtO	P13645	P02535	1	1
OtO	P13646	P08730	2	1
OtO	P13647	Q922U2	1	1
OtO	P13667	P08003	1	1
OtO	P13671	E9Q6D8	1	1
OtO	P13674	Q60715	1	1
OtO	P13682	G3X9I0	1	1
OtO	P13686	Q05117	1	1
OtO	P13693	P63028	1	1
OtO	P13716	P10518	1	1
OtO	P13725	P53347	1	1
OtO	P13726	P20352	1	1
OtO	P13727	Q61878	1	1
OtO	P13765	O35424	1	1
OtO	P13796	Q61233	1	1
OtO	P13797	Q99K51	1	1
OtO	P13798	Q8R146	1	1
OtO	P13804	Q99LC5	1	1
OtO	P13805	O88346	1	1
OtO	P13807	Q9Z1E4	1	1
OtO	P13861	P12367	1	1
OtO	P13866	Q8C3K6	1	1
OtO	P13929	P21550	1	1
OtO	P13942	Q64739	1	1
OtO	P13945	P25962	1	1
OtO	P13984	Q8R0A0	1	1
OtO	P13994	Q9D516	1	1
OtO	P13995	P18155	1	1
OtO	P14061	P51656	2	1
OtO	P14091	P70269	1	1
OtO	P14136	P03995	1	1
OtO	P14138	P48299	1	1
OtO	P14151	P18337	1	1
OtO	P14174	P34884	1	1
OtO	P14210	Q08048	1	1
OtO	P14222	P10820	1	1
OtO	P14314	O08795	1	1
OtO	P14316	P23906	1	1
OtO	P14317	P49710	1	1
OtO	P14324	Q920E5	103	1
OtO	P14373	Q62158	1	1
OtO	P14384	Q80V42	1	1
OtO	P14410	F8VQM5	1	1
OtO	P14415	P14231	1	1
OtO	P14416	P61168	1	1
OtO	P14543	P10493	1	1
OtO	P14550	Q9JII6	1	1
OtO	P14555	P31482	1	1
OtO	P14616	Q9WTL4	1	1
OtO	P14618	P52480	1	1
OtO	P14621	P56375	1	1
OtO	P14625	P08113	1	1
OtO	P14635	P24860	1	1
OtO	P14649	Q8CI43	1	1
OtO	P14651	P09026	1	1
OtO	P14652	P0C1T1	1	1
OtO	P14653	P17919	1	1
OtO	P14672	P14142	1	1
OtO	P14678	P27048	1	1
OtO	P14679	P11344	1	1
OtO	P14735	Q9JHR7	1	1
OtO	P14770	O88186	1	1
OtO	P14778	P13504	1	1
OtO	P14780	P41245	1	1
OtO	P14784	P16297	1	1
OtO	P14854	P56391	1	1
OtO	P14859	P25425	1	1
OtO	P14866	Q8R081	1	1
OtO	P14867	P62812	1	1
OtO	P14868	Q922B2	1	1
OtO	P14902	P28776	1	1
OtO	P14920	P18894	1	1
OtO	P14921	P27577	1	1
OtO	P14923	Q02257	1	1
OtO	P14927	Q9D855	1	1
OtO	P15018	P09056	1	1
OtO	P15036	P15037	1	1
OtO	P15056	P28028	1	1
OtO	P15085	Q7TPZ8	1	1
OtO	P15086	B2RS76	1	1
OtO	P15088	P15089	1	1
OtO	P15090	P04117	1	1
OtO	P15104	P15105	1	1
OtO	P15121	P45376	1	1
OtO	P15144	P97449	1	1
OtO	P15153	Q05144	1	1
OtO	P15169	Q9JJN5	1	1
OtO	P15172	P10085	1	1
OtO	P15173	P12979	1	1
OtO	P15248	P15247	1	1
OtO	P15259	O70250	1	1
OtO	P15260	P15261	1	1
OtO	P15289	P50428	1	1
OtO	P15291	P15535	1	1
OtO	P15309	Q8CE08	1	1
OtO	P15311	P26040	1	1
OtO	P15313	Q91YH6	1	1
OtO	P15328	P35846	1	1
OtO	P15336	P16951	1	1
OtO	P15374	Q9JKB1	1	1
OtO	P15391	P25918	1	1
OtO	P15407	P48755	1	1
OtO	P15408	P47930	1	1
OtO	P15428	Q8VCC1	1	1
OtO	P15498	P27870	1	1
OtO	P15509	Q00941	4462	1
OtO	P15514	P31955	1	1
OtO	P15529	O88174	1	1
OtO	P15531	P15532	1	1
OtO	P15559	Q64669	1	1
OtO	P15586	Q8BFR4	1	1
OtO	P15622	Q7TNU6	1	1
OtO	P15692	Q00731	1	1
OtO	P15735	Q9DB30	1	1
OtO	P15822	Q03172	1	1
OtO	P15848	P50429	1	1
OtO	P15863	P09084	1	1
OtO	P15880	P25444	1	1
OtO	P15882	Q91V57	1	1
OtO	P15884	Q60722	1	1
OtO	P15907	Q64685	1	1
OtO	P15918	P15919	1	1
OtO	P15923	P15806	1	1
OtO	P15924	E9Q557	1	1
OtO	P15927	Q62193	1	1
OtO	P15941	Q02496	43	1
OtO	P15954	P17665	3	1
OtO	P15976	P17679	1	1
OtO	P16035	P25785	1	1
OtO	P16050	P39654	5	1
OtO	P16066	P18293	1	1
OtO	P16070	P15379	1	1
OtO	P16083	Q9JI75	1	1
OtO	P16104	P27661	1	1
OtO	P16109	Q01102	1	1
OtO	P16112	Q61282	1	1
OtO	P16118	P70266	1	1
OtO	P16144	A2A863	1	1
OtO	P16150	P15702	1	1
OtO	P16152	P48758	1	1
OtO	P16157	Q02357	1	1
OtO	P16219	Q07417	1	1
OtO	P16220	Q01147	1	1
OtO	P16233	Q6P8U6	1	1
OtO	P16234	P26618	1	1
OtO	P16260	Q8C0K5	1	1
OtO	P16278	P23780	1	1
OtO	P16284	Q08481	1	1
OtO	P16298	P48453	1	1
OtO	P16333	Q99M51	1	1
OtO	P16383	Q8BKT3	1	1
OtO	P16389	P63141	1	1
OtO	P16410	P09793	1	1
OtO	P16422	Q99JW5	1	1
OtO	P16435	P37040	1	1
OtO	P16442	P38649	1	1
OtO	P16444	P31428	1	1
OtO	P16452	P49222	1	1
OtO	P16455	P26187	1	1
OtO	P16471	Q08501	1	1
OtO	P16473	P47750	1	1
OtO	P16499	P27664	1	1
OtO	P16519	P21661	1	1
OtO	P16520	Q61011	1	1
OtO	P16562	P16563	2	1
OtO	P16581	Q00690	1	1
OtO	P16591	P70451	1	1
OtO	P16615	O55143	1	1
OtO	P16671	Q08857	1	1
OtO	P16870	Q00493	1	1
OtO	P16871	P16872	1	1
OtO	P16885	Q8CIH5	1	1
OtO	P16930	P35505	1	1
OtO	P16949	P54227	1	1
OtO	P16989	Q9JKB3	1	1
OtO	P17010	P17012	1	1
OtO	P17014	Q7TSI0	12	1
OtO	P17022	Q810A1	1	1
OtO	P17025	Q6P560	1	1
OtO	P17026	Q9ERU3	1	1
OtO	P17028	Q91VN1	1	1
OtO	P17029	Q8BGS3	1	1
OtO	P17030	Q8BIS1	1	1
OtO	P17036	Q8C689	1	1
OtO	P17040	B2KFW1	1	1
OtO	P17041	Q80V23	1	1
OtO	P17050	Q9QWR8	1	1
OtO	P17081	Q8R527	1	1
OtO	P17096	P17095	1	1
OtO	P17097	Q3TFZ4	13	1
OtO	P17098	Q8BGV5	1	1
OtO	P17152	Q8BK08	1	1
OtO	P17174	P05201	1	1
OtO	P17181	P33896	3	1
OtO	P17213	Q67E05	2	1
OtO	P17252	P20444	2	1
OtO	P17275	P09450	1	1
OtO	P17301	Q62469	1	1
OtO	P17302	P23242	1	1
OtO	P17342	P70180	1	1
OtO	P17405	Q04519	1	1
OtO	P17480	P25976	1	1
OtO	P17481	P09632	1	1
OtO	P17482	P20615	1	1
OtO	P17483	P10284	1	1
OtO	P17509	P09023	1	1
OtO	P17535	P15066	1	1
OtO	P17540	Q6P8J7	1	1
OtO	P17542	P22091	1	1
OtO	P17544	Q8R0S1	1	1
OtO	P17568	Q9CR61	1	1
OtO	P17600	O88935	1	1
OtO	P17612	P05132	1	1
OtO	P17643	P07147	1	1
OtO	P17655	O08529	1	1
OtO	P17658	Q61923	1	1
OtO	P17661	P31001	1	1
OtO	P17676	P28033	1	1
OtO	P17677	P06837	1	1
OtO	P17706	Q06180	1	1
OtO	P17735	Q8QZR1	1	1
OtO	P17752	P17532	1	1
OtO	P17787	Q9ERK7	1	1
OtO	P17812	P70698	1	1
OtO	P17813	Q63961	1	1
OtO	P17844	Q61656	1	1
OtO	P17858	P12382	1	1
OtO	P17861	O35426	1	1
OtO	P17900	Q60648	1	1
OtO	P17931	P16110	1	1
OtO	P17936	P47878	1	1
OtO	P17947	P17433	1	1
OtO	P17948	P35969	1	1
OtO	P17980	O88685	1	1
OtO	P17987	P11983	1	1
OtO	P18031	P35821	1	1
OtO	P18054	P39655	1	1
OtO	P18065	P47877	1	1
OtO	P18074	O08811	1	1
OtO	P18075	P23359	1	1
OtO	P18077	O55142	1	1
OtO	P18084	O70309	1	1
OtO	P18085	P61750	1	1
OtO	P18089	P30545	1	1
OtO	P18124	P14148	1	1
OtO	P18146	P08046	1	1
OtO	P18206	Q64727	1	1
OtO	P18283	Q9JHC0	1	1
OtO	P18405	Q68FF9	1	1
OtO	P18428	Q61805	1	1
OtO	P18433	P18052	1	1
OtO	P18440	P50295	1	1
OtO	P18505	P50571	1	1
OtO	P18507	P22723	1	1
OtO	P18509	O70176	1	1
OtO	P18510	P25085	1	1
OtO	P18545	P09174	1	1
OtO	P18564	Q9Z0T9	1	1
OtO	P18583	Q9QX47	1	1
OtO	P18615	P19426	1	1
OtO	P18621	Q9CPR4	1	1
OtO	P18627	Q61790	1	1
OtO	P18669	Q9DBJ1	1	1
OtO	P18754	Q8VE37	1	1
OtO	P18825	Q01337	1	1
OtO	P18827	P18828	1	1
OtO	P18846	P81269	1	1
OtO	P18847	Q60765	1	1
OtO	P18848	Q06507	1	1
OtO	P18850	F6VAN0	1	1
OtO	P18858	P37913	1	1
OtO	P18859	P97450	1	1
OtO	P18887	Q60596	1	1
OtO	P19012	Q61414	1	1
OtO	P19013	P07744	1	1
OtO	P19021	P97467	1	1
OtO	P19022	P15116	1	1
OtO	P19075	Q8R3G9	1	1
OtO	P19086	O70443	1	1
OtO	P19087	P50149	1	1
OtO	P19113	P23738	1	1
OtO	P19174	Q62077	1	1
OtO	P19235	P14753	1	1
OtO	P19237	Q9WUZ5	1	1
OtO	P19320	P29533	1	1
OtO	P19338	P09405	1	1
OtO	P19367	P17710	2	1
OtO	P19387	P97760	1	1
OtO	P19388	Q80UW8	1	1
OtO	P19397	Q61451	1	1
OtO	P19404	Q9D6J6	1	1
OtO	P19419	P41969	1	1
OtO	P19429	P48787	1	1
OtO	P19438	P25118	1	1
OtO	P19447	P49135	1	1
OtO	P19474	Q62191	1	1
OtO	P19484	Q9R210	1	1
OtO	P19525	Q03963	1	1
OtO	P19526	O09160	2	1
OtO	P19532	Q64092	1	1
OtO	P19544	P22561	1	1
OtO	P19622	P09066	1	1
OtO	P19623	Q64674	1	1
OtO	P19634	Q61165	1	1
OtO	P19784	O54833	1	1
OtO	P19793	P28700	1	1
OtO	P19801	Q8JZQ5	1	1
OtO	P19823	Q61703	1	1
OtO	P19827	Q61702	1	1
OtO	P19835	Q64285	1	1
OtO	P19838	P25799	1	1
OtO	P19878	O70145	1	1
OtO	P19883	P47931	1	1
OtO	P19971	Q99N42	1	1
OtO	P20020	G5E829	1	1
OtO	P20023	P19070	1	1
OtO	P20042	Q99L45	1	1
OtO	P20062	O88968	1	1
OtO	P20073	Q07076	1	1
OtO	P20132	Q8VBT2	1	1
OtO	P20138	Q63994	612	1
OtO	P20142	Q9D7R7	1	1
OtO	P20155	Q8BMY7	2	1
OtO	P20226	P29037	1	1
OtO	P20248	P51943	1	1
OtO	P20264	P31361	1	1
OtO	P20265	P31360	1	1
OtO	P20273	P35329	1	1
OtO	P20290	Q64152	1	1
OtO	P20292	P30355	1	1
OtO	P20309	Q9ERZ3	1	1
OtO	P20333	P25119	1	1
OtO	P20336	P63011	1	1
OtO	P20337	Q9CZT8	1	1
OtO	P20338	P56371	1	1
OtO	P20339	Q9CQD1	1	1
OtO	P20340	P35279	1	1
OtO	P20366	P41539	1	1
OtO	P20382	P56942	1	1
OtO	P20393	Q3UV55	1	1
OtO	P20396	Q62361	1	1
OtO	P20472	P32848	1	1
OtO	P20585	P13705	1	1
OtO	P20591	Q9WVP9	1	1
OtO	P20594	Q6VVW5	1	1
OtO	P20618	O09061	1	1
OtO	P20645	P24668	1	1
OtO	P20648	Q64436	1	1
OtO	P20674	P12787	1	1
OtO	P20700	P14733	1	1
OtO	P20701	P24063	1	1
OtO	P20702	Q9QXH4	2	1
OtO	P20711	O88533	1	1
OtO	P20719	P09021	1	1
OtO	P20749	Q9Z2F6	1	1
OtO	P20774	Q62000	1	1
OtO	P20783	P20181	1	1
OtO	P20794	Q04859	1	1
OtO	P20800	P22389	1	1
OtO	P20807	Q64691	1	1
OtO	P20809	P47873	1	1
OtO	P20810	P51125	1	1
OtO	P20823	P22361	1	1
OtO	P20827	P52793	1	1
OtO	P20839	P50096	1	1
OtO	P20849	Q05722	1	1
OtO	P20908	O88207	1	1
OtO	P20916	P20917	1	1
OtO	P20933	Q64191	1	1
OtO	P20936	E9PYG6	1	1
OtO	P20941	Q9QW08	1	1
OtO	P20962	Q9D0J8	1	1
OtO	P20963	P24161	1	1
OtO	P21128	Q3V188	1	1
OtO	P21145	O09198	1	1
OtO	P21246	P63089	1	1
OtO	P21266	P48774	1	1
OtO	P21281	P62814	1	1
OtO	P21283	Q9Z1G3	1	1
OtO	P21291	P97315	1	1
OtO	P21333	Q8BTM8	1	1
OtO	P21359	Q04690	1	1
OtO	P21397	Q64133	1	1
OtO	P21399	P28271	1	1
OtO	P21439	P21440	1	1
OtO	P21452	P30549	1	1
OtO	P21453	O08530	1	1
OtO	P21462	P33766	1	1
OtO	P21549	O35423	1	1
OtO	P21554	P47746	1	1
OtO	P21579	P46096	1	1
OtO	P21580	Q60769	1	1
OtO	P21583	P20826	1	1
OtO	P21589	Q61503	1	1
OtO	P21673	P48026	1	1
OtO	P21675	Q80UV9	1	1
OtO	P21695	P13707	1	1
OtO	P21709	Q60750	1	1
OtO	P21728	Q61616	1	1
OtO	P21730	P30993	1	1
OtO	P21731	P30987	1	1
OtO	P21741	P12025	1	1
OtO	P21754	P10761	1	1
OtO	P21757	P30204	1	1
OtO	P21781	P36363	1	1
OtO	P21796	Q60932	1	1
OtO	P21802	P21803	1	1
OtO	P21810	P28653	1	1
OtO	P21815	Q61711	1	1
OtO	P21817	E9PZQ0	1	1
OtO	P21854	P21855	1	1
OtO	P21860	Q61526	1	1
OtO	P21912	Q9CQA3	1	1
OtO	P21917	P51436	1	1
OtO	P21918	Q8BLD9	1	1
OtO	P21926	P40240	1	1
OtO	P21941	P51942	1	1
OtO	P21953	Q6P3A8	1	1
OtO	P21964	O88587	1	1
OtO	P21980	P21981	1	1
OtO	P22001	P16390	1	1
OtO	P22003	P49003	1	1
OtO	P22004	P20722	1	1
OtO	P22033	P16332	1	1
OtO	P22059	Q3B7Z2	1	1
OtO	P22061	P23506	1	1
OtO	P22079	Q5SW46	1	1
OtO	P22083	Q11127	3	1
OtO	P22087	P35550	1	1
OtO	P22102	Q64737	1	1
OtO	P22105	A0A5F8MPH8	1	1
OtO	P22223	P10287	1	1
OtO	P22234	Q9DCL9	1	1
OtO	P22301	P18893	1	1
OtO	P22303	P21836	1	1
OtO	P22304	Q08890	1	1
OtO	P22307	P32020	1	1
OtO	P22309	Q63886	1	1
OtO	P22314	Q02053	1	1
OtO	P22352	P46412	1	1
OtO	P22362	P10146	1	1
OtO	P22392	Q01768	1	1
OtO	P22413	P06802	1	1
OtO	P22415	Q61069	1	1
OtO	P22455	Q03142	1	1
OtO	P22459	Q61423	1	1
OtO	P22460	Q61762	1	1
OtO	P22466	P47212	1	1
OtO	P22492	Q07133	1	1
OtO	P22557	P08680	1	1
OtO	P22570	Q61578	1	1
OtO	P22607	Q61851	1	1
OtO	P22626	O88569	1	1
OtO	P22670	P48377	1	1
OtO	P22674	P0C242	1	1
OtO	P22676	Q08331	1	1
OtO	P22680	Q64505	1	1
OtO	P22681	P22682	1	1
OtO	P22692	P47879	1	1
OtO	P22694	P68181	2	1
OtO	P22695	Q9DB77	1	1
OtO	P22732	Q9WV38	1	1
OtO	P22735	Q9JLF6	1	1
OtO	P22736	P12813	1	1
OtO	P22748	Q64444	1	1
OtO	P22760	Q99PG0	1	1
OtO	P22792	Q9DBB9	1	1
OtO	P22794	P20934	1	1
OtO	P22830	P22315	1	1
OtO	P22888	P30730	1	1
OtO	P22891	Q9CQW3	1	1
OtO	P22894	O70138	1	1
OtO	P22897	Q61830	1	1
OtO	P22914	O35486	1	1
OtO	P23025	Q64267	1	1
OtO	P23109	Q3V1D3	1	1
OtO	P23141	Q8VCT4	2	1
OtO	P23142	Q08879	1	1
OtO	P23193	P10711	1	1
OtO	P23219	P22437	1	1
OtO	P23229	Q61739	1	1
OtO	P23246	Q8VIJ6	1	1
OtO	P23258	P83887	1	1
OtO	P23276	Q9EQF2	1	1
OtO	P23280	P18761	39	1
OtO	P23284	P24369	1	1
OtO	P23297	P56565	1	1
OtO	P23327	G5E8J6	1	1
OtO	P23368	Q99KE1	1	1
OtO	P23378	Q91W43	1	1
OtO	P23381	P32921	1	1
OtO	P23396	P62908	1	1
OtO	P23409	P15375	1	1
OtO	P23415	Q64018	1	1
OtO	P23416	Q7TNC8	1	1
OtO	P23434	Q91WK5	1	1
OtO	P23435	Q9R171	1	1
OtO	P23443	Q8BSK8	1	1
OtO	P23458	P52332	1	1
OtO	P23467	B2RU80	1	1
OtO	P23468	Q64487	1	1
OtO	P23469	P49446	1	1
OtO	P23470	Q05909	1	1
OtO	P23471	B9EKR1	1	1
OtO	P23508	G3UW40	1	1
OtO	P23510	P43488	12	1
OtO	P23511	P23708	1	1
OtO	P23515	Q63912	1	1
OtO	P23526	P50247	1	1
OtO	P23528	P18760	1	1
OtO	P23560	P21237	1	1
OtO	P23582	Q61839	1	1
OtO	P23588	Q8BGD9	1	1
OtO	P23610	Q00558	1	1
OtO	P23634	Q6Q477	1	1
OtO	P23677	Q8R071	1	1
OtO	P23743	O88673	1	1
OtO	P23759	P47239	1	1
OtO	P23760	P24610	1	1
OtO	P23763	Q62442	1	1
OtO	P23769	O09100	1	1
OtO	P23771	P23772	1	1
OtO	P23786	P52825	1	1
OtO	P23919	P97930	1	1
OtO	P23921	P07742	1	1
OtO	P23942	P15499	1	1
OtO	P23945	P35378	1	1
OtO	P23946	P21844	9	1
OtO	P23975	O55192	1	1
OtO	P24043	Q60675	1	1
OtO	P24046	P56475	1	1
OtO	P24158	Q61096	1	1
OtO	P24278	G3UW50	1	1
OtO	P24298	Q8QZR5	1	1
OtO	P24310	P56392	1	1
OtO	P24311	P56393	1	1
OtO	P24347	Q02853	1	1
OtO	P24385	P25322	1	1
OtO	P24386	Q9QXG2	1	1
OtO	P24387	Q60571	1	1
OtO	P24390	Q99JH8	1	1
OtO	P24394	P16382	1	1
OtO	P24468	P43135	1	1
OtO	P24522	P48316	1	1
OtO	P24530	P48302	1	1
OtO	P24534	O70251	1	1
OtO	P24539	Q9CQQ7	1	1
OtO	P24557	P36423	1	1
OtO	P24588	D3YVF0	64	1
OtO	P24592	P47880	1	1
OtO	P24593	Q07079	1	1
OtO	P24666	Q9D358	1	1
OtO	P24723	P23298	1	1
OtO	P24752	Q8QZT1	1	1
OtO	P24821	Q80YX1	1	1
OtO	P24844	Q9CQ19	1	1
OtO	P24855	P49183	1	1
OtO	P24863	Q62447	1	1
OtO	P24864	Q61457	1	1
OtO	P24903	P33267	8	1
OtO	P24928	P08775	1	1
OtO	P24941	P97377	4	1
OtO	P25021	P97292	2	1
OtO	P25025	P35343	1	1
OtO	P25054	Q61315	1	1
OtO	P25063	P24807	1	1
OtO	P25067	P25318	1	1
OtO	P25092	Q3UWA6	1	1
OtO	P25098	Q99MK8	1	1
OtO	P25100	P97714	1	1
OtO	P25101	Q61614	1	1
OtO	P25103	P30548	1	1
OtO	P25105	Q62035	1	1
OtO	P25106	P56485	1	1
OtO	P25116	P30558	1	1
OtO	P25189	P27573	1	1
OtO	P25205	P25206	1	1
OtO	P25208	P63139	1	1
OtO	P25311	Q64726	1	1
OtO	P25325	Q99J99	3	1
OtO	P25391	P19137	1	1
OtO	P25398	P63323	1	1
OtO	P25440	Q7JJ13	1	1
OtO	P25445	P25446	1	1
OtO	P25490	Q00899	1	1
OtO	P25685	Q9QYJ3	1	1
OtO	P25686	Q9QYI5	1	1
OtO	P25705	Q03265	1	1
OtO	P25713	P28184	1	1
OtO	P25774	O70370	2	1
OtO	P25786	Q9R1P4	1	1
OtO	P25787	P49722	1	1
OtO	P25788	O70435	1	1
OtO	P25789	Q9R1P0	1	1
OtO	P25791	P25801	1	1
OtO	P25800	Q924W9	1	1
OtO	P25874	P12242	1	1
OtO	P25929	Q04573	1	1
OtO	P25940	Q9JLI2	1	1
OtO	P25942	P27512	1	1
OtO	P25963	Q9Z1E3	1	1
OtO	P26006	Q62470	1	1
OtO	P26010	P26011	1	1
OtO	P26012	Q0VBD0	1	1
OtO	P26022	P48759	1	1
OtO	P26038	P26041	1	1
OtO	P26045	A2ALK8	1	1
OtO	P26196	P54823	1	1
OtO	P26232	Q61301	1	1
OtO	P26358	P13864	1	1
OtO	P26367	P63015	1	1
OtO	P26368	P26369	1	1
OtO	P26373	P47963	1	1
OtO	P26374	Q9QZD5	2	1
OtO	P26378	Q61701	1	1
OtO	P26436	P50289	1	1
OtO	P26440	Q9JHI5	1	1
OtO	P26441	P51642	1	1
OtO	P26447	P07091	1	1
OtO	P26572	P27808	1	1
OtO	P26583	P30681	1	1
OtO	P26599	P17225	1	1
OtO	P26639	Q9D0R2	1	1
OtO	P26640	Q9Z1Q9	1	1
OtO	P26641	Q9D8N0	1	1
OtO	P26651	P22893	1	1
OtO	P26678	P61014	1	1
OtO	P26718	O54709	1	1
OtO	P26842	P41272	1	1
OtO	P26885	P45878	1	1
OtO	P26927	P26928	1	1
OtO	P26951	P26952	198	1
OtO	P26992	O88507	1	1
OtO	P26998	Q9JJU9	1	1
OtO	P27037	P27038	1	1
OtO	P27105	P54116	1	1
OtO	P27169	P52430	1	1
OtO	P27216	Q99JG3	1	1
OtO	P27338	Q8BW75	1	1
OtO	P27348	P68254	1	1
OtO	P27352	P52787	1	1
OtO	P27361	Q63844	1	1
OtO	P27448	Q03141	1	1
OtO	P27449	P63082	1	1
OtO	P27469	Q61585	1	1
OtO	P27482	Q9D6P8	1	1
OtO	P27487	P28843	1	1
OtO	P27539	P20863	1	1
OtO	P27540	P53762	1	1
OtO	P27544	P27545	1	1
OtO	P27635	Q6ZWV3	1	1
OtO	P27658	Q00780	1	1
OtO	P27694	Q8VEE4	1	1
OtO	P27695	P28352	1	1
OtO	P27701	P40237	1	1
OtO	P27707	P43346	1	1
OtO	P27708	B2RQC6	1	1
OtO	P27797	P14211	1	1
OtO	P27815	O89084	1	1
OtO	P27816	P27546	1	1
OtO	P27824	P35564	1	1
OtO	P27918	P11680	1	1
OtO	P27930	P27931	1	1
OtO	P27986	P26450	1	1
OtO	P27987	B2RXC2	1	1
OtO	P28039	O35298	1	1
OtO	P28062	P28063	1	1
OtO	P28065	P28076	1	1
OtO	P28066	Q9Z2U1	1	1
OtO	P28067	P28078	1	1
OtO	P28069	Q00286	1	1
OtO	P28070	P99026	1	1
OtO	P28072	Q60692	1	1
OtO	P28074	O55234	1	1
OtO	P28221	Q61224	1	1
OtO	P28222	P28334	1	1
OtO	P28223	P35363	1	1
OtO	P28288	P55096	1	1
OtO	P28289	P49813	1	1
OtO	P28290	Q922B9	1	1
OtO	P28300	P28301	1	1
OtO	P28324	P41158	1	1
OtO	P28328	P55098	1	1
OtO	P28329	Q03059	1	1
OtO	P28330	P51174	1	1
OtO	P28331	Q91VD9	1	1
OtO	P28335	P34968	1	1
OtO	P28336	O54799	1	1
OtO	P28340	P52431	1	1
OtO	P28347	P30051	1	1
OtO	P28356	P28357	1	1
OtO	P28358	P28359	1	1
OtO	P28360	P13297	1	1
OtO	P28370	Q6PGB8	1	1
OtO	P28472	P63080	1	1
OtO	P28476	P56476	1	1
OtO	P28482	P63085	1	1
OtO	P28562	P28563	1	1
OtO	P28676	Q8VC88	1	1
OtO	P28698	A1L358	1	1
OtO	P28702	P28704	1	1
OtO	P28715	P35689	1	1
OtO	P28749	Q64701	1	1
OtO	P28799	P28798	1	1
OtO	P28827	P28828	1	1
OtO	P28838	Q9CPY7	1	1
OtO	P28845	P50172	1	1
OtO	P28906	Q64314	1	1
OtO	P28907	P56528	1	1
OtO	P28908	Q60846	1	1
OtO	P29033	Q00977	1	1
OtO	P29074	Q9WU22	1	1
OtO	P29083	Q9D0D5	1	1
OtO	P29084	Q9D902	1	1
OtO	P29120	P63239	1	1
OtO	P29122	F6XJP7	1	1
OtO	P29144	Q64514	1	1
OtO	P29218	O55023	1	1
OtO	P29274	Q60613	1	1
OtO	P29275	Q60614	1	1
OtO	P29279	P29268	1	1
OtO	P29317	Q03145	1	1
OtO	P29320	P29319	1	1
OtO	P29322	O09127	1	1
OtO	P29323	P54763	2	1
OtO	P29350	P29351	1	1
OtO	P29353	P98083	1	1
OtO	P29371	P47937	1	1
OtO	P29372	Q04841	1	1
OtO	P29373	P22935	2	1
OtO	P29374	F8VPQ2	1	1
OtO	P29375	Q3UXZ9	1	1
OtO	P29376	P08923	1	1
OtO	P29377	P97816	1	1
OtO	P29400	Q63ZW6	1	1
OtO	P29401	P40142	1	1
OtO	P29459	P43431	1	1
OtO	P29460	P43432	1	1
OtO	P29466	P29452	1	1
OtO	P29474	P70313	1	1
OtO	P29475	Q9Z0J4	1	1
OtO	P29536	Q8BVA4	1	1
OtO	P29558	Q91W59	1	1
OtO	P29590	Q60953	1	1
OtO	P29597	Q9R117	1	1
OtO	P29692	P57776	1	1
OtO	P29728	E9Q9A9	1	1
OtO	P29762	P62965	1	1
OtO	P29965	P27548	1	1
OtO	P29966	P26645	1	1
OtO	P29972	Q02013	1	1
OtO	P29973	P29974	1	1
OtO	P29992	P21278	1	1
OtO	P30038	Q8CHT0	1	1
OtO	P30040	P57759	1	1
OtO	P30041	O08709	1	1
OtO	P30043	Q923D2	1	1
OtO	P30044	P99029	1	1
OtO	P30047	P99025	1	1
OtO	P30048	P20108	1	1
OtO	P30049	Q9D3D9	1	1
OtO	P30050	P35979	1	1
OtO	P30084	Q8BH95	1	1
OtO	P30085	Q9DBP5	1	1
OtO	P30086	P70296	1	1
OtO	P30101	P27773	1	1
OtO	P30153	Q76MZ3	1	1
OtO	P30154	Q7TNP2	1	1
OtO	P30203	Q61003	1	1
OtO	P30260	A2A6Q5	1	1
OtO	P30273	P20491	1	1
OtO	P30279	P30280	1	1
OtO	P30281	P30282	1	1
OtO	P30291	P47810	1	1
OtO	P30301	P51180	1	1
OtO	P30304	P48964	1	1
OtO	P30305	P30306	1	1
OtO	P30307	P48967	1	1
OtO	P30405	Q99KR7	1	1
OtO	P30408	Q64302	2	1
OtO	P30411	P32299	1	1
OtO	P30414	P30415	1	1
OtO	P30419	O70310	1	1
OtO	P30518	O88721	1	1
OtO	P30519	O70252	1	1
OtO	P30520	P46664	1	1
OtO	P30530	Q00993	1	1
OtO	P30531	P31648	1	1
OtO	P30532	Q2MKA5	1	1
OtO	P30533	P55302	1	1
OtO	P30536	P50637	1	1
OtO	P30542	Q60612	1	1
OtO	P30550	P21729	1	1
OtO	P30556	P29754	1	1
OtO	P30559	P97926	1	1
OtO	P30566	P54822	1	1
OtO	P30613	P53657	1	1
OtO	P30622	Q922J3	1	1
OtO	P30626	Q6P069	1	1
OtO	P30679	P30678	1	1
OtO	P30711	Q64471	2	1
OtO	P30793	Q05915	1	1
OtO	P30825	Q09143	1	1
OtO	P30837	Q9CZS1	1	1
OtO	P30838	P47739	1	1
OtO	P30872	P30873	1	1
OtO	P30874	P30875	1	1
OtO	P30876	Q8CFI7	1	1
OtO	P30926	Q8R493	1	1
OtO	P30939	Q02284	1	1
OtO	P30954	A0A140T8J6	3	1
OtO	P30968	Q01776	1	1
OtO	P30988	Q60755	1	1
OtO	P30989	O88319	1	1
OtO	P30990	Q9D3P9	1	1
OtO	P31040	Q8K2B3	1	1
OtO	P31146	O89053	1	1
OtO	P31150	P50396	1	1
OtO	P31152	Q6P5G0	1	1
OtO	P31153	Q3THS6	1	1
OtO	P31213	Q99N99	1	1
OtO	P31249	P09027	1	1
OtO	P31260	P31310	1	1
OtO	P31267	P09092	1	1
OtO	P31268	P02830	1	1
OtO	P31269	P09631	1	1
OtO	P31270	P31311	1	1
OtO	P31271	Q62424	1	1
OtO	P31273	P09025	1	1
OtO	P31274	P09633	1	1
OtO	P31275	Q8K5B8	1	1
OtO	P31276	P50207	1	1
OtO	P31277	P23813	1	1
OtO	P31314	P43345	3	1
OtO	P31321	P12849	1	1
OtO	P31323	P31324	1	1
OtO	P31327	Q8C196	1	1
OtO	P31350	P11157	1	1
OtO	P31371	P54130	1	1
OtO	P31391	P49660	1	1
OtO	P31415	O09165	1	1
OtO	P31431	O35988	1	1
OtO	P31483	P52912	1	1
OtO	P31512	Q8VHG0	1	1
OtO	P31513	P97501	1	1
OtO	P31629	Q3UHF7	1	1
OtO	P31639	Q923I7	1	1
OtO	P31641	O35316	1	1
OtO	P31644	Q8BHJ7	1	1
OtO	P31645	Q60857	1	1
OtO	P31689	P63037	1	1
OtO	P31749	P31750	1	1
OtO	P31751	Q60823	1	1
OtO	P31785	P34902	1	1
OtO	P31930	Q9CZ13	1	1
OtO	P31937	Q99L13	1	1
OtO	P31939	Q9CWJ9	1	1
OtO	P31943	O35737	1	1
OtO	P31944	O89094	1	1
OtO	P31946	Q9CQV8	1	1
OtO	P31947	O70456	1	1
OtO	P31948	Q60864	1	1
OtO	P31949	P50543	1	1
OtO	P32004	P11627	1	1
OtO	P32019	Q8K337	1	1
OtO	P32119	Q61171	1	1
OtO	P32121	Q91YI4	1	1
OtO	P32189	Q64516	1	1
OtO	P32238	O08786	1	1
OtO	P32239	P56481	1	1
OtO	P32241	P97751	1	1
OtO	P32242	P80205	1	1
OtO	P32243	P80206	1	1
OtO	P32245	P56450	1	1
OtO	P32246	P51675	1	1
OtO	P32247	O54798	1	1
OtO	P32248	P47774	1	1
OtO	P32249	Q3U6B2	1	1
OtO	P32297	Q8R4G9	1	1
OtO	P32298	O70291	1	1
OtO	P32302	Q04683	1	1
OtO	P32314	E9Q7L6	1	1
OtO	P32320	P56389	1	1
OtO	P32321	Q8K2D6	1	1
OtO	P32322	Q922W5	2	1
OtO	P32418	P70414	1	1
OtO	P32519	Q60775	1	1
OtO	P32745	P30935	1	1
OtO	P32754	P49429	1	1
OtO	P32780	Q9DBA9	1	1
OtO	P32856	Q00262	1	1
OtO	P32926	O35902	1	1
OtO	P32929	Q8VCN5	1	1
OtO	P32970	O55237	1	1
OtO	P32971	P32972	1	1
OtO	P33032	P41149	2	1
OtO	P33076	P79621	1	1
OtO	P33121	P41216	2	1
OtO	P33151	P55284	1	1
OtO	P33176	Q61768	1	1
OtO	P33240	Q8BIQ5	1	1
OtO	P33241	P19973	1	1
OtO	P33316	Q9CQ43	3843	1
OtO	P33402	F8VQK3	1	1
OtO	P33527	O35379	1	1
OtO	P33552	P56390	1	1
OtO	P33681	Q00609	3	1
OtO	P33763	P63084	1	1
OtO	P33764	P62818	1	1
OtO	P33897	P48410	1	1
OtO	P33908	P45700	1	1
OtO	P33947	Q9CQM2	1	1
OtO	P33981	P35761	1	1
OtO	P33991	P49717	1	1
OtO	P33992	P49718	1	1
OtO	P33993	Q61881	1	1
OtO	P34059	Q571E4	1	1
OtO	P34096	Q9JJH1	1	1
OtO	P34130	Q80VU4	1	1
OtO	P34741	P43407	1	1
OtO	P34810	P31996	1	1
OtO	P34896	P50431	1	1
OtO	P34897	Q9CZN7	1	1
OtO	P34903	P26049	1	1
OtO	P34910	Q8VD58	1	1
OtO	P34913	P34914	1	1
OtO	P34925	Q01887	1	1
OtO	P34931	P16627	1	1
OtO	P34932	Q61316	1	1
OtO	P34947	Q8VEB1	1	1
OtO	P34949	Q924M7	1	1
OtO	P34969	P32304	1	1
OtO	P34972	P47936	1	1
OtO	P34981	P21761	1	1
OtO	P34982	Q7TRW7	1	1
OtO	P34995	P35375	1	1
OtO	P34998	P35347	1	1
OtO	P35052	Q9QZF2	1	1
OtO	P35070	Q05928	1	1
OtO	P35080	Q9JJV2	1	1
OtO	P35212	P28235	1	1
OtO	P35218	P23589	1	1
OtO	P35219	P28651	1	1
OtO	P35221	P26231	1	1
OtO	P35222	Q02248	1	1
OtO	P35225	P20109	1	1
OtO	P35226	P25916	1	1
OtO	P35227	P23798	1	1
OtO	P35228	P29477	1	1
OtO	P35232	P67778	1	1
OtO	P35236	Q8BUM3	1	1
OtO	P35240	P46662	1	1
OtO	P35241	P26043	1	1
OtO	P35243	P34057	1	1
OtO	P35244	Q9CQ71	1	1
OtO	P35247	P50404	1	1
OtO	P35249	Q99J62	1	1
OtO	P35250	Q9WUK4	1	1
OtO	P35251	P35601	1	1
OtO	P35268	P67984	1	1
OtO	P35269	Q3THK3	1	1
OtO	P35270	Q64105	1	1
OtO	P35318	P97297	1	1
OtO	P35346	O08858	1	1
OtO	P35348	P97718	1	1
OtO	P35354	Q05769	1	1
OtO	P35367	P70174	1	1
OtO	P35368	P97717	1	1
OtO	P35372	P42866	1	1
OtO	P35398	P51448	1	1
OtO	P35408	P32240	1	1
OtO	P35414	Q9WV08	1	1
OtO	P35442	Q03350	1	1
OtO	P35443	Q9Z1T2	1	1
OtO	P35452	P23812	1	1
OtO	P35453	P70217	1	1
OtO	P35462	P30728	1	1
OtO	P35475	P48441	11	1
OtO	P35498	A2APX8	1	1
OtO	P35499	Q9ER60	1	1
OtO	P35520	Q91WT9	1	1
OtO	P35523	Q64347	1	1
OtO	P35527	Q6RHW0	1	1
OtO	P35542	P31532	1	1
OtO	P35548	Q03358	1	1
OtO	P35555	Q61554	1	1
OtO	P35556	Q61555	1	1
OtO	P35557	P52792	1	1
OtO	P35558	Q9Z2V4	1	1
OtO	P35568	P35569	1	1
OtO	P35573	F8VPN4	1	1
OtO	P35575	P35576	1	1
OtO	P35579	Q8VDD5	1	1
OtO	P35580	Q61879	1	1
OtO	P35590	Q06806	1	1
OtO	P35606	O55029	1	1
OtO	P35609	Q9JI91	1	1
OtO	P35610	Q61263	1	1
OtO	P35611	Q9QYC0	1	1
OtO	P35612	Q9QYB8	1	1
OtO	P35613	P18572	1	1
OtO	P35625	P39876	1	1
OtO	P35626	Q3UYH7	1	1
OtO	P35637	P56959	1	1
OtO	P35638	P35639	1	1
OtO	P35658	Q80U93	1	1
OtO	P35659	Q7TNV0	1	1
OtO	P35663	A0A1B0GR13	1	1
OtO	P35670	Q64446	1	1
OtO	P35680	P27889	1	1
OtO	P35711	P35710	1	1
OtO	P35712	P40645	1	1
OtO	P35713	P43680	1	1
OtO	P35716	Q7M6Y2	1	1
OtO	P35749	O08638	1	1
OtO	P35754	Q9QUH0	1	1
OtO	P35790	O54804	1	1
OtO	P35813	P49443	1	1
OtO	P35858	P70389	3	1
OtO	P35869	P30561	1	1
OtO	P35900	Q9D312	1	1
OtO	P35913	P23440	1	1
OtO	P35914	P38060	1	1
OtO	P35916	P35917	1	1
OtO	P35968	P35918	1	1
OtO	P35998	P46471	1	1
OtO	P36021	O70324	1	1
OtO	P36222	Q61362	1	1
OtO	P36269	Q9Z2A9	1	1
OtO	P36382	Q01231	1	1
OtO	P36383	P28229	1	1
OtO	P36402	Q00417	1	1
OtO	P36404	Q9D0J4	1	1
OtO	P36405	Q9WUL7	1	1
OtO	P36406	Q8BGX0	1	1
OtO	P36507	Q63932	1	1
OtO	P36508	Q8BMU0	1	1
OtO	P36542	Q91VR2	1	1
OtO	P36543	P50518	1	1
OtO	P36544	P49582	1	1
OtO	P36551	P36552	1	1
OtO	P36575	Q9EQP6	1	1
OtO	P36578	Q9D8E6	1	1
OtO	P36639	P53368	1	1
OtO	P36776	Q8CGK3	1	1
OtO	P36871	Q9D0F9	1	1
OtO	P36873	P63087	1	1
OtO	P36888	Q00342	1	1
OtO	P36894	P36895	1	1
OtO	P36896	Q61271	1	1
OtO	P36897	Q64729	1	1
OtO	P36915	P36916	1	1
OtO	P36941	P50284	1	1
OtO	P36952	P70124	1	1
OtO	P36954	P60898	1	1
OtO	P36955	P97298	1	1
OtO	P36956	Q9WTN3	1	1
OtO	P36957	Q9D2G2	1	1
OtO	P36959	Q9DCZ1	1	1
OtO	P36969	O70325	1	1
OtO	P37023	Q61288	1	1
OtO	P37058	P70385	1	1
OtO	P37059	P51658	1	1
OtO	P37088	Q61180	1	1
OtO	P37108	P16254	1	1
OtO	P37173	Q62312	1	1
OtO	P37198	Q63850	1	1
OtO	P37231	P37238	1	1
OtO	P37235	P62748	1	1
OtO	P37268	P53798	1	1
OtO	P37275	Q64318	1	1
OtO	P37287	Q64323	1	1
OtO	P37288	Q62463	1	1
OtO	P37802	Q9WVA4	1	1
OtO	P37837	Q93092	1	1
OtO	P37840	O55042	1	1
OtO	P38117	Q9DCW4	1	1
OtO	P38159	Q9WV02	1	1
OtO	P38398	P48754	2	1
OtO	P38405	Q8CGK7	1	1
OtO	P38432	Q5SU73	1	1
OtO	P38435	Q9QYC7	1	1
OtO	P38484	Q63953	1	1
OtO	P38567	Q812F3	1	1
OtO	P38570	Q60677	1	1
OtO	P38571	Q9Z0M5	1	1
OtO	P38606	P50516	1	1
OtO	P38646	P38647	1	1
OtO	P38919	Q91VC3	1	1
OtO	P38935	P40694	1	1
OtO	P38936	P39689	1	1
OtO	P39019	Q9CZX8	1	1
OtO	P39023	P27659	1	1
OtO	P39059	O35206	1	1
OtO	P39060	P39061	1	1
OtO	P39086	Q60934	3	1
OtO	P39210	P19258	1	1
OtO	P39656	O54734	1	1
OtO	P39748	P39749	1	1
OtO	P39877	P97391	1	1
OtO	P39880	P53564	1	1
OtO	P39900	P34960	2	1
OtO	P39905	P48540	1	1
OtO	P40121	P24452	1	1
OtO	P40123	Q9CYT6	1	1
OtO	P40126	P29812	1	1
OtO	P40145	P97490	1	1
OtO	P40189	Q00560	1	1
OtO	P40197	O08742	1	1
OtO	P40200	Q3U0X8	1	1
OtO	P40222	Q6PAM1	1	1
OtO	P40225	P40226	1	1
OtO	P40227	P80317	1	1
OtO	P40238	Q08351	1	1
OtO	P40259	P15530	1	1
OtO	P40261	O55239	1	1
OtO	P40305	Q8C6G0	3	1
OtO	P40306	O35955	1	1
OtO	P40313	Q9ER05	1	1
OtO	P40337	P40338	1	1
OtO	P40394	Q64437	1	1
OtO	P40424	P41778	1	1
OtO	P40425	O35984	1	1
OtO	P40426	O35317	1	1
OtO	P40429	P19253	1	1
OtO	P40616	P61211	1	1
OtO	P40617	P61213	1	1
OtO	P40692	Q9JK91	1	1
OtO	P40763	P42227	1	1
OtO	P40818	Q80U87	1	1
OtO	P40855	Q8VCI5	1	1
OtO	P40879	Q9WVC8	1	1
OtO	P40925	P14152	1	1
OtO	P40926	P08249	1	1
OtO	P40933	P48346	1	1
OtO	P40937	Q9D0F6	1	1
OtO	P40938	Q8R323	1	1
OtO	P40939	Q8BMS1	1	1
OtO	P40967	Q60696	1	1
OtO	P41002	P51944	1	1
OtO	P41091	Q9Z0N1	1	1
OtO	P41134	P20067	311	1
OtO	P41143	P32300	1	1
OtO	P41145	P33534	1	1
OtO	P41146	P35377	1	1
OtO	P41159	P41160	1	1
OtO	P41161	Q9CXC9	1	1
OtO	P41162	Q8R4Z4	1	1
OtO	P41180	Q9QY96	1	1
OtO	P41181	P56402	1	1
OtO	P41182	P41183	1	1
OtO	P41208	Q9R1K9	1	1
OtO	P41212	P97360	1	1
OtO	P41214	Q61211	1	1
OtO	P41217	O54901	1	1
OtO	P41219	P15331	1	1
OtO	P41220	O08849	1	1
OtO	P41221	P22725	1	1
OtO	P41222	O09114	1	1
OtO	P41223	Q6PGH1	1	1
OtO	P41225	P53784	1	1
OtO	P41226	Q9DBK7	1	1
OtO	P41227	Q9QY36	1	1
OtO	P41229	P41230	1	1
OtO	P41231	P35383	1	1
OtO	P41235	P49698	1	1
OtO	P41238	P51908	1	1
OtO	P41240	P41241	1	1
OtO	P41250	Q9CZD3	1	1
OtO	P41252	Q8BU30	1	1
OtO	P41271	Q61477	1	1
OtO	P41273	P41274	2283	1
OtO	P41279	Q07174	1	1
OtO	P41440	P41438	1	1
OtO	P41567	P48024	1	1
OtO	P41586	P70205	1	1
OtO	P41587	P41588	1	1
OtO	P41594	Q3UVX5	1	1
OtO	P41595	Q02152	1	1
OtO	P41597	P51683	3	1
OtO	P41732	Q62283	1	1
OtO	P41743	Q62074	1	1
OtO	P41968	P33033	1	1
OtO	P41970	P41971	1	1
OtO	P42025	Q8R5C5	1	1
OtO	P42081	P42082	1	1
OtO	P42126	P42125	1	1
OtO	P42127	Q03288	1	1
OtO	P42166	Q61033	1	1
OtO	P42224	P42225	1	1
OtO	P42226	P52633	1	1
OtO	P42229	P42230	1	1
OtO	P42261	P23818	1	1
OtO	P42262	P23819	1	1
OtO	P42263	Q9Z2W9	1	1
OtO	P42285	Q9CZU3	1	1
OtO	P42331	Q8BYW1	1	1
OtO	P42336	P42337	1	1
OtO	P42338	Q8BTI9	1	1
OtO	P42345	Q9JLN9	1	1
OtO	P42356	E9Q3L2	1	1
OtO	P42357	P35492	1	1
OtO	P42566	P42567	1	1
OtO	P42568	A2AM29	1	1
OtO	P42574	P70677	1	1
OtO	P42575	P29594	1	1
OtO	P42658	Q9Z218	1	1
OtO	P42677	Q6ZWU9	1	1
OtO	P42679	P41242	1	1
OtO	P42680	P24604	1	1
OtO	P42681	P42682	1	1
OtO	P42684	Q4JIM5	1	1
OtO	P42685	Q922K9	1	1
OtO	P42694	Q6DFV5	1	1
OtO	P42695	Q6ZQK0	1	1
OtO	P42696	Q8C5L7	1	1
OtO	P42701	Q60837	1	1
OtO	P42702	P42703	1	1
OtO	P42704	Q6PB66	1	1
OtO	P42765	Q8BWT1	1	1
OtO	P42766	Q6ZWV7	1	1
OtO	P42768	P70315	1	1
OtO	P42772	P55271	1	1
OtO	P42773	Q60772	1	1
OtO	P42785	Q7TMR0	1	1
OtO	P42857	Q62092	1	1
OtO	P42858	P42859	1	1
OtO	P42892	Q4PZA2	1	1
OtO	P42898	Q9WU20	1	1
OtO	P43003	P56564	1	1
OtO	P43004	P43006	1	1
OtO	P43005	P51906	1	1
OtO	P43007	O35874	1	1
OtO	P43026	P43027	1	1
OtO	P43034	P63005	1	1
OtO	P43080	P43081	1	1
OtO	P43088	P43117	1	1
OtO	P43115	P30557	1	1
OtO	P43116	Q62053	1	1
OtO	P43119	P43252	1	1
OtO	P43121	Q8R2Y2	1	1
OtO	P43146	P70211	1	1
OtO	P43155	P47934	1	1
OtO	P43166	Q9ERQ8	1	1
OtO	P43220	O35659	1	1
OtO	P43234	Q8BM88	1	1
OtO	P43235	P55097	1	1
OtO	P43243	Q8K310	1	1
OtO	P43246	P43247	1	1
OtO	P43250	O70293	1	1
OtO	P43251	Q8CIF4	1	1
OtO	P43268	P28322	1	1
OtO	P43304	Q64521	1	1
OtO	P43307	Q9CY50	1	1
OtO	P43308	Q9CPW5	1	1
OtO	P43320	P62696	1	1
OtO	P43351	P43352	1	1
OtO	P43353	Q80VQ0	1	1
OtO	P43354	Q06219	1	1
OtO	P43378	O35239	1	1
OtO	P43403	P43404	1	1
OtO	P43405	P48025	1	1
OtO	P43487	P34022	1	1
OtO	P43489	P47741	1	1
OtO	P43490	Q99KQ4	1	1
OtO	P43652	O89020	2	1
OtO	P43657	Q8BMC0	1	1
OtO	P43681	O70174	1	1
OtO	P43686	P54775	1	1
OtO	P43694	Q08369	1	1
OtO	P43699	P50220	1	1
OtO	P43897	Q9CZR8	1	1
OtO	P45378	Q9QZ47	1	1
OtO	P45379	P50752	1	1
OtO	P45381	Q8R3P0	1	1
OtO	P45452	P33435	1	1
OtO	P45844	Q64343	1	1
OtO	P45877	P30412	1	1
OtO	P45880	Q60930	1	1
OtO	P45954	Q9DBL1	1	1
OtO	P45973	Q61686	1	1
OtO	P45974	P56399	1	1
OtO	P45984	Q9WTU6	1	1
OtO	P45985	P47809	1	1
OtO	P46013	E9PVX6	1	1
OtO	P46019	Q8BWJ3	1	1
OtO	P46020	P18826	1	1
OtO	P46059	Q9JIP7	1	1
OtO	P46060	P46061	1	1
OtO	P46063	Q9Z129	1	1
OtO	P46087	Q922K7	1	1
OtO	P46089	P35413	1	1
OtO	P46091	Q8K087	1	1
OtO	P46092	Q9JL21	1	1
OtO	P46093	Q8BUD0	1	1
OtO	P46094	Q9R0M1	1	1
OtO	P46095	Q6YNI2	1	1
OtO	P46098	P23979	1	1
OtO	P46100	Q61687	1	1
OtO	P46108	Q64010	1	1
OtO	P46109	P47941	1	1
OtO	P46199	Q91YJ5	1	1
OtO	P46379	Q9Z1R2	1	1
OtO	P46459	P46460	1	1
OtO	P46527	P46414	1	1
OtO	P46531	Q01705	1	1
OtO	P46597	D3KU66	6602	1
OtO	P46663	Q61125	1	1
OtO	P46695	P46694	1	1
OtO	P46734	O09110	1	1
OtO	P46736	P46737	1	1
OtO	P46776	P14115	1	1
OtO	P46777	P47962	1	1
OtO	P46778	O09167	1	1
OtO	P46779	P41105	1	1
OtO	P46781	Q6ZWN5	1	1
OtO	P46782	P97461	1	1
OtO	P46783	P63325	1	1
OtO	P46821	P14873	1	1
OtO	P46926	O88958	1	1
OtO	P46934	P46935	4393	1
OtO	P46937	P46938	1	1
OtO	P46939	E9Q6R7	1	1
OtO	P46940	Q9JKF1	1	1
OtO	P46952	Q78JT3	1	1
OtO	P46976	Q9R062	1	1
OtO	P46977	P46978	1	1
OtO	P47211	P56479	1	1
OtO	P47224	Q91X96	1	1
OtO	P47710	P19228	3	1
OtO	P47712	P47713	1	1
OtO	P47736	A2ALS5	1	1
OtO	P47755	P47754	1	1
OtO	P47756	P47757	1	1
OtO	P47775	P35412	1	1
OtO	P47804	Q9Z2B3	1	1
OtO	P47813	Q8BMJ3	1	1
OtO	P47869	P26048	1	1
OtO	P47870	P63137	1	1
OtO	P47871	Q61606	1	1
OtO	P47872	Q5FWI2	1	1
OtO	P47874	Q64288	1	1
OtO	P47883	Q7TRX3	63	1
OtO	P47895	Q9JHW9	1	1
OtO	P47897	Q8BML9	1	1
OtO	P47898	P30966	1	1
OtO	P47900	P49650	1	1
OtO	P47901	Q9WU02	1	1
OtO	P47902	P18111	1	1
OtO	P47928	P41139	1	1
OtO	P47929	O54974	1	1
OtO	P47944	P47945	1	1
OtO	P47972	O70340	1	1
OtO	P47974	P23949	1	1
OtO	P47989	Q00519	1	1
OtO	P48023	P41047	1	1
OtO	P48029	Q8VBW1	1	1
OtO	P48039	Q61184	1	1
OtO	P48047	Q9DB20	1	1
OtO	P48048	O88335	1	1
OtO	P48050	P52189	1	1
OtO	P48051	P48542	1	1
OtO	P48052	Q504N0	1	1
OtO	P48058	Q9Z2W8	1	1
OtO	P48059	Q99JW4	1	1
OtO	P48060	Q9CWG1	1	1
OtO	P48061	P40224	1	1
OtO	P48065	P31651	1	1
OtO	P48066	P31650	1	1
OtO	P48067	P28571	1	1
OtO	P48145	P49681	1	1
OtO	P48147	Q9QUR6	1	1
OtO	P48163	P06801	1	1
OtO	P48165	P28236	1	1
OtO	P48167	P48168	1	1
OtO	P48169	Q9D6F4	1	1
OtO	P48200	Q811J3	1	1
OtO	P48201	P56384	1	1
OtO	P48230	Q91XD3	1	1
OtO	P48307	O35536	1	1
OtO	P48357	P48356	1	1
OtO	P48378	P48379	1	1
OtO	P48380	P48381	1	1
OtO	P48426	O70172	1	1
OtO	P48431	P48432	1	1
OtO	P48436	Q04887	1	1
OtO	P48443	P28705	1	1
OtO	P48444	Q5XJY5	1	1
OtO	P48449	Q8BLN5	1	1
OtO	P48454	P48455	1	1
OtO	P48506	P97494	1	1
OtO	P48507	O09172	1	1
OtO	P48509	O35566	1	1
OtO	P48539	P63054	1	1
OtO	P48544	P48545	1	1
OtO	P48546	Q0P543	1	1
OtO	P48547	P15388	1	1
OtO	P48549	P63250	1	1
OtO	P48551	O35664	1	1
OtO	P48552	Q8CBD1	1	1
OtO	P48553	Q3TLI0	1	1
OtO	P48556	Q9CX56	1	1
OtO	P48595	Q8K1K6	1	1
OtO	P48634	Q7TSC1	1	1
OtO	P48637	P51855	1	1
OtO	P48643	P80316	1	1
OtO	P48645	Q9QXK8	1	1
OtO	P48651	Q99LH2	1	1
OtO	P48664	O35544	1	1
OtO	P48681	Q6P5H2	1	1
OtO	P48723	Q8BM72	1	1
OtO	P48728	Q8CFA2	1	1
OtO	P48729	Q8BK63	1	1
OtO	P48730	Q9DC28	1	1
OtO	P48735	P54071	1	1
OtO	P48736	Q9JHG7	1	1
OtO	P48739	P53811	1	1
OtO	P48740	P98064	1	1
OtO	P48742	P63006	1	1
OtO	P48745	Q64299	1	1
OtO	P48751	P16283	1	1
OtO	P48764	G3X939	1	1
OtO	P48775	P48776	1	1
OtO	P48788	P13412	1	1
OtO	P48995	Q61056	1	1
OtO	P49005	O35654	1	1
OtO	P49006	P28667	1	1
OtO	P49023	Q8VI36	1	1
OtO	P49069	P49070	1	1
OtO	P49116	P49117	1	1
OtO	P49137	P49138	1	1
OtO	P49146	P97295	1	1
OtO	P49184	Q9D7J6	1	1
OtO	P49189	Q9JLJ2	1	1
OtO	P49190	Q91V95	1	1
OtO	P49207	Q9D1R9	1	1
OtO	P49221	Q8BZH1	1	1
OtO	P49238	Q9Z0D9	1	1
OtO	P49247	P47968	1	1
OtO	P49257	Q9D0F3	1	1
OtO	P49279	P41251	1	1
OtO	P49281	P49282	1	1
OtO	P49286	Q8CIQ6	1	1
OtO	P49321	Q99MD9	1	1
OtO	P49326	P97872	1	1
OtO	P49327	P19096	1	1
OtO	P49335	P62515	1	1
OtO	P49336	Q8R3L8	1	1
OtO	P49354	Q61239	1	1
OtO	P49356	Q8K2I1	1	1
OtO	P49366	Q3TXU5	1	1
OtO	P49368	P80318	1	1
OtO	P49406	Q9D338	1	1
OtO	P49407	Q8BWG8	1	1
OtO	P49411	Q8BFR5	1	1
OtO	P49418	Q7TQF7	1	1
OtO	P49419	Q9DBF1	1	1
OtO	P49427	Q8CFI2	1	1
OtO	P49441	P49442	1	1
OtO	P49447	Q60720	1	1
OtO	P49450	O35216	1	1
OtO	P49454	E9Q3P4	1	1
OtO	P49458	P49962	1	1
OtO	P49459	Q9Z255	1	1
OtO	P49585	P49586	1	1
OtO	P49588	Q8BGQ7	1	1
OtO	P49589	Q9ER72	1	1
OtO	P49590	Q99KK9	1	1
OtO	P49591	P26638	1	1
OtO	P49593	Q8CGA0	1	1
OtO	P49619	Q91WG7	1	1
OtO	P49638	Q8BWP5	1	1
OtO	P49639	P09022	1	1
OtO	P49640	P23683	1	1
OtO	P49641	Q8BRK9	1	1
OtO	P49642	P20664	1	1
OtO	P49643	P33610	1	1
OtO	P49674	Q9JMK2	1	1
OtO	P49675	P51557	1	1
OtO	P49682	O88410	1	1
OtO	P49683	Q6VMN6	1	1
OtO	P49685	Q0VDU3	1	1
OtO	P49703	Q99PE9	1	1
OtO	P49711	Q61164	1	1
OtO	P49715	P53566	1	1
OtO	P49716	Q00322	1	1
OtO	P49720	Q9R1P1	1	1
OtO	P49721	Q9R1P3	1	1
OtO	P49736	P97310	1	1
OtO	P49746	Q05895	1	1
OtO	P49747	Q9R0G6	1	1
OtO	P49748	P50544	1	1
OtO	P49750	Q9R0I7	1	1
OtO	P49754	Q5KU39	1	1
OtO	P49755	Q9D1D4	1	1
OtO	P49756	B2RY56	1	1
OtO	P49757	Q9QZS3	1	1
OtO	P49758	Q9Z2H2	1	1
OtO	P49759	P22518	2	1
OtO	P49760	O35491	1	1
OtO	P49761	O35492	1	1
OtO	P49763	P49764	1381	1
OtO	P49765	P49766	1	1
OtO	P49767	P97953	1	1
OtO	P49768	P49769	1	1
OtO	P49770	Q99LD9	1	1
OtO	P49771	P49772	1	1
OtO	P49773	P70349	1	1
OtO	P49788	F6ZIS7	1	1
OtO	P49789	O89106	1	1
OtO	P49790	E9Q3G8	1	1
OtO	P49792	Q9ERU9	1	1
OtO	P49795	Q9CX84	1	1
OtO	P49796	Q9DC04	1	1
OtO	P49798	O08899	1	1
OtO	P49802	O54829	2	1
OtO	P49810	Q61144	1	1
OtO	P49815	Q61037	1	1
OtO	P49821	Q91YT0	1	1
OtO	P49840	Q2NL51	1	1
OtO	P49841	Q9WV60	1	1
OtO	P49842	Q9JHN8	1	1
OtO	P49848	Q62311	1	1
OtO	P49862	Q91VE3	1	1
OtO	P49863	O35205	1	1
OtO	P49888	P49891	1	1
OtO	P49895	Q61153	1	1
OtO	P49902	Q3V1L4	1	1
OtO	P49903	Q8BH69	1	1
OtO	P49908	P70274	1	1
OtO	P49913	P51437	1	1
OtO	P49915	Q3THK7	1	1
OtO	P49916	P97386	1	1
OtO	P49917	Q8BTF7	1	1
OtO	P49918	P49919	3	1
OtO	P49959	Q61216	1	1
OtO	P49961	P55772	1	1
OtO	P50052	P35374	1	1
OtO	P50053	P97328	1	1
OtO	P50120	Q08652	1	1
OtO	P50135	Q91VF2	1	1
OtO	P50148	P21279	1	1
OtO	P50150	P50153	1	1
OtO	P50151	Q9CXP8	1	1
OtO	P50213	Q9D6R2	1	1
OtO	P50219	Q9QZW9	1	1
OtO	P50221	P32442	1	1
OtO	P50222	P32443	1	1
OtO	P50238	P63254	1	1
OtO	P50281	P53690	1	1
OtO	P50336	P51175	1	1
OtO	P50395	Q61598	1	1
OtO	P50402	O08579	1	1
OtO	P50406	Q9R1C8	1	1
OtO	P50416	P97742	1	1
OtO	P50440	Q9D964	1	1
OtO	P50443	Q62273	1	1
OtO	P50452	O08800	1	1
OtO	P50454	P19324	1	1
OtO	P50458	Q9Z0S2	1	1
OtO	P50461	P50462	1	1
OtO	P50479	P70271	1	1
OtO	P50539	P50540	1	1
OtO	P50542	O09012	1	1
OtO	P50548	P70459	1	1
OtO	P50549	P41164	1	1
OtO	P50552	P70460	1	1
OtO	P50553	Q02067	1	1
OtO	P50570	P39054	1	1
OtO	P50579	O08663	1	1
OtO	P50583	P56380	1	1
OtO	P50591	P50592	1	1
OtO	P50607	P50586	1	1
OtO	P50613	Q03147	1	1
OtO	P50616	Q61471	1	1
OtO	P50747	Q920N2	1	1
OtO	P50748	Q8C3Y4	1	1
OtO	P50749	Q8BMS9	1	1
OtO	P50750	Q99J95	1	1
OtO	P50851	Q9ESE1	1	1
OtO	P50876	Q925F3	1	1
OtO	P50895	Q9R069	1	1
OtO	P50897	O88531	1	1
OtO	P50914	Q9CR57	1	1
OtO	P50990	P42932	1	1
OtO	P50991	P80315	1	1
OtO	P50993	Q6PIE5	1	1
OtO	P50995	P97384	1	1
OtO	P51003	Q61183	1	1
OtO	P51114	Q61584	1	1
OtO	P51116	Q9WVR4	1	1
OtO	P51124	O08643	1	1
OtO	P51148	P35278	1	1
OtO	P51149	P51150	1	1
OtO	P51151	Q9R0M6	1	1
OtO	P51153	Q9DD03	1	1
OtO	P51157	Q99KL7	1	1
OtO	P51159	Q9ERI2	1	1
OtO	P51160	Q91ZQ1	2	1
OtO	P51161	P51162	1	1
OtO	P51164	P50992	1	1
OtO	P51168	Q9WU38	2	1
OtO	P51170	Q9WU39	2	1
OtO	P51178	Q8R3B1	1	1
OtO	P51397	Q91XC8	1	1
OtO	P51398	Q9ER88	1	1
OtO	P51449	P51450	1	1
OtO	P51451	P16277	1	1
OtO	P51452	Q9D7X3	1	1
OtO	P51460	O09107	1	1
OtO	P51511	O54732	1	1
OtO	P51512	Q9WTR0	1	1
OtO	P51513	Q9JKN6	1	1
OtO	P51530	Q6ZQJ5	1	1
OtO	P51531	Q6DIC0	1	1
OtO	P51532	Q3TKT4	1	1
OtO	P51553	P70404	1	1
OtO	P51570	Q9R0N0	1	1
OtO	P51571	Q62186	1	1
OtO	P51572	Q61335	1	1
OtO	P51575	P51576	1	1
OtO	P51580	O55060	1	1
OtO	P51582	Q9JJS7	1	1
OtO	P51587	P97929	1	1
OtO	P51606	P82343	1	1
OtO	P51608	Q9Z2D6	1	1
OtO	P51610	Q61191	1	1
OtO	P51617	Q62406	1	1
OtO	P51636	Q9WVC3	1	1
OtO	P51648	P47740	1	1
OtO	P51649	Q8BWF0	1	1
OtO	P51654	Q8CFZ4	1	1
OtO	P51659	P51660	1	1
OtO	P51665	P26516	1	1
OtO	P51668	P61080	1	1
OtO	P51671	P48298	1	1
OtO	P51674	P35802	1	1
OtO	P51677	P51678	2	1
OtO	P51679	P51680	1	1
OtO	P51681	P51682	1	1
OtO	P51684	O54689	1	1
OtO	P51685	P56484	2	1
OtO	P51686	Q9WUT7	1	1
OtO	P51687	Q8R086	1	1
OtO	P51688	Q9EQ08	1	1
OtO	P51692	P42232	1	1
OtO	P51693	Q03157	1	1
OtO	P51784	Q99K46	1	1
OtO	P51787	P97414	1	1
OtO	P51788	Q9R0A1	1	1
OtO	P51790	P51791	1	1
OtO	P51793	Q61418	1	1
OtO	P51795	Q9WVD4	1	1
OtO	P51797	O35454	1	1
OtO	P51798	O70496	1	1
OtO	P51805	P70208	1	1
OtO	P51808	P56387	1	1
OtO	P51809	P70280	1	1
OtO	P51810	P70259	1	1
OtO	P51811	Q9QXY7	1	1
OtO	P51812	P18654	1	1
OtO	P51813	P97504	1	1
OtO	P51816	O55112	1	1
OtO	P51817	Q922R0	1	1
OtO	P51825	O88573	1	1
OtO	P51826	P51827	1	1
OtO	P51828	P51829	1	1
OtO	P51841	Q5SDA5	1	1
OtO	P51843	Q61066	1	1
OtO	P51857	Q8VCX1	1	1
OtO	P51858	P51859	1	1
OtO	P51884	P51885	1	1
OtO	P51888	Q9JK53	1	1
OtO	P51911	Q08091	1	1
OtO	P51946	Q61458	1	1
OtO	P51948	P51949	1	1
OtO	P51955	O35942	1	1
OtO	P51956	Q9R0A5	1	1
OtO	P51957	Q9Z1J2	1	1
OtO	P51959	P51945	1	1
OtO	P51965	P52482	1	1
OtO	P51970	Q9DCJ5	1	1
OtO	P51991	Q8BG05	1	1
OtO	P52179	Q62234	1	1
OtO	P52198	Q9QYM5	1	1
OtO	P52209	Q9DCD0	1	1
OtO	P52272	Q9D0E1	1	1
OtO	P52292	P52293	1	1
OtO	P52294	Q60960	1	1
OtO	P52298	Q9CQ49	1	1
OtO	P52306	E9Q912	1	1
OtO	P52333	Q62137	1	1
OtO	P52429	Q9R1C6	1	1
OtO	P52434	Q923G2	1	1
OtO	P52435	O08740	1	1
OtO	P52564	P70236	1	1
OtO	P52565	Q99PT1	1	1
OtO	P52566	Q61599	1	1
OtO	P52569	P18581	1	1
OtO	P52594	Q8K2K6	1	1
OtO	P52597	Q9Z2X1	1	1
OtO	P52630	Q9WVL2	1	1
OtO	P52655	Q99PM3	1	1
OtO	P52657	Q80ZM7	1	1
OtO	P52701	P54276	1	1
OtO	P52732	Q6P9P6	1	1
OtO	P52735	Q60992	1	1
OtO	P52739	Q8K3J5	1	1
OtO	P52746	G5E869	1	1
OtO	P52747	O70230	1	1
OtO	P52756	Q91YE7	1	1
OtO	P52758	P52760	1	1
OtO	P52788	P97355	1	1
OtO	P52789	O08528	1	1
OtO	P52790	Q3TRM8	1	1
OtO	P52797	O08545	1	1
OtO	P52798	O08542	1	1
OtO	P52799	P52800	1	1
OtO	P52803	O08543	1	1
OtO	P52815	Q9DB15	1	1
OtO	P52823	O55183	1	1
OtO	P52824	Q6P5E8	1	1
OtO	P52848	Q3UHN9	1	1
OtO	P52849	P52850	1	1
OtO	P52888	Q8C1A5	1	1
OtO	P52907	P47753	1	1
OtO	P52926	P52927	1	1
OtO	P52943	Q9DCT8	1	1
OtO	P52945	P52946	1	1
OtO	P52948	Q6PFD9	1	1
OtO	P52951	P48031	1	1
OtO	P52952	P42582	1	1
OtO	P52954	P52955	1	1
OtO	P52961	Q60935	1	1
OtO	P53004	Q9CY64	1	1
OtO	P53007	Q8JZU2	1	1
OtO	P53041	Q60676	1	1
OtO	P53350	Q07832	1	1
OtO	P53355	Q80YE7	1	1
OtO	P53365	Q8K221	1	1
OtO	P53367	G5E8V9	2	1
OtO	P53370	Q8CH40	1	1
OtO	P53384	Q9R060	1	1
OtO	P53396	Q91V92	1	1
OtO	P53420	Q9QZR9	1	1
OtO	P53539	P13346	1	1
OtO	P53567	P53568	1	1
OtO	P53582	Q8BP48	1	1
OtO	P53597	Q9WUM5	1	1
OtO	P53602	Q99JF5	1	1
OtO	P53609	Q8BUY9	1	1
OtO	P53611	P53612	1	1
OtO	P53618	Q9JIF7	1	1
OtO	P53621	Q8CIE6	1	1
OtO	P53634	P97821	1	1
OtO	P53667	P53668	1	1
OtO	P53671	O54785	1	1
OtO	P53672	Q9JJV1	1	1
OtO	P53673	Q9JJV0	1	1
OtO	P53674	Q9WVJ5	1	1
OtO	P53677	Q8R2R9	1	1
OtO	P53680	P62743	1	1
OtO	P53701	P53702	1	1
OtO	P53708	A2ARA8	1	1
OtO	P53778	O08911	1	1
OtO	P53779	Q61831	1	1
OtO	P53794	Q9JKZ2	1	1
OtO	P53801	Q8R143	1	1
OtO	P53803	Q63871	1	1
OtO	P53804	O88196	1	1
OtO	P53805	Q9JHG6	1	1
OtO	P53814	Q921U8	1	1
OtO	P53816	Q8R3U1	1	1
OtO	P53985	P53986	1	1
OtO	P53990	Q9CX00	1	1
OtO	P53992	G3X972	1	1
OtO	P53999	P11031	1	1
OtO	P54098	P54099	1	1
OtO	P54105	Q61189	1	1
OtO	P54132	O88700	1	1
OtO	P54136	Q9D0I9	1	1
OtO	P54198	Q61666	1	1
OtO	P54219	Q8R090	1	1
OtO	P54252	Q9CVD2	1	1
OtO	P54253	P54254	1	1
OtO	P54257	O35668	1	1
OtO	P54259	O35126	1	1
OtO	P54274	P70371	1	1
OtO	P54277	Q8K119	1	1
OtO	P54278	P54279	1	1
OtO	P54284	P54285	1	1
OtO	P54289	O08532	1	1
OtO	P54296	Q14BI5	1	1
OtO	P54315	Q5BKQ4	1	1
OtO	P54317	P17892	2	1
OtO	P54368	P54369	1	1
OtO	P54577	Q91WQ3	1	1
OtO	P54578	Q9JMA1	1	1
OtO	P54619	O54950	1	1
OtO	P54646	Q8BRK8	1	1
OtO	P54652	P17156	1	1
OtO	P54687	P24288	1	1
OtO	P54707	Q9Z1W8	1	1
OtO	P54709	P97370	1	1
OtO	P54710	Q04646	1	1
OtO	P54725	P54726	1	1
OtO	P54727	P54728	1	1
OtO	P54750	Q61481	1	1
OtO	P54753	P54754	1	1
OtO	P54760	P54761	1	1
OtO	P54762	Q8CBF3	1	1
OtO	P54764	Q03137	1	1
OtO	P54802	O88325	1	1
OtO	P54803	P54818	1	1
OtO	P54819	Q9WTP6	1	1
OtO	P54821	P63013	1	1
OtO	P54826	Q01721	1	1
OtO	P54829	P54830	1	1
OtO	P54840	Q8VCB3	1	1
OtO	P54845	P54846	1	1
OtO	P54849	P47801	1	1
OtO	P54851	O88662	1	1
OtO	P54852	O35912	1	1
OtO	P54868	P54869	1	1
OtO	P54886	Q9Z110	1	1
OtO	P54920	Q9DB05	1	1
OtO	P54922	P54923	1	1
OtO	P55000	Q9Z0K7	1	1
OtO	P55001	P55002	1	1
OtO	P55008	O70200	1	1
OtO	P55010	P59325	1	1
OtO	P55011	P55012	1	1
OtO	P55017	P59158	1	1
OtO	P55036	O35226	1	1
OtO	P55039	Q9QXB9	1	1
OtO	P55040	P55041	1	1
OtO	P55042	O88667	1	1
OtO	P55055	Q60644	1	1
OtO	P55056	Q61268	1	1
OtO	P55058	P55065	1	1
OtO	P55060	Q9ERK4	1	1
OtO	P55061	Q9D2C7	1	1
OtO	P55064	Q9WTY4	1	1
OtO	P55072	Q01853	1	1
OtO	P55073	Q91ZI8	1	1
OtO	P55075	P37237	1	1
OtO	P55082	Q922T2	1	1
OtO	P55083	Q9D1H9	1	1
OtO	P55084	Q99JY0	1	1
OtO	P55085	P55086	1	1
OtO	P55087	P55088	1	1
OtO	P55089	P81615	1	1
OtO	P55103	P55104	2	1
OtO	P55107	P97737	1	1
OtO	P55145	Q9CXI5	1	1
OtO	P55157	O08601	1	1
OtO	P55160	Q8K1X4	1	1
OtO	P55196	Q9QZQ1	1	1
OtO	P55197	O54826	1	1
OtO	P55198	B1AR10	1	1
OtO	P55199	O08856	1	1
OtO	P55201	B2RRD7	1	1
OtO	P55209	P28656	1	1
OtO	P55210	P97864	1	1
OtO	P55211	Q8C3Q9	1	1
OtO	P55212	O08738	1	1
OtO	P55259	Q9D733	1	1
OtO	P55263	P55264	1	1
OtO	P55265	Q99MU3	1	1
OtO	P55268	Q61292	1	1
OtO	P55273	Q60773	1	1
OtO	P55283	P39038	1	1
OtO	P55285	P97326	1	1
OtO	P55286	P97291	1	1
OtO	P55287	P55288	1	1
OtO	P55289	Q5RJH3	1	1
OtO	P55290	Q9WTR5	1	1
OtO	P55291	P33146	1	1
OtO	P55316	Q60987	1	1
OtO	P55317	P35582	1	1
OtO	P55318	P35584	1	1
OtO	P55327	Q62393	1	1
OtO	P55344	P56563	1	1
OtO	P55345	Q9R144	1	1
OtO	P55347	O70477	1	1
OtO	P55735	Q9D1M0	1	1
OtO	P55769	Q9D0T1	1	1
OtO	P55771	P47242	1	1
OtO	P55786	Q11011	1	1
OtO	P55789	P56213	1	1
OtO	P55795	P70333	1	1
OtO	P55809	Q9D0K2	1	1
OtO	P55822	Q9WUZ7	43	1
OtO	P55851	P70406	1	1
OtO	P55854	Q9Z172	1	1
OtO	P55884	Q8JZQ9	1	1
OtO	P55895	P21784	1	1
OtO	P55899	Q61559	1	1
OtO	P55916	P56501	1	1
OtO	P55957	P70444	1	1
OtO	P56134	P56135	1	1
OtO	P56159	P97785	1	1
OtO	P56177	Q64317	1	1
OtO	P56178	P70396	1	1
OtO	P56179	P70397	1	1
OtO	P56181	Q8BK30	1	1
OtO	P56182	P56183	1	1
OtO	P56192	Q68FL6	1	1
OtO	P56199	Q3V3R4	1	1
OtO	P56202	P56203	1	1
OtO	P56211	P56212	1	1
OtO	P56270	P56671	1	1
OtO	P56277	Q61908	1	1
OtO	P56278	Q60945	1	1
OtO	P56279	P56280	17	1
OtO	P56282	O54956	1	1
OtO	P56373	Q3UR32	1	1
OtO	P56377	Q9DB50	1	1
OtO	P56378	P56379	1	1
OtO	P56385	Q06185	1	1
OtO	P56524	Q6NZM9	1	1
OtO	P56537	O55135	1	1
OtO	P56539	P51637	1	1
OtO	P56545	P56546	1	1
OtO	P56556	Q9CQZ5	1	1
OtO	P56557	Q9D1X9	1	1
OtO	P56559	P61208	1	1
OtO	P56589	Q9QXY9	1	1
OtO	P56597	Q99MH5	1	1
OtO	P56645	O70361	1	1
OtO	P56693	Q04888	1	1
OtO	P56696	Q9JK97	1	1
OtO	P56703	P17553	1	1
OtO	P56704	P27467	1	1
OtO	P56705	P22724	1	1
OtO	P56706	P28047	1	1
OtO	P56715	P56716	1	1
OtO	P56730	O08762	1	1
OtO	P56746	Q9Z0S5	1	1
OtO	P56747	Q9Z262	1	1
OtO	P56748	Q9Z260	1	1
OtO	P56749	Q9ET43	1	1
OtO	P56750	Q8BXA6	1	1
OtO	P56817	P56818	1	1
OtO	P56856	P56857	1	1
OtO	P56915	Q02591	1	1
OtO	P56937	O88736	1	1
OtO	P56945	Q61140	1	1
OtO	P56962	Q9D0I4	1	1
OtO	P56975	O35181	1	1
OtO	P57052	Q80YT9	1	1
OtO	P57054	Q9JHG1	1	1
OtO	P57055	Q924S9	8	1
OtO	P57057	Q8R070	1	1
OtO	P57058	O88866	1	1
OtO	P57060	Q99M03	1	1
OtO	P57071	E9Q8T2	1	1
OtO	P57073	Q04886	1	1
OtO	P57075	Q3V3E1	1	1
OtO	P57076	Q8BL95	1	1
OtO	P57077	P58500	1	1
OtO	P57078	Q9ERK0	1	1
OtO	P57081	Q9EP82	1	1
OtO	P57082	P70325	1	1
OtO	P57086	Q2M4I6	1	1
OtO	P57087	Q9JI59	1	1
OtO	P57088	Q9CR67	1	1
OtO	P57103	S4R2P9	1	1
OtO	P57105	Q9D6K5	1	1
OtO	P57678	Q6P6L6	1	1
OtO	P57679	P57680	1	1
OtO	P57682	Q60980	1	1
OtO	P57721	P57722	1	1
OtO	P57723	P57724	1	1
OtO	P57727	Q8K1T0	1	1
OtO	P57729	Q8QZZ8	1	1
OtO	P57735	Q9WTL2	1	1
OtO	P57737	Q9D2V7	1	1
OtO	P57738	Q8VEA7	1	1
OtO	P57739	O88552	1	1
OtO	P57740	Q8BH74	1	1
OtO	P57764	Q9D8T2	1	1
OtO	P57768	Q8C080	1	1
OtO	P57771	Q8BXT1	1	1
OtO	P57772	Q9JHW4	1	1
OtO	P57775	Q9JMJ2	1	1
OtO	P57789	Q8BUW1	1	1
OtO	P57796	Q8VHC5	1	1
OtO	P58004	P58043	1	1
OtO	P58005	Q9CYP7	1	1
OtO	P58012	O88470	1	1
OtO	P58062	Q6IE32	1	1
OtO	P58107	Q8R0W0	1	1
OtO	P58166	O08717	1	1
OtO	P58173	Q60890	1	1
OtO	P58215	Q9Z175	1	1
OtO	P58294	Q14A28	1	1
OtO	P58304	Q61412	1	1
OtO	P58335	Q6DFX2	1	1
OtO	P58340	Q9QWV4	1	1
OtO	P58397	Q811B3	1	1
OtO	P58417	Q61200	1	1
OtO	P58418	Q8K445	1	1
OtO	P58499	Q9D309	1	1
OtO	P58505	G5E8K1	47	1
OtO	P58511	Q99J19	1	1
OtO	P58546	P62774	1	1
OtO	P58549	P59648	1	1
OtO	P58557	Q8CAV0	1	1
OtO	P58658	P58659	1	1
OtO	P58743	Q99NH7	1	1
OtO	P58753	Q99JY1	1	1
OtO	P58872	P58873	1	1
OtO	P58876	P10854	1	1
OtO	P59025	Q8C8C1	1	1
OtO	P59044	Q91WS2	1	1
OtO	P59046	E9Q5R7	1	1
OtO	P59047	Q9R1M5	2	1
OtO	P59095	P59096	1	1
OtO	P59190	Q8K386	1	1
OtO	P59282	Q0P5Y3	1	1
OtO	P59510	P59511	2	1
OtO	P59533	Q7TQA6	1	1
OtO	P59534	Q7TQA5	2	1
OtO	P59535	Q7TQB8	1	1
OtO	P59536	P59532	1	1
OtO	P59551	Q7TQA9	2	1
OtO	P59768	P63213	1	1
OtO	P59773	Q8C4X7	1	1
OtO	P59780	Q8BSZ2	1	1
OtO	P59796	Q91WR8	2	1
OtO	P59826	Q80ZU7	1	1
OtO	P59827	A2BGH0	1	1
OtO	P59910	Q80Y75	1	1
OtO	P59923	Q8R2V3	13	1
OtO	P59998	P59999	1	1
OtO	P60002	P60003	1	1
OtO	P60006	P60007	1	1
OtO	P60008	Q9QYL0	75	1
OtO	P60022	P56386	1	1
OtO	P60033	P35762	1	1
OtO	P60059	P60060	1	1
OtO	P60153	P60154	1	1
OtO	P60174	P17751	1	1
OtO	P60201	P60202	1	1
OtO	P60228	P60229	1	1
OtO	P60321	P60322	1	1
OtO	P60323	P60324	1	1
OtO	P60468	Q9CQS8	1	1
OtO	P60484	O08586	1	1
OtO	P60510	P97470	1	1
OtO	P60520	P60521	1	1
OtO	P60568	P04351	1	1
OtO	P60602	P60603	1	1
OtO	P60604	P60605	1	1
OtO	P60606	Q8K129	1	1
OtO	P60660	Q60605	1	1
OtO	P60673	Q9DAD6	1	1
OtO	P60709	P60710	1	1
OtO	P60763	P60764	1	1
OtO	P60842	P60843	1	1
OtO	P60852	Q62005	1	1
OtO	P60866	P60867	1	1
OtO	P60880	P60879	1	1
OtO	P60891	Q9D7G0	1	1
OtO	P60893	P60894	1	1
OtO	P60900	Q9QUM9	1	1
OtO	P60903	P08207	1	1
OtO	P60953	P60766	1	1
OtO	P60981	Q9R0P5	1	1
OtO	P60983	Q9CQI3	1	1
OtO	P60985	Q3V2T4	1	1
OtO	P61006	P55258	1	1
OtO	P61009	Q6ZWQ7	1	1
OtO	P61011	P14576	1	1
OtO	P61018	Q91ZR1	1	1
OtO	P61019	P53994	1	1
OtO	P61020	P61021	1	1
OtO	P61024	P61025	1	1
OtO	P61026	P61027	1	1
OtO	P61073	P70658	1	1
OtO	P61077	P61079	1	1
OtO	P61081	P61082	1	1
OtO	P61086	P61087	1	1
OtO	P61088	P61089	1	1
OtO	P61106	Q91V41	1	1
OtO	P61129	Q8BYK8	1	1
OtO	P61158	Q99JY9	1	1
OtO	P61160	P61161	1	1
OtO	P61163	P61164	1	1
OtO	P61165	P61166	1	1
OtO	P61201	P61202	1	1
OtO	P61204	P61205	1	1
OtO	P61218	P61219	1	1
OtO	P61221	P61222	1	1
OtO	P61224	Q99JI6	1	1
OtO	P61225	P61226	1	1
OtO	P61236	P61237	1	1
OtO	P61244	P28574	1	1
OtO	P61247	P97351	1	1
OtO	P61254	P61255	1	1
OtO	P61266	P61264	1	1
OtO	P61278	P60041	1	1
OtO	P61289	P61290	1	1
OtO	P61296	Q61039	1	1
OtO	P61313	Q9CZM2	1	1
OtO	P61326	P61327	1	1
OtO	P61328	P61329	1	1
OtO	P61353	P61358	1	1
OtO	P61366	P61364	1	1
OtO	P61371	P61372	1	1
OtO	P61421	P51863	1	1
OtO	P61457	P61458	1	1
OtO	P61513	P61514	1	1
OtO	P61586	Q9QUI0	1	1
OtO	P61587	P61588	1	1
OtO	P61599	P61600	1	1
OtO	P61601	Q91X97	1	1
OtO	P61619	P61620	1	1
OtO	P61647	Q8K4T1	1	1
OtO	P61758	P61759	1	1
OtO	P61764	O08599	1	1
OtO	P61769	P01887	1	1
OtO	P61803	P61804	1	1
OtO	P61812	P27090	1	1
OtO	P61916	Q9Z0J0	1	1
OtO	P61923	P61924	1	1
OtO	P61925	P63248	1	1
OtO	P61927	Q9D823	1	1
OtO	P61952	P61953	1	1
OtO	P61956	P61957	1	1
OtO	P61960	P61961	1	1
OtO	P61962	P61963	1	1
OtO	P61964	P61965	1	1
OtO	P61966	P61967	1	1
OtO	P61968	P61969	1	1
OtO	P61970	P61971	1	1
OtO	P61978	P61979	1	1
OtO	P61981	P61982	1	1
OtO	P62068	P62069	1	1
OtO	P62070	P62071	1	1
OtO	P62072	P62073	1	1
OtO	P62079	P62080	1	1
OtO	P62081	P62082	1	1
OtO	P62136	P62137	1	1
OtO	P62140	P62141	1	1
OtO	P62166	Q8BNY6	1	1
OtO	P62191	P62192	1	1
OtO	P62195	P62196	1	1
OtO	P62241	P62242	1	1
OtO	P62244	P62245	1	1
OtO	P62249	P14131	1	1
OtO	P62253	P62254	1	1
OtO	P62256	P62257	1	1
OtO	P62258	P62259	1	1
OtO	P62263	P62264	1	1
OtO	P62266	P62267	1	1
OtO	P62269	P62270	1	1
OtO	P62273	P62274	1	1
OtO	P62277	P62301	1	1
OtO	P62280	P62281	1	1
OtO	P62304	P62305	1	1
OtO	P62306	P62307	1	1
OtO	P62308	P62309	1	1
OtO	P62310	P62311	1	1
OtO	P62312	P62313	1	1
OtO	P62314	P62315	1	1
OtO	P62316	P62317	1	1
OtO	P62318	P62320	1	1
OtO	P62324	P62325	1	1
OtO	P62328	P20065	1	1
OtO	P62330	P62331	1	1
OtO	P62333	P62334	1	1
OtO	P62341	P62342	1	1
OtO	P62380	P62340	1	1
OtO	P62424	P12970	1	1
OtO	P62487	P62488	1	1
OtO	P62491	P62492	1	1
OtO	P62495	Q8BWY3	1	1
OtO	P62502	A2AJB9	1	1
OtO	P62508	P62509	1	1
OtO	P62633	P53996	1	1
OtO	P62699	P62700	1	1
OtO	P62701	P62702	1	1
OtO	P62714	P62715	1	1
OtO	P62736	P62737	1	1
OtO	P62745	P62746	1	1
OtO	P62750	P62751	1	1
OtO	P62753	P62754	1	1
OtO	P62760	P62761	1	1
OtO	P62805	P62806	1	1
OtO	P62807	Q6ZWY9	1	1
OtO	P62820	P62821	1	1
OtO	P62826	P62827	1	1
OtO	P62829	P62830	1	1
OtO	P62834	P62835	1	1
OtO	P62837	P62838	1	1
OtO	P62841	P62843	1	1
OtO	P62847	P62849	1	1
OtO	P62851	P62852	1	1
OtO	P62854	P62855	1	1
OtO	P62857	P62858	1	1
OtO	P62873	P62874	1	1
OtO	P62875	P62876	1	1
OtO	P62877	P62878	1	1
OtO	P62879	P62880	1	1
OtO	P62888	P62889	1	1
OtO	P62891	P62892	1	1
OtO	P62899	P62900	1	1
OtO	P62906	P53026	1	1
OtO	P62910	P62911	1	1
OtO	P62913	Q9CXW4	1	1
OtO	P62917	P62918	1	1
OtO	P62937	P17742	1	1
OtO	P62942	P26883	1	1
OtO	P62945	P62947	1	1
OtO	P62952	P62951	1	1
OtO	P62955	P62956	1	1
OtO	P62979	P62983	1	1
OtO	P62987	P62984	1	1
OtO	P62993	Q60631	1	1
OtO	P62995	P62996	1	1
OtO	P63000	P63001	1	1
OtO	P63010	Q9DBG3	1	1
OtO	P63027	P63044	1	1
OtO	P63096	B2RSH2	1	1
OtO	P63098	Q63810	1	1
OtO	P63104	P63101	1	1
OtO	P63146	P63147	1	1
OtO	P63151	Q6P1F6	1	1
OtO	P63162	P63163	1	1
OtO	P63165	P63166	1	1
OtO	P63167	P63168	1	1
OtO	P63172	P51807	1	1
OtO	P63173	Q9JJI8	1	1
OtO	P63208	Q9WTX5	1	1
OtO	P63211	Q61012	1	1
OtO	P63215	P63216	1	1
OtO	P63218	Q80SZ7	1	1
OtO	P63220	Q9CQR2	1	1
OtO	P63241	P63242	1	1
OtO	P63244	P68040	1	1
OtO	P63252	P35561	1	1
OtO	P63261	P63260	1	1
OtO	P63267	P63268	1	1
OtO	P63272	P63271	1	1
OtO	P63279	P63280	1	1
OtO	P63302	P63300	1	1
OtO	P63313	Q6ZWY8	1	1
OtO	P63316	P19123	1	1
OtO	P67775	P63330	1	1
OtO	P67809	P62960	1	1
OtO	P67812	Q9R0P6	1	1
OtO	P67870	P67871	1	1
OtO	P67936	Q6IRU2	2	1
OtO	P68032	P68033	1	1
OtO	P68036	P68037	1	1
OtO	P68104	P10126	1	1
OtO	P68106	Q9Z2I2	1	1
OtO	P68133	P68134	1	1
OtO	P68363	P05213	1	1
OtO	P68366	P68368	1	1
OtO	P68371	P68372	1	1
OtO	P68400	Q60737	1	1
OtO	P68402	Q61206	1	1
OtO	P68431	P68433	1	1
OtO	P68543	Q99KJ0	1	1
OtO	P69905	P01942	1	1
OtO	P78310	P97792	1	1
OtO	P78312	Q8CGI1	1	1
OtO	P78314	Q06649	1	1
OtO	P78316	Q8R3N1	1	1
OtO	P78317	Q9QZS2	1	1
OtO	P78324	P97797	1	1
OtO	P78325	Q05910	3	1
OtO	P78330	Q99LS3	1	1
OtO	P78333	Q8CAL5	1	1
OtO	P78334	A2AMW3	7826	1
OtO	P78337	P70314	1	1
OtO	P78344	Q62448	1	1
OtO	P78345	Q80UU2	1	1
OtO	P78346	O88796	1	1
OtO	P78347	Q9ESZ8	1	1
OtO	P78348	Q6NXK8	1	1
OtO	P78352	Q62108	1	1
OtO	P78356	Q80XI4	1	1
OtO	P78357	O54991	1	1
OtO	P78362	O54781	1	1
OtO	P78363	O35600	1	1
OtO	P78364	Q64028	1	1
OtO	P78367	P97503	1	1
OtO	P78368	Q8BVP5	1	1
OtO	P78369	Q9Z0S6	1	1
OtO	P78371	P80314	1	1
OtO	P78380	Q9EQ09	15	1
OtO	P78381	Q9R0M8	1	1
OtO	P78382	Q61420	1	1
OtO	P78383	P97858	1	1
OtO	P78386	Q9Z2T6	1	1
OtO	P78396	Q61456	1	1
OtO	P78406	Q8C570	1	1
OtO	P78411	Q9JKQ4	1	1
OtO	P78412	Q9ER75	1	1
OtO	P78413	Q9QY61	3	1
OtO	P78414	P81068	1	1
OtO	P78415	P81067	1	1
OtO	P78417	O09131	1	1
OtO	P78423	O35188	1	1
OtO	P78424	Q8BJI4	1	1
OtO	P78426	Q99MA9	1	1
OtO	P78504	Q9QXX0	1	1
OtO	P78508	Q9JM63	1	1
OtO	P78509	Q60841	1	1
OtO	P78524	Q924W7	1	1
OtO	P78527	P97313	1	1
OtO	P78536	Q9Z0F8	1	1
OtO	P78537	O55102	1	1
OtO	P78539	Q9R0M3	1	1
OtO	P78540	O08691	1	1
OtO	P78543	Q04211	1	1
OtO	P78545	Q3UPW2	1	1
OtO	P78549	O35980	1	1
OtO	P78552	O09030	1	1
OtO	P78556	O89093	1	1
OtO	P78559	Q9QYR6	1	1
OtO	P78560	O88843	1	1
OtO	P78562	P70669	1	1
OtO	P78563	Q91ZS8	1	1
OtO	P79522	Q811B5	1	1
OtO	P80108	O70362	1	1
OtO	P80188	P11672	1	1
OtO	P80192	Q3U1V8	1	1
OtO	P80217	Q9D8C4	1	1
OtO	P80303	P81117	1	1
OtO	P80365	P51661	1	1
OtO	P80370	Q09163	1	1
OtO	P80404	P61922	1	1
OtO	P80723	Q91XV3	1	1
OtO	P81133	Q61045	1	1
OtO	P81274	Q8VDU0	1	1
OtO	P81277	G3UWC3	1	1
OtO	P81408	Q5HZJ5	1	1
OtO	P81534	Q7TNV9	1	1
OtO	P81877	Q9CYZ8	1	1
OtO	P82094	B9EKI3	1	1
OtO	P82251	Q9QXA6	1	1
OtO	P82279	Q8VHS2	1	1
OtO	P82650	Q9CXW2	1	1
OtO	P82663	Q9D125	1	1
OtO	P82664	Q80ZK0	1	1
OtO	P82673	Q8BJZ4	1	1
OtO	P82675	Q99N87	1	1
OtO	P82909	Q9CQX8	1	1
OtO	P82912	Q9DCA2	1	1
OtO	P82914	Q9DC71	1	1
OtO	P82921	P58059	1	1
OtO	P82930	Q9JIK9	1	1
OtO	P82932	P58064	1	1
OtO	P82933	Q9D7N3	1	1
OtO	P82970	Q9JL35	1	1
OtO	P82979	Q9D1J3	1	1
OtO	P82987	G3UXC7	1	1
OtO	P83105	A2RT60	1	1
OtO	P83110	Q9D236	1	1
OtO	P83111	Q9EP89	1	1
OtO	P83369	Q8BUV6	1	1
OtO	P83436	Q3UM29	1	1
OtO	P83731	Q8BP67	1	1
OtO	P83859	Q8CE23	1	1
OtO	P83876	P83877	1	1
OtO	P83881	P83882	1	1
OtO	P83916	P83917	1	1
OtO	P84022	Q8BUN5	1	1
OtO	P84074	P84075	1	1
OtO	P84077	P84078	1	1
OtO	P84085	P84084	1	1
OtO	P84090	P84089	1	1
OtO	P84095	P84096	1	1
OtO	P84098	P84099	1	1
OtO	P84101	P84102	1	1
OtO	P84103	P84104	1	1
OtO	P84157	Q9CZH7	1	1
OtO	P84243	P84244	1	1
OtO	P84550	Q8BX46	1	1
OtO	P85037	P42128	1	1
OtO	P85298	Q9CXP4	1	1
OtO	P85299	Q812A5	1	1
OtO	P86452	D2EAC2	1	1
OtO	P98066	O08859	1	1
OtO	P98073	P97435	1	1
OtO	P98077	Q8BMC3	1	1
OtO	P98082	P98078	1	1
OtO	P98088	E9QAQ8	5	1
OtO	P98095	P37889	1	1
OtO	P98153	P98154	1	1
OtO	P98155	P98156	1	1
OtO	P98160	Q05793	1	1
OtO	P98161	O08852	1	1
OtO	P98164	A2ARV4	1	1
OtO	P98170	Q60989	1	1
OtO	P98171	B1AUY3	1	1
OtO	P98172	P52795	1	1
OtO	P98173	Q9D8T0	1	1
OtO	P98174	P52734	1	1
OtO	P98175	Q99KG3	1	1
OtO	P98177	Q9WVH3	1	1
OtO	P98179	O89086	1	1
OtO	P98194	Q80XR2	1	1
OtO	P98196	P98197	1	1
OtO	P98198	P98199	1	1
OtO	P99999	P62897	2	1
OtO	Q00005	Q6ZWR4	1	1
OtO	Q00013	P70290	1	1
OtO	Q00056	P06798	1	1
OtO	Q00059	P40630	1	1
OtO	Q00169	P53810	1	1
OtO	Q00266	Q91X83	1	1
OtO	Q00325	Q8VEM8	1	1
OtO	Q00341	Q8VDJ3	1	1
OtO	Q00403	P62915	1	1
OtO	Q00444	P32043	1	1
OtO	Q00526	Q80YP0	3	1
OtO	Q00532	Q8CEQ0	1	1
OtO	Q00534	Q64261	1	1
OtO	Q00535	P49615	1	1
OtO	Q00536	Q04735	1	1
OtO	Q00537	Q8K0D0	1	1
OtO	Q00577	P42669	1	1
OtO	Q00587	Q91W92	1	1
OtO	Q00597	P50652	4	1
OtO	Q00604	P48744	1	1
OtO	Q00610	Q68FD5	1	1
OtO	Q00613	P38532	1	1
OtO	Q00653	Q9WTK5	1	1
OtO	Q00688	Q62446	1	1
OtO	Q00722	A3KGF7	1	1
OtO	Q00765	Q60870	1	1
OtO	Q00796	Q64442	1	1
OtO	Q00839	Q8VEK3	1	1
OtO	Q00872	A0A571BEN1	1	1
OtO	Q00973	Q09200	1	1
OtO	Q00975	O55017	1	1
OtO	Q00978	Q61179	1	1
OtO	Q00987	P23804	1	1
OtO	Q00994	Q9WTZ9	1	1
OtO	Q00G26	Q8BVZ1	1	1
OtO	Q00LT1	Q00LT2	4	1
OtO	Q01064	Q01065	1	1
OtO	Q01081	Q9D883	1	1
OtO	Q01082	Q62261	1	1
OtO	Q01085	P70318	1	1
OtO	Q01094	Q61501	1	1
OtO	Q01101	Q63ZV0	1	1
OtO	Q01113	Q01114	1	1
OtO	Q01118	B1AYL1	1	1
OtO	Q01130	Q62093	1	1
OtO	Q01151	O88324	1	1
OtO	Q01167	Q3UCQ1	1	1
OtO	Q01196	Q03347	1	1
OtO	Q01201	Q04863	1	1
OtO	Q01344	P21183	1	1
OtO	Q01362	P20490	1	1
OtO	Q01415	Q68FH4	1	1
OtO	Q01432	O08739	1	1
OtO	Q01433	Q9DBT5	1	1
OtO	Q01449	Q9QVP4	1	1
OtO	Q01453	P16646	1	1
OtO	Q01459	Q8R242	1	1
OtO	Q01469	Q05816	1	1
OtO	Q01484	Q8C8R3	1	1
OtO	Q01518	P40124	1	1
OtO	Q01538	Q8CFC2	1	1
OtO	Q01543	P26323	1	1
OtO	Q01546	Q3UV17	1	1
OtO	Q01581	Q8JZK9	1	1
OtO	Q01638	P14719	1	1
OtO	Q01650	Q9Z127	1	1
OtO	Q01658	Q91WV0	1	1
OtO	Q01664	Q9JIZ5	1	1
OtO	Q01668	Q99246	1	1
OtO	Q01718	Q64326	1	1
OtO	Q01726	Q01727	1	1
OtO	Q01740	P50285	1	1
OtO	Q01780	P56960	1	1
OtO	Q01804	B2RRE7	1	1
OtO	Q01813	Q9WUA3	3	1
OtO	Q01814	Q9R0K7	1	1
OtO	Q01826	Q60611	1	1
OtO	Q01831	P51612	1	1
OtO	Q01844	Q61545	1	1
OtO	Q01850	P97817	1	1
OtO	Q01851	P17208	1	1
OtO	Q01892	O35906	1	1
OtO	Q01954	O35914	1	1
OtO	Q01955	Q9QZS0	1	1
OtO	Q01959	Q61327	1	1
OtO	Q01968	Q6NVF0	1	1
OtO	Q01970	P51432	1	1
OtO	Q01973	Q9Z139	1	1
OtO	Q01974	Q9Z138	1	1
OtO	Q01995	P37804	1	1
OtO	Q02040	A2A3V1	15661	1
OtO	Q02078	Q60929	1	1
OtO	Q02080	O55087	1	1
OtO	Q02083	Q9D7V9	1	1
OtO	Q02086	Q9D2H6	1	1
OtO	Q02094	Q9QUT0	1	1
OtO	Q02108	Q9ERL9	1	1
OtO	Q02127	O35435	1	1
OtO	Q02153	O54865	1	1
OtO	Q02156	P16054	1	1
OtO	Q02218	Q60597	1	1
OtO	Q02221	P43023	1	1
OtO	Q02223	O88472	1	1
OtO	Q02224	Q6RT24	1	1
OtO	Q02241	E9Q5G3	1	1
OtO	Q02246	Q61330	1	1
OtO	Q02252	Q9EQ20	1	1
OtO	Q02297	Q6DR98	1	1
OtO	Q02318	Q9DBG1	1	1
OtO	Q02338	Q80XN0	1	1
OtO	Q02363	P41136	1	1
OtO	Q02388	Q63870	1	1
OtO	Q02410	B2RUJ5	1	1
OtO	Q02446	Q62445	1	1
OtO	Q02447	O70494	1	1
OtO	Q02487	P55292	3	1
OtO	Q02509	Q9Z0L3	1	1
OtO	Q02535	P41133	1	1
OtO	Q02543	P62717	1	1
OtO	Q02548	Q02650	1	1
OtO	Q02556	P23611	1	1
OtO	Q02575	Q02576	1	1
OtO	Q02577	Q64221	1	1
OtO	Q02641	Q8R3Z5	1	1
OtO	Q02643	P32082	1	1
OtO	Q02742	Q09324	1	1
OtO	Q02747	P33680	1	1
OtO	Q02750	P31938	1	1
OtO	Q02763	Q02858	1	1
OtO	Q02779	Q66L42	1	1
OtO	Q02790	P30416	1	1
OtO	Q02809	Q9R0E2	1	1
OtO	Q02817	Q80Z19	1	1
OtO	Q02818	Q02819	1	1
OtO	Q02833	Q9DD19	1	1
OtO	Q02846	P52785	1	1
OtO	Q02878	P47911	1	1
OtO	Q02880	Q64511	1	1
OtO	Q02930	Q8K1L0	1	1
OtO	Q02952	Q9WTQ5	1	1
OtO	Q02962	P32114	1	1
OtO	Q02978	Q9CR62	1	1
OtO	Q03001	Q91ZU6	1	1
OtO	Q03014	P43120	1	1
OtO	Q03052	P21952	1	1
OtO	Q03060	P27699	1	1
OtO	Q03111	Q9ERL0	1	1
OtO	Q03112	P14404	1	1
OtO	Q03113	P27600	1	1
OtO	Q03135	P49817	1	1
OtO	Q03154	Q99JW2	1	1
OtO	Q03164	P55200	1	1
OtO	Q03167	O88393	1	1
OtO	Q03169	Q61333	1	1
OtO	Q03181	P35396	1	1
OtO	Q03188	P49452	1	1
OtO	Q03252	P21619	1	1
OtO	Q03393	Q9R1Z7	1	1
OtO	Q03395	P32958	1	1
OtO	Q03403	Q03404	1	1
OtO	Q03405	P35456	1	1
OtO	Q03426	Q9R008	1	1
OtO	Q03431	P41593	1	1
OtO	Q03468	F8VPZ5	1	1
OtO	Q03518	P21958	1	1
OtO	Q03519	P36371	1	1
OtO	Q03591	Q61406	1	1
OtO	Q03692	Q05306	1	1
OtO	Q03701	P53569	1	1
OtO	Q03721	Q8R1C0	1	1
OtO	Q03828	P49749	1	1
OtO	Q03933	P38533	1	1
OtO	Q03989	Q3U108	1	1
OtO	Q04206	Q04207	1	1
OtO	Q04323	Q922Y1	1	1
OtO	Q04446	Q9D6Y9	1	1
OtO	Q04609	O35409	1	1
OtO	Q04637	Q6NZJ6	1	1
OtO	Q04656	Q64430	1	1
OtO	Q04671	Q62052	1	1
OtO	Q04695	Q9QWL7	1	1
OtO	Q04721	O35516	1	1
OtO	Q04724	Q62440	1	1
OtO	Q04725	Q9WVB2	1	1
OtO	Q04726	Q08122	1	1
OtO	Q04727	Q62441	1	1
OtO	Q04741	Q04742	1	1
OtO	Q04743	Q04744	1	1
OtO	Q04756	Q9R098	1	1
OtO	Q04759	Q02111	1	1
OtO	Q04760	Q9CPU0	1	1
OtO	Q04771	P37172	1	1
OtO	Q04837	Q9CYR0	1	1
OtO	Q04844	P20782	1	1
OtO	Q04864	P15307	1	1
OtO	Q04900	Q9R0L9	1	1
OtO	Q04912	Q62190	1	1
OtO	Q04917	P68510	1	1
OtO	Q04941	Q9R1Q7	1	1
OtO	Q05048	Q99LC2	1	1
OtO	Q05066	Q05738	14031	1
OtO	Q05084	P97411	1	1
OtO	Q05086	O08759	1	1
OtO	Q05193	P39053	1	1
OtO	Q05195	P50538	2	1
OtO	Q05209	P35831	1	1
OtO	Q05215	Q9WUF2	1	1
OtO	Q05329	P48320	1	1
OtO	Q05397	P34152	1	1
OtO	Q05469	P54310	243	1
OtO	Q05513	Q02956	1	1
OtO	Q05516	Q3UQ17	1	1
OtO	Q05519	Q3UIX4	1	1
OtO	Q05586	P35438	1	1
OtO	Q05639	P62631	1	1
OtO	Q05655	P28867	1	1
OtO	Q05707	Q80X19	1	1
OtO	Q05823	Q05921	1	1
OtO	Q05901	Q8BMN3	1	1
OtO	Q05923	Q05922	1	1
OtO	Q05925	P09065	1	1
OtO	Q05932	P48760	1	1
OtO	Q05940	Q8BRU6	1	1
OtO	Q05996	P20239	1	1
OtO	Q05BQ5	Q6P5G3	1	1
OtO	Q05BV3	Q8BQM8	1	1
OtO	Q05C16	A6H694	1	1
OtO	Q05D32	Q8BG15	1	1
OtO	Q05D60	Q7M6Y5	1	1
OtO	Q05DH4	Q505K2	1	1
OtO	Q06033	Q61704	1	1
OtO	Q06055	P56383	1	1
OtO	Q06124	P35235	1	1
OtO	Q06136	Q6GV12	1	1
OtO	Q06187	P35991	1	1
OtO	Q06190	B2RXC8	1	1
OtO	Q06203	Q8CIH9	1	1
OtO	Q06210	P47856	1	1
OtO	Q06265	Q9JHI7	1	1
OtO	Q06278	O54754	2	1
OtO	Q06323	P97371	1	1
OtO	Q06330	P31266	1	1
OtO	Q06413	Q8CFN5	1	1
OtO	Q06418	P55144	1	1
OtO	Q06432	O70578	1	1
OtO	Q06455	Q61909	1	1
OtO	Q06481	Q06335	1	1
OtO	Q06495	Q60825	1	1
OtO	Q06546	Q00422	1	1
OtO	Q06547	Q00420	1	1
OtO	Q06587	O35730	1	1
OtO	Q06609	Q08297	1	1
OtO	Q06643	P41155	27	1
OtO	Q06710	Q00288	1	1
OtO	Q06787	P35922	1	1
OtO	Q06828	P50608	1	1
OtO	Q06830	P35700	1	1
OtO	Q06889	P43300	1	1
OtO	Q06945	Q06831	1	1
OtO	Q07001	P02716	1	1
OtO	Q07002	Q04899	1	1
OtO	Q07011	P20334	1	1
OtO	Q07020	P35980	1	1
OtO	Q07021	O35658	1	1
OtO	Q07065	Q8BMK4	1	1
OtO	Q07075	P16406	1	1
OtO	Q07092	Q8BLX7	1	1
OtO	Q07108	P37217	1	1
OtO	Q07157	P39447	1	1
OtO	Q07325	P18340	1	1
OtO	Q07326	O09101	1	1
OtO	Q07343	B1AWC9	1	1
OtO	Q07352	P23950	1	1
OtO	Q07507	Q9QZZ6	1	1
OtO	Q075Z2	Q3UW26	2	1
OtO	Q07617	Q80ZX8	1	1
OtO	Q07654	Q62395	1	1
OtO	Q07666	Q60749	1	1
OtO	Q07687	P40764	1	1
OtO	Q07699	P97952	1	1
OtO	Q07812	Q07813	1	1
OtO	Q07817	Q64373	1	1
OtO	Q07820	P97287	1	1
OtO	Q07837	Q91WV7	1	1
OtO	Q07864	Q9WVF7	1	1
OtO	Q07866	O88447	1	1
OtO	Q07869	P23204	1	1
OtO	Q07889	Q62245	1	1
OtO	Q07890	Q02384	1	1
OtO	Q07912	O54967	1	1
OtO	Q07954	Q91ZX7	1	1
OtO	Q07955	Q6PDM2	1	1
OtO	Q07960	Q5FWK3	1	1
OtO	Q07973	Q64441	1	1
OtO	Q08043	O88990	1	1
OtO	Q08050	O08696	1	1
OtO	Q08116	Q9JL25	1	1
OtO	Q08117	P63002	1	1
OtO	Q08170	Q8VE97	1	1
OtO	Q08174	Q8CFX3	1	1
OtO	Q08188	Q08189	1	1
OtO	Q08209	P63328	1	1
OtO	Q08211	O70133	1	1
OtO	Q08257	P47199	1	1
OtO	Q08289	Q8CC27	1	1
OtO	Q08334	Q61190	1	1
OtO	Q08345	Q03146	1	1
OtO	Q08357	Q80UP8	1	1
OtO	Q08378	P55937	1	1
OtO	Q08379	Q921M4	1	1
OtO	Q08380	Q07797	1	1
OtO	Q08397	P97873	1	1
OtO	Q08426	Q9DBM2	1	1
OtO	Q08431	P21956	1	1
OtO	Q08462	Q80TL1	1	1
OtO	Q08493	Q3UEI1	1	1
OtO	Q08495	Q9WV69	1	1
OtO	Q08499	Q01063	2	1
OtO	Q08554	P55849	1	1
OtO	Q08623	Q9D5U5	47	1
OtO	Q08629	Q62288	1	1
OtO	Q08722	Q61735	1	1
OtO	Q08752	Q9CR16	1	1
OtO	Q08828	O88444	1	1
OtO	Q08830	Q71KU9	1	1
OtO	Q08881	Q03526	1	1
OtO	Q08945	Q08943	1	1
OtO	Q08999	Q64700	1	1
OtO	Q08AD1	Q8C1B1	1	1
OtO	Q08AE8	Q52KF3	1	1
OtO	Q08AF3	Q8CBA2	1	1
OtO	Q08AG7	Q8BUR9	1	1
OtO	Q08AH1	Q91VA0	1	1
OtO	Q08AI6	Q3USY0	1	1
OtO	Q08AI8	Q8CEZ4	1	1
OtO	Q08AM6	Q80WQ2	1	1
OtO	Q08J23	Q1HFZ0	1	1
OtO	Q09013	P54265	1	1
OtO	Q09019	Q08274	1	1
OtO	Q09028	Q60972	1	1
OtO	Q09161	Q3UYV9	1	1
OtO	Q09327	Q10470	1	1
OtO	Q09328	Q8R4G6	1	1
OtO	Q09428	B2RUS7	1	1
OtO	Q09470	P16388	1	1
OtO	Q09472	B2RWS6	1	1
OtO	Q09666	E9Q616	1	1
OtO	Q09MP3	G3UW63	1	1
OtO	Q0D2I5	Q8BXL9	1	1
OtO	Q0D2K0	Q8BZF2	1	1
OtO	Q0D2K2	Q8C3F7	1	1
OtO	Q0D2K3	Q2WG77	6	1
OtO	Q0GE19	Q5PT53	1	1
OtO	Q0IIM8	A3KGB4	1	1
OtO	Q0JRZ9	Q3UQN2	1	1
OtO	Q0P5N6	B1ATY8	1	1
OtO	Q0P5P2	Q3V3I5	1	1
OtO	Q0P641	Q8C3M9	1	1
OtO	Q0P651	Q8C1A9	1	1
OtO	Q0P670	Q8C5U4	1	1
OtO	Q0P6D2	Q8BQT2	1	1
OtO	Q0P6D6	Q8C9M2	1	1
OtO	Q0P6H9	Q8BXJ9	1	1
OtO	Q0PNE2	Q8BK75	1	1
OtO	Q0VAA2	A0A1Y7VMD6	1	1
OtO	Q0VAA5	B2RXA1	1	1
OtO	Q0VAF6	Q8VCK7	1	1
OtO	Q0VAK6	E9QA62	1	1
OtO	Q0VAM2	Q8JZL7	1	1
OtO	Q0VAQ4	Q99KC7	1	1
OtO	Q0VD83	Q8VBT6	1	1
OtO	Q0VD86	Q6PKN7	58	1
OtO	Q0VDD7	Q6DIA7	1	1
OtO	Q0VDE8	Q8R400	1	1
OtO	Q0VDF9	Q99M31	1	1
OtO	Q0VDG4	Q3TMH2	1	1
OtO	Q0VDI3	Q8VDR5	1	1
OtO	Q0VF49	E9Q295	1	1
OtO	Q0VF96	Q6AW69	1	1
OtO	Q0VFZ6	A0JLY1	1	1
OtO	Q0VG06	A2ACJ2	1	1
OtO	Q0VG99	O08574	1	1
OtO	Q0VGL1	Q8CF66	1	1
OtO	Q0Z7S8	O08716	3	1
OtO	Q0ZGT2	Q7TPW1	1	1
OtO	Q0ZLH3	Q0ZLH2	1	1
OtO	Q10469	Q921V5	1	1
OtO	Q10471	Q6PB93	1	1
OtO	Q10472	O08912	1	1
OtO	Q10567	O35643	1	1
OtO	Q10570	Q9EPU4	1	1
OtO	Q10571	D3YWE6	1	1
OtO	Q10586	Q60925	1	1
OtO	Q10587	Q9JLC6	1	1
OtO	Q10588	Q64277	1	1
OtO	Q10589	Q8R2Q8	1	1
OtO	Q10713	Q9DC61	1	1
OtO	Q10981	Q9JL27	1	1
OtO	Q11130	Q11131	3	1
OtO	Q11201	P54751	1	1
OtO	Q11203	P97325	1	1
OtO	Q11206	Q91Y74	1	1
OtO	Q12756	P33173	1	1
OtO	Q12765	Q9CZC8	1	1
OtO	Q12766	Q6AXF8	1	1
OtO	Q12767	Q7TSH8	1	1
OtO	Q12768	Q8C2E7	1	1
OtO	Q12769	Q9Z0W3	1	1
OtO	Q12770	Q6GQT6	1	1
OtO	Q12772	Q3U1N2	1	1
OtO	Q12778	Q9R1E0	1	1
OtO	Q12788	Q8C4J7	1	1
OtO	Q12789	Q8K284	1	1
OtO	Q12791	Q08460	1	1
OtO	Q12792	Q91YR1	1	1
OtO	Q12794	Q91ZJ9	3	1
OtO	Q12796	Q3TWH3	1	1
OtO	Q12797	Q8BSY0	1	1
OtO	Q12798	P41209	1	1
OtO	Q12800	Q9ERA0	1	1
OtO	Q12802	E9Q394	1	1
OtO	Q12805	Q8BPB5	1	1
OtO	Q12809	O35219	1	1
OtO	Q12815	B7ZNG4	1	1
OtO	Q12816	Q6DIC6	1	1
OtO	Q12824	Q9Z0H3	1	1
OtO	Q12829	Q8VHP8	1	1
OtO	Q12830	A2A654	1	1
OtO	Q12834	Q9JJ66	1	1
OtO	Q12837	Q63934	1	1
OtO	Q12840	P33175	1	1
OtO	Q12841	Q62356	1	1
OtO	Q12846	P70452	1	1
OtO	Q12849	Q8C5Q4	1	1
OtO	Q12851	Q61161	1	1
OtO	Q12852	Q60700	1	1
OtO	Q12857	Q02780	1	1
OtO	Q12860	P12960	1	1
OtO	Q12864	Q9R100	1	1
OtO	Q12866	Q60805	1	1
OtO	Q12870	Q60756	1	1
OtO	Q12872	Q3USH5	1	1
OtO	Q12873	B1AR17	1	1
OtO	Q12874	Q9D554	1	1
OtO	Q12879	P35436	1	1
OtO	Q12882	Q8CHR6	1	1
OtO	Q12884	P97321	1	1
OtO	Q12887	Q8CFY5	1	1
OtO	Q12888	P70399	1	1
OtO	Q12889	Q62010	1	1
OtO	Q12891	O35632	1	1
OtO	Q12893	Q9WUH1	1	1
OtO	Q12894	Q9D8U0	1	1
OtO	Q12899	Q99PN3	1	1
OtO	Q12904	P31230	1	1
OtO	Q12905	Q9CXY6	1	1
OtO	Q12906	Q9Z1X4	1	1
OtO	Q12907	Q9DBH5	1	1
OtO	Q12908	P70172	1	1
OtO	Q12912	Q60664	1	1
OtO	Q12913	Q64455	1	1
OtO	Q12923	Q64512	1	1
OtO	Q12926	Q60899	1	1
OtO	Q12929	Q08509	1	1
OtO	Q12931	Q9CQN1	1	1
OtO	Q12933	P39429	1	1
OtO	Q12934	A2AMT1	1	1
OtO	Q12946	Q61080	1	1
OtO	Q12947	O54743	1	1
OtO	Q12948	Q61572	1	1
OtO	Q12951	Q922I5	1	1
OtO	Q12952	Q64731	1	1
OtO	Q12955	G5E8K5	14491	1
OtO	Q12959	Q811D0	1	1
OtO	Q12962	Q8K0H5	1	1
OtO	Q12965	E9Q634	1	1
OtO	Q12967	Q03385	1	1
OtO	Q12968	P97305	1	1
OtO	Q12972	Q8R3G1	1	1
OtO	Q12974	O70274	1	1
OtO	Q12979	Q5SSL4	1	1
OtO	Q12980	Q8VIJ8	1	1
OtO	Q12981	Q6QD59	1	1
OtO	Q12982	O54940	1	1
OtO	Q12983	O55003	1	1
OtO	Q12986	B1AY10	1	1
OtO	Q12988	Q9QZ57	1	1
OtO	Q12996	Q99LI7	1	1
OtO	Q12999	Q9CQ88	1	1
OtO	Q13002	P39087	1	1
OtO	Q13003	B1AS29	1	1
OtO	Q13007	Q925S4	1	1
OtO	Q13009	Q60610	1	1
OtO	Q13011	O35459	1	1
OtO	Q13015	P97783	1	1
OtO	Q13017	P97393	1	1
OtO	Q13018	Q62028	1	1
OtO	Q13021	Q91X49	1	1
OtO	Q13023	E9Q9K8	1	1
OtO	Q13029	A2A7B5	1	1
OtO	Q13033	Q9ERG2	1	1
OtO	Q13042	Q8R349	1	1
OtO	Q13043	Q9JI11	1	1
OtO	Q13045	Q9JJ28	1	1
OtO	Q13049	Q8CH72	1	1
OtO	Q13057	Q9DBL7	1	1
OtO	Q13061	E9Q9K5	1	1
OtO	Q13064	Q60764	1	1
OtO	Q13077	P39428	1	1
OtO	Q13084	Q9D1B9	1	1
OtO	Q13085	Q5SWU9	1	1
OtO	Q13087	D3Z6P0	1	1
OtO	Q13093	Q60963	1	1
OtO	Q13094	Q60787	1	1
OtO	Q13098	Q99LD4	1	1
OtO	Q13099	Q61371	1	1
OtO	Q13103	Q8K1I3	1	1
OtO	Q13105	Q60821	1	1
OtO	Q13107	P35123	1	1
OtO	Q13111	Q9QWF0	1	1
OtO	Q13112	Q9D0N7	1	1
OtO	Q13113	Q9CQH0	1	1
OtO	Q13114	Q60803	1	1
OtO	Q13115	Q8BFV3	1	1
OtO	Q13118	O89091	1	1
OtO	Q13123	Q9Z1M8	1	1
OtO	Q13126	Q9CQ65	1	1
OtO	Q13127	Q8VIG1	1	1
OtO	Q13129	A2A7F4	1	1
OtO	Q13131	Q5EG47	1	1
OtO	Q13133	Q9Z0Y9	1	1
OtO	Q13136	B2RXQ2	1	1
OtO	Q13137	A2A6M5	4031	1
OtO	Q13144	Q8CHW4	1	1
OtO	Q13145	Q9D0L6	1	1
OtO	Q13148	Q921F2	1	1
OtO	Q13151	Q9CX86	1	1
OtO	Q13153	O88643	1	1
OtO	Q13155	Q8R010	1	1
OtO	Q13158	Q61160	1	1
OtO	Q13162	O08807	1	1
OtO	Q13163	Q9WVS7	1	1
OtO	Q13164	Q9WVS8	1	1
OtO	Q13177	Q8CIN4	1	1
OtO	Q13183	Q9ES88	1	1
OtO	Q13185	P23198	1	1
OtO	Q13188	Q9JI10	1	1
OtO	Q13190	Q8K1E0	1	1
OtO	Q13191	Q3TTA7	1	1
OtO	Q13200	Q8VDM4	1	1
OtO	Q13201	B2RPV6	1	1
OtO	Q13202	O09112	1	1
OtO	Q13203	P70402	1	1
OtO	Q13206	Q80Y44	1	1
OtO	Q13207	Q60707	1	1
OtO	Q13214	Q62177	1	1
OtO	Q13216	Q8CFD5	1	1
OtO	Q13217	Q91YW3	1	1
OtO	Q13219	Q8R4K8	1	1
OtO	Q13224	Q01097	1	1
OtO	Q13227	Q921N8	1	1
OtO	Q13231	Q9D7Q1	1	1
OtO	Q13232	Q9WV85	1	1
OtO	Q13233	P53349	1	1
OtO	Q13237	Q61410	1	1
OtO	Q13239	Q60898	1	1
OtO	Q13241	O54707	1	1
OtO	Q13242	Q9D0B0	1	1
OtO	Q13243	O35326	1	1
OtO	Q13247	Q3TWW8	1	1
OtO	Q13253	P97466	1	1
OtO	Q13255	P97772	1	1
OtO	Q13257	Q9Z1B5	1	1
OtO	Q13258	P70263	1	1
OtO	Q13261	Q60819	1	1
OtO	Q13263	Q62318	1	1
OtO	Q13268	Q149L0	1	1
OtO	Q13275	O88632	1	1
OtO	Q13277	Q64704	1	1
OtO	Q13283	P97855	1	1
OtO	Q13285	P33242	1	1
OtO	Q13286	Q61124	1	1
OtO	Q13287	O35309	1	1
OtO	Q13291	Q9QUM4	1	1
OtO	Q13303	P62482	1	1
OtO	Q13304	Q6NS65	1	1
OtO	Q13308	Q8BKG3	1	1
OtO	Q13309	Q9Z0Z3	1	1
OtO	Q13310	Q6PHQ9	1	1
OtO	Q13315	Q62388	1	1
OtO	Q13316	O55188	1	1
OtO	Q13319	O35926	1	1
OtO	Q13322	Q60760	1	1
OtO	Q13323	O70337	151	1
OtO	Q13324	Q60748	1	1
OtO	Q13326	P82348	1	1
OtO	Q13330	Q8K4B0	1	1
OtO	Q13332	B0V2N1	1	1
OtO	Q13336	Q8VHL0	1	1
OtO	Q13347	Q9QZD9	1	1
OtO	Q13349	Q3V0T4	1	1
OtO	Q13351	P46099	1	1
OtO	Q13352	Q9CQ82	1	1
OtO	Q13356	Q9D787	1	1
OtO	Q13361	Q9QZJ6	1	1
OtO	Q13362	Q60996	1	1
OtO	Q13363	O88712	1	1
OtO	Q13367	Q9JME5	1	1
OtO	Q13368	O88910	1	1
OtO	Q13370	Q61409	1	1
OtO	Q13371	Q9DBX2	1	1
OtO	Q13387	Q9ERE9	1	1
OtO	Q13393	Q9Z280	1	1
OtO	Q13394	O70299	1	1
OtO	Q13395	E9Q368	1	1
OtO	Q13402	P97479	1	1
OtO	Q13404	Q9CZY3	2	1
OtO	Q13405	Q9CQ40	1	1
OtO	Q13409	O88487	1	1
OtO	Q13410	Q62556	1	1
OtO	Q13415	Q9Z1N2	1	1
OtO	Q13416	Q60862	1	1
OtO	Q13418	O55222	1	1
OtO	Q13421	Q61468	2	1
OtO	Q13422	Q03267	1	1
OtO	Q13423	Q61941	1	1
OtO	Q13424	Q61234	1	1
OtO	Q13425	Q61235	1	1
OtO	Q13426	Q924T3	1	1
OtO	Q13427	A2AR02	1	1
OtO	Q13428	O08784	1	1
OtO	Q13432	Q9Z2R6	1	1
OtO	Q13433	Q8C145	1	1
OtO	Q13435	Q3UJB0	1	1
OtO	Q13438	Q8K2C7	1	1
OtO	Q13439	Q91VW5	4	1
OtO	Q13442	Q3UHX2	1	1
OtO	Q13443	Q61072	1	1
OtO	Q13444	O88839	1	1
OtO	Q13445	Q3V009	1	1
OtO	Q13449	Q8BLK3	1	1
OtO	Q13451	Q64378	1	1
OtO	Q13454	Q8BTV1	1	1
OtO	Q13459	Q9QY06	1	1
OtO	Q13461	Q9QY14	1	1
OtO	Q13464	P70335	1	1
OtO	Q13467	Q9EQD0	1	1
OtO	Q13469	Q60591	1	1
OtO	Q13470	Q99ML2	1	1
OtO	Q13472	O70157	1	1
OtO	Q13474	Q05AA6	1	1
OtO	Q13477	Q61826	3	1
OtO	Q13478	Q61098	1	1
OtO	Q13480	Q9QYY0	1	1
OtO	Q13485	P97471	1	1
OtO	Q13487	Q91XA5	1	1
OtO	Q13488	Q9JHF5	1	1
OtO	Q13489	O08863	3	1
OtO	Q13490	Q62210	1	1
OtO	Q13491	P35803	1	1
OtO	Q13492	Q7M6Y3	1	1
OtO	Q13495	P0C6A2	1	1
OtO	Q13496	Q9Z2C5	1	1
OtO	Q13501	Q64337	1	1
OtO	Q13503	Q9CQ39	1	1
OtO	Q13505	P47802	1669	1
OtO	Q13506	Q61122	1	1
OtO	Q13507	Q9QZC1	1	1
OtO	Q13508	Q8R2G4	1	1
OtO	Q13509	Q9ERD7	1	1
OtO	Q13510	Q9WV54	1	1
OtO	Q13515	Q6NVD9	1	1
OtO	Q13516	Q9EQW6	1	1
OtO	Q13519	Q64387	1	1
OtO	Q13520	Q8C4A0	1	1
OtO	Q13522	Q9ERT9	1	1
OtO	Q13523	Q61136	1	1
OtO	Q13526	Q9QUR7	1	1
OtO	Q13530	Q9QZI9	1	1
OtO	Q13535	Q9JKK8	1	1
OtO	Q13541	Q60876	1	1
OtO	Q13542	P70445	1	1
OtO	Q13546	Q60855	1	1
OtO	Q13547	O09106	1	1
OtO	Q13555	Q923T9	1	1
OtO	Q13557	Q6PHZ2	1	1
OtO	Q13561	Q99KJ8	1	1
OtO	Q13562	Q60867	1	1
OtO	Q13563	O35245	1	1
OtO	Q13564	Q8VBW6	1	1
OtO	Q13568	P56477	1	1
OtO	Q13569	P56581	1	1
OtO	Q13571	Q61168	1	1
OtO	Q13572	Q8BYN3	1	1
OtO	Q13573	Q9CSN1	1	1
OtO	Q13574	Q80UP3	1	1
OtO	Q13576	Q3UQ44	1	1
OtO	Q13585	O88495	1	1
OtO	Q13586	P70302	1	1
OtO	Q13588	Q9CX99	1	1
OtO	Q13591	Q62217	1	1
OtO	Q13595	Q6PFR5	1	1
OtO	Q13596	Q9WV80	1	1
OtO	Q13601	Q8BGA5	1	1
OtO	Q13606	G3X9L8	1	1
OtO	Q13608	Q99LC9	1	1
OtO	Q13609	O55070	1	1
OtO	Q13610	Q99LL5	1	1
OtO	Q13613	Q9Z2C4	1	1
OtO	Q13614	Q9Z2D1	1	1
OtO	Q13615	Q8K296	1	1
OtO	Q13616	Q9WTX6	1	1
OtO	Q13617	Q9D4H8	1	1
OtO	Q13618	Q9JLV5	1	1
OtO	Q13619	Q3TCH7	1	1
OtO	Q13620	A2A432	1	1
OtO	Q13621	P55014	1	1
OtO	Q13625	Q8CG79	1	1
OtO	Q13627	Q61214	1	1
OtO	Q13630	P23591	1	1
OtO	Q13634	E9Q9Q6	1	1
OtO	Q13635	Q61115	1	1
OtO	Q13636	Q921E2	1	1
OtO	Q13637	Q9CZE3	1	1
OtO	Q13639	P97288	1	1
OtO	Q13641	Q9Z0L0	1	1
OtO	Q13642	P97447	1332	1
OtO	Q13643	Q9R059	1	1
OtO	Q13651	Q61727	1	1
OtO	Q13671	Q921Q7	1	1
OtO	Q13683	Q61738	1	1
OtO	Q13685	Q3TJ22	1	1
OtO	Q13686	P0CB42	1	1
OtO	Q13698	Q02789	1	1
OtO	Q13702	P12672	1	1
OtO	Q13705	P27040	1	1
OtO	Q13724	Q80UM7	1	1
OtO	Q13733	Q9WV27	1	1
OtO	Q13740	Q61490	1	1
OtO	Q13751	Q61087	1	1
OtO	Q13753	Q61092	1	1
OtO	Q13761	Q64131	1	1
OtO	Q13769	Q8BKT7	1	1
OtO	Q13772	Q5U4H9	1	1
OtO	Q13790	Q91V80	1	1
OtO	Q13794	Q9JM54	115	1
OtO	Q13795	Q8BXL7	1	1
OtO	Q13796	A2ALU4	2	1
OtO	Q13797	B8JK39	1	1
OtO	Q13813	P16546	1	1
OtO	Q13822	Q9R1E6	1	1
OtO	Q13823	Q99LH1	1	1
OtO	Q13825	Q9JLZ3	1	1
OtO	Q13829	O70479	1	1
OtO	Q13835	P97350	1	1
OtO	Q13838	Q9Z1N5	1	1
OtO	Q13867	Q8R016	1	1
OtO	Q13868	Q8VBV3	1	1
OtO	Q13873	O35607	1	1
OtO	Q13875	Q9D2P8	1	1
OtO	Q13882	Q64434	1	1
OtO	Q13884	Q99L88	1	1
OtO	Q13885	Q7TMM9	1	1
OtO	Q13886	O35739	1	1
OtO	Q13887	Q9Z0Z7	1	1
OtO	Q13889	Q8VD76	1	1
OtO	Q13895	O54825	1	1
OtO	Q13901	O35473	1	1
OtO	Q13905	A0A5F8MPI9	1	1
OtO	Q13907	P58044	1	1
OtO	Q13936	Q01815	1	1
OtO	Q13939	Q8CDE2	1	1
OtO	Q13946	P70453	1	1
OtO	Q13950	Q08775	3	1
OtO	Q13951	Q08024	1	1
OtO	Q13952	P70353	66	1
OtO	Q13956	P61249	1	1
OtO	Q13972	P27671	1	1
OtO	Q13976	P0C605	1	1
OtO	Q14003	Q63959	1	1
OtO	Q14004	Q69ZA1	1	1
OtO	Q14005	O54824	1	1
OtO	Q14008	A2AGT5	1	1
OtO	Q14011	P60824	1	1
OtO	Q14012	Q91YS8	1	1
OtO	Q14019	Q9CQI6	1	1
OtO	Q14028	E1AZ71	1	1
OtO	Q14031	B1AVK5	1	1
OtO	Q14032	Q91X34	1	1
OtO	Q14050	A2ACT7	1	1
OtO	Q14055	Q07643	1	1
OtO	Q14061	P56394	1	1
OtO	Q14088	P97950	1	1
OtO	Q14094	Q9Z2V9	1	1
OtO	Q14103	Q60668	1	1
OtO	Q14106	Q9JM55	1	1
OtO	Q14108	O35114	1	1
OtO	Q14112	O88322	1	1
OtO	Q14114	Q924X6	1	1
OtO	Q14116	P70380	1	1
OtO	Q14117	Q9EQF5	1	1
OtO	Q14118	Q62165	1	1
OtO	Q14119	Q5SXC4	1	1
OtO	Q14123	Q64338	1	1
OtO	Q14126	O55111	1	1
OtO	Q14134	Q8R2Q0	1	1
OtO	Q14135	Q80V24	1	1
OtO	Q14137	P97452	1	1
OtO	Q14139	E9Q735	1	1
OtO	Q14140	Q9JJG5	1	1
OtO	Q14141	Q9R1T4	1	1
OtO	Q14142	Q8BVW3	1	1
OtO	Q14145	Q9Z2X8	1	1
OtO	Q14146	E9Q7L1	1	1
OtO	Q14147	Q9DBV3	1	1
OtO	Q14149	F7BJB9	1	1
OtO	Q14151	Q80YR5	2	1
OtO	Q14152	P23116	1	1
OtO	Q14153	Q8BGR5	1	1
OtO	Q14154	Q9DCV6	1	1
OtO	Q14155	Q9ES28	1	1
OtO	Q14156	Q8BG67	1	1
OtO	Q14157	Q80X50	1	1
OtO	Q14159	Q8BGX7	1	1
OtO	Q14160	Q80U72	1	1
OtO	Q14161	Q9JLQ2	2	1
OtO	Q14162	Q5ND28	1	1
OtO	Q14164	Q9R0T8	1	1
OtO	Q14165	Q6ZQI3	1	1
OtO	Q14166	Q3UDE2	1	1
OtO	Q14168	Q9WV34	1	1
OtO	Q14181	P33611	1	1
OtO	Q14183	Q7TNF0	1	1
OtO	Q14184	P70169	1	1
OtO	Q14185	Q8BUR4	1	1
OtO	Q14186	Q08639	1	1
OtO	Q14188	Q64163	2	1
OtO	Q14190	Q61079	1	1
OtO	Q14191	O09053	1	1
OtO	Q14192	O70433	1	1
OtO	Q14194	P97427	1	1
OtO	Q14195	Q62188	1	1
OtO	Q14197	Q8R035	1	1
OtO	Q14201	P50615	1	1
OtO	Q14202	Q9JLM4	1	1
OtO	Q14203	O08788	1	1
OtO	Q14204	Q9JHU4	1	1
OtO	Q14206	Q9JHG2	1	1
OtO	Q14207	Q8BMA5	1	1
OtO	Q14209	P56931	1	1
OtO	Q14210	P35459	1	1
OtO	Q14213	O35228	1	1
OtO	Q14232	Q99LC8	1	1
OtO	Q14240	P10630	1	1
OtO	Q14241	Q8CB77	1	1
OtO	Q14242	Q62170	1	1
OtO	Q14244	O88735	1	1
OtO	Q14246	Q61549	1	1
OtO	Q14247	Q60598	1	1
OtO	Q14249	O08600	1	1
OtO	Q14254	Q60634	1	1
OtO	Q14257	Q8BP92	1	1
OtO	Q14258	Q61510	1	1
OtO	Q14289	Q9QVP9	1	1
OtO	Q14296	Q9JIX9	1	1
OtO	Q14314	P12804	4	1
OtO	Q14315	Q8VHX6	1	1
OtO	Q14318	O35465	1	1
OtO	Q14320	Q9WV03	1	1
OtO	Q14324	Q5XKE0	1	1
OtO	Q14330	Q8K1Z6	1	1
OtO	Q14331	P97376	1	1
OtO	Q14332	Q9JIP6	1	1
OtO	Q14344	P27601	1	1
OtO	Q14353	O35969	1	1
OtO	Q14376	Q8R059	1	1
OtO	Q14392	G3XA59	1	1
OtO	Q14393	Q61592	1	1
OtO	Q14397	Q91X44	1	1
OtO	Q14416	Q14BI2	1	1
OtO	Q14432	Q9Z0X4	1	1
OtO	Q14435	P70419	1	1
OtO	Q14439	Q80WT4	1	1
OtO	Q14442	Q5M9N4	1	1
OtO	Q14444	Q60865	1	1
OtO	Q14449	Q9JLM9	1	1
OtO	Q14451	Q03160	1	1
OtO	Q14457	O88597	1	1
OtO	Q14469	P35428	1	1
OtO	Q14493	P97440	1	1
OtO	Q14494	Q61985	1	1
OtO	Q14498	Q8VH51	1	1
OtO	Q14508	Q9DAU7	13	1
OtO	Q14511	O35177	1	1
OtO	Q14512	O70514	1	1
OtO	Q14515	P70663	1	1
OtO	Q14517	A0A087WRT4	1	1
OtO	Q14520	Q8K0D2	1	1
OtO	Q14524	Q9JJV9	1	1
OtO	Q14526	Q9R1Y5	1	1
OtO	Q14527	Q6PCN7	1	1
OtO	Q14532	Q62168	1	1
OtO	Q14534	P52019	1	1
OtO	Q14541	Q9WUU6	1	1
OtO	Q14542	Q61672	1	1
OtO	Q14549	P82976	1	1
OtO	Q14554	Q921X9	1	1
OtO	Q14558	Q9D0M1	1	1
OtO	Q14562	A2A4P0	1	1
OtO	Q14563	O08665	1	1
OtO	Q14565	Q61880	1	1
OtO	Q14566	P97311	1	1
OtO	Q14571	Q9Z329	1	1
OtO	Q14573	P70227	1	1
OtO	Q14574	P55850	1	1
OtO	Q14576	Q60900	1	1
OtO	Q14582	Q60948	1	1
OtO	Q14590	Q499D5	1	1
OtO	Q14596	P97432	1	1
OtO	Q14623	P97812	1	1
OtO	Q14624	A6X935	1	1
OtO	Q14627	O88786	1	1
OtO	Q14642	Q7TNC9	1	1
OtO	Q14643	P11881	1	1
OtO	Q14644	Q60790	1	1
OtO	Q14651	Q3V0K9	1	1
OtO	Q14653	P70671	1	1
OtO	Q14654	Q61743	1	1
OtO	Q14657	Q9CR70	1	1
OtO	Q14667	Q5SYL3	1	1
OtO	Q14669	G5E870	1	1
OtO	Q14671	Q80U78	1	1
OtO	Q14674	P60330	1	1
OtO	Q14676	Q5PSV9	1	1
OtO	Q14677	Q99KN9	1	1
OtO	Q14678	E9Q238	1	1
OtO	Q14679	Q80UG8	1	1
OtO	Q14680	Q61846	1	1
OtO	Q14683	Q9CU62	1	1
OtO	Q14684	Q91YK2	1	1
OtO	Q14686	Q9JL19	1	1
OtO	Q14687	Q3U3C9	1	1
OtO	Q14689	Q8BWT5	1	1
OtO	Q14690	Q6NS46	1	1
OtO	Q14691	Q9CZ15	1	1
OtO	Q14692	Q6PGF5	1	1
OtO	Q14693	Q91ZP3	1	1
OtO	Q14694	P52479	1	1
OtO	Q14696	Q9ERE7	1	1
OtO	Q14697	Q8BHN3	1	1
OtO	Q14699	Q6A0D4	1	1
OtO	Q14703	Q9WTZ2	1	1
OtO	Q14714	Q62147	1	1
OtO	Q14721	Q03717	1	1
OtO	Q14722	P63143	1	1
OtO	Q14728	Q9D2V8	1	1
OtO	Q14738	Q7TNL5	1	1
OtO	Q14739	Q3U9G9	1	1
OtO	Q14746	Q921L5	1	1
OtO	Q14749	Q9QXF8	1	1
OtO	Q14761	Q64697	1	1
OtO	Q14764	Q9EQK5	1	1
OtO	Q14765	P42228	1	1
OtO	Q14766	Q8CG19	1	1
OtO	Q14767	O08999	1	1
OtO	Q14773	Q9ERM2	1	1
OtO	Q14774	Q61670	1	1
OtO	Q14781	P30658	1	1
OtO	Q14789	E9PVZ8	1	1
OtO	Q14790	O89110	1	1
OtO	Q147U7	Q8CEZ1	1	1
OtO	Q147X3	Q8CES0	1	1
OtO	Q14802	Q61835	1	1
OtO	Q14807	Q3V300	1	1
OtO	Q14814	Q63943	1	1
OtO	Q14831	Q68ED2	1	1
OtO	Q14832	Q9QYS2	1	1
OtO	Q14833	Q68EF4	1	1
OtO	Q14839	Q6PDQ2	1	1
OtO	Q14847	Q61792	1	1
OtO	Q14849	Q61542	1	1
OtO	Q14863	Q07916	1	1
OtO	Q14865	Q8BM75	1	1
OtO	Q14872	Q07243	1	1
OtO	Q14894	O54983	1	1
OtO	Q14896	O70468	1	1
OtO	Q14914	Q91YR9	1	1
OtO	Q14916	Q61983	1	1
OtO	Q14919	Q9D6N5	1	1
OtO	Q14929	E9Q3R6	1	1
OtO	Q14934	Q8K120	1	1
OtO	Q14938	P70257	1	1
OtO	Q14940	B2RXE2	1	1
OtO	Q14956	Q99P91	1	1
OtO	Q14957	Q01098	1	1
OtO	Q14964	Q8BHD0	1	1
OtO	Q14966	Q61464	1	1
OtO	Q14973	O08705	1	1
OtO	Q14974	P70168	1	1
OtO	Q14978	E9Q5C9	1	1
OtO	Q14980	E9Q7G0	1	1
OtO	Q14982	G5E8G3	1	1
OtO	Q14990	Q61999	1	1
OtO	Q14993	Q0VF58	1	1
OtO	Q14994	O35627	1	1
OtO	Q14995	Q60674	1	1
OtO	Q14997	Q5SSW2	1	1
OtO	Q14999	Q8VE73	1	1
OtO	Q149M9	A6H603	1	1
OtO	Q149N8	Q7TPQ3	1	1
OtO	Q14BN4	Q3URD3	1	1
OtO	Q14C86	Q6PAR5	1	1
OtO	Q14C87	Q76HP3	1	1
OtO	Q14CB8	Q8BRH3	1	1
OtO	Q14CM0	A2AFR3	1	1
OtO	Q14CN4	Q6IME9	1	1
OtO	Q14CS0	Q0KL01	1	1
OtO	Q14CW9	A2AWT3	1	1
OtO	Q14CX5	Q6PDE8	1	1
OtO	Q14CX7	Q8BWZ3	1	1
OtO	Q14CZ0	Q14AM7	1	1
OtO	Q14CZ7	Q8BSN9	1	1
OtO	Q14CZ8	Q640R3	1	1
OtO	Q14D04	A1A535	1	1
OtO	Q14DG7	F7BAB2	1	1
OtO	Q15003	Q8C156	1	1
OtO	Q15004	Q9CQX4	1	1
OtO	Q15005	Q9CYN2	1	1
OtO	Q15006	Q9CRD2	1	1
OtO	Q15007	Q9ER69	1	1
OtO	Q15008	Q99JI4	1	1
OtO	Q15011	Q9JJK5	1	1
OtO	Q15012	Q60961	1	1
OtO	Q15013	Q9DCX1	7	1
OtO	Q15014	Q9R0Q4	1	1
OtO	Q15018	Q3TCJ1	1	1
OtO	Q15019	P42208	1	1
OtO	Q15020	Q9JLI8	1	1
OtO	Q15021	Q8K2Z4	1	1
OtO	Q15022	Q80U70	1	1
OtO	Q15024	Q9D0M0	1	1
OtO	Q15025	Q9WUU8	1	1
OtO	Q15027	Q8K2H4	1	1
OtO	Q15029	O08810	1	1
OtO	Q15031	Q8VDC0	1	1
OtO	Q15032	E9Q9Q2	1	1
OtO	Q15034	A6H6S0	1	1
OtO	Q15035	Q924Z5	1	1
OtO	Q15036	Q8BVL3	1	1
OtO	Q15038	Q9DCP9	1	1
OtO	Q15040	Q9DBJ6	1	1
OtO	Q15041	Q9JKW0	1	1
OtO	Q15042	Q80UJ7	1	1
OtO	Q15043	Q75N73	1	1
OtO	Q15046	Q99MN1	1	1
OtO	Q15047	O88974	1	1
OtO	Q15048	Q8VC16	1	1
OtO	Q15049	Q8VHK5	1	1
OtO	Q15050	Q9CYH6	1	1
OtO	Q15051	Q8BP00	1	1
OtO	Q15052	Q8K4I3	1	1
OtO	Q15053	E9Q2T4	1	1
OtO	Q15054	Q9EQ28	1	1
OtO	Q15056	Q9WUK2	1	1
OtO	Q15057	Q6ZQK5	1	1
OtO	Q15058	L0N7N1	1	1
OtO	Q15059	Q8K2F0	1	1
OtO	Q15061	Q6ZQL4	1	1
OtO	Q15063	Q62009	1	1
OtO	Q15067	Q9R0H0	1	1
OtO	Q15070	Q8BGA9	1	1
OtO	Q15072	Q8BQN6	1	1
OtO	Q15075	Q8BL66	1	1
OtO	Q15077	Q9ERK9	1	1
OtO	Q15078	P61809	1	1
OtO	Q15080	P97369	1	1
OtO	Q15084	Q922R8	1	1
OtO	Q15102	Q61205	1	1
OtO	Q15109	Q62151	1	1
OtO	Q15111	Q3USB7	1	1
OtO	Q15113	Q61398	1	1
OtO	Q15116	Q02242	1	1
OtO	Q15118	Q8BFP9	1	1
OtO	Q15119	Q9JK42	1	1
OtO	Q15120	Q922H2	1	1
OtO	Q15121	Q62048	1	1
OtO	Q15124	Q8BZF8	1	1
OtO	Q15125	P70245	1	1
OtO	Q15126	Q9D1G2	1	1
OtO	Q15131	Q3UMM4	1	1
OtO	Q15139	Q62101	1	1
OtO	Q15147	Q91UZ1	1	1
OtO	Q15149	Q9QXS1	1	1
OtO	Q15154	Q9R0L6	1	1
OtO	Q15165	Q62086	1	1
OtO	Q15166	Q62087	1	1
OtO	Q15170	Q921P9	1	1
OtO	Q15172	Q6PD03	1	1
OtO	Q15173	Q6PD28	1	1
OtO	Q15181	Q9D819	1	1
OtO	Q15185	Q9R0Q7	1	1
OtO	Q15198	Q6PE55	1	1
OtO	Q15208	Q91VJ4	1	1
OtO	Q15223	Q9JKF6	1	1
OtO	Q15233	Q99K48	1	1
OtO	Q15256	Q62132	1	1
OtO	Q15257	P58389	1	1
OtO	Q15262	P35822	1	1
OtO	Q15269	Q8BU03	1	1
OtO	Q15270	G3UXB3	1	1
OtO	Q15274	Q91X91	1	1
OtO	Q15276	O35551	1	1
OtO	Q15283	P58069	1	1
OtO	Q15286	Q6PHN9	1	1
OtO	Q15287	Q99M28	1	1
OtO	Q15291	Q8BX09	1	1
OtO	Q15293	Q05186	1	1
OtO	Q15303	Q61527	1	1
OtO	Q15306	Q64287	1	1
OtO	Q15311	Q62172	1	1
OtO	Q15319	Q63955	1	1
OtO	Q15326	Q8R5C8	1	1
OtO	Q15327	Q9CR42	1	1
OtO	Q15329	Q61502	1	1
OtO	Q15334	Q80Y17	1	1
OtO	Q15345	Q8K1C9	1	1
OtO	Q15349	Q9WUT3	1	1
OtO	Q15361	Q62187	1	1
OtO	Q15363	Q9R0Q3	1	1
OtO	Q15365	P60335	1	1
OtO	Q15366	Q61990	1	1
OtO	Q15369	P83940	1	1
OtO	Q15370	P62869	1	1
OtO	Q15375	Q61772	1	1
OtO	Q15382	Q921J2	1	1
OtO	Q15386	Q80U95	1	1
OtO	Q15388	Q9DCC8	1	1
OtO	Q15389	O08538	1	1
OtO	Q15390	Q99MB2	1	1
OtO	Q15391	Q9ESG6	1	1
OtO	Q15392	Q8VCH6	1	1
OtO	Q15393	Q921M3	1	1
OtO	Q15397	Q8BKS9	1	1
OtO	Q15398	Q8K4R9	1	1
OtO	Q15399	Q9EPQ1	1	1
OtO	Q15404	Q01730	1	1
OtO	Q15406	Q64249	1	1
OtO	Q15413	A2AGL3	1	1
OtO	Q15417	Q9DAW9	1	1
OtO	Q15418	P18653	1	1
OtO	Q15424	D3YXK2	1	1
OtO	Q15427	Q8QZY9	1	1
OtO	Q15428	Q62203	1	1
OtO	Q15431	Q62209	1	1
OtO	Q15434	Q8VC70	1	1
OtO	Q15435	Q3UM45	1	1
OtO	Q15436	Q01405	1	1
OtO	Q15437	Q9D662	1	1
OtO	Q15438	Q9QX11	1	1
OtO	Q15459	Q8K4Z5	1	1
OtO	Q15464	Q6PD21	1	1
OtO	Q15465	Q62226	1	1
OtO	Q15466	Q62227	1	1
OtO	Q15468	Q60988	1	1
OtO	Q15475	Q62231	1	1
OtO	Q15477	Q6NZR5	1	1
OtO	Q15493	Q64374	1	1
OtO	Q15506	Q62252	1	1
OtO	Q15517	Q7TPC1	1	1
OtO	Q15526	P09925	1	1
OtO	Q15527	P09926	1	1
OtO	Q15528	Q62276	1	1
OtO	Q15532	Q62280	1	1
OtO	Q15542	Q8C092	1	1
OtO	Q15543	P61216	1	1
OtO	Q15544	Q99JX1	1	1
OtO	Q15545	Q9R1C0	1	1
OtO	Q15546	Q9CQY7	1	1
OtO	Q15554	O35144	1	1
OtO	Q15555	Q8R001	1	1
OtO	Q15560	Q9QVN7	1	1
OtO	Q15561	Q62296	1	1
OtO	Q15562	P48301	1	1
OtO	Q15569	O70146	1	1
OtO	Q15572	Q6PDZ2	1	1
OtO	Q15573	P97357	1	1
OtO	Q15582	P82198	1	1
OtO	Q15583	P70284	4220	1
OtO	Q15596	Q61026	1	1
OtO	Q15599	Q9JHL1	1	1
OtO	Q155Q3	Q80Y83	1	1
OtO	Q15612	Q8VFP4	1	1
OtO	Q15615	Q5SW48	1	1
OtO	Q15628	Q3U0V2	4	1
OtO	Q15629	Q91V04	1	1
OtO	Q15631	Q62348	1	1
OtO	Q15633	P97473	1	1
OtO	Q15637	Q64213	1	1
OtO	Q15642	Q8CJ53	1	1
OtO	Q15643	E9Q512	1	1
OtO	Q15645	Q3UA06	1	1
OtO	Q15646	Q8VI94	1	1
OtO	Q15648	Q925J9	1	1
OtO	Q15649	Q9CQK1	1	1
OtO	Q15650	Q9QXN3	1	1
OtO	Q15651	Q9DCB1	1	1
OtO	Q15652	Q69ZK6	1	1
OtO	Q15653	Q60778	1	1
OtO	Q15654	Q9Z1Y4	1	1
OtO	Q15669	Q9D3G9	1	1
OtO	Q15672	P26687	1	1
OtO	Q15678	Q62130	1	1
OtO	Q15691	Q61166	1	1
OtO	Q15697	B9EJW5	1	1
OtO	Q15699	Q8C8B0	1	1
OtO	Q15700	Q91XM9	1	1
OtO	Q15714	P62500	1	1
OtO	Q15717	P70372	1	1
OtO	Q15722	O88855	1	1
OtO	Q15723	Q9JHC9	1	1
OtO	Q15726	Q6Y4S4	1	1
OtO	Q15735	P59644	1	1
OtO	Q15738	Q9R1J0	1	1
OtO	Q15742	Q61127	1	1
OtO	Q15743	Q8BFQ3	1	1
OtO	Q15744	Q6PZD9	1	1
OtO	Q15746	Q6PDN3	1	1
OtO	Q15750	Q8CF89	1	1
OtO	Q15751	E9PZP8	1	1
OtO	Q15758	P51912	1	1
OtO	Q15759	Q9WUI1	1	1
OtO	Q15760	Q61121	1	1
OtO	Q15761	O70342	1	1
OtO	Q15762	Q8K4F0	1	1
OtO	Q15768	O35393	1	1
OtO	Q15771	Q923S9	1	1
OtO	Q15772	Q62407	1	1
OtO	Q15773	Q99KX1	1	1
OtO	Q15776	Q8BSL0	1	1
OtO	Q15777	Q9CZJ0	1	1
OtO	Q15784	Q62414	1	1
OtO	Q15785	Q9CYG7	1	1
OtO	Q15788	P70365	1	1
OtO	Q15796	Q62432	1	1
OtO	Q15797	P70340	1	1
OtO	Q15800	Q9CRA4	1	1
OtO	Q15811	Q9Z0R4	1	1
OtO	Q15813	Q8CIV8	1	1
OtO	Q15814	Q8VCN9	1	1
OtO	Q15818	Q62443	1	1
OtO	Q15819	Q9D2M8	1	1
OtO	Q15822	Q91X60	1	1
OtO	Q15825	Q9R0W9	1	1
OtO	Q15828	Q9D1B1	1	1
OtO	Q15831	Q9WTK7	1	1
OtO	Q15833	Q64324	1	1
OtO	Q15834	Q6PDY0	1	1
OtO	Q15835	Q9WVL4	1	1
OtO	Q15836	P63024	1	1
OtO	Q15842	P97794	1	1
OtO	Q15843	P29595	1	1
OtO	Q15846	Q3ZRW6	1	1
OtO	Q15848	Q60994	1	1
OtO	Q15849	Q8R4T9	1	1
OtO	Q15853	Q64705	1	1
OtO	Q15858	Q62205	1	1
OtO	Q15878	Q61290	1	1
OtO	Q15884	Q4FZH1	1	1
OtO	Q15904	Q9R1Q9	1	1
OtO	Q15906	Q62481	1	1
OtO	Q15907	P46638	1	1
OtO	Q15910	Q61188	1	1
OtO	Q15911	Q61329	1	1
OtO	Q15915	P46684	1	1
OtO	Q15916	Q8K088	1	1
OtO	Q15942	Q62523	1	1
OtO	Q16082	Q99PR8	1	1
OtO	Q16099	Q8BMF5	1	1
OtO	Q16134	Q921G7	1	1
OtO	Q16143	Q91ZZ3	1	1
OtO	Q16181	O55131	1	1
OtO	Q16204	D3YZP9	1	1
OtO	Q16206	Q8R0Z2	1	1
OtO	Q16222	Q91YN5	1	1
OtO	Q16236	Q60795	1	1
OtO	Q16254	Q8R0K9	1	1
OtO	Q16270	Q61581	1	1
OtO	Q16280	Q62398	1	1
OtO	Q16281	Q9JJZ8	2	1
OtO	Q16288	Q6VNS1	1	1
OtO	Q16322	B2RQA1	1	1
OtO	Q16342	P46718	1	1
OtO	Q16348	Q9ES07	1	1
OtO	Q16352	P46660	1	1
OtO	Q16363	P97927	1	1
OtO	Q16394	P97464	1	1
OtO	Q16401	Q8BJY1	1	1
OtO	Q16445	P16305	1	1
OtO	Q16478	Q61626	1	1
OtO	Q16512	P70268	1	1
OtO	Q16513	Q8BWW9	1	1
OtO	Q16514	Q8VE65	1	1
OtO	Q16515	Q925H0	1	1
OtO	Q16517	Q61979	1	1
OtO	Q16518	Q91ZQ5	1	1
OtO	Q16520	O35284	1	1
OtO	Q16526	P97784	1	1
OtO	Q16527	P97314	1	1
OtO	Q16531	Q3U1J4	1	1
OtO	Q16533	Q8K0S9	1	1
OtO	Q16534	Q8BW74	1	1
OtO	Q16537	Q61151	1	1
OtO	Q16538	Q3UN16	1	1
OtO	Q16539	P47811	1	1
OtO	Q16540	O35972	1	1
OtO	Q16543	Q61081	1	1
OtO	Q16549	Q61139	1	1
OtO	Q16552	Q62386	2	1
OtO	Q16553	Q64253	1	1
OtO	Q16555	O08553	1	1
OtO	Q16558	Q8CAE3	1	1
OtO	Q16559	Q62282	1	1
OtO	Q16560	Q9D384	1	1
OtO	Q16563	O09117	1	1
OtO	Q16566	P08414	1	1
OtO	Q16568	P56388	1	1
OtO	Q16570	Q9QUI6	1	1
OtO	Q16572	O35304	1	1
OtO	Q16576	Q60973	1	1
OtO	Q16581	O09047	1	1
OtO	Q16584	Q80XI6	1	1
OtO	Q16585	P82349	1	1
OtO	Q16586	P82350	1	1
OtO	Q16589	O08918	1	1
OtO	Q16594	Q8VI33	1	1
OtO	Q16595	O35943	1	1
OtO	Q16600	P24399	4953	1
OtO	Q16602	Q9R1W5	1	1
OtO	Q16610	Q61508	1	1
OtO	Q16611	O08734	1	1
OtO	Q16612	Q07475	1	1
OtO	Q16613	O88816	1	1
OtO	Q16617	Q99PA5	1	1
OtO	Q16619	Q60753	1	1
OtO	Q16620	P15209	1	1
OtO	Q16621	Q07279	1	1
OtO	Q16623	O35526	1	1
OtO	Q16625	Q61146	1	1
OtO	Q16626	Q64327	1	1
OtO	Q16629	Q8BL97	2	1
OtO	Q16630	Q6NVF9	1	1
OtO	Q16633	Q64693	1	1
OtO	Q16635	Q91WF0	1	1
OtO	Q16637	P97801	1	1
OtO	Q16643	Q9QXS6	1	1
OtO	Q16644	Q3UMW7	1	1
OtO	Q16647	O35074	1	1
OtO	Q16649	O08750	1	1
OtO	Q16650	Q64336	1	1
OtO	Q16651	Q9ESD1	1	1
OtO	Q16653	Q61885	1	1
OtO	Q16654	O70571	1	1
OtO	Q16655	Q2TA50	1	1
OtO	Q16656	Q9WU00	1	1
OtO	Q16658	Q61553	1	1
OtO	Q16659	Q61532	1	1
OtO	Q16661	O09051	1	1
OtO	Q16665	Q61221	1	1
OtO	Q16667	Q810P3	1	1
OtO	Q16670	Q5RJ54	2	1
OtO	Q16671	Q8K592	1	1
OtO	Q16674	Q61865	1	1
OtO	Q16676	Q61345	1	1
OtO	Q16678	Q64429	1	1
OtO	Q16690	Q1HL35	1	1
OtO	Q16695	A0A8I4SYN6	2	1
OtO	Q16698	Q9CQ62	1	1
OtO	Q16706	P27046	1	1
OtO	Q16718	Q9CPP6	1	1
OtO	Q16719	Q9CXF0	1	1
OtO	Q16720	Q0VF55	1	1
OtO	Q16739	O88693	1	1
OtO	Q16740	O88696	1	1
OtO	Q16760	E9PUQ8	1	1
OtO	Q16762	P52196	1	1
OtO	Q16769	Q9CYK2	1	1
OtO	Q16773	Q8BTY1	1	1
OtO	Q16774	Q64520	1	1
OtO	Q16775	Q99KB8	1	1
OtO	Q16777	Q64523	1	1
OtO	Q16787	Q61789	1	1
OtO	Q16790	Q8VHB5	1	1
OtO	Q16795	Q9DC69	1	1
OtO	Q16798	Q8BMF3	1	1
OtO	Q16799	Q8K0T0	1	1
OtO	Q16816	P07934	1	1
OtO	Q16819	P28825	1	1
OtO	Q16820	Q61847	1	1
OtO	Q16821	Q99MR9	1	1
OtO	Q16822	Q8BH04	1	1
OtO	Q16825	Q62136	1	1
OtO	Q16827	E9Q612	1	1
OtO	Q16828	Q9DBB1	1	1
OtO	Q16829	Q91Z46	1	1
OtO	Q16831	P52624	1	1
OtO	Q16832	Q62371	1	1
OtO	Q16836	Q61425	1	1
OtO	Q16842	Q11204	1	1
OtO	Q16849	Q60673	1	1
OtO	Q16850	Q8K0C4	1	1
OtO	Q16851	Q91ZJ5	1	1
OtO	Q16853	O70423	1	1
OtO	Q16854	Q9QX60	1	1
OtO	Q16864	Q9D1K2	1	1
OtO	Q16873	Q60860	1	1
OtO	Q16875	A2AUP5	1	1
OtO	Q16877	Q6DTY7	1	1
OtO	Q16878	P60334	1	1
OtO	Q16880	Q64676	1	1
OtO	Q16881	Q9JMH6	30	1
OtO	Q16890	O54818	1	1
OtO	Q16891	Q8CAQ8	1	1
OtO	Q17R31	Q3U1C6	1	1
OtO	Q17R55	Q0VAY3	1	1
OtO	Q17R60	Q8R1W8	1	1
OtO	Q17R89	Q5SSM3	1	1
OtO	Q17R98	Q505G8	1	1
OtO	Q17RB8	D3YY23	1	1
OtO	Q17RC7	Q6DIA2	1	1
OtO	Q17RD7	Q7TN83	1	1
OtO	Q17RF5	J3QNT8	1	1
OtO	Q17RG1	Q562E2	1	1
OtO	Q17RM4	Q8CAI1	1	1
OtO	Q17RN3	E9PYD1	1	1
OtO	Q17RQ9	Q0VF94	1	1
OtO	Q17RS7	Q8BMI4	1	1
OtO	Q17RW2	Q30D77	1	1
OtO	Q17RY0	Q7TN98	1	1
OtO	Q17RY6	Q9CWP4	1	1
OtO	Q18PE1	Q18PE0	1	1
OtO	Q19AV6	Q9CWQ2	1	1
OtO	Q19T08	Q3TZW0	1	1
OtO	Q1A5X6	Q8BPW0	1745	1
OtO	Q1ED39	Q9Z2Q2	1	1
OtO	Q1EHB4	Q49B93	1	1
OtO	Q1HG43	Q8VE49	1	1
OtO	Q1HG44	Q9D311	1	1
OtO	Q1KMD3	Q00PI9	1	1
OtO	Q1L5Z9	F6ZE64	1	1
OtO	Q1L6U9	B1AWI6	1	1
OtO	Q1MSJ5	B2RX88	1	1
OtO	Q1MX18	Q3HNM7	1	1
OtO	Q1RMZ1	Q8BXK4	1	1
OtO	Q1W4C9	Q3UTS8	1	1
OtO	Q1W6H9	Q8VE94	5	1
OtO	Q1X8D7	Q3V0M2	1	1
OtO	Q1XH10	Q80YR3	1	1
OtO	Q1ZYL8	D3Z690	2	1
OtO	Q1ZZU3	Q8K3D3	16095	1
OtO	Q24JP5	Q922P8	1	1
OtO	Q24JQ0	Q3UME2	1	1
OtO	Q27J81	Q0GNC1	1	1
OtO	Q29RF7	Q6A026	1	1
OtO	Q2HXU8	Q149M0	1	1
OtO	Q2I0M4	Q91W20	7	1
OtO	Q2I0M5	Q8BJ73	1	1
OtO	Q2KHM9	Q6A000	1	1
OtO	Q2KHN1	Q9CQ29	1	1
OtO	Q2KHR2	F8VPJ6	1	1
OtO	Q2KHR3	A0A338P6K9	1	1
OtO	Q2KHT3	Q80U30	1	1
OtO	Q2KHT4	Q8R1W2	1	1
OtO	Q2KJY2	Q7TNC6	1	1
OtO	Q2L4Q9	Q571E5	1	1
OtO	Q2LD37	A2AAE1	1	1
OtO	Q2M1K9	Q80TS5	1	1
OtO	Q2M1P5	B7ZNG0	1	1
OtO	Q2M1V0	A1A546	1	1
OtO	Q2M1Z3	A6X8Z5	1	1
OtO	Q2M243	Q3V036	1	1
OtO	Q2M296	Q3URQ7	1	1
OtO	Q2M2E3	Q8VI88	1	1
OtO	Q2M2H8	A0A571BDS5	1	1
OtO	Q2M2I3	Q80XS7	1	1
OtO	Q2M2I5	A1L317	1	1
OtO	Q2M2I8	Q3UHJ0	1	1
OtO	Q2M2W7	Q08AU9	1	1
OtO	Q2M2Z5	Q3UXL4	1	1
OtO	Q2M329	Q9CR92	1	1
OtO	Q2M385	A1L314	1	1
OtO	Q2M389	Q3UMB9	1	1
OtO	Q2M3C6	Q8BZB3	1	1
OtO	Q2M3C7	Q6NSW3	1	1
OtO	Q2M3D2	D3YUP5	1	1
OtO	Q2M3G0	B5X0E4	1	1
OtO	Q2M3G4	Q5SX79	1	1
OtO	Q2M3M2	Q8VDT1	1	1
OtO	Q2M3R5	Q8BY79	1	1
OtO	Q2M3T9	Q05A56	1	1
OtO	Q2M3V2	Q8BLS7	1	1
OtO	Q2M5E4	V9GXQ3	1	1
OtO	Q2MJR0	Q6P6N5	1	1
OtO	Q2MKA7	Q9Z132	1	1
OtO	Q2MV58	Q8BZ64	1	1
OtO	Q2NKJ3	Q5SUQ9	1	1
OtO	Q2NKQ1	Q8BPQ7	1	1
OtO	Q2NKX8	Q8BHK9	1	1
OtO	Q2NKX9	Q149G0	1	1
OtO	Q2NL67	Q6P6P7	1	1
OtO	Q2NL68	Q7TSA6	50	1
OtO	Q2NL82	Q5SWD9	1	1
OtO	Q2NL98	Q8BP01	29	1
OtO	Q2PPJ7	A3KGS3	1	1
OtO	Q2PZI1	A6X919	1	1
OtO	Q2Q1W2	Q1PSW8	1	1
OtO	Q2QGD7	Q8C8V1	1	1
OtO	Q2QL34	Q99MS3	1	1
OtO	Q2T9J0	Q9DBA6	1	1
OtO	Q2T9K0	E9Q4M0	1	1
OtO	Q2T9L4	Q8CD60	1	1
OtO	Q2TAA2	Q9DB29	1	1
OtO	Q2TAA5	Q3TZM9	1	1
OtO	Q2TAA8	Q99P25	1	1
OtO	Q2TAC2	Q6PHN1	1	1
OtO	Q2TAC6	Q99PT9	1	1
OtO	Q2TAK8	Q6DID5	1	1
OtO	Q2TAL5	Q8CI12	1	1
OtO	Q2TAL6	Q8C8N3	1	1
OtO	Q2TAL8	Q3UA37	1	1
OtO	Q2TAM9	Q673H1	1	1
OtO	Q2TAP0	Q9D428	1	1
OtO	Q2TAY7	Q3UKJ7	1	1
OtO	Q2TAZ0	Q6P4T0	1	1
OtO	Q2TB10	Q0VEE6	1	1
OtO	Q2TB18	Q8BIR2	1	1
OtO	Q2TB90	Q91W97	1	1
OtO	Q2TBA0	Q9D783	1	1
OtO	Q2TBE0	Q8BG79	1	1
OtO	Q2TBF2	D4PHA7	1	1
OtO	Q2UY09	Q2UY11	1	1
OtO	Q2V2M9	Q76LL6	1	1
OtO	Q2VPB7	Q3TAP4	1	1
OtO	Q2VPJ9	Q7TPD7	1	1
OtO	Q2VPK5	Q3U308	1	1
OtO	Q2VWA4	A7M7C7	1	1
OtO	Q2VWP7	Q2EY15	1	1
OtO	Q2VYF4	Q7TNU7	1	1
OtO	Q2WEN9	E9QA28	1	1
OtO	Q2WGJ6	Q8BSF5	1	1
OtO	Q2WGJ8	A0A2R8VHF7	1	1
OtO	Q2WGJ9	E0CZ42	1	1
OtO	Q2Y0W8	Q8JZR6	1	1
OtO	Q2YD98	Q9D479	1	1
OtO	Q30201	P70387	1	1
OtO	Q30KP8	Q8BVB5	1	1
OtO	Q30KP9	Q30KN4	1	1
OtO	Q30KQ4	Q8BGW9	1	1
OtO	Q30KQ5	Q3V2L0	1	1
OtO	Q30KQ7	Q30KP5	1	1
OtO	Q30KQ9	Q30KP6	1	1
OtO	Q30KR1	Q3UW22	1	1
OtO	Q32M45	Q8C5H1	1	1
OtO	Q32M84	E9Q173	1	1
OtO	Q32M88	Q8BP56	1	1
OtO	Q32MH5	Q69ZK7	7	1
OtO	Q32MK0	Q3UIZ8	1	1
OtO	Q32MQ0	Q8BH05	1	1
OtO	Q32MZ4	Q3UZ39	1	1
OtO	Q32NB8	Q8BHF7	1	1
OtO	Q32NC0	Q5XFZ0	1	1
OtO	Q32P28	Q3V1T4	1	1
OtO	Q32P41	Q9D0C4	1	1
OtO	Q32P44	Q8VC03	1	1
OtO	Q32P51	P49312	1	1
OtO	Q32ZL2	Q8BJ52	1	1
OtO	Q330K2	A2AIL4	1	1
OtO	Q33E94	Q7TNK1	1	1
OtO	Q38SD2	Q3UHC2	1	1
OtO	Q3B726	Q78WZ7	1	1
OtO	Q3B7I2	Q4VAB4	1	1
OtO	Q3B7J2	Q9CYH5	1	1
OtO	Q3B7T1	Q6GQV7	1	1
OtO	Q3B7T3	Q9EQG5	1	1
OtO	Q3B820	Q8QZV6	1	1
OtO	Q3B8N5	Q8BII1	1	1
OtO	Q3C1V0	J3QN01	1	1
OtO	Q3C1V1	Q9D1Z2	1	1
OtO	Q3C1V8	Q810B3	1	1
OtO	Q3I5F7	Q32Q92	1	1
OtO	Q3KNS1	Q0EEE2	1	1
OtO	Q3KNT9	P0DJF3	545	1
OtO	Q3KNV8	Q8BTQ0	1	1
OtO	Q3KNW1	Q9QY31	1	1
OtO	Q3KNW5	Q9CXB2	1	1
OtO	Q3KP22	Q9D992	1	1
OtO	Q3KP31	Q497V9	47	1
OtO	Q3KP44	Q8BLD6	1	1
OtO	Q3KP66	Q7TN12	1	1
OtO	Q3KQU3	A2AJI0	1	1
OtO	Q3KQV9	Q3TW96	1	1
OtO	Q3KQZ1	Q5SWT3	1	1
OtO	Q3KR16	Q8R0J1	1	1
OtO	Q3KR37	Q80TI0	1	1
OtO	Q3KRA6	Q9CRW3	1	1
OtO	Q3KRA9	Q8K2U2	1	1
OtO	Q3L8U1	Q8BYH8	1	1
OtO	Q3LI76	Q9QZU5	4	1
OtO	Q3LI81	E9PX37	1	1
OtO	Q3LI83	G3X9A2	1	1
OtO	Q3LIE5	Q99KS6	1	1
OtO	Q3LXA3	Q8VC30	1	1
OtO	Q3MHD2	Q9D0R8	1	1
OtO	Q3MII6	A1A5B6	1	1
OtO	Q3MIN7	Q3UYI5	1	1
OtO	Q3MIP1	Q3UV16	1	1
OtO	Q3MIR4	Q8BHG3	1	1
OtO	Q3MIT2	Q9D3U0	1	1
OtO	Q3MIW9	Q3TNW5	1	1
OtO	Q3MIX3	Q80V03	1	1
OtO	Q3MJ13	D3YYM4	1	1
OtO	Q3MJ16	Q50L42	1	1
OtO	Q3MUY2	P0C1P0	1	1
OtO	Q3SX64	Q3TZ65	1	1
OtO	Q3SXM5	Q8BTX9	1	1
OtO	Q3SXP7	Q0VBP7	1	1
OtO	Q3SXY7	W8DXL4	1	1
OtO	Q3SXY8	Q640N2	1	1
OtO	Q3SXZ7	A2APC3	1	1
OtO	Q3SY00	A0A494BAR6	1	1
OtO	Q3SY52	Q80YP6	1	1
OtO	Q3SY56	Q9ESX2	1	1
OtO	Q3SY69	Q8K009	1	1
OtO	Q3SY84	Q9R0H5	1	1
OtO	Q3SYC2	Q80W94	1	1
OtO	Q3SYG4	Q811G0	1	1
OtO	Q3T8J9	Q9DB00	1	1
OtO	Q3T906	Q69ZN6	1	1
OtO	Q3V5L5	Q765H6	1	1
OtO	Q3V6T2	Q5SNZ0	1	1
OtO	Q3YBM2	Q9R1Q6	1	1
OtO	Q3YBR2	Q3UB74	1	1
OtO	Q3YEC7	Q5U3K5	1	1
OtO	Q3ZAQ7	Q78T54	1	1
OtO	Q3ZCN5	F7A4A7	1	1
OtO	Q3ZCQ2	Q3T9V6	258	1
OtO	Q3ZCQ3	Q8K064	1	1
OtO	Q3ZCQ8	Q9D880	1	1
OtO	Q3ZCT1	Q62513	1	1
OtO	Q3ZCT8	Q9D618	1	1
OtO	Q3ZCV2	A2AVQ5	1	1
OtO	Q3ZCW2	Q8VED9	1	1
OtO	Q400G9	Q8BVF9	1	1
OtO	Q460N5	Q2EMV9	1	1
OtO	Q494R4	P0C7Q1	1	1
OtO	Q494U1	Q8C886	2	1
OtO	Q494V2	Q80VN0	1	1
OtO	Q495A1	P86176	1	1
OtO	Q495B1	F8VQ39	1	1
OtO	Q495C1	F6TQD1	4	1
OtO	Q495M3	Q8BHK3	1	1
OtO	Q495M9	Q80T11	1	1
OtO	Q495N2	Q811P0	2	1
OtO	Q495T6	Q9JLI3	1	1
OtO	Q495W5	Q8BHC9	1	1
OtO	Q495X7	Q8VI40	4	1
OtO	Q496A3	A2RRY8	1	1
OtO	Q496F6	Q8K249	1	1
OtO	Q496H8	Q8C4W3	1	1
OtO	Q496J9	Q69ZS6	1	1
OtO	Q496Y0	Q9D4H7	1	1
OtO	Q499Z3	Q8BHW9	1	1
OtO	Q499Z4	Q99LH4	1	1
OtO	Q49A17	E5D8G1	1	1
OtO	Q49A26	Q922P9	1	1
OtO	Q49A88	Q8K2J4	1	1
OtO	Q49A92	Q8BZJ8	1	1
OtO	Q49AA0	A2A761	64	1
OtO	Q49AG3	B2RPU8	9	1
OtO	Q49AH0	Q8CC36	1	1
OtO	Q49AJ0	Q9DAI6	1	1
OtO	Q49AM1	Q8BKY8	1	1
OtO	Q49AN0	Q9R194	1	1
OtO	Q49AR2	Q8BGC1	1	1
OtO	Q49B96	Q8K0C8	1	1
OtO	Q49MG5	Q3TRR0	1	1
OtO	Q49MI3	A2AQH1	1	1
OtO	Q49SQ1	O88416	1	1
OtO	Q4AC94	Q52KB6	1	1
OtO	Q4AC99	Q3UX83	3	1
OtO	Q4ADV7	Q69ZJ7	1	1
OtO	Q4AE62	Q8BW56	1	1
OtO	Q4FZB7	Q3U8K7	1	1
OtO	Q4G0A6	Q3UQI9	1	1
OtO	Q4G0F5	Q8C0E2	1	1
OtO	Q4G0I0	Q6RUT7	1	1
OtO	Q4G0J3	Q05CL8	1	1
OtO	Q4G0M1	Q6PGN1	1	1
OtO	Q4G0N4	Q8C5H8	1	1
OtO	Q4G0N7	Q8CF36	1	1
OtO	Q4G0N8	Q6UJY2	1	1
OtO	Q4G0P3	Q80W93	1	1
OtO	Q4G0S7	E9PX14	1	1
OtO	Q4G0U5	A9Q751	1	1
OtO	Q4G0W2	Q8BTR5	1	1
OtO	Q4G0X4	Q3URF8	1	1
OtO	Q4G0X9	Q8BI79	1	1
OtO	Q4G0Z9	E9Q956	1	1
OtO	Q4G112	Q5ND04	1	1
OtO	Q4G148	Q3UHH8	1	1
OtO	Q4G163	Q8CDI2	1	1
OtO	Q4G176	Q3URE1	1	1
OtO	Q4G1C9	Q9CQ35	1	1
OtO	Q4J6C6	Q8C167	1	1
OtO	Q4JDL3	O55082	1	1
OtO	Q4KMG0	Q32MD9	1	1
OtO	Q4KMG9	Q0VBF2	1	1
OtO	Q4KMP7	Q8BHL3	1	1
OtO	Q4KMQ1	A2AI08	1	1
OtO	Q4KMQ2	Q6P9J9	1	1
OtO	Q4KMZ1	A2ADZ8	1	1
OtO	Q4KMZ8	Q9D035	1	1
OtO	Q4KWH8	Q4KWH5	1	1
OtO	Q4L180	Q6P6L0	1	1
OtO	Q4L235	Q80WC9	1	1
OtO	Q4LDE5	A2AVA0	1	1
OtO	Q4LDG9	Q05A62	1	1
OtO	Q4LDR2	Q8BXZ0	1	1
OtO	Q4LE39	A2CG63	1	1
OtO	Q4LEZ3	Q811W1	1	1
OtO	Q4U2R6	Q9CPY1	1	1
OtO	Q4U2R8	Q8VC69	2	1
OtO	Q4V328	Q8VD04	1	1
OtO	Q4V9L6	Q8R138	1	1
OtO	Q4VC05	Q9CXE2	1	1
OtO	Q4VC12	Q9D5Z5	1	1
OtO	Q4VC31	Q8R3Q6	1	1
OtO	Q4VC44	Q8CI03	1	1
OtO	Q4VCS5	Q8VHG2	1	1
OtO	Q4VNC0	Q3TYU2	1	1
OtO	Q4VNC1	Q5XF90	1	1
OtO	Q4VX76	Q99N48	1	1
OtO	Q4VXU2	A2A5N3	2	1
OtO	Q4W4Y0	Q4KL13	1	1
OtO	Q4W5G0	Q0VBL1	1	1
OtO	Q4W5P6	A0A286YD83	1	1
OtO	Q4ZG55	Q3UHK3	1	1
OtO	Q4ZHG4	A0A6I8MWX0	1	1
OtO	Q4ZIN3	Q8CIV2	1	1
OtO	Q4ZJI4	Q8C0X2	1	1
OtO	Q502W6	A0A571BE33	1	1
OtO	Q502W7	Q8CDN8	2	1
OtO	Q502X0	Q6UL01	1	1
OtO	Q504Q3	Q8BGF7	1	1
OtO	Q504T8	Q3TPJ7	1	1
OtO	Q504U0	Q3UUX7	1	1
OtO	Q504Y0	Q5FWH7	1	1
OtO	Q504Y2	Q5RJI4	1	1
OtO	Q504Y3	Q08EN7	1	1
OtO	Q50LG9	Q8BHA1	1	1
OtO	Q52LA3	Q8CD94	1	1
OtO	Q52LC2	D3Z5W0	1	1
OtO	Q52LD8	Q8CHX7	1	1
OtO	Q52LJ0	Q80VD1	1	1
OtO	Q52LR7	Q8C0I4	1	1
OtO	Q52LW3	Q8CGF1	1	1
OtO	Q52MB2	Q8BMK5	1	1
OtO	Q52WX2	Q8QZX0	1	1
OtO	Q537H7	Q9CVW4	377	1
OtO	Q53EL6	Q61823	1	1
OtO	Q53EL9	Q7TSK2	1	1
OtO	Q53EP0	Q6NWW9	1	1
OtO	Q53EQ6	Q499M4	1	1
OtO	Q53ET0	Q3U182	1	1
OtO	Q53EU6	Q8C0N2	1	1
OtO	Q53EV4	O35125	1	1
OtO	Q53EZ4	Q8BT07	1	1
OtO	Q53F19	Q8BZR9	1	1
OtO	Q53F39	Q80XL7	1	1
OtO	Q53FD0	Q8CCG1	7	1
OtO	Q53FE4	A0A5F8MPV9	1	1
OtO	Q53FP2	Q9D328	1	1
OtO	Q53FT3	Q9DD02	1	1
OtO	Q53FV1	Q9CQZ0	1	1
OtO	Q53FZ2	Q3UNX5	1	1
OtO	Q53G44	Q9BDB7	2	1
OtO	Q53G59	Q8BZM0	1	1
OtO	Q53GA4	O08969	660	1
OtO	Q53GD3	Q91VA1	1	1
OtO	Q53GG5	O70209	1	1
OtO	Q53GI3	Q9Z1D9	1	1
OtO	Q53GL0	Q9JIY0	1	1
OtO	Q53GL7	Q8CIE4	1	1
OtO	Q53GQ0	O70503	1	1
OtO	Q53GS7	Q8R322	1	1
OtO	Q53GS9	Q3TIX9	1	1
OtO	Q53GT1	Q99JN2	1	1
OtO	Q53H12	Q9ESW4	1	1
OtO	Q53H47	Q80UJ9	59	1
OtO	Q53H54	Q8BG71	1	1
OtO	Q53H64	A0A286YDN8	7	1
OtO	Q53H76	Q8VI78	1	1
OtO	Q53H80	B1AXD8	1	1
OtO	Q53H82	Q99KR3	1	1
OtO	Q53H96	Q9DCC4	2	1
OtO	Q53HC0	Q8VDN4	1	1
OtO	Q53HC5	Q8BGY4	1	1
OtO	Q53HC9	Q8K0G5	1	1
OtO	Q53HI1	Q9CQ61	1	1
OtO	Q53HL2	Q8BHX3	1	1
OtO	Q53HV7	Q6P5C5	1	1
OtO	Q53LP3	Q8C0J6	1	1
OtO	Q53QV2	Q9CX60	1	1
OtO	Q53QW1	Q9DA60	1	1
OtO	Q53QZ3	Q811M1	1	1
OtO	Q53R12	Q9CQY8	1	1
OtO	Q53R41	Q6DI86	1	1
OtO	Q53RD9	Q501P1	1	1
OtO	Q53RE8	Q9D2X0	1	1
OtO	Q53RT3	Q09PK2	1	1
OtO	Q53RY4	Q8K177	1	1
OtO	Q53S33	Q8CEI1	1	1
OtO	Q53S58	Q8BPE4	1	1
OtO	Q53SF7	Q3UMF0	1	1
OtO	Q53SZ7	Q9D9B7	1	1
OtO	Q53T59	Q3TC93	1	1
OtO	Q53T94	P97358	1	1
OtO	Q53TN4	Q925G2	1	1
OtO	Q53TQ3	Q66JY2	1	1
OtO	Q53TS8	A0A5F8MPU3	1	1
OtO	Q562E7	Q5ND34	1	1
OtO	Q562R1	Q8BFZ3	1	1
OtO	Q567U6	Q7TQK5	1	1
OtO	Q567V2	Q8VIK2	1	1
OtO	Q569G3	Q24JP4	21	1
OtO	Q569H4	A3KMN5	1	1
OtO	Q569K4	Q8BXJ8	1	1
OtO	Q569K6	Q5SPX1	1	1
OtO	Q56A73	Q8K1L2	1	1
OtO	Q56NI9	Q8CIB9	1	1
OtO	Q56P03	Q5BU09	1	1
OtO	Q56UN5	E9Q3S4	2	1
OtO	Q56VL3	Q9D8W7	1	1
OtO	Q587I9	Q9CSV6	1	1
OtO	Q587J7	Q9CWU0	1	1
OtO	Q587J8	Q9CWU5	7	1
OtO	Q58A45	Q640Q5	1	1
OtO	Q58DX5	A0A0N4SUJ3	1	1
OtO	Q58EX2	Q6V4S5	1	1
OtO	Q58F21	Q91Y44	1	1
OtO	Q58HT5	A2ADU9	1	1
OtO	Q58WW2	Q9DC22	1	1
OtO	Q59EK9	O08576	1	1
OtO	Q59H18	Q5GIG6	1	1
OtO	Q5BIV9	Q8BWU1	1	1
OtO	Q5BJD5	Q8K1A5	1	1
OtO	Q5BJE1	Q8CDV0	1	1
OtO	Q5BJF2	Q8VD00	1	1
OtO	Q5BJF6	A3KGV1	1	1
OtO	Q5BJH2	Q9CZB9	1	1
OtO	Q5BJH7	Q9CX30	1	1
OtO	Q5BKU9	Q9CR10	1	1
OtO	Q5BKX5	J3QPC3	1	1
OtO	Q5BKX6	Q0P5V9	1	1
OtO	Q5BKX8	A2AMM0	1	1
OtO	Q5BKY1	Q8K3W2	1	1
OtO	Q5BKY9	Q9CVI2	1	1
OtO	Q5BKZ1	O88291	1	1
OtO	Q5BLP8	Q3UR78	1	1
OtO	Q5BN46	Q5BN45	6	1
OtO	Q5BVD1	Q8C5C9	1	1
OtO	Q5C9Z4	Q3UFM5	1	1
OtO	Q5CZC0	A2ARZ3	1	1
OtO	Q5D0E6	Q6PJN8	1	1
OtO	Q5D1E8	Q5D1E7	1	1
OtO	Q5D862	Q2VIS4	1	1
OtO	Q5DID0	Q5DID3	1	1
OtO	Q5DX21	P0C673	1	1
OtO	Q5EB52	Q07646	1	1
OtO	Q5EBL2	Q8CJ78	1	1
OtO	Q5EBL4	Q9JJC6	1	1
OtO	Q5EBL8	Q9CZG9	1	1
OtO	Q5EBM0	Q3U5Q7	1	1
OtO	Q5EE01	Q3URR0	1	1
OtO	Q5F1R6	E9Q8D0	1	1
OtO	Q5FBB7	Q9CXH7	1	1
OtO	Q5FVE4	Q2XU92	1	1
OtO	Q5FWE3	Q6PE13	1	1
OtO	Q5FWF4	Q6NZP1	1	1
OtO	Q5FWF5	Q69Z69	1	1
OtO	Q5FWF7	Q8CAT8	1	1
OtO	Q5FYB0	Q8BM89	1	1
OtO	Q5FYB1	Q32KI9	1	1
OtO	Q5GAN3	Q5GAM7	1	1
OtO	Q5GAN4	Q5GAM8	1	1
OtO	Q5GAN6	Q9D5A9	1	1
OtO	Q5GFL6	Q70UZ7	1	1
OtO	Q5GH70	Q5GH62	1	1
OtO	Q5GH72	Q5GH64	1	1
OtO	Q5GH73	E9Q6C8	1	1
OtO	Q5GH76	Q5GH67	1	1
OtO	Q5GJ75	Q3TBL6	45	1
OtO	Q5GLZ8	Q6PAV2	1	1
OtO	Q5H8A3	Q5H8A1	1	1
OtO	Q5H8A4	D3Z3Y1	1	1
OtO	Q5H8C1	Q684R7	1	1
OtO	Q5H913	Q9D416	1	1
OtO	Q5H9E4	E9PZF7	1	1
OtO	Q5H9F3	A2AQH4	1	1
OtO	Q5H9K5	Q3V0C1	1	1
OtO	Q5H9M0	Q4VA55	1	1
OtO	Q5H9R4	E9PWM3	1	1
OtO	Q5H9R7	Q922D4	1	1
OtO	Q5H9S7	Q3TUL7	1	1
OtO	Q5H9T9	A1EGX6	1	1
OtO	Q5HY92	Q9ERZ6	1	1
OtO	Q5HYA8	Q8BR76	1	1
OtO	Q5HYC2	H3BKP8	1	1
OtO	Q5HYI7	D3YTP3	1	1
OtO	Q5HYI8	Q9D4V7	1	1
OtO	Q5HYJ1	Q8BFZ1	1	1
OtO	Q5HYJ3	Q80XP8	1	1
OtO	Q5HYK3	Q9CXI0	1	1
OtO	Q5HYK7	Q91X43	1	1
OtO	Q5HYK9	Q2TL60	1	1
OtO	Q5HYM0	G3X9I7	1	1
OtO	Q5HYR2	Q9D9R7	49	1
OtO	Q5HYW2	B1AXH1	1	1
OtO	Q5HYW3	Q5DTT4	1	1
OtO	Q5I0G3	Q5F204	1	1
OtO	Q5I0X4	Q9D727	1	1
OtO	Q5I0X7	Q9DAC7	1	1
OtO	Q5IJ48	Q80YA8	1	1
OtO	Q5J8M3	Q9CZX9	1	1
OtO	Q5J8X5	Q5FWC3	2	1
OtO	Q5JPB2	A2ADM8	1	1
OtO	Q5JPH6	Q9CXJ1	1	1
OtO	Q5JPI3	Q3TTL0	1	1
OtO	Q5JPI9	Q9D853	1	1
OtO	Q5JQC9	Q60662	1	1
OtO	Q5JQS5	Q7TS30	1	1
OtO	Q5JR12	Q149T7	1	1
OtO	Q5JR59	Q3UHD3	1	1
OtO	Q5JR98	Q8CDY7	1	1
OtO	Q5JRA6	Q8BI84	1	1
OtO	Q5JRM2	E9QAS1	1	1
OtO	Q5JRV8	Q8BHW5	1	1
OtO	Q5JRX3	Q8K411	1	1
OtO	Q5JS13	A2AR50	1	1
OtO	Q5JS37	Q8CCH2	1	1
OtO	Q5JS54	P0C7N9	1	1
OtO	Q5JSH3	Q6NVE8	1	1
OtO	Q5JSJ4	Q8BND4	1	1
OtO	Q5JSL3	A2AF47	1	1
OtO	Q5JSP0	O88842	1	1
OtO	Q5JSS6	Q61845	1	1
OtO	Q5JST6	Q9D485	1	1
OtO	Q5JSZ5	Q7TPM1	1	1
OtO	Q5JT82	Q8CFA7	1	1
OtO	Q5JTB6	Q8K262	1	1
OtO	Q5JTC6	Q7TS75	1	1
OtO	Q5JTD0	Q9DCD5	1	1
OtO	Q5JTD7	B2RWC4	1	1
OtO	Q5JTH9	Q6P5B0	1	1
OtO	Q5JTJ3	Q8BGD8	3644	1
OtO	Q5JTN6	Q9D994	1	1
OtO	Q5JTV8	Q921T2	1	1
OtO	Q5JTW2	Q6IRU7	1	1
OtO	Q5JTZ5	Q8K0M7	1	1
OtO	Q5JTZ9	Q14CH7	1	1
OtO	Q5JU00	A6H639	1	1
OtO	Q5JU67	Q0VFX2	1	1
OtO	Q5JU69	Q8R1J9	1	1
OtO	Q5JU85	Q5DU25	1	1
OtO	Q5JUK2	Q6IUP1	1	1
OtO	Q5JUK3	Q6ZPR4	1	1
OtO	Q5JUQ0	Q8C552	1	1
OtO	Q5JUR7	Q3TUU5	1	1
OtO	Q5JV73	A0A140LIW3	1	1
OtO	Q5JVF3	Q8BFV2	1	1
OtO	Q5JVL4	Q9D9T8	1	1
OtO	Q5JVS0	Q9JKS5	1	1
OtO	Q5JVX7	Q9D5Q8	1	1
OtO	Q5JW98	Q8CE93	1	1
OtO	Q5JWF2	Q6R0H7	1	1
OtO	Q5JWF8	A2AKE7	1	1
OtO	Q5JWR5	Q8BL99	1	1
OtO	Q5JXC2	A2A7Y5	15	1
OtO	Q5JXM2	Q8CCB5	1	1
OtO	Q5JY77	Q5U4C1	1	1
OtO	Q5JYT7	Q8BWG4	1	1
OtO	Q5JZY3	Q8BYG9	1	1
OtO	Q5K4E3	Q5K2P8	1	1
OtO	Q5K4L6	O88561	1	1
OtO	Q5KSL6	F6UUZ3	1	1
OtO	Q5KU26	Q8K4Q8	1	1
OtO	Q5M775	Q5SXY1	1	1
OtO	Q5M7Z0	Q9DCN7	1	1
OtO	Q5M8T2	Q8BGF8	1	1
OtO	Q5M9N0	Q8CDI6	1	1
OtO	Q5M9Q1	Q5SZT7	1	1
OtO	Q5MAI5	Q3TZA2	8	1
OtO	Q5MCW4	Q80W31	1	1
OtO	Q5MIZ7	Q922R5	1	1
OtO	Q5MJ70	Q5IBH7	1	1
OtO	Q5MNV8	A2A6H3	1	1
OtO	Q5MNZ6	Q9CR39	1	1
OtO	Q5MNZ9	Q8R3E3	1	1
OtO	Q5MY95	Q8K0L2	1	1
OtO	Q5NDL2	Q8BYW9	1	1
OtO	Q5NUL3	Q7TMA4	1	1
OtO	Q5PRF9	Q80XS6	1	1
OtO	Q5PSV4	Q3U1T3	1	1
OtO	Q5PT55	Q5PT54	1	1
OtO	Q5QGS0	Q5DTT1	1	1
OtO	Q5QGT7	Q80ZI2	1	1
OtO	Q5QGZ9	Q504P2	1	1
OtO	Q5QJ38	Q9D3P1	1	1
OtO	Q5QJ74	Q8C5W3	1	1
OtO	Q5QJE6	Q8R2M2	1	1
OtO	Q5QJU3	Q8VD53	1	1
OtO	Q5QNW6	Q64525	1	1
OtO	Q5QP82	A2AKB9	1	1
OtO	Q5R372	A6H6A9	1	1
OtO	Q5R387	P48076	1	1
OtO	Q5R3F8	Q68FM6	1	1
OtO	Q5R3I4	A3KMP2	1	1
OtO	Q5R3K3	Q8C9E8	1	1
OtO	Q5RHP9	F6QRE9	1	1
OtO	Q5RI15	Q9D7J4	1	1
OtO	Q5RKV6	Q8BTW3	1	1
OtO	Q5RL73	Q8K2X2	1	1
OtO	Q5S007	Q5S006	1	1
OtO	Q5SGD2	Q8BHN0	1	1
OtO	Q5SNT2	A2A8U2	1	1
OtO	Q5SQ64	B2RXM6	1	1
OtO	Q5SQH8	B8JJ69	1	1
OtO	Q5SQI0	Q8K341	1	1
OtO	Q5SQN1	Q8R570	1	1
OtO	Q5SQQ9	Q2NKI2	1	1
OtO	Q5SQS7	A6X942	1	1
OtO	Q5SQS8	Q8CDT9	376	1
OtO	Q5SR56	Q8CIA9	1	1
OtO	Q5SRE5	Q6ZQH8	1	1
OtO	Q5SRE7	Q9DB26	1	1
OtO	Q5SRH9	A2ACP1	2	1
OtO	Q5SRI9	Q6NXH2	1	1
OtO	Q5SRR4	Q8K1T5	1	1
OtO	Q5SSJ5	Q3TEA8	1	1
OtO	Q5SSQ6	Q9CY86	1	1
OtO	Q5ST30	Q3U2A8	1	1
OtO	Q5SV17	B2RWJ3	1	1
OtO	Q5SV97	Q149B8	4	1
OtO	Q5SVJ3	Q9DAA7	1	1
OtO	Q5SVQ8	Q811F1	1	1
OtO	Q5SVS4	Q9CR58	1	1
OtO	Q5SVZ6	Q3TJB1	1	1
OtO	Q5SW24	Q7TN08	1	1
OtO	Q5SW79	Q6A065	1	1
OtO	Q5SW96	Q8C142	1	1
OtO	Q5SWA1	Q8BFW3	1	1
OtO	Q5SWH9	Q3KQJ0	1	1
OtO	Q5SWX8	Q4PJX1	1	1
OtO	Q5SXH7	Q8BW88	3	1
OtO	Q5SXM2	Q8BP86	2	1
OtO	Q5SXM8	Q9D113	1	1
OtO	Q5SY16	Q3TZX8	1	1
OtO	Q5SYB0	A2AKB4	1	1
OtO	Q5SYC1	Q8BG92	1	1
OtO	Q5SYE7	Q8CAF4	1	1
OtO	Q5SZB4	A2APZ1	1	1
OtO	Q5SZD1	Q9D2Z6	1	1
OtO	Q5SZD4	E9Q5L8	1	1
OtO	Q5SZI1	A0A5F8MPH1	1	1
OtO	Q5SZJ8	Q6PFX2	1	1
OtO	Q5SZK8	Q6NVD0	1	1
OtO	Q5SZL2	A0A1W2P884	1	1
OtO	Q5SZQ8	Q8CIN6	1	1
OtO	Q5T011	A2A9C3	1	1
OtO	Q5T013	Q8R1F5	1	1
OtO	Q5T089	A2RTS7	1	1
OtO	Q5T0B9	B1ASA5	1	1
OtO	Q5T0D9	Q9DBS2	1	1
OtO	Q5T0F9	Q8BRN9	1	1
OtO	Q5T0J7	Q14BK3	1	1
OtO	Q5T0L3	Q4FZF2	1	1
OtO	Q5T0N1	D3YVL2	1	1
OtO	Q5T0N5	Q8K012	1	1
OtO	Q5T0T0	Q9DBD2	1	1
OtO	Q5T0U0	Q8BVN0	1	1
OtO	Q5T0W9	Q0VBM2	1	1
OtO	Q5T0Z8	Q91Z58	1	1
OtO	Q5T124	Q9D572	1	1
OtO	Q5T160	Q3U186	1	1
OtO	Q5T197	Q059Y8	1	1
OtO	Q5T1A1	A0A140LIJ0	1	1
OtO	Q5T1B0	Q3UZ57	1	1
OtO	Q5T1C6	Q3UUI3	1	1
OtO	Q5T1M5	Q6P9Q6	1	1
OtO	Q5T1N1	E9Q8N6	1	1
OtO	Q5T1Q4	Q8BGK5	1	1
OtO	Q5T1R4	A2A884	1	1
OtO	Q5T1S8	Q99JS0	1	1
OtO	Q5T1V6	Q9DBN9	1	1
OtO	Q5T200	E9Q784	1	1
OtO	Q5T215	Q4KL14	1	1
OtO	Q5T230	Q6J1H4	32	1
OtO	Q5T280	Q3UHX9	1	1
OtO	Q5T292	E9PVZ2	1	1
OtO	Q5T2D2	Q2LA85	1	1
OtO	Q5T2D3	B1AZ99	1	1
OtO	Q5T2E6	Q6PD19	1	1
OtO	Q5T2R2	Q33DR2	1	1
OtO	Q5T2S8	B2RY50	1	1
OtO	Q5T2T1	Q8BVD5	1	1
OtO	Q5T2W1	Q9JIL4	1	1
OtO	Q5T3F8	Q3TWI9	1	1
OtO	Q5T3I0	Q3TFK5	1	1
OtO	Q5T3J3	Q8CDD9	1	1
OtO	Q5T3U5	Q8R4P9	1	1
OtO	Q5T440	Q8CAK1	1	1
OtO	Q5T442	Q8BQU6	1	1
OtO	Q5T447	Q3U487	1	1
OtO	Q5T481	Q3UQS8	1	1
OtO	Q5T4B2	A3KGW5	1	1
OtO	Q5T4D3	Q8BG19	1	1
OtO	Q5T4F4	Q3TXX3	1	1
OtO	Q5T4F7	Q9WU66	1	1
OtO	Q5T4S7	A2AN08	1	1
OtO	Q5T4T1	P86050	1	1
OtO	Q5T4T6	A0A0M3U1B0	1	1
OtO	Q5T4W7	Q9Z0L2	1	1
OtO	Q5T5A4	Q9DAD0	21	1
OtO	Q5T5C0	Q8K400	1	1
OtO	Q5T5J6	Q9DBQ9	1	1
OtO	Q5T5M9	Q3TZI6	1	1
OtO	Q5T5P2	A2AQ25	1	1
OtO	Q5T5S1	A2AJB1	1	1
OtO	Q5T5U3	Q6DFV3	1	1
OtO	Q5T5X7	Q6PAL0	1	1
OtO	Q5T5Y3	A2AHC3	1	1
OtO	Q5T601	Q8VEC3	1	1
OtO	Q5T619	D3Z0W3	1	1
OtO	Q5T653	Q9D773	1	1
OtO	Q5T655	B2RW38	1	1
OtO	Q5T681	Q80Y39	28	1
OtO	Q5T686	Q9D7H4	1	1
OtO	Q5T6C5	Q8C8K6	1	1
OtO	Q5T6F0	Q8BGZ3	1	1
OtO	Q5T6F2	Q91VX2	1	1
OtO	Q5T6J7	Q8R0J8	1	1
OtO	Q5T6L9	E9Q048	1	1
OtO	Q5T6S3	Q9CXG9	1	1
OtO	Q5T6V5	G3X8U3	1	1
OtO	Q5T6X4	Q9CX19	1	1
OtO	Q5T6X5	Q8K4Z6	1	1
OtO	Q5T700	D3YYZ1	1	1
OtO	Q5T749	B2RUR4	1	1
OtO	Q5T750	G5E8Z3	1	1
OtO	Q5T7B8	Q6NWW5	1	1
OtO	Q5T7M4	Q8R2Z0	2	1
OtO	Q5T7M9	Q9D6I7	1	1
OtO	Q5T7N2	Q587J6	1	1
OtO	Q5T7N3	Q6P9J5	1	1
OtO	Q5T7P8	Q9R0N8	1	1
OtO	Q5T7R7	Q9CPZ3	17	1
OtO	Q5T7V8	Q8BRM2	1	1
OtO	Q5T7W0	Q80YY7	1	1
OtO	Q5T7W7	Q3U269	1	1
OtO	Q5T848	Q8C419	1	1
OtO	Q5T870	Q8BV84	1	1
OtO	Q5T871	Q9DAE3	2	1
OtO	Q5T890	Q9JIM3	1	1
OtO	Q5T8A7	Q6A025	1	1
OtO	Q5T8D3	Q5XG73	1	1
OtO	Q5T8I3	Q8BQS4	1	1
OtO	Q5T8I9	Q8CAE2	1	1
OtO	Q5T8P6	Q6NZN0	1	1
OtO	Q5T953	Q99J55	1	1
OtO	Q5T9C2	Q78T81	1	1
OtO	Q5T9C9	Q6U7H8	3	1
OtO	Q5T9G4	Q80X86	1	1
OtO	Q5T9L3	Q6DID7	1	1
OtO	Q5T9S5	Q640L5	1	1
OtO	Q5TA31	Q8BFX1	1	1
OtO	Q5TA45	Q9CWS4	1	1
OtO	Q5TA50	Q8BS40	1	1
OtO	Q5TA77	Q9CQM7	1	1
OtO	Q5TA89	P70120	1	1
OtO	Q5TAA0	Q8C159	1	1
OtO	Q5TAB7	Q2WG76	1	1
OtO	Q5TAQ9	Q8N7N5	1	1
OtO	Q5TAT6	Q9R1N9	1	1
OtO	Q5TAX3	B2RX14	1	1
OtO	Q5TB30	Q8CIG0	1	1
OtO	Q5TB80	Q6ZQ06	1	1
OtO	Q5TBA9	E9Q8I9	1	1
OtO	Q5TBB1	Q80ZV0	1	1
OtO	Q5TBC7	Q08ED0	1	1
OtO	Q5TBE3	Q8CET0	145	1
OtO	Q5TBK1	Q3V2Q8	1	1
OtO	Q5TC12	Q811I0	1	1
OtO	Q5TC63	Q9D3N8	1	1
OtO	Q5TC79	Q8C3U9	1	1
OtO	Q5TC82	Q4VGL6	1	1
OtO	Q5TC84	Q8VE52	1	1
OtO	Q5TCQ9	Q9EQJ9	1	1
OtO	Q5TCS8	G3UYQ4	1	1
OtO	Q5TCX8	Q8VDG6	3	1
OtO	Q5TCY1	Q6PCN3	1	1
OtO	Q5TCZ1	O89032	1	1
OtO	Q5TD94	Q8BYM7	1	1
OtO	Q5TD97	Q9WTX7	1	1
OtO	Q5TDH0	A2ADY9	1	1
OtO	Q5TDP6	Q8CIX8	1	1
OtO	Q5TEA3	Q7TT23	1	1
OtO	Q5TEA6	Q3V172	1	1
OtO	Q5TEC3	Q569E7	1	1
OtO	Q5TEJ8	Q91YX0	1	1
OtO	Q5TEU4	A2APY7	1	1
OtO	Q5TEZ5	Q3V037	1	1
OtO	Q5TF21	Q6NZL0	1	1
OtO	Q5TF58	Q8R2V2	1	1
OtO	Q5TFE4	Q8C5P5	1	1
OtO	Q5TFG8	Q9D534	1	1
OtO	Q5TG30	E9Q6X9	1	1
OtO	Q5TGI0	Q3UMF9	1	1
OtO	Q5TGI4	Q3V1H9	1	1
OtO	Q5TGL8	Q8JZU6	1	1
OtO	Q5TGP6	G5E8L9	26	1
OtO	Q5TGS1	Q61657	1	1
OtO	Q5TGU0	Q9CRZ8	1	1
OtO	Q5TGY1	Q91WU4	1	1
OtO	Q5TGY3	Q6PAL7	1	1
OtO	Q5TGZ0	Q7TNS2	1	1
OtO	Q5TH69	Q3UGY8	1	1
OtO	Q5TH74	Q9D2F5	1	1
OtO	Q5THK1	E9Q7C4	1	1
OtO	Q5THR3	Q6P1E8	1	1
OtO	Q5TIA1	Q9D4I2	1	1
OtO	Q5TID7	Q80ZU5	1	1
OtO	Q5TIE3	A9Z1V5	1	1
OtO	Q5TKA1	Q8C735	1	1
OtO	Q5TZA2	Q8CJ40	1	1
OtO	Q5TZF3	Q810N6	1	1
OtO	Q5U3C3	Q6PHN7	1	1
OtO	Q5U4N7	A6PWY0	1	1
OtO	Q5U4P2	Q2TA57	1	1
OtO	Q5U5Q3	Q05A36	1	1
OtO	Q5U5R9	Q8CDU6	1	1
OtO	Q5U5X0	Q9DA03	1	1
OtO	Q5U5X8	Q6PGH4	1	1
OtO	Q5U5Z8	Q8CDK2	1	1
OtO	Q5U623	Q3UL97	1	1
OtO	Q5U649	Q810N5	1	1
OtO	Q5U651	Q3U0S6	1	1
OtO	Q5UAW9	Q8C206	1	1
OtO	Q5UCC4	Q3TAS6	1	1
OtO	Q5UE93	Q3U6Q4	1	1
OtO	Q5UIP0	Q6PR54	1	1
OtO	Q5VIR6	Q8CCB4	1	1
OtO	Q5VSG8	Q6P1J0	1	1
OtO	Q5VSL9	Q8C079	1	1
OtO	Q5VST6	Q7M759	1	1
OtO	Q5VST9	A2AAJ9	1	1
OtO	Q5VSY0	Q9JMB0	1	1
OtO	Q5VT06	E9Q309	1	1
OtO	Q5VT25	Q3UU96	1	1
OtO	Q5VT40	Q8BQN5	1	1
OtO	Q5VT52	Q6NXI6	1	1
OtO	Q5VT66	Q9CW42	1	1
OtO	Q5VT99	A2VDH3	1	1
OtO	Q5VTB9	Q6PDX6	1	1
OtO	Q5VTD9	O70237	1	1
OtO	Q5VTE6	Q8K1C0	1	1
OtO	Q5VTH2	Q6P8X9	2	1
OtO	Q5VTH9	E9PYY5	1	1
OtO	Q5VTJ3	A2APT9	1	1
OtO	Q5VTL7	A2AED3	1	1
OtO	Q5VTL8	Q80SY5	1	1
OtO	Q5VTQ0	Q8BYY4	1	1
OtO	Q5VTR2	Q5DTM8	1	1
OtO	Q5VTT2	Q9CQC3	1	1
OtO	Q5VTT5	A2ABU4	1	1
OtO	Q5VTY9	Q8BMT9	1	1
OtO	Q5VU43	Q80YT7	1	1
OtO	Q5VU57	Q09LZ8	1	1
OtO	Q5VU65	Q9D2F7	1	1
OtO	Q5VU69	Q9D9D9	1	1
OtO	Q5VU97	Q6PDJ1	1	1
OtO	Q5VUA4	Q99PP2	1	1
OtO	Q5VUB5	A2ATK9	1	1
OtO	Q5VUD6	Q99ML4	1	1
OtO	Q5VUE5	A0A0A6YWI4	17990	1
OtO	Q5VUG0	Q5DTW2	1	1
OtO	Q5VUJ6	Q3UMG5	1	1
OtO	Q5VUJ9	Q9CQ46	18381	1
OtO	Q5VUM1	Q8BTE0	1	1
OtO	Q5VUY0	A2A7Z8	2	1
OtO	Q5VV17	Q9CUB6	1	1
OtO	Q5VV41	Q3U5C8	1	1
OtO	Q5VV42	Q91WE6	1	1
OtO	Q5VV43	Q5SZV5	2	1
OtO	Q5VV52	Q3TDE8	1	1
OtO	Q5VV63	Q6A051	1	1
OtO	Q5VV67	Q6NZN1	1	1
OtO	Q5VVC0	Q3KQP7	1	1
OtO	Q5VVH5	Q9ESJ7	1	1
OtO	Q5VVJ2	Q69Z66	1	1
OtO	Q5VVM6	Q8BVF4	36	1
OtO	Q5VVQ6	Q8CB27	1	1
OtO	Q5VVW2	Q3V0G7	1	1
OtO	Q5VVX9	B1AUC4	1	1
OtO	Q5VVY1	B2RXM4	1	1
OtO	Q5VW32	Q8K2Q7	1	1
OtO	Q5VW36	A2AKG8	1	1
OtO	Q5VW38	Q8BUV8	1	1
OtO	Q5VWC8	A2AKM2	1	1
OtO	Q5VWG9	Q5HZG4	1	1
OtO	Q5VWI1	Q3B807	1	1
OtO	Q5VWJ9	Q8CE50	1	1
OtO	Q5VWK5	Q8K4B4	1	1
OtO	Q5VWN6	Q5DTT3	1	1
OtO	Q5VWP2	Q5SSF7	1	1
OtO	Q5VWP3	Q5FW52	1	1
OtO	Q5VWQ0	Q80T69	1	1
OtO	Q5VWQ8	Q3UHC7	1	1
OtO	Q5VWT5	A2A995	1	1
OtO	Q5VWW1	Q9ESN4	1	1
OtO	Q5VWX1	Q9WU01	1	1
OtO	Q5VWZ2	Q3UFF7	1	1
OtO	Q5VX52	Q9D5R4	1	1
OtO	Q5VX71	Q8BH32	1	1
OtO	Q5VXD3	D3YUG0	1	1
OtO	Q5VXI9	Q3U4B4	1	1
OtO	Q5VXJ0	Q8BM14	1	1
OtO	Q5VXM1	Q8BQH6	1	1
OtO	Q5VXT5	O89104	1	1
OtO	Q5VXU1	Q4PNJ2	1	1
OtO	Q5VXU3	Q8CBW7	1	1
OtO	Q5VXU9	A2ALV5	1	1
OtO	Q5VY09	O89113	1	1
OtO	Q5VY43	Q8VIK5	1	1
OtO	Q5VYJ5	A2AJX4	1	1
OtO	Q5VYK3	Q6PDI5	1	1
OtO	Q5VYM1	Q3V0E1	1	1
OtO	Q5VYS4	Q14BA6	1	1
OtO	Q5VYS8	Q5BLK4	1	1
OtO	Q5VYV0	Q64733	1	1
OtO	Q5VYV7	Q9D7Y9	1	1
OtO	Q5VYX0	A7RDN6	1	1
OtO	Q5VYY1	Q9D3J5	1	1
OtO	Q5VYY2	Q8K2A6	1	1
OtO	Q5VZ03	Q9D531	1	1
OtO	Q5VZ18	Q8BSD5	1	1
OtO	Q5VZ46	A0A087WP46	1	1
OtO	Q5VZ52	Q9DAI9	1	1
OtO	Q5VZ66	Q5DTN8	1	1
OtO	Q5VZ72	A6PWV3	1	1
OtO	Q5VZ89	A6H8H2	1	1
OtO	Q5VZB9	Q8CFG4	1	1
OtO	Q5VZE5	Q6PHQ8	1	1
OtO	Q5VZF2	Q8C181	1	1
OtO	Q5VZI3	Q8R239	1	1
OtO	Q5VZK9	Q6EDY6	1	1
OtO	Q5VZL5	A2A791	1	1
OtO	Q5VZM2	Q6NTA4	1	1
OtO	Q5VZP5	Q148W8	1	1
OtO	Q5VZQ5	Q9D5N9	201	1
OtO	Q5VZV1	Q8BLU2	1	1
OtO	Q5VZY2	Q0VBU9	1	1
OtO	Q5W041	A2AU72	1	1
OtO	Q5W0A0	A0A571BEV3	2	1
OtO	Q5W0B1	Q8K2Y0	1	1
OtO	Q5W0B7	A2ARJ3	1	1
OtO	Q5W0Q7	Q3ULM6	14	1
OtO	Q5W0U4	Q80YW5	2	1
OtO	Q5W0V3	Q8CDM8	1	1
OtO	Q5W0Z9	Q5Y5T1	1	1
OtO	Q5W111	Q3TFQ1	1	1
OtO	Q5W5W9	P47939	1	1
OtO	Q5W5X9	Q8CHY7	1	1
OtO	Q5XG87	Q6PB75	1	1
OtO	Q5XG92	Q8R0W5	1	1
OtO	Q5XG99	Q8CC84	1	1
OtO	Q5XKE5	Q8VED5	1	1
OtO	Q5XKK7	Q14DQ1	1	1
OtO	Q5XKL5	D3YUB6	2	1
OtO	Q5XKP0	Q8R404	1	1
OtO	Q5XKR4	O09113	1	1
OtO	Q5XPI4	Q5XPI3	1	1
OtO	Q5XUX0	Q3TQF0	1	1
OtO	Q5XUX1	F8VPX2	1	1
OtO	Q5XX13	Q5SUS0	1	1
OtO	Q5XXA6	Q8BHY3	1	1
OtO	Q5YKI7	Q6K1E7	352	1
OtO	Q5ZPR3	Q8VE98	4	1
OtO	Q60I27	Q60I26	1	1
OtO	Q629K1	B2B9E1	1	1
OtO	Q63HK3	G3X952	1	1
OtO	Q63HK5	Q8CGV9	1	1
OtO	Q63HM1	Q8K4H1	1	1
OtO	Q63HM2	Q3UVY5	1	1
OtO	Q63HM9	Q8BLJ3	1	1
OtO	Q63HN8	E9Q555	1	1
OtO	Q63HQ0	E9PYF7	1	1
OtO	Q63HQ2	Q4VBE4	1	1
OtO	Q63HR2	Q8CGB6	1	1
OtO	Q63ZY3	Q8BX02	1	1
OtO	Q641Q3	Q8VE43	2	1
OtO	Q643R3	Q6NVG1	1	1
OtO	Q64LD2	E9Q349	1	1
OtO	Q658L1	Q8BQB6	1	1
OtO	Q658N2	Q80XH4	1	1
OtO	Q658P3	Q8CI59	1	1
OtO	Q658Y4	Q3UVG3	1	1
OtO	Q659A1	Q3UZ18	1	1
OtO	Q66GS9	Q6P5D4	1	1
OtO	Q66K14	Q5SVR0	1	1
OtO	Q66K41	A2A5E6	1	1
OtO	Q66K64	Q6PFH3	1	1
OtO	Q66K66	Q8BG75	1	1
OtO	Q66K74	Q8C052	1	1
OtO	Q66K79	Q8R4V4	1	1
OtO	Q66K89	Q8CCE9	1	1
OtO	Q66LE6	Q925E7	1	1
OtO	Q66PJ3	Q9JM93	1	1
OtO	Q674R7	Q6EBV9	1	1
OtO	Q674X7	Q69ZS8	1	1
OtO	Q676U5	Q8C0J2	1	1
OtO	Q67FW5	Q3U129	1	1
OtO	Q684P5	Q5SVL6	1	1
OtO	Q687X5	Q923B6	1	1
OtO	Q68BL7	Q8BHP7	1	1
OtO	Q68BL8	Q3V1G4	1	1
OtO	Q68CJ6	D3YWJ0	1	1
OtO	Q68CJ9	Q91XE9	1	1
OtO	Q68CL5	Q66JT5	1	1
OtO	Q68CP4	Q3UDW8	1	1
OtO	Q68CP9	E9Q7E2	1	1
OtO	Q68CQ1	A2AVR2	1	1
OtO	Q68CQ4	Q8BTT6	1	1
OtO	Q68CQ7	Q6NSU3	1	1
OtO	Q68CR1	Q80TS8	1	1
OtO	Q68CR7	Q8K0B3	1	1
OtO	Q68CZ1	Q8CG73	1	1
OtO	Q68CZ2	Q5SSZ5	1	1
OtO	Q68CZ6	Q8QZX2	1	1
OtO	Q68D10	Q68FG3	1	1
OtO	Q68D42	A7E1Z1	1	1
OtO	Q68D51	Q6P9P8	1	1
OtO	Q68D91	Q8BL86	1	1
OtO	Q68DA7	Q05860	1	1
OtO	Q68DC2	Q6GQX6	1	1
OtO	Q68DD2	Q50L41	3	1
OtO	Q68DE3	B2RUQ2	1	1
OtO	Q68DH5	Q8C561	1	1
OtO	Q68DK2	Q5DU37	1	1
OtO	Q68DK7	Q6PDM1	1	1
OtO	Q68DL7	A0A494BAC1	1	1
OtO	Q68DN1	A0A1W2P6U8	3	1
OtO	Q68DQ2	Q80W49	2020	1
OtO	Q68DU8	Q5DTY9	1	1
OtO	Q68DV7	Q5NCP0	1	1
OtO	Q68DX3	A0A140LI67	1	1
OtO	Q68E01	Q7TPD0	1	1
OtO	Q68EM7	Q3UIA2	1	1
OtO	Q68EN5	Q810A5	1	1
OtO	Q68G74	O35652	1	1
OtO	Q68G75	Q14C37	1	1
OtO	Q68J44	Q8BK84	1	1
OtO	Q693B1	Q8K485	1	1
OtO	Q695T7	Q9D687	1	1
OtO	Q69YG0	Q9CR22	1	1
OtO	Q69YH5	Q14B71	1	1
OtO	Q69YI7	Q6PFD7	1	1
OtO	Q69YL0	A0A0J9YTR2	1	1
OtO	Q69YN2	Q8CI33	1	1
OtO	Q69YN4	A2AIV2	1	1
OtO	Q69YQ0	Q2KN98	1	1
OtO	Q69YU3	B2RW11	1	1
OtO	Q69YU5	Q8BTC1	1	1
OtO	Q69YW2	Q0VBF8	1	1
OtO	Q69YZ2	D3Z0P8	1	1
OtO	Q6A162	Q6IFX3	1	1
OtO	Q6A163	Q6IFX4	1	1
OtO	Q6A555	Q69AB2	1	1
OtO	Q6AHZ1	B2RRF6	1	1
OtO	Q6AI08	Q6P1G0	1	1
OtO	Q6AI12	Q5SUE8	1	1
OtO	Q6AI14	Q8BUE1	1	1
OtO	Q6AI39	Q8CHH5	1	1
OtO	Q6AWC2	Q6NXJ0	1	1
OtO	Q6AZY7	Q8C850	1	1
OtO	Q6AZZ1	Q8K243	1	1
OtO	Q6B0B8	Q7TM95	1	1
OtO	Q6B0I6	Q3U2K5	1	1
OtO	Q6BAA4	Q5DRQ8	1	1
OtO	Q6BCY4	Q3KNK3	1	1
OtO	Q6BDI9	Q9D7T1	1	1
OtO	Q6BDS2	B2KF50	1	1
OtO	Q6BEB4	Q9JHX2	1	1
OtO	Q6DCA0	Q8JZZ6	1	1
OtO	Q6DD87	Q8BIF9	1	1
OtO	Q6DD88	Q91YH5	1	1
OtO	Q6DHV7	Q80SY6	1	1
OtO	Q6DJT9	Q9QYE0	1	1
OtO	Q6DKI1	Q9D8M4	1	1
OtO	Q6DKI7	A0A1B0GS01	39	1
OtO	Q6DKJ4	P97346	1	1
OtO	Q6DKK2	Q8CC21	1	1
OtO	Q6DN12	Q5RJH2	1	1
OtO	Q6DN14	E9PV86	1	1
OtO	Q6DN72	A1YIY0	209	1
OtO	Q6DN90	Q8R0S2	1	1
OtO	Q6DT37	Q80UW5	1	1
OtO	Q6DWJ6	Q80UC8	1	1
OtO	Q6E0U4	Q6P253	1	1
OtO	Q6E213	Q6E1M8	1	1
OtO	Q6EBC2	Q6EAL8	1	1
OtO	Q6EIG7	Q9JKF4	1	1
OtO	Q6EMB2	Q8CHB8	1	1
OtO	Q6EMK4	Q9CZT5	1	1
OtO	Q6F5E8	Q3V3V9	1	1
OtO	Q6FHJ7	Q9Z1N6	1	1
OtO	Q6FI13	Q6GSS7	1	1
OtO	Q6FI81	Q8WTY4	1	1
OtO	Q6FIF0	Q9DCH6	1	1
OtO	Q6GMV2	Q3TYX3	1	1
OtO	Q6GMV3	D3Z4S3	1	1
OtO	Q6GPH4	Q5NBU8	1	1
OtO	Q6GPH6	A2ASA8	1	1
OtO	Q6GQQ9	B2RUR8	1	1
OtO	Q6GTS8	Q8C165	1	1
OtO	Q6GV28	Q9D9S2	4	1
OtO	Q6GYQ0	Q6GYP7	1	1
OtO	Q6H8Q1	Q8BL65	1	1
OtO	Q6H9L7	D3Z6A3	1	1
OtO	Q6HA08	Q6HA09	1	1
OtO	Q6I9Y2	Q7TMY4	1	1
OtO	Q6IA17	Q9JLZ8	1	1
OtO	Q6IA69	Q711T7	1	1
OtO	Q6IA86	Q91WG4	1	1
OtO	Q6IAA8	Q9CQ22	1	1
OtO	Q6IAN0	Q99J47	1	1
OtO	Q6IB77	Q91XE0	2	1
OtO	Q6IBS0	Q9Z0P5	1	1
OtO	Q6IBW4	Q8BSP2	1	1
OtO	Q6IC98	Q8CB44	1	1
OtO	Q6ICB0	Q9CQT7	1	1
OtO	Q6ICB4	Q14B98	1	1
OtO	Q6ICC9	Q505G4	1	1
OtO	Q6ICG6	Q3UE31	1	1
OtO	Q6ICG8	Q9D529	1	1
OtO	Q6ICH7	Q80VP9	1	1
OtO	Q6ICI0	Q3UUA0	1	1
OtO	Q6ICL3	P54797	1	1
OtO	Q6ICL7	Q8K3D6	1	1
OtO	Q6IE38	B9EJP9	1	1
OtO	Q6IE81	Q6ZPI0	1	1
OtO	Q6IEE7	Q6IEE6	1	1
OtO	Q6IEG0	Q9D361	1	1
OtO	Q6IF42	Q8VEV1	1	1
OtO	Q6IF63	Q7TRN5	1	1
OtO	Q6IF99	E9Q848	6	1
OtO	Q6IMI4	P0CC03	1	1
OtO	Q6IMI6	Q80VR3	5	1
OtO	Q6IMN6	Q05A80	1	1
OtO	Q6IN84	Q99J25	1	1
OtO	Q6IN85	Q6P2K6	1	1
OtO	Q6IPM2	Q6PCQ0	1	1
OtO	Q6IPR1	Q91V16	1	1
OtO	Q6IPR3	Q8BSA9	1	1
OtO	Q6IPT2	A1L3C1	5469	1
OtO	Q6IPT4	B1AS42	1	1
OtO	Q6IPU0	Q9CZ92	1	1
OtO	Q6IPW1	Q91VN2	1	1
OtO	Q6IQ16	Q2M2N2	1	1
OtO	Q6IQ19	Q8QZT2	1	1
OtO	Q6IQ20	Q8BH82	1	1
OtO	Q6IQ21	Q8BIQ8	1	1
OtO	Q6IQ22	P35283	1	1
OtO	Q6IQ23	Q3UIL6	1	1
OtO	Q6IQ26	Q6PAL8	1	1
OtO	Q6IQ32	Q8CHC8	1	1
OtO	Q6IQ49	Q8K1J5	1	1
OtO	Q6IQ55	Q3UVR3	1	1
OtO	Q6IS24	Q7TT15	1	1
OtO	Q6ISB3	Q8K5C0	1	1
OtO	Q6ISU1	P0C6B2	1	1
OtO	Q6IWH7	Q14AT5	1	1
OtO	Q6J272	Q9D4K5	1	1
OtO	Q6J4K2	Q925Q3	1	1
OtO	Q6J9G0	Q6J9G1	1	1
OtO	Q6JBY9	Q3UZA1	1	1
OtO	Q6JEL2	Q9D5V2	1	1
OtO	Q6JQN1	Q8K370	1	1
OtO	Q6JVE5	Q6JVL5	1	1
OtO	Q6JVE6	Q810Z1	1	1
OtO	Q6JVE9	Q924P3	1	1
OtO	Q6KB66	Q0VBK2	1	1
OtO	Q6KC79	Q6KCD5	1	1
OtO	Q6KCM7	A2ASZ8	1	1
OtO	Q6KF10	P43028	1	1
OtO	Q6L8Q7	Q3TIU4	1	1
OtO	Q6L9W6	Q6L8S8	1	1
OtO	Q6MZM0	Q3V1H3	1	1
OtO	Q6MZM9	Q3SYJ2	1	1
OtO	Q6MZP7	Q571G4	1	1
OtO	Q6MZQ0	A2AVJ5	1	1
OtO	Q6MZT1	Q8BQP9	1	1
OtO	Q6MZW2	Q5STE3	1	1
OtO	Q6MZZ7	Q3UW68	1	1
OtO	Q6N021	Q4JK59	1	1
OtO	Q6N022	Q3UHK6	1	1
OtO	Q6N043	Q68FE8	1	1
OtO	Q6N063	Q9CQ04	1	1
OtO	Q6N069	Q9DBB4	1	1
OtO	Q6N075	Q921Y4	1	1
OtO	Q6NS38	Q6P6J4	1	1
OtO	Q6NSI3	E9PV82	1	1
OtO	Q6NSI4	Q8C779	1	1
OtO	Q6NSI8	Q68FF0	1	1
OtO	Q6NSJ0	Q69ZQ1	1	1
OtO	Q6NSJ2	E9QAF4	1	1
OtO	Q6NSJ5	Q66JT1	1	1
OtO	Q6NSX1	Q9D9B0	1	1
OtO	Q6NSZ9	B2RX31	1	1
OtO	Q6NT16	D3Z5L6	1	1
OtO	Q6NT32	Q6AW46	1	1
OtO	Q6NT55	Q8BGU0	1	1
OtO	Q6NT76	Q8BJA3	1	1
OtO	Q6NT89	Q80ZI1	1	1
OtO	Q6NTE8	Q9D1F5	1	1
OtO	Q6NTF9	Q8VEK2	1	1
OtO	Q6NUI2	Q14DK4	1	1
OtO	Q6NUI6	E9Q7T7	1	1
OtO	Q6NUJ1	Q8C1C1	1	1
OtO	Q6NUJ2	Q32M26	1	1
OtO	Q6NUJ5	E9Q9M8	1	1
OtO	Q6NUK1	Q8BMD8	1	1
OtO	Q6NUK4	Q99KK1	1	1
OtO	Q6NUM9	Q64FW2	1	1
OtO	Q6NUN0	Q8BGA8	1	1
OtO	Q6NUN7	E9Q793	1	1
OtO	Q6NUN9	Q3U133	1	1
OtO	Q6NUP7	Q8C0Y0	1	1
OtO	Q6NUQ1	Q8BZ36	1	1
OtO	Q6NUQ4	Q8BM55	1	1
OtO	Q6NUS6	Q8R2Q6	1	1
OtO	Q6NUT2	P0CW70	1	1
OtO	Q6NUT3	Q3U481	1	1
OtO	Q6NV74	E9Q3M9	1	1
OtO	Q6NV75	Q8K0Z9	1	1
OtO	Q6NVH7	Q8VCI7	1	1
OtO	Q6NVU6	Q9CZP0	1	1
OtO	Q6NVV3	Q8BMW7	1	1
OtO	Q6NVV7	Q8R3A2	1	1
OtO	Q6NVY1	Q8QZS1	1	1
OtO	Q6NW29	Q9CPR1	1	1
OtO	Q6NW34	Q8R2U2	1	1
OtO	Q6NW40	Q7TQ33	1	1
OtO	Q6NWY9	Q80W14	1	1
OtO	Q6NXE6	Q8BNU0	1	1
OtO	Q6NXG1	Q3US41	1	1
OtO	Q6NXP0	V9GXH0	1	1
OtO	Q6NXP2	B2RXB0	1	1
OtO	Q6NXP6	Q9D3S5	1	1
OtO	Q6NXR0	Q8C262	1	1
OtO	Q6NXR4	Q8BGV4	1	1
OtO	Q6NXT1	Q91WK7	1	1
OtO	Q6NXT4	Q8BJM5	1	1
OtO	Q6NXT6	Q4VBD2	1	1
OtO	Q6NY19	Q9Z1P7	1	1
OtO	Q6NYC1	Q9ERI5	1	1
OtO	Q6NYC8	Q8BQ30	1	1
OtO	Q6NZ36	Q3UN58	1	1
OtO	Q6NZI2	O54724	1	1
OtO	Q6NZY4	Q9CYA6	1	1
OtO	Q6NZY7	Q9Z0X0	1	1
OtO	Q6P047	Q80ZQ3	1	1
OtO	Q6P050	Q8C7B6	1	1
OtO	Q6P087	Q14AI6	1	1
OtO	Q6P093	B2RWD2	1	1
OtO	Q6P0N0	Q80WQ8	1	1
OtO	Q6P0Q8	Q60592	1	1
OtO	Q6P158	Q6P5D3	1	1
OtO	Q6P161	Q9CPW3	1	1
OtO	Q6P1A2	Q91V01	1	1
OtO	Q6P1J6	Q3TTY0	1	1
OtO	Q6P1J9	Q8JZM7	1	1
OtO	Q6P1K1	Q9D8M3	1	1
OtO	Q6P1K2	Q9CPV5	1	1
OtO	Q6P1L5	Q3U3E2	1	1
OtO	Q6P1L8	Q9D1I6	1	1
OtO	Q6P1M0	Q91VE0	1	1
OtO	Q6P1M3	Q3TJ91	1	1
OtO	Q6P1M9	Q3UZB0	1	1
OtO	Q6P1N0	Q8K1A6	1	1
OtO	Q6P1N9	Q6P8M1	1	1
OtO	Q6P1Q0	Q924L1	1	1
OtO	Q6P1R3	Q6NZR2	1	1
OtO	Q6P1R4	Q8C2P3	1	1
OtO	Q6P1S2	Q8BN57	1	1
OtO	Q6P1W5	B1AYM9	1	1
OtO	Q6P1X5	Q8C176	1	1
OtO	Q6P1X6	Q8VE95	1	1
OtO	Q6P2C0	Q402B2	1	1
OtO	Q6P2C8	Q9DB40	1	1
OtO	Q6P2D0	P08042	1	1
OtO	Q6P2D8	Q3U3V8	1	1
OtO	Q6P2E9	Q3UJB9	1	1
OtO	Q6P2H3	Q8BMK0	1	1
OtO	Q6P2H8	Q9D0Z3	1	1
OtO	Q6P2M8	Q9QYK9	1	1
OtO	Q6P2P2	Q3U3W5	1	1
OtO	Q6P2Q9	Q99PV0	1	1
OtO	Q6P2S7	Q692V3	1	1
OtO	Q6P387	Q8BHB7	1	1
OtO	Q6P3R8	Q7TSC3	1	1
OtO	Q6P3S1	Q3U1T9	1	1
OtO	Q6P3S6	Q6PDJ6	1	1
OtO	Q6P3W2	Q91ZF0	1	1
OtO	Q6P3W7	Q8CFE4	1	1
OtO	Q6P3X3	Q8CD92	1	1
OtO	Q6P444	Q8VED8	1	1
OtO	Q6P499	Q8BGN5	1	1
OtO	Q6P4A7	Q925N1	1	1
OtO	Q6P4A8	Q8VCI0	1	1
OtO	Q6P4E1	Q6P2L7	1	1
OtO	Q6P4F1	Q5F2L2	1	1
OtO	Q6P4F2	Q9CPW2	1	1
OtO	Q6P4F7	Q80Y19	1	1
OtO	Q6P4H8	Q9D1Z3	1	1
OtO	Q6P4I2	Q9CWR1	1	1
OtO	Q6P4Q7	Q69ZF7	1	1
OtO	Q6P4R8	Q6PIJ4	1	1
OtO	Q6P531	Q6PDE7	1	1
OtO	Q6P587	Q8R0F8	1	1
OtO	Q6P589	Q9D8Y7	24	1
OtO	Q6P597	Q91W40	1	1
OtO	Q6P5Q4	Q3UHZ5	1	1
OtO	Q6P5R6	Q9D7S7	1	1
OtO	Q6P5S2	Q8C6C9	1	1
OtO	Q6P5S7	Q8K3C0	35	1
OtO	Q6P5W5	Q78IQ7	1	1
OtO	Q6P5X5	Q3U595	1	1
OtO	Q6P5X7	Q149F5	1	1
OtO	Q6P5Z2	Q8K045	1	1
OtO	Q6P656	Q6P8Y0	1	1
OtO	Q6P6B1	Q8K0S2	1	1
OtO	Q6P6B7	A2AS55	1	1
OtO	Q6P6C2	Q3TSG4	1	1
OtO	Q6P7N7	Q9D5K1	1	1
OtO	Q6P988	Q8R116	1	1
OtO	Q6P995	Q14CH0	1	1
OtO	Q6P996	Q99K01	1	1
OtO	Q6P9A2	Q8K1B9	1	1
OtO	Q6P9B6	Q8K0P3	1	1
OtO	Q6P9B9	Q8CHT3	1	1
OtO	Q6P9F0	E9PVD1	1	1
OtO	Q6P9F5	Q3UWA4	1	1
OtO	Q6P9F7	Q5DU41	1	1
OtO	Q6P9G0	Q5NCY3	1	1
OtO	Q6P9G4	Q8C4Q9	1	1
OtO	Q6P9G9	Q8CB76	1	1
OtO	Q6P9H4	Q8BMA3	1	1
OtO	Q6P9H5	Q8K349	31	1
OtO	Q6PCB0	Q8R2Z5	4	1
OtO	Q6PCB5	D3Z0K6	1	1
OtO	Q6PCB6	Q8VCV1	1	1
OtO	Q6PCB7	Q60714	1	1
OtO	Q6PCB8	P21995	1	1
OtO	Q6PCD5	Q8CIK8	1	1
OtO	Q6PCE3	Q8CAA7	1	1
OtO	Q6PCT2	Q6PB97	1	1
OtO	Q6PD62	Q62018	1	1
OtO	Q6PD74	Q8R2R3	1	1
OtO	Q6PEV8	Q8K2D0	1	1
OtO	Q6PEW0	Q7M756	1	1
OtO	Q6PEX3	Q9D7N2	1	1
OtO	Q6PEX7	A2A8T7	1	1
OtO	Q6PEY1	Q9D0N8	1	1
OtO	Q6PEZ8	Q6P3Y9	1	1
OtO	Q6PF05	A6H6E9	1	1
OtO	Q6PF06	Q9D075	1	1
OtO	Q6PF15	Q9CZ49	1	1
OtO	Q6PF18	Q8C5T4	1	1
OtO	Q6PFW1	A2ARP1	1	1
OtO	Q6PGN9	Q9D0P7	1	1
OtO	Q6PGP7	F8VPK0	1	1
OtO	Q6PGQ7	Q8BS90	1	1
OtO	Q6PH81	Q9CR55	1	1
OtO	Q6PH85	Q8BZJ7	1	1
OtO	Q6PHR2	Q3U3Q1	1	1
OtO	Q6PHW0	Q9DCX8	1	1
OtO	Q6PI25	O35089	1	1
OtO	Q6PI26	Q7TMX5	1	1
OtO	Q6PI47	E0CZ26	1	1
OtO	Q6PI48	Q8BIP0	1	1
OtO	Q6PI77	Q6PB60	1	1
OtO	Q6PI78	Q4VAE3	1	1
OtO	Q6PI97	Q80Y73	1	1
OtO	Q6PI98	Q8BHA0	1	1
OtO	Q6PID6	Q9D6K7	1	1
OtO	Q6PID8	Q6PAR0	1	1
OtO	Q6PIF2	Q505B8	7	1
OtO	Q6PIF6	Q99MZ6	1	1
OtO	Q6PII3	Q3U155	1	1
OtO	Q6PII5	Q9DB32	1	1
OtO	Q6PIJ6	Q8BMI0	1	1
OtO	Q6PIL6	Q6PHZ8	1	1
OtO	Q6PIS1	Q60850	1	1
OtO	Q6PIU1	Q8BZN2	1	1
OtO	Q6PIU2	Q8BLF1	1	1
OtO	Q6PIV2	Q3UTB7	1	1
OtO	Q6PIV7	A2ADF7	1	1
OtO	Q6PIW4	Q8BPY9	1	1
OtO	Q6PIY5	E9Q963	1	1
OtO	Q6PIY7	Q91YI6	1	1
OtO	Q6PIZ9	Q3UU67	1	1
OtO	Q6PJ21	Q571F5	1	1
OtO	Q6PJ61	Q8BG80	1	1
OtO	Q6PJ69	Q8BFW4	2	1
OtO	Q6PJF5	Q80WQ6	1	1
OtO	Q6PJG2	E9Q2I4	1	1
OtO	Q6PJG6	Q8C3R1	1	1
OtO	Q6PJG9	Q80XU8	1	1
OtO	Q6PJI9	Q8C0M0	1	1
OtO	Q6PJP8	Q9JIC3	1	1
OtO	Q6PJQ5	Q3UM89	1	1
OtO	Q6PJT7	Q8BJ05	1	1
OtO	Q6PJW8	Q8CBC4	1	1
OtO	Q6PK04	Q8R0K4	1	1
OtO	Q6PK18	Q9D136	1	1
OtO	Q6PKC3	Q8K2W3	1	1
OtO	Q6PKG0	Q6ZQ58	1	1
OtO	Q6PKX4	Q2MHE5	1	1
OtO	Q6PL18	Q8CDM1	2	1
OtO	Q6PL24	Q3UHI4	1	1
OtO	Q6PL45	A0A5F8MPL8	1	1
OtO	Q6PML9	Q5IRJ6	1	1
OtO	Q6PP77	Q5GH68	1	1
OtO	Q6PRD1	E9PY61	1	1
OtO	Q6PUV4	P84086	1	1
OtO	Q6PXP3	P0C6A1	1	1
OtO	Q6Q0C0	Q922B6	1	1
OtO	Q6Q0C1	Q6IS41	1	1
OtO	Q6Q4G3	Q2KHK3	32	1
OtO	Q6Q6R5	Q6Q6R3	1	1
OtO	Q6Q759	Q5S003	1	1
OtO	Q6Q788	Q8C7G5	1	1
OtO	Q6QAJ8	Q8BP07	1	1
OtO	Q6QEF8	Q920M5	1	1
OtO	Q6QHC5	Q8R2F2	1	1
OtO	Q6QHF9	Q8C0L6	1	1
OtO	Q6QHK4	O55208	1	1
OtO	Q6QNK2	Q80T32	1	1
OtO	Q6QNY0	Q5U5M8	1	1
OtO	Q6QNY1	Q9CWG9	1	1
OtO	Q6R327	Q6QI06	1	1
OtO	Q6RFH5	Q8VCG3	1	1
OtO	Q6RI45	A2AHJ4	1	1
OtO	Q6RW13	Q9WVK0	1	1
OtO	Q6S5L8	Q6S5L9	1	1
OtO	Q6S9Z5	Q6V5K9	2	1
OtO	Q6SA08	Q9D411	1	1
OtO	Q6SJ96	Q6SJ95	1557	1
OtO	Q6SPF0	D3YXK1	1	1
OtO	Q6STE5	Q6P9Z1	1	1
OtO	Q6SZW1	Q6PDS3	1	1
OtO	Q6T310	Q6IMB1	1	1
OtO	Q6T311	Q6IMB2	14	1
OtO	Q6T4P5	Q7TPB0	1	1
OtO	Q6T4R5	B9EJX2	1	1
OtO	Q6TCH4	Q6TCG5	1	1
OtO	Q6TCH7	Q6TCG8	1	1
OtO	Q6TDP4	Q6TDP3	1	1
OtO	Q6TDU7	Q6TDU8	1	1
OtO	Q6TFL3	E9Q1U1	1	1
OtO	Q6TFL4	Q8BRG6	1	1
OtO	Q6TGC4	Q8K3V4	1	1
OtO	Q6U736	Q6VZZ7	1	1
OtO	Q6U7Q0	Q8BZ89	1	1
OtO	Q6U841	Q5DTL9	1	1
OtO	Q6UB28	Q9CPW9	1	1
OtO	Q6UB35	Q3V3R1	1	1
OtO	Q6UB98	G5E893	1	1
OtO	Q6UB99	E9Q4F7	1	1
OtO	Q6UDR6	Q9D263	22	1
OtO	Q6UE05	Q6UJB9	1	1
OtO	Q6ULP2	Q80WT5	1	1
OtO	Q6UN15	Q9D824	1	1
OtO	Q6UQ28	Q8VEN2	2448	1
OtO	Q6URK8	Q6IMH0	1	1
OtO	Q6UUV7	Q91X84	1	1
OtO	Q6UUV9	Q68ED7	1	1
OtO	Q6UVJ0	Q80UK7	1	1
OtO	Q6UVK1	Q8VHY0	1	1
OtO	Q6UVM3	D3Z649	1	1
OtO	Q6UVY6	Q9CXI3	1	1
OtO	Q6UW01	Q9JHG0	1	1
OtO	Q6UW02	Q8BKE6	1	1
OtO	Q6UW10	E9PXB6	1	1
OtO	Q6UW49	Q9D5A0	1	1
OtO	Q6UW56	Q6PGD0	1	1
OtO	Q6UW60	P29121	1	1
OtO	Q6UW63	Q9JHP7	1	1
OtO	Q6UW68	Q91XE8	1	1
OtO	Q6UW78	Q8K2T4	1	1
OtO	Q6UW88	Q924X1	1	1
OtO	Q6UWB1	O70394	3	1
OtO	Q6UWB4	Q14BX2	2	1
OtO	Q6UWD8	Q8C708	1	1
OtO	Q6UWE0	Q80ZI6	1	1
OtO	Q6UWE3	Q3UW21	1	1
OtO	Q6UWF3	Q3UU41	1	1
OtO	Q6UWF7	Q52KP5	2	1
OtO	Q6UWF9	Q8BR21	1	1
OtO	Q6UWH4	Q3UPI1	1	1
OtO	Q6UWH6	Q62302	1	1
OtO	Q6UWI2	Q923D3	1	1
OtO	Q6UWI4	Q8QZV2	1	1
OtO	Q6UWJ1	Q8BH01	1	1
OtO	Q6UWJ8	Q9D6W7	1	1
OtO	Q6UWK7	A0A0B4J1N3	1	1
OtO	Q6UWL2	E9Q3H4	1	1
OtO	Q6UWL6	Q7TSU7	1	1
OtO	Q6UWM7	Q8K1F9	1	1
OtO	Q6UWM9	Q8BWQ1	1	1
OtO	Q6UWN0	Q8BVP6	1	1
OtO	Q6UWN5	Q9D7Z7	1	1
OtO	Q6UWN8	Q8BT20	843	1
OtO	Q6UWP2	Q3U0B3	1	1
OtO	Q6UWP7	Q3UN02	1	1
OtO	Q6UWP8	Q8CIT9	1	1
OtO	Q6UWR7	Q8BGN3	1	1
OtO	Q6UWS5	P0DJF2	1	1
OtO	Q6UWT2	Q8K1D8	1	1
OtO	Q6UWT4	Q3V2D2	1	1
OtO	Q6UWU2	Q8VC60	1	1
OtO	Q6UWU4	Q99KU6	1	1
OtO	Q6UWV2	Q3V3F6	1	1
OtO	Q6UWV6	Q3TIW9	1	1
OtO	Q6UWV7	A2A9G7	1	1
OtO	Q6UWW9	P86045	1	1
OtO	Q6UWX4	Q9D2G9	1	1
OtO	Q6UWY0	Q9D2L1	1	1
OtO	Q6UWY2	Q14B24	1	1
OtO	Q6UWY5	Q8BSH2	971	1
OtO	Q6UWZ7	Q8BPZ8	1	1
OtO	Q6UX01	Q9D1E5	1	1
OtO	Q6UX04	Q3TKY6	1	1
OtO	Q6UX06	Q3UZZ4	1	1
OtO	Q6UX07	Q5SS80	1	1
OtO	Q6UX15	Q8C351	1	1
OtO	Q6UX34	Q9CXL7	1	1
OtO	Q6UX39	Q9D3J8	1	1
OtO	Q6UX40	Q9CPV0	1	1
OtO	Q6UX46	Q80UG6	6	1
OtO	Q6UX52	Q9CX63	24	1
OtO	Q6UX53	Q9DD20	1	1
OtO	Q6UX65	Q9CR48	1	1
OtO	Q6UX68	Q5GH66	1	1
OtO	Q6UX71	Q9DC11	1	1
OtO	Q6UX72	Q8VI16	1	1
OtO	Q6UX73	Q3UST5	1	1
OtO	Q6UX82	Q9D7S0	1	1
OtO	Q6UX98	Q6IR37	1	1
OtO	Q6UXA7	Q8BM15	1	1
OtO	Q6UXB0	Q8BWU3	1	1
OtO	Q6UXB2	Q5UW37	1	1
OtO	Q6UXB3	Q9DD23	1	1
OtO	Q6UXB4	Q8BNX1	1	1
OtO	Q6UXB8	Q9ET66	1	1
OtO	Q6UXC1	A2AJA7	3	1
OtO	Q6UXD1	Q9D6B9	1	1
OtO	Q6UXD5	Q4V9Z5	1	1
OtO	Q6UXD7	Q8CE47	1	1
OtO	Q6UXF1	Q8BHE4	1	1
OtO	Q6UXG2	A2AFS3	1	1
OtO	Q6UXG3	Q1ERP8	1	1
OtO	Q6UXG8	Q8BJE2	1	1
OtO	Q6UXH0	Q8R1L8	1	1
OtO	Q6UXH1	Q9CYA0	1	1
OtO	Q6UXH8	Q3MI99	1	1
OtO	Q6UXH9	Q8BU25	1	1
OtO	Q6UXI7	Q8VHI5	1	1
OtO	Q6UXI9	Q91V88	1	1
OtO	Q6UXK2	Q5RKR3	1	1
OtO	Q6UXK5	Q61809	1	1
OtO	Q6UXL0	E9Q9A6	1	1
OtO	Q6UXM1	Q6P1C6	1	1
OtO	Q6UXN2	Q3LRV9	1	1
OtO	Q6UXN7	Q9D4V6	1	1
OtO	Q6UXN8	Q8BRU4	1	1
OtO	Q6UXN9	Q8BFQ4	1	1
OtO	Q6UXP7	D3YUE4	1	1
OtO	Q6UXQ4	A0A5F8MPB3	1	1
OtO	Q6UXT8	J3QPP8	1	1
OtO	Q6UXT9	Q5F2F2	1	1
OtO	Q6UXU4	D3Z7H4	1	1
OtO	Q6UXU6	B7ZWI3	57	1
OtO	Q6UXV0	Q6SJE0	1	1
OtO	Q6UXV1	Q9DA16	1	1
OtO	Q6UXV4	Q78IK4	1	1
OtO	Q6UXX9	Q8BFU0	1	1
OtO	Q6UXY1	Q80Y61	1	1
OtO	Q6UXY8	Q32NZ6	1	1
OtO	Q6UXZ0	Q9D7L8	1	1
OtO	Q6UXZ4	Q8K1S2	1	1
OtO	Q6UY09	Q9D2Z1	1	1
OtO	Q6UY11	Q8K1E3	1	1
OtO	Q6UY14	Q80T21	1	1
OtO	Q6UY18	Q149C3	1	1
OtO	Q6UY27	Q3UW31	1	1
OtO	Q6UYE1	Q8CHZ8	1	1
OtO	Q6V0I7	Q2PZL6	1	1
OtO	Q6V0L0	B2RXA7	1	1
OtO	Q6V1P9	A0A0A6YW72	1	1
OtO	Q6V1X1	Q80YA7	1	1
OtO	Q6V702	Q810M1	1	1
OtO	Q6VAB6	Q3UVC0	1	1
OtO	Q6VMQ6	Q7TT18	1	1
OtO	Q6VN20	Q6VN19	1	1
OtO	Q6VUC0	Q6VUP9	1	1
OtO	Q6VVB1	Q8BR37	1	1
OtO	Q6VVX0	Q6VVW9	1	1
OtO	Q6VY07	Q8K212	1	1
OtO	Q6W0C5	Q8QZY3	16	1
OtO	Q6W2J9	Q8CGN4	1	1
OtO	Q6W3E5	Q3TT99	1	1
OtO	Q6W4X9	Q80T03	1	1
OtO	Q6W5P4	Q8BZP8	1	1
OtO	Q6WBX8	Q6WBX7	1	1
OtO	Q6WCQ1	P97434	1	1
OtO	Q6WKZ4	Q9D620	4969	1
OtO	Q6WN34	Q8VEA6	1	1
OtO	Q6WRI0	Q3V1M1	1	1
OtO	Q6WRX3	A2BFL2	3	1
OtO	Q6X4U4	Q9CQN4	1	1
OtO	Q6X4W1	Q99NF2	1	1
OtO	Q6X784	Q6X786	1	1
OtO	Q6XD76	M0QW46	1	1
OtO	Q6XE24	Q8BWL5	1	1
OtO	Q6XPR3	P97347	1	1
OtO	Q6XQN6	Q8CC86	1	1
OtO	Q6XR72	Q3UVU3	1	1
OtO	Q6XUX3	Q6XUX1	1	1
OtO	Q6XYB7	Q9WUN8	1	1
OtO	Q6XYQ8	Q9R0N4	1	1
OtO	Q6XZB0	F6YQT7	1	1
OtO	Q6XZF7	Q6TXD4	1	1
OtO	Q6Y1H2	Q9D3B1	1	1
OtO	Q6Y288	Q8BHT6	1	1
OtO	Q6Y2X3	Q921R4	1	1
OtO	Q6Y7W6	Q6Y7W8	1	1
OtO	Q6YBV0	Q8CH36	1	1
OtO	Q6YFQ2	Q80ZN9	1	1
OtO	Q6YHK3	Q8R422	1	1
OtO	Q6YHU6	A8C756	1	1
OtO	Q6YI46	Q3U145	1	1
OtO	Q6YN16	Q2TPA8	1	1
OtO	Q6YP21	Q71RI9	1	1
OtO	Q6ZMB0	Q3USF0	5	1
OtO	Q6ZMB5	Q3UFJ6	1	1
OtO	Q6ZMC9	A7E1W8	1	1
OtO	Q6ZMD2	Q9D232	1	1
OtO	Q6ZMG9	Q8C172	1	1
OtO	Q6ZMH5	Q9D856	1	1
OtO	Q6ZMI0	Q3TDD9	1	1
OtO	Q6ZMI3	Q8BMF8	1	1
OtO	Q6ZMJ2	Q8K299	1	1
OtO	Q6ZMJ4	Q8R1R4	1	1
OtO	Q6ZMM2	D3Z689	1	1
OtO	Q6ZMN7	E9PUZ9	1	1
OtO	Q6ZMP0	Q3UTY6	1	1
OtO	Q6ZMQ8	Q80YE4	1	1
OtO	Q6ZMR5	Q3UQ41	7	1
OtO	Q6ZMT1	Q8R1B0	1	1
OtO	Q6ZMT4	Q3UWM4	1	1
OtO	Q6ZMU5	Q1XH17	1	1
OtO	Q6ZMV7	A0A571BF98	17	1
OtO	Q6ZMV9	E9PX57	1	1
OtO	Q6ZMW3	Q5SQM0	1	1
OtO	Q6ZMY3	B1ASB6	1	1
OtO	Q6ZMY6	A0A571BF50	1	1
OtO	Q6ZMZ0	A2A7Q9	1	1
OtO	Q6ZMZ3	Q4FZC9	1	1
OtO	Q6ZN01	Q0ZCJ7	1	1
OtO	Q6ZN04	Q69Z36	1	1
OtO	Q6ZN16	A2AQW0	1	1
OtO	Q6ZN17	Q45KJ6	1	1
OtO	Q6ZN18	Q9Z248	1	1
OtO	Q6ZN28	E9PXX8	1	1
OtO	Q6ZN30	Q8BMQ3	1	1
OtO	Q6ZN32	A0A5F8MPE2	1	1
OtO	Q6ZN44	Q8K1S4	1	1
OtO	Q6ZN54	Q99J78	2	1
OtO	Q6ZN55	Q8BY46	1	1
OtO	Q6ZN57	P08043	1	1
OtO	Q6ZN84	Q9D5W4	1	1
OtO	Q6ZNA4	Q99ML9	1	1
OtO	Q6ZNA5	Q8K385	1	1
OtO	Q6ZNB6	E9Q8I7	1	1
OtO	Q6ZNB7	Q8BS35	1	1
OtO	Q6ZNC4	Q9ERQ3	188	1
OtO	Q6ZNC8	Q8BH98	1	1
OtO	Q6ZNE5	Q8CDJ3	1	1
OtO	Q6ZNE9	Q3TYX8	1	1
OtO	Q6ZNF0	Q8BX37	1	1
OtO	Q6ZNG2	F8VQH7	1	1
OtO	Q6ZNI0	Q3V3K7	28	1
OtO	Q6ZNJ1	Q6ZQA0	1	1
OtO	Q6ZNK6	Q8JZM6	1	1
OtO	Q6ZNL6	Q80UZ0	1	1
OtO	Q6ZNM6	Q9D9I1	2	1
OtO	Q6ZNQ3	Q9D9Q0	1	1
OtO	Q6ZNR0	Q8C581	1	1
OtO	Q6ZNW5	Q3TLS3	1	1
OtO	Q6ZNX1	Q9CZV2	1	1
OtO	Q6ZP01	Q3V089	2	1
OtO	Q6ZP29	Q8C4N4	1	1
OtO	Q6ZP65	A0JNT9	1	1
OtO	Q6ZP80	B2RVY9	1	1
OtO	Q6ZP82	E9Q8Q6	1	1
OtO	Q6ZPD8	A2ADU8	1	1
OtO	Q6ZPD9	Q71B07	1	1
OtO	Q6ZQN5	Q3I5G5	1	1
OtO	Q6ZQN7	Q8BGD4	1	1
OtO	Q6ZQR2	A0A087WRI3	1	1
OtO	Q6ZQW0	Q8R0V5	1	1
OtO	Q6ZQX7	Q810M6	21	1
OtO	Q6ZQY2	Q14BP6	1	1
OtO	Q6ZQY3	Q80WP8	1	1
OtO	Q6ZR08	Q3V0Q1	1	1
OtO	Q6ZR62	Q3URY0	1	1
OtO	Q6ZR85	J3QK56	1	1
OtO	Q6ZRC1	A0A338P719	1	1
OtO	Q6ZRF8	Q3V3A7	1	1
OtO	Q6ZRI0	O55225	1	1
OtO	Q6ZRI6	Q3TEI4	1	1
OtO	Q6ZRI8	B1AUC7	1	1
OtO	Q6ZRK6	Q8CDM4	1	1
OtO	Q6ZRP7	Q3TMX7	1	1
OtO	Q6ZRQ5	B1AUR6	1	1
OtO	Q6ZRR5	Q3TYE7	1	1
OtO	Q6ZRR7	Q8CDN9	1	1
OtO	Q6ZRS2	A0A087WQ44	1	1
OtO	Q6ZRS4	Q14B48	1	1
OtO	Q6ZRV2	Q148V8	1	1
OtO	Q6ZRY4	Q8VC52	1	1
OtO	Q6ZS11	Q80UW3	1	1
OtO	Q6ZS17	Q68FE6	1	1
OtO	Q6ZS30	E9PYP2	1	1
OtO	Q6ZS81	E9Q2M9	1	1
OtO	Q6ZS82	Q148R9	1	1
OtO	Q6ZS86	Q8BX05	1	1
OtO	Q6ZSA7	Q3UY51	1	1
OtO	Q6ZSB9	Q8BXX2	2	1
OtO	Q6ZSC3	Q99J64	1	1
OtO	Q6ZSG1	E9QAU8	1	1
OtO	Q6ZSG2	Q3USH1	1	1
OtO	Q6ZSI9	Q9ER56	1	1
OtO	Q6ZSJ8	B1ARW8	1	1
OtO	Q6ZSJ9	Q3UH99	1	1
OtO	Q6ZSM3	Q8BGC3	1	1
OtO	Q6ZSR9	Q6PIU9	1	1
OtO	Q6ZSS7	Q8CBH5	1	1
OtO	Q6ZSY5	Q9JIG4	1	1
OtO	Q6ZSZ6	Q5DTH5	1	1
OtO	Q6ZT07	Q3UYK3	1	1
OtO	Q6ZT12	Q5U430	1	1
OtO	Q6ZT21	D3Z286	1	1
OtO	Q6ZT52	A2AM80	1	1
OtO	Q6ZT89	Q8BW66	1	1
OtO	Q6ZT98	A4Q9F0	1	1
OtO	Q6ZTA4	Q505D9	1	1
OtO	Q6ZTI6	Q7TS73	11	1
OtO	Q6ZTN6	Q6PD24	1	1
OtO	Q6ZTQ3	Q80UQ2	1	1
OtO	Q6ZTQ4	Q8BL00	1	1
OtO	Q6ZTR5	A0A0G2JEB6	1	1
OtO	Q6ZTR7	Q3V2J0	1	1
OtO	Q6ZTW0	Q99MS8	1	1
OtO	Q6ZTZ1	Q8BIL2	1	1
OtO	Q6ZU15	Q9DA97	1	1
OtO	Q6ZU35	Q5PR69	1	1
OtO	Q6ZU52	D3Z623	1	1
OtO	Q6ZU64	Q3V0B4	1	1
OtO	Q6ZU65	Q80WC1	1	1
OtO	Q6ZU67	P86174	1	1
OtO	Q6ZU80	Q8BI22	1	1
OtO	Q6ZUA9	A0A571BEG0	1	1
OtO	Q6ZUG5	A0A571BDQ7	2	1
OtO	Q6ZUI0	Q8CB49	1	1
OtO	Q6ZUJ4	Q9D9C7	2	1
OtO	Q6ZUJ8	Q9EQ32	1	1
OtO	Q6ZUK4	Q3UP23	1	1
OtO	Q6ZUM4	A2AB59	1	1
OtO	Q6ZUS6	F6V035	1	1
OtO	Q6ZUT1	E9PUQ3	1	1
OtO	Q6ZUT3	A2AD83	1	1
OtO	Q6ZUT6	A3KGF9	1	1
OtO	Q6ZUT9	A2RSQ0	1	1
OtO	Q6ZUX3	Q3TYG6	1	1
OtO	Q6ZUX7	Q8BGA2	1	1
OtO	Q6ZV29	A2AJ88	1	1
OtO	Q6ZV50	D3YU81	1	1
OtO	Q6ZV65	D3YWC7	9	1
OtO	Q6ZV70	Q8CD19	1	1
OtO	Q6ZV73	Q69ZL1	1	1
OtO	Q6ZV89	Q8JZW5	1	1
OtO	Q6ZVC0	Q6PFX7	1	1
OtO	Q6ZVD7	B2RQL2	1	1
OtO	Q6ZVD8	Q8BXA7	1	1
OtO	Q6ZVE7	Q9DCQ3	1	1
OtO	Q6ZVF9	Q8BWS5	1	1
OtO	Q6ZVH7	Q3UYR4	1	1
OtO	Q6ZVK1	Q8BHH9	1	1
OtO	Q6ZVK8	Q3U2V3	1	1
OtO	Q6ZVL6	A0A2R8VKG2	1	1
OtO	Q6ZVM7	Q5SRX1	1	1
OtO	Q6ZVN8	Q7TQ32	1	1
OtO	Q6ZVT0	A4Q9F3	1	1
OtO	Q6ZVT6	Q6P2K3	365	1
OtO	Q6ZVX7	G3X9C2	2	1
OtO	Q6ZVX9	Q6TCG2	1	1
OtO	Q6ZVZ8	Q8VHA6	1	1
OtO	Q6ZW05	B9EKX1	1	1
OtO	Q6ZW13	Q9D4A5	1	1
OtO	Q6ZW31	Q9DBZ9	1	1
OtO	Q6ZW49	Q6NZQ4	1	1
OtO	Q6ZW61	Q5SUD9	1	1
OtO	Q6ZW76	Q9CZK6	1	1
OtO	Q6ZWB6	Q50H33	1	1
OtO	Q6ZWE6	Q8BM47	1	1
OtO	Q6ZWH5	Q3UGM2	1	1
OtO	Q6ZWI9	J3QPR6	1386	1
OtO	Q6ZWJ1	Q9WV89	1	1
OtO	Q6ZWJ8	Q3U492	1	1
OtO	Q6ZWK6	Q8BHM9	1	1
OtO	Q6ZWL3	Q9DBW0	1	1
OtO	Q6ZWT7	Q8R3I2	1	1
OtO	Q6ZXV5	Q8BRH0	1	1
OtO	Q6ZYL4	Q8K2X8	1	1
OtO	Q702N8	O70373	1	1
OtO	Q709C8	Q8BX70	1	1
OtO	Q709F0	Q80XL6	1	1
OtO	Q70CQ1	Q6P9L4	1	1
OtO	Q70CQ2	Q6ZQ93	1	1
OtO	Q70CQ3	Q3UN04	1	1
OtO	Q70CQ4	E9Q6Y8	1	1
OtO	Q70E73	F2Z3U3	1	1
OtO	Q70EK8	P15975	1	1
OtO	Q70EK9	B1AY15	1	1
OtO	Q70EL1	Q8BL06	1	1
OtO	Q70EL2	Q8K387	1	1
OtO	Q70EL3	Q6P8X6	1	1
OtO	Q70EL4	Q8BUM9	1	1
OtO	Q70HW3	Q5U680	1	1
OtO	Q70IA6	Q8VI63	1	1
OtO	Q70IA8	Q8BJG4	1	1
OtO	Q70J99	B2RUP2	1	1
OtO	Q70JA7	Q5DTK1	1	1
OtO	Q70SY1	Q8BH52	1	1
OtO	Q70UQ0	Q9DBZ1	1	1
OtO	Q70YC5	Q8BG89	1	1
OtO	Q70Z35	Q3LAC4	1	1
OtO	Q70Z53	Q8BP78	1	1
OtO	Q711Q0	D3Z1D3	1	1
OtO	Q712K3	Q6ZWZ2	1	1
OtO	Q717R9	Q8R4T1	1	1
OtO	Q719H9	Q5M956	1	1
OtO	Q719I0	Q8N9S3	1	1
OtO	Q71DI3	P84228	1	1
OtO	Q71F23	Q8C4M7	1	1
OtO	Q71F56	Q6JPI3	1	1
OtO	Q71H61	B5TVM2	1	1
OtO	Q71RC2	Q8BWW4	1	1
OtO	Q71RC9	Q8BT42	1	1
OtO	Q71RG4	Q3V209	1	1
OtO	Q71RH2	Q7TNV1	1	1
OtO	Q71RS6	Q8C261	1	1
OtO	Q71SY5	Q8VCB2	1	1
OtO	Q71U36	P68369	1	1
OtO	Q71UI9	Q3THW5	1	1
OtO	Q71UM5	Q6ZWY3	1	1
OtO	Q75N03	Q9JIY2	1	1
OtO	Q75QN2	Q80V86	1	1
OtO	Q75T13	Q3UUQ7	1	1
OtO	Q75V66	Q75UR0	1	1
OtO	Q75VX8	Q6PAJ3	1	1
OtO	Q75WM6	Q8CJI4	3	1
OtO	Q765I0	Q765I1	2	1
OtO	Q765P7	Q6P9S0	1	1
OtO	Q76B58	Q499E0	1	1
OtO	Q76EJ3	Q762D5	1	1
OtO	Q76FK4	Q3UHX0	1	1
OtO	Q76G19	Q9QY39	1	1
OtO	Q76I76	Q5SW75	1	1
OtO	Q76KD6	Q148B6	1	1
OtO	Q76KP1	Q766D5	1	1
OtO	Q76L83	Q8BZ32	1	1
OtO	Q76LX8	Q769J6	2	1
OtO	Q76M96	Q8R2G6	1	1
OtO	Q76MJ5	Q9Z2E3	1	1
OtO	Q76N32	Q8C0D9	1	1
OtO	Q76N89	Q8K4P8	1	1
OtO	Q76NI1	Q0KK55	1	1
OtO	Q7KZ85	Q62383	1	1
OtO	Q7KZF4	Q78PY7	1	1
OtO	Q7KZI7	Q05512	1	1
OtO	Q7KZN9	Q8BJ03	1	1
OtO	Q7L014	Q569Z5	1	1
OtO	Q7L099	Q9D394	1	1
OtO	Q7L0J3	Q9JIS5	1	1
OtO	Q7L0Q8	Q9EQT3	1	1
OtO	Q7L0R7	Q3UHJ8	1	1
OtO	Q7L0X0	Q9DBY4	1	1
OtO	Q7L0X2	D3Z6S9	1	1
OtO	Q7L0Y3	Q3UFY8	1	1
OtO	Q7L190	Q8CCG4	1	1
OtO	Q7L1I2	Q8BG39	1	1
OtO	Q7L1Q6	Q9CQC6	1	1
OtO	Q7L1S5	Q76EC5	1	1
OtO	Q7L1T6	Q3TDX8	1	1
OtO	Q7L1V2	Q8BMQ8	1	1
OtO	Q7L1W4	Q8BGR2	1	1
OtO	Q7L211	Q80UX8	1	1
OtO	Q7L266	Q8C0M9	1	1
OtO	Q7L273	Q80UN1	1	1
OtO	Q7L2E3	Q99PU8	1	1
OtO	Q7L2H7	Q99JX4	1	1
OtO	Q7L2J0	Q8K3A9	1	1
OtO	Q7L2K0	Q6GQV0	1	1
OtO	Q7L2Z9	Q9CPQ5	1	1
OtO	Q7L311	Q6A058	1	1
OtO	Q7L3B6	Q9CZP7	1	1
OtO	Q7L3S4	Q8BJ90	1	1
OtO	Q7L3T8	Q8CFI5	1	1
OtO	Q7L4E1	Q8BK03	1	1
OtO	Q7L4I2	A2RTL5	1	1
OtO	Q7L4P6	Q8C6D4	1	1
OtO	Q7L4S7	Q8K3A6	1	1
OtO	Q7L513	Q920A9	1	1
OtO	Q7L523	Q80X95	1	1
OtO	Q7L576	Q7TMB8	1	1
OtO	Q7L590	Q0VBD2	1	1
OtO	Q7L591	Q9QZK7	1	1
OtO	Q7L592	Q9CWG8	1	1
OtO	Q7L5A3	Q8BR27	1	1
OtO	Q7L5A8	Q5MPP0	1	1
OtO	Q7L5D6	Q9D1H7	1	1
OtO	Q7L5L3	Q99LY2	1	1
OtO	Q7L5N1	O88545	1	1
OtO	Q7L5N7	Q8BYI6	1	1
OtO	Q7L5Y6	Q9D0A0	1	1
OtO	Q7L5Y9	Q4VC33	1	1
OtO	Q7L622	Q5RJY2	1	1
OtO	Q7L775	Q8VEH5	1	1
OtO	Q7L7L0	Q8BFU2	1	1
OtO	Q7L7V1	Q8BZS9	1	1
OtO	Q7L7X3	Q5F2E8	1	1
OtO	Q7L804	G3XA57	1	1
OtO	Q7L8A9	Q8C1W1	1	1
OtO	Q7L8C5	Q9EQT6	1	1
OtO	Q7L8J4	Q99LH9	1	1
OtO	Q7L8L6	Q7TMV3	1	1
OtO	Q7L8S5	Q6IE21	1	1
OtO	Q7L8W6	Q9CQ28	1	1
OtO	Q7L985	Q3URE9	1	1
OtO	Q7L9B9	Q3TGW2	1	1
OtO	Q7L9L4	Q8BPB0	1	1
OtO	Q7LBC6	Q6ZPY7	1	1
OtO	Q7LBE3	Q8BU91	1	1
OtO	Q7LBR1	Q99LU0	2	1
OtO	Q7LC44	Q9WV31	1	1
OtO	Q7LDG7	Q9QUG9	1	1
OtO	Q7LFL8	Q91WA4	1	1
OtO	Q7LFX5	Q91XQ5	1	1
OtO	Q7LG56	Q6PEE3	1	1
OtO	Q7LGA3	Q8R3H7	1	1
OtO	Q7LGC8	O88199	1	1
OtO	Q7M4L6	Q8CG80	145	1
OtO	Q7RTM1	Q80VM9	1	1
OtO	Q7RTN6	Q3UUJ4	1	1
OtO	Q7RTP0	Q8BHK1	1	1
OtO	Q7RTP6	Q8CJ19	1	1
OtO	Q7RTR2	Q5DU56	1	1
OtO	Q7RTR8	Q7M708	7	1
OtO	Q7RTS1	Q9QYC3	1	1
OtO	Q7RTS3	Q9QX98	1	1
OtO	Q7RTS5	Q80UF9	1	1
OtO	Q7RTS6	Q80SX5	1	1
OtO	Q7RTS9	Q8CHY3	1	1
OtO	Q7RTT9	Q8R139	1	1
OtO	Q7RTU0	V9GWT9	1	1
OtO	Q7RTU1	Q9JLR5	1	1
OtO	Q7RTU3	Q6PFG8	1	1
OtO	Q7RTU4	Q5RJB0	2	1
OtO	Q7RTU5	M0QWB7	1	1
OtO	Q7RTU7	Q64124	1	1
OtO	Q7RTV0	P83870	1	1
OtO	Q7RTV3	Q0VDT2	1	1
OtO	Q7RTV5	Q9D1A0	1	1
OtO	Q7RTW8	Q8K561	1	1
OtO	Q7RTX0	Q925D8	1	1
OtO	Q7RTX1	Q99PG6	1	1
OtO	Q7RTX7	Q8BVN3	1	1
OtO	Q7RTX9	Q8K1C7	1	1
OtO	Q7RTY0	Q8CE94	1	1
OtO	Q7RTY1	Q7TM99	1	1
OtO	Q7RTY3	Q8K4I7	1	1
OtO	Q7RTY5	Q14B25	1	1
OtO	Q7RTY8	Q8BIK6	1	1
OtO	Q7RTY9	Q920S2	8	1
OtO	Q7RTZ1	Q7M761	1	1
OtO	Q7Z2D5	Q7TME0	1	1
OtO	Q7Z2E3	Q7TQC5	1	1
OtO	Q7Z2H8	Q8K4D3	1	1
OtO	Q7Z2K6	Q3UVK0	1	1
OtO	Q7Z2K8	Q3UNH4	1	1
OtO	Q7Z2T5	A2RSY6	1	1
OtO	Q7Z2W4	Q3UPF5	1	1
OtO	Q7Z2W7	Q8R4D5	1	1
OtO	Q7Z2W9	Q9D1N9	1	1
OtO	Q7Z2X4	Q3UBG2	1	1
OtO	Q7Z2Y5	Q9R0G8	1	1
OtO	Q7Z2Y8	Q80SU7	1	1
OtO	Q7Z2Z1	Q8BQ33	1	1
OtO	Q7Z2Z2	Q8C0D5	1	1
OtO	Q7Z304	Q8CG85	1	1
OtO	Q7Z309	Q6NZE7	2	1
OtO	Q7Z333	A2AKX3	1	1
OtO	Q7Z340	B2RUI1	2	1
OtO	Q7Z353	Q14B70	1	1
OtO	Q7Z388	A2AJQ3	1	1
OtO	Q7Z392	B2RXC1	1	1
OtO	Q7Z3B0	Q3UTD9	1	1
OtO	Q7Z3B1	Q80Z24	1	1
OtO	Q7Z3B3	Q80TG1	1	1
OtO	Q7Z3B4	Q8BTS4	1	1
OtO	Q7Z3C6	Q68FE2	1	1
OtO	Q7Z3D4	Q99LE3	1	1
OtO	Q7Z3D6	Q8BH86	1	1
OtO	Q7Z3E1	Q8C1B2	1	1
OtO	Q7Z3E2	Q8C9S4	1	1
OtO	Q7Z3E5	Q9D2I5	1	1
OtO	Q7Z3F1	A2AWR3	1	1
OtO	Q7Z3G6	Q80Y24	1	1
OtO	Q7Z3H0	Q8BXP5	2	1
OtO	Q7Z3H4	Q8C8Y5	1	1
OtO	Q7Z3J2	Q8BWQ6	1	1
OtO	Q7Z3K3	Q8BZH4	1	1
OtO	Q7Z3K6	Q3UHF3	1	1
OtO	Q7Z3Q1	Q9DC26	1	1
OtO	Q7Z3S7	Q5RJF7	1	1
OtO	Q7Z3T8	Q80U44	1	1
OtO	Q7Z3U7	Q80TL7	1	1
OtO	Q7Z3V4	Q9ES34	1	1
OtO	Q7Z3Y7	A6BLY7	1	1
OtO	Q7Z3Y8	Q9Z320	1	1
OtO	Q7Z3Y9	Q3TRJ4	1	1
OtO	Q7Z3Z0	Q8VCW2	1	1
OtO	Q7Z3Z2	Q8BRE0	1	1
OtO	Q7Z3Z4	Q8CGT6	1	1
OtO	Q7Z401	E9Q8V6	1	1
OtO	Q7Z402	Q8C428	1	1
OtO	Q7Z403	Q7TN60	1	1
OtO	Q7Z404	Q7TQ65	1	1
OtO	Q7Z406	Q6URW6	1	1
OtO	Q7Z407	Q80T79	1	1
OtO	Q7Z408	V9GX34	1	1
OtO	Q7Z410	P69525	1	1
OtO	Q7Z412	Q8BGI5	1	1
OtO	Q7Z417	Q5F2E7	1	1
OtO	Q7Z418	Q6VV64	1	1
OtO	Q7Z419	Q8BKD6	1	1
OtO	Q7Z422	Q6NXN1	1	1
OtO	Q7Z429	Q9ESF4	1	1
OtO	Q7Z434	Q8VCF0	1	1
OtO	Q7Z442	Q7TN88	1	1
OtO	Q7Z443	Q2EG98	7	1
OtO	Q7Z444	Q7TN89	1	1
OtO	Q7Z449	Q9CX98	1	1
OtO	Q7Z460	Q80TV8	1	1
OtO	Q7Z465	Q99JU7	1	1
OtO	Q7Z478	Q6PGC1	1	1
OtO	Q7Z494	Q7TNH6	1	1
OtO	Q7Z4F1	Q7TQH7	1	1
OtO	Q7Z4G1	Q3V4B5	1	1
OtO	Q7Z4G4	Q9CWH5	1	1
OtO	Q7Z4H3	Q3SXD3	1	1
OtO	Q7Z4H4	Q7TNK8	1	1
OtO	Q7Z4H7	Q6NV99	1	1
OtO	Q7Z4H8	G5E897	1	1
OtO	Q7Z4I7	Q91XD2	1	1
OtO	Q7Z4J2	Q2NKH9	1	1
OtO	Q7Z4K8	Q7TNM2	1	1
OtO	Q7Z4L0	A6H666	3	1
OtO	Q7Z4L5	Q0HA38	1	1
OtO	Q7Z4L9	Q8R1Z4	1	1
OtO	Q7Z4M0	Q9CWH4	1	1
OtO	Q7Z4N2	Q2TV84	1	1
OtO	Q7Z4N8	Q6W3F0	1	1
OtO	Q7Z4P5	P43029	1	1
OtO	Q7Z4Q2	Q8BQM4	1	1
OtO	Q7Z4R8	Q9DAY5	1	1
OtO	Q7Z4S6	Q9QXL2	1	1
OtO	Q7Z4S9	Q9D413	1	1
OtO	Q7Z4T8	Q9D4M9	1	1
OtO	Q7Z4T9	Q8BRC6	1	1
OtO	Q7Z4V0	Q8BFX2	1	1
OtO	Q7Z4V5	Q3UMU9	1	1
OtO	Q7Z4W1	Q91X52	1	1
OtO	Q7Z553	P60755	1	1
OtO	Q7Z569	Q99MP8	1	1
OtO	Q7Z570	A2AKY4	1	1
OtO	Q7Z572	Q8BHW6	3	1
OtO	Q7Z589	Q8BMB0	1	1
OtO	Q7Z591	Q80VW7	1	1
OtO	Q7Z5A4	Q8VIF2	5	1
OtO	Q7Z5A7	Q91WE9	1	1
OtO	Q7Z5A8	Q7TPG6	1	1
OtO	Q7Z5A9	Q7TPG8	1	1
OtO	Q7Z5B4	Q8BPM6	1	1
OtO	Q7Z5G4	Q91W53	1	1
OtO	Q7Z5H3	Q8BL80	1	1
OtO	Q7Z5J4	Q61818	1	1
OtO	Q7Z5J8	A2RT91	1	1
OtO	Q7Z5K2	Q65Z40	1	1
OtO	Q7Z5L0	Q5SXG7	1	1
OtO	Q7Z5L2	Q8BJM3	1	1
OtO	Q7Z5L3	Q8CFR0	1	1
OtO	Q7Z5L4	Q9DAQ9	1	1
OtO	Q7Z5L7	Q7TQ62	1	1
OtO	Q7Z5L9	E9Q1P8	1	1
OtO	Q7Z5M5	Q7TQ69	1	1
OtO	Q7Z5M8	G3UZN6	1	1
OtO	Q7Z5N4	Q3UH53	1	1
OtO	Q7Z5P4	Q8VCR2	7	1
OtO	Q7Z5P9	Q6PZE0	804	1
OtO	Q7Z5Q1	Q812E0	1	1
OtO	Q7Z5Q5	Q7TQ07	1	1
OtO	Q7Z5R6	Q8R5A3	1	1
OtO	Q7Z5S9	Q8VEH0	1	1
OtO	Q7Z5U6	Q9DB94	1	1
OtO	Q7Z5V6	Q148A4	1	1
OtO	Q7Z5W3	Q91YP1	1	1
OtO	Q7Z5Y7	Q8CDD8	1	1
OtO	Q7Z601	Q7TQN9	2	1
OtO	Q7Z602	Q7TQP0	1	1
OtO	Q7Z614	Q9D2Y5	1	1
OtO	Q7Z624	Q3U2J5	1	1
OtO	Q7Z628	Q9Z206	1	1
OtO	Q7Z692	Q3TQ88	1	1
OtO	Q7Z695	Q6NSR3	1	1
OtO	Q7Z698	Q924S7	1	1
OtO	Q7Z699	Q924S8	1	1
OtO	Q7Z6A9	Q7TSA3	1	1
OtO	Q7Z6B0	Q9D8L5	1	1
OtO	Q7Z6B7	Q91Z69	1	1
OtO	Q7Z6E9	P97868	1	1
OtO	Q7Z6G3	Q91ZP9	1	1
OtO	Q7Z6G8	Q8BIZ1	1	1
OtO	Q7Z6I6	Q640N3	1	1
OtO	Q7Z6I8	Q80X32	1	1
OtO	Q7Z6J0	Q69ZI1	1	1
OtO	Q7Z6J2	Q9JJA9	1	1
OtO	Q7Z6J4	Q8BY35	1	1
OtO	Q7Z6J6	Q6P5H6	1	1
OtO	Q7Z6J8	Q8BX13	1	1
OtO	Q7Z6J9	Q8C2A2	1	1
OtO	Q7Z6K3	A0A494B9V8	1	1
OtO	Q7Z6K4	Q91ZA8	1	1
OtO	Q7Z6K5	Q9D0A3	1	1
OtO	Q7Z6L0	E9PUL5	1	1
OtO	Q7Z6L1	Q80VP0	1	1
OtO	Q7Z6M1	Q8VCH5	1	1
OtO	Q7Z6M2	Q8VE08	1	1
OtO	Q7Z6M3	Q3TB92	1	1
OtO	Q7Z6M4	Q8BVN4	1	1
OtO	Q7Z6P3	Q8CB87	1	1
OtO	Q7Z6R9	Q91ZK0	1	1
OtO	Q7Z6V5	Q6P6J0	1	1
OtO	Q7Z6W1	P0C1V4	1	1
OtO	Q7Z6W7	Q9QYI8	1	1
OtO	Q7Z6Z6	Q32LZ8	1	1
OtO	Q7Z6Z7	Q7TMY8	1	1
OtO	Q7Z713	Q569N2	1	1
OtO	Q7Z736	Q8VCE9	1	1
OtO	Q7Z739	Q8BYK6	1	1
OtO	Q7Z745	Q7M6Y6	1	1
OtO	Q7Z769	Q6PGC7	1	1
OtO	Q7Z794	Q6IFZ6	1	1
OtO	Q7Z7A1	A2AL36	1	1
OtO	Q7Z7A3	Q99J10	1	1
OtO	Q7Z7A4	Q8BX57	1	1
OtO	Q7Z7B0	Q9CS72	1	1
OtO	Q7Z7B1	Q8C398	1	1
OtO	Q7Z7B8	Q30KP3	1	1
OtO	Q7Z7C7	P70278	1	1
OtO	Q7Z7C8	Q9EQH4	1	1
OtO	Q7Z7D3	Q7TSP5	1	1
OtO	Q7Z7E8	Q7TSS2	1	1
OtO	Q7Z7F0	Q3TCX3	1	1
OtO	Q7Z7F7	Q9CZ83	1	1
OtO	Q7Z7G1	Q9QZE2	1	1
OtO	Q7Z7G2	Q80WM3	1	1
OtO	Q7Z7G8	Q80TY5	1	1
OtO	Q7Z7H3	B9EKE5	2183	1
OtO	Q7Z7H5	Q8R1V4	1	1
OtO	Q7Z7H8	Q3TBW2	1	1
OtO	Q7Z7J5	Q9CWH0	2	1
OtO	Q7Z7J7	Q5U4E0	1	1
OtO	Q7Z7J9	Q6QWF9	1	1
OtO	Q7Z7K0	Q9CPZ8	1	1
OtO	Q7Z7K2	Q8JZL0	1	1
OtO	Q7Z7K6	Q9CXS4	1	1
OtO	Q7Z7L7	Q80ZJ6	1	1
OtO	Q7Z7L8	Q3UPL5	9714	1
OtO	Q7Z7L9	Q07230	1	1
OtO	Q7Z7M0	P60882	1	1
OtO	Q7Z7M8	Q8R3I9	1	1
OtO	Q7Z7M9	Q8C102	1	1
OtO	Q7Z7N9	Q9CY24	1	1
OtO	Q86SE5	Q8BTF8	1	1
OtO	Q86SE8	Q80W85	1	1
OtO	Q86SE9	Q3UK78	1	1
OtO	Q86SF2	Q80VA0	1	1
OtO	Q86SG2	Q812A3	1	1
OtO	Q86SG6	Q91ZR4	1	1
OtO	Q86SG7	Q3V1I0	1	1
OtO	Q86SH2	Q80SU3	1	1
OtO	Q86SJ2	Q80ZD9	1	1
OtO	Q86SJ6	Q7TMD7	1	1
OtO	Q86SM5	Q91ZB5	2	1
OtO	Q86SM8	Q91ZB7	1	1
OtO	Q86SP6	Q3UVY1	1	1
OtO	Q86SQ0	Q8K1N2	1	1
OtO	Q86SQ3	Q91ZE5	1	1
OtO	Q86SQ4	Q6F3F9	1	1
OtO	Q86SQ6	Q8C4G9	1	1
OtO	Q86SQ7	Q80UF4	1	1
OtO	Q86SQ9	Q99KU1	1	1
OtO	Q86SR1	Q6P9S7	1	1
OtO	Q86SS6	Q9R0N9	1	1
OtO	Q86SU0	Q8CBR1	1	1
OtO	Q86SX3	Q3UK37	1	1
OtO	Q86SX6	Q80Y14	1	1
OtO	Q86SZ2	Q9D289	1	1
OtO	Q86T03	Q3TWL2	1	1
OtO	Q86T13	Q8VCP9	1	1
OtO	Q86T20	Q8R043	1	1
OtO	Q86T24	Q8BN78	1	1
OtO	Q86T26	Q14C59	3	1
OtO	Q86T29	E9QAH2	164	1
OtO	Q86T65	Q80U19	1	1
OtO	Q86T82	Q8C0R0	1	1
OtO	Q86T90	Q6NZK5	1	1
OtO	Q86T96	Q3U827	1	1
OtO	Q86TA1	Q8VE04	1	1
OtO	Q86TB3	Q91ZB0	1	1
OtO	Q86TB9	Q3TC46	1	1
OtO	Q86TC9	Q5DTJ9	1	1
OtO	Q86TD4	Q7TQ48	1	1
OtO	Q86TE4	Q8BGY3	1	1
OtO	Q86TG1	Q91WN2	1	1
OtO	Q86TG7	Q7TN75	3	1
OtO	Q86TH1	Q7TSK7	1	1
OtO	Q86TI0	Q60949	1	1
OtO	Q86TI2	Q8BVG4	1	1
OtO	Q86TI4	D3Z757	1	1
OtO	Q86TL0	Q8BGV9	1	1
OtO	Q86TL2	Q3UF25	1	1
OtO	Q86TM6	Q9DBY1	1	1
OtO	Q86TN4	Q8K3A2	1	1
OtO	Q86TP1	Q8BIW1	1	1
OtO	Q86TS9	Q9D0Y8	1	1
OtO	Q86TU7	Q91WC0	1	1
OtO	Q86TV6	E9Q6P5	1	1
OtO	Q86TW2	Q9D0L4	1	1
OtO	Q86TY3	Q8BT18	1	1
OtO	Q86TZ1	G3UYY4	108	1
OtO	Q86U10	A0JNU3	1	1
OtO	Q86U17	Q8CIE0	1	1
OtO	Q86U28	Q9DCB8	1	1
OtO	Q86U38	Q8BMC4	1	1
OtO	Q86U42	Q8CCS6	1	1
OtO	Q86U44	Q8C3P7	1	1
OtO	Q86U70	P70662	1	1
OtO	Q86U86	Q8BSQ9	1	1
OtO	Q86U90	Q3U5F4	1	1
OtO	Q86UA1	Q8K2Z2	1	1
OtO	Q86UA6	Q9CWY9	1	1
OtO	Q86UB2	Q8CBX9	1	1
OtO	Q86UB9	Q9CYV5	1	1
OtO	Q86UD0	Q9D818	1	1
OtO	Q86UD1	Q8QZR4	1	1
OtO	Q86UD3	Q8BRX9	2	1
OtO	Q86UD4	Q6GQR8	1	1
OtO	Q86UD5	Q5BKR2	1	1
OtO	Q86UE4	Q80WJ7	1	1
OtO	Q86UE6	Q8K377	1	1
OtO	Q86UE8	O55047	1	1
OtO	Q86UF1	Q8R3S2	1	1
OtO	Q86UF4	Q3URK1	1	1
OtO	Q86UK0	E9Q876	1	1
OtO	Q86UK5	Q8K1G2	1	1
OtO	Q86UK7	Q80YR4	1	1
OtO	Q86UL3	Q8K2C8	1	1
OtO	Q86UL8	Q9WVQ1	2	1
OtO	Q86UN2	Q8K0S5	1	1
OtO	Q86UN3	Q7M6Z0	1	1
OtO	Q86UN6	Q3V0I7	4053	1
OtO	Q86UP0	Q6PFX6	1	1
OtO	Q86UP2	Q61595	1	1
OtO	Q86UP3	Q9JJN2	1	1
OtO	Q86UP6	P70412	1	1
OtO	Q86UP9	Q9CTN8	1	1
OtO	Q86UQ4	Q5SSE9	1	1
OtO	Q86UR1	Q8CJ00	1	1
OtO	Q86UR5	Q99NE5	1	1
OtO	Q86US8	P61406	1	1
OtO	Q86UT5	Q99MJ6	2	1
OtO	Q86UT6	Q3TL44	1	1
OtO	Q86UT8	Q4VA36	1	1
OtO	Q86UU0	Q67FY2	1	1
OtO	Q86UU1	Q6PDH0	1	1
OtO	Q86UU5	Q80WJ1	1	1
OtO	Q86UU9	Q99N14	36	1
OtO	Q86UV5	Q3V0C5	1	1
OtO	Q86UW1	Q8R000	1	1
OtO	Q86UW2	Q80WK2	1	1
OtO	Q86UW6	F8VQG7	4	1
OtO	Q86UW7	Q8BYR5	1	1
OtO	Q86UW8	Q80WM4	1	1
OtO	Q86UW9	Q8R3P2	1	1
OtO	Q86UX2	Q8BJD1	1	1
OtO	Q86UX6	Q8QZV4	1	1
OtO	Q86UX7	Q8K1B8	1	1
OtO	Q86UY5	Q8K2P2	1	1
OtO	Q86UY6	Q8VE10	1	1
OtO	Q86UY8	Q3UHB1	1	1
OtO	Q86UZ6	Q8BID6	1	1
OtO	Q86V15	Q9CWL2	1	1
OtO	Q86V20	Q3UEN2	1	1
OtO	Q86V21	Q9D2R0	1	1
OtO	Q86V24	Q8BQS5	1	1
OtO	Q86V25	Q8C5G2	1	1
OtO	Q86V35	Q91ZM8	1	1
OtO	Q86V42	D3Z5V4	1	1
OtO	Q86V48	Q8R4U7	1	1
OtO	Q86V59	Q80VM8	1	1
OtO	Q86V81	O08583	1	1
OtO	Q86V85	Q8BPS4	1	1
OtO	Q86V86	P58750	1	1
OtO	Q86V87	Q80YR2	1	1
OtO	Q86V88	Q9D967	1	1
OtO	Q86VB7	Q2VLH6	1	1
OtO	Q86VD1	Q9WVL5	1	1
OtO	Q86VD7	Q8R0Y8	1	1
OtO	Q86VD9	Q8BTP0	1	1
OtO	Q86VE0	Q8R4U1	1	1
OtO	Q86VE3	Q9D5N8	74	1
OtO	Q86VE9	Q8BHJ6	1	1
OtO	Q86VF2	Q3KNY0	14143	1
OtO	Q86VF7	Q80XB4	1	1
OtO	Q86VG3	Q9CQI4	32	1
OtO	Q86VH2	Q7M6Z4	1	1
OtO	Q86VH4	Q80XG9	1	1
OtO	Q86VH5	Q8BZ81	1	1
OtO	Q86VI1	Q8BI71	1	1
OtO	Q86VI3	F8VQ29	1	1
OtO	Q86VI4	Q91XQ6	1820	1
OtO	Q86VK4	Q8BKX7	1	1
OtO	Q86VM9	Q0P678	1	1
OtO	Q86VN1	Q91XD6	1	1
OtO	Q86VP1	Q3UKC1	1	1
OtO	Q86VP3	Q3V3Q7	2	1
OtO	Q86VP6	Q6ZQ38	1	1
OtO	Q86VQ0	Q80ST9	1	1
OtO	Q86VQ1	Q8K3I9	1	1
OtO	Q86VQ3	Q6P902	1	1
OtO	Q86VQ6	Q99MD6	1	1
OtO	Q86VR2	Q9CQV4	1	1
OtO	Q86VR7	D3YZF7	1	1
OtO	Q86VR8	Q8BQB4	1	1
OtO	Q86VS3	Q9D2K4	1	1
OtO	Q86VS8	Q8BUK6	1	1
OtO	Q86VU5	Q8BIG7	1	1
OtO	Q86VV4	Q6PDH4	1	1
OtO	Q86VV8	Q8R4Y8	1	1
OtO	Q86VW0	Q80UK0	1	1
OtO	Q86VW1	Q497L8	59	1
OtO	Q86VW2	Q9CWR0	1	1
OtO	Q86VX2	Q8BG94	1	1
OtO	Q86VX9	Q6PDG8	1	1
OtO	Q86VY4	Q69ZB3	1	1
OtO	Q86VY9	Q8C817	1	1
OtO	Q86VZ4	Q8CB67	1	1
OtO	Q86VZ5	Q8VCQ6	1	1
OtO	Q86VZ6	Q80ZQ5	1	1
OtO	Q86W24	Q6B966	1	1
OtO	Q86W26	Q8CCN1	1	1
OtO	Q86W33	Q99MU1	1	1
OtO	Q86W34	Q400C8	1	1
OtO	Q86W42	Q5U4D9	1	1
OtO	Q86W47	Q9JIN6	1	1
OtO	Q86W50	Q9CQG2	1	1
OtO	Q86W54	Q6P926	1	1
OtO	Q86W56	O88622	1	1
OtO	Q86W67	Q8CDW1	421	1
OtO	Q86W74	Q8BTZ5	1	1
OtO	Q86W92	Q8C8U0	1	1
OtO	Q86WA6	Q8R164	1	1
OtO	Q86WA8	Q9DBN5	1	1
OtO	Q86WA9	Q80ZD3	1	1
OtO	Q86WB0	Q80YV2	1	1
OtO	Q86WC4	Q8BGT0	1	1
OtO	Q86WC6	Q9D119	1	1
OtO	Q86WD7	Q9D7D2	1	1
OtO	Q86WG3	Q8BHE3	1	1
OtO	Q86WG5	E9PXF8	1	1
OtO	Q86WH2	Q99P51	1	1
OtO	Q86WI0	Q80SV1	1	1
OtO	Q86WI1	Q80ZA4	1	1
OtO	Q86WI3	C3VPR6	1	1
OtO	Q86WJ1	Q9CXF7	1	1
OtO	Q86WK6	Q80ZD8	1	1
OtO	Q86WK7	Q8C2S7	1	1
OtO	Q86WK9	Q80ZE4	1	1
OtO	Q86WN1	Q6PFY1	1	1
OtO	Q86WN2	Q80ZF2	1	1
OtO	Q86WP2	Q6NXH3	1	1
OtO	Q86WQ0	Q3TV70	1	1
OtO	Q86WR0	Q78PG9	1	1
OtO	Q86WR6	Q9D979	1	1
OtO	Q86WR7	Q8C5R2	4	1
OtO	Q86WS3	Q4FZG8	43	1
OtO	Q86WS4	A0A087WRU1	1	1
OtO	Q86WS5	Q3V0Q7	1	1
OtO	Q86WT6	Q80X56	1	1
OtO	Q86WU2	Q7TNG8	1	1
OtO	Q86WV1	Q3UUV5	1	1
OtO	Q86WV5	Q9D7K2	1671	1
OtO	Q86WV6	Q3TBT3	2	1
OtO	Q86WW8	Q99M07	1	1
OtO	Q86WX3	Q8C6B9	1	1
OtO	Q86WZ0	E9Q357	1	1
OtO	Q86X02	A2A6T1	1	1
OtO	Q86X10	Q8BQZ4	1	1
OtO	Q86X19	Q8K0U3	1	1
OtO	Q86X24	Q9D5T7	1	1
OtO	Q86X27	Q9ERD6	1	1
OtO	Q86X29	Q99KG5	1	1
OtO	Q86X40	Q3TX51	1	1
OtO	Q86X45	O88978	1	1
OtO	Q86X52	Q6ZQ11	1	1
OtO	Q86X53	E9PY43	1	1
OtO	Q86X55	Q9WVG6	1	1
OtO	Q86X67	Q8JZU0	1	1
OtO	Q86X76	Q8VDK1	1	1
OtO	Q86X83	Q8BXC6	1	1
OtO	Q86X95	Q9DA19	1	1
OtO	Q86XA0	A2AA28	1	1
OtO	Q86XA9	Q5PRF0	1	1
OtO	Q86XD5	Q3TY60	1	1
OtO	Q86XD8	D3Z3C6	1	1
OtO	Q86XE0	Q80ZJ7	1	1
OtO	Q86XE3	Q9CTY5	1	1
OtO	Q86XE5	Q9DCU9	1	1
OtO	Q86XF7	Q3TXZ1	1	1
OtO	Q86XH1	Q9CUL5	1	1
OtO	Q86XI2	Q6DFV1	1	1
OtO	Q86XI6	Q8C767	1	1
OtO	Q86XI8	Q6DI92	1	1
OtO	Q86XJ0	J3QMI4	1	1
OtO	Q86XJ1	Q3UWW6	1	1
OtO	Q86XK2	Q7TPD1	1	1
OtO	Q86XK3	Q8BP27	76	1
OtO	Q86XK7	Q9D2J4	1	1
OtO	Q86XL3	Q6P1H6	1	1
OtO	Q86XM0	E9Q9F6	2	1
OtO	Q86XN7	Q5PRE5	1	1
OtO	Q86XN8	Q3UE17	1	1
OtO	Q86XP0	Q50L43	2	1
OtO	Q86XP1	D3YXJ0	1	1
OtO	Q86XP3	Q810A7	1	1
OtO	Q86XP6	Q9CQS6	1	1
OtO	Q86XQ3	Q80W99	1	1
OtO	Q86XR2	D3YZB0	1	1
OtO	Q86XR5	Q810F0	1	1
OtO	Q86XR7	Q8BJQ4	1	1
OtO	Q86XR8	Q8CEE0	1	1
OtO	Q86XS8	Q8VEM1	1	1
OtO	Q86XT2	Q810I0	1	1
OtO	Q86XT4	Q810I2	1	1
OtO	Q86XT9	Q9D123	1	1
OtO	Q86XW9	A0A1L1SUL6	1	1
OtO	Q86XX4	Q80T14	1	1
OtO	Q86XZ4	Q8K1N4	1	1
OtO	Q86Y01	Q61010	1	1
OtO	Q86Y07	Q8BN21	1	1
OtO	Q86Y13	Q7TPV2	1	1
OtO	Q86Y22	Q8K4G2	1	1
OtO	Q86Y25	Q571J5	11	1
OtO	Q86Y26	Q8BHP2	1	1
OtO	Q86Y33	D3Z3I0	1	1
OtO	Q86Y34	Q8R0T6	1	1
OtO	Q86Y37	Q8R0X2	1	1
OtO	Q86Y38	Q811B1	1	1
OtO	Q86Y39	Q9D8B4	1	1
OtO	Q86Y46	Q6NXH9	1	1
OtO	Q86Y56	B9EJR8	1	1
OtO	Q86Y78	Q8BPP5	1	1
OtO	Q86Y79	Q8BW00	1	1
OtO	Q86Y82	Q9ER00	1	1
OtO	Q86Y91	Q6PFD6	1	1
OtO	Q86Y97	Q6Q783	1	1
OtO	Q86YA3	Q0VGT4	3	1
OtO	Q86YB7	Q3TLP5	1	1
OtO	Q86YB8	Q8R2E9	1	1
OtO	Q86YC2	Q3U0P1	1	1
OtO	Q86YC3	Q8BMT4	1	1
OtO	Q86YD1	Q91VU8	1	1
OtO	Q86YD3	Q9DCF1	1	1
OtO	Q86YD5	A2AR95	1	1
OtO	Q86YF9	Q8BMD2	1	1
OtO	Q86YH2	Q505F4	3	1
OtO	Q86YH6	Q33DR3	1	1
OtO	Q86YI8	Q8K2W6	1	1
OtO	Q86YJ5	Q3TZ87	1	1
OtO	Q86YJ6	Q80W22	1	1
OtO	Q86YJ7	Q5F259	1	1
OtO	Q86YL5	Q8C5P7	6	1
OtO	Q86YL7	Q62011	1	1
OtO	Q86YM7	Q9Z2Y3	1	1
OtO	Q86YN1	Q9JMF7	1	1
OtO	Q86YN6	Q8VHJ7	1	1
OtO	Q86YP4	Q8CHY6	1	1
OtO	Q86YQ8	Q9DC53	1	1
OtO	Q86YR5	Q6IR34	1	1
OtO	Q86YS3	Q8BQP8	1	1
OtO	Q86YS6	Q8CG50	1	1
OtO	Q86YS7	Q7TPS5	1	1
OtO	Q86YT5	Q67BT3	2	1
OtO	Q86YT6	Q80SY4	1	1
OtO	Q86YT9	Q80UL9	1	1
OtO	Q86YV0	Q8C2K5	1	1
OtO	Q86YV5	Q571I4	1	1
OtO	Q86YV6	Q5SUV5	1	1
OtO	Q86YV9	Q8BLY7	1	1
OtO	Q86YW0	Q8K4D7	1	1
OtO	Q86YW5	Q8K558	1	1
OtO	Q86YW7	Q812B2	1	1
OtO	Q86YW9	Q8BQM9	1	1
OtO	Q86Z02	O88904	1	1
OtO	Q86Z14	Q99N32	1	1
OtO	Q86Z20	Q5U465	1	1
OtO	Q86Z23	Q4ZJM9	1	1
OtO	Q8HWS3	Q8C7R7	1	1
OtO	Q8IU57	Q8CGK5	1	1
OtO	Q8IU60	Q9CYC6	1	1
OtO	Q8IU68	Q7TN58	1	1
OtO	Q8IU80	Q9DBI0	1	1
OtO	Q8IU81	Q8R3Y8	1	1
OtO	Q8IU85	Q8BW96	1	1
OtO	Q8IU89	Q1A3B0	1	1
OtO	Q8IU99	D3Z291	1	1
OtO	Q8IUA0	Q4KUS1	2	1
OtO	Q8IUA7	Q8K449	1	1
OtO	Q8IUB2	Q14AE4	1	1
OtO	Q8IUB5	Q5DQQ6	2	1
OtO	Q8IUC1	E9Q2E9	1	1
OtO	Q8IUC2	O08633	1	1
OtO	Q8IUC3	Q9D3I6	1	1
OtO	Q8IUC4	Q8BWR8	1	1
OtO	Q8IUC6	Q80UF7	1	1
OtO	Q8IUC8	Q8CF93	1	1
OtO	Q8IUD2	Q99MI1	1	1
OtO	Q8IUD6	Q9CWS1	1	1
OtO	Q8IUE6	Q64522	1	1
OtO	Q8IUF8	Q8CD15	1	1
OtO	Q8IUG5	E9PV66	1	1
OtO	Q8IUH2	Q8BGC9	1	1
OtO	Q8IUH3	Q8BHN5	1	1
OtO	Q8IUH4	Q9CWU2	1	1
OtO	Q8IUH5	Q80TN5	1	1
OtO	Q8IUH8	A2A6C4	1	1
OtO	Q8IUI8	Q9Z2L7	1	1
OtO	Q8IUK5	Q91ZV7	1	1
OtO	Q8IUK8	Q8BGU2	1	1
OtO	Q8IUL8	D3Z7H8	1	1
OtO	Q8IUM7	Q8BGD7	1	1
OtO	Q8IUQ0	Q9D4C9	1	1
OtO	Q8IUQ4	P61092	1	1
OtO	Q8IUR0	Q9CQA1	1	1
OtO	Q8IUR5	Q3UV71	1	1
OtO	Q8IUR6	Q8CDG5	1	1
OtO	Q8IUR7	Q9DBR3	1	1
OtO	Q8IUS5	Q6IE26	1	1
OtO	Q8IUW3	Q8BNN1	1	1
OtO	Q8IUW5	Q8K2J7	1	1
OtO	Q8IUX1	Q9D1R1	1	1
OtO	Q8IUX7	Q640N1	1	1
OtO	Q8IUX8	Q9JJZ5	1	1
OtO	Q8IUY3	Q3V3G7	1	1
OtO	Q8IUZ0	Q91YK0	1	1
OtO	Q8IUZ5	Q8R1K4	1	1
OtO	Q8IV01	Q920N7	1	1
OtO	Q8IV03	Q8K2P1	1	1
OtO	Q8IV04	Q8C9V1	1	1
OtO	Q8IV08	O35405	1	1
OtO	Q8IV13	Q5SRT8	1	1
OtO	Q8IV16	Q9D1N2	46	1
OtO	Q8IV20	Q8BZT9	1	1
OtO	Q8IV31	E9PX92	1	1
OtO	Q8IV32	Q8VEG0	1	1
OtO	Q8IV33	Q3UPC7	1	1
OtO	Q8IV35	A0A0N4SUK7	1	1
OtO	Q8IV36	Q8R1F6	1	1
OtO	Q8IV38	Q3TPE9	1	1
OtO	Q8IV42	Q8BP74	1	1
OtO	Q8IV45	Q6R653	1	1
OtO	Q8IV48	Q7TMF2	1	1
OtO	Q8IV50	Q9D7V2	1	1
OtO	Q8IV53	Q8CFK6	1	1
OtO	Q8IV56	Q9D1T5	1	1
OtO	Q8IV61	Q6NZH9	1	1
OtO	Q8IV63	Q8K3G5	1	1
OtO	Q8IV77	Q3UW12	1	1
OtO	Q8IVA1	P12660	1	1
OtO	Q8IVB4	Q8BZ00	1	1
OtO	Q8IVB5	Q8BQ89	1	1
OtO	Q8IVD9	Q8R1N4	1	1
OtO	Q8IVE3	Q8C115	1	1
OtO	Q8IVF2	A0A7N9VR94	1	1
OtO	Q8IVF4	F7ABZ6	1	1
OtO	Q8IVF5	Q6ZPF3	1	1
OtO	Q8IVF7	Q6ZPF4	1	1
OtO	Q8IVG5	Q69Z37	1	1
OtO	Q8IVH2	Q9DBY0	70	1
OtO	Q8IVH4	Q8C7H1	1	1
OtO	Q8IVH8	Q99JP0	1	1
OtO	Q8IVI9	Q6WKZ7	1	1
OtO	Q8IVJ1	Q8BJA2	1	1
OtO	Q8IVL0	Q80TN7	1	1
OtO	Q8IVL5	Q8CG71	1	1
OtO	Q8IVL6	Q8CG70	1	1
OtO	Q8IVM0	Q810U5	1	1
OtO	Q8IVN3	Q99JI1	1	1
OtO	Q8IVN8	Q3UPR9	1	1
OtO	Q8IVP5	Q9DB70	1	1
OtO	Q8IVQ6	Q9D270	1	1
OtO	Q8IVS2	Q8R3F5	1	1
OtO	Q8IVS8	Q8QZY2	1	1
OtO	Q8IVT2	Q9D279	1	1
OtO	Q8IVT5	Q61097	1	1
OtO	Q8IVU1	Q8BQC3	1	1
OtO	Q8IVU3	F2Z461	1	1
OtO	Q8IVU9	Q8CDT7	2	1
OtO	Q8IVV2	C8YR32	1	1
OtO	Q8IVV7	Q9CPY6	812	1
OtO	Q8IVV8	Q9JMG4	1	1
OtO	Q8IVW4	Q8BLF2	1	1
OtO	Q8IVW6	Q9Z1N7	1	1
OtO	Q8IVW8	Q91VM4	1	1
OtO	Q8IVY1	Q9CQM1	1	1
OtO	Q8IW00	T1NXB5	1	1
OtO	Q8IW03	B2RWG3	1	1
OtO	Q8IW19	Q9D842	1	1
OtO	Q8IW35	Q9CZ62	1	1
OtO	Q8IW40	Q9D9P2	6	1
OtO	Q8IW41	O54992	1	1
OtO	Q8IW45	Q9CZ42	1	1
OtO	Q8IW50	Q9D772	1	1
OtO	Q8IW52	Q810B8	1	1
OtO	Q8IW70	Q68FE7	1	1
OtO	Q8IW75	Q7TMF5	1	1
OtO	Q8IW92	Q3UPY5	1	1
OtO	Q8IW93	Q8BWA8	1	1
OtO	Q8IWA0	Q3U821	1	1
OtO	Q8IWA4	Q811U4	1	1
OtO	Q8IWA5	Q8BY89	1	1
OtO	Q8IWA6	Q8C4J0	1	1
OtO	Q8IWB1	Q3TNL8	1	1
OtO	Q8IWB6	Q7M6U3	1	1
OtO	Q8IWB7	E9Q4P1	1	1
OtO	Q8IWB9	Q6ZPJ0	1	1
OtO	Q8IWC1	A2AEY4	1	1
OtO	Q8IWD4	Q6PB51	1	1
OtO	Q8IWD5	Q8R3N2	1	1
OtO	Q8IWE2	Q9D281	1	1
OtO	Q8IWE4	Q8K0V2	1	1
OtO	Q8IWE5	Q80TQ5	1	1
OtO	Q8IWF2	Q3USW5	1	1
OtO	Q8IWF6	Q8BH65	1	1
OtO	Q8IWF9	Q9D4V3	104	1
OtO	Q8IWG1	B2RY71	1	1
OtO	Q8IWI9	A2AWL7	1	1
OtO	Q8IWJ2	Q8CHG3	1	1
OtO	Q8IWK6	Q7TT36	1	1
OtO	Q8IWL3	Q8K3A0	1	1
OtO	Q8IWN7	Q8CGM2	13	1
OtO	Q8IWP9	Q8CEI3	2	1
OtO	Q8IWQ3	Q69Z98	1	1
OtO	Q8IWR0	E9PWW6	1	1
OtO	Q8IWR1	Q922Y2	1	1
OtO	Q8IWS0	Q9D4J7	1	1
OtO	Q8IWT0	Q505B7	1	1
OtO	Q8IWT1	Q7M729	1	1
OtO	Q8IWT3	Q80TT8	1	1
OtO	Q8IWT6	Q80WG5	1	1
OtO	Q8IWU2	Q3TYD6	1	1
OtO	Q8IWU4	Q8BGG0	1	1
OtO	Q8IWU5	Q8CFG0	1	1
OtO	Q8IWU6	Q8K007	1	1
OtO	Q8IWU9	Q8CGV2	1	1
OtO	Q8IWV1	Q8BHB3	1	1
OtO	Q8IWV2	Q69Z26	1	1
OtO	Q8IWV7	O70481	1	1
OtO	Q8IWV8	Q6WKZ8	1	1
OtO	Q8IWW6	Q8C0D4	1	1
OtO	Q8IWW8	Q8R0N6	1	1
OtO	Q8IWX5	Q810K3	1	1
OtO	Q8IWX7	Q8CGY6	1	1
OtO	Q8IWX8	Q8CGZ0	1	1
OtO	Q8IWY4	Q6NZL8	1	1
OtO	Q8IWY9	Q8CC12	1	1
OtO	Q8IWZ3	E9PUR0	1	1
OtO	Q8IWZ5	Q9D2H5	1	1
OtO	Q8IWZ6	Q8K2G4	1	1
OtO	Q8IWZ8	Q8CH02	1	1
OtO	Q8IX01	Q8CH09	1	1
OtO	Q8IX03	Q5SXA9	1	1
OtO	Q8IX04	Q3U1V6	1	1
OtO	Q8IX05	Q9DCG2	1	1
OtO	Q8IX07	O35615	1	1
OtO	Q8IX12	Q8CH18	1	1
OtO	Q8IX15	Q80W88	1	1
OtO	Q8IX18	Q6PE54	1	1
OtO	Q8IX19	Q9D8U6	1	1
OtO	Q8IX21	Q6P9P0	1	1
OtO	Q8IX29	Q9QZM9	1	1
OtO	Q8IX30	Q66PY1	1	1
OtO	Q8IX90	Q8C263	2	1
OtO	Q8IXA5	Q9D9X8	1	1
OtO	Q8IXB1	Q9DC23	1	1
OtO	Q8IXB3	Q8C838	1	1
OtO	Q8IXE1	Q8VFC8	1	1
OtO	Q8IXF0	Q9QZQ0	1	1
OtO	Q8IXH6	Q8CFU8	1	1
OtO	Q8IXH7	Q922L6	1	1
OtO	Q8IXH8	P59862	1	1
OtO	Q8IXI1	Q8JZN7	1	1
OtO	Q8IXI2	Q8BG51	1	1
OtO	Q8IXJ6	Q8VDQ8	1	1
OtO	Q8IXJ9	P59598	1	1
OtO	Q8IXK0	Q9QWH1	1	1
OtO	Q8IXK2	Q8BGT9	1	1
OtO	Q8IXL6	Q5MJS3	1	1
OtO	Q8IXL7	Q8BU85	129	1
OtO	Q8IXM2	Q9DCT6	1	1
OtO	Q8IXM3	Q9CQN7	1	1
OtO	Q8IXM6	Q8VC65	1	1
OtO	Q8IXM7	Q810P2	1	1
OtO	Q8IXN7	Q6PFX8	1	1
OtO	Q8IXP5	Q9D8Q6	1	1
OtO	Q8IXQ3	Q8VCE4	1	1
OtO	Q8IXQ4	Q69ZC8	1	1
OtO	Q8IXQ5	Q8BUL5	1	1
OtO	Q8IXQ6	Q8CAS9	1	1
OtO	Q8IXQ8	Q9D9M4	1	1
OtO	Q8IXQ9	Q80ZM3	1	1
OtO	Q8IXR5	Q24JP3	1	1
OtO	Q8IXR9	Q8CCC3	10	1
OtO	Q8IXS0	Q9D9W6	2	1
OtO	Q8IXS2	Q8VHI7	1	1
OtO	Q8IXS8	Q8C729	1	1
OtO	Q8IXT1	Q6NZG4	1	1
OtO	Q8IXT2	Q8CGW9	1	1
OtO	Q8IXU6	Q7TML3	1	1
OtO	Q8IXV7	Q9D2D9	1	1
OtO	Q8IXW0	Q0VET5	3	1
OtO	Q8IXW5	Q8VC34	1	1
OtO	Q8IXY8	Q9D6D8	1	1
OtO	Q8IXZ2	Q8CHP0	1	1
OtO	Q8IXZ3	Q8BMJ8	1	1
OtO	Q8IY17	Q3TRM4	1	1
OtO	Q8IY18	Q8CG46	1	1
OtO	Q8IY21	E9PZQ1	1	1
OtO	Q8IY22	Q9D486	1	1
OtO	Q8IY26	Q9D4F2	1	1
OtO	Q8IY31	Q61025	1	1
OtO	Q8IY33	Q3TN34	2	1
OtO	Q8IY34	Q8BPX9	1	1
OtO	Q8IY37	Q6NZL1	1	1
OtO	Q8IY42	Q99K99	1	1
OtO	Q8IY45	B8JKV0	1	1
OtO	Q8IY47	G3X9X1	1	1
OtO	Q8IY49	Q8R189	1	1
OtO	Q8IY50	Q1LZI2	1	1
OtO	Q8IY51	Q8BUZ3	1	1
OtO	Q8IY57	Q99LW6	1	1
OtO	Q8IY63	Q9D4H4	1	1
OtO	Q8IY67	Q9CW46	1	1
OtO	Q8IY81	Q9DBE9	1	1
OtO	Q8IY82	Q6V3W6	1	1
OtO	Q8IY84	Q8BHI9	1	1
OtO	Q8IY92	Q6P1D7	1	1
OtO	Q8IY95	Q9CXT7	1	1
OtO	Q8IYA6	Q7TS74	1	1
OtO	Q8IYA7	Q8BIA3	1	1
OtO	Q8IYA8	Q6PDM4	1	1
OtO	Q8IYB1	Q8C525	1	1
OtO	Q8IYB3	Q52KI8	1	1
OtO	Q8IYB4	Q8C437	1	1
OtO	Q8IYB5	Q91VZ6	1	1
OtO	Q8IYB7	Q8CI75	1	1
OtO	Q8IYB8	Q80YD1	1	1
OtO	Q8IYD1	Q149F3	1	1
OtO	Q8IYD2	Q91XA8	1	1
OtO	Q8IYD8	Q8BGE5	2	1
OtO	Q8IYD9	Q8CB14	1	1
OtO	Q8IYE0	E9Q9F7	1	1
OtO	Q8IYE1	D3YV10	1	1
OtO	Q8IYF3	Q14AT2	1	1
OtO	Q8IYG6	Q8K375	1	1
OtO	Q8IYH5	Q6KAQ7	1	1
OtO	Q8IYI0	Q9D112	5	1
OtO	Q8IYI6	Q6PGF7	1	1
OtO	Q8IYJ0	Q6P1B3	1	1
OtO	Q8IYJ1	Q1RLL3	1	1
OtO	Q8IYJ2	Q8CET2	1	1
OtO	Q8IYJ3	Q99N80	1	1
OtO	Q8IYK2	Q9D4K7	1	1
OtO	Q8IYK4	Q6NVG7	1	1
OtO	Q8IYK8	Q8VEL9	1	1
OtO	Q8IYL2	Q9D2Q2	1	1
OtO	Q8IYL3	Q80WR5	1	1
OtO	Q8IYL9	Q61038	1	1
OtO	Q8IYM0	D3Z420	1	1
OtO	Q8IYM1	A0A2R8VJU7	1	1
OtO	Q8IYN2	Q9CZY2	1	1
OtO	Q8IYN6	Q8BQH4	1	1
OtO	Q8IYP2	Q8BW11	1	1
OtO	Q8IYP9	Q5Y5T3	1	1
OtO	Q8IYQ7	Q8BH55	1	1
OtO	Q8IYR0	Q6PE87	1	1
OtO	Q8IYR2	Q8BTK5	1	1
OtO	Q8IYR6	Q6PFE7	1	1
OtO	Q8IYS0	Q8CI52	1	1
OtO	Q8IYS1	A3KG59	1	1
OtO	Q8IYS2	Q91X21	1	1
OtO	Q8IYS5	Q8VBT3	1	1
OtO	Q8IYT1	B7XG49	1	1
OtO	Q8IYT2	Q8BWQ4	1	1
OtO	Q8IYT3	D3YXL0	1	1
OtO	Q8IYT4	Q9D3R6	1	1
OtO	Q8IYT8	Q9QY01	1	1
OtO	Q8IYU2	Q3U0D9	1	1
OtO	Q8IYU4	Q14DL0	1	1
OtO	Q8IYU8	Q8CD10	1	1
OtO	Q8IYV9	Q9D9J7	1	1
OtO	Q8IYW2	E9Q2C0	7	1
OtO	Q8IYW4	E9Q1Z2	1	1
OtO	Q8IYW5	Q80XJ2	1	1
OtO	Q8IYX1	Q9D9D3	1	1
OtO	Q8IYX3	Q80X53	2	1
OtO	Q8IYX4	Q6VY05	1	1
OtO	Q8IYX7	B1AXP3	2	1
OtO	Q8IYX8	Q8VDS7	1	1
OtO	Q8IYY4	Q499E4	1	1
OtO	Q8IZ02	Q9DAM1	3	1
OtO	Q8IZ07	Q80UP5	1	1
OtO	Q8IZ08	Q7TQP2	1	1
OtO	Q8IZ20	I7HJS4	1	1
OtO	Q8IZ21	Q501J7	1	1
OtO	Q8IZ40	Q8C796	1	1
OtO	Q8IZ41	Q5RI75	1	1
OtO	Q8IZ52	Q6IQX7	1	1
OtO	Q8IZ57	P97799	1	1
OtO	Q8IZ63	F6TNE3	2	1
OtO	Q8IZ69	Q8BNV1	1	1
OtO	Q8IZ73	Q149F1	1	1
OtO	Q8IZ81	Q8BGF6	1	1
OtO	Q8IZ83	Q571I9	1	1
OtO	Q8IZ96	B7ZP21	3548	1
OtO	Q8IZA0	Q8K135	1	1
OtO	Q8IZA3	Q8VIK3	1	1
OtO	Q8IZC4	Q14B46	1	1
OtO	Q8IZC6	Q5QNQ9	1	1
OtO	Q8IZD0	Q8K070	1	1
OtO	Q8IZD2	Q3UG20	1	1
OtO	Q8IZD4	Q3U564	1	1
OtO	Q8IZD6	Q504N2	1	1
OtO	Q8IZD9	Q8CIQ7	1	1
OtO	Q8IZE3	Q9DBQ7	1	1
OtO	Q8IZF0	Q8BXR5	1	1
OtO	Q8IZF2	G5E8Q8	1	1
OtO	Q8IZF3	Q9D2L6	1	1
OtO	Q8IZF4	Q3V3Z3	1	1
OtO	Q8IZF5	Q58Y75	1	1
OtO	Q8IZF6	B7ZCC9	1	1
OtO	Q8IZF7	E9Q4J9	1	1
OtO	Q8IZH2	P97789	1	1
OtO	Q8IZJ1	Q8K1S3	1	1
OtO	Q8IZJ6	Q8K3F7	128	1
OtO	Q8IZK6	Q8K595	1	1
OtO	Q8IZL2	F6U238	1	1
OtO	Q8IZL8	Q9DBD5	1	1
OtO	Q8IZL9	Q9JHU3	1	1
OtO	Q8IZM8	Q9DAU9	1	1
OtO	Q8IZM9	G3UVW3	1	1
OtO	Q8IZN3	Q8BQQ1	1	1
OtO	Q8IZN7	Q8R2I4	2	1
OtO	Q8IZP0	Q8CBW3	1	1
OtO	Q8IZP7	Q9QYK4	1	1
OtO	Q8IZP9	Q8CJ12	1	1
OtO	Q8IZQ1	Q6VNB8	1	1
OtO	Q8IZQ5	Q3UQA7	1	1
OtO	Q8IZQ8	Q8VIM5	1	1
OtO	Q8IZR5	Q8CJ61	1	1
OtO	Q8IZS5	Q8BGX4	130	1
OtO	Q8IZS6	P11985	1	1
OtO	Q8IZS8	Q9Z1L5	1	1
OtO	Q8IZT6	Q8CJ27	1	1
OtO	Q8IZT8	Q8BSL4	1	1
OtO	Q8IZU2	E9Q271	1	1
OtO	Q8IZU3	P70281	1	1
OtO	Q8IZU8	Q0VBN2	1	1
OtO	Q8IZU9	Q8BR86	1	1
OtO	Q8IZV2	Q9CZR4	1	1
OtO	Q8IZV5	Q8VCH7	1	1
OtO	Q8IZW8	Q8BZ33	1	1
OtO	Q8IZY2	Q91V24	1	1
OtO	Q8J025	Q3U128	1	1
OtO	Q8N0S2	Q9D495	1	1
OtO	Q8N0S6	Q3U3S3	1	1
OtO	Q8N0T1	Q0VG62	1	1
OtO	Q8N0U4	Q7TPD2	1	1
OtO	Q8N0U7	A2AGB2	1	1
OtO	Q8N0U8	Q6TEK5	1	1
OtO	Q8N0V3	Q6P3B9	1	1
OtO	Q8N0V4	Q8K4Z0	1	1
OtO	Q8N0V5	P97402	1	1
OtO	Q8N0W3	Q7TMC8	1	1
OtO	Q8N0W5	E9PUC1	1	1
OtO	Q8N0W7	Q80ZA7	1	1
OtO	Q8N0X2	Q8K450	1	1
OtO	Q8N0X4	Q8R4N0	1	1
OtO	Q8N0X7	Q8R1X6	1	1
OtO	Q8N0Y2	Q3TDV8	1	1
OtO	Q8N0Y5	A2AVB5	1	1
OtO	Q8N0Z2	Q8BUZ1	1	1
OtO	Q8N0Z3	Q8C804	1	1
OtO	Q8N0Z6	Q99LG4	1	1
OtO	Q8N0Z8	A2ADA5	1	1
OtO	Q8N0Z9	D3YX43	1	1
OtO	Q8N100	Q9Z2E5	1	1
OtO	Q8N108	Q5UAK0	1	1
OtO	Q8N111	Q9JKC6	1	1
OtO	Q8N112	A0A571BE98	1	1
OtO	Q8N114	Q9D7I0	1	1
OtO	Q8N118	Q6A152	1	1
OtO	Q8N119	Q8K3F2	1	1
OtO	Q8N122	Q8K4Q0	1	1
OtO	Q8N123	Q3V0P1	21	1
OtO	Q8N126	Q99N28	1	1
OtO	Q8N127	Q7TR55	1	1
OtO	Q8N128	Q8BR63	1	1
OtO	Q8N129	Q8BQ47	1	1
OtO	Q8N130	Q80SU6	1	1
OtO	Q8N131	Q91Z22	1	1
OtO	Q8N135	Q8K1S1	1	1
OtO	Q8N136	D3Z7A5	1	1
OtO	Q8N137	Q8CB62	1	1
OtO	Q8N138	Q9CPZ6	1	1
OtO	Q8N139	Q8K441	3	1
OtO	Q8N140	Q3V124	1	1
OtO	Q8N141	Q6P9Y7	2	1
OtO	Q8N142	P28650	1	1
OtO	Q8N143	O88282	1	1
OtO	Q8N144	Q91YD1	1	1
OtO	Q8N145	Q8K406	1	1
OtO	Q8N157	Q8K3E5	1	1
OtO	Q8N158	Q8BKV1	1	1
OtO	Q8N159	Q8R4H7	1	1
OtO	Q8N163	Q8VDP4	1	1
OtO	Q8N165	Q8QZR7	1	1
OtO	Q8N183	Q59J78	1	1
OtO	Q8N187	Q8VHI4	1	1
OtO	Q8N196	P70178	1	1
OtO	Q8N1A0	Q8CCX5	1	1
OtO	Q8N1A6	Q8BGN2	1	1
OtO	Q8N1B3	Q8QZR8	1	1
OtO	Q8N1B4	Q8C754	1	1
OtO	Q8N1C3	Q9R0Y8	1	1
OtO	Q8N1D5	Q4KKZ1	1	1
OtO	Q8N1E2	Q9D7Q0	1	1
OtO	Q8N1E6	Q8BID8	1	1
OtO	Q8N1F7	Q8BJ71	1	1
OtO	Q8N1F8	Q3TAA7	1	1
OtO	Q8N1G0	Q9D2D7	1	1
OtO	Q8N1G1	Q7TT28	1	1
OtO	Q8N1G2	Q9DBC3	1	1
OtO	Q8N1G4	Q505F5	1	1
OtO	Q8N1H7	Q9CTN5	1	1
OtO	Q8N1I0	P59764	1	1
OtO	Q8N1K5	Q8BGW0	1	1
OtO	Q8N1L9	Q8R1H8	1	1
OtO	Q8N1M1	Q6H1V1	1	1
OtO	Q8N1N0	P70194	1	1
OtO	Q8N1N4	E9Q0F0	1320	1
OtO	Q8N1P7	A0A2I3BQG2	1	1
OtO	Q8N1Q1	Q9D6N1	1	1
OtO	Q8N1Q8	Q9CQJ0	1	1
OtO	Q8N1S5	Q8BWY7	1	1
OtO	Q8N1T3	Q9D6A1	1	1
OtO	Q8N1V2	Q5F201	1	1
OtO	Q8N1W1	P97433	1	1
OtO	Q8N1W2	Q3U288	1	1
OtO	Q8N201	Q6P4S8	1	1
OtO	Q8N205	Q8CII8	1	1
OtO	Q8N228	Q80VG1	1	1
OtO	Q8N239	A2AI76	1	1
OtO	Q8N257	Q8CGP0	1	1
OtO	Q8N264	Q8C4V1	1	1
OtO	Q8N271	Q3UUY6	1	1
OtO	Q8N283	E9Q9D8	1	1
OtO	Q8N292	Q8CB93	1	1
OtO	Q8N2A8	Q5SWZ9	1	1
OtO	Q8N2C7	Q8BLN6	1	1
OtO	Q8N2E2	Q6DFV8	1	1
OtO	Q8N2F6	Q9D0L7	1	1
OtO	Q8N2G4	Q8BLC3	1	1
OtO	Q8N2G6	B2RVL6	1	1
OtO	Q8N2G8	Q99J23	1	1
OtO	Q8N2H3	Q3U4I7	1	1
OtO	Q8N2H4	Q78S06	1	1
OtO	Q8N2H9	Q8BXR6	1	1
OtO	Q8N2I9	Q7TNL3	1	1
OtO	Q8N2K0	Q99LR1	1	1
OtO	Q8N2K1	Q6P073	1	1
OtO	Q8N2M4	Q9D8N3	1	1
OtO	Q8N2M8	Q8CFC7	1	1
OtO	Q8N2Q7	Q99K10	1	1
OtO	Q8N2R0	Q91ZD1	1	1
OtO	Q8N2R8	Q8BUP8	1	1
OtO	Q8N2U0	Q5F285	1	1
OtO	Q8N2U9	Q80XM9	1	1
OtO	Q8N2W9	Q9JM05	1	1
OtO	Q8N2Y8	Q80U22	1	1
OtO	Q8N2Z9	Q9D084	1	1
OtO	Q8N300	Q99LQ4	1	1
OtO	Q8N302	Q7TN31	1	1
OtO	Q8N307	Q8BUE7	4	1
OtO	Q8N309	Q3V0L5	1	1
OtO	Q8N335	Q3ULJ0	1	1
OtO	Q8N336	Q3V1U8	1	1
OtO	Q8N344	Q3U3N0	1	1
OtO	Q8N350	Q66L44	1	1
OtO	Q8N357	Q8VE96	1	1
OtO	Q8N365	Q3TQ03	1	1
OtO	Q8N370	Q8CGA3	1	1
OtO	Q8N371	Q9CXT6	1	1
OtO	Q8N386	Q8K1T1	1	1
OtO	Q8N387	Q8C6Z1	1	1
OtO	Q8N392	Q8K0Q5	1	1
OtO	Q8N393	Q8BV42	1	1
OtO	Q8N394	Q56A06	1	1
OtO	Q8N398	Q3UR50	1	1
OtO	Q8N3A8	Q3UD82	1	1
OtO	Q8N3C0	E9PZJ8	1	1
OtO	Q8N3C7	Q8CI96	1	1
OtO	Q8N3D4	Q99MS7	1	1
OtO	Q8N3E9	Q8K2J0	1	1
OtO	Q8N3F0	Q8CGA4	1	1
OtO	Q8N3F8	Q8BGT6	1	1
OtO	Q8N3F9	E9Q343	1	1
OtO	Q8N3G9	Q6NXM3	1	1
OtO	Q8N3H0	Q7TPG7	1	1
OtO	Q8N3I7	Q9CZQ9	1	1
OtO	Q8N3J2	Q3U034	1	1
OtO	Q8N3J3	Q32P12	1	1
OtO	Q8N3J5	Q8BXN7	1	1
OtO	Q8N3J6	Q8BLQ9	1	1
OtO	Q8N3J9	Q4VA44	1	1
OtO	Q8N3K9	Q70KF4	1	1
OtO	Q8N3L3	Q8VBT1	1	1
OtO	Q8N3P4	Q0P5W1	1	1
OtO	Q8N3R3	Q66JZ4	1	1
OtO	Q8N3R9	Q9JLB2	1	1
OtO	Q8N3S3	Q8CB19	1	1
OtO	Q8N3T1	Q9D2N8	1	1
OtO	Q8N3T6	Q8CEF9	1	1
OtO	Q8N3U4	O35638	1	1
OtO	Q8N3V7	Q8CC35	1	1
OtO	Q8N3X1	Q6ZQ03	1	1
OtO	Q8N3X6	Q3U285	1	1
OtO	Q8N3Y1	Q8BIA4	1	1
OtO	Q8N3Y3	Q5XPT3	1	1
OtO	Q8N3Y7	Q7TQA3	1	1
OtO	Q8N3Z0	Q8C0F9	1	1
OtO	Q8N3Z3	Q9CY28	1	1
OtO	Q8N3Z6	B1AX39	1	1
OtO	Q8N412	Q8C8J0	1	1
OtO	Q8N413	Q8CFJ7	1	1
OtO	Q8N414	D3YZI9	1	1
OtO	Q8N427	Q715T0	1	1
OtO	Q8N428	Q9JJ61	1	1
OtO	Q8N431	Q9D300	1	1
OtO	Q8N434	Q6PDF3	1	1
OtO	Q8N436	Q9D2L5	1	1
OtO	Q8N441	Q91V87	1	1
OtO	Q8N442	Q8C3X4	1	1
OtO	Q8N443	Q9D0B8	1	1
OtO	Q8N448	Q91XL2	1	1
OtO	Q8N456	Q9CQ07	1	1
OtO	Q8N461	A2RT62	1	1
OtO	Q8N465	Q8CIM3	1	1
OtO	Q8N468	Q6PDC8	1	1
OtO	Q8N474	Q8C4U3	1	1
OtO	Q8N475	Q8BFR2	1	1
OtO	Q8N485	Q6P566	1	1
OtO	Q8N488	Q8CCI5	1	1
OtO	Q8N490	Q69ZP3	1	1
OtO	Q8N4A0	O08832	1	1
OtO	Q8N4B1	Q8BH49	91	1
OtO	Q8N4B4	Q5NBU5	1	1
OtO	Q8N4B5	Q6PAN7	5	1
OtO	Q8N4C6	Q61043	1	1
OtO	Q8N4C7	Q8R1Q0	1	1
OtO	Q8N4C8	Q9JM52	1	1
OtO	Q8N4C9	Q5QR91	1	1
OtO	Q8N4E4	Q78Y63	1	1
OtO	Q8N4E7	Q9D5H4	1	1
OtO	Q8N4F0	Q8C1E1	1	1
OtO	Q8N4G2	Q3SXC5	1	1
OtO	Q8N4H0	B2RV46	4669	1
OtO	Q8N4H5	B1AXP6	1	1
OtO	Q8N4J0	Q80UY1	1	1
OtO	Q8N4K4	Q3URD2	1	1
OtO	Q8N4L1	Q6GQT5	1	1
OtO	Q8N4L2	Q9CZX7	1	1
OtO	Q8N4L4	Q5F289	1	1
OtO	Q8N4M1	Q921V7	1	1
OtO	Q8N4N3	Q8R124	1	1
OtO	Q8N4N8	Q8C0N1	1	1
OtO	Q8N4P3	Q9D114	1	1
OtO	Q8N4P6	Q9D3W5	1	1
OtO	Q8N4Q0	Q8BGC4	1	1
OtO	Q8N4Q1	Q8VEA4	1	1
OtO	Q8N4S0	Q6PG04	1	1
OtO	Q8N4S7	Q9JJE4	1	1
OtO	Q8N4S9	Q3UZP0	1	1
OtO	Q8N4T0	Q5U901	1	1
OtO	Q8N4T4	Q66JY6	1	1
OtO	Q8N4T8	Q91VT4	1	1
OtO	Q8N4U5	Q8K1H7	1	1
OtO	Q8N4V1	Q8K273	1	1
OtO	Q8N4V2	Q8BFT9	1	1
OtO	Q8N4W6	Q8CHS2	1	1
OtO	Q8N4X5	Q5DTU0	1	1
OtO	Q8N4Y2	Q80ZJ8	1	1
OtO	Q8N4Z0	Q0PD08	1	1
OtO	Q8N511	Q5SYH2	1	1
OtO	Q8N531	Q9QXW0	1	1
OtO	Q8N539	A2AV25	1	1
OtO	Q8N543	Q3U0K8	1	1
OtO	Q8N554	Q8CE64	1	1
OtO	Q8N556	Q80YS6	1	1
OtO	Q8N565	Q6NVG5	1	1
OtO	Q8N567	Q8R1J3	1	1
OtO	Q8N568	Q6PGN3	1	1
OtO	Q8N573	Q4KMM3	2	1
OtO	Q8N584	Q8VE09	1	1
OtO	Q8N594	Q3TV65	1	1
OtO	Q8N5A5	Q8VDM1	1	1
OtO	Q8N5B7	Q9D6K9	2	1
OtO	Q8N5C1	Q8R100	1	1
OtO	Q8N5C6	Q497V5	1	1
OtO	Q8N5C7	Q9D8U7	1	1
OtO	Q8N5C8	Q571K4	1	1
OtO	Q8N5D0	Q80ZK9	1	1
OtO	Q8N5D6	Q8VI38	1	1
OtO	Q8N5G0	D3Z7Q2	1	1
OtO	Q8N5G2	Q7TQE6	1	1
OtO	Q8N5H3	Q9QUI1	1	1
OtO	Q8N5H7	Q9QZS8	1	1
OtO	Q8N5I2	Q99KN1	1	1
OtO	Q8N5I3	Q2TUM3	1	1
OtO	Q8N5I4	Q8VBZ0	709	1
OtO	Q8N5I9	Q9CX66	1	1
OtO	Q8N5J2	Q76LS9	1	1
OtO	Q8N5J4	Q6P3D7	1	1
OtO	Q8N5K1	Q9CQB5	1	1
OtO	Q8N5L8	Q99JH1	1	1
OtO	Q8N5M1	Q91YY4	1	1
OtO	Q8N5M4	Q810A3	1	1
OtO	Q8N5M9	Q5XKN4	1	1
OtO	Q8N5N4	Q8C5S3	51	1
OtO	Q8N5N7	Q8VDT9	1	1
OtO	Q8N5P1	Q9JJ48	1	1
OtO	Q8N5Q1	L7N480	5	1
OtO	Q8N5R6	Q3ULW6	1	1
OtO	Q8N5S1	Q8BVN7	1	1
OtO	Q8N5S3	Q5SPV6	1	1
OtO	Q8N5S9	Q8VBY2	1	1
OtO	Q8N5T2	Q8VDV7	1	1
OtO	Q8N5U0	D3YVJ1	1	1
OtO	Q8N5U1	Q3UPL6	2	1
OtO	Q8N5U6	Q3UIW5	1	1
OtO	Q8N5V2	Q8CHT1	1	1
OtO	Q8N5W9	Q5SVD0	1	1
OtO	Q8N5X7	Q9DBB5	1	1
OtO	Q8N5Y2	Q9WVG9	1	1
OtO	Q8N5Y8	Q7TMM8	1	1
OtO	Q8N5Z0	Q9WVM8	1	1
OtO	Q8N5Z5	E0CYQ0	1	1
OtO	Q8N608	Q6NXK7	1	1
OtO	Q8N609	Q8QZR0	1	1
OtO	Q8N612	Q3U2I3	1	1
OtO	Q8N635	Q9D513	1	1
OtO	Q8N653	Q9CQ33	1	1
OtO	Q8N661	Q497J1	1	1
OtO	Q8N668	Q8K4M5	1	1
OtO	Q8N680	Q3V3W4	1	1
OtO	Q8N682	Q9DC58	1	1
OtO	Q8N684	Q8BTV2	1	1
OtO	Q8N687	Q30KN7	1	1
OtO	Q8N688	Q8K3U4	1	1
OtO	Q8N690	Q8K3I8	1	1
OtO	Q8N695	Q8BYF6	1	1
OtO	Q8N697	Q91W98	1	1
OtO	Q8N699	Q8R411	1	1
OtO	Q8N6C5	Q7TQA1	1	1
OtO	Q8N6D2	Q8C432	1	1
OtO	Q8N6D5	D3YVV3	1	1
OtO	Q8N6F1	Q9ET38	1	1
OtO	Q8N6F7	Q6RFH4	1	1
OtO	Q8N6F8	Q8BGM4	8	1
OtO	Q8N6G2	Q0VB26	1	1
OtO	Q8N6G5	Q8C1F4	1	1
OtO	Q8N6G6	Q8BLI0	1	1
OtO	Q8N6H7	Q99K28	1	1
OtO	Q8N6I1	Q6X7S9	1	1
OtO	Q8N6I4	Q8BH26	1	1
OtO	Q8N6K0	Q9DA77	57	1
OtO	Q8N6K7	Q8C4H2	1	1
OtO	Q8N6L0	Q80VJ8	1	1
OtO	Q8N6L1	Q5RL79	1	1
OtO	Q8N6L7	Q8C353	1	1
OtO	Q8N6M0	Q8K2H2	1	1
OtO	Q8N6M3	P59266	1	1
OtO	Q8N6M5	Q9JHX6	1	1
OtO	Q8N6M6	Q8BXQ6	1	1
OtO	Q8N6M8	Q9D9K8	1	1
OtO	Q8N6M9	Q9JII7	1	1
OtO	Q8N6N2	Q9D6E4	1	1
OtO	Q8N6N3	Q9CWU4	1	1
OtO	Q8N6N6	Q9DBW3	1	1
OtO	Q8N6N7	Q9D258	1	1
OtO	Q8N6P7	Q80XZ4	1	1
OtO	Q8N6Q1	Q9D9D5	1	1
OtO	Q8N6Q3	Q8R2S8	5	1
OtO	Q8N6Q8	Q6NXH8	1	1
OtO	Q8N6R0	Q91YR5	1	1
OtO	Q8N6R1	Q6TAW2	1	1
OtO	Q8N6S4	Q3UX43	1	1
OtO	Q8N6S5	Q8BH07	1	1
OtO	Q8N6T0	J3QMY9	21	1
OtO	Q8N6T3	Q9EPJ9	1	1
OtO	Q8N6T7	P59941	1	1
OtO	Q8N6U8	B2RPY5	1	1
OtO	Q8N6V4	Q3KNL4	1	1
OtO	Q8N6V9	Q9D845	1	1
OtO	Q8N6W0	A0A5F8MPH2	1	1
OtO	Q8N6Y0	Q8R370	1	1
OtO	Q8N6Y1	Q8BIZ0	1	1
OtO	Q8N6Y2	Q9CXD9	1	1
OtO	Q8N715	Q3V118	1	1
OtO	Q8N720	Q9CZP3	1	1
OtO	Q8N729	F7B5D6	1	1
OtO	Q8N755	Q8C6U2	1	1
OtO	Q8N766	Q8C7X2	1	1
OtO	Q8N7A1	Q80YG3	1	1
OtO	Q8N7B1	Q5SQP1	1	1
OtO	Q8N7B6	Q9D3X5	1	1
OtO	Q8N7C0	Q5M8M9	1	1
OtO	Q8N7C3	E9PW10	1	1
OtO	Q8N7C4	Q14AF1	1	1
OtO	Q8N7C7	G3X9R7	1	1
OtO	Q8N7F7	Q9CQ84	1	1
OtO	Q8N7G0	Q9DAC9	1	1
OtO	Q8N7H5	Q8K2T8	1	1
OtO	Q8N7J2	Q8CCJ4	1	1
OtO	Q8N7L0	Q8CC14	1	1
OtO	Q8N7M0	Q9D5I4	1	1
OtO	Q8N7P1	Q3UNN8	1	1
OtO	Q8N7R1	A0A1B0GSJ4	4	1
OtO	Q8N7R7	D3YUJ3	1	1
OtO	Q8N7S2	Q8C632	4	1
OtO	Q8N7U6	Q8CDU5	1	1
OtO	Q8N7W2	Q8BSV3	1	1
OtO	Q8N7X0	G3UZ78	1	1
OtO	Q8N7X2	A2RSX4	175	1
OtO	Q8N7X8	A2RSL7	797	1
OtO	Q8N7Z5	A0A140LI88	1	1
OtO	Q8N801	Q9DAG5	1	1
OtO	Q8N806	Q8BU04	1	1
OtO	Q8N807	Q9DAN1	1	1
OtO	Q8N815	Q9D995	1	1
OtO	Q8N819	Q8BGL1	1	1
OtO	Q8N841	A4Q9E8	1	1
OtO	Q8N865	Q9D5Y0	1	1
OtO	Q8N884	Q8C6L5	1	1
OtO	Q8N895	Q6NS86	1	1
OtO	Q8N8A2	B2RXR6	1	1
OtO	Q8N8A6	Q6P9R1	1	1
OtO	Q8N8A8	Q8CHT6	1	1
OtO	Q8N8B7	Q3US16	1	1
OtO	Q8N8D1	Q9WTY1	1	1
OtO	Q8N8D7	Q3URJ8	1	1
OtO	Q8N8E2	Q6PD29	1	1
OtO	Q8N8E3	Q5PR68	1	1
OtO	Q8N8F6	Q9JIM5	2	1
OtO	Q8N8F7	Q3UQS2	1	1
OtO	Q8N8G2	Q8BGW8	1	1
OtO	Q8N8I0	Q0VE29	1	1
OtO	Q8N8J7	Q9CZL2	1	1
OtO	Q8N8K9	Q8C4P0	1	1
OtO	Q8N8L6	Q9QXJ4	1	1
OtO	Q8N8N0	Q8BG47	1	1
OtO	Q8N8N7	Q8VDQ1	1	1
OtO	Q8N8Q1	A2AE42	1	1
OtO	Q8N8Q3	Q8C9A2	1	1
OtO	Q8N8Q8	Q8VC74	1	1
OtO	Q8N8Q9	Q9JJC8	1	1
OtO	Q8N8R3	Q8BL03	1	1
OtO	Q8N8R5	Q9D9H8	1	1
OtO	Q8N8R7	Q8BIX3	1	1
OtO	Q8N8S7	Q03173	333	1
OtO	Q8N8U2	Q9D5D8	1	1
OtO	Q8N8U3	Q6P1Y1	1	1
OtO	Q8N8U9	Q8CJ69	1	1
OtO	Q8N8V4	Q8K3X6	1	1
OtO	Q8N8W4	Q3V1D5	1	1
OtO	Q8N8X9	Q8CI17	1	1
OtO	Q8N8Y2	Q80SY3	1	1
OtO	Q8N8Y5	Q02526	7	1
OtO	Q8N8Z6	Q9D4J3	2	1
OtO	Q8N907	Q76LW6	1	1
OtO	Q8N912	Q8BNX7	1	1
OtO	Q8N944	Q6NS69	2	1
OtO	Q8N945	Q0VBB0	1	1
OtO	Q8N954	Q3UFS4	1	1
OtO	Q8N957	A0A571BF63	1	1
OtO	Q8N960	Q7TSG1	1	1
OtO	Q8N961	Q7TQI7	1	1
OtO	Q8N966	A0PK84	1	1
OtO	Q8N967	Q8BGX3	1	1
OtO	Q8N983	Q99N89	1	1
OtO	Q8N987	Q8BG18	1	1
OtO	Q8N998	Q9DA73	1	1
OtO	Q8N999	Q8BHN7	1	1
OtO	Q8N9A8	Q3UJ81	1	1
OtO	Q8N9B4	Q3V096	1	1
OtO	Q8N9B5	Q9QXM1	1	1
OtO	Q8N9B8	A0A0N4SVF2	1	1
OtO	Q8N9F0	Q3UGX3	1	1
OtO	Q8N9F7	Q9CRY7	1	1
OtO	Q8N9F8	Q80Y34	1	1
OtO	Q8N9H9	B1ARY8	1	1
OtO	Q8N9I0	P46097	1	1
OtO	Q8N9I5	Q80UG1	1	1
OtO	Q8N9I9	Q80V91	1	1
OtO	Q8N9L1	Q61467	1	1
OtO	Q8N9L9	Q8BWN8	3	1
OtO	Q8N9M1	Q8R3Y5	1	1
OtO	Q8N9M5	Q3UPR7	1	1
OtO	Q8N9N2	Q9D8Z1	246	1
OtO	Q8N9N5	Q8VBU8	1	1
OtO	Q8N9N7	Q9D1G5	1	1
OtO	Q8N9N8	Q3THJ3	1	1
OtO	Q8N9Q2	Q4V9W2	1	1
OtO	Q8N9R6	Q9DA64	7	1
OtO	Q8N9R8	Q8C8N2	1	1
OtO	Q8N9S9	Q6P8Y7	1	1
OtO	Q8N9T8	Q8VDQ9	1	1
OtO	Q8N9U0	Q91XT6	1	1
OtO	Q8N9V2	Q8BVP1	1	1
OtO	Q8N9V3	Q9D0I6	1	1
OtO	Q8N9V6	Q3V0J4	1	1
OtO	Q8N9V7	E5FYH1	1	1
OtO	Q8N9W5	Q3UYV8	1	1
OtO	Q8N9W6	Q924M5	1	1
OtO	Q8N9W8	D3YV92	1	1
OtO	Q8N9Y4	J3QNB7	1	1
OtO	Q8N9Z2	E9Q4T4	1	1
OtO	Q8N9Z9	Q9D4C1	1	1
OtO	Q8NA03	Q9D3V5	1	1
OtO	Q8NA19	B1B1A0	1	1
OtO	Q8NA23	Q9JHB4	1	1
OtO	Q8NA29	Q9DA75	1	1
OtO	Q8NA31	Q8C0V1	1	1
OtO	Q8NA42	A0A087WRR7	1	1
OtO	Q8NA47	Q8CDV6	1	1
OtO	Q8NA54	Q8CDK3	1	1
OtO	Q8NA56	Q80VM3	1	1
OtO	Q8NA57	D3YX67	1	1
OtO	Q8NA58	B2RXZ1	1	1
OtO	Q8NA61	Q32MG2	1	1
OtO	Q8NA69	G3XA23	1	1
OtO	Q8NA72	Q9DBS8	1	1
OtO	Q8NA82	E9PX79	1	1
OtO	Q8NAA4	Q6KAU8	1	1
OtO	Q8NAA5	Q7TSF4	1	1
OtO	Q8NAB2	Q8BHI4	1	1
OtO	Q8NAC3	Q8K4C2	1	1
OtO	Q8NAF0	Q80VM4	1	1
OtO	Q8NAG6	A8VU90	1	1
OtO	Q8NAN2	Q4QQM5	1	1
OtO	Q8NAP3	Q3LR78	1	1
OtO	Q8NAP8	Q8CII0	1	1
OtO	Q8NAT1	Q8BW41	1	1
OtO	Q8NAT2	Q5VCS6	1	1
OtO	Q8NAU1	Q8K4Z2	1	1
OtO	Q8NAV1	Q4FK66	1	1
OtO	Q8NAV2	Q66JV7	1	1
OtO	Q8NAX2	A2A9F4	1	1
OtO	Q8NB12	P97443	1	1
OtO	Q8NB14	Q8BW70	1	1
OtO	Q8NB15	Q6P0X2	1	1
OtO	Q8NB16	Q9D2Y4	1	1
OtO	Q8NB25	E9PW83	1	1
OtO	Q8NB37	Q8BFQ8	1	1
OtO	Q8NB46	Q8BTI7	1	1
OtO	Q8NB49	Q9QZW0	1	1
OtO	Q8NB50	Q8C827	1	1
OtO	Q8NB59	Q7TN84	1	1
OtO	Q8NB66	Q8K0T7	1	1
OtO	Q8NB78	Q8CIG3	1	1
OtO	Q8NB90	Q3UMC0	1	1
OtO	Q8NB91	Q5XJY6	15	1
OtO	Q8NBA8	Q9D0U1	1	1
OtO	Q8NBD8	Q8BFQ2	1	1
OtO	Q8NBE8	Q6GQU2	1	1
OtO	Q8NBF1	Q8K1M4	1	1
OtO	Q8NBF2	Q8BZW8	1	1
OtO	Q8NBF6	Q80U56	1	1
OtO	Q8NBH2	Q8C8H8	1	1
OtO	Q8NBI2	Q6P1H1	1	1
OtO	Q8NBI3	Q6PAL1	1	1
OtO	Q8NBI5	A2AVZ9	1	1
OtO	Q8NBI6	Q3U4G3	1	1
OtO	Q8NBJ4	Q91XA2	1	1
OtO	Q8NBJ5	Q8K297	1	1
OtO	Q8NBJ7	Q8BPG6	1	1
OtO	Q8NBJ9	Q8CIF6	1	1
OtO	Q8NBK3	Q8R0F3	1	1
OtO	Q8NBL1	Q8BYB9	1	1
OtO	Q8NBL3	Q9CZ16	1	1
OtO	Q8NBM4	Q8R1K1	1	1
OtO	Q8NBM8	Q8C7K6	1	1
OtO	Q8NBN3	Q8BXN9	1	1
OtO	Q8NBN7	Q8CEE7	1	1
OtO	Q8NBP0	A0A1L1SSC7	1	1
OtO	Q8NBP5	Q8C0T7	1	1
OtO	Q8NBP7	Q80W65	1	1
OtO	Q8NBQ5	Q9EQ06	1	1
OtO	Q8NBQ7	Q8BHH1	1	1
OtO	Q8NBR0	Q5F267	1	1
OtO	Q8NBR6	Q6PDI6	1	1
OtO	Q8NBS3	A2AJN7	1	1
OtO	Q8NBS9	Q91W90	1	1
OtO	Q8NBT0	Q8JZX3	1	1
OtO	Q8NBT2	Q9D083	1	1
OtO	Q8NBT3	Q8C4U2	762	1
OtO	Q8NBU5	Q9D5T0	1	1
OtO	Q8NBV4	Q91WB2	1	1
OtO	Q8NBV8	Q9R0N6	1	1
OtO	Q8NBW4	Q8BGD6	1	1
OtO	Q8NBX0	Q8R127	1	1
OtO	Q8NBZ0	D3Z3H0	1	1
OtO	Q8NBZ7	Q91XL3	1	1
OtO	Q8NC01	Q8BWY2	1	1
OtO	Q8NC24	Q8BRJ3	1	1
OtO	Q8NC42	Q3U2C5	1	1
OtO	Q8NC44	Q6NS82	1	1
OtO	Q8NC51	Q9CY58	1	1
OtO	Q8NC54	Q8K201	1	1
OtO	Q8NC56	Q6DVA0	1	1
OtO	Q8NC60	Q9JJG9	1	1
OtO	Q8NC67	Q8BNJ6	1	1
OtO	Q8NC69	Q8BNL5	1	1
OtO	Q8NC74	A2ABX0	1	1
OtO	Q8NC96	Q9CR95	1	1
OtO	Q8NCA5	Q3TJZ6	1	1
OtO	Q8NCA9	Q8BI69	1	1
OtO	Q8NCB2	Q3UHL1	1	1
OtO	Q8NCC3	Q8VEB4	1	1
OtO	Q8NCC5	Q3TIT8	1	1
OtO	Q8NCD3	Q6PG16	1	1
OtO	Q8NCE0	Q6P7W5	1	1
OtO	Q8NCE2	Q8VEL2	1	1
OtO	Q8NCF5	O09130	1	1
OtO	Q8NCG5	Q9R1I1	1	1
OtO	Q8NCG7	Q91WC9	1	1
OtO	Q8NCH0	Q80V53	1	1
OtO	Q8NCI6	A2RSQ1	2	1
OtO	Q8NCJ5	E9Q9B3	1	1
OtO	Q8NCK7	Q5NC32	1	1
OtO	Q8NCL4	Q8C7U7	1	1
OtO	Q8NCL8	G3X9M9	1	1
OtO	Q8NCM2	Q920E3	1	1
OtO	Q8NCM8	Q45VK7	1	1
OtO	Q8NCN2	A2ATY4	1	1
OtO	Q8NCN4	E9Q7F2	1	1
OtO	Q8NCN5	Q7TSQ8	1	1
OtO	Q8NCP5	Q8R0A2	1	1
OtO	Q8NCQ5	Q9QZN0	5	1
OtO	Q8NCQ7	B0QZF7	1	1
OtO	Q8NCR0	Q8BG28	1	1
OtO	Q8NCR3	Q9D4W2	1	1
OtO	Q8NCR6	Q2MH31	1	1
OtO	Q8NCR9	Q8BHH8	1	1
OtO	Q8NCS4	Q3U0Y2	1	1
OtO	Q8NCS7	Q5RJI2	1	1
OtO	Q8NCT1	A0A0B4J1F4	1	1
OtO	Q8NCT3	Q7TQE7	378	1
OtO	Q8NCU4	J3QQ27	1	1
OtO	Q8NCU8	Q8BT35	1	1
OtO	Q8NCV1	Q9D5P4	1	1
OtO	Q8NCW0	Q8K1S7	1	1
OtO	Q8NCW5	Q8K4Z3	1	1
OtO	Q8NCW6	Q921L8	1	1
OtO	Q8NCX0	Q8CDI7	1	1
OtO	Q8NCY6	Q91YU3	1	1
OtO	Q8ND04	Q8VE18	1	1
OtO	Q8ND07	Q3V079	1	1
OtO	Q8ND23	Q3UFQ8	1	1
OtO	Q8ND24	Q8BFU3	1	1
OtO	Q8ND25	Q91V17	1	1
OtO	Q8ND30	O35711	1	1
OtO	Q8ND56	Q8K2F8	1	1
OtO	Q8ND61	Q8CDN1	1	1
OtO	Q8ND71	Q75N62	1	1
OtO	Q8ND76	Q8BGU5	1	1
OtO	Q8ND82	Q6P3Y5	1	1
OtO	Q8ND83	Q68FF7	1	1
OtO	Q8ND90	Q8C1C8	1	1
OtO	Q8ND94	Q3TYX2	1	1
OtO	Q8NDA2	A2AJ76	1	1
OtO	Q8NDA8	E0CZ22	1	1
OtO	Q8NDB2	Q80VH0	1	1
OtO	Q8NDB6	A2ANF5	263	1
OtO	Q8NDC0	Q8BH93	1	1
OtO	Q8NDC4	Q6PGF2	1	1
OtO	Q8NDD1	Q8CIL4	1	1
OtO	Q8NDF8	Q68ED3	1	1
OtO	Q8NDG6	Q14BI7	1	1
OtO	Q8NDH2	A0A571BEV2	1	1
OtO	Q8NDH3	Q6NSR8	1	1
OtO	Q8NDH6	Q3TY65	1	1
OtO	Q8NDI1	Q69ZW3	1	1
OtO	Q8NDL9	Q09M02	1	1
OtO	Q8NDM7	E9Q7R9	1	1
OtO	Q8NDN9	Q6NXM2	1	1
OtO	Q8NDT2	Q6PHZ5	1	1
OtO	Q8NDV1	Q9WUV2	1	1
OtO	Q8NDV2	Q8BZA7	1	1
OtO	Q8NDV3	Q920F6	1	1
OtO	Q8NDV7	Q3UHK8	1	1
OtO	Q8NDW4	Q640N4	1	1
OtO	Q8NDW8	Q8C0S4	1	1
OtO	Q8NDX1	Q8BLR5	1	1
OtO	Q8NDX2	Q8BFU8	1	1
OtO	Q8NDX5	Q8CHP6	1	1
OtO	Q8NDX6	Q6NZQ6	1	1
OtO	Q8NDX9	Q8K1T4	1	1
OtO	Q8NDY3	Q8BGK2	1	1
OtO	Q8NDY6	Q8BGW3	1	1
OtO	Q8NDY8	Q9D702	1	1
OtO	Q8NDZ0	A0A140LIQ5	1	1
OtO	Q8NDZ2	E9Q6E9	262	1
OtO	Q8NDZ4	Q3USZ8	1	1
OtO	Q8NDZ6	Q8C2L6	1	1
OtO	Q8NE00	Q3TB48	1	1
OtO	Q8NE01	Q32NY4	1	1
OtO	Q8NE09	G3UYX5	1	1
OtO	Q8NE18	Q14AW5	1	1
OtO	Q8NE28	Q80YS9	1	1
OtO	Q8NE31	Q9DBR2	1	1
OtO	Q8NE35	Q7TN99	1	1
OtO	Q8NE62	Q8BJ64	1	1
OtO	Q8NE63	Q3V016	1	1
OtO	Q8NE71	Q6P542	1	1
OtO	Q8NE79	Q9ES83	1	1
OtO	Q8NE86	Q3UMR5	1	1
OtO	Q8NEA4	Q9CQ24	1	1
OtO	Q8NEA5	Q5I0V9	1	1
OtO	Q8NEA6	Q6XP49	1	1
OtO	Q8NEB5	Q3UMZ3	1	1
OtO	Q8NEB7	Q3V140	1	1
OtO	Q8NEB9	Q6PF93	1	1
OtO	Q8NEC5	Q91ZR5	1	1
OtO	Q8NEC7	Q5RL51	1	1
OtO	Q8NEE6	Q8CDU4	1	1
OtO	Q8NEE8	Q8C1F5	1	1
OtO	Q8NEF3	A0AUP1	1	1
OtO	Q8NEF9	Q9CZ91	1	1
OtO	Q8NEG2	Q5SS90	2	1
OtO	Q8NEG4	Q3UKU4	1	1
OtO	Q8NEG5	Q9D9X6	1	1
OtO	Q8NEG7	Q9D9V7	1	1
OtO	Q8NEH6	Q61884	1	1
OtO	Q8NEJ0	Q8VE01	1	1
OtO	Q8NEJ9	Q9DB96	1	1
OtO	Q8NEK8	B1ATX6	1	1
OtO	Q8NEL0	Q9DAL3	1	1
OtO	Q8NEL9	Q80YA3	2	1
OtO	Q8NEM0	Q7TT79	1	1
OtO	Q8NEM2	Q9Z179	2	1
OtO	Q8NEM7	Q7TT00	78	1
OtO	Q8NEM8	Q8CDP0	1	1
OtO	Q8NEN0	Q3URY6	1	1
OtO	Q8NEN9	B9EJ80	1	1
OtO	Q8NEP3	Q9D2H9	1	1
OtO	Q8NEP7	Q3USL1	1	1
OtO	Q8NEQ5	Q3U7U4	1	1
OtO	Q8NEQ6	Q3ULG3	35	1
OtO	Q8NER1	Q704Y3	1	1
OtO	Q8NER5	Q8K348	1	1
OtO	Q8NES3	O09010	1	1
OtO	Q8NES8	Q30KN8	1	1
OtO	Q8NET4	Q32KG4	1	1
OtO	Q8NET5	Q8R4V1	19	1
OtO	Q8NET6	D3Z6E3	1	1
OtO	Q8NET8	Q8K424	1	1
OtO	Q8NEU8	Q8K3G9	1	1
OtO	Q8NEV4	Q8K3H5	1	1
OtO	Q8NEV8	Q0VAV2	1	1
OtO	Q8NEV9	Q8K3I6	1	1
OtO	Q8NEW0	Q9JKN1	1	1
OtO	Q8NEW7	Q8K467	1	1
OtO	Q8NEX5	Q3UW41	1	1
OtO	Q8NEX6	A2A5H7	1	1
OtO	Q8NEX9	Q8K3P0	1	1
OtO	Q8NEY1	Q8CH77	1	1
OtO	Q8NEY3	Q8K3V1	1	1
OtO	Q8NEY4	Q99L60	1	1
OtO	Q8NEY8	Q8K2H1	3	1
OtO	Q8NEZ2	Q8CHS8	1	1
OtO	Q8NEZ3	Q3UGF1	1	1
OtO	Q8NEZ4	Q8BRH4	1	1
OtO	Q8NEZ5	Q78JE5	1	1
OtO	Q8NF37	Q3TFD2	1	1
OtO	Q8NF50	Q8C147	1	1
OtO	Q8NF64	Q8CIE2	1	1
OtO	Q8NF86	Q80WM7	1	1
OtO	Q8NF91	Q6ZWR6	1	1
OtO	Q8NF99	Q7TNK4	1	1
OtO	Q8NFA0	F8VPZ3	1	1
OtO	Q8NFA2	Q8VCM2	2	1
OtO	Q8NFB2	A2AF53	1	1
OtO	Q8NFC6	E9Q6J5	1	1
OtO	Q8NFD2	Q8BZ25	1	1
OtO	Q8NFF2	Q8CGQ8	1	1
OtO	Q8NFF5	Q8R123	17	1
OtO	Q8NFG4	Q8QZS3	1	1
OtO	Q8NFH3	P59235	1	1
OtO	Q8NFH4	Q9CWU9	1	1
OtO	Q8NFH5	Q8R4R6	1	1
OtO	Q8NFH8	Q80XA6	1	1
OtO	Q8NFI3	Q8BX80	1	1
OtO	Q8NFJ5	Q8BHL4	1	1
OtO	Q8NFJ6	Q8K458	1	1
OtO	Q8NFJ8	Q8C6A8	1	1
OtO	Q8NFJ9	Q3V3N7	1	1
OtO	Q8NFK1	Q921C1	41	1
OtO	Q8NFL0	Q8K0J2	1	1
OtO	Q8NFM4	Q91WF3	1	1
OtO	Q8NFM7	Q8JZL1	1	1
OtO	Q8NFN8	Q6PCP7	1	1
OtO	Q8NFP0	Q8K459	201	1
OtO	Q8NFP4	Q0PMG2	1	1
OtO	Q8NFP9	Q9EPN1	1	1
OtO	Q8NFQ5	Q8BU51	1	1
OtO	Q8NFQ6	Q8C186	1	1
OtO	Q8NFQ8	Q8BYU6	1	1
OtO	Q8NFR3	Q925E8	1	1
OtO	Q8NFR7	Q6P5U8	1	1
OtO	Q8NFR9	Q8BH06	1	1
OtO	Q8NFT2	Q8BWB6	1	1
OtO	Q8NFT8	Q8JZM4	1	1
OtO	Q8NFU1	Q8BGM5	1	1
OtO	Q8NFU3	E9PY03	1	1
OtO	Q8NFU5	Q7TT16	1	1
OtO	Q8NFU7	Q3URK3	1	1
OtO	Q8NFV4	Q8K4F5	1	1
OtO	Q8NFW1	E9Q7P1	1	1
OtO	Q8NFW5	Q91ZK4	1	1
OtO	Q8NFW8	Q99KK2	1	1
OtO	Q8NFW9	Q8K3I4	1	1
OtO	Q8NFX7	Q8R3T5	1	1
OtO	Q8NFY4	Q76KF0	1	1
OtO	Q8NFY9	Q3UQV5	1	1
OtO	Q8NFZ0	Q8K2I9	1	1
OtO	Q8NFZ4	Q69ZK9	1	1
OtO	Q8NFZ5	Q99JG7	1	1
OtO	Q8NFZ8	Q8R464	1	1
OtO	Q8NG04	Q5EBI0	1	1
OtO	Q8NG06	Q5NCC9	1	1
OtO	Q8NG08	Q6NVF4	1	1
OtO	Q8NG11	Q8QZY6	1	1
OtO	Q8NG27	O55176	1	1
OtO	Q8NG31	Q66JQ7	1	1
OtO	Q8NG35	Q8K4N3	1	1
OtO	Q8NG41	Q8K4P1	1	1
OtO	Q8NG48	Q3U1D0	6	1
OtO	Q8NG50	Q9CQK3	1	1
OtO	Q8NG66	Q8C0Q4	1	1
OtO	Q8NG68	P38585	1	1
OtO	Q8NG98	Q8VG88	8	1
OtO	Q8NGA1	Q8VFM9	4	1
OtO	Q8NGB2	Q8VGN9	55	1
OtO	Q8NGB8	Q7TQW9	1	1
OtO	Q8NGB9	Q8VF85	3	1
OtO	Q8NGC0	B2RVX8	79	1
OtO	Q8NGC2	Q7TQQ0	1	1
OtO	Q8NGD2	A0A0U1RNX7	7	1
OtO	Q8NGD3	Q8VET4	1	1
OtO	Q8NGD4	Q7TRM6	1	1
OtO	Q8NGE3	Q8VGJ1	1	1
OtO	Q8NGE9	Q8VG11	2	1
OtO	Q8NGF3	E9Q550	1	1
OtO	Q8NGF4	Q8VFK7	31	1
OtO	Q8NGG5	Q7TR79	7	1
OtO	Q8NGH3	Q9EPG6	1	1
OtO	Q8NGH9	Q8VF06	1	1
OtO	Q8NGI4	Q8VFV0	3	1
OtO	Q8NGI7	Q8VF55	1	1
OtO	Q8NGI9	A0A140LHS9	1	1
OtO	Q8NGJ0	Q8VFV2	1	1
OtO	Q8NGJ1	Q0VDY1	1	1
OtO	Q8NGJ2	Q8VG19	9	1
OtO	Q8NGJ4	Q8VGV8	1	1
OtO	Q8NGJ8	E9Q407	1	1
OtO	Q8NGJ9	F8VQ18	1	1
OtO	Q8NGK0	Q8VH11	1	1
OtO	Q8NGK1	Q8VH17	2	1
OtO	Q8NGK4	E9Q545	1	1
OtO	Q8NGK5	E9Q546	1	1
OtO	Q8NGK9	Q8VFR3	7	1
OtO	Q8NGL6	A2AVK5	45	1
OtO	Q8NGL7	A0A1L1SRD7	1	1
OtO	Q8NGM9	Q8VGB4	1	1
OtO	Q8NGN0	Q8VFN1	1	1
OtO	Q8NGN2	Q8VGB3	2	1
OtO	Q8NGP6	Q7TR87	11	1
OtO	Q8NGP9	Q8VGS3	1	1
OtO	Q8NGQ1	A2ALD2	1	1
OtO	Q8NGQ5	Q7TQQ3	2	1
OtO	Q8NGR1	Q8VGH2	9	1
OtO	Q8NGR4	Q8VF22	1	1
OtO	Q8NGR6	Q8VGV7	1	1
OtO	Q8NGR8	Q8VFP6	1	1
OtO	Q8NGR9	Q8VGJ8	1	1
OtO	Q8NGS3	Q60879	11	1
OtO	Q8NGS4	Q7TS18	1	1
OtO	Q8NGS6	Q8VG87	16	1
OtO	Q8NGS7	Q8VGA0	1	1
OtO	Q8NGT1	A2AM35	1	1
OtO	Q8NGT2	Q9QZ18	35	1
OtO	Q8NGT7	Q8VEV0	1	1
OtO	Q8NGU2	Q8VF31	1	1
OtO	Q8NGU9	Q8BL07	1	1
OtO	Q8NGV5	Q7TS19	47	1
OtO	Q8NGW6	E9Q0M4	3	1
OtO	Q8NGX0	Q5NCD0	1	1
OtO	Q8NGX3	A0A2I3BRV4	143	1
OtO	Q8NGX8	E9Q050	1	1
OtO	Q8NGX9	E9Q5P8	1	1
OtO	Q8NGY1	E9Q0Y7	1	1
OtO	Q8NGY2	E9Q4G0	1	1
OtO	Q8NGY3	E9Q0Q2	2	1
OtO	Q8NGY5	Q7TRW1	4	1
OtO	Q8NGY6	E9Q5F1	1	1
OtO	Q8NGZ3	Q7TS01	1	1
OtO	Q8NGZ6	Q8VFP2	1	1
OtO	Q8NH08	A0A0B4J1M2	1	1
OtO	Q8NH18	Q8VGR8	58	1
OtO	Q8NH37	Q9R0K2	2	1
OtO	Q8NH40	E9Q0Z1	1	1
OtO	Q8NH55	Q8VG26	22	1
OtO	Q8NH56	Q8VGU9	14	1
OtO	Q8NH57	Q8VGX9	1	1
OtO	Q8NH60	E9PYB3	1	1
OtO	Q8NH61	E9Q554	4	1
OtO	Q8NH63	E9Q547	52	1
OtO	Q8NH64	A0A0G2JFH3	1	1
OtO	Q8NH76	Q6W049	4	1
OtO	Q8NH79	Q8VFN6	1	1
OtO	Q8NH80	Q8VEY3	1	1
OtO	Q8NH81	Q8VEU2	5	1
OtO	Q8NH85	Q8VGS1	31	1
OtO	Q8NHA6	Q8VFH0	1	1
OtO	Q8NHB1	Q8VGD6	1	1
OtO	Q8NHC4	Q62007	1	1
OtO	Q8NHC8	Q8VF37	1	1
OtO	Q8NHE4	Q91XE7	1	1
OtO	Q8NHG7	Q3UZP4	1	1
OtO	Q8NHG8	Q71FD5	1	1
OtO	Q8NHH1	A4Q9F4	1	1
OtO	Q8NHH9	Q6PA06	1	1
OtO	Q8NHM5	Q6P1G2	1	1
OtO	Q8NHP6	Q9CWP6	1	1
OtO	Q8NHP7	Q8CDF7	1	1
OtO	Q8NHP8	Q3TCN2	1	1
OtO	Q8NHQ1	Q6IQY5	1	1
OtO	Q8NHQ8	Q8CJ96	1	1
OtO	Q8NHQ9	Q6ZPL9	1	1
OtO	Q8NHR7	Q9D494	1	1
OtO	Q8NHR9	Q9D6I3	1	1
OtO	Q8NHS0	Q9QYI7	1	1
OtO	Q8NHS1	Q9D9H2	1	1
OtO	Q8NHS2	Q7TSV6	1	1
OtO	Q8NHS3	Q8BH31	1	1
OtO	Q8NHS4	Q5M6W3	1	1
OtO	Q8NHS9	Q5SV06	1	1
OtO	Q8NHU2	Q8CEL2	1	1
OtO	Q8NHU3	Q9D4B1	1	1
OtO	Q8NHU6	Q8K1H1	1	1
OtO	Q8NHV1	Q8R379	2	1
OtO	Q8NHV4	P33215	1	1
OtO	Q8NHV5	Q8C784	1	1
OtO	Q8NHW3	Q8CF90	1	1
OtO	Q8NHW6	Q8R448	1	1
OtO	Q8NHX4	Q9D9T6	1	1
OtO	Q8NHX9	Q8BWC0	1	1
OtO	Q8NHY0	Q09199	1	1
OtO	Q8NHY2	Q9R1A8	1	1
OtO	Q8NHY3	Q5SSG4	1	1
OtO	Q8NHY5	Q8K572	1	1
OtO	Q8NHY6	P10078	2	1
OtO	Q8NHZ8	Q99JP4	1	1
OtO	Q8NI08	Q6DFV7	1	1
OtO	Q8NI17	Q8K5B1	1	1
OtO	Q8NI22	Q8K5B2	1	1
OtO	Q8NI27	B1AZI6	1	1
OtO	Q8NI29	Q6DIA9	1	1
OtO	Q8NI32	Q9D7F2	1	1
OtO	Q8NI35	Q63ZW7	1	1
OtO	Q8NI36	Q3TAQ9	1	1
OtO	Q8NI37	Q6NVE9	1	1
OtO	Q8NI38	Q2TB02	1	1
OtO	Q8NI51	A2APF3	1	1
OtO	Q8NI60	Q60936	1	1
OtO	Q8NI77	Q91WD7	1	1
OtO	Q8NI99	Q8R0Z6	1	1
OtO	Q8TA86	P97762	1	1
OtO	Q8TAA1	Q5GAM9	345	1
OtO	Q8TAA3	Q9CWH6	1	1
OtO	Q8TAA5	O88396	1	1
OtO	Q8TAA9	Q80Z96	1	1
OtO	Q8TAB3	Q80TF3	1	1
OtO	Q8TAB5	Q8BP99	1	1
OtO	Q8TAC1	Q8K2P6	1	1
OtO	Q8TAC2	Q9CR30	1	1
OtO	Q8TAC9	Q9JKD3	1	1
OtO	Q8TAD2	A0A0B4J1G4	1	1
OtO	Q8TAD4	Q8R4H9	1	1
OtO	Q8TAD7	P0C913	1	1
OtO	Q8TAD8	Q8BIZ6	1	1
OtO	Q8TAE6	Q8R4S0	1	1
OtO	Q8TAE7	P59053	1	1
OtO	Q8TAE8	Q9CR59	1	1
OtO	Q8TAF3	Q8BH57	1	1
OtO	Q8TAF8	Q4KL25	1	1
OtO	Q8TAG5	Q8R0A6	1	1
OtO	Q8TAG6	Q8BG31	1	1
OtO	Q8TAG9	Q8R313	1	1
OtO	Q8TAI7	Q9D8T3	1	1
OtO	Q8TAK5	P81069	1	1
OtO	Q8TAK6	Q9JKN5	1	1
OtO	Q8TAL5	F6UZS4	2	1
OtO	Q8TAL6	Q9CQS3	1	1
OtO	Q8TAM1	Q9DBI2	1	1
OtO	Q8TAM2	Q8VD72	1	1
OtO	Q8TAM6	Q5EBJ4	1	1
OtO	Q8TAP4	Q8BZL8	1	1
OtO	Q8TAP6	Q0VEJ0	1	1
OtO	Q8TAP8	Q9D8C8	1	1
OtO	Q8TAQ2	Q6PDG5	1	1
OtO	Q8TAQ5	Q7TMN8	2	1
OtO	Q8TAQ9	Q5SS91	1	1
OtO	Q8TAS1	P97343	1	1
OtO	Q8TAT2	Q1HCM0	1	1
OtO	Q8TAT5	Q8K203	1	1
OtO	Q8TAT6	P60670	1	1
OtO	Q8TAU0	P97334	1	1
OtO	Q8TAV0	Q922G2	1	1
OtO	Q8TAV3	E9Q816	1	1
OtO	Q8TAV4	Q6PE84	1	1
OtO	Q8TAX0	Q9WVG7	1	1
OtO	Q8TAY7	Q80X91	1	1
OtO	Q8TB03	Q8C5K5	1	1
OtO	Q8TB05	Q6P3B2	1	1
OtO	Q8TB22	Q80YT5	1	1
OtO	Q8TB24	P59729	1	1
OtO	Q8TB36	O88741	1	1
OtO	Q8TB37	Q9CWD8	1	1
OtO	Q8TB40	Q8VD66	1	1
OtO	Q8TB45	Q570Y9	1	1
OtO	Q8TB52	Q8BJL1	1	1
OtO	Q8TB61	Q91ZN5	1	1
OtO	Q8TB68	Q3V0I2	1	1
OtO	Q8TB72	Q80U58	1	1
OtO	Q8TB73	Q8C119	1	1
OtO	Q8TB92	Q8JZS7	1	1
OtO	Q8TB96	Q99KW9	1	1
OtO	Q8TBA6	Q9QYE6	1	1
OtO	Q8TBB1	O70263	1	1
OtO	Q8TBB5	Q921I2	1	1
OtO	Q8TBB6	Q8BXR1	1	1
OtO	Q8TBC3	Q6P7W2	1	1
OtO	Q8TBC4	Q8C878	1	1
OtO	Q8TBC5	E9PUD6	133	1
OtO	Q8TBE0	Q497V6	1	1
OtO	Q8TBE1	Q6ZWS4	1	1
OtO	Q8TBE3	Q8BJN4	1	1
OtO	Q8TBE7	D3YVE8	1	1
OtO	Q8TBE9	Q9CPT3	1	1
OtO	Q8TBF2	Q9DB60	1	1
OtO	Q8TBF4	Q9CZ96	1	1
OtO	Q8TBF5	Q99LV7	1	1
OtO	Q8TBF8	Q3UXZ6	1	1
OtO	Q8TBG4	Q8BWU8	1	1
OtO	Q8TBG9	Q8BGN8	1	1
OtO	Q8TBH0	Q9D668	1	1
OtO	Q8TBJ4	Q8BFZ2	1	1
OtO	Q8TBJ5	Q9ESP5	1	1
OtO	Q8TBK2	Q9CWY3	1	1
OtO	Q8TBK6	Q9CX48	1	1
OtO	Q8TBM7	P0DN89	1	1
OtO	Q8TBM8	Q149L6	1	1
OtO	Q8TBN0	Q8VDV3	1	1
OtO	Q8TBP0	A2ABG4	1	1
OtO	Q8TBP5	Q9D3L0	1	1
OtO	Q8TBP6	Q8BGP6	1	1
OtO	Q8TBQ9	Q9CR64	1	1
OtO	Q8TBR7	Q5ND56	1	1
OtO	Q8TBX8	Q91XU3	1	1
OtO	Q8TBY0	P86049	1	1
OtO	Q8TBY8	Q9WVQ0	1	1
OtO	Q8TBY9	E9Q743	2	1
OtO	Q8TBZ0	Q3V125	1	1
OtO	Q8TBZ2	Q5SUV2	1	1
OtO	Q8TBZ3	Q3UWE6	1	1
OtO	Q8TBZ6	Q8C1Z8	1	1
OtO	Q8TBZ9	Q9D5W8	1	1
OtO	Q8TC05	Q9D067	1	1
OtO	Q8TC07	Q9CXF4	1	1
OtO	Q8TC12	Q9QYF1	1	1
OtO	Q8TC20	Q5IR70	1	1
OtO	Q8TC26	Q8C996	1	1
OtO	Q8TC27	Q8K410	1	1
OtO	Q8TC29	Q6SP97	1	1
OtO	Q8TC36	Q9DA32	1	1
OtO	Q8TC41	D3YYI7	1	1
OtO	Q8TC44	Q8BHD1	1	1
OtO	Q8TC56	Q5STT6	1	1
OtO	Q8TC57	Q9Z0E1	1	1
OtO	Q8TC59	Q8CDG1	1	1
OtO	Q8TC71	Q0P557	1	1
OtO	Q8TC76	Q8C739	1	1
OtO	Q8TC84	Q9DAM9	1	1
OtO	Q8TC90	Q9CQL2	1	1
OtO	Q8TC92	Q8BHR2	1	1
OtO	Q8TC94	Q8CG27	1	1
OtO	Q8TC99	Q9D2H8	1	1
OtO	Q8TCA0	Q8CI70	1	1
OtO	Q8TCB0	Q8BV66	1	1
OtO	Q8TCB6	Q8VGZ7	1	1
OtO	Q8TCB7	Q8BVH9	1	1
OtO	Q8TCC3	Q9D7N6	1	1
OtO	Q8TCC7	O88909	1	1
OtO	Q8TCD1	Q91WE4	1	1
OtO	Q8TCD5	Q9JM14	2	1
OtO	Q8TCD6	Q9D9M5	1	1
OtO	Q8TCF1	Q8BFR6	1	1
OtO	Q8TCG1	Q8BWY9	1	1
OtO	Q8TCG2	Q8CBQ5	1	1
OtO	Q8TCG5	Q8BGD5	1	1
OtO	Q8TCI5	Q9D9W1	1	1
OtO	Q8TCJ0	Q9D2Y6	1	1
OtO	Q8TCJ2	Q3TDQ1	1	1
OtO	Q8TCN5	Q6ZPY5	1	1
OtO	Q8TCQ1	Q6NZQ8	1	1
OtO	Q8TCS8	Q8K1R3	1	1
OtO	Q8TCT0	Q8K4Q7	1	1
OtO	Q8TCT1	Q8R2H9	1	1
OtO	Q8TCT6	Q9CUS9	1	1
OtO	Q8TCT7	Q3TD49	1	1
OtO	Q8TCT8	Q9JJF9	1	1
OtO	Q8TCT9	Q9D8V0	1	1
OtO	Q8TCU3	Q91WN3	1	1
OtO	Q8TCU4	Q8K4E0	1	1
OtO	Q8TCU5	A2AIR5	1	1
OtO	Q8TCU6	Q69ZK0	1	1
OtO	Q8TCV5	Q4KXB6	2140	1
OtO	Q8TCW7	Q8BGZ8	1	1
OtO	Q8TCW9	Q9JKL1	2	1
OtO	Q8TCX1	Q8K0T2	1	1
OtO	Q8TCX5	Q61085	1	1
OtO	Q8TCY5	Q9D159	1	1
OtO	Q8TCY9	Q5NCI0	1	1
OtO	Q8TCZ2	Q8BIF0	1	1
OtO	Q8TD06	Q8R3W7	1	1
OtO	Q8TD08	Q80Y86	1	1
OtO	Q8TD10	Q9D9F8	22	1
OtO	Q8TD16	Q921C5	1	1
OtO	Q8TD17	Q8BV16	1	1
OtO	Q8TD19	Q8K1R7	1	1
OtO	Q8TD20	Q8BFW9	1	1
OtO	Q8TD22	Q925N0	1	1
OtO	Q8TD26	A3KFM7	1	1
OtO	Q8TD30	Q8BGT5	1	1
OtO	Q8TD31	Q8K2I2	1	1
OtO	Q8TD35	Q8BIG2	1	1
OtO	Q8TD43	Q7TN37	1	1
OtO	Q8TD55	Q8K124	1	1
OtO	Q8TD57	Q8BW94	1	1
OtO	Q8TD84	Q4VA61	1	1
OtO	Q8TD90	Q52KG3	1	1
OtO	Q8TD94	Q19A41	1	1
OtO	Q8TDB4	Q8VI64	1	1
OtO	Q8TDB6	Q3UIR3	1	1
OtO	Q8TDC0	Q8R4E4	2	1
OtO	Q8TDC3	Q5RJI5	1	1
OtO	Q8TDD1	Q8K4L0	1	1
OtO	Q8TDD2	Q8VI67	1	1
OtO	Q8TDD5	Q8R4F0	1	1
OtO	Q8TDF5	Q8R4I7	1	1
OtO	Q8TDF6	Q8BTM9	1	1
OtO	Q8TDG4	Q2VPA6	2	1
OtO	Q8TDH9	Q8R015	1	1
OtO	Q8TDI0	A2A8L1	1	1
OtO	Q8TDI7	Q8R4P4	1	1
OtO	Q8TDI8	Q8R4P5	1	1
OtO	Q8TDJ6	Q8BPN8	1	1
OtO	Q8TDL5	Q61114	1	1
OtO	Q8TDM5	Q80ZQ0	1	1
OtO	Q8TDM6	E9Q9R9	1	1
OtO	Q8TDN1	Q80XM3	1	1
OtO	Q8TDN2	Q8CFS6	1	1
OtO	Q8TDN4	Q9ESJ1	1	1
OtO	Q8TDN6	Q9DCA5	1	1
OtO	Q8TDN7	Q8R4X1	1	1
OtO	Q8TDP1	Q9CQ18	1	1
OtO	Q8TDQ0	Q8VIM0	1	1
OtO	Q8TDQ7	Q9CRC9	1	1
OtO	Q8TDR0	Q149C2	1	1
OtO	Q8TDR2	Q80ZW0	1	1
OtO	Q8TDS7	Q91ZB8	1	1
OtO	Q8TDT2	Q8BXS7	1	1
OtO	Q8TDU6	Q80SS6	1	1
OtO	Q8TDU9	Q7TQP4	1	1
OtO	Q8TDV0	Q7TSN6	1	1
OtO	Q8TDV5	Q7TQP3	1	1
OtO	Q8TDW0	Q8R502	1	1
OtO	Q8TDW4	Q8K4P7	1	1
OtO	Q8TDW5	Q80T23	1	1
OtO	Q8TDW7	Q8BNA6	1	1
OtO	Q8TDX5	Q8R519	1	1
OtO	Q8TDX6	Q8BJQ9	1	1
OtO	Q8TDX7	Q9ES74	1	1
OtO	Q8TDX9	Q8R526	1	1
OtO	Q8TDY2	Q9ESK9	1	1
OtO	Q8TDY3	Q9D9L5	1	1
OtO	Q8TDY4	Q5U464	1	1
OtO	Q8TDY8	Q9EQS9	1	1
OtO	Q8TDZ2	Q8VDP3	1	1
OtO	Q8TE02	Q99L85	1	1
OtO	Q8TE04	Q8K4K6	1	1
OtO	Q8TE12	Q9JKU8	1	1
OtO	Q8TE23	Q925I4	1	1
OtO	Q8TE49	Q8R554	1	1
OtO	Q8TE54	Q8R2Z3	1	1
OtO	Q8TE57	Q69Z28	1	1
OtO	Q8TE58	P59384	1	1
OtO	Q8TE59	P59509	1	1
OtO	Q8TE60	Q4VC17	1	1
OtO	Q8TE67	Q91WL0	1	1
OtO	Q8TE68	Q8R5F8	1	1
OtO	Q8TE73	Q8VHE6	1	1
OtO	Q8TE76	Q8BMD7	1	1
OtO	Q8TE77	Q8K330	1	1
OtO	Q8TE82	G3X9F6	1	1
OtO	Q8TE85	Q5FWH3	1	1
OtO	Q8TE96	Q924H9	1	1
OtO	Q8TE99	Q8BHA9	1	1
OtO	Q8TEA1	Q7TS68	1	1
OtO	Q8TEA7	Q8BM85	1	1
OtO	Q8TEA8	Q9DD18	1	1
OtO	Q8TEB1	Q91VU6	1	1
OtO	Q8TEB7	Q9D304	1	1
OtO	Q8TEB9	Q8BHC7	1	1
OtO	Q8TEC5	Q8BZT2	1	1
OtO	Q8TED0	Q8C7V3	1	1
OtO	Q8TED1	Q9D7B7	1	1
OtO	Q8TED4	Q9WU81	1	1
OtO	Q8TED9	Q8BZI0	1	1
OtO	Q8TEE9	Q1EHW4	10	1
OtO	Q8TEF2	G3UW87	1	1
OtO	Q8TEH3	Q8K382	1	1
OtO	Q8TEJ3	Q8C120	1	1
OtO	Q8TEK3	Q6XZL8	1	1
OtO	Q8TEL6	Q9JLV2	1	1
OtO	Q8TEM1	Q9QY81	1	1
OtO	Q8TEP8	E9Q4Y4	1	1
OtO	Q8TEQ0	Q9D3S3	1	1
OtO	Q8TEQ6	Q8BX17	1	1
OtO	Q8TEQ8	Q9JJI6	1	1
OtO	Q8TER0	Q70E20	1	1
OtO	Q8TER5	Q3UPH7	1	1
OtO	Q8TES7	A2A870	1	1
OtO	Q8TET4	Q8BVW0	1	1
OtO	Q8TEU8	Q7TQN3	1	1
OtO	Q8TEV9	Q3UMB5	1	1
OtO	Q8TEW0	Q99NH2	1	1
OtO	Q8TEW6	Q99KE3	1	1
OtO	Q8TEW8	Q9CSB4	1	1
OtO	Q8TEX9	Q8VI75	1	1
OtO	Q8TEY5	Q9D2A5	2	1
OtO	Q8TEY7	Q8R5K2	1	1
OtO	Q8TEZ7	Q80ZE5	1	1
OtO	Q8TF01	A2AJT4	1	1
OtO	Q8TF05	Q8K2V1	1	1
OtO	Q8TF09	Q9DAJ5	1	1
OtO	Q8TF17	Q80VA5	1	1
OtO	Q8TF21	Q80VM7	1	1
OtO	Q8TF30	Q571B6	1	1
OtO	Q8TF39	A2ALW2	5	1
OtO	Q8TF40	Q68FD7	1	1
OtO	Q8TF42	Q8BGG7	1	1
OtO	Q8TF44	Q5HZI2	1	1
OtO	Q8TF46	Q8C0S1	1	1
OtO	Q8TF47	Q61967	1	1
OtO	Q8TF50	Q8BI66	1	1
OtO	Q8TF61	Q6NS60	1	1
OtO	Q8TF62	A2ANX3	1	1
OtO	Q8TF64	Q8R5M0	1	1
OtO	Q8TF65	Q9Z2H7	1	1
OtO	Q8TF66	Q80X72	1	1
OtO	Q8TF68	E9Q1A5	1	1
OtO	Q8TF71	Q3U9N9	1	1
OtO	Q8TF72	Q9QXN0	1	1
OtO	Q8TF74	Q6PEV3	1	1
OtO	Q8TF76	Q9Z0R0	1	1
OtO	Q8WTP8	Q9CZI9	1	1
OtO	Q8WTQ4	Q8BHX0	1	1
OtO	Q8WTR2	Q8K4T5	1	1
OtO	Q8WTR4	Q640M6	1	1
OtO	Q8WTR7	Q8BI67	1	1
OtO	Q8WTR8	Q3UQ22	2	1
OtO	Q8WTS1	Q9DBL9	1	1
OtO	Q8WTS6	Q8VHL1	1	1
OtO	Q8WTT2	Q8VI84	1	1
OtO	Q8WTU0	Q9DAF3	1	1
OtO	Q8WTU2	A1L0T3	1	1
OtO	Q8WTV0	Q61009	1	1
OtO	Q8WTV1	Q8BJ25	1	1
OtO	Q8WTW3	Q9Z160	1	1
OtO	Q8WTW4	Q9WUE4	1	1
OtO	Q8WTX7	Q9CWQ8	1	1
OtO	Q8WTX9	Q8R0N9	2	1
OtO	Q8WU08	Q8BGW6	1	1
OtO	Q8WU10	Q3TMV7	1	1
OtO	Q8WU17	Q7TMV1	1	1
OtO	Q8WU20	Q8C180	1	1
OtO	Q8WU39	Q9D8I1	1	1
OtO	Q8WU58	Q6P539	1	1
OtO	Q8WU66	J3S6Y1	1	1
OtO	Q8WU67	Q91ZH7	1	1
OtO	Q8WU68	Q8BGJ9	1	1
OtO	Q8WU76	Q8BTY8	1	1
OtO	Q8WU79	Q7TN29	1	1
OtO	Q8WU90	Q3TIV5	1	1
OtO	Q8WUA2	Q9CXG3	1	1
OtO	Q8WUA4	Q8BL74	1	1
OtO	Q8WUA7	Q8R5A6	1	1
OtO	Q8WUA8	Q8CBR6	1	1
OtO	Q8WUB2	Q9DB54	2	1
OtO	Q8WUB8	Q9D8M7	1	1
OtO	Q8WUD1	P59279	1	1
OtO	Q8WUD4	Q8R344	1	1
OtO	Q8WUD6	Q8C025	1	1
OtO	Q8WUE5	Q14BQ3	772	1
OtO	Q8WUF5	Q5I1X5	1	1
OtO	Q8WUF8	Q3TNH5	1	1
OtO	Q8WUG5	Q9D9E0	1	1
OtO	Q8WUH1	Q6DG52	1	1
OtO	Q8WUH2	Q3UR70	1	1
OtO	Q8WUH6	Q9DAM7	1	1
OtO	Q8WUI4	Q8C2B3	1	1
OtO	Q8WUJ0	Q60969	1	1
OtO	Q8WUJ1	Q5SSH8	1	1
OtO	Q8WUJ3	Q8BI06	1	1
OtO	Q8WUK0	Q66GT5	1	1
OtO	Q8WUM0	Q8R0G9	1	1
OtO	Q8WUM4	Q9WU78	1	1
OtO	Q8WUM9	Q61609	1	1
OtO	Q8WUN7	Q6PGH0	1	1
OtO	Q8WUP2	Q71FD7	1	1
OtO	Q8WUQ7	Q9CS00	1	1
OtO	Q8WUR7	Q9CRC3	1	1
OtO	Q8WUS8	Q9D665	1	1
OtO	Q8WUT4	P59383	1	1
OtO	Q8WUT9	A2A3V2	1	1
OtO	Q8WUU4	E9Q6W4	1	1
OtO	Q8WUU5	Q920S3	1	1
OtO	Q8WUU8	Q9DCX7	1	1
OtO	Q8WUW1	Q91VR8	1	1
OtO	Q8WUX1	Q3U1J0	1	1
OtO	Q8WUX2	Q9CQG1	1	1
OtO	Q8WUX9	Q8R1T1	1	1
OtO	Q8WUY1	Q80ZW2	1	1
OtO	Q8WUY3	Q52KR3	1	1
OtO	Q8WUY8	Q8BVG8	1	1
OtO	Q8WUY9	Q8BH88	1	1
OtO	Q8WUZ0	O08664	1	1
OtO	Q8WV07	Q8CH62	2	1
OtO	Q8WV15	Q5FW56	6718	1
OtO	Q8WV19	Q5SSN7	1	1
OtO	Q8WV22	Q9D720	1	1
OtO	Q8WV24	Q62392	1	1
OtO	Q8WV28	Q9QUN3	1	1
OtO	Q8WV41	Q4VAA7	1	1
OtO	Q8WV44	Q5NCC3	1	1
OtO	Q8WV48	Q9DCC3	1	1
OtO	Q8WV60	Q8R3K3	1	1
OtO	Q8WV74	Q9CR24	1	1
OtO	Q8WV83	Q8R314	1	1
OtO	Q8WV92	Q8VDV8	1	1
OtO	Q8WV93	Q3V384	1	1
OtO	Q8WV99	Q91X58	1	1
OtO	Q8WVB3	Q3U4H6	1	1
OtO	Q8WVB6	Q8BIW9	1	1
OtO	Q8WVC0	Q5XJE5	1	1
OtO	Q8WVC6	Q8BHC4	1	1
OtO	Q8WVD3	Q9CQE0	1	1
OtO	Q8WVD5	Q99MB7	1	1
OtO	Q8WVE0	Q9CY45	1	1
OtO	Q8WVE6	Q4KL18	1	1
OtO	Q8WVE7	Q9D342	1	1
OtO	Q8WVF1	Q8BHW2	1	1
OtO	Q8WVF2	Q14BU0	1	1
OtO	Q8WVF5	Q9D7X1	1	1
OtO	Q8WVH0	Q8R1B5	1	1
OtO	Q8WVI0	Q8C1Q6	1	1
OtO	Q8WVI7	Q8BKK4	1	1
OtO	Q8WVJ2	Q9CQ48	1	1
OtO	Q8WVJ9	Q9D030	1	1
OtO	Q8WVK2	Q8K194	1	1
OtO	Q8WVK7	Q9CR46	1	1
OtO	Q8WVL7	Q8VE42	1	1
OtO	Q8WVM0	Q8JZM0	1	1
OtO	Q8WVM7	Q9D3E6	1	1
OtO	Q8WVM8	Q8BRF7	1	1
OtO	Q8WVN6	Q921W8	530	1
OtO	Q8WVN8	Q8K2Z8	1	1
OtO	Q8WVP5	Q8K288	1	1
OtO	Q8WVP7	Q9JIT0	1	1
OtO	Q8WVQ1	Q8VCF1	1	1
OtO	Q8WVR3	Q3UTZ3	1	1
OtO	Q8WVS4	Q8C761	1	1
OtO	Q8WVT3	Q8K2L8	13	1
OtO	Q8WVV4	Q8K4L4	1	1
OtO	Q8WVV9	Q921F4	1	1
OtO	Q8WVX3	Q99M08	1	1
OtO	Q8WVX9	Q922J9	1	1
OtO	Q8WVY7	Q8BGR9	1	1
OtO	Q8WVZ1	Q810M5	1	1
OtO	Q8WVZ7	Q14B02	1	1
OtO	Q8WVZ9	G5E8C2	1	1
OtO	Q8WW01	Q8R3W5	1	1
OtO	Q8WW12	Q6P8I4	1	1
OtO	Q8WW14	Q9CQT6	1	1
OtO	Q8WW18	Q8C1R3	1	1
OtO	Q8WW22	Q9JMC3	1	1
OtO	Q8WW24	Q149S1	1	1
OtO	Q8WW27	Q497M3	1	1
OtO	Q8WW32	Q6P8W9	1	1
OtO	Q8WW33	Q9DAN6	1	1
OtO	Q8WW34	Q9DA47	1	1
OtO	Q8WW35	Q9CQ66	1	1
OtO	Q8WW38	Q8CCH7	1	1
OtO	Q8WW52	Q8QZW3	1	1
OtO	Q8WW59	Q91WK1	1	1
OtO	Q8WW62	Q9CQG0	1	1
OtO	Q8WWA1	Q4FJU9	1	1
OtO	Q8WWB3	Q9D9T0	1	1
OtO	Q8WWB5	Q8CHR9	1	1
OtO	Q8WWB7	Q9JHJ3	1	1
OtO	Q8WWC4	Q8BHE8	1	1
OtO	Q8WWF1	Q8R2K8	1	1
OtO	Q8WWF3	Q9D9Y8	1	1
OtO	Q8WWF5	Q9DAH2	2	1
OtO	Q8WWF8	Q6P8Y1	1	1
OtO	Q8WWG1	Q9WTX4	1	1
OtO	Q8WWG9	Q9WTW3	53	1
OtO	Q8WWH4	Q8VD46	1	1
OtO	Q8WWH5	Q8C0D0	1	1
OtO	Q8WWI5	Q6X893	1	1
OtO	Q8WWK9	Q3V1H1	1	1
OtO	Q8WWL2	Q8K1S6	1	1
OtO	Q8WWL7	Q810T2	1	1
OtO	Q8WWM7	Q7TQH0	1	1
OtO	Q8WWM9	Q9CX80	1	1
OtO	Q8WWN8	Q8R5G7	1	1
OtO	Q8WWP7	P70224	1	1
OtO	Q8WWQ0	Q8VDD9	1	1
OtO	Q8WWQ2	B2RY83	1	1
OtO	Q8WWQ8	Q8R4U0	1	1
OtO	Q8WWR8	Q8BZL1	1	1
OtO	Q8WWT9	Q91Y63	1	1
OtO	Q8WWU5	Q01755	8	1
OtO	Q8WWV3	Q924D0	1	1
OtO	Q8WWV6	Q2TB54	1	1
OtO	Q8WWW0	Q5EBH1	1	1
OtO	Q8WWW8	Q8BSM5	1	1
OtO	Q8WWX0	Q9D1A4	1	1
OtO	Q8WWX8	Q8K0E3	1	1
OtO	Q8WWX9	Q8VHC3	1	1
OtO	Q8WWY3	Q8CCF0	1	1
OtO	Q8WWY6	Q9D9H3	55	1
OtO	Q8WWY7	Q9JHY3	2	1
OtO	Q8WWY8	Q8CIV3	1	1
OtO	Q8WWZ1	Q8R459	1	1
OtO	Q8WWZ3	Q8VHX2	1	1
OtO	Q8WWZ7	Q8K448	1	1
OtO	Q8WWZ8	Q8R4V5	1	1
OtO	Q8WX39	Q9D267	5	1
OtO	Q8WX77	Q80W15	1	1
OtO	Q8WX92	Q8C4Y3	1	1
OtO	Q8WX93	Q9ET54	1	1
OtO	Q8WXA2	E9Q658	1	1
OtO	Q8WXA3	Q8R4C2	1	1
OtO	Q8WXA9	Q8BZX4	1	1
OtO	Q8WXB1	Q9CQL0	1	1
OtO	Q8WXB4	Q7TSV0	1	1
OtO	Q8WXC6	Q3U898	1	1
OtO	Q8WXD0	Q91ZZ5	2	1
OtO	Q8WXD2	P47867	1	1
OtO	Q8WXD5	Q9CX53	1	1
OtO	Q8WXD9	Q6P9K8	1	1
OtO	Q8WXE0	Q8VHK1	1	1
OtO	Q8WXE1	Q8BMG1	1	1
OtO	Q8WXE9	Q8BZ60	1	1
OtO	Q8WXF1	Q8R326	1	1
OtO	Q8WXF3	Q8CHK2	1	1
OtO	Q8WXF5	Q8VHL5	1647	1
OtO	Q8WXF7	Q8BH66	1	1
OtO	Q8WXF8	Q8QZV0	1	1
OtO	Q8WXG1	Q8CBB9	1	1
OtO	Q8WXG6	Q80U28	1	1
OtO	Q8WXG8	B9EJL3	1	1
OtO	Q8WXG9	Q8VHN7	1	1
OtO	Q8WXH0	Q6ZWQ0	1	1
OtO	Q8WXH2	Q9ET77	1	1
OtO	Q8WXH4	Q9CQ31	1	1
OtO	Q8WXH5	Q91ZA6	1	1
OtO	Q8WXI2	Q80YA9	1	1
OtO	Q8WXI3	Q91ZT7	1	1
OtO	Q8WXI4	Q8VHQ9	1	1
OtO	Q8WXI7	A0A140LJ72	1	1
OtO	Q8WXI8	Q9Z2H6	1	1
OtO	Q8WXI9	Q8VHR5	1	1
OtO	Q8WXJ9	Q8VHP9	1	1
OtO	Q8WXK1	Q8VHS6	1	1
OtO	Q8WXK3	Q8VBX0	1	1
OtO	Q8WXK4	Q9D738	1	1
OtO	Q8WXQ8	Q8R4H4	1	1
OtO	Q8WXR4	Q1EG27	1	1
OtO	Q8WXS3	Q8VHV1	1	1
OtO	Q8WXS4	Q9JJV3	1	1
OtO	Q8WXS5	Q8VHW2	1	1
OtO	Q8WXS8	E9PX39	1	1
OtO	Q8WXU2	Q8R368	1	1
OtO	Q8WXW3	E9Q6K3	1	1
OtO	Q8WXX5	Q91WN1	1	1
OtO	Q8WXX7	A0A087WPF7	1	1
OtO	Q8WY07	P70423	1	1
OtO	Q8WY21	Q9JLC4	1	1
OtO	Q8WY22	Q8BXV2	1	1
OtO	Q8WY36	Q8VBW5	1	1
OtO	Q8WY41	Q80WY3	1	1
OtO	Q8WY54	Q80TL0	1	1
OtO	Q8WY64	Q8BM54	1	1
OtO	Q8WY91	Q6P3Z3	1	1
OtO	Q8WY98	Q8R1E7	1	1
OtO	Q8WYA0	O35594	1	1
OtO	Q8WYA1	Q2VPD4	1	1
OtO	Q8WYA6	Q9CWL8	1	1
OtO	Q8WYB5	Q8BRB7	1	1
OtO	Q8WYH8	Q9D8Y8	1	1
OtO	Q8WYJ6	P42209	1	1
OtO	Q8WYK0	Q9DBK0	1	1
OtO	Q8WYK2	P97875	1	1
OtO	Q8WYL5	Q76I79	1	1
OtO	Q8WYN3	P59055	1	1
OtO	Q8WYP3	Q9D684	1	1
OtO	Q8WYP5	Q8CJF7	1	1
OtO	Q8WYQ3	Q7TNL9	1	1
OtO	Q8WYQ4	A0A1W2P7T4	1	1
OtO	Q8WYQ5	Q9EQM6	1	1
OtO	Q8WYQ9	Q8VIG0	1	1
OtO	Q8WYR1	Q5SW28	1	1
OtO	Q8WYR4	Q8VIG3	1	1
OtO	Q8WZ04	A1Y9I9	1	1
OtO	Q8WZ19	Q8BGV7	1	1
OtO	Q8WZ42	A2ASS6	1	1
OtO	Q8WZ55	Q8VIM4	1	1
OtO	Q8WZ59	Q9D2E9	1	1
OtO	Q8WZ60	Q6V595	1	1
OtO	Q8WZ64	Q8BZ05	1	1
OtO	Q8WZ71	Q6F5E0	1	1
OtO	Q8WZ73	Q6ZQM0	1	1
OtO	Q8WZ74	B9EJA2	1	1
OtO	Q8WZ75	Q8C310	1	1
OtO	Q8WZ79	Q9QY48	1	1
OtO	Q8WZ82	Q9D7E3	1	1
OtO	Q8WZA0	Q8K3C3	1	1
OtO	Q8WZA1	Q91X88	1	1
OtO	Q8WZA2	Q9EQZ6	1	1
OtO	Q8WZA9	Q8VIM9	1	1
OtO	Q92185	Q64687	1	1
OtO	Q92186	O35696	1	1
OtO	Q92187	Q64692	1	1
OtO	Q92466	Q99J79	1	1
OtO	Q92481	Q61313	1	1
OtO	Q92482	Q8R2N1	1	1
OtO	Q92484	P70158	1	1
OtO	Q92485	P58242	1	1
OtO	Q92499	Q91VR5	1	1
OtO	Q92502	Q8K031	1	1
OtO	Q92503	A8Y5H7	1	1
OtO	Q92504	Q31125	1	1
OtO	Q92506	P50171	1	1
OtO	Q92508	E2JF22	1	1
OtO	Q92519	Q8K4K3	1	1
OtO	Q92520	Q91VU0	1	1
OtO	Q92521	Q9JJQ0	1	1
OtO	Q92523	Q924X2	1	1
OtO	Q92527	Q9D504	1	1
OtO	Q92529	Q61120	2	1
OtO	Q92530	Q8BHL8	1	1
OtO	Q92535	Q9CXR4	1	1
OtO	Q92536	Q8BGK6	1	1
OtO	Q92537	Q8BGE4	1	1
OtO	Q92538	Q6DFZ1	1	1
OtO	Q92539	Q99PI5	1	1
OtO	Q92540	Q5RJH6	1	1
OtO	Q92541	A2AQ19	1	1
OtO	Q92542	P57716	1	1
OtO	Q92543	Q6P4T1	1	1
OtO	Q92544	Q8BH24	1	1
OtO	Q92545	O70472	1	1
OtO	Q92546	Q8BHT7	1	1
OtO	Q92547	Q6ZQF0	1	1
OtO	Q92551	Q6PD10	1	1
OtO	Q92552	Q8BK72	1	1
OtO	Q92556	Q8BPU7	1	1
OtO	Q92558	Q8R5H6	1	1
OtO	Q92560	Q99PU7	1	1
OtO	Q92561	Q8K0S0	1	1
OtO	Q92562	Q91WF7	1	1
OtO	Q92563	Q9ER58	1	1
OtO	Q92564	Q8CCA0	1	1
OtO	Q92565	Q8C0Q9	1	1
OtO	Q92567	Q8BGZ2	1	1
OtO	Q92569	Q64143	1	1
OtO	Q92570	Q9QZB6	1	1
OtO	Q92572	Q9DCR2	1	1
OtO	Q92574	Q9EP53	1	1
OtO	Q92575	Q8VCH8	1	1
OtO	Q92576	B2RQG2	1	1
OtO	Q92581	A1L3P4	1	1
OtO	Q92585	Q6T264	1	1
OtO	Q92597	Q62433	1	1
OtO	Q92598	Q61699	1	1
OtO	Q92599	Q8CHH9	2	1
OtO	Q92600	Q9JKY0	1	1
OtO	Q92604	Q91YX5	1	1
OtO	Q92608	Q8C3J5	1	1
OtO	Q92609	Q80XQ2	1	1
OtO	Q92610	Q8BHZ4	1	1
OtO	Q92611	Q925U4	1	1
OtO	Q92613	Q6IE82	1	1
OtO	Q92614	Q9JMH9	1	1
OtO	Q92615	Q6A0A2	1	1
OtO	Q92616	E9PVA8	1	1
OtO	Q92618	Q7TSH3	1	1
OtO	Q92619	Q3TBD2	1	1
OtO	Q92620	Q80X98	1	1
OtO	Q92621	B9EJ54	1	1
OtO	Q92622	Q80U62	1	1
OtO	Q92623	Q3V038	1	1
OtO	Q92624	Q9DAX9	1	1
OtO	Q92625	P59672	1	1
OtO	Q92626	Q3UQ28	1	1
OtO	Q92628	Q80U59	1	1
OtO	Q92629	P82347	1	1
OtO	Q92630	Q5U4C9	1	1
OtO	Q92633	P61793	1	1
OtO	Q92636	O35242	1	1
OtO	Q92643	Q9CXY9	1	1
OtO	Q92664	Q8VHT7	1	1
OtO	Q92665	Q61733	1	1
OtO	Q92667	O08715	1	1
OtO	Q92673	O88307	1	1
OtO	Q92674	Q8K1K4	1	1
OtO	Q92681	Q9ER99	2	1
OtO	Q92685	Q8K2A8	1	1
OtO	Q92686	P60761	1	1
OtO	Q92688	Q9EST5	3	1
OtO	Q92692	P32507	1	1
OtO	Q92696	Q9JHK4	1	1
OtO	Q92698	P70270	1	1
OtO	Q92729	B1AUH1	1	1
OtO	Q92730	Q8BLR7	1	1
OtO	Q92731	O08537	1	1
OtO	Q92733	Q9EQC8	1	1
OtO	Q92734	Q9Z1A1	1	1
OtO	Q92736	E9Q401	1	1
OtO	Q92737	Q8K5A4	1	1
OtO	Q92738	Q80XC3	1	1
OtO	Q92743	Q9R118	1	1
OtO	Q92747	Q9R0Q6	1	1
OtO	Q92748	Q62264	1	1
OtO	Q92750	G5E8Z2	1	1
OtO	Q92752	Q8BYI9	1	1
OtO	Q92753	Q8R1B8	1	1
OtO	Q92754	Q61312	1	1
OtO	Q92759	O70422	1	1
OtO	Q92764	Q497I4	1	1
OtO	Q92765	P97401	1	1
OtO	Q92766	Q3UH06	1	1
OtO	Q92769	P70288	1	1
OtO	Q92772	Q9QUK0	1	1
OtO	Q92777	Q64332	1	1
OtO	Q92781	O55240	1	1
OtO	Q92782	Q9QX66	1	1
OtO	Q92783	P70297	1	1
OtO	Q92784	P58269	1	1
OtO	Q92785	Q61103	1	1
OtO	Q92786	P48437	1	1
OtO	Q92791	Q8K2B0	1	1
OtO	Q92793	P45481	1	1
OtO	Q92794	Q8BZ21	1	1
OtO	Q92796	P70175	1	1
OtO	Q92797	Q80X82	1	1
OtO	Q92800	P70351	1	1
OtO	Q92802	Q8JZS6	1	1
OtO	Q92804	Q8BQ46	1	1
OtO	Q92805	Q9CW79	1	1
OtO	Q92806	P48543	1	1
OtO	Q92813	Q9Z1Y9	1	1
OtO	Q92817	Q9D952	1	1
OtO	Q92819	P70312	1	1
OtO	Q92820	Q9Z0L8	1	1
OtO	Q92823	Q810U4	1	1
OtO	Q92824	Q04592	1	1
OtO	Q92826	P70321	1	1
OtO	Q92828	Q8C0P5	1	1
OtO	Q92830	Q9JHD2	1	1
OtO	Q92831	Q9JHD1	1	1
OtO	Q92832	Q2VWQ2	1	1
OtO	Q92833	Q62315	1	1
OtO	Q92834	Q9R0X5	1	1
OtO	Q92835	Q9ES52	1	1
OtO	Q92837	P70339	1	1
OtO	Q92838	O54693	1	1
OtO	Q92839	Q61647	1	1
OtO	Q92841	Q501J6	1	1
OtO	Q92843	P70345	1	1
OtO	Q92844	P70347	1	1
OtO	Q92845	P70188	1	1
OtO	Q92847	Q99P50	1	1
OtO	Q92854	O09126	1	1
OtO	Q92858	P48985	1	1
OtO	Q92859	P97798	1	1
OtO	Q92870	Q9DBR4	1	1
OtO	Q92871	O35621	1	1
OtO	Q92874	Q9D1G0	1	1
OtO	Q92876	Q91Y82	1	1
OtO	Q92878	P70388	1	1
OtO	Q92879	P28659	1	1
OtO	Q92882	Q62422	1	1
OtO	Q92886	P70660	1	1
OtO	Q92887	Q8VI47	1	1
OtO	Q92888	Q61210	1	1
OtO	Q92889	Q9QZD4	1	1
OtO	Q92890	P70362	1	1
OtO	Q92896	Q61543	1	1
OtO	Q92900	Q9EPU0	1	1
OtO	Q92901	E9PWZ3	1	1
OtO	Q92902	O08983	1	1
OtO	Q92903	P98191	1	1
OtO	Q92904	Q64368	1	1
OtO	Q92905	O35864	1	1
OtO	Q92908	Q61169	1	1
OtO	Q92911	Q99PN0	1	1
OtO	Q92913	P70377	1	1
OtO	Q92914	P70378	1	1
OtO	Q92915	P70379	1	1
OtO	Q92917	Q56A08	1	1
OtO	Q92918	P70218	1	1
OtO	Q92922	P97496	1	1
OtO	Q92925	Q99JR8	1	1
OtO	Q92930	P61028	1	1
OtO	Q92932	P80560	1	1
OtO	Q92934	Q61337	1	1
OtO	Q92935	Q9JKV7	1	1
OtO	Q92945	Q3U0V1	1	1
OtO	Q92947	Q60759	1	1
OtO	Q92949	Q61660	1	1
OtO	Q92952	Q9EQR3	1	1
OtO	Q92953	A6H8H5	1	1
OtO	Q92954	Q9JM99	1	1
OtO	Q92956	Q80WM9	2	1
OtO	Q92959	Q9EPT5	1	1
OtO	Q92963	P70426	1	1
OtO	Q92966	Q9D2C9	1	1
OtO	Q92968	Q9D0K1	1	1
OtO	Q92973	Q8BFY9	1	1
OtO	Q92974	Q60875	1	1
OtO	Q92979	O35130	1	1
OtO	Q92982	O70131	1	1
OtO	Q92985	P70434	1	1
OtO	Q92988	P70436	1	1
OtO	Q92989	Q99LI9	1	1
OtO	Q92990	Q8BZM1	1	1
OtO	Q92993	Q8CHK4	1	1
OtO	Q92994	Q8CFK2	1	1
OtO	Q92995	Q5BKP2	1	1
OtO	Q92997	Q61062	1	1
OtO	Q93008	P70398	1	1
OtO	Q93009	Q6A4J8	1	1
OtO	Q93015	Q9R123	1	1
OtO	Q93033	A8E0Y8	1	1
OtO	Q93034	Q9D5V5	1	1
OtO	Q93038	B1AWN9	1	1
OtO	Q93045	P55821	1	1
OtO	Q93050	Q9Z1G4	1	1
OtO	Q93052	Q8BFW7	1	1
OtO	Q93062	Q9WVB0	1	1
OtO	Q93063	P70428	1	1
OtO	Q93070	Q9CRA0	1	1
OtO	Q93073	Q6A098	1	1
OtO	Q93074	A2AGH6	1	1
OtO	Q93075	B7ZNL9	1	1
OtO	Q93084	Q64518	1	1
OtO	Q93088	O35490	1	1
OtO	Q93091	Q9D244	1	1
OtO	Q93096	Q63739	1	1
OtO	Q93097	O70283	1	1
OtO	Q93098	Q9WUD6	1	1
OtO	Q93099	O09173	1	1
OtO	Q93100	Q7TSH2	1	1
OtO	Q95460	Q8HWB0	1	1
OtO	Q969D9	Q9JIE6	1	1
OtO	Q969E1	Q91V13	1	1
OtO	Q969E2	Q9JKV5	1	1
OtO	Q969E3	Q924A4	1	1
OtO	Q969E8	Q8C8T8	1	1
OtO	Q969F0	Q8CEK7	6361	1
OtO	Q969F1	Q9D8P7	1	1
OtO	Q969F2	Q8VE28	1	1
OtO	Q969F8	Q91V45	1	1
OtO	Q969F9	Q91VB4	1	1
OtO	Q969G2	P53776	1	1
OtO	Q969G3	O54941	1	1
OtO	Q969G5	Q91VJ2	1	1
OtO	Q969G6	Q8CFV9	1	1
OtO	Q969G9	Q99MH6	1	1
OtO	Q969H0	Q8VBV4	1	1
OtO	Q969H4	A2A9K7	1	1
OtO	Q969H6	Q9DB28	1	1
OtO	Q969H8	Q9CPT4	1	1
OtO	Q969I6	Q8R1S9	1	1
OtO	Q969J3	Q9D920	1	1
OtO	Q969J5	Q80XF5	1	1
OtO	Q969K3	Q99KR6	1	1
OtO	Q969K4	Q99LJ2	1	1
OtO	Q969K7	Q9D7S1	1	1
OtO	Q969L2	Q8BI08	1	1
OtO	Q969L4	Q8QZX5	1	1
OtO	Q969M1	Q9CZR3	1	1
OtO	Q969M2	Q9WUS4	1	1
OtO	Q969M3	Q9EQQ2	1	1
OtO	Q969M7	Q9CY34	1	1
OtO	Q969N2	Q8BXQ2	1	1
OtO	Q969P0	Q8R366	1	1
OtO	Q969P5	Q9CPU7	1	1
OtO	Q969P6	Q8R4U6	1	1
OtO	Q969Q1	Q38HM4	1	1
OtO	Q969Q4	Q6P3A9	1	1
OtO	Q969Q5	P35290	1	1
OtO	Q969Q6	Q9JK24	1	1
OtO	Q969R2	Q5QNQ6	1	1
OtO	Q969R5	P59178	1	1
OtO	Q969R8	Q91WI7	1	1
OtO	Q969S0	Q8CIA5	1	1
OtO	Q969S2	Q6R2P8	1	1
OtO	Q969S3	Q91VY9	1	1
OtO	Q969S6	Q8R235	1	1
OtO	Q969S8	Q6P3E7	1	1
OtO	Q969S9	Q8R2Q4	1	1
OtO	Q969T3	Q3UR97	1	1
OtO	Q969T4	P52483	1	1
OtO	Q969T7	Q3UFY7	1	1
OtO	Q969T9	P97765	1	1
OtO	Q969U6	Q9QXW2	1	1
OtO	Q969U7	Q9EST4	1	1
OtO	Q969V3	Q8VCM8	1	1
OtO	Q969V4	Q9DAJ2	1	1
OtO	Q969V5	Q8VCM5	1	1
OtO	Q969V6	Q8K4J6	1	1
OtO	Q969W0	Q8R207	1	1
OtO	Q969W1	Q9ESG8	1	1
OtO	Q969W3	A2A6P4	1	1
OtO	Q969W8	Q8VCI1	2	1
OtO	Q969W9	Q9D7R2	1	1
OtO	Q969X0	Q99LE1	1	1
OtO	Q969X1	Q8BJZ3	1	1
OtO	Q969X2	Q9JM95	1	1
OtO	Q969X5	Q9DC16	1	1
OtO	Q969X6	Q8R2N2	1	1
OtO	Q969Y0	B9EKK6	1	1
OtO	Q969Y2	Q923K4	1	1
OtO	Q969Z0	Q91YM4	1	1
OtO	Q969Z3	Q922Q1	1	1
OtO	Q969Z4	Q8BX43	1	1
OtO	Q96A00	Q91VC7	1	1
OtO	Q96A04	Q9DA44	1	1
OtO	Q96A08	P70696	1	1
OtO	Q96A09	Q8C152	1	1
OtO	Q96A11	P61315	1	1
OtO	Q96A19	Q3TMW1	1	1
OtO	Q96A22	Q9D8L0	1	1
OtO	Q96A23	Q8BLR2	1	1
OtO	Q96A25	Q8VC04	1	1
OtO	Q96A26	Q9D6U8	1	1
OtO	Q96A28	Q9D780	1	1
OtO	Q96A29	Q8BLX4	1	1
OtO	Q96A32	P97457	1	1
OtO	Q96A33	Q9D024	1	1
OtO	Q96A35	Q9CQ06	1	1
OtO	Q96A37	Q3U9F6	1	1
OtO	Q96A44	Q8R5B6	1	1
OtO	Q96A46	Q8R0Z5	1	1
OtO	Q96A47	Q9CXV0	1	1
OtO	Q96A49	Q9D5V6	1	1
OtO	Q96A54	Q91VH1	1	1
OtO	Q96A56	Q9QXE4	1	1
OtO	Q96A57	Q8CIB6	1	1
OtO	Q96A58	Q8R367	1	1
OtO	Q96A59	Q9D956	1	1
OtO	Q96A65	O35382	1	1
OtO	Q96A70	Q8BVM4	1	1
OtO	Q96A73	Q9DBN4	1	1
OtO	Q96A83	Q91VF6	1	1
OtO	Q96A84	Q91VF5	1	1
OtO	Q96A98	Q91W27	1	1
OtO	Q96A99	Q6RUU0	1	1
OtO	Q96AA3	Q8C3B8	1	1
OtO	Q96AA8	D3YXK0	1	1
OtO	Q96AB3	P85094	1	1
OtO	Q96AB6	Q64311	1	1
OtO	Q96AC1	Q8CIB5	1	1
OtO	Q96AC6	O08672	1	1
OtO	Q96AD5	Q8BJ56	1	1
OtO	Q96AE4	Q91WJ8	1	1
OtO	Q96AE7	E9PVB5	1	1
OtO	Q96AG3	Q9CQS4	1	1
OtO	Q96AG4	Q922Q8	1	1
OtO	Q96AH0	Q8BGW5	1	1
OtO	Q96AH8	Q8VEA8	1	1
OtO	Q96AJ1	Q8R3P7	1	1
OtO	Q96AJ9	O89116	1	1
OtO	Q96AM1	Q8VCJ6	1	1
OtO	Q96AN5	Q8VD26	1	1
OtO	Q96AP0	Q5EE38	1	1
OtO	Q96AP4	Q3T9Z9	1	1
OtO	Q96AP7	Q925F2	1	1
OtO	Q96AQ2	Q8CHQ6	1	1
OtO	Q96AQ6	Q3TVI8	1	1
OtO	Q96AQ7	P56198	1	1
OtO	Q96AQ8	Q9CXD6	1	1
OtO	Q96AQ9	A2ADB2	1	1
OtO	Q96AT1	Q8K039	1	1
OtO	Q96AT9	Q8VEE0	1	1
OtO	Q96AV8	Q6S7F2	1	1
OtO	Q96AW1	Q8R1C3	1	1
OtO	Q96AX1	Q9D2N9	1	1
OtO	Q96AX2	Q9JKM7	1	1
OtO	Q96AX9	Q8R516	1	1
OtO	Q96AY2	Q8BJW7	1	1
OtO	Q96AY3	Q61576	1	1
OtO	Q96AY4	Q80XJ3	1	1
OtO	Q96AZ1	D3YWP0	1	1
OtO	Q96AZ6	Q9JL16	17011	1
OtO	Q96B01	Q8C551	1	1
OtO	Q96B02	Q8VDW4	1	1
OtO	Q96B18	Q0PHV7	1	1
OtO	Q96B21	Q8VCZ2	1	1
OtO	Q96B23	Q8BH50	1	1
OtO	Q96B26	Q9D753	1	1
OtO	Q96B33	Q9D7D7	1	1
OtO	Q96B36	Q9D1F4	1	1
OtO	Q96B42	Q3TUD9	1	1
OtO	Q96B45	Q9CRC6	1	1
OtO	Q96B49	Q9CQN3	1	1
OtO	Q96B54	Q8C1M2	1	1
OtO	Q96B67	Q7TPQ9	1	1
OtO	Q96B70	Q8BTN6	1	1
OtO	Q96B77	Q9CR76	1	1
OtO	Q96B86	Q6PCX7	1	1
OtO	Q96B96	Q922Z1	1	1
OtO	Q96B97	Q8R550	1	1
OtO	Q96BA8	Q9Z125	1	1
OtO	Q96BD0	Q8K078	1	1
OtO	Q96BD5	Q6ZPK0	1	1
OtO	Q96BD6	Q9D5L7	1	1
OtO	Q96BD8	Q9CPV1	1	1
OtO	Q96BF6	Q9DCM7	1	1
OtO	Q96BH1	Q9QZR0	1	1
OtO	Q96BI1	Q78KK3	1	1
OtO	Q96BI3	Q8BVF7	1	1
OtO	Q96BJ3	Q8C4Q6	1	1
OtO	Q96BJ8	Q8BYZ7	1	1
OtO	Q96BK5	Q9CZX5	1	1
OtO	Q96BM1	Q8BH83	1	1
OtO	Q96BM9	Q8VEH3	1	1
OtO	Q96BN2	Q99LM9	1	1
OtO	Q96BN6	Q6NSV7	1	1
OtO	Q96BN8	Q3UCV8	1	1
OtO	Q96BP2	Q9CQA6	1	1
OtO	Q96BP3	Q8CEC6	1	1
OtO	Q96BQ1	P97805	3	1
OtO	Q96BQ5	Q3TC33	1	1
OtO	Q96BR1	Q9ERE3	1	1
OtO	Q96BR5	Q921H9	1	1
OtO	Q96BR9	Q9CWH1	1	1
OtO	Q96BS2	Q9JKL5	1	1
OtO	Q96BT1	A0A5F8MPS3	1	1
OtO	Q96BT3	Q3TJM4	1	1
OtO	Q96BT7	Q80Y20	1	1
OtO	Q96BU1	Q9D5K4	1	1
OtO	Q96BV0	Q8BI73	1	1
OtO	Q96BW1	B1AVZ0	1	1
OtO	Q96BW5	Q60866	1	1
OtO	Q96BW9	Q3TUH1	7093	1
OtO	Q96BX8	Q8BSU7	1	1
OtO	Q96BY2	Q9ERH6	1	1
OtO	Q96BY6	Q8BZN6	1	1
OtO	Q96BY7	Q80XK6	1	1
OtO	Q96BY9	Q8R3Q0	1	1
OtO	Q96BZ4	Q8BG07	1	1
OtO	Q96BZ8	Q9DB98	1	1
OtO	Q96BZ9	Q9D9I4	1	1
OtO	Q96C00	Q8CDC7	1	1
OtO	Q96C01	Q9CR98	1	1
OtO	Q96C03	Q5NCS9	1	1
OtO	Q96C10	Q99J87	1	1
OtO	Q96C11	A2AJL3	1	1
OtO	Q96C12	Q5EBP3	1	1
OtO	Q96C19	Q9D8Y0	1	1
OtO	Q96C23	Q8K157	1	1
OtO	Q96C24	Q9R0Q1	1	1
OtO	Q96C28	D3Z445	1	1
OtO	Q96C34	Q0VDN7	1	1
OtO	Q96C36	Q922Q4	1	1
OtO	Q96C45	Q3V129	1	1
OtO	Q96C55	Q9D0B1	1	1
OtO	Q96C57	Q3UY34	1	1
OtO	Q96C74	Q9EQ00	1	1
OtO	Q96C86	Q9DAR7	1	1
OtO	Q96C90	Q62084	1	1
OtO	Q96C92	A2AIW0	1	1
OtO	Q96CA5	A2AWP0	1	1
OtO	Q96CB8	Q9D168	1	1
OtO	Q96CC6	Q6PIX5	1	1
OtO	Q96CD0	Q8CIG9	1	1
OtO	Q96CD2	Q8BZB2	1	1
OtO	Q96CF2	Q9D7F7	1	1
OtO	Q96CG3	Q793I8	1	1
OtO	Q96CG8	Q9D1D6	1	1
OtO	Q96CH1	Q99LE2	1	1
OtO	Q96CJ1	Q91ZD6	1	1
OtO	Q96CK0	Q6YND2	1	1
OtO	Q96CM3	Q9CWX4	1	1
OtO	Q96CM4	Q8VC33	1	1
OtO	Q96CM8	Q8VCW8	1	1
OtO	Q96CN5	Q8CIM1	1	1
OtO	Q96CN7	Q91V64	1	1
OtO	Q96CN9	Q9D4H2	1	1
OtO	Q96CP2	Q9CQE9	4	1
OtO	Q96CP6	Q8VEF1	1	1
OtO	Q96CP7	Q99JT6	1	1
OtO	Q96CQ1	Q922G0	1	1
OtO	Q96CS2	Q8BHX1	1	1
OtO	Q96CS3	Q3TDN2	1	1
OtO	Q96CS4	Q8BKK5	1	1
OtO	Q96CS7	Q9QZC7	1	1
OtO	Q96CT2	Q80T74	1	1
OtO	Q96CT7	Q9D8X2	1	1
OtO	Q96CU9	Q3TQB2	1	1
OtO	Q96CV9	Q8K3K8	1	1
OtO	Q96CW1	P84091	1	1
OtO	Q96CW5	P58854	1	1
OtO	Q96CW6	Q7TPE5	1	1
OtO	Q96CW9	Q8R4F1	1	1
OtO	Q96CX2	Q6WVG3	1	1
OtO	Q96CX6	Q3UGP9	1	1
OtO	Q96D03	Q8VHZ5	1	1
OtO	Q96D05	Q9D882	1	1
OtO	Q96D09	Q8BUY8	1	1
OtO	Q96D15	Q8BH97	1	1
OtO	Q96D21	P63032	1	1
OtO	Q96D31	Q8BWG9	1	1
OtO	Q96D46	Q99L48	1	1
OtO	Q96D53	Q566J8	1	1
OtO	Q96D59	Q8QZS5	1	1
OtO	Q96D70	Q4VBF2	1	1
OtO	Q96D71	O54916	1	1
OtO	Q96D96	Q3U2S8	1	1
OtO	Q96D98	E9Q2Y0	7	1
OtO	Q96DA2	Q8BHC1	1	1
OtO	Q96DA6	Q9CQV7	1	1
OtO	Q96DB2	Q91WA3	1	1
OtO	Q96DB5	Q9DCV4	1	1
OtO	Q96DB9	P97808	1	1
OtO	Q96DC7	Q8BQX5	1	1
OtO	Q96DC8	Q9D7J9	1	1
OtO	Q96DC9	Q9CQX0	1	1
OtO	Q96DD0	Q8BGI7	1	1
OtO	Q96DD7	Q8CA71	1	1
OtO	Q96DE0	Q6P3D0	1	1
OtO	Q96DE5	Q9CPV2	1	1
OtO	Q96DF8	O70279	1	1
OtO	Q96DG6	Q8R1G2	1	1
OtO	Q96DH6	Q920Q6	1	1
OtO	Q96DI7	Q6PE01	1	1
OtO	Q96DL1	Q3U095	1	1
OtO	Q96DM3	Q8VC42	1	1
OtO	Q96DN0	Q9D8U3	1	1
OtO	Q96DN2	Q3U515	1	1
OtO	Q96DN5	Q6NXY1	1	1
OtO	Q96DN6	Q3TY92	1	1
OtO	Q96DP5	Q9D799	1	1
OtO	Q96DR4	Q99JV5	1	1
OtO	Q96DR5	P07743	1	1
OtO	Q96DR7	D3YYY8	1	1
OtO	Q96DT0	Q91VD1	1	1
OtO	Q96DT5	E9Q7N9	1	1
OtO	Q96DT6	Q811C2	1	1
OtO	Q96DT7	E9Q8X5	1	1
OtO	Q96DU3	Q9ET39	3	1
OtO	Q96DU7	Q7TS72	1	1
OtO	Q96DU9	Q8C7D3	1	1
OtO	Q96DV4	Q8K2M0	1	1
OtO	Q96DW6	Q91XD8	1	1
OtO	Q96DX4	Q8BVR6	1	1
OtO	Q96DX5	Q91ZT8	1	1
OtO	Q96DX7	Q9QXA7	1	1
OtO	Q96DX8	Q9ER80	1	1
OtO	Q96DY2	Q9D3V1	1	1
OtO	Q96DY7	Q8BJS8	1	1
OtO	Q96DZ1	Q8VEH8	1	1
OtO	Q96DZ5	B9EHT4	1	1
OtO	Q96DZ7	E9Q9H8	1	1
OtO	Q96DZ9	Q9D6G9	88	1
OtO	Q96E09	Q9DB52	1	1
OtO	Q96E11	Q9D6S7	1	1
OtO	Q96E14	Q3UPE3	1	1
OtO	Q96E16	Q80ZU4	1	1
OtO	Q96E17	P62823	1	1
OtO	Q96E22	Q99LJ8	1	1
OtO	Q96E29	Q8R3J4	1	1
OtO	Q96E35	Q9CQG3	1	1
OtO	Q96E40	Q7TPM5	26	1
OtO	Q96E52	Q9D8H7	1	1
OtO	Q96E66	Q9DAK8	1	1
OtO	Q96E93	O88713	1	1
OtO	Q96EA4	Q923A2	1	1
OtO	Q96EB1	Q9ER73	1	1
OtO	Q96EB6	Q923E4	1	1
OtO	Q96EC8	Q8BR70	1	1
OtO	Q96ED9	Q7TMK6	1	1
OtO	Q96EE3	Q8R2U0	1	1
OtO	Q96EE4	Q8BIS8	1	1
OtO	Q96EF6	Q9QZM8	1	1
OtO	Q96EG1	Q3TYD4	1	1
OtO	Q96EH3	Q9CWV0	1	1
OtO	Q96EH8	Q8CJC5	1	1
OtO	Q96EK2	Q8C966	1	1
OtO	Q96EK4	Q9JJD0	1	1
OtO	Q96EK5	Q6ZPU9	1	1
OtO	Q96EK6	Q9JK38	1	1
OtO	Q96EK7	Q6RI63	1	1
OtO	Q96EK9	Q9D1R2	1	1
OtO	Q96EL1	Q9CX62	22	1
OtO	Q96EL2	Q9CQV5	1	1
OtO	Q96EL3	Q9D1H8	1	1
OtO	Q96EM0	Q9CXA2	1	1
OtO	Q96EN8	Q14CH1	1	1
OtO	Q96EN9	Q9CYZ6	214	1
OtO	Q96EP0	Q924T7	1	1
OtO	Q96EP1	Q810L3	1	1
OtO	Q96EP5	Q9JII5	1	1
OtO	Q96EP9	Q3UEZ8	1	1
OtO	Q96EQ0	Q8VD33	1	1
OtO	Q96EQ8	Q9D9R0	1	1
OtO	Q96ER3	Q9D2C2	1	1
OtO	Q96ER9	Q3URS9	1	1
OtO	Q96ES6	Q5U419	1	1
OtO	Q96ES7	Q9DA08	1	1
OtO	Q96EU6	Q3UFY0	1	1
OtO	Q96EU7	Q9JMG2	1	1
OtO	Q96EV2	Q9CXK9	1	1
OtO	Q96EV8	Q91WZ8	1	1
OtO	Q96EW2	Q8BK58	1	1
OtO	Q96EX1	Q78RX3	1	1
OtO	Q96EX2	Q3UF64	1	1
OtO	Q96EX3	Q5U4F6	1	1
OtO	Q96EY1	Q99M87	1	1
OtO	Q96EY4	Q9CR02	1	1
OtO	Q96EY5	Q78HU3	1	1
OtO	Q96EY7	Q14C51	1	1
OtO	Q96EY8	Q9D273	1	1
OtO	Q96EY9	Q6PAT0	1	1
OtO	Q96EZ8	Q99L90	1	1
OtO	Q96F05	Q9D8N1	1	1
OtO	Q96F07	Q5SQX6	1	1
OtO	Q96F10	Q6P8J2	1	1
OtO	Q96F24	Q8VCQ3	1	1
OtO	Q96F25	Q9D081	1	1
OtO	Q96F44	Q99PQ2	1	1
OtO	Q96F45	Q7TMA2	1	1
OtO	Q96F46	Q60943	1	1
OtO	Q96F63	Q9DBT3	1	1
OtO	Q96F81	Q3TDN0	1	1
OtO	Q96F83	Q8BHN9	1	1
OtO	Q96F85	Q5M8N0	1	1
OtO	Q96F86	Q8K2D3	1	1
OtO	Q96FA3	Q8C669	1	1
OtO	Q96FB5	Q8BZG5	1	1
OtO	Q96FC7	Q8BGT8	1	1
OtO	Q96FE5	Q9D1T0	1	1
OtO	Q96FE7	Q7TMJ8	1	1
OtO	Q96FF7	A0A087WQ89	1	1
OtO	Q96FF9	Q9CPY3	1	1
OtO	Q96FG2	Q91YP6	2	1
OtO	Q96FH0	Q9D6Y4	1	1
OtO	Q96FI4	Q8K4Q6	1	1
OtO	Q96FJ0	Q76N33	1	1
OtO	Q96FJ2	Q9D0M5	1	1
OtO	Q96FK6	Q9D0R9	1	1
OtO	Q96FL8	Q8K0H1	1	1
OtO	Q96FL9	Q8BVG5	1	1
OtO	Q96FM1	A2A559	1	1
OtO	Q96FN4	P59108	1	1
OtO	Q96FN5	Q9D2Z8	1	1
OtO	Q96FN9	Q8BHA3	1	1
OtO	Q96FQ6	Q9D708	1	1
OtO	Q96FS4	P46062	1	1
OtO	Q96FT7	Q7TNS7	1	1
OtO	Q96FT9	Q9DA69	5	1
OtO	Q96FV0	Q9DAP0	1	1
OtO	Q96FV2	Q8VCA8	1	1
OtO	Q96FV3	Q9D7W4	1	1
OtO	Q96FV9	Q8R3N6	1	1
OtO	Q96FW1	Q7TQI3	1	1
OtO	Q96FX2	Q8K0W9	1	1
OtO	Q96FX7	Q80XC2	1	1
OtO	Q96FX8	Q9JK95	1	1
OtO	Q96FZ2	Q8R1M0	1	1
OtO	Q96FZ5	Q9ESD6	1	1
OtO	Q96FZ7	P0C0A3	1	1
OtO	Q96G01	Q8BR07	2	1
OtO	Q96G03	Q7TSV4	1	1
OtO	Q96G21	Q8VHZ7	1	1
OtO	Q96G23	Q924Z4	1	1
OtO	Q96G25	Q9D7W5	1	1
OtO	Q96G27	P97764	1	1
OtO	Q96G28	Q8C6E0	1	1
OtO	Q96G30	D3Z1Q2	1	1
OtO	Q96G46	Q91XI1	1	1
OtO	Q96G74	Q3U2S4	1	1
OtO	Q96G75	Q91YQ7	1	1
OtO	Q96G79	Q9D321	1	1
OtO	Q96G97	Q9Z2E9	1	1
OtO	Q96GA3	Q6NSQ7	1	1
OtO	Q96GA7	Q8R238	1	1
OtO	Q96GC5	Q8JZS9	1	1
OtO	Q96GC9	Q99KU0	1	1
OtO	Q96GD0	P60487	1	1
OtO	Q96GD3	Q8K214	1	1
OtO	Q96GD4	O70126	1	1
OtO	Q96GE4	Q8BVV7	1	1
OtO	Q96GE6	Q91WQ9	1	1
OtO	Q96GE9	Q9CQ00	370	1
OtO	Q96GF1	Q91YT2	1	1
OtO	Q96GG9	Q9QZ73	1	1
OtO	Q96GI7	Q14BJ1	1	1
OtO	Q96GJ1	Q8BQJ6	1	1
OtO	Q96GL9	Q8CAA5	1	1
OtO	Q96GM1	Q8VCY8	1	1
OtO	Q96GM5	Q61466	1	1
OtO	Q96GM8	Q9D2E2	1	1
OtO	Q96GN5	Q922M5	1	1
OtO	Q96GP6	P59222	1	1
OtO	Q96GQ5	Q91W34	1	1
OtO	Q96GQ7	Q921N6	1	1
OtO	Q96GR2	Q99PU5	1	1
OtO	Q96GR4	Q8VC90	1	1
OtO	Q96GS4	Q9D6W8	1	1
OtO	Q96GS6	Q99JW1	1	1
OtO	Q96GV9	Q8VEB3	1	1
OtO	Q96GW7	Q61361	1	1
OtO	Q96GW9	Q499X9	1	1
OtO	Q96GX1	Q2MV57	13	1
OtO	Q96GX2	Q3UD01	1	1
OtO	Q96GX5	Q8C0P0	1	1
OtO	Q96GX8	Q8K1L6	16	1
OtO	Q96GX9	Q9WVQ5	1	1
OtO	Q96GY0	Q8BJH1	1	1
OtO	Q96GY3	Q9D8N6	1	1
OtO	Q96GZ6	Q921R8	1	1
OtO	Q96H12	Q9CR78	1	1
OtO	Q96H15	Q6U7R4	1	1
OtO	Q96H20	Q9CZ28	1	1
OtO	Q96H22	Q9CZW2	1	1
OtO	Q96H35	Q9CR83	1	1
OtO	Q96H55	Q5SV80	1	1
OtO	Q96H72	Q8BZH0	1	1
OtO	Q96H78	Q8BGF9	1	1
OtO	Q96H79	Q8BFR1	1	1
OtO	Q96H96	Q66JT7	1	1
OtO	Q96HA4	A2ASP7	1533	1
OtO	Q96HA7	Q6NZL6	1	1
OtO	Q96HA8	Q80WB5	1	1
OtO	Q96HA9	Q6P6M5	1	1
OtO	Q96HB5	A2AEV7	1	1
OtO	Q96HC4	Q8CI51	1	1
OtO	Q96HD1	Q91XD7	1	1
OtO	Q96HD9	Q91XE4	1	1
OtO	Q96HE7	Q8R180	1	1
OtO	Q96HE8	Q9D3H0	8	1
OtO	Q96HE9	Q8BHE0	1	1
OtO	Q96HF1	P97299	1	1
OtO	Q96HH4	Q8BG50	1	1
OtO	Q96HH6	Q91W52	1	1
OtO	Q96HH9	Q6PEM6	1	1
OtO	Q96HI0	Q6NXL6	1	1
OtO	Q96HJ3	Q3UI66	1	1
OtO	Q96HJ5	Q920C4	1	1
OtO	Q96HJ9	Q9CR13	1	1
OtO	Q96HL8	O08641	1	1
OtO	Q96HM7	Q8BGX1	2	1
OtO	Q96HN2	Q68FL4	1	1
OtO	Q96HP0	Q8VDR9	1	1
OtO	Q96HP4	Q8VE38	1	1
OtO	Q96HP8	Q9DCS1	1	1
OtO	Q96HQ2	Q9D211	1	1
OtO	Q96HR3	Q9CQI9	1	1
OtO	Q96HR8	Q3UMQ8	1	1
OtO	Q96HR9	Q9JM62	1	1
OtO	Q96HS1	Q8BX10	1	1
OtO	Q96HU1	Q8VCZ6	1	1
OtO	Q96HU8	Q5PR73	1	1
OtO	Q96HV5	Q9D8U2	1	1
OtO	Q96HW7	Q8CIM8	1	1
OtO	Q96HY6	Q80WW9	1	1
OtO	Q96HY7	A2ATU0	1	1
OtO	Q96HZ4	Q9JHE6	1	1
OtO	Q96I13	Q8R0P8	1	1
OtO	Q96I15	Q9JLI6	1	1
OtO	Q96I23	Q9D1C3	1	1
OtO	Q96I24	A2AJ72	1	1
OtO	Q96I25	Q8JZX4	1	1
OtO	Q96I34	Q923M0	1	1
OtO	Q96I36	Q8BH51	1	1
OtO	Q96I45	A2AJB2	1	1
OtO	Q96I51	Q9CYF5	1	1
OtO	Q96I59	Q8BGV0	1	1
OtO	Q96I76	Q8BIY1	1	1
OtO	Q96I82	Q8BJ66	1	1
OtO	Q96I99	Q9Z2I8	1	1
OtO	Q96IC2	D3YW29	1	1
OtO	Q96ID5	Q7TNR6	1	1
OtO	Q96IF1	Q91XC0	1	1
OtO	Q96IG2	Q9CZV8	1	1
OtO	Q96II8	Q8BVU0	1	1
OtO	Q96IJ6	Q922H4	1	1
OtO	Q96IK0	Q91VP7	1	1
OtO	Q96IL0	Q9CQW7	1	1
OtO	Q96IM9	Q9D3X8	1	1
OtO	Q96IP4	D3Z5S8	1	1
OtO	Q96IQ7	Q9Z109	1	1
OtO	Q96IQ9	Q9DCK4	1	1
OtO	Q96IR7	Q8K248	1	1
OtO	Q96IT1	Q5SXI5	1	1
OtO	Q96IU2	Q9D0L1	698	1
OtO	Q96IU4	Q8VCR7	1	1
OtO	Q96IV0	Q9JI78	1	1
OtO	Q96IV6	A0A1W2P6W1	1	1
OtO	Q96IW2	O88834	1	1
OtO	Q96IW7	Q8BH47	1	1
OtO	Q96IX5	Q78IK2	1	1
OtO	Q96IY1	Q8K305	1	1
OtO	Q96IY4	Q9JHH6	1	1
OtO	Q96IZ0	Q925B0	1	1
OtO	Q96IZ2	Q8C138	1	1
OtO	Q96IZ5	Q8JZV4	1	1
OtO	Q96IZ7	Q9DBU6	1	1
OtO	Q96J01	Q8VE80	1	1
OtO	Q96J02	Q8C863	1	1
OtO	Q96J42	Q6P6J9	1	1
OtO	Q96J65	Q80WJ6	1	1
OtO	Q96J77	Q9CQ14	1	1
OtO	Q96J84	Q80W68	1	1
OtO	Q96J86	Q8VIH7	1	1
OtO	Q96J87	Q7TN33	1	1
OtO	Q96J88	Q8VDI1	1	1
OtO	Q96J92	Q80UE6	1	1
OtO	Q96J94	Q9JMB7	1	1
OtO	Q96JA1	P70193	1	1
OtO	Q96JA3	Q80W71	1	1
OtO	Q96JA4	A0A087WSD2	1	1
OtO	Q96JB1	Q91XQ0	2	1
OtO	Q96JB2	Q8CI04	1	1
OtO	Q96JB3	Q9JLZ6	1	1
OtO	Q96JB5	Q99LM2	1	1
OtO	Q96JB6	Q924C6	1	1
OtO	Q96JB8	Q6P7F1	1	1
OtO	Q96JC1	Q8R5L3	1	1
OtO	Q96JC9	Q9D4C5	1	1
OtO	Q96JD6	Q9DCT1	2	1
OtO	Q96JE7	Q91XT4	1	1
OtO	Q96JE9	Q7TSJ2	1	1
OtO	Q96JF0	Q76K27	1	1
OtO	Q96JG6	Q8CI71	1	1
OtO	Q96JG9	A0A571BEL3	1	1
OtO	Q96JH7	Q8CDG3	1	1
OtO	Q96JH8	Q69Z89	1	1
OtO	Q96JI7	Q3UHA3	1	1
OtO	Q96JJ3	Q8BHL5	1	1
OtO	Q96JJ6	Q80WT0	1	1
OtO	Q96JJ7	Q8BXZ1	1	1
OtO	Q96JK2	Q80T85	1	1
OtO	Q96JK4	Q14DK5	1	1
OtO	Q96JK9	D4QGC2	1	1
OtO	Q96JM2	B1AWL2	1	1
OtO	Q96JM3	Q8K327	1	1
OtO	Q96JM4	Q0P5X1	1	1
OtO	Q96JM7	Q8BLB7	2	1
OtO	Q96JN0	Q6ZPI3	1	1
OtO	Q96JN2	Q3TVA9	1	1
OtO	Q96JN8	Q5NCX5	1	1
OtO	Q96JP0	Q8CEF1	1	1
OtO	Q96JP2	I7HPW8	1	1
OtO	Q96JP5	Q62511	1	1
OtO	Q96JP9	Q8VHP6	1	1
OtO	Q96JQ0	E9PVD3	1	1
OtO	Q96JQ2	Q8C5W0	1	1
OtO	Q96JQ5	A0A087WRT7	1	1
OtO	Q96JT2	Q8K0H7	1	1
OtO	Q96JW4	Q8BYR8	1	1
OtO	Q96JX3	Q3U213	1	1
OtO	Q96JY0	Q8BVN9	1	1
OtO	Q96JY6	Q8R1G6	1	1
OtO	Q96JZ2	Q6VYH9	1	1
OtO	Q96K12	Q7TNT2	1	1
OtO	Q96K17	Q9CQH7	1	1
OtO	Q96K19	Q8CBG9	1	1
OtO	Q96K21	Q9DAZ9	1	1
OtO	Q96K30	Q9D1H0	1	1
OtO	Q96K37	Q8CD26	1	1
OtO	Q96K49	Q8BKU8	1	1
OtO	Q96K58	Q8K2R5	1	1
OtO	Q96K62	Q52KG4	1	1
OtO	Q96K76	Q8BY87	1	1
OtO	Q96K78	Q8BM96	1	1
OtO	Q96K80	Q8R205	1	1
OtO	Q96K83	Q6KAS7	1	1
OtO	Q96KA5	Q8BXA5	1	1
OtO	Q96KB5	Q9JJ78	1	1
OtO	Q96KC2	Q9D4P0	1	1
OtO	Q96KC8	Q61712	1	1
OtO	Q96KC9	Q8C633	1	1
OtO	Q96KD3	Q3UZD7	1	1
OtO	Q96KE9	Q8K2J9	1	1
OtO	Q96KF7	Q9CQQ0	1	1
OtO	Q96KG7	Q6DIB5	1	1
OtO	Q96KG9	Q9EQC5	1	1
OtO	Q96KJ4	Q8C160	1	1
OtO	Q96KJ9	Q91W29	1	1
OtO	Q96KK3	O35173	1	1
OtO	Q96KK4	Q8VFE2	1	1
OtO	Q96KM6	Q6PHP4	1	1
OtO	Q96KN1	D3YXJ5	1	1
OtO	Q96KN2	Q8BUG2	1	1
OtO	Q96KN3	Q8BG99	1	1
OtO	Q96KN4	Q9D650	1	1
OtO	Q96KN7	Q9EPQ2	1	1
OtO	Q96KN8	Q9CPX5	1	1
OtO	Q96KN9	Q8BSD4	6	1
OtO	Q96KP1	Q9D4H1	1	1
OtO	Q96KP4	Q9D1A2	1	1
OtO	Q96KP6	A0A1D5RMN0	5	1
OtO	Q96KQ4	Q62415	1	1
OtO	Q96KQ7	Q9Z148	1	1
OtO	Q96KR1	O88532	1	1
OtO	Q96KR4	Q8BMN4	1	1
OtO	Q96KR6	Q9D8B6	1	1
OtO	Q96KR7	Q8BYK5	1	1
OtO	Q96KS0	Q91YE2	1	1
OtO	Q96KS9	Q6P1G6	1	1
OtO	Q96KV7	Q6ZPG2	1	1
OtO	Q96KW2	Q5SW25	1	1
OtO	Q96KW9	Q9D2S4	1	1
OtO	Q96KX0	Q9D925	1	1
OtO	Q96KX1	Q9DAA3	1	1
OtO	Q96KX2	P70190	1	1
OtO	Q96L03	Q9D552	1	1
OtO	Q96L08	Q9D176	1	1
OtO	Q96L11	Q9D9P8	5	1
OtO	Q96L12	Q9D9Q6	1	1
OtO	Q96L15	P70352	1	1
OtO	Q96L33	Q8VDU1	1	1
OtO	Q96L34	Q8CIP4	1	1
OtO	Q96L42	P59111	1	1
OtO	Q96L46	Q9D7J7	1	1
OtO	Q96L50	D3YY91	1	1
OtO	Q96L58	Q91Z92	1	1
OtO	Q96L73	O88491	1	1
OtO	Q96L91	Q8CHI8	1	1
OtO	Q96L92	Q3UHD6	1	1
OtO	Q96L93	B1AVY7	1	1
OtO	Q96L94	Q8C084	1	1
OtO	Q96L96	Q924C5	1	1
OtO	Q96LA8	Q6NZB1	1	1
OtO	Q96LB3	Q8BKE9	1	1
OtO	Q96LB4	Q8BMC1	1	1
OtO	Q96LB8	Q0VB07	1	1
OtO	Q96LB9	A1A547	1	1
OtO	Q96LC9	Q91ZE9	1	1
OtO	Q96LD1	Q8BX51	1	1
OtO	Q96LD4	Q8C0E3	1	1
OtO	Q96LD8	Q9D2Z4	1	1
OtO	Q96LI5	Q8VEG6	1	1
OtO	Q96LI6	Q80Y37	1	1
OtO	Q96LI9	A0A5F8MPE6	1	1
OtO	Q96LJ7	Q99L04	1	1
OtO	Q96LJ8	Q8BG34	1	1
OtO	Q96LK0	Q9CQA8	1	1
OtO	Q96LK8	Q8C5V0	16	1
OtO	Q96LL3	E9Q9R3	336	1
OtO	Q96LL4	Q3TTJ4	2	1
OtO	Q96LL9	P59041	1	1
OtO	Q96LM5	A0A0G2JEB7	1748	1
OtO	Q96LM6	Q9DAG4	1	1
OtO	Q96LM9	A3KGJ9	94	1
OtO	Q96LP2	A0A140LI28	1	1
OtO	Q96LP6	E9Q9Q5	21	1
OtO	Q96LQ0	D3Z0R2	1	1
OtO	Q96LR2	Q9D6I9	1	1
OtO	Q96LR4	Q7TPG5	1	1
OtO	Q96LR5	Q91W82	1	1
OtO	Q96LR9	E9Q0X2	1	1
OtO	Q96LT4	Q9DA37	1	1
OtO	Q96LT6	Q9DAE8	22	1
OtO	Q96LT7	Q6DFW0	1	1
OtO	Q96LT9	Q3UZ01	1	1
OtO	Q96LU5	Q9CQU8	1	1
OtO	Q96LU7	Q3UN70	1	1
OtO	Q96LW2	Q5SYL1	1	1
OtO	Q96LW4	Q6P1E7	1	1
OtO	Q96LW7	Q9D1I2	491	1
OtO	Q96LX7	Q8CE13	2	1
OtO	Q96LX8	E9Q6S0	1	1
OtO	Q96LZ7	Q8BSE0	1	1
OtO	Q96M02	D2J0Y4	1	1
OtO	Q96M11	Q9CXX0	1	1
OtO	Q96M20	Q9D5U8	1	1
OtO	Q96M27	Q3UPH1	1	1
OtO	Q96M29	G5E8A8	4	1
OtO	Q96M32	Q9D2H2	1	1
OtO	Q96M34	A6X8Z9	4	1
OtO	Q96M53	Q7TSD4	33	1
OtO	Q96M60	Q9D518	1	1
OtO	Q96M61	Q8BQR7	1	1
OtO	Q96M63	Q3UX62	1	1
OtO	Q96M69	Q9D5S7	1	1
OtO	Q96M86	D3Z2X2	1	1
OtO	Q96M89	Q0VF22	1	1
OtO	Q96M91	Q9D439	1	1
OtO	Q96M93	Q5SUE7	1	1
OtO	Q96M94	A2AAX3	1	1
OtO	Q96M95	Q5SV66	1	1
OtO	Q96M96	Q91ZT5	1	1
OtO	Q96M98	Q9DAK2	1	1
OtO	Q96MA1	A2A9I7	1	1
OtO	Q96MA6	Q32M07	1	1
OtO	Q96MB7	Q8BR93	1	1
OtO	Q96MC2	Q3USS3	1	1
OtO	Q96MC4	Q497N6	4	1
OtO	Q96MC5	Q8R1Y2	1	1
OtO	Q96MC6	P70187	1	1
OtO	Q96MD2	Q6P1I3	1	1
OtO	Q96MD7	Q9CQ90	2	1
OtO	Q96ME7	Q69Z99	1	1
OtO	Q96MF2	Q8BZ71	1	1
OtO	Q96MF6	A0A1W2P7J1	1	1
OtO	Q96MF7	Q91VT1	1	1
OtO	Q96MG2	Q3MI48	1	1
OtO	Q96MG7	Q9CPR8	1	1
OtO	Q96MG8	P59913	1	1
OtO	Q96MH2	Q3TVI4	1	1
OtO	Q96MH6	Q9D850	1	1
OtO	Q96MH7	Q3UJC8	1	1
OtO	Q96MI6	Q8BU27	1	1
OtO	Q96MI9	Q09M05	1	1
OtO	Q96MK2	A1L3T7	1	1
OtO	Q96MK3	Q8CID3	1	1
OtO	Q96MM3	P22227	1	1
OtO	Q96MM6	Q9CZJ2	1	1
OtO	Q96MM7	Q80UW0	1	1
OtO	Q96MN5	Q8R2M0	1	1
OtO	Q96MN9	Q5HZG9	1	1
OtO	Q96MP5	Q8CFL8	1	1
OtO	Q96MP8	Q8BJK1	1	1
OtO	Q96MR6	Q9D180	1	1
OtO	Q96MS0	Q9Z2I4	1	1
OtO	Q96MS3	A4FUP9	1	1
OtO	Q96MT1	Q5SWK7	1	1
OtO	Q96MT3	Q3U5C7	1	1
OtO	Q96MT7	E9Q5M6	1	1
OtO	Q96MT8	Q3UPP8	1	1
OtO	Q96MU7	E9Q5K9	1	1
OtO	Q96MU8	Q99N43	1	1
OtO	Q96MV1	Q8CGF5	1	1
OtO	Q96MV8	Q8BGJ0	1	1
OtO	Q96MW1	Q9CR29	1	1
OtO	Q96MW5	Q9JJA2	1	1
OtO	Q96MX0	Q99LJ5	1	1
OtO	Q96MX3	Q3US17	1	1
OtO	Q96MX6	Q8BGF3	1	1
OtO	Q96MY1	Q6DIB4	1	1
OtO	Q96MY7	Q8CB59	1	1
OtO	Q96MZ0	Q8VE33	1	1
OtO	Q96N03	Q6PDS0	851	1
OtO	Q96N06	Q8C624	269	1
OtO	Q96N11	Q8BGA7	1	1
OtO	Q96N16	Q8BVL9	1	1
OtO	Q96N19	Q80ZU9	1	1
OtO	Q96N21	Q3U3N6	1	1
OtO	Q96N23	Q8C6S9	1	1
OtO	Q96N28	Q8VE85	1	1
OtO	Q96N46	Q9CSP9	1	1
OtO	Q96N64	Q69Z61	1	1
OtO	Q96N66	Q8CHK3	1	1
OtO	Q96N67	Q8R1A4	1	1
OtO	Q96N76	Q8VC12	1	1
OtO	Q96N77	Q8BZ34	1	1
OtO	Q96N87	O88576	1	1
OtO	Q96N96	Q5DU57	1	1
OtO	Q96NA2	Q5ND29	1	1
OtO	Q96NB1	Q9CZS3	1	1
OtO	Q96NB2	Q925N2	1	1
OtO	Q96NB3	Q8R1N0	1	1
OtO	Q96NC0	Q9CPW7	1	1
OtO	Q96ND0	Q8BGY7	1	1
OtO	Q96ND8	Q3V080	1	1
OtO	Q96NE9	Q8C0V9	1	1
OtO	Q96NG3	Q9D4B2	1	1
OtO	Q96NG5	E9Q1J0	1	1
OtO	Q96NG8	A0A1B0GSS6	2	1
OtO	Q96NH3	Q3URV1	1	1
OtO	Q96NI6	Q8BXA0	1	1
OtO	Q96NJ5	A2AJX0	1	1
OtO	Q96NJ6	Q8BLB0	1	1
OtO	Q96NK8	P48986	1	1
OtO	Q96NL0	Q6PDC0	1	1
OtO	Q96NL1	Q8BQU7	1	1
OtO	Q96NL6	G5E861	1	1
OtO	Q96NL8	Q3UJP5	1	1
OtO	Q96NM4	A2A472	1	1
OtO	Q96NN9	Q3TY86	1	1
OtO	Q96NR3	Q14B62	1	1
OtO	Q96NR8	Q8BYK4	1	1
OtO	Q96NS1	Q65Z93	1	1
OtO	Q96NS5	Q8VHS5	1	1
OtO	Q96NT0	Q8VE99	1	1
OtO	Q96NT1	Q9JJF0	1	1
OtO	Q96NT3	Q8BZI6	1	1
OtO	Q96NT5	Q6PEM8	1	1
OtO	Q96NU1	Q1RNF8	1	1
OtO	Q96NU7	Q9DBA8	1	1
OtO	Q96NW4	Q3UMR0	1	1
OtO	Q96NW7	Q80TE7	1	1
OtO	Q96NX5	Q91VB2	1	1
OtO	Q96NX9	Q925Q8	1	1
OtO	Q96NY7	Q8BHB9	1	1
OtO	Q96NY8	Q8R007	1	1
OtO	Q96NY9	Q91ZJ0	1	1
OtO	Q96NZ1	Q8K3Q3	1	1
OtO	Q96NZ8	Q8R0S6	1	1
OtO	Q96NZ9	Q80XD8	1	1
OtO	Q96P11	Q8K4F6	1	1
OtO	Q96P15	Q9CQV3	4	1
OtO	Q96P16	Q8VDS4	1	1
OtO	Q96P20	Q8R4B8	1	1
OtO	Q96P26	Q91YE9	273	1
OtO	Q96P47	Q8VHH5	1	1
OtO	Q96P48	Q4LDD4	1	1
OtO	Q96P50	Q6NXL5	1	1
OtO	Q96P53	Q8BUB4	1	1
OtO	Q96P56	A2ARP9	1	1
OtO	Q96P63	Q9D7P9	3	1
OtO	Q96P65	P83861	1	1
OtO	Q96P66	Q80T62	1	1
OtO	Q96P67	Q8BZR0	1	1
OtO	Q96P68	Q6IYF8	1	1
OtO	Q96P70	Q91YE6	1	1
OtO	Q96P71	Q9D6J4	1	1
OtO	Q96PB1	Q7TN73	1	1
OtO	Q96PB7	P63056	1	1
OtO	Q96PB8	Q8VCH9	1	1
OtO	Q96PC2	Q8BWD2	1	1
OtO	Q96PC3	Q7TN05	1	1
OtO	Q96PC5	Q91ZV0	1	1
OtO	Q96PD2	Q91ZV3	1	1
OtO	Q96PD4	Q7TNI7	1	1
OtO	Q96PD5	Q8VCS0	1	1
OtO	Q96PD6	Q91ZV4	1	1
OtO	Q96PD7	Q9DCV3	1	1
OtO	Q96PE1	Q91ZV8	1	1
OtO	Q96PE2	Q80U35	1	1
OtO	Q96PE3	Q9EPW0	1	1
OtO	Q96PE5	Q7M750	1	1
OtO	Q96PE7	Q9D1I5	1	1
OtO	Q96PF1	A2ART8	1	1
OtO	Q96PF2	O54863	1	1
OtO	Q96PG2	Q99N03	1	1
OtO	Q96PH6	A0A571BDR6	6	1
OtO	Q96PI1	Q8CGN8	1	1
OtO	Q96PK6	Q8C2Q3	1	1
OtO	Q96PL1	Q920H1	1	1
OtO	Q96PL2	O08524	1	1
OtO	Q96PL5	Q9JLN5	1	1
OtO	Q96PM5	Q9CR50	1	1
OtO	Q96PM9	Q8VD12	1	1
OtO	Q96PN6	Q8C0T9	1	1
OtO	Q96PN7	Q8BXJ2	1	1
OtO	Q96PN8	Q9D2E1	1	1
OtO	Q96PP4	Q9DA17	1	1
OtO	Q96PP8	Q8CFB4	1	1
OtO	Q96PQ0	Q9EPR5	1	1
OtO	Q96PQ6	Q8C0Q5	1	1
OtO	Q96PQ7	Q6PFE1	2	1
OtO	Q96PR1	Q14B80	1	1
OtO	Q96PS1	Q9D4K4	1	1
OtO	Q96PU4	Q7TMI3	1	1
OtO	Q96PU5	Q8CFI0	1	1
OtO	Q96PU8	Q9QYS9	1	1
OtO	Q96PU9	Q920N1	1	1
OtO	Q96PV0	F6SEU4	1	1
OtO	Q96PV4	Q5DTT8	23	1
OtO	Q96PV6	Q8CBY3	1	1
OtO	Q96PV7	Q3U2K0	1	1
OtO	Q96PX1	Q3TEL6	1	1
OtO	Q96PX6	Q5SP85	1	1
OtO	Q96PX8	Q810C1	1	1
OtO	Q96PY5	A2APV2	1	1
OtO	Q96PY6	P51954	1	1
OtO	Q96PZ0	Q91VU7	1	1
OtO	Q96PZ2	Q9D2L9	1	1
OtO	Q96PZ7	Q923L3	1	1
OtO	Q96Q04	Q5XJV6	1	1
OtO	Q96Q05	Q3U0M1	1	1
OtO	Q96Q06	O88492	1	1
OtO	Q96Q07	Q8C726	1	1
OtO	Q96Q11	Q8K1J6	1	1
OtO	Q96Q15	Q8BKX6	1	1
OtO	Q96Q27	Q8K0L0	1	1
OtO	Q96Q35	Q8BVM7	1	1
OtO	Q96Q40	Q3V3A1	1	1
OtO	Q96Q42	Q920R0	1	1
OtO	Q96Q45	Q3V0J1	1	1
OtO	Q96Q77	Q0P523	1	1
OtO	Q96Q80	Q9D8K3	1	1
OtO	Q96Q83	Q8K1E6	1	1
OtO	Q96Q89	Q80WE4	1	1
OtO	Q96Q91	A0A494BA31	1	1
OtO	Q96QA5	Q9EST1	1	1
OtO	Q96QA6	Q65Z95	1	1
OtO	Q96QB1	Q9R0Z9	566	1
OtO	Q96QC0	Q80W00	1	1
OtO	Q96QD5	Q91WS7	1	1
OtO	Q96QD8	Q8CFE6	1	1
OtO	Q96QD9	Q91Z49	1	1
OtO	Q96QE2	Q3UHK1	1	1
OtO	Q96QE3	Q4QY64	1	1
OtO	Q96QE5	Q5SSK3	1	1
OtO	Q96QF0	Q68EF0	1	1
OtO	Q96QG7	Q9Z2D0	1	1
OtO	Q96QH2	Q6BCL1	1	1
OtO	Q96QH8	A2AE20	1	1
OtO	Q96QI5	Q5GFD5	1	1
OtO	Q96QK1	Q9EQH3	1	1
OtO	Q96QK8	Q91VT8	1	1
OtO	Q96QP1	Q9CXB8	1	1
OtO	Q96QR1	Q920D7	1	1
OtO	Q96QR8	O35295	1	1
OtO	Q96QS1	Q9JHH2	5	1
OtO	Q96QS3	O35085	1	1
OtO	Q96QT4	Q923J1	1	1
OtO	Q96QT6	Q5SPL2	1	1
OtO	Q96QU1	Q99PJ1	1	1
OtO	Q96QU6	A2AIG8	1	1
OtO	Q96QU8	Q924Z6	1	1
OtO	Q96QV1	Q7TN16	1	1
OtO	Q96QZ0	Q8CEG0	1	1
OtO	Q96QZ7	Q6RHR9	1	1
OtO	Q96R05	Q9EPC5	1	1
OtO	Q96R06	Q7TME2	1	1
OtO	Q96R48	Q8VES9	3	1
OtO	Q96RC9	Q7TRE3	1	1
OtO	Q96RD2	Q8VGW5	1	1
OtO	Q96RD6	Q6IMP4	1	1
OtO	Q96RD7	Q9JIP4	1	1
OtO	Q96RE7	Q7TSZ8	1	1
OtO	Q96RF0	Q91ZR2	1	1
OtO	Q96RG2	Q8CEE6	1	1
OtO	Q96RI0	O88634	1	1
OtO	Q96RI1	Q60641	1	1
OtO	Q96RI8	Q5QD13	1	1
OtO	Q96RI9	Q5QD04	2	1
OtO	Q96RJ0	Q923Y8	1	1
OtO	Q96RJ3	Q9D8D0	2	1
OtO	Q96RJ6	Q923Z4	1	1
OtO	Q96RK0	Q924A2	1	1
OtO	Q96RK1	Q9WUL8	1	1
OtO	Q96RK4	Q8C1Z7	1	1
OtO	Q96RL1	Q5U5Q9	1	1
OtO	Q96RL7	Q5H8C4	1	1
OtO	Q96RN1	Q8R0C3	1	1
OtO	Q96RN5	Q924H2	1	1
OtO	Q96RP3	Q99ML8	160	1
OtO	Q96RP7	Q3V1B8	1	1
OtO	Q96RP8	Q17ST2	1	1
OtO	Q96RP9	Q8K0D5	1	1
OtO	Q96RQ1	Q9CR89	1	1
OtO	Q96RQ3	Q99MR8	1	1
OtO	Q96RQ9	O09046	1	1
OtO	Q96RR1	Q8CIW5	1	1
OtO	Q96RR4	Q8C078	1	1
OtO	Q96RS0	Q923W1	1	1
OtO	Q96RS6	Q6PIP5	1	1
OtO	Q96RT1	Q80TH2	1	1
OtO	Q96RT7	G5E8P0	1	1
OtO	Q96RT8	Q8BKN5	1	1
OtO	Q96RU2	Q5I043	1	1
OtO	Q96RU3	Q80TY0	1	1
OtO	Q96RU7	Q8K4K2	1	1
OtO	Q96RU8	Q8K4K4	1	1
OtO	Q96RV3	Q9QYC1	1	1
OtO	Q96RW7	D3YXG0	1	1
OtO	Q96RY5	Q6PG95	1	1
OtO	Q96RY7	E9PY46	1	1
OtO	Q96S06	Q3U3R4	1	1
OtO	Q96S15	Q8CFJ9	1	1
OtO	Q96S16	Q3TA59	1	1
OtO	Q96S19	Q9DCS2	1	1
OtO	Q96S21	Q8VHQ4	1	1
OtO	Q96S37	Q8CFZ5	1	1
OtO	Q96S38	Q8BLK9	2	1
OtO	Q96S42	P43021	1	1
OtO	Q96S52	Q6PD26	1	1
OtO	Q96S53	Q8VCT9	1	1
OtO	Q96S55	Q91XU0	1	1
OtO	Q96S59	P69566	1	1
OtO	Q96S65	P59054	1	1
OtO	Q96S66	Q99LI2	1	1
OtO	Q96S79	Q5SSG5	1	1
OtO	Q96S82	Q91W67	1	1
OtO	Q96S86	Q80WM5	1	1
OtO	Q96S90	Q9D0E3	1	1
OtO	Q96S94	Q9JJA7	1	1
OtO	Q96S95	Q78WH7	2	1
OtO	Q96S96	Q9D9G2	1	1
OtO	Q96S97	O35682	1	1
OtO	Q96S99	Q3TB82	1	1
OtO	Q96SA4	Q8K0E7	1	1
OtO	Q96SB3	Q6R891	1	1
OtO	Q96SB4	O70551	1	1
OtO	Q96SB8	Q924W5	1	1
OtO	Q96SC8	A2A9A2	1	1
OtO	Q96SD1	Q8K4J0	1	1
OtO	Q96SE0	Q9QZC8	1	1
OtO	Q96SF7	O70306	1	1
OtO	Q96SI1	Q8K0E1	1	1
OtO	Q96SI9	Q91WM1	1	1
OtO	Q96SJ8	Q80WR1	1	1
OtO	Q96SK2	Q8BRG8	1	1
OtO	Q96SL1	Q8BFQ6	1	1
OtO	Q96SL4	Q99LJ6	1	1
OtO	Q96SL8	Q9WTJ4	1	1
OtO	Q96SM3	Q9Z100	1	1
OtO	Q96SN7	Q8BH10	1	1
OtO	Q96SN8	Q8K389	1	1
OtO	Q96SQ7	Q99NA2	1	1
OtO	Q96SQ9	Q9DBX6	1	1
OtO	Q96SR6	B2RXC5	2	1
OtO	Q96ST2	Q8C1D8	1	1
OtO	Q96ST3	Q60520	1	1
OtO	Q96ST8	Q9CZX2	1	1
OtO	Q96SU4	A2A8Z1	1	1
OtO	Q96SW2	Q8C7D2	1	1
OtO	Q96SY0	Q8R3P6	1	1
OtO	Q96SZ4	Q3URR7	5	1
OtO	Q96SZ5	Q6PDY2	1	1
OtO	Q96SZ6	Q8BTW8	1	1
OtO	Q96T17	A2AG50	1	1
OtO	Q96T21	Q3U1C4	1	1
OtO	Q96T23	E9PWW9	1	1
OtO	Q96T25	Q7TQ40	1	1
OtO	Q96T37	Q0VBL3	1	1
OtO	Q96T49	Q8VHQ3	1	1
OtO	Q96T51	Q8BIJ7	1	1
OtO	Q96T52	Q8BPT6	1	1
OtO	Q96T53	P0C7A3	1	1
OtO	Q96T55	G5E845	1	1
OtO	Q96T58	Q62504	1	1
OtO	Q96T60	Q9JLV6	1	1
OtO	Q96T66	Q99JR6	1	1
OtO	Q96T68	Q8C267	1	1
OtO	Q96T76	Q9D071	1	1
OtO	Q96T83	Q8BLV3	1	1
OtO	Q96T88	Q8VDF2	1	1
OtO	Q96T91	Q925Q5	1	1
OtO	Q96T92	Q9JMC2	1	1
OtO	Q96TA0	Q91V48	11	1
OtO	Q96TA1	Q8R1F1	1	1
OtO	Q96TA2	O88967	1	1
OtO	Q96TC7	Q3UJU9	1	1
OtO	Q99062	P40223	2	1
OtO	Q99075	Q06186	1	1
OtO	Q99081	Q61286	1	1
OtO	Q99102	Q8JZM8	2	1
OtO	Q99218	P63277	1	1
OtO	Q99250	B1AWN6	1	1
OtO	Q99259	P48318	1	1
OtO	Q99417	Q9EQS3	1	1
OtO	Q99418	P63034	1	1
OtO	Q99424	Q9QXD1	1	1
OtO	Q99426	Q9D1E6	1	1
OtO	Q99435	Q61220	1	1
OtO	Q99436	P70195	1	1
OtO	Q99437	Q91V37	1	1
OtO	Q99439	Q08093	1	1
OtO	Q99442	Q8BU14	1	1
OtO	Q99447	Q922E4	1	1
OtO	Q99453	O35690	1	1
OtO	Q99456	Q64291	1	1
OtO	Q99457	Q794H2	1	1
OtO	Q99459	Q6A068	1	1
OtO	Q99460	Q3TXS7	1	1
OtO	Q99463	Q61212	1	1
OtO	Q99466	P31695	1	1
OtO	Q99467	Q62192	1	1
OtO	Q99469	P97306	1	1
OtO	Q99470	Q9DCT5	1	1
OtO	Q99471	Q9WU28	1	1
OtO	Q99487	Q8VDG7	1	1
OtO	Q99489	Q922Z0	1	1
OtO	Q99490	Q3UHD9	1	1
OtO	Q99496	Q9CQJ4	1	1
OtO	Q99497	Q99LX0	1	1
OtO	Q99500	Q9Z0U9	1	1
OtO	Q99501	Q8JZP9	1	1
OtO	Q99502	P97767	1	1
OtO	Q99504	P97480	1	1
OtO	Q99518	Q8K2I3	1	1
OtO	Q99519	O35657	1	1
OtO	Q99523	Q6PHU5	1	1
OtO	Q99527	Q8BMP4	1	1
OtO	Q99536	Q62465	1	1
OtO	Q99538	O89017	1	1
OtO	Q99541	P43883	1	1
OtO	Q99542	Q9JHI0	1	1
OtO	Q99543	P54103	1	1
OtO	Q99547	Q9D1Q1	1	1
OtO	Q99549	Q3TYA6	1	1
OtO	Q99550	A6H5Y1	1	1
OtO	Q99558	Q9WUL6	1	1
OtO	Q99567	Q8CEC0	1	1
OtO	Q99569	Q68FH0	1	1
OtO	Q99570	Q8VD65	1	1
OtO	Q99571	Q9JJX6	1	1
OtO	Q99572	Q9Z1M0	1	1
OtO	Q99574	O35684	1	1
OtO	Q99575	Q8K205	1	1
OtO	Q99576	Q9Z2S7	1	1
OtO	Q99578	P70425	1	1
OtO	Q99581	Q8QZW2	1	1
OtO	Q99583	O08789	1	1
OtO	Q99584	P97352	1	1
OtO	Q99590	E9PZM7	1	1
OtO	Q99592	Q9WUK6	1	1
OtO	Q99593	P70326	1	1
OtO	Q99594	P70210	1	1
OtO	Q99595	Q9Z0V8	1	1
OtO	Q99598	Q9QZE7	1	1
OtO	Q99607	Q9Z2U4	1	1
OtO	Q99608	P25233	1	1
OtO	Q99611	P97364	1	1
OtO	Q99612	O08584	1	1
OtO	Q99614	Q91Z38	1	1
OtO	Q99615	Q9QYI3	1	1
OtO	Q99618	Q99M54	1	1
OtO	Q99619	O88838	1	1
OtO	Q99622	O35127	1	1
OtO	Q99623	O35129	1	1
OtO	Q99624	Q9DCP2	1	1
OtO	Q99626	P43241	1	1
OtO	Q99627	Q8VBV7	1	1
OtO	Q99633	Q8BM39	1	1
OtO	Q99638	Q9Z0F6	1	1
OtO	Q99640	Q9ESG9	1	1
OtO	Q99643	Q9CZB0	1	1
OtO	Q99645	P70186	1	1
OtO	Q99650	O70458	1	1
OtO	Q99653	P61022	1	1
OtO	Q99661	Q922S8	1	1
OtO	Q99665	P97378	1	1
OtO	Q99674	Q8R1U2	1	1
OtO	Q99675	Q8BMJ7	1	1
OtO	Q99676	Q7TSH9	2	1
OtO	Q99677	Q8BLG2	1	1
OtO	Q99678	Q8BYC4	1	1
OtO	Q99679	Q8BX79	1	1
OtO	Q99680	Q8BZL4	1	1
OtO	Q99683	O35099	1	1
OtO	Q99684	P70338	1	1
OtO	Q99685	O35678	1	1
OtO	Q99687	P97368	1	1
OtO	Q99689	Q8K0X8	1	1
OtO	Q99697	P97474	1	1
OtO	Q99698	P97412	1	1
OtO	Q99700	O70305	1	1
OtO	Q99704	P97465	1	1
OtO	Q99705	Q8JZL2	1	1
OtO	Q99707	A6H5Y3	1	1
OtO	Q99708	Q80YR6	1	1
OtO	Q99712	O88932	1	1
OtO	Q99714	O08756	11	1
OtO	Q99715	Q60847	1	1
OtO	Q99717	P97454	1	1
OtO	Q99719	Q9Z2Q6	1	1
OtO	Q99720	O55242	1	1
OtO	Q99726	P97441	1	1
OtO	Q99727	Q9JHB3	1	1
OtO	Q99728	O70445	1	1
OtO	Q99729	Q99020	2	1
OtO	Q99731	O70460	1	1
OtO	Q99732	Q9JLJ0	1	1
OtO	Q99733	Q78ZA7	1	1
OtO	Q99735	A2RST1	1	1
OtO	Q99741	O89033	1	1
OtO	Q99742	P97459	1	1
OtO	Q99743	P97460	1	1
OtO	Q99747	Q9CWZ7	1	1
OtO	Q99748	P97463	1	1
OtO	Q99750	P70331	17238	1
OtO	Q99755	P70182	1	1
OtO	Q99757	P97493	1	1
OtO	Q99758	Q8R420	1	1
OtO	Q99759	Q61084	1	1
OtO	Q99766	Q9CRA7	1	1
OtO	Q99767	P98084	1	1
OtO	Q99784	O88998	1	1
OtO	Q99788	P97468	1	1
OtO	Q99795	Q9JKA5	1	1
OtO	Q99797	A6H611	1	1
OtO	Q99798	Q99KI0	1	1
OtO	Q99801	P97436	1	1
OtO	Q99805	P58021	1	1
OtO	Q99807	P97478	1	1
OtO	Q99808	Q9JIM1	1	1
OtO	Q99811	Q06348	1	1
OtO	Q99814	P97481	1	1
OtO	Q99816	Q61187	1	1
OtO	Q99819	Q62160	3	1
OtO	Q99828	Q9Z0F4	1	1
OtO	Q99829	Q8C166	1	1
OtO	Q99832	P80313	1	1
OtO	Q99835	P56726	1	1
OtO	Q99836	P22366	1	1
OtO	Q99848	Q9D903	1	1
OtO	Q99853	Q64732	1	1
OtO	Q99856	Q62431	1	1
OtO	Q99871	Q8BKT8	1	1
OtO	Q99873	Q9JIF0	1	1
OtO	Q99884	Q6PGE7	1	1
OtO	Q99895	Q3SYP2	1	1
OtO	Q99928	P27681	1	1
OtO	Q99929	O35885	44	1
OtO	Q99932	Q3V0Q6	1	1
OtO	Q99933	Q60739	1	1
OtO	Q99941	O35451	1	1
OtO	Q99942	O35445	1	1
OtO	Q99943	O35083	1	1
OtO	Q99944	Q6GUQ1	1	1
OtO	Q99946	O35449	1	1
OtO	Q99952	Q61152	1	1
OtO	Q99956	Q7TNL7	1	1
OtO	Q99958	Q61850	1	1
OtO	Q99959	Q9CQ73	1	1
OtO	Q99961	Q62419	1	1
OtO	Q99962	Q62420	1	1
OtO	Q99963	Q62421	1	1
OtO	Q99965	Q60718	1	1
OtO	Q99966	P97769	1	1
OtO	Q99967	O35740	1	1
OtO	Q99969	Q9DD06	1	1
OtO	Q99972	O70624	1	1
OtO	Q99973	P97499	1	1
OtO	Q99983	O35103	1	1
OtO	Q99985	Q62181	1	1
OtO	Q99986	Q80X41	1	1
OtO	Q99988	Q9Z0J7	1	1
OtO	Q99990	Q99NC0	1	1
OtO	Q99996	Q70FJ1	2	1
OtO	Q99999	Q9JHE4	1	1
OtO	Q9BPU6	Q9EQF6	1	1
OtO	Q9BPU9	Q3UK10	1	1
OtO	Q9BPV8	Q9D8I2	1	1
OtO	Q9BPW5	Q922H7	1	1
OtO	Q9BPW8	O55125	1	1
OtO	Q9BPW9	Q58NB6	1	1
OtO	Q9BPX1	E9Q3D4	1	1
OtO	Q9BPX3	E9PWG6	1	1
OtO	Q9BPX5	Q9D898	1	1
OtO	Q9BPX6	Q8VCX5	1	1
OtO	Q9BPX7	Q91WD4	1	1
OtO	Q9BPY3	Q8C569	1	1
OtO	Q9BPY8	Q8R1H0	1	1
OtO	Q9BPZ3	Q9D6V8	1	1
OtO	Q9BPZ7	Q8BKH7	1	1
OtO	Q9BQ04	Q8VE92	1	1
OtO	Q9BQ15	Q8R2Y9	1	1
OtO	Q9BQ16	Q8BKV0	1	1
OtO	Q9BQ24	Q8VCM3	1	1
OtO	Q9BQ31	Q8BQZ8	1	1
OtO	Q9BQ39	Q99MJ9	1	1
OtO	Q9BQ48	Q99N91	1	1
OtO	Q9BQ49	Q5RKS2	1	1
OtO	Q9BQ50	Q9R1A9	1	1
OtO	Q9BQ51	Q9WUL5	1	1
OtO	Q9BQ52	Q80Y81	1	1
OtO	Q9BQ61	Q9D735	1	1
OtO	Q9BQ65	Q91W78	1	1
OtO	Q9BQ67	Q810D6	1	1
OtO	Q9BQ69	Q922B1	1	1
OtO	Q9BQ70	Q8R3L2	1	1
OtO	Q9BQ75	Q9CZT6	1	1
OtO	Q9BQ83	Q8BX32	1	1
OtO	Q9BQ89	Q8R184	1	1
OtO	Q9BQ90	Q8VEM9	1	1
OtO	Q9BQ95	Q9QZH6	1	1
OtO	Q9BQA1	Q99J09	1	1
OtO	Q9BQA5	Q8K1K9	1	1
OtO	Q9BQA9	Q3TYS2	1	1
OtO	Q9BQB4	Q99P68	1	1
OtO	Q9BQB6	Q9CRC0	1	1
OtO	Q9BQC3	Q9CR25	1	1
OtO	Q9BQC6	Q9CQF8	1	1
OtO	Q9BQD3	Q80XH1	1	1
OtO	Q9BQD7	Q501J2	1	1
OtO	Q9BQE3	P68373	1	1
OtO	Q9BQE4	Q9BCZ4	1	1
OtO	Q9BQE9	Q921K9	1	1
OtO	Q9BQF6	Q8BUH8	1	1
OtO	Q9BQG0	Q7TPV4	1	1
OtO	Q9BQG1	O35681	1	1
OtO	Q9BQG2	Q9DCN1	1	1
OtO	Q9BQI0	Q9EQX4	1	1
OtO	Q9BQI3	Q9Z2R9	1	1
OtO	Q9BQI4	Q9D6Y1	1	1
OtO	Q9BQI5	Q8VD37	1	1
OtO	Q9BQI6	Q8R3P9	1	1
OtO	Q9BQI7	Q6P1I6	1	1
OtO	Q9BQI9	Q9JHR9	1	1
OtO	Q9BQJ4	Q9JJG6	1	1
OtO	Q9BQK8	Q99PI4	1	1
OtO	Q9BQL6	P59113	1	1
OtO	Q9BQM9	A2AKE5	14	1
OtO	Q9BQN1	A2ARK0	1	1
OtO	Q9BQP7	Q9CXC3	1	1
OtO	Q9BQP9	Q9D9J8	1	1
OtO	Q9BQQ3	Q91X51	1	1
OtO	Q9BQQ7	Q5QGU6	2785	1
OtO	Q9BQR3	Q8BJR6	1	1
OtO	Q9BQS6	Q9DAM3	1	1
OtO	Q9BQS7	Q9Z0Z4	1	1
OtO	Q9BQS8	Q8VDC1	1	1
OtO	Q9BQT8	Q8BZ09	1	1
OtO	Q9BQT9	Q99JH7	1	1
OtO	Q9BQW3	Q8K4J2	1	1
OtO	Q9BQY9	Q9CRD4	1463	1
OtO	Q9BR01	P63046	1	1
OtO	Q9BR09	Q9D0S4	1	1
OtO	Q9BR10	Q9DA57	1	1
OtO	Q9BR11	Q9CWV7	1	1
OtO	Q9BR26	Q9D611	1	1
OtO	Q9BR39	Q9ET78	1	1
OtO	Q9BR61	Q9D061	1	1
OtO	Q9BR76	Q9WUM3	1	1
OtO	Q9BR77	Q9CZH8	1	1
OtO	Q9BRA0	Q9D2U5	1	1
OtO	Q9BRA2	Q9CQM5	1	1
OtO	Q9BRB3	Q9QYT7	52	1
OtO	Q9BRC7	Q8K3R3	2	1
OtO	Q9BRD0	Q8R149	1	1
OtO	Q9BRF8	Q8BFS6	1	1
OtO	Q9BRG1	Q9CQ80	1	1
OtO	Q9BRH9	Q6PCX8	1	1
OtO	Q9BRI3	Q2HJ10	1	1
OtO	Q9BRJ2	Q9D0Q7	1	1
OtO	Q9BRJ6	Q9CXL3	1	1
OtO	Q9BRJ7	Q8VHN8	1	1
OtO	Q9BRJ9	P97309	1	1
OtO	Q9BRK0	Q8VCD6	1	1
OtO	Q9BRK3	Q9DBV4	1	1
OtO	Q9BRK4	Q91YU6	1	1
OtO	Q9BRK5	Q61112	1	1
OtO	Q9BRL7	Q8BXT9	1	1
OtO	Q9BRN9	Q8BJ83	1	1
OtO	Q9BRP0	Q8CIV7	1	1
OtO	Q9BRP1	Q8C5N5	1	1
OtO	Q9BRP7	Q3UY23	1	1
OtO	Q9BRP8	Q8CHP5	1	1
OtO	Q9BRQ3	Q9DD16	1	1
OtO	Q9BRQ4	Q8CC70	1	1
OtO	Q9BRQ5	Q6P8G8	1	1
OtO	Q9BRQ6	Q91VN4	1	1
OtO	Q9BRQ8	Q8BUE4	1	1
OtO	Q9BRR3	Q91YV9	1	1
OtO	Q9BRR6	Q8VDL4	1	1
OtO	Q9BRR8	Q9DBM1	1	1
OtO	Q9BRR9	Q1HDU4	1	1
OtO	Q9BRS2	Q922Q2	1	1
OtO	Q9BRS8	Q8BN59	1	1
OtO	Q9BRT2	Q9CQY6	1	1
OtO	Q9BRT3	Q9CQ86	1	1
OtO	Q9BRT6	Q9D945	1	1
OtO	Q9BRT9	Q99LZ3	1	1
OtO	Q9BRU2	A3KGA4	1	1
OtO	Q9BRU9	Q9CX11	1	1
OtO	Q9BRV3	Q9CXK4	1	1
OtO	Q9BRV8	Q9CPR7	1	1
OtO	Q9BRX2	Q80X73	1	1
OtO	Q9BRX5	Q9CY94	1	1
OtO	Q9BRX8	Q9CYH2	1	1
OtO	Q9BRX9	Q9DAJ4	1	1
OtO	Q9BRY0	Q99K24	1	1
OtO	Q9BRZ2	Q80VI1	1	1
OtO	Q9BS16	Q9ESN5	1	1
OtO	Q9BS18	Q8R034	1	1
OtO	Q9BS26	Q9D1Q6	1	1
OtO	Q9BS40	P70202	1	1
OtO	Q9BS86	Q62522	1	1
OtO	Q9BS91	Q921R7	1	1
OtO	Q9BSA4	Q3TH73	1	1
OtO	Q9BSA9	Q9CXY1	1	1
OtO	Q9BSB4	Q9D8Z6	1	1
OtO	Q9BSC4	Q5RJG1	1	1
OtO	Q9BSD3	Q8K3A4	1	1
OtO	Q9BSD7	Q9CQA9	1	1
OtO	Q9BSE2	Q9D709	1	1
OtO	Q9BSE4	Q9JJC9	1	1
OtO	Q9BSE5	A2AS89	1	1
OtO	Q9BSF0	Q9CPS8	1	1
OtO	Q9BSF4	Q8BGX2	1	1
OtO	Q9BSF8	Q80X66	1	1
OtO	Q9BSG0	Q9D9N8	1	1
OtO	Q9BSG1	Q8BIQ3	1	1
OtO	Q9BSG5	Q8QZY4	1	1
OtO	Q9BSH3	Q9CQM0	1	1
OtO	Q9BSH4	Q8K0Z7	1	1
OtO	Q9BSH5	Q9CYW4	1	1
OtO	Q9BSI4	Q9QXG9	1	1
OtO	Q9BSJ2	Q921G8	1	1
OtO	Q9BSJ5	Q6PIX9	1	1
OtO	Q9BSJ6	Q8BFY7	1	1
OtO	Q9BSJ8	Q3U7R1	1	1
OtO	Q9BSK0	Q7TQJ1	1	1
OtO	Q9BSK2	Q3TZX3	1	1
OtO	Q9BSL1	Q8VDI7	1	1
OtO	Q9BSM1	Q8R023	1	1
OtO	Q9BSN7	Q7TQI0	1	1
OtO	Q9BSQ5	Q8K2Y9	1	1
OtO	Q9BSR8	Q8C407	1	1
OtO	Q9BST9	Q8C6B2	1	1
OtO	Q9BSU1	Q922R1	1	1
OtO	Q9BSV6	Q8BMZ5	1	1
OtO	Q9BSW2	Q3UP38	1	1
OtO	Q9BSW7	Q920M7	1	1
OtO	Q9BSY4	Q9CQP3	1	1
OtO	Q9BSY9	Q9D291	1	1
OtO	Q9BT04	Q3UYI6	1	1
OtO	Q9BT09	Q9DAU1	1	1
OtO	Q9BT17	Q8R2R6	1	1
OtO	Q9BT22	Q921Q3	1	1
OtO	Q9BT23	Q8BGB5	1	1
OtO	Q9BT25	Q99L00	1	1
OtO	Q9BT30	Q9D6Z0	1	1
OtO	Q9BT40	Q8C5L6	1	1
OtO	Q9BT43	Q8R0C0	1	1
OtO	Q9BT49	Q8VCZ3	1	1
OtO	Q9BT56	D3Z752	1	1
OtO	Q9BT67	Q8R0W6	1	1
OtO	Q9BT73	Q9CZH3	1	1
OtO	Q9BT76	Q80YF6	444	1
OtO	Q9BT78	O88544	1	1
OtO	Q9BT81	P40646	1	1
OtO	Q9BT88	Q9R0N3	1	1
OtO	Q9BT92	Q3TVW5	1	1
OtO	Q9BTA0	P17257	1	1
OtO	Q9BTA9	Q924H7	1	1
OtO	Q9BTC0	Q8C9B9	1	1
OtO	Q9BTC8	Q924K8	1	1
OtO	Q9BTD3	Q80XA0	1	1
OtO	Q9BTD8	Q91V81	1	1
OtO	Q9BTE0	Q3UG98	23	1
OtO	Q9BTE1	Q9QZB9	1	1
OtO	Q9BTE3	Q8R3C0	1	1
OtO	Q9BTE6	Q3THG9	1	1
OtO	Q9BTE7	Q9CXV9	1	1
OtO	Q9BTF0	Q9CZB3	1	1
OtO	Q9BTK6	Q99L02	1	1
OtO	Q9BTL4	P17950	1	1
OtO	Q9BTM1	Q8R1M2	1	1
OtO	Q9BTM9	Q9D2P4	1	1
OtO	Q9BTN0	Q8BLY3	1	1
OtO	Q9BTP7	Q8BHL6	1	1
OtO	Q9BTT0	P97822	1	1
OtO	Q9BTT4	Q9CXU0	1	1
OtO	Q9BTT6	Q80VQ1	1	1
OtO	Q9BTU6	Q2TBE6	1	1
OtO	Q9BTV4	Q9DBS1	1	1
OtO	Q9BTV5	Q7TPM6	1	1
OtO	Q9BTV6	Q9CYU6	1	1
OtO	Q9BTV7	Q8K3M5	1	1
OtO	Q9BTW9	Q8BYA0	1	1
OtO	Q9BTX1	Q8VCB1	1	1
OtO	Q9BTX3	Q9CR96	1	1
OtO	Q9BTX7	Q9D3D0	1	1
OtO	Q9BTY2	Q99KR8	1	1
OtO	Q9BTY7	Q8C3I8	1	1
OtO	Q9BU02	Q8JZL3	1	1
OtO	Q9BU19	Q3U381	1	1
OtO	Q9BU20	A2A825	1	1
OtO	Q9BU23	Q8C3X8	1	1
OtO	Q9BU40	Q920C1	1	1
OtO	Q9BU61	Q9JKL4	1	1
OtO	Q9BU64	Q8K015	1	1
OtO	Q9BU68	Q8JZM2	1	1
OtO	Q9BU70	Q562D6	1	1
OtO	Q9BU76	Q99LX5	1	1
OtO	Q9BU79	B2RVB9	1	1
OtO	Q9BU89	Q99LN9	1	1
OtO	Q9BUA3	Q05AH6	1	1
OtO	Q9BUA6	Q62082	1	1
OtO	Q9BUB4	Q9JHI2	1	1
OtO	Q9BUB5	O08605	1	1
OtO	Q9BUB7	Q921N7	1	1
OtO	Q9BUD6	Q8BMS2	1	1
OtO	Q9BUE0	Q9CZ82	1	1
OtO	Q9BUF5	Q922F4	1	1
OtO	Q9BUF7	Q8QZT4	1	1
OtO	Q9BUH6	Q8K0Y7	1	1
OtO	Q9BUH8	Q68EF6	1	1
OtO	Q9BUI4	Q9D483	1	1
OtO	Q9BUJ0	Q922Q6	1	1
OtO	Q9BUJ2	Q8VDM6	1	1
OtO	Q9BUK0	Q8K2Q5	1	1
OtO	Q9BUK6	Q2YDW2	1	1
OtO	Q9BUL5	Q8BSN5	1	1
OtO	Q9BUL8	Q8VE70	1	1
OtO	Q9BUL9	Q91WE3	2	1
OtO	Q9BUM1	Q6NSQ9	1	1
OtO	Q9BUN1	Q569E4	1	1
OtO	Q9BUN5	Q8CEG5	1	1
OtO	Q9BUN8	Q99J56	1	1
OtO	Q9BUP0	Q9D4J1	1	1
OtO	Q9BUP3	Q9Z2G9	1	1
OtO	Q9BUQ8	D3Z0M9	1	1
OtO	Q9BUR4	Q8VC51	1	1
OtO	Q9BUR5	Q9DCZ4	1	1
OtO	Q9BUT1	Q8JZV9	1	1
OtO	Q9BUT9	Q9CQB2	1	1
OtO	Q9BUU2	Q8R1C6	1	1
OtO	Q9BUV0	Q3UC65	1	1
OtO	Q9BUV8	Q9CQT9	1	1
OtO	Q9BUW7	P58686	1	1
OtO	Q9BUX1	Q8R3J5	1	1
OtO	Q9BUY5	Q8R1D1	1	1
OtO	Q9BUY7	Q9D0E5	1	1
OtO	Q9BUZ4	Q61382	1	1
OtO	Q9BV10	Q8VDB2	1	1
OtO	Q9BV19	Q5EBG8	1	1
OtO	Q9BV20	Q9CQT1	1	1
OtO	Q9BV23	Q8R2Y0	1	1
OtO	Q9BV29	Q8BS39	1	1
OtO	Q9BV35	Q6GQS1	1	1
OtO	Q9BV36	Q91V27	1	1
OtO	Q9BV38	Q4VBE8	1	1
OtO	Q9BV40	O70404	1	1
OtO	Q9BV44	P97770	1	1
OtO	Q9BV47	Q9D700	1	1
OtO	Q9BV57	Q99JT9	1	1
OtO	Q9BV68	Q91YL2	1	1
OtO	Q9BV73	Q60952	1	1
OtO	Q9BV79	Q9DCS3	1	1
OtO	Q9BV81	Q9CQW0	1	1
OtO	Q9BV86	Q8R2U4	1	1
OtO	Q9BV87	Q8K158	1	1
OtO	Q9BV90	Q8VIK1	1	1
OtO	Q9BV94	Q8BJT9	1	1
OtO	Q9BV99	Q8R2R5	1	1
OtO	Q9BVA0	Q8BG40	1	1
OtO	Q9BVA1	Q9CWF2	1	1
OtO	Q9BVA6	Q8BIX9	1	1
OtO	Q9BVC3	Q14AI0	1	1
OtO	Q9BVC4	Q9DCJ1	1	1
OtO	Q9BVC5	Q922M7	1	1
OtO	Q9BVC6	Q3UBX0	1	1
OtO	Q9BVG3	Q80V85	1	1
OtO	Q9BVG4	Q9D0B6	1	1
OtO	Q9BVG8	O35231	1	1
OtO	Q9BVG9	Q9Z1X2	1	1
OtO	Q9BVH7	Q9QYJ1	1	1
OtO	Q9BVI0	Q8BLG0	1	1
OtO	Q9BVI4	Q8BHY2	1	1
OtO	Q9BVJ7	Q6NT99	1	1
OtO	Q9BVK2	Q6P8H8	1	1
OtO	Q9BVK6	Q99KF1	1	1
OtO	Q9BVK8	Q9CQG6	1	1
OtO	Q9BVL2	Q8R332	1	1
OtO	Q9BVL4	Q9DBC0	1	1
OtO	Q9BVM2	Q8BPA8	1	1
OtO	Q9BVM4	Q923B0	1	1
OtO	Q9BVN2	Q8BG26	1	1
OtO	Q9BVP2	Q8CI11	1	1
OtO	Q9BVQ7	A0A7N9VSG0	1	1
OtO	Q9BVS4	Q9CQS5	1	1
OtO	Q9BVT8	Q9JMG3	1	1
OtO	Q9BVV2	Q80WB0	1	1
OtO	Q9BVV6	E9PV87	1	1
OtO	Q9BVV7	Q8CCM6	1	1
OtO	Q9BVV8	Q9DAZ5	2	1
OtO	Q9BVW5	Q91WA1	1	1
OtO	Q9BVX2	Q80VP8	1	1
OtO	Q9BW04	Q8BI29	1	1
OtO	Q9BW11	Q80US8	1	1
OtO	Q9BW27	Q8R480	1	1
OtO	Q9BW30	Q9CRB6	1	1
OtO	Q9BW60	Q9JLJ5	1	1
OtO	Q9BW61	Q9D9Z5	1	1
OtO	Q9BW62	Q8K0T4	1	1
OtO	Q9BW66	Q9D0V8	302	1
OtO	Q9BW71	Q8BLH7	1	1
OtO	Q9BW72	Q9CQJ1	1	1
OtO	Q9BW83	Q9D0P8	1	1
OtO	Q9BW85	Q9D6J3	1	1
OtO	Q9BW91	Q8BVU5	1	1
OtO	Q9BW92	Q3UQ84	1	1
OtO	Q9BWC9	Q3ULM0	1	1
OtO	Q9BWE0	Q5U4E2	1	1
OtO	Q9BWF2	Q8VIG6	1	1
OtO	Q9BWF3	Q8C7Q4	1	1
OtO	Q9BWG4	Q3U4B1	1	1
OtO	Q9BWG6	Q8K136	1	1
OtO	Q9BWH2	Q9D6K8	3	1
OtO	Q9BWH6	Q80TE0	1	1
OtO	Q9BWJ5	Q923D4	1	1
OtO	Q9BWK5	Q8BHZ5	1	1
OtO	Q9BWL3	Q8R092	1	1
OtO	Q9BWM7	Q91V61	1	1
OtO	Q9BWN1	Q7TPN9	1	1
OtO	Q9BWP8	Q3SXB8	1	1
OtO	Q9BWQ6	Q99LP8	1	1
OtO	Q9BWQ8	Q8K097	1	1
OtO	Q9BWS9	Q922Q9	1	1
OtO	Q9BWT1	Q9D0M2	1	1
OtO	Q9BWT3	Q6PCL9	1	1
OtO	Q9BWT6	Q8K396	1	1
OtO	Q9BWT7	P58660	1	1
OtO	Q9BWU0	E9PX68	1	1
OtO	Q9BWU1	Q8BWD8	1	1
OtO	Q9BWV1	Q6AZB0	1	1
OtO	Q9BWV2	Q9D9R3	128	1
OtO	Q9BWV3	Q8BMD5	1	1
OtO	Q9BWV7	A4Q9E4	1	1
OtO	Q9BWW4	Q9D032	1	1
OtO	Q9BWW7	Q99M85	1	1
OtO	Q9BWW8	B7ZC55	1	1
OtO	Q9BWX1	Q9DAG9	1	1
OtO	Q9BWX5	P97489	1	1
OtO	Q9BX10	Q3UJK4	1	1
OtO	Q9BX26	Q9CUU3	1	1
OtO	Q9BX40	Q8CGC4	1	1
OtO	Q9BX46	D3Z4I3	1	1
OtO	Q9BX59	Q8VD31	1	1
OtO	Q9BX63	Q5SXJ3	1	1
OtO	Q9BX66	Q62417	41	1
OtO	Q9BX67	Q9D8B7	1	1
OtO	Q9BX68	Q9D0S9	1	1
OtO	Q9BX69	E9PWH2	1	1
OtO	Q9BX70	E9PY28	1	1
OtO	Q9BX73	Q8R0I4	1	1
OtO	Q9BX74	Q99MB3	1	1
OtO	Q9BX79	O70491	1	1
OtO	Q9BX84	Q8CIR4	1	1
OtO	Q9BX93	Q99P27	1	1
OtO	Q9BX95	Q9JI99	1	1
OtO	Q9BX97	Q91VC4	1	1
OtO	Q9BXA5	Q99MT6	1	1
OtO	Q9BXA6	Q925K9	1	1
OtO	Q9BXA7	Q61241	1	1
OtO	Q9BXA9	Q62255	1	1
OtO	Q9BXB1	A2ARI4	1	1
OtO	Q9BXB4	Q8CI95	1	1
OtO	Q9BXB5	S4R1M9	1	1
OtO	Q9BXB7	Q8C636	1	1
OtO	Q9BXC0	Q8C131	1	1
OtO	Q9BXC1	Q3U507	1	1
OtO	Q9BXC9	Q9CWF6	1	1
OtO	Q9BXD5	Q9DCJ9	1	1
OtO	Q9BXF3	E9Q2Z1	1	1
OtO	Q9BXF6	Q8R361	1	1
OtO	Q9BXF9	Q6X6Z7	1	1
OtO	Q9BXG8	Q99MY0	35	1
OtO	Q9BXI3	A3KFX0	1	1
OtO	Q9BXI6	P58802	1	1
OtO	Q9BXI9	Q6IR41	1	1
OtO	Q9BXJ0	Q8K479	1	1
OtO	Q9BXJ1	Q9QXP7	1	1
OtO	Q9BXJ2	Q8BVD7	1	1
OtO	Q9BXJ3	Q8R066	1	1
OtO	Q9BXJ4	Q9ES30	1	1
OtO	Q9BXJ5	Q9D8U4	1	1
OtO	Q9BXJ7	Q99JB7	1	1
OtO	Q9BXJ8	Q8C1E7	1	1
OtO	Q9BXJ9	Q80UM3	1	1
OtO	Q9BXK1	P58334	1	1
OtO	Q9BXK5	P59017	1	1
OtO	Q9BXL5	Q9ERZ0	2	1
OtO	Q9BXL6	Q99KF0	1	1
OtO	Q9BXL7	Q8CIS0	1	1
OtO	Q9BXL8	Q9CWM2	1	1
OtO	Q9BXM0	O55103	1	1
OtO	Q9BXM7	Q99MQ3	1	1
OtO	Q9BXM9	Q8BYN5	1	1
OtO	Q9BXN1	Q99MQ4	1	1
OtO	Q9BXN2	Q6QLQ4	1	1
OtO	Q9BXP2	Q99MR3	1	1
OtO	Q9BXP5	Q99MR6	1	1
OtO	Q9BXP8	E9PZ87	1	1
OtO	Q9BXQ6	Q99MX7	1	1
OtO	Q9BXR0	Q9JMA2	1	1
OtO	Q9BXS0	Q99MQ5	1	1
OtO	Q9BXS1	Q8BFZ6	1	1
OtO	Q9BXS4	Q9QY73	1	1
OtO	Q9BXS5	P35585	1	1
OtO	Q9BXS6	Q9ERH4	1	1
OtO	Q9BXS9	Q8CIW6	1	1
OtO	Q9BXT2	Q8VHW3	1	1
OtO	Q9BXT4	Q99MV1	1	1
OtO	Q9BXT5	F8VPN2	1	1
OtO	Q9BXT6	Q99MV5	1	1
OtO	Q9BXT8	Q99MV7	1	1
OtO	Q9BXU0	Q9CR81	1	1
OtO	Q9BXU1	Q99MW1	1	1
OtO	Q9BXU2	A2AFS9	212	1
OtO	Q9BXU9	Q9JJG7	1	1
OtO	Q9BXV9	P0C8B4	1	1
OtO	Q9BXW6	Q91XL9	1	1
OtO	Q9BXW7	Q91WM2	1	1
OtO	Q9BXW9	Q80V62	1	1
OtO	Q9BXX0	Q8K482	1	1
OtO	Q9BXY0	Q8BGS0	1	1
OtO	Q9BXY4	Q2TJ95	1	1
OtO	Q9BXY5	Q8BUG5	37	1
OtO	Q9BY07	E9Q3M5	1	1
OtO	Q9BY08	Q9D0P0	1	1
OtO	Q9BY10	Q8CA03	1	1
OtO	Q9BY11	Q61644	1	1
OtO	Q9BY12	B2RXS3	1	1
OtO	Q9BY14	Q9JMI7	1	1
OtO	Q9BY19	Q99N10	1	1
OtO	Q9BY21	Q99MT7	1	1
OtO	Q9BY32	Q9D892	1	1
OtO	Q9BY41	Q8VH37	1	1
OtO	Q9BY42	Q99K95	1	1
OtO	Q9BY44	Q8BJW6	1	1
OtO	Q9BY49	Q99MZ7	1	1
OtO	Q9BY50	Q9D8V7	1	1
OtO	Q9BY67	Q8R5M8	1	1
OtO	Q9BY71	P59034	1	1
OtO	Q9BY76	Q9Z1P8	1	1
OtO	Q9BY77	Q8BG81	1	1
OtO	Q9BY79	Q8K480	1	1
OtO	Q9BY84	Q6PCP3	1	1
OtO	Q9BY89	Q8BRV5	318	1
OtO	Q9BYB0	Q4ACU6	1	1
OtO	Q9BYB4	Q9EQ15	1	1
OtO	Q9BYC5	Q9WTS2	1	1
OtO	Q9BYC8	Q9DCI9	1	1
OtO	Q9BYC9	Q9CQL4	1	1
OtO	Q9BYD1	Q9D1P0	1	1
OtO	Q9BYD2	Q99N94	1	1
OtO	Q9BYD3	Q9DCU6	1	1
OtO	Q9BYD5	Q6PCW6	1	1
OtO	Q9BYD6	Q99N96	1	1
OtO	Q9BYD9	Q8BXF8	1	1
OtO	Q9BYE0	Q8BKT2	1	1
OtO	Q9BYE2	Q5U405	1	1
OtO	Q9BYE7	Q99NA9	1	1
OtO	Q9BYE9	E9Q7P9	1	1
OtO	Q9BYF1	Q8R0I0	1	1
OtO	Q9BYG0	Q8BGY6	1	1
OtO	Q9BYG3	Q91VE6	1	1
OtO	Q9BYG4	Q9JK84	11	1
OtO	Q9BYG5	Q9JK83	1	1
OtO	Q9BYG7	Q7TNB4	2	1
OtO	Q9BYH1	Q6P1D5	1	1
OtO	Q9BYH8	Q9EST8	1	1
OtO	Q9BYI3	Q6P9N1	1	1
OtO	Q9BYJ1	Q9WV07	1	1
OtO	Q9BYJ9	P59326	1	1
OtO	Q9BYK8	E9QAM5	2	1
OtO	Q9BYL1	Q7TST3	1	1
OtO	Q9BYM8	Q9WUB0	1	1
OtO	Q9BYN0	Q9D975	1	1
OtO	Q9BYN7	Q6PGC9	1	1
OtO	Q9BYN8	Q80ZS3	1	1
OtO	Q9BYP7	Q80XP9	1	1
OtO	Q9BYQ7	Q91W93	2	1
OtO	Q9BYR8	A2A591	1	1
OtO	Q9BYS8	Q8VDB8	1	1
OtO	Q9BYT1	Q8VCL5	1	1
OtO	Q9BYT3	Q924X7	1	1
OtO	Q9BYT8	Q91YP2	1	1
OtO	Q9BYT9	A2AHL1	1	1
OtO	Q9BYU1	Q99NE9	1	1
OtO	Q9BYV1	Q3UEG6	1	1
OtO	Q9BYV2	Q9ERP3	1	1
OtO	Q9BYV6	G3X8Y1	1	1
OtO	Q9BYV7	Q99NF1	3	1
OtO	Q9BYV8	Q99NF3	1	1
OtO	Q9BYV9	P97303	1	1
OtO	Q9BYW2	E9Q5F9	1	1
OtO	Q9BYW3	Q8BVC1	134	1
OtO	Q9BYX2	B1AVH7	1	1
OtO	Q9BYX4	Q8R5F7	1	1
OtO	Q9BYZ2	Q8BVP2	1	1
OtO	Q9BYZ6	Q91V93	1	1
OtO	Q9BYZ8	Q9D8G5	1	1
OtO	Q9BZ11	Q923W9	1	1
OtO	Q9BZ19	A2AMD2	1	1
OtO	Q9BZ23	Q7M753	31	1
OtO	Q9BZ29	Q8BIK4	1	1
OtO	Q9BZ67	Q3UFK8	1	1
OtO	Q9BZ71	Q3UHE1	1	1
OtO	Q9BZ72	Q6ZPQ6	1	1
OtO	Q9BZ95	Q6P2L6	1	1
OtO	Q9BZB8	P70166	1	1
OtO	Q9BZC1	Q7TSY6	1	1
OtO	Q9BZC7	P41234	1	1
OtO	Q9BZD2	Q99P65	1	1
OtO	Q9BZD4	Q99P69	1	1
OtO	Q9BZD6	Q8BGN6	1	1
OtO	Q9BZD7	Q6PAQ9	1	1
OtO	Q9BZE0	Q8VDL9	1	1
OtO	Q9BZE1	Q921S7	1	1
OtO	Q9BZE2	Q9JI38	1	1
OtO	Q9BZE3	P63157	1	1
OtO	Q9BZE4	Q99ME9	1	1
OtO	Q9BZE7	Q9D9S1	1	1
OtO	Q9BZE9	Q8VBT9	1	1
OtO	Q9BZF1	B9EJ86	1	1
OtO	Q9BZF2	A2A716	1	1
OtO	Q9BZF3	Q8BXR9	1	1
OtO	Q9BZF9	Q8CGB3	1	1
OtO	Q9BZG1	Q64008	1	1
OtO	Q9BZG2	D3YTS9	1	1
OtO	Q9BZG8	Q5NCQ5	1	1
OtO	Q9BZH6	Q8K1X1	1	1
OtO	Q9BZI1	P81066	1	1
OtO	Q9BZI7	Q3ULL6	1	1
OtO	Q9BZJ0	P63154	46	1
OtO	Q9BZJ4	Q9D8K8	1	1
OtO	Q9BZJ6	Q9EQQ3	1	1
OtO	Q9BZJ7	Q80UC6	1	1
OtO	Q9BZJ8	Q8C010	1	1
OtO	Q9BZK7	Q8BHJ5	1	1
OtO	Q9BZL1	Q9EPV8	1	1
OtO	Q9BZL3	Q99PE5	1	1
OtO	Q9BZL4	Q3UMT1	1	1
OtO	Q9BZL6	Q8BZ03	1	1
OtO	Q9BZM1	Q9EPR2	1	1
OtO	Q9BZM2	Q9QZT4	1	1
OtO	Q9BZM3	P31316	1	1
OtO	Q9BZP6	Q91XA9	1	1
OtO	Q9BZQ2	Q3TTP0	1	1
OtO	Q9BZQ4	Q8BNJ3	1	1
OtO	Q9BZQ6	Q2HXL6	1	1
OtO	Q9BZQ8	Q3UW53	1	1
OtO	Q9BZR6	Q99PI8	1	1
OtO	Q9BZR8	Q9CPT0	1	1
OtO	Q9BZR9	Q99PJ2	1	1
OtO	Q9BZS1	Q99JB6	1	1
OtO	Q9BZV1	Q99PL6	1	1
OtO	Q9BZV2	Q99PL8	2	1
OtO	Q9BZV3	Q80XH2	1	1
OtO	Q9BZW2	Q9JHI4	1	1
OtO	Q9BZW4	Q8R1J1	1	1
OtO	Q9BZW5	P58749	1	1
OtO	Q9BZW7	Q6NY15	1	1
OtO	Q9BZW8	Q07763	1	1
OtO	Q9BZX2	Q99PM9	1	1
OtO	Q9BZY9	Q8R0K2	2	1
OtO	Q9BZZ2	Q62230	1	1
OtO	Q9BZZ5	O35841	1	1
OtO	Q9C002	Q810Q5	1	1
OtO	Q9C004	Q9WTP2	1	1
OtO	Q9C005	Q99LT0	1	1
OtO	Q9C009	O70220	1	1
OtO	Q9C010	Q04758	1	1
OtO	Q9C019	G3UY57	2	1
OtO	Q9C026	Q8C7M3	1	1
OtO	Q9C029	Q923T7	1	1
OtO	Q9C030	Q8BGE7	1	1
OtO	Q9C040	Q9ESN6	1	1
OtO	Q9C056	D3Z4R4	1	1
OtO	Q9C073	Q7TNF9	1	1
OtO	Q9C075	Q99PS0	1	1
OtO	Q9C086	Q99PT3	1	1
OtO	Q9C091	B9EJV3	1	1
OtO	Q9C093	Q8C9J3	1	1
OtO	Q9C098	Q8BWQ5	1	1
OtO	Q9C099	Q69ZB0	1	1
OtO	Q9C0A0	Q99P47	1	1
OtO	Q9C0A1	Q2MHN3	1	1
OtO	Q9C0A6	Q5XJV7	1	1
OtO	Q9C0B0	Q8BL48	1	1
OtO	Q9C0B1	Q8BGW1	1	1
OtO	Q9C0B2	Q3UY96	1	1
OtO	Q9C0B5	Q8VDZ4	1	1
OtO	Q9C0B6	Q6DFY8	1	1
OtO	Q9C0B7	Q8C3S2	1	1
OtO	Q9C0B9	Q69ZB8	1	1
OtO	Q9C0C2	P58871	1	1
OtO	Q9C0C4	Q64151	1	1
OtO	Q9C0C6	Q8R0W1	1	1
OtO	Q9C0C7	A2AH22	1	1
OtO	Q9C0C9	Q6ZPJ3	1	1
OtO	Q9C0D0	Q2M3X8	1	1
OtO	Q9C0D2	Q8BQ48	1	1
OtO	Q9C0D3	Q3UFS0	1	1
OtO	Q9C0D4	B2RRE4	1	1
OtO	Q9C0D5	Q0VGY8	1	1
OtO	Q9C0D6	Q3ULZ2	1	1
OtO	Q9C0D7	Q5DTV4	1	1
OtO	Q9C0D9	Q80TA1	1	1
OtO	Q9C0E2	Q9ESJ0	1	1
OtO	Q9C0E4	G3XA20	1	1
OtO	Q9C0E8	Q7TQ95	1	1
OtO	Q9C0F0	Q8C4A5	1	1
OtO	Q9C0F1	Q5HZK1	1	1
OtO	Q9C0F3	Q8BPP0	1	1
OtO	Q9C0G0	G3UVV3	1	1
OtO	Q9C0G6	E9Q0B6	1	1
OtO	Q9C0H2	Q6P5F7	1	1
OtO	Q9C0H5	P59281	1	1
OtO	Q9C0H6	B1AZR0	1	1
OtO	Q9C0H9	Q9QWI6	1	1
OtO	Q9C0I1	Q80TA6	1	1
OtO	Q9C0I3	Q8C0C4	1	1
OtO	Q9C0I4	Q6P4U0	1	1
OtO	Q9C0I9	Q80YS5	1	1
OtO	Q9C0J1	Q1RLK6	2	1
OtO	Q9C0J8	Q8K4P0	1	1
OtO	Q9C0J9	Q99PV5	1	1
OtO	Q9C0K0	Q99PV8	1	1
OtO	Q9C0K1	Q91W10	1	1
OtO	Q9C0K7	Q8K4T3	1	1
OtO	Q9GZK7	Q8VFE3	2	1
OtO	Q9GZL7	Q9JJA4	1	1
OtO	Q9GZM5	Q3UDR8	1	1
OtO	Q9GZM7	Q99JR5	1	1
OtO	Q9GZM8	Q9ERR1	1	1
OtO	Q9GZN0	Q9EPB7	1	1
OtO	Q9GZN1	Q9D864	1	1
OtO	Q9GZN2	Q8C0Y1	1	1
OtO	Q9GZN4	Q9ER10	1	1
OtO	Q9GZN6	A0A1L1SR47	1	1
OtO	Q9GZN7	Q3TDK6	1	1
OtO	Q9GZN8	Q9D1K7	1	1
OtO	Q9GZP0	Q925I7	1	1
OtO	Q9GZP1	Q5HZK2	988	1
OtO	Q9GZP4	Q8BWR2	1	1
OtO	Q9GZP8	Q9D809	1	1
OtO	Q9GZP9	Q8BNI4	1	1
OtO	Q9GZQ3	Q8R395	1	1
OtO	Q9GZQ4	Q8BZ39	1	1
OtO	Q9GZQ6	E9Q468	1	1
OtO	Q9GZR1	Q6P7W0	1	1
OtO	Q9GZR2	Q6PAQ4	1	1
OtO	Q9GZR5	Q9EQC4	1	1
OtO	Q9GZR7	Q9ESV0	1	1
OtO	Q9GZS0	A2AC93	1	1
OtO	Q9GZS1	Q8K202	4	1
OtO	Q9GZS3	Q9ERF3	1	1
OtO	Q9GZT3	Q9D8T7	1	1
OtO	Q9GZT4	Q9QZX7	1	1
OtO	Q9GZT5	P70701	1	1
OtO	Q9GZT6	Q8C3X2	1	1
OtO	Q9GZT8	Q9EQ80	1	1
OtO	Q9GZT9	Q91YE3	1	1
OtO	Q9GZU0	Q99LU8	1	1
OtO	Q9GZU1	Q99J21	1	1
OtO	Q9GZU2	Q3URU2	1	1
OtO	Q9GZU3	Q810L4	1	1
OtO	Q9GZU5	P83503	1	1
OtO	Q9GZU7	P58466	1	1
OtO	Q9GZU8	Q91WE2	1	1
OtO	Q9GZV1	Q9WV06	1	1
OtO	Q9GZV3	Q8BGY9	1	1
OtO	Q9GZV4	Q8BGY2	1	1
OtO	Q9GZV5	Q9EPK5	1	1
OtO	Q9GZV7	Q9ESM3	1	1
OtO	Q9GZV8	E9Q3T6	1	1
OtO	Q9GZV9	Q9EPC2	1	1
OtO	Q9GZX7	Q9WVE0	1	1
OtO	Q9GZX9	Q9EP52	1	1
OtO	Q9GZY6	Q9JHL0	2	1
OtO	Q9GZY8	Q6PCP5	1	1
OtO	Q9GZZ0	Q01822	1	1
OtO	Q9GZZ1	Q6PGB6	1	1
OtO	Q9GZZ6	B2RX82	1	1
OtO	Q9GZZ7	Q9JJT2	1	1
OtO	Q9GZZ9	Q8VE47	1	1
OtO	Q9H000	Q9ERV1	1	1
OtO	Q9H008	Q9D7I5	1	1
OtO	Q9H013	O35674	1	1
OtO	Q9H015	Q9Z306	1	1
OtO	Q9H019	Q9CWE0	1	1
OtO	Q9H040	G3X912	1	1
OtO	Q9H061	Q9D8Y1	1	1
OtO	Q9H063	Q9D0U6	1	1
OtO	Q9H069	Q9D5E4	1	1
OtO	Q9H074	Q8VE62	1	1
OtO	Q9H078	Q60649	1	1
OtO	Q9H079	Q9CWJ3	1	1
OtO	Q9H081	Q9CY25	1	1
OtO	Q9H082	O35963	1	1
OtO	Q9H089	Q3UM18	1	1
OtO	Q9H091	Q8C0R7	1	1
OtO	Q9H093	Q8BZN4	1	1
OtO	Q9H095	Q80W32	1	1
OtO	Q9H098	Q3TGF2	1	1
OtO	Q9H0A0	Q8K224	1	1
OtO	Q9H0A6	Q9JIT1	1	1
OtO	Q9H0A8	Q9CQ02	1	1
OtO	Q9H0A9	Q9D9W0	1	1
OtO	Q9H0B3	A0A1D5RMD1	1	1
OtO	Q9H0B6	O88448	1	1
OtO	Q9H0B8	Q8BZQ2	1	1
OtO	Q9H0C1	A2BGJ5	1	1
OtO	Q9H0C2	Q3V132	1	1
OtO	Q9H0C3	Q8BH18	1	1
OtO	Q9H0C5	P58544	1	1
OtO	Q9H0C8	Q8R0F6	1	1
OtO	Q9H0D2	Q0GGX2	1	1
OtO	Q9H0D6	Q9DBR1	1	1
OtO	Q9H0E2	Q9QZ06	1	1
OtO	Q9H0E3	Q8BIH0	1	1
OtO	Q9H0E7	Q8C2S0	1	1
OtO	Q9H0E9	Q8R3B7	3	1
OtO	Q9H0F5	Q8BI21	1	1
OtO	Q9H0F6	Q91WA6	1	1
OtO	Q9H0F7	O88848	1	1
OtO	Q9H0G5	Q5NCR9	1	1
OtO	Q9H0H0	Q80UK8	1	1
OtO	Q9H0H3	Q8R2P1	1	1
OtO	Q9H0H5	Q9WVM1	1	1
OtO	Q9H0I2	Q7TSV9	1	1
OtO	Q9H0I3	Q8C5T8	1	1
OtO	Q9H0I9	Q9D4D4	1	1
OtO	Q9H0J4	Q3V2A7	3577	1
OtO	Q9H0J9	Q8BZ20	1	1
OtO	Q9H0K1	Q8CFH6	1	1
OtO	Q9H0K4	Q8CDR2	1	1
OtO	Q9H0K6	Q8CE46	1	1
OtO	Q9H0L4	Q8C7E9	1	1
OtO	Q9H0M0	Q8BZZ3	1	1
OtO	Q9H0M4	Q6IR42	1	1
OtO	Q9H0N5	Q9CZL5	1	1
OtO	Q9H0P0	Q9D020	1	1
OtO	Q9H0Q0	Q8BHZ0	1	1
OtO	Q9H0Q3	Q9D164	1	1
OtO	Q9H0R1	Q8BJ63	1	1
OtO	Q9H0R3	Q8BVA2	1	1
OtO	Q9H0R4	Q3UGR5	1	1
OtO	Q9H0R6	Q9CZN8	1	1
OtO	Q9H0R8	Q8R3R8	1	1
OtO	Q9H0S4	Q9CWX9	1	1
OtO	Q9H0T7	P35292	1	1
OtO	Q9H0U3	Q9CQY5	1	1
OtO	Q9H0U4	Q9D1G1	1	1
OtO	Q9H0U6	Q9CQL5	1	1
OtO	Q9H0V1	Q91VX9	1	1
OtO	Q9H0V9	P59481	1	1
OtO	Q9H0W5	D3YZV8	1	1
OtO	Q9H0W7	Q9D305	1	1
OtO	Q9H0W8	Q9DB90	1	1
OtO	Q9H0W9	Q91V76	1	1
OtO	Q9H0X4	Q8C0Z1	1	1
OtO	Q9H0X6	Q8K0W3	1	1
OtO	Q9H0X9	Q9ER64	1	1
OtO	Q9H0Y0	Q8R1P4	1	1
OtO	Q9H0Z9	Q62176	1	1
OtO	Q9H112	Q9D269	1	1
OtO	Q9H114	Q80Y72	1	1
OtO	Q9H115	P28663	1	1
OtO	Q9H116	Q4VBD9	1	1
OtO	Q9H147	Q99LB0	1	1
OtO	Q9H156	Q810C0	1	1
OtO	Q9H158	Q91Y10	1	1
OtO	Q9H159	E9Q3A7	1	1
OtO	Q9H160	Q9ESK4	1	1
OtO	Q9H161	O35137	1	1
OtO	Q9H165	Q9QYE3	1	1
OtO	Q9H169	P63042	1	1
OtO	Q9H171	Q9QY24	1	1
OtO	Q9H172	Q91WA9	1	1
OtO	Q9H173	Q9EPK6	1	1
OtO	Q9H175	Q8BGQ2	1	1
OtO	Q9H190	Q99JZ0	1	1
OtO	Q9H1A3	Q9EPL4	1	1
OtO	Q9H1A4	P53995	1	1
OtO	Q9H1B5	Q9EPL0	1	1
OtO	Q9H1B7	Q8K3X4	1	1
OtO	Q9H1C0	Q149R9	1	1
OtO	Q9H1C3	Q640P4	1	1
OtO	Q9H1C4	Q8VCW4	1	1
OtO	Q9H1C7	Q8K353	1	1
OtO	Q9H1D0	Q91WD2	1	1
OtO	Q9H1D9	Q921X6	1	1
OtO	Q9H1E3	Q80XU3	1	1
OtO	Q9H1E5	Q8C0L0	1	1
OtO	Q9H1H1	Q9CWD0	1	1
OtO	Q9H1H9	Q9EQW7	1	1
OtO	Q9H1I8	Q91WR3	1	1
OtO	Q9H1J1	Q3ULJ3	1	1
OtO	Q9H1J5	Q64527	1	1
OtO	Q9H1J7	P22726	1	1
OtO	Q9H1K0	Q80Y56	1	1
OtO	Q9H1K1	Q9D7P6	1	1
OtO	Q9H1K4	Q9DB41	1	1
OtO	Q9H1K6	Q9ERE8	1	1
OtO	Q9H1M3	Q30KP0	1	1
OtO	Q9H1N7	Q922Q5	1	1
OtO	Q9H1P3	Q8BX94	1	1
OtO	Q9H1P6	Q9DA42	2	1
OtO	Q9H1Q7	Q6P1Z5	1	1
OtO	Q9H1R2	Q8R4V2	4564	1
OtO	Q9H1R3	Q8VCR8	1	1
OtO	Q9H1U4	Q8BH27	1	1
OtO	Q9H1V8	Q8BJI1	1	1
OtO	Q9H1X1	Q9D9V4	3	1
OtO	Q9H1X3	A2ALW5	1	1
OtO	Q9H1Y0	Q99J83	1	1
OtO	Q9H1Y3	Q9WUK7	1	1
OtO	Q9H1Z4	Q91V09	1	1
OtO	Q9H1Z8	Q99LS0	1	1
OtO	Q9H1Z9	Q8VCF5	1	1
OtO	Q9H201	Q91W69	1	1
OtO	Q9H204	Q920D3	1	1
OtO	Q9H209	Q7TRM9	1	1
OtO	Q9H211	Q8R4E9	1	1
OtO	Q9H213	Q9NWG9	1	1
OtO	Q9H221	Q9DBM0	1	1
OtO	Q9H222	Q99PE8	1	1
OtO	Q9H223	Q9EQP2	1	1
OtO	Q9H228	Q91X56	1	1
OtO	Q9H237	Q9JJJ7	1	1
OtO	Q9H239	Q8CGV8	1	1
OtO	Q9H244	Q9CPV9	1	1
OtO	Q9H246	Q8K207	1	1
OtO	Q9H251	Q99PF4	1	1
OtO	Q9H252	Q32ME0	1	1
OtO	Q9H254	E9PX29	1	1
OtO	Q9H255	Q8VBV9	1	1
OtO	Q9H257	A2AIV8	1	1
OtO	Q9H267	P59016	1	1
OtO	Q9H269	Q920Q4	1	1
OtO	Q9H270	Q91W86	1	1
OtO	Q9H293	Q8VHH8	1	1
OtO	Q9H295	Q7TNJ0	1	1
OtO	Q9H299	Q91VW3	1	1
OtO	Q9H2A2	Q8BH00	1	1
OtO	Q9H2A3	P70447	1	1
OtO	Q9H2A7	Q8BSU2	1	1
OtO	Q9H2A9	Q8BQ86	1	1
OtO	Q9H2B2	P40749	1	1
OtO	Q9H2B4	P58735	1	1
OtO	Q9H2C0	Q8CA72	1	1
OtO	Q9H2C1	P61375	1	1
OtO	Q9H2C2	Q9D0U9	1	1
OtO	Q9H2D1	Q8BMG8	1	1
OtO	Q9H2D6	Q99KW3	1	1
OtO	Q9H2E6	O35464	1	1
OtO	Q9H2F3	Q9EQC1	1	1
OtO	Q9H2F5	Q8C9X6	1	1
OtO	Q9H2F9	Q8BVC4	1	1
OtO	Q9H2G2	O54988	1	1
OtO	Q9H2G4	Q7TQI8	1	1
OtO	Q9H2G9	Q8R2X8	1	1
OtO	Q9H2H0	Q6NXI8	1	1
OtO	Q9H2H8	Q9D6L8	1	1
OtO	Q9H2H9	Q8K2P7	1	1
OtO	Q9H2I8	Q9D9B4	1	1
OtO	Q9H2J4	Q8BVF2	1	1
OtO	Q9H2J7	Q8BG16	1	1
OtO	Q9H2K0	Q9CZD5	1	1
OtO	Q9H2K2	Q3UES3	1	1
OtO	Q9H2K8	Q8BYC6	1	1
OtO	Q9H2L4	Q8K174	1	1
OtO	Q9H2L5	Q8CB96	1	1
OtO	Q9H2M3	Q91WS4	1	1
OtO	Q9H2M9	Q8BMG7	1	1
OtO	Q9H2P0	Q9Z103	1	1
OtO	Q9H2P9	Q9CWQ0	1	1
OtO	Q9H2R5	Q8CGR4	1	1
OtO	Q9H2S1	P58390	1	1
OtO	Q9H2S5	A2RT81	1	1
OtO	Q9H2S6	Q9EP64	1	1
OtO	Q9H2S9	Q8C208	1	1
OtO	Q9H2T7	Q99NF8	1	1
OtO	Q9H2U1	Q8VHK9	1	1
OtO	Q9H2U2	Q91VM9	1	1
OtO	Q9H2U9	O35227	1	1
OtO	Q9H2V7	Q8R0G7	1	1
OtO	Q9H2W2	Q9WUI0	1	1
OtO	Q9H2W6	Q9EQI8	1	1
OtO	Q9H2X0	Q9Z0E2	1	1
OtO	Q9H2X6	Q9QZR5	1	1
OtO	Q9H2X9	Q91V14	1	1
OtO	Q9H2Y7	O88466	1	1
OtO	Q9H2Y9	E9PVD9	1	1
OtO	Q9H2Z4	Q9EQM3	1	1
OtO	Q9H300	Q5XJY4	1	1
OtO	Q9H305	Q9DB75	1	1
OtO	Q9H307	O35691	1	1
OtO	Q9H310	Q8BUX5	1	1
OtO	Q9H313	Q9D3A9	1	1
OtO	Q9H324	P58459	1	1
OtO	Q9H329	Q9JMC8	2775	1
OtO	Q9H330	B1AZA5	1	1
OtO	Q9H334	P58462	1	1
OtO	Q9H336	Q8CGD2	1	1
OtO	Q9H341	F8VPJ9	1	1
OtO	Q9H343	E9Q7P5	5	1
OtO	Q9H344	Q8VGX6	1	1
OtO	Q9H346	Q8VGW2	1	1
OtO	Q9H347	Q8C5U9	1	1
OtO	Q9H3C7	Q5SV77	1	1
OtO	Q9H3D4	O88898	1	1
OtO	Q9H3E2	Q3ZT31	1	1
OtO	Q9H3F6	Q922M3	1	1
OtO	Q9H3G5	Q9D3S9	1	1
OtO	Q9H3H1	Q80UN9	1	1
OtO	Q9H3H3	Q8VD62	1	1
OtO	Q9H3H5	P42867	1	1
OtO	Q9H3J6	Q80VP5	1	1
OtO	Q9H3K2	Q91VC9	1	1
OtO	Q9H3K6	Q8BGS2	1	1
OtO	Q9H3L0	Q99LS1	1	1
OtO	Q9H3M0	Q7TSH7	1	1
OtO	Q9H3M7	Q8BG60	1	1
OtO	Q9H3N1	Q8VBT0	1	1
OtO	Q9H3N8	Q91ZY2	1	1
OtO	Q9H3P2	Q8BG30	1	1
OtO	Q9H3P7	Q8BMP6	1	1
OtO	Q9H3Q1	Q9JM96	1	1
OtO	Q9H3R0	Q8VCD7	1	1
OtO	Q9H3R1	Q9EQW8	1	1
OtO	Q9H3R2	P19467	545	1
OtO	Q9H3R5	Q9QYM8	1	1
OtO	Q9H3S1	Q62178	1	1
OtO	Q9H3S3	Q9ER04	1	1
OtO	Q9H3S4	Q9R0M5	1	1
OtO	Q9H3S5	Q8C2R7	1	1
OtO	Q9H3S7	Q6PB44	1	1
OtO	Q9H3T2	Q9WTM3	1	1
OtO	Q9H3T3	O54951	1	1
OtO	Q9H3U1	Q99KD5	1	1
OtO	Q9H3U5	Q9DC37	1	1
OtO	Q9H3U7	Q8CD91	1	1
OtO	Q9H3W5	Q8CBC6	1	1
OtO	Q9H3Y0	A2A5I3	1	1
OtO	Q9H3Y6	Q62270	1	1
OtO	Q9H3Y8	Q9CR37	1	1
OtO	Q9H3Z4	P60904	1	1
OtO	Q9H3Z7	Q80YU0	1	1
OtO	Q9H400	Q9EQR5	1	1
OtO	Q9H410	Q9CYC5	1	1
OtO	Q9H422	Q9ERH7	1	1
OtO	Q9H425	Q8C3W1	1	1
OtO	Q9H426	P60191	1	1
OtO	Q9H427	B2RVL1	1	1
OtO	Q9H444	Q9D8B3	1	1
OtO	Q9H446	Q9CQK7	1	1
OtO	Q9H461	Q61091	1	1
OtO	Q9H467	Q9CXX9	1	1
OtO	Q9H469	Q91W61	1	1
OtO	Q9H477	Q8R1Q9	1	1
OtO	Q9H479	Q9ER35	1	1
OtO	Q9H488	Q91ZW2	1	1
OtO	Q9H489	Q3UYP3	1	1
OtO	Q9H490	Q8K358	1	1
OtO	Q9H492	Q91VR7	1	1
OtO	Q9H497	Q9ER38	1	1
OtO	Q9H4A3	P83741	1	1
OtO	Q9H4A4	Q8VCT3	1	1
OtO	Q9H4A5	Q8R088	1	1
OtO	Q9H4A6	Q9CRA5	1	1
OtO	Q9H4A9	Q8C255	1	1
OtO	Q9H4B0	Q6PEB4	1	1
OtO	Q9H4B4	Q60806	1	1
OtO	Q9H4B6	Q8VEB2	1	1
OtO	Q9H4B7	A2AQ07	1	1
OtO	Q9H4B8	Q9DA79	1	1
OtO	Q9H4D0	Q9ER65	1	1
OtO	Q9H4D5	Q4ZGD9	1	1
OtO	Q9H4E5	Q9ER71	1	1
OtO	Q9H4E7	Q8C2K1	1	1
OtO	Q9H4F1	Q9R2B6	2	1
OtO	Q9H4F8	Q8BLY1	1	1
OtO	Q9H4G0	Q9Z2H5	1	1
OtO	Q9H4G4	Q9CYL5	1	1
OtO	Q9H4H8	Q9D7I8	1	1
OtO	Q9H4I0	A2AU37	1	1
OtO	Q9H4I2	Q8C0Q2	1	1
OtO	Q9H4I3	Q99JY4	1	1
OtO	Q9H4I8	Q9EPB5	1	1
OtO	Q9H4I9	Q9DB10	1	1
OtO	Q9H4K1	Q9D4Q1	1	1
OtO	Q9H4K7	A2AFK4	1	1
OtO	Q9H4L4	Q9EP97	1	1
OtO	Q9H4L5	Q9DBS9	1	1
OtO	Q9H4L7	Q04692	1	1
OtO	Q9H4M3	Q8BK26	1	1
OtO	Q9H4M7	Q8VC98	1	1
OtO	Q9H4M9	Q9WVK4	1	1
OtO	Q9H4P4	Q8BH75	1	1
OtO	Q9H4Q3	E9PZZ1	1	1
OtO	Q9H4Q4	A2AJ77	1	1
OtO	Q9H4S2	P31315	1	1
OtO	Q9H4W6	O08791	1	1
OtO	Q9H4X1	Q9DBX1	1	1
OtO	Q9H4Y5	Q8K2Q2	1	1
OtO	Q9H4Z2	A2A5K6	1	1
OtO	Q9H4Z3	P59114	1	1
OtO	Q9H501	Q3V1V3	1	1
OtO	Q9H503	Q8BVR0	1	1
OtO	Q9H511	Q8BWA5	1	1
OtO	Q9H553	Q9DBE8	1	1
OtO	Q9H579	E9PYI4	28	1
OtO	Q9H582	E9QA22	1	1
OtO	Q9H583	G3X9B1	1	1
OtO	Q9H598	O35633	1	1
OtO	Q9H5F2	Q9D131	1	1
OtO	Q9H5H4	Q8R0T2	1	1
OtO	Q9H5I1	Q9EQQ0	8	1
OtO	Q9H5I5	Q8CD54	1	1
OtO	Q9H5J0	Q91X45	1	1
OtO	Q9H5J4	Q920L5	1	1
OtO	Q9H5J8	Q9D4V4	1	1
OtO	Q9H5K3	Q3TUA9	1	1
OtO	Q9H5N1	Q91WG2	1	1
OtO	Q9H5P4	E9Q9W7	1	1
OtO	Q9H5Q4	Q3TL26	1	1
OtO	Q9H5U6	Q8BKW4	1	1
OtO	Q9H5V7	Q8BU00	1	1
OtO	Q9H5V8	Q5U462	1	1
OtO	Q9H5V9	Q8VDP2	1	1
OtO	Q9H5X1	Q9DCL2	1	1
OtO	Q9H5Y7	Q8C110	1	1
OtO	Q9H5Z1	A2ACQ1	1	1
OtO	Q9H5Z6	Q8BLQ0	1	1
OtO	Q9H607	Q8VCR9	1	1
OtO	Q9H611	Q80SX8	1	1
OtO	Q9H628	B2RVE2	1	1
OtO	Q9H633	Q8R040	1	1
OtO	Q9H649	Q8CCT7	1	1
OtO	Q9H665	Q3U4N7	1	1
OtO	Q9H668	Q8K2X3	1	1
OtO	Q9H672	Q91ZU0	1	1
OtO	Q9H693	Q9DA83	85	1
OtO	Q9H694	Q99MQ1	1	1
OtO	Q9H6A0	Q91VV4	1	1
OtO	Q9H6A9	Q8VI59	1	1
OtO	Q9H6B4	Q8R373	1	1
OtO	Q9H6B9	Q3V1F8	1	1
OtO	Q9H6D3	Q8C0T0	1	1
OtO	Q9H6D7	Q8BFT2	1	1
OtO	Q9H6D8	Q3TR08	1	1
OtO	Q9H6E4	Q8C7V8	1	1
OtO	Q9H6E5	Q8R3F9	1	1
OtO	Q9H6F2	Q3TMP8	1	1
OtO	Q9H6F5	Q9JJ89	1	1
OtO	Q9H6H4	Q8K072	1	1
OtO	Q9H6I2	Q61473	1	1
OtO	Q9H6J7	Q8BHR8	1	1
OtO	Q9H6K1	Q3TT38	1	1
OtO	Q9H6K4	Q505D7	1	1
OtO	Q9H6K5	E9PV26	1	1
OtO	Q9H6L2	Q3U284	1	1
OtO	Q9H6L4	Q3UJZ3	1	1
OtO	Q9H6L5	Q8VE91	1	1
OtO	Q9H6P5	Q8R1G1	1	1
OtO	Q9H6Q3	Q8R4L0	1	1
OtO	Q9H6Q4	Q7TMW6	1	1
OtO	Q9H6R0	Q80VY9	1	1
OtO	Q9H6R3	Q14DH7	1	1
OtO	Q9H6R4	Q8R5K4	1	1
OtO	Q9H6R6	Q9CPV7	1	1
OtO	Q9H6R7	Q6NV72	1	1
OtO	Q9H6S0	B2RR83	1	1
OtO	Q9H6S1	Q9QYP6	1	1
OtO	Q9H6S3	Q99K30	1	1
OtO	Q9H6T0	Q8K0G8	1	1
OtO	Q9H6T3	Q9D706	1	1
OtO	Q9H6U6	Q8CCN5	1	1
OtO	Q9H6U8	Q8VDI9	1	1
OtO	Q9H6V9	Q8BVA5	1	1
OtO	Q9H6W3	Q9JJF3	1	1
OtO	Q9H6X2	Q9CZ52	1	1
OtO	Q9H6X4	Q8R0J4	1	1
OtO	Q9H6X5	Q922C1	1	1
OtO	Q9H6Y2	Q9CX97	1	1
OtO	Q9H6Y5	Q4KL35	1	1
OtO	Q9H6Y7	Q91XF4	1	1
OtO	Q9H6Z4	Q9CT10	1	1
OtO	Q9H6Z9	Q91UZ4	1	1
OtO	Q9H706	Q3UFT3	1	1
OtO	Q9H714	Q3TD16	1	1
OtO	Q9H720	Q91YL7	1	1
OtO	Q9H741	Q8BTG6	1	1
OtO	Q9H756	Q8BZT5	1	1
OtO	Q9H765	Q91ZT9	1	1
OtO	Q9H772	O88273	1	1
OtO	Q9H773	Q9QY93	1	1
OtO	Q9H777	Q8VEB6	1	1
OtO	Q9H788	Q9D7V1	1	1
OtO	Q9H790	Q9CXP9	1	1
OtO	Q9H792	Q69Z38	1	1
OtO	Q9H799	Q8CE72	1	1
OtO	Q9H7B2	Q9JJ80	1	1
OtO	Q9H7B4	Q9CWR2	1	1
OtO	Q9H7C4	Q9EPM5	1	1
OtO	Q9H7C9	Q8R0P4	1	1
OtO	Q9H7D0	B2RY04	1	1
OtO	Q9H7D7	Q8C6G8	1	1
OtO	Q9H7E2	Q91W18	1	1
OtO	Q9H7E9	Q3U6N9	1	1
OtO	Q9H7F0	Q5XF89	1	1
OtO	Q9H7F4	Q8R3R5	1	1
OtO	Q9H7H0	Q3U2U7	1	1
OtO	Q9H7J1	Q8BRJ4	1	1
OtO	Q9H7L9	Q8BR65	1	1
OtO	Q9H7M9	Q9D659	1	1
OtO	Q9H7N4	Q5U4C3	1	1
OtO	Q9H7P6	Q6KAU4	1	1
OtO	Q9H7P9	Q6KAU7	1	1
OtO	Q9H7S9	P0CL69	1	1
OtO	Q9H7T0	A2RTF1	1	1
OtO	Q9H7T9	E9Q6Z5	1	1
OtO	Q9H7U1	Q3UHI0	1	1
OtO	Q9H7V2	A2ANU3	1	1
OtO	Q9H7X0	Q9DBU2	1	1
OtO	Q9H7X2	Q8BGN9	1	1
OtO	Q9H7X7	Q9DAI2	1	1
OtO	Q9H7Y0	Q8C3I9	1	1
OtO	Q9H7Z3	Q80XC6	1	1
OtO	Q9H7Z6	Q9D1P2	1	1
OtO	Q9H7Z7	Q8BWM0	1	1
OtO	Q9H808	Q9WVB3	1	1
OtO	Q9H813	Q9D771	1	1
OtO	Q9H814	Q9JJT9	1	1
OtO	Q9H816	Q8C7W7	1	1
OtO	Q9H819	Q9CZJ9	1	1
OtO	Q9H825	A2AUU0	1	1
OtO	Q9H832	Q3UE37	1	1
OtO	Q9H840	Q9CWY4	1	1
OtO	Q9H841	Q91WC7	1	1
OtO	Q9H845	Q8JZN5	1	1
OtO	Q9H857	A0A2I3BR81	2	1
OtO	Q9H867	Q8C436	1	1
OtO	Q9H871	Q80YQ8	1	1
OtO	Q9H875	Q9CWV6	1	1
OtO	Q9H892	Q8BW49	1	1
OtO	Q9H898	Q8BZ94	1	1
OtO	Q9H8E8	Q8CID0	1	1
OtO	Q9H8G2	Q8VDY9	1	1
OtO	Q9H8H0	Q8BJW5	1	1
OtO	Q9H8H2	Q6NZQ2	3	1
OtO	Q9H8J5	Q9CR33	1	1
OtO	Q9H8K7	Q9D2Q3	1	1
OtO	Q9H8L6	A6H6E2	1	1
OtO	Q9H8M1	Q3THF9	1	1
OtO	Q9H8M2	Q3UQU0	1	1
OtO	Q9H8M5	Q3TWN3	1	1
OtO	Q9H8M7	Q9CV28	1	1
OtO	Q9H8M9	Q91WM6	1	1
OtO	Q9H8N7	E9Q5N9	1	1
OtO	Q9H8P0	Q9WUP4	1	1
OtO	Q9H8S9	Q921Y0	1	1
OtO	Q9H8T0	Q64362	1	1
OtO	Q9H8U3	Q497H0	1	1
OtO	Q9H8V3	Q07139	1	1
OtO	Q9H8W3	Q8C6C7	1	1
OtO	Q9H8W4	Q91WB4	1	1
OtO	Q9H8W5	Q6PFY8	1	1
OtO	Q9H8X2	Q6P1C1	1	1
OtO	Q9H8Y1	Q3SYK4	1	1
OtO	Q9H8Y5	Q80UU1	1	1
OtO	Q9H8Y8	Q99JX3	1	1
OtO	Q9H900	Q8R060	1	1
OtO	Q9H902	Q8BGH4	1	1
OtO	Q9H903	D3YZG8	1	1
OtO	Q9H910	Q6PGH2	1	1
OtO	Q9H920	Q8R1Z9	1	1
OtO	Q9H936	Q9D6M3	1	1
OtO	Q9H939	Q99M15	1	1
OtO	Q9H944	Q9R0X0	1	1
OtO	Q9H967	A6PWY4	1	1
OtO	Q9H972	Q8K2W9	1	1
OtO	Q9H974	B8ZXI1	1	1
OtO	Q9H977	Q9R0D8	1	1
OtO	Q9H981	Q8R2S9	1	1
OtO	Q9H987	Q8BWB1	1	1
OtO	Q9H992	Q9WV66	1	1
OtO	Q9H993	A6H630	1	1
OtO	Q9H999	Q8R2W9	1	1
OtO	Q9H9A5	Q8BH15	1	1
OtO	Q9H9A6	Q9CRC8	1	1
OtO	Q9H9A7	Q9D4G9	1	1
OtO	Q9H9B1	Q5DW34	1	1
OtO	Q9H9B4	Q99JR1	1	1
OtO	Q9H9C1	Q8BGQ1	1	1
OtO	Q9H9D4	H7BX78	1	1
OtO	Q9H9E1	Q99PE2	1	1
OtO	Q9H9E3	Q8R1U1	1	1
OtO	Q9H9F9	Q80US4	1	1
OtO	Q9H9G7	Q8CJF9	1	1
OtO	Q9H9H4	Q8R0J7	1	1
OtO	Q9H9H5	Q14BB9	1	1
OtO	Q9H9J2	Q9CY73	1	1
OtO	Q9H9J4	B2RQC2	1	1
OtO	Q9H9L3	Q3U1G5	1	1
OtO	Q9H9L4	Q8BQR4	1	1
OtO	Q9H9L7	Q99LF1	1	1
OtO	Q9H9P2	Q9CXM0	1	1
OtO	Q9H9P5	Q5FWH2	2	1
OtO	Q9H9P8	Q91YP0	1	1
OtO	Q9H9Q2	Q8BV13	1	1
OtO	Q9H9Q4	Q3KNJ2	1	1
OtO	Q9H9R9	Q9CZ00	1	1
OtO	Q9H9S3	Q9JLR1	1	1
OtO	Q9H9S4	Q9DB16	1	1
OtO	Q9H9S5	Q8CG64	1	1
OtO	Q9H9T3	Q9CZX0	1	1
OtO	Q9H9V4	Q8BP31	1	1
OtO	Q9H9V9	Q8BFT6	1	1
OtO	Q9H9Y2	Q7TND5	1	1
OtO	Q9H9Y4	Q8VEJ1	1	1
OtO	Q9H9Y6	P70700	1	1
OtO	Q9H9Z2	Q8K3Y3	1	1
OtO	Q9HA38	O54836	1	1
OtO	Q9HA47	P52623	1	1
OtO	Q9HA64	Q8K274	1	1
OtO	Q9HA65	Q8BYH7	1	1
OtO	Q9HA72	Q8VEC4	1	1
OtO	Q9HA77	Q8BYM8	1	1
OtO	Q9HA82	Q9D6J1	1	1
OtO	Q9HA90	Q9JJF6	1	1
OtO	Q9HA92	Q5SUV1	1	1
OtO	Q9HAB8	Q8VDG5	1	1
OtO	Q9HAC7	Q7TNE1	1	1
OtO	Q9HAC8	Q91WB7	1	1
OtO	Q9HAD4	Q3UDP0	1	1
OtO	Q9HAE3	Q9D3N2	1	1
OtO	Q9HAF1	Q2VPQ9	1	1
OtO	Q9HAH7	Q8R089	1	1
OtO	Q9HAI6	Q9D3J9	1	1
OtO	Q9HAJ7	Q5SQF8	1	1
OtO	Q9HAK2	O08792	1	1
OtO	Q9HAN9	Q9EPA7	1	1
OtO	Q9HAP2	Q2VPU4	1	1
OtO	Q9HAP6	O88951	1	1
OtO	Q9HAQ2	Q9WV04	1	1
OtO	Q9HAR2	Q80TS3	2	1
OtO	Q9HAS0	Q9CYI0	1	1
OtO	Q9HAS3	Q9ERH8	1	1
OtO	Q9HAT1	Q8VCD3	2	1
OtO	Q9HAT2	P70665	1	1
OtO	Q9HAT8	Q8BST6	1	1
OtO	Q9HAU0	E9Q6H8	1	1
OtO	Q9HAU4	A2A5Z6	1	1
OtO	Q9HAU5	A2AT37	1	1
OtO	Q9HAU8	G5E872	1	1
OtO	Q9HAV0	P29387	1	1
OtO	Q9HAV4	Q924C1	1	1
OtO	Q9HAV5	Q8BX35	1	1
OtO	Q9HAV7	Q99LP6	1	1
OtO	Q9HAW0	Q3UAW9	1	1
OtO	Q9HAW4	Q80YR7	1	1
OtO	Q9HAY6	Q9JJS6	1	1
OtO	Q9HAZ1	O35493	1	1
OtO	Q9HAZ2	A2A935	1	1
OtO	Q9HB03	O35949	1	1
OtO	Q9HB07	Q9JK81	1	1
OtO	Q9HB09	Q9D3J3	1	1
OtO	Q9HB14	Q8R1P5	1	1
OtO	Q9HB15	Q76M80	1	1
OtO	Q9HB19	Q9ERS5	1	1
OtO	Q9HB20	Q9ERS4	1	1
OtO	Q9HB21	Q8BUL6	1	1
OtO	Q9HB29	Q9ERS7	1	1
OtO	Q9HB31	P70368	15	1
OtO	Q9HB40	Q920A5	1	1
OtO	Q9HB58	Q8BVK9	1	1
OtO	Q9HB63	Q9JI33	1	1
OtO	Q9HB65	Q80VR2	1	1
OtO	Q9HB66	A0A338P6I9	1	1
OtO	Q9HB71	Q9CXW3	1	1
OtO	Q9HB75	Q9ERV7	1	1
OtO	Q9HB89	O55040	1	1
OtO	Q9HB90	Q99K70	1	1
OtO	Q9HB96	B8JJD3	1	1
OtO	Q9HBA0	Q9EPK8	1	1
OtO	Q9HBB8	Q8VHF2	1	1
OtO	Q9HBD1	P0C090	1	1
OtO	Q9HBE1	Q5NBY9	1	1
OtO	Q9HBE4	Q9ES17	1	1
OtO	Q9HBE5	Q9JHX3	3	1
OtO	Q9HBF4	Q810J8	1	1
OtO	Q9HBG4	Q920R6	1	1
OtO	Q9HBG6	Q6NWV3	1	1
OtO	Q9HBG7	Q01965	1	1
OtO	Q9HBH0	Q8BYP3	1	1
OtO	Q9HBH1	S4R2K0	1	1
OtO	Q9HBH5	Q9ERI6	1	1
OtO	Q9HBH9	Q8CDB0	1	1
OtO	Q9HBI0	Q9ERD8	1	1
OtO	Q9HBI1	Q9ES46	1	1
OtO	Q9HBI5	Q8BGD0	1	1
OtO	Q9HBJ0	Q9JI83	11	1
OtO	Q9HBJ8	Q9ESG4	1	1
OtO	Q9HBK9	Q91WU5	1	1
OtO	Q9HBL0	E9Q0S6	1	1
OtO	Q9HBL6	Q8BXQ3	1	1
OtO	Q9HBL7	Q9D3P8	1	1
OtO	Q9HBL8	Q8K2T1	1	1
OtO	Q9HBM0	Q3ZK22	1	1
OtO	Q9HBM1	Q3UA16	1	1
OtO	Q9HBM6	Q6NZA9	1	1
OtO	Q9HBR0	Q5I012	1	1
OtO	Q9HBT6	Q9Z0M3	1	1
OtO	Q9HBT7	Q9EQB9	1	1
OtO	Q9HBU1	Q9ER42	1	1
OtO	Q9HBU6	Q9D4V0	200	1
OtO	Q9HBU9	Q9ES82	1	1
OtO	Q9HBV1	Q9ES81	1	1
OtO	Q9HBV2	Q9DA48	1	1
OtO	Q9HBW0	Q9JL06	1	1
OtO	Q9HBW1	Q99PH1	1	1
OtO	Q9HBW9	Q923X1	1	1
OtO	Q9HBX8	Q3UVD5	1	1
OtO	Q9HBX9	Q6R6I7	1	1
OtO	Q9HBY0	Q672J9	1	1
OtO	Q9HBY8	Q9QZS5	1	1
OtO	Q9HBZ2	Q61324	1	1
OtO	Q9HC07	P52875	1	1
OtO	Q9HC10	Q9ESF1	1	1
OtO	Q9HC21	Q9DAM5	1	1
OtO	Q9HC23	Q9QXU7	1	1
OtO	Q9HC24	Q9DA39	1	1
OtO	Q9HC29	Q8K3Z0	1	1
OtO	Q9HC35	Q3UMY5	1	1
OtO	Q9HC36	Q5ND52	1	1
OtO	Q9HC38	Q9CPV4	1	1
OtO	Q9HC44	Q6NZP2	1	1
OtO	Q9HC52	Q9QXV1	1	1
OtO	Q9HC56	F8VPK8	1	1
OtO	Q9HC57	Q9ESH5	1	1
OtO	Q9HC58	Q99PD7	1	1
OtO	Q9HC62	Q91ZX6	1	1
OtO	Q9HC73	Q8CII9	3124	1
OtO	Q9HC77	Q569L8	1	1
OtO	Q9HC78	Q8K0L9	1	1
OtO	Q9HC84	E9Q5I3	1	1
OtO	Q9HC96	Q9ESK3	1	1
OtO	Q9HC97	Q9ES90	1	1
OtO	Q9HC98	Q9ES70	1	1
OtO	Q9HCB6	Q8VCC9	1	1
OtO	Q9HCC0	Q3ULD5	1	1
OtO	Q9HCC8	Q9ESM6	1	1
OtO	Q9HCC9	Q6ZPK7	1	1
OtO	Q9HCD5	Q91W39	1	1
OtO	Q9HCD6	A2A690	1	1
OtO	Q9HCE0	Q80TA9	1	1
OtO	Q9HCE1	P23249	1	1
OtO	Q9HCE3	Q6NXK2	1	1
OtO	Q9HCE5	Q3UIK4	1	1
OtO	Q9HCE6	A2AWP8	1	1
OtO	Q9HCE7	Q9CUN6	1	1
OtO	Q9HCE9	Q6PB70	1	1
OtO	Q9HCG7	Q69ZF3	1	1
OtO	Q9HCH0	Q6GQX2	1	1
OtO	Q9HCH3	Q8JZW4	1	1
OtO	Q9HCH5	Q99N50	1	1
OtO	Q9HCI5	Q6PCZ4	1	1
OtO	Q9HCI7	Q69ZF8	1	1
OtO	Q9HCJ0	Q3UHC0	1	1
OtO	Q9HCJ1	Q9JHZ2	1	1
OtO	Q9HCJ2	Q8C031	1	1
OtO	Q9HCJ3	Q7TPD6	1	1
OtO	Q9HCJ5	Q80TB7	1	1
OtO	Q9HCJ6	Q80TB8	1	1
OtO	Q9HCK0	Q6P9Q3	1	1
OtO	Q9HCK1	Q5SS00	1	1
OtO	Q9HCK4	Q7TPD3	1	1
OtO	Q9HCK5	Q8CJF8	1	1
OtO	Q9HCK8	Q09XV5	1	1
OtO	Q9HCL0	Q8VHR0	1	1
OtO	Q9HCL2	Q61586	1	1
OtO	Q9HCL3	P10755	1	1
OtO	Q9HCM1	Q5DTW7	1	1
OtO	Q9HCM2	Q80UG2	1	1
OtO	Q9HCM3	Q68FD9	1	1
OtO	Q9HCM4	Q8BGS1	1	1
OtO	Q9HCM7	E9Q9T0	1	1
OtO	Q9HCM9	Q9ESN2	1	1
OtO	Q9HCN3	Q9ESN3	1	1
OtO	Q9HCN4	Q8VCE2	1	1
OtO	Q9HCN6	P0C191	1	1
OtO	Q9HCN8	Q9ESP1	1	1
OtO	Q9HCP0	Q8BTH8	3	1
OtO	Q9HCP6	Q9D1G3	1	1
OtO	Q9HCQ5	G3X942	1	1
OtO	Q9HCQ7	Q9ESQ8	1	1
OtO	Q9HCR9	P0C1Q2	1	1
OtO	Q9HCS4	Q9Z1J1	1	1
OtO	Q9HCS5	P52963	1	1
OtO	Q9HCS7	Q9DCD2	1	1
OtO	Q9HCT0	Q9ESS2	1	1
OtO	Q9HCU0	Q91V98	1	1
OtO	Q9HCU4	Q9R0M0	1	1
OtO	Q9HCU5	Q9WUQ2	1	1
OtO	Q9HCU8	Q9CWP8	1	1
OtO	Q9HCU9	Q99N20	1	1
OtO	Q9HCX4	Q9WVC5	1	1
OtO	Q9HCY8	Q9D2Q8	1	1
OtO	Q9HCZ1	A2A4U6	59	1
OtO	Q9HD15	Q80VJ2	1	1
OtO	Q9HD20	Q9EPE9	1	1
OtO	Q9HD23	Q5NCE8	1	1
OtO	Q9HD26	Q8BH60	1	1
OtO	Q9HD33	Q8K2Y7	1	1
OtO	Q9HD34	Q8K215	1	1
OtO	Q9HD36	Q9Z0F3	45	1
OtO	Q9HD40	Q6P6M7	1	1
OtO	Q9HD42	Q921W0	1	1
OtO	Q9HD43	E9Q0N2	1	1
OtO	Q9HD45	Q9ET30	1	1
OtO	Q9HD47	Q9JIB0	1	1
OtO	Q9HD67	F8VQB6	1	1
OtO	Q9HD89	Q99P87	2	1
OtO	Q9HD90	O09105	1	1
OtO	Q9HDC5	Q9ET80	1	1
OtO	Q9HDC9	Q9D7N9	1	1
OtO	Q9HDD0	Q9QZU4	1	1
OtO	Q9NNW5	Q99ME2	1	1
OtO	Q9NNW7	Q9JLT4	1	1
OtO	Q9NNX1	O08970	1	1
OtO	Q9NNZ3	Q9D844	1	1
OtO	Q9NNZ6	Q62100	1	1
OtO	Q9NP08	O70218	1	1
OtO	Q9NP31	Q9QXK9	1	1
OtO	Q9NP50	Q8C8M1	1	1
OtO	Q9NP56	Q9QXQ1	1	1
OtO	Q9NP58	Q9DC29	1	1
OtO	Q9NP59	Q9JHI9	1	1
OtO	Q9NP60	Q9ERS6	1	1
OtO	Q9NP61	Q9D8S3	1	1
OtO	Q9NP62	P70348	1	1
OtO	Q9NP64	Q9ESX4	1	1
OtO	Q9NP66	Q9DC33	1	1
OtO	Q9NP70	O55189	1	1
OtO	Q9NP71	Q99MZ3	1	1
OtO	Q9NP72	P35293	1	1
OtO	Q9NP73	Q9D8C3	1	1
OtO	Q9NP74	Q9JHU2	1	1
OtO	Q9NP77	Q9CY97	1	1
OtO	Q9NP78	Q9JJ59	1	1
OtO	Q9NP79	Q9CR26	1	1
OtO	Q9NP80	Q8K1N1	1	1
OtO	Q9NP81	Q9JJL8	1	1
OtO	Q9NP84	Q9CR75	1	1
OtO	Q9NP85	Q91X05	1	1
OtO	Q9NP86	Q9JLK3	1	1
OtO	Q9NP87	Q9JIW4	1	1
OtO	Q9NP90	Q8BHH2	1	1
OtO	Q9NP91	Q8VDB9	1	1
OtO	Q9NP92	Q9D0G0	1	1
OtO	Q9NP94	G3X943	1	1
OtO	Q9NP95	Q9ESL9	1	1
OtO	Q9NP97	P62627	1	1
OtO	Q9NP98	Q9JK37	1	1
OtO	Q9NP99	Q9JKE2	1	1
OtO	Q9NPA0	Q9EP72	1	1
OtO	Q9NPA1	E9Q7U0	1	1
OtO	Q9NPA2	Q3U435	40	1
OtO	Q9NPA3	Q9CQ20	1	1
OtO	Q9NPA8	Q9JIX0	1	1
OtO	Q9NPB0	Q8K190	1	1
OtO	Q9NPB1	Q8VCE6	1	1
OtO	Q9NPB3	Q9JLK4	1	1
OtO	Q9NPB6	Q9Z101	1	1
OtO	Q9NPB8	Q8C0L9	1	1
OtO	Q9NPB9	Q924I3	1	1
OtO	Q9NPC1	Q9JJL9	1	1
OtO	Q9NPC2	Q3LS21	42	1
OtO	Q9NPC3	D3Z3K2	1	1
OtO	Q9NPC4	Q67BJ4	1	1
OtO	Q9NPC6	Q9JJW5	1	1
OtO	Q9NPC7	Q99MD8	1	1
OtO	Q9NPC8	Q62232	1	1
OtO	Q9NPD3	Q921I9	1	1
OtO	Q9NPD7	Q8CFV4	1	1
OtO	Q9NPD8	Q9CQ37	1	1
OtO	Q9NPE2	Q99KS2	1	1
OtO	Q9NPE3	Q9CQS2	1	1
OtO	Q9NPE6	Q9JJF2	1	1
OtO	Q9NPF0	Q9Z1P5	1	1
OtO	Q9NPF2	Q9JME2	1	1
OtO	Q9NPF4	Q8BWU5	1	1
OtO	Q9NPF5	Q9JI44	1	1
OtO	Q9NPF7	Q9EQ14	1	1
OtO	Q9NPF8	Q8R2V5	1	1
OtO	Q9NPG1	Q61086	1	1
OtO	Q9NPG2	Q9ER97	1	1
OtO	Q9NPG3	Q4G0F8	1	1
OtO	Q9NPG4	O55134	1	1
OtO	Q9NPG8	Q9D6H5	1	1
OtO	Q9NPH0	Q8BP40	1	1
OtO	Q9NPH2	Q9JHU9	1	1
OtO	Q9NPH3	Q61730	1	1
OtO	Q9NPH5	Q9JHI8	1	1
OtO	Q9NPI0	Q9D6G5	1	1
OtO	Q9NPI1	O88665	1	1
OtO	Q9NPI5	Q9D7C9	1	1
OtO	Q9NPI6	Q91YD3	1	1
OtO	Q9NPI7	Q99JT5	1	1
OtO	Q9NPI8	E9Q5Z5	43	1
OtO	Q9NPI9	Q9Z307	1	1
OtO	Q9NPJ1	Q9JI70	1	1
OtO	Q9NPJ3	Q9CQR4	1	1
OtO	Q9NPJ4	Q9CR73	1	1
OtO	Q9NPJ6	Q9CQA5	1	1
OtO	Q9NPJ8	Q3UNA4	1	1
OtO	Q9NPL8	Q8BUY5	1	1
OtO	Q9NPP4	Q3UP24	1	1
OtO	Q9NPQ8	Q3TIR3	1	1
OtO	Q9NPR2	Q62179	1	1
OtO	Q9NPR9	Q91WD0	1	1
OtO	Q9NPU4	J3QPM6	1	1
OtO	Q9NPY3	O89103	1	1
OtO	Q9NPZ5	P59270	1	1
OtO	Q9NQ03	Q8BTH6	1	1
OtO	Q9NQ11	Q9CTG6	1	1
OtO	Q9NQ25	Q8BHK6	2	1
OtO	Q9NQ29	Q9CYI4	1	1
OtO	Q9NQ30	Q9QYY7	1	1
OtO	Q9NQ31	Q9JJR5	1	1
OtO	Q9NQ32	Q9JJR6	1	1
OtO	Q9NQ33	Q9JJR7	1	1
OtO	Q9NQ34	Q9JJR8	1	1
OtO	Q9NQ35	Q9JJR9	1	1
OtO	Q9NQ36	Q9JJS0	1	1
OtO	Q9NQ38	Q148R4	1	1
OtO	Q9NQ40	Q9D6X5	1	1
OtO	Q9NQ48	Q9JHQ5	1	1
OtO	Q9NQ50	Q9Z2Q5	1	1
OtO	Q9NQ55	Q91YU8	1	1
OtO	Q9NQ60	Q9D9V2	1	1
OtO	Q9NQ66	Q9Z1B3	1	1
OtO	Q9NQ69	Q9WUH2	1	1
OtO	Q9NQ75	Q08EC4	1	1
OtO	Q9NQ76	Q8K4L6	1	1
OtO	Q9NQ79	Q8R555	1	1
OtO	Q9NQ84	Q8K3J9	1	1
OtO	Q9NQ86	Q80WG7	1	1
OtO	Q9NQ87	Q9DBX7	1	1
OtO	Q9NQ88	Q8BZA9	1	1
OtO	Q9NQ89	Q91YN0	1	1
OtO	Q9NQ90	Q8CFW1	1	1
OtO	Q9NQ92	Q9CQ13	1	1
OtO	Q9NQ94	Q5YD48	1	1
OtO	Q9NQA5	P69744	1	1
OtO	Q9NQB0	Q924A0	1	1
OtO	Q9NQC1	Q6ZQF7	1	1
OtO	Q9NQC3	Q99P72	1	1
OtO	Q9NQC7	Q80TQ2	1	1
OtO	Q9NQC8	Q9DB07	1	1
OtO	Q9NQE7	Q9QXE5	1	1
OtO	Q9NQE9	Q9CPS6	1	1
OtO	Q9NQG1	Q9D8X0	1	1
OtO	Q9NQG5	Q9CSU0	1	1
OtO	Q9NQG6	Q8BGV8	1	1
OtO	Q9NQG7	Q99KG7	1	1
OtO	Q9NQH7	B7ZMP1	1	1
OtO	Q9NQI0	Q61496	1	1
OtO	Q9NQL2	Q7TT45	3	1
OtO	Q9NQL9	Q80WT2	1	1
OtO	Q9NQP4	Q3UWL8	1	1
OtO	Q9NQQ7	Q8VCX2	1	1
OtO	Q9NQR1	Q2YDW7	1	1
OtO	Q9NQR4	Q9JHW2	1	1
OtO	Q9NQR7	Q3UHB8	1	1
OtO	Q9NQR9	Q9Z186	1	1
OtO	Q9NQS1	Q9D9K3	1	1
OtO	Q9NQS3	Q9JLB9	1	1
OtO	Q9NQS5	Q8CIM5	1	1
OtO	Q9NQS7	Q9WU62	1	1
OtO	Q9NQT4	Q9CRA8	1	1
OtO	Q9NQT5	Q7TQK4	1	1
OtO	Q9NQT6	Q9QXW4	1	1
OtO	Q9NQT8	A0A286YCV9	1	1
OtO	Q9NQU5	Q3ULB5	1	1
OtO	Q9NQV5	A2AGX3	1	1
OtO	Q9NQV6	Q3UTQ7	1	1
OtO	Q9NQV7	Q96EQ9	1	1
OtO	Q9NQV8	Q8BZ97	1	1
OtO	Q9NQW1	Q3TZ89	1	1
OtO	Q9NQW6	Q8K298	1	1
OtO	Q9NQW7	Q6P1B1	1	1
OtO	Q9NQW8	Q9JJZ9	1	1
OtO	Q9NQX0	Q3UZD5	1	1
OtO	Q9NQX1	Q9CXE0	1	1
OtO	Q9NQX3	Q8BUV3	1	1
OtO	Q9NQX4	E9Q1F5	1	1
OtO	Q9NQX5	Q64322	1	1
OtO	Q9NQX7	Q91VK4	1	1
OtO	Q9NQY0	Q9JI08	1	1
OtO	Q9NQZ2	Q9JI13	1	1
OtO	Q9NQZ5	Q8R1R3	1	1
OtO	Q9NQZ6	Q68FG0	1	1
OtO	Q9NQZ7	Q3TCT4	1	1
OtO	Q9NR00	Q9D915	1	1
OtO	Q9NR09	O88738	1	1
OtO	Q9NR12	Q3TJD7	1	1
OtO	Q9NR19	Q9QXG4	1	1
OtO	Q9NR20	Q8BI55	2	1
OtO	Q9NR21	Q8CFF0	1	1
OtO	Q9NR22	Q6PAK3	1	1
OtO	Q9NR23	Q07104	1	1
OtO	Q9NR28	Q9JIQ3	1	1
OtO	Q9NR30	Q9JIK5	1	1
OtO	Q9NR31	P36536	1	1
OtO	Q9NR33	Q9CQ36	1	1
OtO	Q9NR34	Q6NXK9	1	1
OtO	Q9NR45	Q99J77	1	1
OtO	Q9NR46	Q8R3V5	1	1
OtO	Q9NR48	Q99MY8	1	1
OtO	Q9NR50	B1AUN2	1	1
OtO	Q9NR55	Q9D275	2	1
OtO	Q9NR56	Q9JKP5	1	1
OtO	Q9NR61	Q9JI71	1	1
OtO	Q9NR63	Q811W2	1	1
OtO	Q9NR64	Q9JI74	1	1
OtO	Q9NR71	Q9JHE3	1	1
OtO	Q9NR77	P42925	1	1
OtO	Q9NR80	Q7TNR9	317	1
OtO	Q9NR81	Q91X46	1	1
OtO	Q9NR82	Q9JK45	1	1
OtO	Q9NR96	Q9EQU3	1	1
OtO	Q9NR97	P58682	1	1
OtO	Q9NRA0	Q9JIA7	1	1
OtO	Q9NRA1	Q8CI19	1	1
OtO	Q9NRA2	Q8BN82	1	1
OtO	Q9NRA8	Q9EST3	1	1
OtO	Q9NRB3	Q99LL3	1	1
OtO	Q9NRC1	Q99M96	1	1
OtO	Q9NRC6	A0A571BF02	1	1
OtO	Q9NRC8	Q8BKJ9	1	1
OtO	Q9NRC9	Q9JIE3	1	1
OtO	Q9NRD0	Q9QZN3	1	1
OtO	Q9NRD1	Q9QZN4	1	1
OtO	Q9NRD5	Q62083	1	1
OtO	Q9NRD8	A0A494BAW1	1	1
OtO	Q9NRD9	A2AQ92	1	1
OtO	Q9NRE2	Q68FE9	1	1
OtO	Q9NRF2	Q91ZM2	1	1
OtO	Q9NRF8	P70303	1	1
OtO	Q9NRF9	Q9JKP7	1	1
OtO	Q9NRG0	Q9JKP8	1	1
OtO	Q9NRG4	Q8R5A0	1	1
OtO	Q9NRG7	Q5M8N4	1	1
OtO	Q9NRG9	P58742	1	1
OtO	Q9NRH1	Q9DAY6	1	1
OtO	Q9NRH2	Q8VDU5	1	1
OtO	Q9NRI5	Q811T9	1	1
OtO	Q9NRJ3	Q9JIL2	1	1
OtO	Q9NRJ4	Q9JIL5	1	1
OtO	Q9NRK6	Q9JI39	1	1
OtO	Q9NRL2	O88379	1	1
OtO	Q9NRL3	P58404	1	1
OtO	Q9NRM0	Q3T9X0	1	1
OtO	Q9NRM1	O55196	1	1
OtO	Q9NRM2	E9Q6D6	209	1
OtO	Q9NRM6	Q9JIP3	1	1
OtO	Q9NRM7	Q7TSJ6	1	1
OtO	Q9NRN5	Q8BK62	1	1
OtO	Q9NRN7	Q9CQF6	1	1
OtO	Q9NRN9	Q8K1A0	1	1
OtO	Q9NRP0	Q78XF5	1	1
OtO	Q9NRP2	Q8K199	1	1
OtO	Q9NRP4	Q8BQU3	1	1
OtO	Q9NRP7	Q69ZM6	1	1
OtO	Q9NRQ2	P58196	1	1
OtO	Q9NRQ5	Q9JIS3	1	1
OtO	Q9NRR1	A1E5L0	1	1
OtO	Q9NRR2	Q9QUL7	1	1
OtO	Q9NRR3	Q8BGH7	1	1
OtO	Q9NRR4	Q5HZJ0	1	1
OtO	Q9NRR5	Q99NB8	1	1
OtO	Q9NRR6	Q9JII1	1	1
OtO	Q9NRR8	Q8BHL7	1	1
OtO	Q9NRS4	Q8VCA5	1	1
OtO	Q9NRS6	Q91WE1	1	1
OtO	Q9NRU3	Q0GA42	1	1
OtO	Q9NRV9	Q9R257	1	1
OtO	Q9NRW1	P61294	1	1
OtO	Q9NRW4	Q99N11	1	1
OtO	Q9NRW7	P97390	1	1
OtO	Q9NRX1	Q9CPS7	1	1
OtO	Q9NRX2	Q9D8P4	1	1
OtO	Q9NRX3	Q4FZG9	1	1
OtO	Q9NRX4	Q9DAK9	1	1
OtO	Q9NRX5	Q9QZI8	1	1
OtO	Q9NRX6	Q80X45	1	1
OtO	Q9NRY2	Q3TXT3	1	1
OtO	Q9NRY4	Q91YM2	1	1
OtO	Q9NRY5	Q8VE88	1	1
OtO	Q9NRY6	Q9JIZ9	1	1
OtO	Q9NRZ5	Q8K4X7	1	1
OtO	Q9NRZ7	Q9D517	1	1
OtO	Q9NRZ9	Q60848	1	1
OtO	Q9NS00	Q9JJ06	1	1
OtO	Q9NS15	Q61810	1	1
OtO	Q9NS18	Q923X4	1	1
OtO	Q9NS23	Q99MK9	1	1
OtO	Q9NS28	Q99PG4	1	1
OtO	Q9NS37	Q91ZR3	1	1
OtO	Q9NS39	Q9JI20	1	1
OtO	Q9NS40	Q9ER47	1	1
OtO	Q9NS56	Q80Z37	1	1
OtO	Q9NS61	Q9JJ69	1	1
OtO	Q9NS62	Q9JM61	1	1
OtO	Q9NS64	Q9JJ72	1	1
OtO	Q9NS66	Q6PI62	1	1
OtO	Q9NS67	O54897	1	1
OtO	Q9NS68	Q9JLL3	1	1
OtO	Q9NS69	Q9CPQ3	1	1
OtO	Q9NS71	Q9CR36	1	1
OtO	Q9NS73	Q99LQ1	1	1
OtO	Q9NS75	Q920A1	3	1
OtO	Q9NS82	P63115	1	1
OtO	Q9NS84	Q9EP78	1	1
OtO	Q9NS85	P61215	1	1
OtO	Q9NS86	Q9JJK2	1	1
OtO	Q9NS87	Q6P9L6	1	1
OtO	Q9NS91	Q9QXK2	1	1
OtO	Q9NS93	Q9CRG1	1	1
OtO	Q9NS98	Q4LFA9	1	1
OtO	Q9NSA1	Q9JJN1	1	1
OtO	Q9NSA2	Q03719	1	1
OtO	Q9NSA3	Q9JJN6	1	1
OtO	Q9NSB2	Q99M73	1	1
OtO	Q9NSB4	Q99M74	1	1
OtO	Q9NSB8	Q9QWW1	1	1
OtO	Q9NSC2	Q9ER74	1	1
OtO	Q9NSC5	Q99JP6	1	1
OtO	Q9NSC7	Q9QZ39	1	1
OtO	Q9NSD4	G3X904	1	1
OtO	Q9NSD5	P31649	1	1
OtO	Q9NSD7	Q8BGE9	1	1
OtO	Q9NSD9	Q9WUA2	1	1
OtO	Q9NSE2	Q62225	1	1
OtO	Q9NSE4	Q8BIJ6	1	1
OtO	Q9NSG2	Q3TQQ9	1	1
OtO	Q9NSI2	P58468	1	1
OtO	Q9NSI5	Q7TSN7	2396	1
OtO	Q9NSI6	Q921C3	1	1
OtO	Q9NSI8	P57725	1	1
OtO	Q9NSK0	Q9DBS5	1	1
OtO	Q9NSK7	Q8WUR0	1	1
OtO	Q9NSN8	Q925E1	1	1
OtO	Q9NSP4	Q9CQA0	1	1
OtO	Q9NST1	Q91WW7	2	1
OtO	Q9NSU2	Q91XB0	1	1
OtO	Q9NSV4	Q9Z207	1	1
OtO	Q9NSY0	Q91V36	1	1
OtO	Q9NSY1	Q91Z96	1	1
OtO	Q9NSY2	Q9EPQ7	1	1
OtO	Q9NT22	P59900	1	1
OtO	Q9NT62	Q9CPX6	1	1
OtO	Q9NT68	Q9WTS5	1	1
OtO	Q9NT99	P0C192	1	1
OtO	Q9NTG1	Q9Z0T6	1	1
OtO	Q9NTG7	Q8R104	1	1
OtO	Q9NTI2	P98200	1	1
OtO	Q9NTI5	Q4VA53	1	1
OtO	Q9NTI7	Q80VY2	1	1
OtO	Q9NTJ3	Q8CG47	1	1
OtO	Q9NTJ4	Q91W89	1	1
OtO	Q9NTJ5	Q9EP69	1	1
OtO	Q9NTK1	Q8K2F3	1	1
OtO	Q9NTK5	Q9CZ30	1	1
OtO	Q9NTM9	Q9D8X1	1	1
OtO	Q9NTN3	A2AKQ0	1	1
OtO	Q9NTN9	Q9WUH7	1	1
OtO	Q9NTQ9	Q02738	1	1
OtO	Q9NTU4	Q9CQP8	1	1
OtO	Q9NTU7	Q8BME9	1	1
OtO	Q9NTW7	Q99KE8	1	1
OtO	Q9NTX5	Q9D9V3	1	1
OtO	Q9NTX7	Q9CZW6	1	1
OtO	Q9NTX9	A2AJW5	1	1
OtO	Q9NTZ6	Q8R4X3	1	1
OtO	Q9NU02	Q9D2J7	1	1
OtO	Q9NU19	Q80VE5	1	1
OtO	Q9NU22	J3QMC5	1	1
OtO	Q9NU23	Q8R033	1	1
OtO	Q9NU53	Q91WR6	1	1
OtO	Q9NU63	Q8C6P8	3	1
OtO	Q9NUA8	Q6PCS8	1	1
OtO	Q9NUB1	Q99NB1	1	1
OtO	Q9NUB4	Q9DA59	3	1
OtO	Q9NUC0	A7DTG3	1	1
OtO	Q9NUD5	Q8BPK2	1	1
OtO	Q9NUD7	Q8BJX2	2	1
OtO	Q9NUD9	Q7TPN3	1	1
OtO	Q9NUE0	Q5Y5T2	1	1
OtO	Q9NUG4	Q8VCC6	6461	1
OtO	Q9NUG6	P59048	1	1
OtO	Q9NUI1	Q9WV68	1	1
OtO	Q9NUJ1	Q6PE15	1	1
OtO	Q9NUJ3	Q8BTG3	2	1
OtO	Q9NUJ7	Q8CHS4	3	1
OtO	Q9NUK0	Q8R003	1	1
OtO	Q9NUL3	Q8CJ67	1	1
OtO	Q9NUL5	Q8CAK3	1	1
OtO	Q9NUL7	Q9CWT6	1	1
OtO	Q9NUM3	Q8BFU1	1	1
OtO	Q9NUM4	Q80X71	1	1
OtO	Q9NUN5	Q8K0B2	1	1
OtO	Q9NUN7	Q9D099	1	1
OtO	Q9NUP1	Q8VED2	1	1
OtO	Q9NUP7	Q8BYH3	1	1
OtO	Q9NUP9	O88952	1	1
OtO	Q9NUQ2	Q9D1E8	1	1
OtO	Q9NUQ3	Q8BHN1	1	1
OtO	Q9NUQ6	Q91WJ7	1	1
OtO	Q9NUQ7	Q99K23	1	1
OtO	Q9NUQ8	Q8K268	1	1
OtO	Q9NUQ9	Q921M7	1	1
OtO	Q9NUR3	A2AU34	1	1
OtO	Q9NUS5	Q9D742	1	1
OtO	Q9NUT2	Q9CXJ4	1	1
OtO	Q9NUU6	Q3TVP5	1	1
OtO	Q9NUU7	Q61655	1	1
OtO	Q9NUV7	Q8BG54	2	1
OtO	Q9NUV9	Q99JY3	1	1
OtO	Q9NUW8	Q8BJ37	1	1
OtO	Q9NUX5	Q91WC1	2	1
OtO	Q9NUY8	Q8K0F1	1	1
OtO	Q9NUZ1	Q9DBS4	2	1
OtO	Q9NV06	Q6PAC3	1	1
OtO	Q9NV12	Q8BGY5	1	1
OtO	Q9NV23	Q8R197	1	1
OtO	Q9NV29	Q9CQG9	1	1
OtO	Q9NV31	Q921Y2	1	1
OtO	Q9NV35	Q8BG93	1	1
OtO	Q9NV56	Q9DAT2	1	1
OtO	Q9NV58	P50636	1	1
OtO	Q9NV64	Q9CYC3	1	1
OtO	Q9NV70	Q8R3S6	1	1
OtO	Q9NV79	Q8BHD8	1	1
OtO	Q9NV88	Q8K114	1	1
OtO	Q9NV92	Q91ZP6	1	1
OtO	Q9NV96	Q8VEK0	1	1
OtO	Q9NVA1	Q9CWU6	1	1
OtO	Q9NVA2	Q8C1B7	1	1
OtO	Q9NVA4	Q3TPR7	26	1
OtO	Q9NVC3	Q8BWH0	1	1
OtO	Q9NVC6	Q8VCD5	1	1
OtO	Q9NVD3	P58467	1	1
OtO	Q9NVD7	Q9EPC1	1	1
OtO	Q9NVE4	Q8CDL9	1	1
OtO	Q9NVE5	Q8BWR4	1	1
OtO	Q9NVE7	Q80YV4	1	1
OtO	Q9NVF7	Q8BIG4	1	1
OtO	Q9NVF9	A7MCT6	1	1
OtO	Q9NVG8	Q8R3D1	1	1
OtO	Q9NVH0	Q8VEG4	1	1
OtO	Q9NVH1	Q5U458	1	1
OtO	Q9NVH2	Q7TQK1	1	1
OtO	Q9NVH6	Q91ZE0	1	1
OtO	Q9NVI1	Q8K368	1	1
OtO	Q9NVJ2	Q9CQW2	1	1
OtO	Q9NVK5	Q9CRA9	1	1
OtO	Q9NVL8	Q9CPZ1	1	1
OtO	Q9NVM1	Q8K2Y3	1	1
OtO	Q9NVM4	Q922X9	1	1
OtO	Q9NVM6	Q91WT4	1	1
OtO	Q9NVM9	Q8QZV7	1	1
OtO	Q9NVN3	Q80XE1	1	1
OtO	Q9NVN8	Q6PGG6	1	1
OtO	Q9NVP1	Q8K363	1	1
OtO	Q9NVP2	Q9DAP7	1	1
OtO	Q9NVP4	Q8C008	1	1
OtO	Q9NVQ4	Q9WUD8	1	1
OtO	Q9NVR0	Q8CE33	1	1
OtO	Q9NVR2	Q8K2A7	1	1
OtO	Q9NVR5	Q8BPI1	1	1
OtO	Q9NVR7	Q640P7	1	1
OtO	Q9NVS2	Q99N85	1	1
OtO	Q9NVS9	Q91XF0	1	1
OtO	Q9NVT9	Q9D7A8	1	1
OtO	Q9NVU0	Q9CZT4	1	1
OtO	Q9NVU7	Q80UZ2	1	1
OtO	Q9NVV0	Q9DAV9	1	1
OtO	Q9NVV4	Q9D0D3	1	1
OtO	Q9NVV5	Q9D8B1	1	1
OtO	Q9NVV9	Q8CHW1	1	1
OtO	Q9NVW2	Q9WTV7	1	1
OtO	Q9NVX0	Q9CQS9	1	1
OtO	Q9NVX2	Q8VEJ4	1	1
OtO	Q9NVX7	Q8R179	1	1
OtO	Q9NVZ3	Q9D1J1	1	1
OtO	Q9NW07	E9Q8M1	1	1
OtO	Q9NW08	P59470	1	1
OtO	Q9NW13	Q8CGC6	1	1
OtO	Q9NW15	Q8BH79	1	1
OtO	Q9NW38	Q9CR14	1	1
OtO	Q9NW61	Q9D240	1	1
OtO	Q9NW64	Q8BHS3	1	1
OtO	Q9NW68	Q80Y55	1	1
OtO	Q9NW75	Q7TQC7	1	1
OtO	Q9NW81	Q9D7K5	1	1
OtO	Q9NW82	Q3TWF6	1	1
OtO	Q9NW97	Q99LG1	1	1
OtO	Q9NWA0	Q8VCS6	1	1
OtO	Q9NWB1	Q9JJ43	1	1
OtO	Q9NWB6	Q3UL36	1	1
OtO	Q9NWB7	Q8BXG3	1	1
OtO	Q9NWC5	Q60774	2	1
OtO	Q9NWD8	Q3TBN1	1	1
OtO	Q9NWD9	Q9CWT2	35	1
OtO	Q9NWF9	P58283	1	1
OtO	Q9NWH2	Q8VCR3	1	1
OtO	Q9NWH7	Q3U6K5	1	1
OtO	Q9NWH9	Q8CH25	1	1
OtO	Q9NWK9	Q3UFB2	1	1
OtO	Q9NWL6	Q8BFS9	1	1
OtO	Q9NWM0	Q99K82	1	1
OtO	Q9NWM3	Q8R3V6	1	1
OtO	Q9NWM8	P59024	1	1
OtO	Q9NWN3	Q80XI1	1	1
OtO	Q9NWQ4	Q6PE65	1	1
OtO	Q9NWQ8	Q3U1F9	1	1
OtO	Q9NWQ9	Q9JJ93	1	1
OtO	Q9NWR8	Q810S1	1	1
OtO	Q9NWS0	Q9CQJ2	1	1
OtO	Q9NWS1	Q6IRT3	1	1
OtO	Q9NWS6	Q91YN1	1	1
OtO	Q9NWS8	Q8CI78	1	1
OtO	Q9NWT1	Q9DCE5	1	1
OtO	Q9NWT6	Q8BLR9	1	1
OtO	Q9NWT8	Q9DCJ7	1	1
OtO	Q9NWU1	Q9D404	1	1
OtO	Q9NWU2	Q9D7M1	1	1
OtO	Q9NWU5	Q8BU88	1	1
OtO	Q9NWV4	Q8BHG2	1	1
OtO	Q9NWV8	Q3UI43	1	1
OtO	Q9NWW0	Q9CYQ5	8	1
OtO	Q9NWW5	Q3U466	1	1
OtO	Q9NWW6	Q91W63	1	1
OtO	Q9NWW7	Q8R3C1	1	1
OtO	Q9NWX5	Q91ZU1	1	1
OtO	Q9NWX6	Q9CY52	1	1
OtO	Q9NWY4	Q8CFE2	1	1
OtO	Q9NWZ3	Q8R4K2	1	1
OtO	Q9NWZ5	Q91YL3	1	1
OtO	Q9NWZ8	Q8BHE1	1	1
OtO	Q9NX00	Q9D938	1	1
OtO	Q9NX01	Q8BUH1	1	1
OtO	Q9NX04	Q499E6	5	1
OtO	Q9NX05	Q8C3F2	1	1
OtO	Q9NX07	Q80VC6	1	1
OtO	Q9NX08	Q9CZG3	1	1
OtO	Q9NX09	Q9D3F7	1	1
OtO	Q9NX14	O09111	1	1
OtO	Q9NX18	Q8C6I2	1	1
OtO	Q9NX20	Q99N93	1	1
OtO	Q9NX24	Q9CRB2	1	1
OtO	Q9NX31	Q9D722	1	1
OtO	Q9NX36	Q8VCE1	1	1
OtO	Q9NX38	Q80ZQ9	1	1
OtO	Q9NX40	Q9CRD0	1	1
OtO	Q9NX45	Q9D489	1	1
OtO	Q9NX46	Q8CG72	1	1
OtO	Q9NX47	Q3KNM2	1	1
OtO	Q9NX52	A2AGA4	1	1
OtO	Q9NX55	Q9CR41	1	1
OtO	Q9NX57	P35295	1	1
OtO	Q9NX58	Q08288	1	1
OtO	Q9NX61	Q8VCA6	1	1
OtO	Q9NX62	Q80V26	1	1
OtO	Q9NX63	Q9CRB9	1	1
OtO	Q9NX70	Q9DB91	1	1
OtO	Q9NX74	Q9D7B1	1	1
OtO	Q9NX76	Q9CZ69	1	1
OtO	Q9NX78	Q8BMD6	1	1
OtO	Q9NX94	Q8BGW2	1	1
OtO	Q9NX95	Q8BHS8	1	1
OtO	Q9NXA8	Q8K2C6	1	1
OtO	Q9NXB0	Q5SW45	1	1
OtO	Q9NXB9	Q9JLJ4	1	1
OtO	Q9NXC2	Q3UHD2	1	1
OtO	Q9NXC5	Q8VE19	1	1
OtO	Q9NXD2	Q7TPM9	1	1
OtO	Q9NXE4	Q6ZPR5	1	1
OtO	Q9NXE8	Q9DBF7	1	1
OtO	Q9NXF1	Q3URQ0	1	1
OtO	Q9NXF8	Q91WU6	1	1
OtO	Q9NXG0	A2AM05	1	1
OtO	Q9NXG2	Q99J36	1	1
OtO	Q9NXG6	Q8BG58	1	1
OtO	Q9NXH3	Q7TT52	1	1
OtO	Q9NXH8	Q8BH02	1	1
OtO	Q9NXH9	Q3TX08	1	1
OtO	Q9NXI6	Q9D241	1	1
OtO	Q9NXJ0	A0A087WSB9	1	1
OtO	Q9NXJ5	Q9ESW8	1	1
OtO	Q9NXK6	Q9DCU0	1	1
OtO	Q9NXK8	Q9EPX5	1	1
OtO	Q9NXL2	Q80VK6	1	1
OtO	Q9NXL6	Q6AXF6	1	1
OtO	Q9NXL9	Q2KHI9	1	1
OtO	Q9NXN4	Q9DBL2	1	1
OtO	Q9NXP7	Q8K259	1	1
OtO	Q9NXR1	Q9CZA6	1	1
OtO	Q9NXR5	Q99LW0	1	1
OtO	Q9NXR7	Q8K3W0	1	1
OtO	Q9NXR8	Q8VEK6	1	1
OtO	Q9NXS2	Q8BH73	1	1
OtO	Q9NXS3	Q9CR40	1	1
OtO	Q9NXU5	Q8BGR6	1	1
OtO	Q9NXV2	Q8VC57	1	1
OtO	Q9NXV6	Q8BI72	1	1
OtO	Q9NXW2	Q9QYI4	1	1
OtO	Q9NXW9	Q9D8F1	1	1
OtO	Q9NXX6	G3XA30	1	1
OtO	Q9NXZ2	D3Z6P9	1	1
OtO	Q9NY12	Q9CY66	1	1
OtO	Q9NY15	Q8R4Y4	1	1
OtO	Q9NY25	Q9R007	1	1
OtO	Q9NY26	Q9QZ03	1	1
OtO	Q9NY27	Q0VGB7	1	1
OtO	Q9NY30	O70552	1	1
OtO	Q9NY33	Q99KK7	1	1
OtO	Q9NY35	Q9CQX5	1	1
OtO	Q9NY37	Q9R0Y1	1	1
OtO	Q9NY43	Q8VIB5	1	1
OtO	Q9NY46	A2ASI5	1	1
OtO	Q9NY47	Q6PHS9	1	1
OtO	Q9NY57	Q9JJX8	1	1
OtO	Q9NY59	Q9JJY3	1	1
OtO	Q9NY61	Q9JKX4	1	1
OtO	Q9NY64	Q9JIF3	1	1
OtO	Q9NY65	Q9JJZ2	1	1
OtO	Q9NY72	Q8BHK2	1	1
OtO	Q9NY74	Q5SVT3	1	1
OtO	Q9NY91	Q91ZP4	2	1
OtO	Q9NY93	Q9D0R4	1	1
OtO	Q9NY97	Q9Z222	1	1
OtO	Q9NY99	Q925E0	1	1
OtO	Q9NYA1	Q8CI15	1	1
OtO	Q9NYA4	Q91XS1	1	1
OtO	Q9NYB0	Q91VL8	1	1
OtO	Q9NYB5	Q9ERB5	1	1
OtO	Q9NYC9	B1AR51	1	1
OtO	Q9NYD6	P31257	1	1
OtO	Q9NYF0	Q8R4A3	1	1
OtO	Q9NYF3	Q8BXQ8	1	1
OtO	Q9NYF5	Q8K2H3	1	1
OtO	Q9NYF8	Q8K019	1	1
OtO	Q9NYG2	Q8R173	1	1
OtO	Q9NYG5	Q9CPX9	1	1
OtO	Q9NYG8	O88454	1	1
OtO	Q9NYH9	Q8VCY6	1	1
OtO	Q9NYI0	Q2PFD7	1	1
OtO	Q9NYJ1	Q8BT51	1	1
OtO	Q9NYJ7	O88516	1	1
OtO	Q9NYJ8	Q99K90	1	1
OtO	Q9NYK1	P58681	1	1
OtO	Q9NYK5	Q9JKF7	1	1
OtO	Q9NYK6	Q9D7G4	1	1
OtO	Q9NYL2	Q9ESL4	1	1
OtO	Q9NYL4	Q9D1M7	1	1
OtO	Q9NYL5	Q9JKJ9	1	1
OtO	Q9NYL9	Q9JHJ0	1	1
OtO	Q9NYM4	P30731	1	1
OtO	Q9NYM9	O35153	1	1
OtO	Q9NYN1	Q08AT1	1	1
OtO	Q9NYP3	Q9QXP4	1	1
OtO	Q9NYP7	Q8BHI7	1	1
OtO	Q9NYP8	Q9D4G1	4	1
OtO	Q9NYP9	Q9CZJ6	1	1
OtO	Q9NYQ3	Q9NYQ2	1	1
OtO	Q9NYQ6	O35161	1	1
OtO	Q9NYQ7	Q91ZI0	1	1
OtO	Q9NYQ8	Q5F226	1	1
OtO	Q9NYR8	D3Z6W3	1	1
OtO	Q9NYR9	Q9CR56	1	1
OtO	Q9NYS0	Q8CEC5	1	1
OtO	Q9NYS7	O54929	1	1
OtO	Q9NYT0	Q9WV52	1	1
OtO	Q9NYU1	E9Q4X2	1	1
OtO	Q9NYU2	Q6P5E4	1	1
OtO	Q9NYV4	Q14AX6	1	1
OtO	Q9NYV6	B2RS91	1	1
OtO	Q9NYV7	P59529	1	1
OtO	Q9NYV8	Q7M713	2	1
OtO	Q9NYV9	Q7M720	1	1
OtO	Q9NYW3	P59530	1	1
OtO	Q9NYW5	Q9JKT3	1	1
OtO	Q9NYW6	Q7TQA7	2	1
OtO	Q9NYW7	Q9JKT2	11	1
OtO	Q9NYW8	Q8BQC8	3	1
OtO	Q9NYX4	Q9DCA7	1	1
OtO	Q9NYY1	Q9JKV9	1	1
OtO	Q9NYY3	P53351	1	1
OtO	Q9NYY8	Q922E6	1	1
OtO	Q9NYZ1	Q9D8T4	1	1
OtO	Q9NYZ2	Q920G8	1	1
OtO	Q9NYZ3	Q8R080	1	1
OtO	Q9NZ01	Q9CY27	1	1
OtO	Q9NZ08	Q9EQH2	1	1
OtO	Q9NZ09	Q8BH48	1	1
OtO	Q9NZ20	Q8BZT7	1	1
OtO	Q9NZ32	Q9QZB7	1	1
OtO	Q9NZ42	Q9CQR7	1	1
OtO	Q9NZ43	Q9CQ56	1	1
OtO	Q9NZ45	Q91WS0	1	1
OtO	Q9NZ52	Q8BMI3	1	1
OtO	Q9NZ53	Q8CAE9	1	1
OtO	Q9NZ56	Q9JL04	1	1
OtO	Q9NZ63	Q3TQI7	1	1
OtO	Q9NZ71	Q0VGM9	1	1
OtO	Q9NZ72	O70166	1	1
OtO	Q9NZ94	Q8BYM5	1	1
OtO	Q9NZA1	Q8BXK9	11609	1
OtO	Q9NZB2	Q6A0A9	1	1
OtO	Q9NZB8	Q5RKZ7	1	1
OtO	Q9NZC2	Q99NH8	1	1
OtO	Q9NZC3	Q9JL56	1	1
OtO	Q9NZC4	O70273	1	1
OtO	Q9NZC7	Q91WL8	1	1
OtO	Q9NZC9	Q8BJL0	1	1
OtO	Q9NZD1	Q9JIL6	1	1
OtO	Q9NZD2	Q9JL62	1	1
OtO	Q9NZD4	Q9CY02	1	1
OtO	Q9NZD8	Q9CQC8	1	1
OtO	Q9NZE8	Q9CQL6	1	1
OtO	Q9NZF1	Q9JI48	1	1
OtO	Q9NZG7	Q9JL89	203	1
OtO	Q9NZH0	Q923Z0	1	1
OtO	Q9NZH8	Q8R460	1	1
OtO	Q9NZI2	Q9JJ57	1	1
OtO	Q9NZI5	Q921D9	1	1
OtO	Q9NZI6	Q3UNW5	1	1
OtO	Q9NZI7	Q811S7	1	1
OtO	Q9NZI8	O88477	1	1
OtO	Q9NZJ0	Q3TLR7	1	1
OtO	Q9NZJ4	Q9JLC8	1	1
OtO	Q9NZJ5	Q9Z2B5	1	1
OtO	Q9NZJ6	Q8BMS4	1	1
OtO	Q9NZJ7	Q791T5	1	1
OtO	Q9NZK7	Q9QUL3	1	1
OtO	Q9NZL4	Q99P31	1	1
OtO	Q9NZL6	Q60695	1	1
OtO	Q9NZL9	Q99LB6	1	1
OtO	Q9NZM1	Q69ZN7	1	1
OtO	Q9NZM3	Q9Z0R6	1	1
OtO	Q9NZM4	F8VPZ9	1	1
OtO	Q9NZM5	Q8BK35	1	1
OtO	Q9NZM6	Q9JLG4	1	1
OtO	Q9NZN1	P59823	1	1
OtO	Q9NZN3	Q9QXY6	1	1
OtO	Q9NZN4	Q8BH64	1	1
OtO	Q9NZN5	Q8R4H2	1	1
OtO	Q9NZN8	Q8C5L3	1	1
OtO	Q9NZN9	Q924K1	1	1
OtO	Q9NZP0	Q8VFI0	2	1
OtO	Q9NZP2	Q8VGJ0	1	1
OtO	Q9NZP8	Q3UZ09	1	1
OtO	Q9NZQ0	Q8CFP6	1	1
OtO	Q9NZQ3	Q9ESJ4	1	1
OtO	Q9NZQ7	Q9EP73	1	1
OtO	Q9NZQ8	Q9JJH7	1	1
OtO	Q9NZQ9	Q9JLH8	1	1
OtO	Q9NZR1	Q9JKK7	1	1
OtO	Q9NZR2	Q9JI18	1	1
OtO	Q9NZR4	Q91V10	1	1
OtO	Q9NZS9	Q8R079	1	1
OtO	Q9NZT2	Q99PG2	1	1
OtO	Q9NZU0	Q8BGT1	1	1
OtO	Q9NZU1	Q6RKD8	1	1
OtO	Q9NZU5	Q8VEE1	1	1
OtO	Q9NZU7	Q9JLK7	2117	1
OtO	Q9NZV1	Q9JLL0	1	1
OtO	Q9NZV5	D3Z2R5	1	1
OtO	Q9NZV6	Q9JLC3	1	1
OtO	Q9NZV8	Q9Z0V2	1	1
OtO	Q9NZW5	Q9JLB0	1	1
OtO	Q9NZZ3	Q9D7S9	1	1
OtO	Q9P000	Q8K2Q0	1	1
OtO	Q9P003	Q9CX13	1	1
OtO	Q9P013	Q9JHS9	1	1
OtO	Q9P015	Q9CPR5	1	1
OtO	Q9P016	Q91YJ3	1	1
OtO	Q9P021	O70333	1	1
OtO	Q9P031	Q8R2N0	1	1
OtO	Q9P032	Q9D1H6	1	1
OtO	Q9P035	Q8K2C9	1	1
OtO	Q9P055	Q8BI36	1	1
OtO	Q9P086	Q9D8C6	1	1
OtO	Q9P0B6	Q9D162	1	1
OtO	Q9P0G3	Q8CGR5	1	1
OtO	Q9P0I2	Q99KI3	1	1
OtO	Q9P0J0	Q9ERS2	1	1
OtO	Q9P0J1	Q3UV70	1	1
OtO	Q9P0J6	Q99N90	1	1
OtO	Q9P0J7	Q80UY2	1	1
OtO	Q9P0K1	Q9R1V6	1	1
OtO	Q9P0K7	Q9EP71	1	1
OtO	Q9P0K8	Q9ES18	1	1
OtO	Q9P0K9	B1AXV0	1	1
OtO	Q9P0L0	Q9WV55	1	1
OtO	Q9P0L1	E9PVW1	5	1
OtO	Q9P0L2	Q8VHJ5	1	1
OtO	Q9P0L9	A2A259	1	1
OtO	Q9P0M2	Q7TN79	1	1
OtO	Q9P0M4	Q8K4C5	1	1
OtO	Q9P0M6	Q8CCK0	1	1
OtO	Q9P0M9	Q99N92	1	1
OtO	Q9P0N5	Q9CQC4	1	1
OtO	Q9P0N8	Q99M02	1	1
OtO	Q9P0N9	Q9D0K0	1	1
OtO	Q9P0P0	Q9CY62	1	1
OtO	Q9P0P8	Q9CQF4	1	1
OtO	Q9P0R6	Q8BGR8	1	1
OtO	Q9P0S2	Q9CR63	1	1
OtO	Q9P0S3	Q921I0	1	1
OtO	Q9P0S9	Q9CQN6	1	1
OtO	Q9P0T7	Q9CR23	1	1
OtO	Q9P0U1	Q9D173	1	1
OtO	Q9P0U3	P59110	1	1
OtO	Q9P0U4	Q9CWW7	1	1
OtO	Q9P0V3	Q921I6	1	1
OtO	Q9P0V8	Q9D3G2	1	1
OtO	Q9P0V9	Q8C650	1	1
OtO	Q9P0W0	Q7TSL0	25	1
OtO	Q9P0W2	Q9Z104	1	1
OtO	Q9P0W8	Q80VP2	1	1
OtO	Q9P0X4	E9Q7P2	1	1
OtO	Q9P0Z9	Q9D826	1	1
OtO	Q9P104	Q91ZM9	1	1
OtO	Q9P107	Q6PGG2	1	1
OtO	Q9P109	E9Q649	1	1
OtO	Q9P121	Q99PJ0	1	1
OtO	Q9P126	Q9JL99	1	1
OtO	Q9P1A6	Q8BJ42	1	1
OtO	Q9P1F3	Q4KML4	1	1
OtO	Q9P1P4	Q5QD16	1	1
OtO	Q9P1P5	Q5QD17	2	1
OtO	Q9P1Q0	Q5SPW0	1	1
OtO	Q9P1T7	Q8BX65	1	1
OtO	Q9P1U0	Q791N7	1	1
OtO	Q9P1U1	Q641P0	1	1
OtO	Q9P1V8	F6XZJ7	1	1
OtO	Q9P1W3	Q8CBX0	1	1
OtO	Q9P1W9	Q62070	1	1
OtO	Q9P1Y5	Q80VC9	1	1
OtO	Q9P1Y6	A6H619	1	1
OtO	Q9P1Z0	Q5F293	1	1
OtO	Q9P1Z2	Q8CGU1	1	1
OtO	Q9P1Z3	O88705	1	1
OtO	Q9P1Z9	J3QNE4	1	1
OtO	Q9P202	Q80VW5	1	1
OtO	Q9P203	Q8CFE5	1	1
OtO	Q9P206	A2A7S8	1	1
OtO	Q9P209	Q9D3R3	1	1
OtO	Q9P212	Q8K4S1	1	1
OtO	Q9P215	Q80TC5	1	1
OtO	Q9P217	Q80TC6	1	1
OtO	Q9P218	Q923P0	1	1
OtO	Q9P219	Q6VGS5	1	1
OtO	Q9P225	P0C6F1	1	1
OtO	Q9P227	Q69ZH9	1	1
OtO	Q9P232	Q07409	1	1
OtO	Q9P241	Q8K2X1	1	1
OtO	Q9P242	Q8BM65	1	1
OtO	Q9P243	Q7TS63	1	1
OtO	Q9P244	Q2WF71	1	1
OtO	Q9P246	P83093	1	1
OtO	Q9P253	Q8R307	1	1
OtO	Q9P258	Q8BK67	1	1
OtO	Q9P260	Q148V7	1	1
OtO	Q9P265	Q3UH60	1	1
OtO	Q9P266	Q5DTX6	1	1
OtO	Q9P267	B1AYB6	1	1
OtO	Q9P270	Q8CI08	1	1
OtO	Q9P272	Q80WQ4	1	1
OtO	Q9P273	Q9WTS6	1	1
OtO	Q9P275	B1AQJ2	1	1
OtO	Q9P278	Q80TD3	1	1
OtO	Q9P281	Q3UHR0	1	1
OtO	Q9P283	Q60519	1	1
OtO	Q9P286	Q8C015	1	1
OtO	Q9P287	Q9CWI3	1	1
OtO	Q9P289	Q99JT2	1	1
OtO	Q9P291	Q9CX83	1	1
OtO	Q9P296	Q8BW93	5	1
OtO	Q9P298	Q99JY6	1	1
OtO	Q9P299	Q9JHH9	1	1
OtO	Q9P2A4	Q8BYZ1	1	1
OtO	Q9P2B2	Q9WV91	1	1
OtO	Q9P2B4	Q99LJ0	1	1
OtO	Q9P2B7	Q6ZPR1	1	1
OtO	Q9P2C4	A0A338P7C9	1	1
OtO	Q9P2D0	Q6ZPR6	1	1
OtO	Q9P2D1	A2AJK6	1	1
OtO	Q9P2D3	Q8C547	1	1
OtO	Q9P2D6	Q6NS59	1	1
OtO	Q9P2D7	E9Q8T7	1	1
OtO	Q9P2D8	Q0KK59	1	1
OtO	Q9P2E2	Q99PW8	1	1
OtO	Q9P2E3	Q8R151	1	1
OtO	Q9P2E5	Q3UU43	1	1
OtO	Q9P2E7	E9PX28	1	1
OtO	Q9P2E8	Q80TE3	1	1
OtO	Q9P2E9	Q99PL5	1	1
OtO	Q9P2F5	Q499E5	1	1
OtO	Q9P2F6	Q6IFT4	1	1
OtO	Q9P2F8	Q80TE4	1	1
OtO	Q9P2F9	Q9ERR8	1	1
OtO	Q9P2G1	Q6ZPS6	1	1
OtO	Q9P2G3	Q69ZK5	1	1
OtO	Q9P2G4	Q8BJS7	1	1
OtO	Q9P2G9	P59280	1	1
OtO	Q9P2H0	Q0VBV7	1	1
OtO	Q9P2H3	Q8K057	1	1
OtO	Q9P2H5	M0QWN7	1	1
OtO	Q9P2I0	O35218	1	1
OtO	Q9P2J2	Q05BQ1	1	1
OtO	Q9P2J3	Q6ZPT1	1	1
OtO	Q9P2J5	Q8BMJ2	1	1
OtO	Q9P2J9	Q504M2	1	1
OtO	Q9P2K1	Q8CFW7	1	1
OtO	Q9P2K2	Q7TN22	1	1
OtO	Q9P2K3	Q6PGA0	2	1
OtO	Q9P2K5	Q8C854	1	1
OtO	Q9P2K6	Q8BFQ9	1	1
OtO	Q9P2K8	Q9QZ05	1	1
OtO	Q9P2K9	A3KFU9	1	1
OtO	Q9P2L0	Q8BND3	1	1
OtO	Q9P2M1	Q9D4C6	1	1
OtO	Q9P2M4	Q8CGA2	1	1
OtO	Q9P2M7	P59242	1	1
OtO	Q9P2N2	Q8BN58	1	1
OtO	Q9P2N4	E9PUN6	1	1
OtO	Q9P2N5	Q5SFM8	1	1
OtO	Q9P2N6	A2RSY1	1	1
OtO	Q9P2N7	Q80TF4	1	1
OtO	Q9P2P1	Q5DTZ0	1	1
OtO	Q9P2P5	Q6I6G8	1	1
OtO	Q9P2P6	Q80TF6	1	1
OtO	Q9P2Q2	Q8BIE6	1	1
OtO	Q9P2R3	Q810B6	1	1
OtO	Q9P2R6	Q80TZ9	1	1
OtO	Q9P2R7	Q9Z2I9	1	1
OtO	Q9P2S2	E9Q7X7	1	1
OtO	Q9P2S5	Q9JM98	1	1
OtO	Q9P2S6	Q8C0W1	1	1
OtO	Q9P2T0	Q9JMB1	1	1
OtO	Q9P2T1	Q99L27	1	1
OtO	Q9P2U7	Q3TXX4	1	1
OtO	Q9P2U8	Q8BLE7	1	1
OtO	Q9P2V4	Q8K099	1	1
OtO	Q9P2W1	O35047	1	1
OtO	Q9P2W3	Q9JMF3	1	1
OtO	Q9P2W7	Q9CW73	1	1
OtO	Q9P2W9	Q8VDS8	1	1
OtO	Q9P2X0	Q9D1Q4	1	1
OtO	Q9P2X3	O55091	1	1
OtO	Q9P2Y4	Q6IQX8	1	1
OtO	Q9P2Y5	Q8K245	1	1
OtO	Q9UBB4	P28658	1	1
OtO	Q9UBB5	Q9Z2E1	1	1
OtO	Q9UBB6	Q9Z0E0	1	1
OtO	Q9UBB9	Q9ERA6	1	1
OtO	Q9UBC0	O08755	1	1
OtO	Q9UBC1	O88995	1	1
OtO	Q9UBC2	Q60902	1	1
OtO	Q9UBC3	O88509	1	1
OtO	Q9UBC5	O88329	1	1
OtO	Q9UBC7	Q810H5	1	1
OtO	Q9UBC9	O09116	3	1
OtO	Q9UBD5	Q9JK30	1	1
OtO	Q9UBD6	Q9QXP0	1	1
OtO	Q9UBD9	Q9QZM3	1	1
OtO	Q9UBE0	Q9R1T2	1	1
OtO	Q9UBE8	O54949	1	1
OtO	Q9UBF2	Q9QXK3	1	1
OtO	Q9UBF6	Q9WTZ1	1	1
OtO	Q9UBF8	Q8BKC8	1	1
OtO	Q9UBF9	Q9JIF9	1	1
OtO	Q9UBG0	Q64449	1	1
OtO	Q9UBG3	D3YUU6	1	1
OtO	Q9UBG7	O08674	1	1
OtO	Q9UBH0	Q9QYY1	1	1
OtO	Q9UBH6	Q9Z0U0	1	1
OtO	Q9UBI1	Q63829	1	1
OtO	Q9UBI4	Q8CI66	1	1
OtO	Q9UBI6	Q9DAS9	1	1
OtO	Q9UBI9	Q3V1N5	1	1
OtO	Q9UBJ2	Q61285	1	1
OtO	Q9UBK2	O70343	1	1
OtO	Q9UBK5	Q9QUJ0	1	1
OtO	Q9UBK8	Q8C1A3	1	1
OtO	Q9UBK9	Q9WTZ0	1	1
OtO	Q9UBL0	Q9DCB4	1	1
OtO	Q9UBL3	Q91X20	1	1
OtO	Q9UBL6	Q0VE82	3	1
OtO	Q9UBL9	Q8K3P1	1	1
OtO	Q9UBM1	Q61907	1	1
OtO	Q9UBM4	Q920A0	1	1
OtO	Q9UBM7	O88455	1	1
OtO	Q9UBM8	Q9D306	1	1
OtO	Q9UBN1	Q9JJV4	1	1
OtO	Q9UBN4	Q9QUQ5	1	1
OtO	Q9UBN7	Q9Z2V5	1	1
OtO	Q9UBP0	Q9QYY8	1	1
OtO	Q9UBP4	Q9QUN9	1	1
OtO	Q9UBP5	Q9QUS4	1	1
OtO	Q9UBP6	Q9Z120	1	1
OtO	Q9UBP9	Q8K2A1	1	1
OtO	Q9UBQ0	Q9QZ88	1	1
OtO	Q9UBQ5	Q9DBZ5	1	1
OtO	Q9UBQ6	Q9ES89	1	1
OtO	Q9UBQ7	Q91Z53	1	1
OtO	Q9UBR1	Q8VC97	1	1
OtO	Q9UBR2	Q9WUU7	1	1
OtO	Q9UBR4	P50481	1	1
OtO	Q9UBR5	Q9DAS1	2	1
OtO	Q9UBS0	Q9Z1M4	1	1
OtO	Q9UBS3	Q9QYI6	1	1
OtO	Q9UBS4	Q99KV1	1	1
OtO	Q9UBS5	Q9WV18	1	1
OtO	Q9UBS8	Q9JI90	1	1
OtO	Q9UBS9	Q8C341	1	1
OtO	Q9UBT2	Q9Z1F9	1	1
OtO	Q9UBT3	Q8VEJ3	1	1
OtO	Q9UBT6	Q9QUG2	1	1
OtO	Q9UBT7	O88327	1	1
OtO	Q9UBU2	Q9QYZ8	1	1
OtO	Q9UBU3	Q9EQX0	1	1
OtO	Q9UBU6	Q3URQ4	1	1
OtO	Q9UBU7	Q9QZ41	1	1
OtO	Q9UBU8	P60762	1	1
OtO	Q9UBU9	Q99JX7	1	1
OtO	Q9UBV2	Q9Z2G6	1	1
OtO	Q9UBV4	Q9QYS1	1	1
OtO	Q9UBV7	Q8R087	1	1
OtO	Q9UBV8	Q8BFY6	1	1
OtO	Q9UBW5	D3Z6Q9	1	1
OtO	Q9UBW7	Q9CU65	1	1
OtO	Q9UBW8	Q9CZ04	1	1
OtO	Q9UBX0	Q61658	1	1
OtO	Q9UBX1	Q9R013	1	1
OtO	Q9UBX3	Q9QZD8	1	1
OtO	Q9UBX5	Q9WVH9	1	1
OtO	Q9UBX7	Q9QYN3	1	1
OtO	Q9UBX8	Q9WVK5	1	1
OtO	Q9UBY0	Q3ZAS0	1	1
OtO	Q9UBY5	Q9EQ31	1	1
OtO	Q9UBY8	Q9QUK3	1	1
OtO	Q9UBY9	P35385	1	1
OtO	Q9UBZ4	Q68G58	1	1
OtO	Q9UBZ9	Q920Q2	1	1
OtO	Q9UD57	P42580	1	1
OtO	Q9UD71	Q60829	1	1
OtO	Q9UDR5	Q99K67	1	1
OtO	Q9UDT6	Q9Z0H8	1	1
OtO	Q9UDV6	G3X8R7	1	1
OtO	Q9UDV7	E9PVC2	1	1
OtO	Q9UDW1	Q8R1I1	1	1
OtO	Q9UDW3	Q9CQR5	1	1
OtO	Q9UDX3	Q8R0F9	1	1
OtO	Q9UDX4	Q5SQ27	1	1
OtO	Q9UDX5	Q9CRB8	1	1
OtO	Q9UDY2	Q9Z0U1	1	1
OtO	Q9UDY4	Q9D832	1	1
OtO	Q9UDY6	Q9WUH5	1	1
OtO	Q9UDY8	Q2TBA3	1	1
OtO	Q9UEE9	O88271	1	1
OtO	Q9UEF7	O35082	1	1
OtO	Q9UEG4	Q6A085	1	1
OtO	Q9UER7	O35613	1	1
OtO	Q9UET6	Q8CBC7	1	1
OtO	Q9UEU0	O88384	1	1
OtO	Q9UEW3	Q60754	1	1
OtO	Q9UEW8	Q9Z1W9	1	1
OtO	Q9UEY8	Q9QYB5	1	1
OtO	Q9UF02	Q8VHW4	1	1
OtO	Q9UF11	Q9QYE9	1	1
OtO	Q9UF12	Q8VCZ9	1	1
OtO	Q9UF33	Q62413	1	1
OtO	Q9UF47	Q9CQ94	1	1
OtO	Q9UF56	Q9QZN1	1	1
OtO	Q9UFB7	E9PZ11	1	1
OtO	Q9UFC0	Q8BUI3	1	1
OtO	Q9UFE4	Q9D5Y1	1	1
OtO	Q9UFF9	Q9D8X5	1	1
OtO	Q9UFG5	Q9D7E4	1	1
OtO	Q9UFH2	Q69Z23	1	1
OtO	Q9UFP1	Q3UY90	1	1
OtO	Q9UFW8	Q8BHG9	1	1
OtO	Q9UG01	Q6VH22	1	1
OtO	Q9UG56	Q8BSF4	1	1
OtO	Q9UG63	Q99LE6	1	1
OtO	Q9UGB7	Q9QXN5	1	1
OtO	Q9UGC6	Q9QZB0	1	1
OtO	Q9UGC7	Q8BJU9	1	1
OtO	Q9UGF5	Q14AJ9	1	1
OtO	Q9UGF7	Q8VG96	4	1
OtO	Q9UGH3	Q9EPR4	1	1
OtO	Q9UGI0	Q7M760	1	1
OtO	Q9UGI6	P58391	1	1
OtO	Q9UGI8	P47226	1	1
OtO	Q9UGI9	Q8BGM7	1	1
OtO	Q9UGJ0	Q91WG5	1	1
OtO	Q9UGJ1	Q9D4F8	1	1
OtO	Q9UGK3	Q8R0L1	1	1
OtO	Q9UGK8	Q80YD6	1	1
OtO	Q9UGL1	Q80Y84	1	1
OtO	Q9UGM1	G3X8Z7	1	1
OtO	Q9UGM3	Q60997	1	1
OtO	Q9UGM5	Q9QXC1	1	1
OtO	Q9UGM6	Q9CYK1	1	1
OtO	Q9UGN5	O88554	1	1
OtO	Q9UGP4	Q9QXD8	1	1
OtO	Q9UGP5	Q9QXE2	1	1
OtO	Q9UGP8	Q8VHE0	1	1
OtO	Q9UGQ2	Q8BG21	1	1
OtO	Q9UGQ3	Q3UDF0	1	1
OtO	Q9UGR2	F8VPP8	1	1
OtO	Q9UGT4	Q9DBX3	1	1
OtO	Q9UGU0	Q9EPQ8	1	1
OtO	Q9UGU5	Q80Y32	1	1
OtO	Q9UGV2	Q9QYF9	1	1
OtO	Q9UGY1	Q8BG17	1	1
OtO	Q9UH03	Q9Z1S5	1	1
OtO	Q9UH36	Q8K2M3	1	1
OtO	Q9UH62	Q8BHS6	1	1
OtO	Q9UH65	Q6A028	1	1
OtO	Q9UH73	Q07802	1	1
OtO	Q9UH77	E0CZ16	1	1
OtO	Q9UH90	P62932	1	1
OtO	Q9UH92	O08609	1	1
OtO	Q9UH99	Q8BJS4	1	1
OtO	Q9UHA2	Q9D174	1	1
OtO	Q9UHA3	Q99L28	1	1
OtO	Q9UHA4	O88653	1	1
OtO	Q9UHA7	Q9JLA2	2	1
OtO	Q9UHB4	A2AI05	1	1
OtO	Q9UHB6	Q9ERG0	1	1
OtO	Q9UHB7	Q9ESC8	1	1
OtO	Q9UHB9	Q8BMA6	1	1
OtO	Q9UHC1	A0A1Y7VMP7	1	1
OtO	Q9UHC3	Q6X1Y6	1	1
OtO	Q9UHC6	Q9CPW0	1	1
OtO	Q9UHC7	Q9QXP6	1	1
OtO	Q9UHC9	Q6T3U4	1	1
OtO	Q9UHD0	Q8CJ70	1	1
OtO	Q9UHD1	Q9D1P4	1	1
OtO	Q9UHD2	Q9WUN2	1	1
OtO	Q9UHD4	O70303	1	1
OtO	Q9UHD8	Q80UG5	1	1
OtO	Q9UHE8	Q9CWR7	1	1
OtO	Q9UHF0	P55099	3	1
OtO	Q9UHF1	Q9QXT5	1	1
OtO	Q9UHF4	Q6PHB0	1	1
OtO	Q9UHF5	Q9QXT6	1	1
OtO	Q9UHF7	Q925H1	1	1
OtO	Q9UHG0	Q5DU00	1	1
OtO	Q9UHG2	Q9QXV0	1	1
OtO	Q9UHG3	Q9CQF9	1	1
OtO	Q9UHH9	Q80V72	1	1
OtO	Q9UHI5	Q9QXW9	1	1
OtO	Q9UHI6	Q9JJY4	1	1
OtO	Q9UHI7	Q9Z2J0	1	1
OtO	Q9UHI8	P97857	1	1
OtO	Q9UHJ3	Q9JMD1	1	1
OtO	Q9UHJ6	Q9D5J6	1	1
OtO	Q9UHJ9	Q3TQR0	1	1
OtO	Q9UHK0	Q9QXX8	1	1
OtO	Q9UHK6	O09174	1	1
OtO	Q9UHL0	Q9QY15	1	1
OtO	Q9UHL4	Q9ET22	35	1
OtO	Q9UHL9	Q9JI57	1	1
OtO	Q9UHM6	Q9QXZ9	1	1
OtO	Q9UHN1	Q9QZM2	1	1
OtO	Q9UHN6	Q5FWI3	1	1
OtO	Q9UHP3	P57080	1	1
OtO	Q9UHP6	Q9D3W1	1	1
OtO	Q9UHP9	Q9DC77	1	1
OtO	Q9UHQ1	Q9CYQ7	1	1
OtO	Q9UHQ4	Q61334	1	1
OtO	Q9UHQ7	Q9DD24	1	1
OtO	Q9UHQ9	Q9DB73	1	1
OtO	Q9UHR4	Q9DBJ3	1	1
OtO	Q9UHR5	Q02614	1	1
OtO	Q9UHR6	Q9QY66	1	1
OtO	Q9UHV2	Q9JL10	1	1
OtO	Q9UHV5	Q68EF8	1	1
OtO	Q9UHV7	Q5SWW4	1	1
OtO	Q9UHV9	O70591	1	1
OtO	Q9UHW5	Q9D3W4	1	1
OtO	Q9UHW9	Q924N4	1	1
OtO	Q9UHX1	Q3UEB3	1	1
OtO	Q9UHY1	Q99J45	1	1
OtO	Q9UHY7	Q8BGB7	1	1
OtO	Q9UHY8	Q6TYB5	1	1
OtO	Q9UI08	P70429	1	1
OtO	Q9UI09	Q7TMF3	1	1
OtO	Q9UI10	Q61749	1	1
OtO	Q9UI12	Q8BVE3	1	1
OtO	Q9UI14	Q9Z0S9	1	1
OtO	Q9UI15	Q9R1Q8	1	1
OtO	Q9UI17	Q9DBT9	1	1
OtO	Q9UI26	Q8K2V6	1	1
OtO	Q9UI30	Q9DCG9	1	1
OtO	Q9UI32	Q571F8	1	1
OtO	Q9UI33	Q9R053	1	1
OtO	Q9UI36	Q9QYB2	1	1
OtO	Q9UI38	Q8BLH5	1	1
OtO	Q9UI40	Q8BUN9	1	1
OtO	Q9UI42	Q6P8K8	1	1
OtO	Q9UI43	Q9CPY0	1	1
OtO	Q9UI46	Q8C0M8	1	1
OtO	Q9UI47	Q65CL1	1	1
OtO	Q9UI95	Q9D752	1	1
OtO	Q9UIA0	Q80YW0	1	1
OtO	Q9UIA9	Q9EPK7	1	1
OtO	Q9UIB8	Q18PI6	2	1
OtO	Q9UIC8	A2RTH5	1	1
OtO	Q9UID3	Q3UVL4	1	1
OtO	Q9UID6	Q99KZ6	1	1
OtO	Q9UIF3	Q922G7	1	1
OtO	Q9UIF7	Q99P21	1	1
OtO	Q9UIF8	A2AUY4	1	1
OtO	Q9UIF9	Q91YE5	1	1
OtO	Q9UIG0	Q9Z277	1	1
OtO	Q9UIG4	Q80ZC9	1	1
OtO	Q9UIG8	Q8R3L5	1	1
OtO	Q9UIH9	Q9EPW2	1	1
OtO	Q9UII2	O35143	1	1
OtO	Q9UII6	Q9QYJ7	1	1
OtO	Q9UIJ5	P59267	1	1
OtO	Q9UIJ7	Q9WTP7	1	1
OtO	Q9UIK4	Q8VDF3	1	1
OtO	Q9UIK5	Q9QYM9	1	1
OtO	Q9UIL1	Q78YZ6	1904	1
OtO	Q9UIM3	O35450	10	1
OtO	Q9UIQ6	Q8C129	1	1
OtO	Q9UIR0	O70355	1	1
OtO	Q9UIS9	Q9Z2E2	1	1
OtO	Q9UIU6	Q61321	1	1
OtO	Q9UIV1	Q60809	1	1
OtO	Q9UIV8	Q8CDC0	4	1
OtO	Q9UIW0	Q9WTP9	1	1
OtO	Q9UIW2	P70206	1	1
OtO	Q9UIX4	A2BDX4	1	1
OtO	Q9UIY3	Q9D9S3	1	1
OtO	Q9UJ04	Q8VD63	1	1
OtO	Q9UJ14	Q99JP7	1	1
OtO	Q9UJ37	P70277	1	1
OtO	Q9UJ41	Q9JM13	1	1
OtO	Q9UJ42	Q3U3F9	1	1
OtO	Q9UJ55	Q9QZ04	1	1
OtO	Q9UJ68	Q9D6Y7	1	1
OtO	Q9UJ70	Q9QZ08	1	1
OtO	Q9UJ71	Q8VBX4	1	1
OtO	Q9UJ72	Q9QZ10	1	1
OtO	Q9UJ78	Q3U2E2	1	1
OtO	Q9UJ83	Q9QXE0	1	1
OtO	Q9UJ90	Q9QZ26	1	1
OtO	Q9UJ96	F7A6P6	1	1
OtO	Q9UJ98	O70576	1	1
OtO	Q9UJ99	Q9WTP5	1	1
OtO	Q9UJA2	Q80ZM8	1	1
OtO	Q9UJA3	Q9CWV1	1	1
OtO	Q9UJA5	Q8CE96	1	1
OtO	Q9UJA9	Q9EQG7	1	1
OtO	Q9UJC3	Q8BIL5	1	1
OtO	Q9UJC5	Q8BG73	1	1
OtO	Q9UJD0	Q80U57	1	1
OtO	Q9UJF2	E9PW37	1	1
OtO	Q9UJG1	Q8VEL0	1	1
OtO	Q9UJH8	Q8C1Q4	1	1
OtO	Q9UJJ7	Q8VCZ8	1	1
OtO	Q9UJJ9	Q6S5C2	1	1
OtO	Q9UJK0	Q5HZH2	1	1
OtO	Q9UJM3	Q99JZ7	1	1
OtO	Q9UJM8	Q9WU19	1	1
OtO	Q9UJP4	Q3U410	1	1
OtO	Q9UJQ1	Q9D387	1	1
OtO	Q9UJQ4	Q8BX22	1	1
OtO	Q9UJQ7	Q9DAH1	1	1
OtO	Q9UJS0	Q9QXX4	1	1
OtO	Q9UJT0	Q9D6T1	1	1
OtO	Q9UJT1	Q9R1K7	1	1
OtO	Q9UJT2	O54887	1	1
OtO	Q9UJT9	Q5BJ29	1	1
OtO	Q9UJU2	P27782	1	1
OtO	Q9UJU3	Q0VAW7	71	1
OtO	Q9UJU5	Q61060	1	1
OtO	Q9UJU6	Q62418	1	1
OtO	Q9UJV3	Q9QUS6	1	1
OtO	Q9UJV8	Q8R4E6	1	1
OtO	Q9UJV9	Q91VN6	1	1
OtO	Q9UJW0	Q8CBY8	1	1
OtO	Q9UJW2	Q9WUR0	1	1
OtO	Q9UJW3	Q9CWR8	1	1
OtO	Q9UJW8	Q6NZI9	4	1
OtO	Q9UJW9	Q9ERC3	1	1
OtO	Q9UJX0	Q8VC10	1	1
OtO	Q9UJX2	Q8BGZ4	1	1
OtO	Q9UJX3	Q9WVM3	1	1
OtO	Q9UJX4	Q8BTZ4	1	1
OtO	Q9UJX5	Q91W96	1	1
OtO	Q9UJX6	Q8BZQ7	1	1
OtO	Q9UJY1	Q9JK92	1	1
OtO	Q9UJY4	Q6P5E6	1	1
OtO	Q9UJY5	Q8R0H9	1	1
OtO	Q9UJZ1	Q99JB2	1	1
OtO	Q9UK00	Q8BGK9	1	1
OtO	Q9UK05	Q9WV56	1	1
OtO	Q9UK08	P63078	1	1
OtO	Q9UK17	Q9Z0V1	1	1
OtO	Q9UK22	Q80UW2	1	1
OtO	Q9UK23	Q8BJ48	1	1
OtO	Q9UK28	Q7TNI2	1	1
OtO	Q9UK32	Q7TPS0	1	1
OtO	Q9UK33	Q9DB38	1	1
OtO	Q9UK39	O35710	1	1
OtO	Q9UK41	Q9D1C8	1	1
OtO	Q9UK45	Q9CQQ8	1	1
OtO	Q9UK53	Q9QXV3	15563	1
OtO	Q9UK55	Q8R121	1	1
OtO	Q9UK58	Q52KE7	1	1
OtO	Q9UK59	Q923B1	1	1
OtO	Q9UK61	Q69ZR9	1	1
OtO	Q9UK73	Q9Z2G0	1	1
OtO	Q9UK76	P97825	1	1
OtO	Q9UK80	Q9QZL6	1	1
OtO	Q9UK85	Q9QZL9	251	1
OtO	Q9UK96	Q7TQF2	1	1
OtO	Q9UK97	Q8BK06	1	1
OtO	Q9UK99	Q9DC63	1	1
OtO	Q9UKA1	Q8C2S5	1	1
OtO	Q9UKA2	Q8BH70	1	1
OtO	Q9UKA4	E9Q777	1	1
OtO	Q9UKA8	Q9JKK0	1	1
OtO	Q9UKA9	Q91Z31	1	1
OtO	Q9UKB1	Q5SRY7	1	1
OtO	Q9UKB3	Q9R022	1	1
OtO	Q9UKB5	A2ALI5	1	1
OtO	Q9UKC9	Q8BH16	1	1
OtO	Q9UKD1	P58929	1	1
OtO	Q9UKD2	Q9D0I8	1	1
OtO	Q9UKE5	P83510	1	1
OtO	Q9UKF2	Q811Q3	6	1
OtO	Q9UKF5	Q811Q4	5	1
OtO	Q9UKF6	Q9QXK7	1	1
OtO	Q9UKF7	Q8K4R4	1	1
OtO	Q9UKG1	Q8K3H0	1	1
OtO	Q9UKG4	Q8BZ82	1	1
OtO	Q9UKG9	Q9DC50	1	1
OtO	Q9UKI2	Q9CQC5	1	1
OtO	Q9UKI8	Q8C0V0	1	1
OtO	Q9UKI9	P31362	1	1
OtO	Q9UKJ3	A2A6A1	1	1
OtO	Q9UKJ5	Q9D9G3	1	1
OtO	Q9UKJ8	Q9JI76	1	1
OtO	Q9UKK3	E9PYK3	1	1
OtO	Q9UKK6	Q9QZV9	1	1
OtO	Q9UKK9	Q9JKX6	1	1
OtO	Q9UKL0	Q8CFE3	1	1
OtO	Q9UKL3	Q9WUF3	1	1
OtO	Q9UKL4	O54851	1	1
OtO	Q9UKL6	P53808	1	1
OtO	Q9UKM7	A2AJ15	1	1
OtO	Q9UKM9	Q64012	1	1
OtO	Q9UKN1	A0A5F8MPQ6	1	1
OtO	Q9UKN5	Q80V63	1	1
OtO	Q9UKN7	Q9QZZ4	1	1
OtO	Q9UKN8	Q8BMQ2	1	1
OtO	Q9UKP3	Q9R000	1	1
OtO	Q9UKP4	Q68SA9	1	1
OtO	Q9UKP5	D3Z1A5	1	1
OtO	Q9UKP6	Q8VIH9	5	1
OtO	Q9UKQ2	Q9JLN6	1	1
OtO	Q9UKQ9	Q32M27	1	1
OtO	Q9UKR0	B2RVZ0	1	1
OtO	Q9UKR3	Q8CGR6	1	1
OtO	Q9UKR5	Q9ERY9	1	1
OtO	Q9UKS6	Q99JB8	1	1
OtO	Q9UKS7	P81183	1	1
OtO	Q9UKT4	Q7TSG3	1	1
OtO	Q9UKT5	Q8CHQ0	1	1
OtO	Q9UKT6	Q8BFZ4	1	1
OtO	Q9UKT7	Q8C4V4	1	1
OtO	Q9UKT8	Q60584	1	1
OtO	Q9UKT9	O08900	1	1
OtO	Q9UKU0	Q91WC3	1	1
OtO	Q9UKU6	Q8K093	1	1
OtO	Q9UKU7	Q9D7B6	1	1
OtO	Q9UKU9	Q9R045	1	1
OtO	Q9UKV3	Q9JIX8	1	1
OtO	Q9UKV5	Q9R049	1	1
OtO	Q9UKV8	Q8CJG0	1	1
OtO	Q9UKW4	Q9R0C8	1	1
OtO	Q9UKW6	Q8VDK3	1	1
OtO	Q9UKX2	G3UW82	2	1
OtO	Q9UKX3	B1AR69	1	1
OtO	Q9UKX5	P61622	1	1
OtO	Q9UKX7	Q9JIH2	1	1
OtO	Q9UKY0	Q9QUG3	1	1
OtO	Q9UKY1	P70121	1	1
OtO	Q9UKY4	Q8BGQ4	2	1
OtO	Q9UKY7	Q4VAA2	1	1
OtO	Q9UKZ1	Q9CWN7	1	1
OtO	Q9UKZ4	Q9WTS4	1	1
OtO	Q9UKZ9	Q8R4W6	1	1
OtO	Q9UL01	Q8BLI4	1	1
OtO	Q9UL03	Q6PCM2	1	1
OtO	Q9UL12	Q99LB7	1	1
OtO	Q9UL15	Q8CI32	1	1
OtO	Q9UL16	Q9D9U9	1	1
OtO	Q9UL17	Q9JKD8	1	1
OtO	Q9UL18	Q8CJG1	1	1
OtO	Q9UL25	P35282	1	1
OtO	Q9UL26	P35285	1	1
OtO	Q9UL33	Q9JME7	1	1
OtO	Q9UL36	S4R299	1	1
OtO	Q9UL40	Q9R0B7	1	1
OtO	Q9UL41	Q8JZW8	1	1
OtO	Q9UL42	Q8BHK0	1	1
OtO	Q9UL45	Q9R0C0	1	1
OtO	Q9UL46	P97372	1	1
OtO	Q9UL49	Q32NY8	1	1
OtO	Q9UL51	O88703	1	1
OtO	Q9UL52	Q5S248	1	1
OtO	Q9UL54	Q6ZQ29	1	1
OtO	Q9UL62	Q9QX29	1	1
OtO	Q9UL63	O89050	1	1
OtO	Q9UL68	P97500	1	1
OtO	Q9ULA0	Q9Z2W0	1	1
OtO	Q9ULB1	Q9CS84	1	1
OtO	Q9ULB4	P70407	1	1
OtO	Q9ULB5	Q8BM92	1	1
OtO	Q9ULC0	Q9R0H2	1	1
OtO	Q9ULC3	P35288	1	1
OtO	Q9ULC4	Q9DB27	1	1
OtO	Q9ULC5	Q8JZR0	1	1
OtO	Q9ULC6	Q9Z185	2	1
OtO	Q9ULC8	Q5Y5T5	1	1
OtO	Q9ULD0	B2RXT3	1	1
OtO	Q9ULD2	Q5HZI1	1	1
OtO	Q9ULD4	B2KF05	1	1
OtO	Q9ULD5	B9EKF4	1	1
OtO	Q9ULD6	Q059U7	1	1
OtO	Q9ULD8	Q9WVJ0	1	1
OtO	Q9ULD9	Q56A10	1	1
OtO	Q9ULE3	Q8C4S8	1	1
OtO	Q9ULE4	Q0KK56	1	1
OtO	Q9ULE6	P70261	1	1
OtO	Q9ULF5	Q6P5F6	1	1
OtO	Q9ULG1	Q6ZPV2	1	1
OtO	Q9ULG6	Q640L3	1	1
OtO	Q9ULH0	E9Q9B7	1	1
OtO	Q9ULH1	Q9QWY8	1	1
OtO	Q9ULH4	Q80TG9	1	1
OtO	Q9ULH7	P59759	1	1
OtO	Q9ULI0	E9Q166	1	1
OtO	Q9ULI1	Q6P5U7	1	1
OtO	Q9ULI2	Q80WS1	1	1
OtO	Q9ULI3	E9Q7X6	1	1
OtO	Q9ULI4	Q52KG5	1	1
OtO	Q9ULJ1	Q9D478	7	1
OtO	Q9ULJ6	Q6P1E1	1	1
OtO	Q9ULJ7	A6H6J9	4238	1
OtO	Q9ULJ8	Q7TN74	1	1
OtO	Q9ULK0	Q61627	1	1
OtO	Q9ULK4	Q80YQ2	1	1
OtO	Q9ULK5	Q91ZD4	1	1
OtO	Q9ULK6	Q5DTZ6	1	1
OtO	Q9ULL0	E9Q0C6	1	1
OtO	Q9ULL1	A0A5F8MPP0	1	1
OtO	Q9ULL4	Q9QY40	1	1
OtO	Q9ULL5	E9PYL2	1	1
OtO	Q9ULL8	Q1W617	1	1
OtO	Q9ULM0	Q80TI1	1	1
OtO	Q9ULM3	Q3TUF7	1	1
OtO	Q9ULM6	Q8K3P5	1	1
OtO	Q9ULN7	G3X9N3	1	1
OtO	Q9ULP0	Q8BTG7	1	1
OtO	Q9ULP9	Q3UUG6	1	1
OtO	Q9ULQ0	Q8C9H6	1	1
OtO	Q9ULQ1	Q9EQJ0	1	1
OtO	Q9ULR0	Q69ZQ2	1	1
OtO	Q9ULR3	Q3UYC0	1	1
OtO	Q9ULR5	Q91W45	1	1
OtO	Q9ULS5	Q8R310	1	1
OtO	Q9ULS6	O35174	1	1
OtO	Q9ULT0	Q8BGB2	1	1
OtO	Q9ULT6	Q5SSZ7	1	1
OtO	Q9ULT8	Q69ZR2	1	1
OtO	Q9ULU8	Q80TJ1	1	1
OtO	Q9ULV0	P21271	1	1
OtO	Q9ULV1	Q61088	1	1
OtO	Q9ULV3	Q8VEH2	1	1
OtO	Q9ULV4	Q9WUM4	1	1
OtO	Q9ULV5	Q9R0L1	1	1
OtO	Q9ULV8	Q80XL1	1	1
OtO	Q9ULW0	A2APB8	1	1
OtO	Q9ULW2	Q8BKG4	1	1
OtO	Q9ULW3	Q9QYL7	1	1
OtO	Q9ULW5	Q504M8	1	1
OtO	Q9ULW6	P51860	1	1
OtO	Q9ULW8	Q9Z184	1	1
OtO	Q9ULX3	Q8BW10	1	1
OtO	Q9ULX5	Q96DY5	1	1
OtO	Q9ULX6	Q9R0L7	1	1
OtO	Q9ULX7	Q9WVT6	1	1
OtO	Q9ULX9	O54791	1	1
OtO	Q9ULY5	Q9R0Q8	1	1
OtO	Q9ULZ1	Q9R0R4	1	1
OtO	Q9ULZ2	Q9JM90	1	1
OtO	Q9ULZ3	Q9EPB4	1	1
OtO	Q9ULZ9	Q9R0S3	1	1
OtO	Q9UM00	Q921L3	2	1
OtO	Q9UM01	Q9Z1K8	1	1
OtO	Q9UM07	Q9Z183	2	1
OtO	Q9UM11	Q9R1K5	1	1
OtO	Q9UM13	Q8K2H6	1	1
OtO	Q9UM19	Q8BGZ1	1	1
OtO	Q9UM21	Q812G0	1	1
OtO	Q9UM22	Q99M71	1	1
OtO	Q9UM47	Q61982	1	1
OtO	Q9UM54	Q64331	1	1
OtO	Q9UM63	Q9JLQ4	1342	1
OtO	Q9UM73	P97793	1	1
OtO	Q9UM82	Q8K004	1	1
OtO	Q9UMD9	Q07563	1	1
OtO	Q9UMF0	Q60625	1	1
OtO	Q9UMN6	O08550	1	1
OtO	Q9UMQ3	O08686	1	1
OtO	Q9UMQ6	Q6J756	1	1
OtO	Q9UMR2	Q8R3C7	1	1
OtO	Q9UMR3	Q9ES03	1	1
OtO	Q9UMR5	O35448	1	1
OtO	Q9UMS0	Q9QZ23	1	1
OtO	Q9UMS4	Q99KP6	1	1
OtO	Q9UMS5	Q9QZ09	1	1
OtO	Q9UMS6	Q91YE8	1	1
OtO	Q9UMX0	Q8R317	1	1
OtO	Q9UMX1	Q9Z0P7	1	1
OtO	Q9UMX2	Q9R109	1	1
OtO	Q9UMX3	O35425	1	1
OtO	Q9UMX5	Q9CQ45	1	1
OtO	Q9UMX6	Q8VBV8	1	1
OtO	Q9UMX9	P58355	1	1
OtO	Q9UMY1	Q9D7Z3	1	1
OtO	Q9UMY4	O70493	2	1
OtO	Q9UMZ2	Q5SV85	1	1
OtO	Q9UMZ3	P0C5E4	1	1
OtO	Q9UN19	Q9QXT1	1	1
OtO	Q9UN36	Q9QYG0	1	1
OtO	Q9UN37	Q8VEJ9	1	1
OtO	Q9UN42	Q99ME6	1	1
OtO	Q9UN70	Q91XX1	1	1
OtO	Q9UN74	O88689	11	1
OtO	Q9UN76	Q9JMA9	1	1
OtO	Q9UN79	Q04891	1	1
OtO	Q9UN81	P11260	1	1
OtO	Q9UN86	P97379	1	1
OtO	Q9UN88	Q9JLF1	1	1
OtO	Q9UNA0	Q9R001	1	1
OtO	Q9UNA1	Q6ZQ82	1	1
OtO	Q9UNA3	Q14BT6	1	1
OtO	Q9UNA4	Q6R3M4	1	1
OtO	Q9UNE0	Q9R187	1	1
OtO	Q9UNE2	Q768S4	1	1
OtO	Q9UNE7	Q9WUD1	1	1
OtO	Q9UNF0	Q9WVE8	1	1
OtO	Q9UNF1	Q9ER67	1	1
OtO	Q9UNG2	Q7TS55	1	1
OtO	Q9UNH5	Q6GQT0	1	1
OtO	Q9UNH6	Q9CY18	1	1
OtO	Q9UNH7	Q6P8X1	1	1
OtO	Q9UNI1	Q91X79	1	1
OtO	Q9UNI6	Q9D0T2	1	1
OtO	Q9UNK0	O88983	1	1
OtO	Q9UNK4	Q9WVF6	1	1
OtO	Q9UNK9	Q8VCU0	1	1
OtO	Q9UNL2	Q9DCF9	1	1
OtO	Q9UNL4	Q8C0D7	1	1
OtO	Q9UNM6	Q9WVJ2	1	1
OtO	Q9UNN4	Q8R4I4	1	1
OtO	Q9UNN5	P54731	1	1
OtO	Q9UNN8	Q64695	1	1
OtO	Q9UNP4	O88829	1	1
OtO	Q9UNP9	Q9QZH3	1	1
OtO	Q9UNQ0	Q7TMS5	1	1
OtO	Q9UNQ2	Q9D0D4	1	1
OtO	Q9UNS1	Q9R1X4	1	1
OtO	Q9UNS2	O88543	1	1
OtO	Q9UNU6	O88962	1	1
OtO	Q9UNW1	Q9Z2L6	1	1
OtO	Q9UNW8	Q9Z282	1	1
OtO	Q9UNW9	A0A1W2P872	1	1
OtO	Q9UNX4	Q8BHB4	1	1
OtO	Q9UNX9	Q8JZN3	1	1
OtO	Q9UNY4	Q5NC05	1	1
OtO	Q9UNZ2	Q9CZ44	1	1
OtO	Q9UNZ5	Q8R1F0	1	1
OtO	Q9UP38	O70421	1	1
OtO	Q9UP52	Q9JKX3	1	1
OtO	Q9UP65	Q64GA5	1	1
OtO	Q9UP79	P57110	3	1
OtO	Q9UP83	Q8C0L8	1	1
OtO	Q9UP95	Q9JIS8	1	1
OtO	Q9UPA5	O88737	1	1
OtO	Q9UPC5	Q9R1K6	1	1
OtO	Q9UPE1	Q9Z0G2	1	1
OtO	Q9UPG8	Q925T4	1	1
OtO	Q9UPI3	Q91X85	1	1
OtO	Q9UPM6	Q9R1R0	1	1
OtO	Q9UPM8	Q80V94	1	1
OtO	Q9UPM9	Q9R1S0	1	1
OtO	Q9UPN3	Q9QXZ0	1	1
OtO	Q9UPN4	Q62036	1	1
OtO	Q9UPN6	Q6DID3	1	1
OtO	Q9UPN7	Q7TSI3	1	1
OtO	Q9UPN9	Q99PP7	1	1
OtO	Q9UPP1	Q80TJ7	1	1
OtO	Q9UPP2	Q3TES0	1	1
OtO	Q9UPQ0	Q3UH68	1	1
OtO	Q9UPQ3	Q8BXK8	1	1
OtO	Q9UPQ4	Q8C006	1	1
OtO	Q9UPQ7	Q69ZS0	1	1
OtO	Q9UPQ8	Q8R2Y3	1	1
OtO	Q9UPQ9	Q8BKI2	1	1
OtO	Q9UPR0	Q8K394	1	1
OtO	Q9UPR3	Q6ZPY2	1	1
OtO	Q9UPR5	Q8K596	1	1
OtO	Q9UPR6	E9Q5M4	1	1
OtO	Q9UPS6	Q8CFT2	1	1
OtO	Q9UPS8	Q811D2	1	1
OtO	Q9UPT5	O35250	1	1
OtO	Q9UPT6	Q9ESN9	1	1
OtO	Q9UPT8	Q6ZPZ3	1	1
OtO	Q9UPT9	Q5DU02	1	1
OtO	Q9UPU3	Q8VI51	1	1
OtO	Q9UPU5	B1AY13	1	1
OtO	Q9UPU7	Q3U0J8	1	1
OtO	Q9UPU9	Q8CBY1	1	1
OtO	Q9UPV0	Q5DU05	1	1
OtO	Q9UPV7	Q80TL4	1	1
OtM	Q8N103	B2RWW0	1	2
OtM	Q8N103	P0CAX8	561	2
OtM	Q8IXT5	Q66JV4	1	2
OtM	Q8IXT5	Q80YR9	2	2
OtM	Q86WB7	B2RWK3	1	2
OtM	Q86WB7	Q710D3	2	2
OtM	Q86UC2	Q3UFY4	1	2
OtM	Q86UC2	Q9DA80	1818	2
OtM	Q7Z3T1	Q5NCC8	2	2
OtM	Q7Z3T1	Q5NCD6	1	2
OtM	Q7RTR0	Q66X01	9	3
OtM	Q7RTR0	Q66X03	6	3
OtM	Q7RTR0	Q66X22	5	3
OtM	Q6ZUS5	E9Q3K0	9	4
OtM	Q6ZUS5	E9Q6D3	1	4
OtM	Q6ZUS5	E9Q8Z1	4	4
OtM	Q6ZUS5	Q9D496	11	4
OtM	Q6ZRH7	C6KI89	1	2
OtM	Q6ZRH7	E9Q355	2	2
OtM	Q6X9E4	A0A1D5RLF0	11	14
OtM	Q6X9E4	E9PXM9	6	14
OtM	Q6X9E4	E9Q8A4	13	14
OtM	Q6X9E4	F7C9P2	5	14
OtM	Q6X9E4	L7N1X6	16	14
OtM	Q6X9E4	Q3TSA9	14	14
OtM	Q6X9E4	Q497Z0	9	14
OtM	Q6X9E4	Q5U467	4	14
OtM	Q6X9E4	Q5XG67	2	14
OtM	Q6X9E4	Q8BI38	7	14
OtM	Q6X9E4	Q8BI57	10	14
OtM	Q6X9E4	Q8BI58	3	14
OtM	Q6X9E4	Q8C2W8	1	14
OtM	Q6X9E4	Q8C2Y5	8	14
OtM	Q6UWW8	Q63880	1	2
OtM	Q6UWW8	Q8VCU1	2	2
OtM	Q6UWM5	A0A1W2P7V2	11	2
OtM	Q6UWM5	Q9DAG6	2	2
OtM	Q6IFN5	E9PX82	2	2
OtM	Q6IFN5	Q0VAX9	1	2
OtM	Q9Y6R7	E9PVG8	2	2
OtM	Q9Y6R7	E9Q9C6	1	2
OtM	Q9Y5E5	E9Q5G2	18	3
OtM	Q9Y5E5	Q8CDY9	19	3
OtM	Q9Y5E5	Q91XZ5	5	3
OtM	Q9Y5E4	Q91UZ8	12	6
OtM	Q9Y5E4	Q91VE5	5	6
OtM	Q9Y5E4	Q91XZ2	2	6
OtM	Q9Y5E4	Q91XZ4	1	6
OtM	Q9Y5E4	Q91XZ6	3	6
OtM	Q9Y5E4	Q91Y07	4	6
OtM	Q9Y3N9	A0A140T8K7	1	2
OtM	Q9Y3N9	Q7TQT8	2	2
OtM	Q9Y305	Q32MW3	2	2
OtM	Q9Y305	Q9R0X4	1	2
OtM	Q9UMR7	Q8JZX6	14	2
OtM	Q9UMR7	Q9QZ15	1	2
OtM	Q9UIL8	A6H5X4	3	4
OtM	Q9UIL8	B4XVP9	130	4
OtM	Q9UIL8	B4XVQ1	1	4
OtM	Q9UIL8	Q8BVM9	2	4
OtM	Q9UHP7	Q80XD9	3	6
OtM	Q9UHP7	Q8C1T8	4	6
OtM	Q9UHP7	Q8VI21	2	6
OtM	Q9UHP7	Q91V08	1	6
OtM	Q9UHP7	Q9D676	7	6
OtM	Q9UHP7	Q9WVF9	6	6
OtM	Q9UGF6	A2RT31	2	2
OtM	Q9UGF6	Q7TRK1	1	2
OtM	Q9NYW0	Q7M722	3	4
OtM	Q9NYW0	Q7M723	1	4
OtM	Q9NYW0	Q7M725	5	4
OtM	Q9NYW0	Q9JKT4	2	4
OtM	Q9NQM4	Q3KNI6	2	2
OtM	Q9NQM4	Q8C6P5	1	2
OtM	Q9NP55	P97361	1	2
OtM	Q9NP55	Q9CQX3	3	2
OtM	Q9HCG8	A2AK42	2	3
OtM	Q9HCG8	A2AK44	3	3
OtM	Q9HCG8	Q8C5N3	1	3
OtM	Q9H8H3	G3X9G9	2	3
OtM	Q9H8H3	Q5I0W6	3	3
OtM	Q9H8H3	Q8C6B0	1	3
OtM	Q9H3Q3	Q3ULK5	30	2
OtM	Q9H3Q3	Q6XQH0	20	2
OtM	Q9H340	A0A1B0GSF4	8	2
OtM	Q9H340	E9Q382	7	2
OtM	Q9H2W1	Q99N07	1	3
OtM	Q9H2W1	Q99N08	3	3
OtM	Q9H2W1	Q99N09	2	3
OtM	Q9H2C8	E9PZ66	2	2
OtM	Q9H2C8	F8VQI7	1	2
OtM	Q9H2C5	E9PYY2	1	2
OtM	Q9H2C5	E9Q7C5	2	2
OtM	Q9H210	E9Q725	1	2
OtM	Q9H210	Q8VG49	2	2
OtM	Q9H207	Q7TRN0	2	2
OtM	Q9GZX6	Q9JJY8	2	2
OtM	Q9GZX6	Q9JJY9	1	2
OtM	Q9GZM6	Q7TRB8	64	2
OtM	Q9GZM6	Q9EQ98	10	2
OtM	Q9GZK3	K9J6X0	374	2
OtM	Q9GZK3	Q7TQU5	393	2
OtM	Q9C000	A1Z198	2	2
OtM	Q9C000	Q2LKU9	1	2
OtM	Q9BZ81	A2A9Q9	11	2
OtM	Q9BZ81	Q14AN0	13	2
OtM	Q9BYR4	A2A4L9	7	4
OtM	Q9BYR4	B1AQA8	16	4
OtM	Q9BYR4	B1AQB0	3	4
OtM	Q9BYR4	Q3V4B7	2	4
OtM	Q9BYJ4	K7N6K2	2	2
OtM	Q9BYJ4	Q99PP6	3	2
OtM	Q9BYG8	Q2KHK6	2	4
OtM	Q9BYG8	Q3TR54	3	4
OtM	Q9BYG8	Q8CB12	1	4
OtM	Q9BYG8	Q99NB5	4	4
OtM	Q9BY78	E9PVG0	2	2
OtM	Q9BY78	Q8BUH7	1	2
OtM	Q9BWD1	Q80X81	2	2
OtM	Q9BWD1	Q8CAY6	1	2
OtM	Q9BW19	E9PUA5	2	2
OtM	Q9BW19	Q9QWT9	1	2
OtM	Q9BUE6	I3ITR1	2	2
OtM	Q9BUE6	Q9D924	1	2
OtM	Q9BSU3	Q3UX61	3	2
OtM	Q9BSU3	Q9CQX6	2	2
OtM	Q9BSK4	Q8C0T1	2	2
OtM	Q9BSK4	Q9Z2G1	1	2
OtM	Q9BQ08	Q8K426	3	2
OtM	Q9BQ08	Q99P86	4	2
OtM	Q99551	B9EJ57	2	2
OtM	Q99551	Q8CHZ9	1	2
OtM	Q99445	E9PX31	1	2
OtM	Q99445	G5E8L7	2	2
OtM	Q96S44	Q5U452	2	2
OtM	Q96S44	Q99PW4	1	2
OtM	Q96RD1	Q8VFH8	12	2
OtM	Q96RD1	Q8VGJ2	11	2
OtM	Q96RB7	A2ATE0	1	2
OtM	Q96RB7	Q7TR89	3	2
OtM	Q96R67	A2AUA4	4	2
OtM	Q96R67	Q8VEZ1	3	2
OtM	Q96R54	Q7TS02	1	3
OtM	Q96R54	Q7TS03	15	3
OtM	Q96R54	Q8VFN8	2	3
OtM	Q96R47	K9J725	6	3
OtM	Q96R47	Q8VFS5	9	3
OtM	Q96R47	Q8VFS6	7	3
OtM	Q96R08	Q8VFW9	2	2
OtM	Q96R08	Q8VFX1	1	2
OtM	Q96MN2	Q3TKR3	1	4
OtM	Q96MN2	Q66X05	14	4
OtM	Q96MN2	Q66X19	5	4
OtM	Q96MN2	Q8BU40	3	4
OtM	Q96M83	E9Q9Y3	40	2
OtM	Q96M83	Q9D541	1	2
OtM	Q96H86	E9PZQ8	7	4
OtM	Q96H86	E9QAP1	3	4
OtM	Q96H86	G3X941	63	4
OtM	Q96H86	Q8BHM7	24	4
OtM	Q96GC6	Q921B4	22	2
OtM	Q96GC6	Q923B3	23	2
OtM	Q96F15	Q8BWF2	2	2
OtM	Q96F15	Q99MI6	1	2
OtM	Q96D42	Q8R183	1	6
OtM	Q96D42	A0A0B4J1F6	337	6
OtM	Q6IEV9	A2ATJ7	3	3
OtM	Q6IEV9	A2ATJ9	1	3
OtM	Q6IEV9	Q8VGF5	4	3
OtM	Q969N4	Q5QD05	9	3
OtM	Q969N4	Q5QD06	2	3
OtM	Q969N4	Q5QD07	5	3
OtM	Q8WZ94	Q8VEZ0	2	2
OtM	Q8WZ94	Q8VG42	1	2
OtM	Q8WZ92	A0A140LJF5	8	20
OtM	Q8WZ92	Q7TRU6	60	20
OtM	Q8WZ92	Q7TRU9	17	20
OtM	Q8WZ92	Q8VEW2	3	20
OtM	Q8WZ92	Q8VEW5	62	20
OtM	Q8WZ92	Q8VEW6	24	20
OtM	Q8WZ92	Q8VF12	2	20
OtM	Q8WZ92	Q8VF65	19	20
OtM	Q8WZ92	Q8VF66	20	20
OtM	Q8WZ92	Q8VFD1	10	20
OtM	Q8WZ92	Q8VFD2	35	20
OtM	Q8WZ92	Q8VFD3	34	20
OtM	Q8WZ92	Q8VG02	11	20
OtM	Q8WZ92	Q8VG03	75	20
OtM	Q8WZ92	Q8VG04	72	20
OtM	Q8WZ92	Q8VG05	7	20
OtM	Q8WZ92	Q8VG07	47	20
OtM	Q8WZ92	Q8VG08	40	20
OtM	Q8WZ92	Q8VG09	123	20
OtM	Q8WZ92	Q8VG13	1	20
OtM	Q8WZ84	Q7TRB7	1	3
OtM	Q8WZ84	Q9EQ99	5	3
OtM	Q8WZ84	Q9EQA0	2	3
OtM	Q8WYN0	A0A0G2JFS9	1	2
OtM	Q8WYN0	Q8C9S8	2	2
OtM	Q8WYK1	Q0V8T7	4	3
OtM	Q8WYK1	Q0V8T8	3	3
OtM	Q8WYK1	Q0V8T9	1	3
OtM	Q8WXX0	A0A087WR13	1	3
OtM	Q8WXX0	A0A571BD48	2	3
OtM	Q8WXX0	E9Q0T8	3	3
OtM	Q8WW43	Q8C7N7	2	2
OtM	Q8WW43	Q9DCZ9	1	2
OtM	Q8TDQ1	Q6SJQ7	1	2
OtM	Q8TDQ1	Q8VCH2	13	2
OtM	Q8TAZ6	Q9DAC0	156	2
OtM	Q8TAZ6	Q9DAR1	1480	2
OtM	Q8TAP9	J3QQ10	2	2
OtM	Q8TAP9	Q9D011	1	2
OtM	Q8NHV9	Q4TU83	13	2
OtM	Q8NHV9	Q810N8	120	2
OtM	Q8NHC7	B2RVZ1	24	7
OtM	Q8NHC7	F8VQ84	7	7
OtM	Q8NHC7	Q7TS04	14	7
OtM	Q8NHC7	Q7TS05	25	7
OtM	Q8NHC7	Q7TS07	10	7
OtM	Q8NHC7	Q7TS08	5	7
OtM	Q8NHC7	Q7TS10	20	7
OtM	Q8NH73	A0A1L1SQ65	2	2
OtM	Q8NH73	A0A1L1STD5	1	2
OtM	Q8NH72	A2AV11	1	2
OtM	Q8NH72	Q8VG58	7	2
OtM	Q8NH69	Q7TR45	4	3
OtM	Q8NH69	Q7TR48	10	3
OtM	Q8NH69	Q8VFQ8	1	3
OtM	Q8NH59	Q8VH20	6	2
OtM	Q8NH54	Q3SXH8	1	2
OtM	Q8NH54	Q8VGV0	2	2
OtM	Q8NH51	A0A1L1STZ9	1	10
OtM	Q8NH51	A0A1L1SUC9	8	10
OtM	Q8NH51	A2AK60	9	10
OtM	Q8NH51	Q7TR63	14	10
OtM	Q8NH51	Q7TR67	13	10
OtM	Q8NH51	Q7TR70	17	10
OtM	Q8NH51	Q8VF52	4	10
OtM	Q8NH51	Q8VGA6	11	10
OtM	Q8NH51	Q8VGS0	6	10
OtM	Q8NH51	Q8VGS7	10	10
OtM	Q8NH50	A2ARZ0	8	2
OtM	Q8NH50	Q7TR76	27	2
OtM	Q8NH48	Q7TQR2	4	3
OtM	Q8NH48	Q8VFW1	1	3
OtM	Q8NH48	Q8VFW5	9	3
OtM	Q8NH43	E9PZU2	9	2
OtM	Q8NH43	K7N5X7	5	2
OtM	Q8NH41	A2RTN7	1	2
OtM	Q8NH41	E9Q8X3	2	2
OtM	Q8NH19	A0A1L1SRZ5	3	4
OtM	Q8NH19	A0A1L1STN9	2	4
OtM	Q8NH19	A0A2I3BR64	1	4
OtM	Q8NH19	Q8VGT9	6	4
OtM	Q8NH09	Q8VGU2	81	2
OtM	Q8NH06	B1ARL3	2	2
OtM	Q8NH06	Q7TRX0	1	2
OtM	Q8NGZ0	G5E8J1	1	3
OtM	Q8NGZ0	Q7TS53	3	3
OtM	Q8NGZ0	Q8VGL6	2	3
OtM	Q8NGY0	E9Q1L6	1	2
OtM	Q8NGY0	F8VQB1	2	2
OtM	Q8NGV0	Q60883	2	7
OtM	Q8NGV0	Q7TQT0	13	7
OtM	Q8NGV0	Q7TQT1	12	7
OtM	Q8NGV0	Q8VFA3	10	7
OtM	Q8NGV0	Q8VFA4	11	7
OtM	Q8NGV0	Q8VFA6	8	7
OtM	Q8NGV0	Q8VFA7	7	7
OtM	Q8NGS0	Q8VGK0	2	2
OtM	Q8NGS0	Q8VGK1	1	2
OtM	Q8NGQ6	Q7TQQ2	1	3
OtM	Q8NGQ6	Q8VG65	2	3
OtM	Q8NGQ6	Q8VG66	3	3
OtM	Q8NGQ4	Q8VEZ5	2	2
OtM	Q8NGQ4	Q8VGP8	1	2
OtM	Q8NGP4	A2ATE5	1	2
OtM	Q8NGP4	Q8VFK5	2	2
OtM	Q8NGP3	A0A1L1ST14	1	2
OtM	Q8NGP3	Q7TR85	2	2
OtM	Q8NGN7	Q7TRA9	5	3
OtM	Q8NGN7	Q8VET5	9	3
OtM	Q8NGN7	Q9EQ84	2	3
OtM	Q8NGM1	Q7TQZ9	2	2
OtM	Q8NGM1	Q7TR09	1	2
OtM	Q8NGL9	Q3SXJ3	34	3
OtM	Q8NGL9	Q8VF94	23	3
OtM	Q8NGL9	Q8VG21	13	3
OtM	Q8NGL3	Q7TR28	4	2
OtM	Q8NGL3	Q8VFR4	14	2
OtM	Q8NGK2	A0A1B0GSG0	3	2
OtM	Q8NGK2	E9PXN3	2	2
OtM	Q8NGI8	A0PK57	5	5
OtM	Q8NGI8	E9Q9Z6	4	5
OtM	Q8NGI8	Q7TQR7	2	5
OtM	Q8NGI8	Q7TQR9	1	5
OtM	Q8NGI8	Q8VF59	6	5
OtM	Q8NGI3	Q7TRP7	1	2
OtM	Q8NGI3	Q7TRU7	2	2
OtM	Q8NGI2	Q8VGV5	1	2
OtM	Q8NGI1	A0A1B0GSI9	11	2
OtM	Q8NGI1	Q99NH4	3	2
OtM	Q8NGI0	Q8VGW3	1	2
OtM	Q8NGI0	Q8VH00	5	2
OtM	Q8NGH8	Q7TRN8	1	2
OtM	Q8NGG7	Q60893	10	2
OtM	Q8NGG7	Q8VGE3	3	2
OtM	Q8NGG6	Q7TRE4	5	3
OtM	Q8NGG6	Q7TRE5	2	3
OtM	Q8NGG6	Q7TRE6	1	3
OtM	Q8NGG2	A3KPP7	201	2
OtM	Q8NGG2	Q8VFL9	200	2
OtM	Q8NGF9	A0A1L1SQ02	9	4
OtM	Q8NGF9	A2ATW2	5	4
OtM	Q8NGF9	Q8VEZ2	8	4
OtM	Q8NGF9	Q8VEZ3	16	4
OtM	Q8NGF8	Q8VGN8	2	4
OtM	Q8NGF8	Q7TQZ0	3	4
OtM	Q8NGF6	A0A140LHU2	2	2
OtM	Q8NGF6	Q7TQQ5	3	2
OtM	Q8NGF1	Q8VGW0	4	3
OtM	Q8NGF1	Q8VGZ2	11	3
OtM	Q8NGE7	Q8VFU6	2	2
OtM	Q8NGE7	Q8VFU7	1	2
OtM	Q8NGE2	Q7TRI6	2	2
OtM	Q8NGE2	Q8VG33	1	2
OtM	Q8NGE0	A0A2I3BRI6	2	2
OtM	Q8NGE0	E9PZS7	1	2
OtM	Q8NGD1	Q14AK5	3	2
OtM	Q8NGD1	Q8VFT5	1	2
OtM	Q8NGC9	E9PXH6	2	2
OtM	Q8NGC9	E9Q438	1	2
OtM	Q8NGC8	E9Q840	2	2
OtM	Q8NGC8	E9Q9Z0	6	2
OtM	Q8NGC4	L7N457	2	2
OtM	Q8NGC4	Q8VF72	1	2
OtM	Q8NGC3	E9PWU0	2	2
OtM	Q8NGC3	E9PZZ6	1	2
OtM	Q8NGC1	E9PV79	30	4
OtM	Q8NGC1	E9Q1P0	29	4
OtM	Q8NGC1	L7N1X7	61	4
OtM	Q8NGC1	Q7TRM0	10	4
OtM	Q8NG97	E9Q4J3	4	2
OtM	Q8NG97	Q7TRY2	3	2
OtM	Q8NG95	Q7TRG8	7	2
OtM	Q8NG95	Q7TRG9	10	2
OtM	Q8NG84	A0A0N4SVP2	26	4
OtM	Q8NG84	L7MTY4	21	4
OtM	Q8NG84	Q5NCD7	39	4
OtM	Q8NG84	Q7TRZ4	30	4
OtM	Q8NG75	Q8VES2	5	2
OtM	Q8NG75	Q8VF13	3	2
OtM	Q8NAM6	A0A1B0GRE8	6	8
OtM	Q8NAM6	A0A1B0GRH6	5	8
OtM	Q8NAM6	A0A1C7CYU6	7	8
OtM	Q8NAM6	A0A1C7CYV3	3	8
OtM	Q8NAM6	A7KBS4	4	8
OtM	Q8NAM6	E9Q3G0	2	8
OtM	Q8NAM6	Q3URS2	9	8
OtM	Q8NAM6	Q80VJ6	8	8
OtM	Q8NA77	Q99MV2	4	2
OtM	Q8NA77	Q9D5S1	1	2
OtM	Q8N7B9	Q80X60	1	2
OtM	Q8N349	Q8VF05	1	2
OtM	Q8N349	Q8VGX2	2	2
OtM	Q8N104	Q7TNV8	8	2
OtM	Q8N104	Q8R2I5	1	2
OtM	A0A075B6N1	A0A0B4J1H4	4	2
OtM	A0A075B6N1	P04212	10	2
OtM	A0A075B6T8	A0A075B621	4	3
OtM	A0A075B6T8	A0A075B6B9	1	3
OtM	A0A075B6T8	A0A075B6D4	2	3
OtM	A0A075B6W5	A0A075B607	6	5
OtM	A0A075B6W5	A0A075B619	9	5
OtM	A0A075B6W5	A0A0G2JF94	4	5
OtM	A0A075B6X5	A0A075B648	8	7
OtM	A0A075B6X5	A0A075B6A4	7	7
OtM	A0A075B6X5	A0N8N6	1	7
OtM	A0A075B6X5	A0N8R0	15	7
OtM	A0A075B6X5	A0N8R1	13	7
OtM	A0A075B6X5	P06323	4	7
OtM	A0A0A0MS06	P01734	7	3
OtM	A0A0A6YYD4	A0A0B4J1H0	3	2
OtM	A0A0A6YYD4	A0A0B4J1H1	1	2
OtM	A0A0A6YYJ7	A0A075B631	4	7
OtM	A0A0A6YYJ7	A0A075B647	2	7
OtM	A0A0A6YYJ7	A0A075B685	10	7
OtM	A0A0A6YYJ7	A0A075B695	3	7
OtM	A0A0A6YYJ7	A0A0B4J1K2	1	7
OtM	A0A0A6YYJ7	P01738	7	7
OtM	A0A0A6YYK7	A0A075B617	4	3
OtM	A0A0A6YYK7	A0A075B634	1	3
OtM	A0A0A6YYK7	A0A075B653	3	3
OtM	A0A0B4J241	A0A075B5Z7	5	5
OtM	A0A0B4J241	A0A075B622	3	5
OtM	A0A0B4J241	A0A075B642	1	5
OtM	A0A0B4J241	A0A075B652	4	5
OtM	A0A0B4J241	Q5R1F6	2	5
OtM	A0A0B4J249	A0A075B654	9	4
OtM	A0A0B4J249	Q5R1I8	18	4
OtM	A0A0B4J275	A0A075B633	16	2
OtM	A0A0B4J275	Q5R1B6	22	2
OtM	A0A0B4J277	A0A075B606	4	9
OtM	A0A0B4J277	A0A075B618	27	9
OtM	A0A0B4J277	A0A075B635	31	9
OtM	A0A0B4J277	A0A075B644	3	9
OtM	A0A0B4J277	A0A075B649	7	9
OtM	A0A0B4J277	A0A075B6C9	23	9
OtM	A0A0B4J277	A0A0B4J1K3	46	9
OtM	A0A0B4J277	A0A0G2JEU8	2	9
OtM	A0A0J9YXQ4	A0A140LII9	49	2
OtM	A0A0J9YXQ4	A0A140LIU8	1	2
OtM	A0A1B0GX56	A0A075B650	12	4
OtM	A0A1B0GX56	A0A0G2JGQ7	6	4
OtM	A0A1B0GX56	Q5R1D2	4	4
OtM	A0A3B3IT45	A0A1B0GSU5	18	2
OtM	A0A3B3IT45	E9PWA8	4	2
OtM	A0A3B3IT52	A0A338P6D5	3	11
OtM	A0A3B3IT52	A0A338P6G8	1	11
OtM	A0A3B3IT52	A2BEI6	108	11
OtM	A0A3B3IT52	A2BEI8	81	11
OtM	A0A3B3IT52	A2BEJ1	113	11
OtM	A0A3B3IT52	E9Q5Z9	165	11
OtM	A0A3B3IT52	F2Z3W5	184	11
OtM	A0A3B3IT52	F2Z478	195	11
OtM	A0A3B3IT52	J3QMS7	207	11
OtM	A0A3B3IT52	Q3UTE2	152	11
OtM	A0A3B3IT52	Q5RIS0	220	11
OtM	A0A494C071	A2BG95	171	3
OtM	A0A494C071	A3KG49	174	3
OtM	A0A494C071	Q52KH6	360	3
OtM	A0A5B6	A0A0G2LB96	1	2
OtM	A0A5B6	P01736	3	2
OtM	A1A4Y4	A0A140LIF8	2	3
OtM	A1A4Y4	Q60766	1	3
OtM	A1A4Y4	Q9DCE9	4	3
OtM	A6NC42	P85965	4	2
OtM	A6NC42	Q9CQS7	1	2
OtM	A6NCI8	E9PVP9	4	4
OtM	A6NCI8	Q3V0A6	2	4
OtM	A6NCI8	Q8CDK1	6	4
OtM	A6NCI8	W4VSN8	1	4
OtM	A6NF89	Q7TRH7	2	2
OtM	A6NF89	Q7TRI2	1	2
OtM	A6NGY5	A0A1B0GST0	20	3
OtM	A6NGY5	E9PXW4	22	3
OtM	A6NGY5	Q8VG25	1	3
OtM	A6NIJ9	Q7TRH4	25	2
OtM	A6NM76	Q7TRH5	2	2
OtM	A6NM76	Q8VEX8	1	2
OtM	A6NMS3	E9Q9T3	1	3
OtM	A6NMS3	Q7TS48	2	3
OtM	A6NMS3	Q8VGQ7	3	3
OtM	A6NMZ5	Q8VFB0	32	3
OtM	A6NMZ5	Q8VG63	29	3
OtM	A6NMZ5	Q8VGN2	47	3
OtM	A6NND4	E9Q518	1	2
OtM	A6NND4	E9Q519	2	2
OtM	H7C241	A2AGU5	5	7
OtM	H7C241	A2ANA3	6	7
OtM	H7C241	B1AZQ8	7	7
OtM	H7C241	G3UW52	10	7
OtM	H7C241	Q3V0X2	8	7
OtM	H7C241	Q80ZS5	1	7
OtM	H7C241	Q9D9N2	3	7
OtM	O00584	C0HKG5	1	2
OtM	O00584	C0HKG6	1	2
OtM	O00585	P84444	3	3
OtM	O00585	P86792	1	3
OtM	O00585	P86793	1	3
OtM	O00767	P13011	3	3
OtM	O00767	P13516	1	3
OtM	O00767	Q99PL7	2	3
OtM	O14796	O35324	2	2
OtM	O14796	Q45HK4	1	2
OtM	O14879	E9PV48	2	2
OtM	O14879	Q64345	1	2
OtM	O43493	Q62313	2	2
OtM	O43493	Q62314	1	2
OtM	O43868	A2AWR5	2	2
OtM	O43868	O88627	1	2
OtM	O75452	G5E8H9	2	6
OtM	O75452	O54909	1	6
OtM	O75452	O88451	6	6
OtM	O75452	Q8CGV4	4	6
OtM	O75452	Q8K3M1	5	6
OtM	O75452	Q8K5C8	3	6
OtM	O75822	Q3UGC7	1	2
OtM	O75822	Q66JS6	2	2
OtM	O75964	J3QNM7	2	2
OtM	O75964	Q9CPQ8	1	2
OtM	O95988	P56840	4	5
OtM	O95988	P56841	8	5
OtM	O95988	P56842	18	5
OtM	O95988	P56844	16	5
OtM	O95988	P56845	26	5
OtM	P00352	O35945	1	2
OtM	P00352	P24549	2	2
OtM	P00491	P23492	1	2
OtM	P00491	Q9D8C9	2	2
OtM	P00736	Q8CFG9	1	2
OtM	P00736	Q8CG16	2	2
OtM	P00797	P00796	1	2
OtM	P00797	P06281	2	2
OtM	P00973	P11928	2	2
OtM	P00973	Q8K469	1	2
OtM	P01009	P07758	1	5
OtM	P01009	P22599	4	5
OtM	P01009	Q00896	2	5
OtM	P01009	Q00897	5	5
OtM	P01009	Q00898	3	5
OtM	P01011	D3Z450	6	10
OtM	P01011	D3Z451	12	10
OtM	P01011	P07759	7	10
OtM	P01011	P29621	2	10
OtM	P01011	Q03734	3	10
OtM	P01011	Q5I2A0	11	10
OtM	P01011	Q6P4P1	24	10
OtM	P01011	Q80X76	16	10
OtM	P01011	Q8BYY9	20	10
OtM	P01011	Q91WP6	1	10
OtM	P01040	B2RV77	4	10
OtM	P01040	L7N257	3	10
OtM	P01040	P35173	7	10
OtM	P01040	P35174	10	10
OtM	P01040	P35175	8	10
OtM	P01040	P56567	1	10
OtM	P01040	Q497J0	6	10
OtM	P01040	Q6IE28	5	10
OtM	P01040	Q8BWM3	9	10
OtM	P01040	Q9D8D6	2	10
OtM	P01042	O08677	2	2
OtM	P01042	Q6S9I3	1	2
OtM	P01308	P01325	2	2
OtM	P01308	P01326	1	2
OtM	P01615	A0A075B5K6	9	2
OtM	P01615	A0A0B4J1H6	10	2
OtM	P01880	A0A0A6YW14	154	3
OtM	P01880	P01881	164	3
OtM	P01880	P01882	171	3
OtM	P01903	P01904	1	2
OtM	P02792	P29391	1	2
OtM	P02818	P54615	32	3
OtM	P02818	P86546	66	3
OtM	P02818	P86547	22	3
OtM	P03950	P21570	3	2
OtM	P03950	Q64438	1	2
OtM	P03956	Q9EPL5	6	2
OtM	P03956	Q9EPL6	57	2
OtM	P04406	A0A1D5RLD8	1	3
OtM	P04406	P16858	2	3
OtM	P04406	S4R1W1	3	3
OtM	P06312	A0A140T8M3	2	2
OtM	P06312	A0A140T8P7	3	2
OtM	P06315	A0A075B5J9	2	2
OtM	P06315	A0A075B5K3	1	2
OtM	P06870	P00755	6	15
OtM	P06870	P00756	8	15
OtM	P06870	P00757	11	15
OtM	P06870	P04071	15	15
OtM	P06870	P07628	7	15
OtM	P06870	P15945	5	15
OtM	P06870	P15946	1	15
OtM	P06870	P15947	3	15
OtM	P06870	P15948	9	15
OtM	P06870	P15949	10	15
OtM	P06870	P36368	4	15
OtM	P06870	P36369	2	15
OtM	P06870	Q61754	17	15
OtM	P06870	Q61759	13	15
OtM	P06870	Q9JM71	16	15
OtM	P07320	P04342	1	3
OtM	P07320	Q03740	2	3
OtM	P07320	Q9CXV3	3	3
OtM	P08174	Q61475	1	2
OtM	P08174	Q61476	14	2
OtM	P09105	Q3U0A6	1	2
OtM	P09105	Q8BYM1	1817	2
OtM	P09110	Q8VCH0	1	2
OtM	P09110	Q921H8	2	2
OtM	P09211	P19157	1	2
OtM	P09211	P46425	2	2
OtM	P09871	Q8CFG8	1	2
OtM	P09871	Q8CG14	2	2
OtM	P0C617	A2ARY0	23	3
OtM	P0C617	A2ARY1	15	3
OtM	P0C617	Q7TR81	101	3
OtM	P0C645	Q0VEP0	2	2
OtM	P0C645	Q9R0K4	1	2
OtM	P0C646	A0A140T8L4	8	3
OtM	P0C646	F8VPJ8	3	3
OtM	P0C646	Q8VGA1	16	3
OtM	P0CF74	A0A0G2JE99	1	2
OtM	P0CF74	P01843	2	2
OtM	P0DN81	Q8VGA9	4	4
OtM	P0DN81	Q9QZ19	1	4
OtM	P0DN81	Q9QZ20	2	4
OtM	P0DN81	Q9QZ22	3	4
OtM	P0DTL4	A0A087WQT1	103	7
OtM	P0DTL4	P05533	436	7
OtM	P0DTL4	P0CW02	688	7
OtM	P0DTL4	P0CW03	429	7
OtM	P0DTL4	P35460	17	7
OtM	P0DTL4	P35461	166	7
OtM	P0DTL4	Q9WU67	1045	7
OtM	P12018	P13372	2	2
OtM	P12018	P13373	1	2
OtM	P13987	O55186	2	2
OtM	P13987	P58019	1	2
OtM	P15813	P11609	1	2
OtM	P15813	P11610	2	2
OtM	P17707	D3Z6H8	2	2
OtM	P17707	P0DMN7	1	2
OtM	P19224	K9J7B2	2	2
OtM	P19224	Q64435	1	2
OtM	P20813	A6H6J2	1	5
OtM	P20813	E9Q593	4	5
OtM	P20813	O55071	5	5
OtM	P20813	P12790	3	5
OtM	P20813	P12791	2	5
OtM	P23352	P62810	14395	2
OtM	P23352	Q5SSJ1	12939	2
OtM	P25090	O08790	2	2
OtM	P25090	O88536	1	2
OtM	P28068	P35737	1	2
OtM	P28068	Q31099	2	2
OtM	P30039	Q9CXN7	2	2
OtM	P30039	Q9DCG6	1	2
OtM	P30740	Q5SV42	5	3
OtM	P30740	Q8VHP7	2	3
OtM	P30740	Q9D154	1	3
OtM	P32927	P26954	2	2
OtM	P32927	P26955	1	2
OtM	P32969	A0A140T8T4	2	2
OtM	P32969	P51410	1	2
OtM	P35237	O08804	2	3
OtM	P35237	Q60854	1	3
OtM	P35237	W4VSP4	8	3
OtM	P46721	L7N264	6	6
OtM	P46721	M0QWR8	5	6
OtM	P46721	Q91YY5	1	6
OtM	P46721	Q99J94	4	6
OtM	P46721	Q9EP96	2	6
OtM	P46721	Q9QXZ6	3	6
OtM	P47881	Q8VFX6	1	3
OtM	P47881	Q8VFX7	2	3
OtM	P47881	Q8VFX8	5	3
OtM	P47914	P47915	2	2
OtM	P47914	W4VSN7	1	2
OtM	P49914	L7N466	2	2
OtM	P49914	Q9D110	1	2
OtM	P50453	F6V5V4	12	6
OtM	P50453	O08797	1	6
OtM	P50453	O08806	13	6
OtM	P50453	Q80UK5	8	6
OtM	P50453	Q8VHQ1	9	6
OtM	P50453	Q9DAV6	10	6
OtM	P51589	O54750	2	2
OtM	P51589	Q924D1	1	2
OtM	P55081	C0HKD8	1	2
OtM	P55081	C0HKD9	1	2
OtM	P56470	O54891	2	2
OtM	P56470	Q8K419	1	2
OtM	P58180	Q5SW49	1	2
OtM	P58180	Q5SW50	2	2
OtM	P61550	B2RQY6	4	4
OtM	P61550	P10404	7	4
OtM	P61550	P11370	6	4
OtM	P61604	Q64433	1	2
OtM	P61604	Q9JI95	2	2
OtM	P61626	P08905	1	2
OtM	P61626	P17897	2	2
OtM	P81172	Q80T19	5	2
OtM	P81172	Q9EQ21	1	2
OtM	Q02413	Q61495	1	2
OtM	Q02413	Q7TSF1	2	2
OtM	Q06520	A0A1B0GRF0	39	7
OtM	Q06520	B2RVI8	6	7
OtM	Q06520	D3Z1W5	5	7
OtM	Q06520	K7N6K9	2	7
OtM	Q06520	L7N245	3	7
OtM	Q06520	P50236	1	7
OtM	Q06520	P52843	4	7
OtM	Q12918	P27811	3	5
OtM	Q12918	P27812	1	5
OtM	Q12918	P27814	4	5
OtM	Q12918	Q0ZUP1	5	5
OtM	Q12918	Q8VD98	2	5
OtM	Q13075	Q9JIB3	4	5
OtM	Q13075	Q9JIB6	2	5
OtM	Q13075	Q9QUK4	5	5
OtM	Q13075	Q9QWK5	3	5
OtM	Q13075	Q9R016	1	5
OtM	Q13228	P17563	1	2
OtM	Q13228	Q63836	2	2
OtM	Q14626	P70225	2	2
OtM	Q14626	Q64385	1	2
OtM	Q14CN2	Q3UW98	1	2
OtM	Q14CN2	Q6Q473	2	2
OtM	Q16186	A0A0A6YVU8	2	2
OtM	Q16186	Q9JKV1	1	2
OtM	Q16548	O55179	2	3
OtM	Q16548	Q07440	3	3
OtM	Q16548	Q497M6	1	3
OtM	Q16763	A0A6I8MX03	2	2
OtM	Q16763	Q921J4	1	2
OtM	Q3KPI0	A0A0B4J1L0	21	2
OtM	Q3KPI0	Q78T27	1	2
OtM	Q4G0T1	A0A1B0GSB0	2	2
OtM	Q4G0T1	B3F5L4	3	2
OtM	Q562F6	J3QMK1	2	2
OtM	Q562F6	Q7TSY8	1	2
OtM	Q5JRS4	E9PWV2	119	2
OtM	Q5JRS4	Q8VGE1	49	2
OtM	Q5STR5	A0A2I3BQC3	2	2
OtM	Q5STR5	A0A2I3BR68	1	2
OtM	Q5SY80	A0A0A6YXX9	2	2
OtM	Q5SY80	P0DP43	1	2
OtM	Q5T9Z0	Q810U2	1	2
OtM	Q5T9Z0	Q8CC62	2	2
OtM	Q5TF39	E9PYY6	2	3
OtM	Q5TF39	J3QNS5	1	3
OtM	Q5TF39	Q8VCV9	3	3
OtM	Q5VUY2	B1AVU5	4	2
OtM	Q5VUY2	B1AVU7	6	2
MtO	Q9UBK7	E9Q9D5	1	1
MtO	Q9UNT1	E9Q9D5	1	1
MtO	Q9UN67	Q91Y02	10	1
MtO	Q9Y5E1	Q91Y02	14	1
MtO	Q9UN73	Q91Y14	5	1
MtO	Q9Y5H6	Q91Y14	4	1
MtO	Q9Y5F1	Q91Y01	12	1
MtO	Q9Y5F2	Q91Y01	12	1
MtO	Q17RB0	Q9D1F0	1	1
MtO	Q9BWD3	Q9D1F0	1	1
MtO	A0A024RBG1	Q8R2U6	1	1
MtO	Q9NZJ9	Q8R2U6	1	1
MtO	A0A075B6Q5	A0A075B5R1	1	1
MtO	A0A075B7E8	A0A075B5R1	3	1
MtO	A0A075B7F0	A0A075B5R1	2	1
MtO	A0A0B4J1X5	A0A075B5R1	1	1
MtO	A0A0B4J1X8	A0A075B5R1	1	1
MtO	A0A0C4DH32	A0A075B5R1	1	1
MtO	A0A0C4DH35	A0A075B5R1	2	1
MtO	A0A0C4DH42	A0A075B5R1	2	1
MtO	A0A0J9YY99	A0A075B5R1	1	1
MtO	P01762	A0A075B5R1	1	1
MtO	P01763	A0A075B5R1	1	1
MtO	P01764	A0A075B5R1	1	1
MtO	P01768	A0A075B5R1	1	1
MtO	P01772	A0A075B5R1	1	1
MtO	P01780	A0A075B5R1	1	1
MtO	P01782	A0A075B5R1	1	1
MtO	P0DP02	A0A075B5R1	1	1
MtO	P0DP03	A0A075B5R1	1	1
MtO	P0DP04	A0A075B5R1	1	1
MtO	A0A075B6R0	A0A0A6YYE8	1	1
MtO	A0A0A0MS02	A0A0A6YYE8	1	1
MtO	A0A0B4J1U4	A0A0A6YYE8	1	1
MtO	A0A0C4DH27	A0A0A6YYE8	1	1
MtO	A0A0C4DH28	A0A0A6YYE8	1	1
MtO	P03979	A0A0A6YYE8	1	1
MtO	A0A075B734	O54794	2665	1
MtO	O14520	O54794	1	1
MtO	P15382	P23299	1	1
MtO	A0A087X1C5	Q9JKY7	1	1
MtO	P10635	Q9JKY7	1	1
MtO	A0A096LNP1	Q30KM9	1	1
MtO	P59861	Q30KM9	1	1
MtO	A0A096LP55	P99028	1	1
MtO	P07919	P99028	1	1
MtO	P0DPI2	Q9D172	1	1
MtO	A0A0B4J2E0	A0A0A6YYE3	3	1
MtO	A0A1B0GX78	A0A0A6YYE3	6	1
MtO	P01733	A0A0A6YYE3	2	1
MtO	P57059	Q60670	1	1
MtO	A0A0C4DGP1	A0A0B4J1F8	8	1
MtO	P0DMW4	A0A0B4J1F8	1	1
MtO	P0DMW5	A0A0B4J1F8	1	1
MtO	A0A0K0K1C0	A0A140T8L9	1	1
MtO	A0A584	A0A140T8L9	3	1
MtO	A0A5A6	A0A140T8L9	1	1
MtO	A0A2R8Y2Y2	D3YTM9	4	1
MtO	A0A1B0GTU1	Q6NZF1	1	1
MtO	O75152	Q6NZF1	1	1
MtO	P0DQW0	Q6NZF1	1	1
MtO	A0A1B0GVM2	Q921K8	1	1
MtO	A6NFQ2	Q921K8	1	1
MtO	A0A1B0GVM5	Q80SW5	149	1
MtO	P0DPP9	Q80SW5	185	1
MtO	Q3ZM63	Q80SW5	185	1
MtO	A0A1B0GVZ6	Q3UXB0	291	1
MtO	A6NDZ8	Q3UXB0	239	1
MtO	A6NE82	Q3UXB0	290	1
MtO	A6NJ08	Q3UXB0	215	1
MtO	Q8NHZ7	Q3UXB0	235	1
MtO	A0A1W2PPK0	Q8BX39	274	1
MtO	A0A1W2PPM1	Q8BX39	495	1
MtO	A0A1W2PR19	Q9D4P7	1	1
MtO	A0A1W2PRG0	Q9D4P7	1	1
MtO	A0A1W2PR95	Q61249	1	1
MtO	P78318	Q61249	1	1
MtO	A0A2R8Y747	A0A2I3BPR3	3848	1
MtO	F8WCM5	A0A2I3BPR3	3823	1
MtO	A0A2R8YFR7	E9Q7D5	1	1
MtO	Q12774	E9Q7D5	1	1
MtO	A0A3B3IU46	Q9CQY2	1	1
MtO	Q9BTL3	Q9CQY2	1	1
MtO	A0A494C0N9	A0A494B9C2	1	1
MtO	A0A494C0Y3	A0A494B9C2	1	1
MtO	A0A590UK10	Q6P9R4	3	1
MtO	Q6ZSZ5	Q6P9R4	1	1
MtO	A0A8I5KW96	Q9WUR9	1	1
MtO	P27144	Q9WUR9	1	1
MtO	A0A8V8TNH8	Q9D4F3	164	1
MtO	A0A8V8TPE2	Q9D4F3	166	1
MtO	A6NDY2	Q9D4F3	210	1
MtO	A6NIJ5	Q9D4F3	145	1
MtO	A6NJQ4	Q9D4F3	160	1
MtO	A6NKC0	Q9D4F3	166	1
MtO	A6NNH2	Q9D4F3	32	1
MtO	A6NNJ1	Q9D4F3	177	1
MtO	A8MWA6	Q9D4F3	178	1
MtO	A8MX19	Q9D4F3	170	1
MtO	A8MXJ8	Q9D4F3	165	1
MtO	A8MXZ1	Q9D4F3	186	1
MtO	D6RGX4	Q9D4F3	133	1
MtO	P0C7V4	Q9D4F3	175	1
MtO	P0C7W8	Q9D4F3	186	1
MtO	P0C7W9	Q9D4F3	167	1
MtO	P0C7X0	Q9D4F3	203	1
MtO	P0DV73	Q9D4F3	166	1
MtO	P0DV74	Q9D4F3	166	1
MtO	P0DV75	Q9D4F3	207	1
MtO	P0DV76	Q9D4F3	207	1
MtO	Q658T7	Q9D4F3	198	1
MtO	Q86YD7	Q9D4F3	127	1
MtO	A1L443	Q3V0C3	56	1
MtO	A6NNL0	Q3V0C3	69	1
MtO	B1AL46	Q3V0C3	72	1
MtO	Q5VT03	Q3V0C3	56	1
MtO	Q5VZR2	Q3V0C3	58	1
MtO	Q8IVF1	Q3V0C3	74	1
MtO	A3QJZ7	Q9D2F1	2	1
MtO	A6NGN4	Q9D2F1	2	1
MtO	O60810	Q9D2F1	2	1
MtO	O60813	Q9D2F1	2	1
MtO	O95522	Q9D2F1	2	1
MtO	P0DUQ1	Q9D2F1	2	1
MtO	P0DUQ2	Q9D2F1	2	1
MtO	Q5TYX0	Q9D2F1	2	1
MtO	Q5VT98	Q9D2F1	2	1
MtO	Q5VWM4	Q9D2F1	2	1
MtO	Q5VXH4	Q9D2F1	2	1
MtO	Q5VXH5	Q9D2F1	2	1
MtO	A4D256	Q6PFY9	1	1
MtO	O60729	Q6PFY9	1	1
MtO	A5D8T8	Q7TSQ1	104	1
MtO	Q6UXF7	Q7TSQ1	63	1
MtO	Q8NCF0	Q7TSQ1	95	1
MtO	A6NCE7	Q9CQV6	1	1
MtO	Q9GZQ8	Q9CQV6	1	1
MtO	A6NF01	Q8K3Z9	1	1
MtO	A8CG34	Q8K3Z9	1	1
MtO	Q96HA1	Q8K3Z9	1	1
MtO	A6NGB0	Q9JJB1	1	1
MtO	P0C7N4	Q9JJB1	48	1
MtO	A6NGD5	B2RTN3	1	1
MtO	A6NJL1	B2RTN3	1	1
MtO	P0CG00	B2RTN3	1	1
MtO	Q9BUG6	B2RTN3	1	1
MtO	A6NGU5	Q60928	1	1
MtO	P19440	Q60928	1	1
MtO	P36268	Q60928	1	1
MtO	A6NGW2	Q8VIM6	1	1
MtO	Q7RTU9	Q8VIM6	1	1
MtO	A6NGY1	Q6P3A2	22	1
MtO	Q64ET8	Q6P3A2	19	1
MtO	Q96QU4	Q6P3A2	17	1
MtO	A6NH00	Q7TRZ7	10	1
MtO	Q8NG76	Q7TRZ7	7	1
MtO	Q8NG77	Q7TRZ7	3	1
MtO	A6NHG4	O35215	3781	1
MtO	P30046	O35215	1	1
MtO	A6NI72	Q09014	1	1
MtO	A8MVU1	Q09014	1	1
MtO	P14598	Q09014	1	1
MtO	A6NJW9	P10300	4	1
MtO	P10966	P10300	4	1
MtO	A6NJZ7	Q3V0F0	1	1
MtO	A6NNM3	Q3V0F0	1	1
MtO	Q9UFD9	Q3V0F0	1	1
MtO	A6NKQ9	O09108	1961	1
MtO	P01229	O09108	1	1
MtO	P0DN86	O09108	285	1
MtO	P0DN87	O09108	228	1
MtO	Q6NT52	O09108	163	1
MtO	A6NL82	Q5NC57	1	1
MtO	Q6ZVS7	Q5NC57	1	1
MtO	A6NLU0	Q8VH31	1	1
MtO	F8VTS6	Q8VH31	1	1
MtO	O75677	Q8VH31	1	1
MtO	O75678	Q8VH31	413	1
MtO	O75679	Q8VH31	1	1
MtO	A6NM10	Q8CHJ2	1	1
MtO	Q8IXF9	Q8CHJ2	1	1
MtO	A6NM11	A2A9H6	2	1
MtO	A6NMS7	A2A9H6	2	1
MtO	O60309	A2A9H6	2	1
MtO	Q96QE4	A2A9H6	7	1
MtO	A6NM43	Q80YT3	1	1
MtO	Q96SF2	Q80YT3	1	1
MtO	A6NMY6	P07356	1	1
MtO	P07355	P07356	1	1
MtO	A8K0Z3	Q8VDD8	1	1
MtO	A8MWX3	Q8VDD8	72	1
MtO	C4AMC7	Q8VDD8	1	1
MtO	Q6VEQ5	Q8VDD8	1	1
MtO	Q9NQA3	Q8VDD8	4	1
MtO	A8MPP1	Q6AXC6	1	1
MtO	Q92771	Q6AXC6	1	1
MtO	Q96FC9	Q6AXC6	1	1
MtO	A8MUM7	P97400	27	1
MtO	Q05315	P97400	167	1
MtO	Q8TCE9	P97400	19	1
MtO	Q9UHV8	P97400	51	1
MtO	A8MWL6	O55101	1	1
MtO	O43760	O55101	1	1
MtO	B0FP48	Q9D701	1	1
MtO	E5RIL1	Q9D701	1	1
MtO	B1ANY3	Q3ZN08	2	1
MtO	Q7Z4H9	Q3ZN08	23	1
MtO	B2RC85	E9PYQ0	1	1
MtO	P0C881	E9PYQ0	1	1
MtO	B2RNN3	Q4ZJN1	1	1
MtO	P0C862	Q4ZJN1	1	1
MtO	B3EWG3	Q8CF02	1	1
MtO	B3EWG5	Q8CF02	1	1
MtO	B3EWG6	Q8CF02	1	1
MtO	B4DYI2	E9QAF0	46	1
MtO	P0DKV0	E9QAF0	47	1
MtO	Q5TZJ5	E9QAF0	48	1
MtO	Q5VU36	E9QAF0	42	1
MtO	Q5VVP1	E9QAF0	47	1
MtO	Q5VYP0	E9QAF0	43	1
MtO	Q8IWB4	E9QAF0	42	1
MtO	B5ME19	Q8R1B4	1	1
MtO	Q99613	Q8R1B4	1	1
MtO	B7U540	P52187	1	1
MtO	Q14500	P52187	1	1
MtO	B7Z6K7	Q8BFS8	183	1
MtO	Q8TF45	Q8BFS8	17	1
MtO	B7ZAQ6	Q8BS95	1	1
MtO	P0CG08	Q8BS95	1	1
MtO	B9A064	P20764	1	1
MtO	P15814	P20764	1	1
MtO	C9J798	Q6PFQ7	1	1
MtO	O43374	Q6PFQ7	1	1
MtO	E9PQ53	Q9CQ54	1	1
MtO	O95298	Q9CQ54	1	1
MtO	F5H094	Q9JJL3	2	1
MtO	G3V0H7	Q9JJL3	5	1
MtO	Q9NPD5	Q9JJL3	3	1
MtO	Q9Y6L6	Q9JJL3	2	1
MtO	G9CGD6	Q5DU31	3	1
MtO	Q8WWN9	Q5DU31	1	1
MtO	H0Y354	Q8BFZ8	1	1
MtO	Q5TYM5	Q8BFZ8	1	1
MtO	Q6L9T8	Q8BFZ8	1	1
MtO	Q86X60	Q8BFZ8	1	1
MtO	O00182	O08573	1	1
MtO	Q3B8N2	O08573	1	1
MtO	Q6DKI2	O08573	1	1
MtO	O00220	Q9QZM4	1	1
MtO	O14763	Q9QZM4	1	1
MtO	Q9UBN6	Q9QZM4	79	1
MtO	O14581	Q9JHB2	2	1
MtO	O76100	Q9JHB2	2	1
MtO	Q8NGA2	Q9JHB2	2	1
MtO	O14843	Q3UFD7	1	1
MtO	O15529	Q3UFD7	1	1
MtO	O15389	Q920G3	2	1
MtO	Q08ET2	Q920G3	2	1
MtO	O15481	A2A9R3	18	1
MtO	P43366	A2A9R3	45	1
MtO	O43423	O35381	2	1
MtO	P39687	O35381	2	1
MtO	O43749	Q8VGB9	1	1
MtO	Q96R84	Q8VGB9	5	1
MtO	O60397	P48771	17529	1
MtO	P14406	P48771	1	1
MtO	O60404	Q8VBW9	1	1
MtO	Q8NGA5	Q8VBW9	1	1
MtO	O60412	Q7TQU8	3	1
MtO	O76099	Q7TQU8	3	1
MtO	O60911	P06797	1	1
MtO	P07711	P06797	1	1
MtO	O75015	A0A0B4J1G0	1	1
MtO	P08637	A0A0B4J1G0	1	1
MtO	O75310	Q8R084	1	1
MtO	O75795	Q8R084	1	1
MtO	P06133	Q8R084	1	1
MtO	P16662	Q8R084	1	1
MtO	P36537	Q8R084	1	1
MtO	P54855	Q8R084	1	1
MtO	Q9BY64	Q8R084	1	1
MtO	O75467	Q78F42	1	1
MtO	Q6AW86	Q78F42	1	1
MtO	O75556	J3KMP9	1	1
MtO	Q13296	J3KMP9	1	1
MtO	O76001	Q8VFC2	1	1
MtO	O76002	Q8VFC2	1	1
MtO	Q9GZK6	Q8VFC2	2	1
MtO	O95013	A2AVW1	1	1
MtO	Q6IEY1	A2AVW1	1	1
MtO	O95239	P33174	1	1
MtO	Q2VIQ3	P33174	1	1
MtO	O95997	Q9CQJ7	1	1
MtO	Q9NZH4	Q9CQJ7	299	1
MtO	Q9NZH5	Q9CQJ7	1	1
MtO	P00325	P00329	1	1
MtO	P00326	P00329	1	1
MtO	P07327	P00329	2	1
MtO	P00738	Q61646	1	1
MtO	P00739	Q61646	1	1
MtO	P01023	Q6GQT1	1	1
MtO	P20742	Q6GQT1	1	1
MtO	P01241	P06880	1	1
MtO	P01242	P06880	1	1
MtO	P0DML2	P06880	1	1
MtO	P0DML3	P06880	1	1
MtO	Q14406	P06880	16	1
MtO	P01906	P01910	1	1
MtO	P01909	P01910	1	1
MtO	P02776	Q9Z126	1	1
MtO	P10720	Q9Z126	1	1
MtO	P02795	P02798	1	1
MtO	P04732	P02798	1	1
MtO	P80297	P02798	1	1
MtO	P04000	O35599	1	1
MtO	P04001	O35599	1	1
MtO	P0DN77	O35599	1	1
MtO	P0DN78	O35599	1	1
MtO	P04090	P47932	2	1
MtO	P04808	P47932	1	1
MtO	P04279	Q8BS30	1646	1
MtO	Q02383	Q8BS30	593	1
MtO	P08217	P05208	1	1
MtO	P08218	P05208	1	1
MtO	P08684	Q64464	1	1
MtO	P20815	Q64464	1	1
MtO	P24462	Q64464	1	1
MtO	P0C0L4	P01029	1	1
MtO	P0C0L5	P01029	1	1
MtO	P0C5J1	Q3UZW7	1	1
MtO	Q8N7N1	Q3UZW7	1	1
MtO	Q96G04	Q3UZW7	1	1
MtO	P0C7N5	Q8VGR9	2	1
MtO	Q8NH10	Q8VGR9	2	1
MtO	P0C7P4	Q9CR68	1	1
MtO	P47985	Q9CR68	1	1
MtO	P0C7Q5	Q5F297	1	1
MtO	P0C7Q6	Q5F297	1	1
MtO	Q8N808	Q5F297	1	1
MtO	Q96KT7	Q5F297	1	1
MtO	P0C7U3	Q14AK4	1	1
MtO	Q9H8X9	Q14AK4	1	1
MtO	P0CB47	Q3USZ2	1	1
MtO	P0CB48	Q3USZ2	1	1
MtO	P0CE71	P51879	1	1
MtO	P0CE72	P51879	1	1
MtO	P0CG22	Q99LB2	7995	1
MtO	Q9BTZ2	Q99LB2	1	1
MtO	P0CG29	Q61133	1	1
MtO	P0CG30	Q61133	1	1
MtO	P0CG31	Q8C0E6	14	1
MtO	Q9HBT8	Q8C0E6	1	1
MtO	P0CG32	Q9CZA5	2	1
MtO	Q6PEW1	Q9CZA5	2	1
MtO	P0CG36	P97766	1	1
MtO	P0CG37	P97766	1	1
MtO	P0DI81	Q9CQP2	1	1
MtO	P0DI82	Q9CQP2	1	1
MtO	P0DJD7	Q9D106	28	1
MtO	P0DJD8	Q9D106	25	1
MtO	P0DJD9	Q9D106	27	1
MtO	P0DME0	Q9EQU5	1	1
MtO	Q01105	Q9EQU5	1	1
MtO	P0DMM9	P52840	1	1
MtO	P0DMN0	P52840	1	1
MtO	P50225	P52840	1	1
MtO	P50226	P52840	1	1
MtO	P0DMR2	Q7M742	1	1
MtO	Q8TD33	Q7M742	1	1
MtO	P0DP23	P0DP27	1	1
MtO	P0DP24	P0DP27	1	1
MtO	P0DP25	P0DP27	1	1
MtO	P0DP73	Q30KN1	1	1
MtO	P0DP74	Q30KN1	1	1
MtO	P0DPH7	P05214	1	1
MtO	P0DPH8	P05214	1	1
MtO	P0DQD5	Q61041	1	1
MtO	P50391	Q61041	1	1
MtO	P0DSN6	Q7M721	11	1
MtO	P0DTE0	Q7M721	6	1
MtO	P59537	Q7M721	1	1
MtO	P59538	Q7M721	1	1
MtO	P59539	Q7M721	6	1
MtO	P59540	Q7M721	2	1
MtO	P59541	Q7M721	1	1
MtO	P59542	Q7M721	9	1
MtO	P59543	Q7M721	1	1
MtO	P59544	Q7M721	1	1
MtO	P0DV77	G3X9U1	25	1
MtO	Q17RH7	G3X9U1	3673	1
MtO	Q8N7U7	G3X9U1	145	1
MtO	P10147	P10855	2	1
MtO	P16619	P10855	1	1
MtO	P10266	P03975	65	1
MtO	P63128	P03975	22	1
MtO	P63132	P03975	260	1
MtO	P63133	P03975	243	1
MtO	P63135	P03975	63	1
MtO	P63136	P03975	163	1
MtO	Q9BXR3	P03975	264	1
MtO	Q9QC07	P03975	1087	1
MtO	Q9UQG0	P03975	300	1
MtO	Q9WJR5	P03975	168	1
MtO	P10412	P43274	2	1
MtO	P16402	P43274	4	1
MtO	P11169	P32037	1	1
MtO	Q8TDB8	P32037	1	1
MtO	P13236	P14097	1	1
MtO	Q8NHW4	P14097	1	1
MtO	P13385	P51865	1	1
MtO	P51864	P51865	1	1
MtO	P13928	O35640	1	1
MtO	Q5VT79	O35640	1	1
MtO	P14207	Q05685	2	1
MtO	P41439	Q05685	2	1
MtO	P17538	Q9CR35	1	1
MtO	Q6GPI1	Q9CR35	1	1
MtO	P17927	Q64735	9371	1
MtO	Q2VPA4	Q64735	5	1
MtO	P18577	Q8CF94	1	1
MtO	Q02161	Q8CF94	1	1
MtO	P20231	P21845	1	1
MtO	Q15661	P21845	1	1
MtO	P21127	P24788	1	1
MtO	Q9UQ88	P24788	1	1
MtO	P41236	Q9DCL8	1	1
MtO	Q6NXS1	Q9DCL8	2	1
MtO	Q96PQ5	Q9DCL8	9	1
MtO	P42830	P50228	6	1
MtO	P80162	P50228	13	1
MtO	P47992	P47993	1	1
MtO	Q9UBD3	P47993	1	1
MtO	P48960	Q9Z0M6	1	1
MtO	Q9UHX3	Q9Z0M6	125	1
MtO	P49019	Q9EP66	1	1
MtO	Q8TDS4	Q9EP66	1	1
MtO	P49662	P70343	1	1
MtO	P51878	P70343	2	1
MtO	P50502	Q99L47	1	1
MtO	Q8NFI4	Q99L47	1	1
MtO	P56180	G5E8H5	1	1
MtO	Q6XPS3	G5E8H5	7	1
MtO	P56381	P56382	1	1
MtO	Q5VTU8	P56382	1	1
MtO	P56851	Q8K0E4	1	1
MtO	Q14507	Q8K0E4	1	1
MtO	P60331	J3QMD1	8	1
MtO	P60369	J3QMD1	14	1
MtO	P60370	J3QMD1	1	1
MtO	P60409	J3QMD1	3	1
MtO	P60410	J3QMD1	2	1
MtO	P60411	J3QMD1	5	1
MtO	P60412	J3QMD1	3	1
MtO	P60413	J3QMD1	6	1
MtO	P69849	Q6GQT9	1	1
MtO	Q15155	Q6GQT9	1	1
MtO	Q5JPE7	Q6GQT9	1	1
MtO	P86790	Q8C1Y8	1	1
MtO	P86791	Q8C1Y8	1	1
MtO	P98168	A2CE44	2	1
MtO	P98169	A2CE44	2	1
MtO	Q01860	P20263	1	1
MtO	Q06416	P20263	1	1
MtO	Q02505	Q3U5A2	927	1
MtO	Q9H195	Q3U5A2	1003	1
MtO	Q07627	Q3V2D6	2	1
MtO	Q8IUG1	Q3V2D6	1	1
MtO	Q9BYS1	Q3V2D6	1	1
MtO	Q08648	Q3UW43	11968	1
MtO	Q6PDA7	Q3UW43	11225	1
MtO	Q08AH3	Q8K0L3	2	1
MtO	Q68CK6	Q8K0L3	1	1
MtO	Q08AN1	E9Q459	148	1
MtO	Q96SE7	E9Q459	126	1
MtO	Q9H7R5	E9Q459	1	1
MtO	Q9HCG1	E9Q459	2	1
MtO	Q12950	Q60688	2	1
MtO	Q3SYB3	Q60688	1	1
MtO	Q5VV16	Q60688	1	1
MtO	Q6VB84	Q60688	1	1
MtO	Q8WXT5	Q60688	1	1
MtO	Q9NU39	Q60688	1	1
MtO	Q13342	Q6NSQ5	68	1
MtO	Q9H930	Q6NSQ5	1	1
MtO	Q13888	Q9JIB4	1	1
MtO	Q6P1K8	Q9JIB4	1	1
MtO	Q14129	O35347	1	1
MtO	Q9BY27	O35347	1	1
MtO	Q15695	Q64707	1	1
MtO	Q15696	Q64707	1	1
MtO	Q1AE95	Q9JJB9	1	1
MtO	Q8IXX5	Q9JJB9	1	1
MtO	Q9UMW8	Q9WTV6	1	1
MtO	Q3SY17	Q5HZI9	1	1
MtO	Q9H1U9	Q5HZI9	1	1
MtO	Q4V339	Q8VEH6	1	1
MtO	Q5JTY5	Q8VEH6	1	1
MtO	Q5RIA9	Q8VEH6	1	1
MtO	Q8IUF1	Q8VEH6	1	1
MtO	Q9BRT8	Q8VEH6	1	1
MtO	Q52M93	P10077	50	1
MtO	Q6P3V2	P10077	29	1
MtO	Q5BKT4	Q3UGP8	1	1
MtO	Q5I7T1	Q3UGP8	1	1
MtO	Q5JX69	A2APA5	1	1
MtO	Q5JX71	A2APA5	1	1
MtO	Q5T9A4	Q925I1	1	1
MtO	Q9NVI7	Q925I1	1	1
MtO	Q5TAP6	Q640M1	1	1
MtO	Q9BVJ6	Q640M1	1	1
MtO	Q5W188	Q9Z0H6	1	1
MtO	Q9H4G1	Q9Z0H6	1	1
MtO	Q641Q2	Q6PGL7	1	1
MtO	Q9Y4E1	Q6PGL7	1	1
MtO	Q6B9Z1	Q6B9Z0	6	1
MtO	Q6UWQ7	Q6B9Z0	36	1
MtO	Q6UXB1	Q6B9Z0	125	1
MtO	Q6EKJ0	Q99NI3	1	1
MtO	Q86UP8	Q99NI3	1	1
MtO	Q6GTX8	Q8BG84	22	1
MtO	Q6ISS4	Q8BG84	20	1
MtO	Q6IE37	Q3UU35	155	1
MtO	Q6IF00	A0A0U1RQ01	1	1
MtO	Q8NGX2	A0A0U1RQ01	1	1
MtO	Q6IF82	Q8VGP1	16	1
MtO	Q8NGN8	Q8VGP1	46	1
MtO	Q6NSW5	Q9D8N2	1	1
MtO	Q8TCE6	Q9D8N2	1	1
MtO	Q6NSW7	Q80Z64	1	1
MtO	Q8N7R0	Q80Z64	1	1
MtO	Q9H9S0	Q80Z64	1	1
MtO	Q6NUM6	Q8BJM7	16	1
MtO	Q9NV66	Q8BJM7	1	1
MtO	Q6NZ67	Q9CQ25	3	1
MtO	Q6P582	Q9CQ25	1	1
MtO	Q6P1Q9	Q8BMK1	1	1
MtO	Q96IZ6	Q8BMK1	1	1
MtO	Q6P2I3	Q3TC72	1	1
MtO	Q96GK7	Q3TC72	1	1
MtO	Q6P3X8	E9Q492	10760	1
MtO	Q96JS3	E9Q492	2571	1
MtO	Q6UWQ5	Q9CPX3	1	1
MtO	Q7Z4W2	Q9CPX3	1	1
MtO	Q6ZT62	P55194	1	1
MtO	Q9Y3L3	P55194	1	1
MtO	Q7KYR7	A4QPC6	1	1
MtO	Q8WVV5	A4QPC6	1	1
MtO	Q96KV6	A4QPC6	14	1
MtO	Q8IUB3	Q3V2J9	4895	1
MtO	Q9H1F0	Q3V2J9	2837	1
MtO	Q8IUX4	Q99J72	1	1
MtO	Q96AK3	Q99J72	1	1
MtO	Q9NRW3	Q99J72	1	1
MtO	Q9UH17	Q99J72	1	1
MtO	Q8IWL1	P35242	1	1
MtO	Q8IWL2	P35242	1	1
MtO	Q8IYS8	Q5SQY2	12662	1
MtO	Q96IK1	Q5SQY2	1	1
MtO	Q8N831	O88852	4	1
MtO	Q9H0U9	O88852	1	1
MtO	Q8NEA9	Q920G9	1	1
MtO	Q96IK5	Q920G9	1	1
MtO	Q8NG80	Q8VGJ5	1	1
MtO	Q8NG85	Q8VGJ5	1	1
MtO	Q8NGY9	Q8VGJ5	1	1
MtO	Q8NH16	Q8VGJ5	1	1
MtO	Q8NGB6	Q8VFT4	2	1
MtO	Q8NGD0	Q8VFT4	1	1
MtO	Q8NGK6	E9Q549	1	1
MtO	Q8NH67	E9Q549	1	1
MtO	Q8NGL0	A2AVC4	1	1
MtO	Q8NGL2	A2AVC4	1	1
MtO	Q8NGS1	Q8VFP8	8	1
MtO	Q8NGS2	Q8VFP8	9	1
MtO	Q8TE69	Q9D1F3	1	1
MtO	Q96DE9	Q9D1F3	1	1
MtO	Q8WX94	Q4PLS0	3	1
MtO	Q9NX02	Q4PLS0	11	1
MtO	Q969J2	Q91VW9	5	1
MtO	Q9BRR0	Q91VW9	3	1
MtO	Q96AQ1	E9Q9U8	1	1
MtO	Q96LY2	E9Q9U8	1	1
MtO	Q96EF9	Q9D2X8	1	1
MtO	Q96K31	Q9D2X8	1	1
MtO	Q96HT8	Q9CQL7	2	1
MtO	Q9Y605	Q9CQL7	1	1
MtO	Q96LC7	Q80ZE3	1	1
MtO	Q96RL6	Q80ZE3	1	1
MtO	Q96NU0	E9PY62	1	1
MtO	Q9BZ76	E9PY62	1	1
MtO	Q96PQ1	Q91Y57	1	1
MtO	Q9NYZ4	Q91Y57	3	1
MtO	Q9Y286	Q91Y57	1	1
MtO	Q9Y336	Q91Y57	3	1
MtO	Q9BQS2	Q8C6N3	1	1
MtO	X6R8R1	Q8C6N3	14	1
MtO	Q9BS92	Q9CQE1	1	1
MtO	Q9UFN0	Q9CQE1	1	1
MtO	Q9BZA7	F6ZNL5	1	1
MtO	Q9BZA8	F6ZNL5	1	1
MtO	Q9BZX4	Q9ESG2	1	1
MtO	Q9HAT0	Q9ESG2	1	1
MtO	Q9GZS9	Q9QUP4	1	1
MtO	Q9GZX3	Q9QUP4	1	1
MtO	Q9H2X3	Q8CJ91	1	1
MtO	Q9NNX6	Q8CJ91	2	1
MtO	Q9HAB3	Q9D8F3	1	1
MtO	Q9NWF4	Q9D8F3	1	1
MtO	Q9UN66	Q91Y03	21	1
MtO	Q9Y5F0	Q91Y03	20	1
MtM	Q9Y5P1	F8VPZ8	15	2
MtM	Q9Y5P1	F8VQ01	8	2
MtM	Q9Y5P0	F8VPZ8	31	2
MtM	Q9Y5P0	F8VQ01	20	2
MtM	Q96D42	F2Z474	16	6
MtM	Q96D42	Q5QNS5	3	6
MtM	Q96D42	F2Z474	16	6
MtM	Q96D42	Q5QNS5	3	6
MtM	Q8NGF8	Q8VGP3	13	4
MtM	Q8NGF8	Q8VGP3	13	4
MtM	Q9UN71	Q91XX5	5	2
MtM	Q9Y5G0	Q91XX5	1	2
MtM	Q9UN71	Q91XX6	1	2
MtM	Q9Y5G0	Q91XX6	4	2
MtM	A0A0J9YWL9	A0A0G2JGA3	1138	2
MtM	A0A0J9YY54	A0A0G2JGA3	220	2
MtM	A0A0J9YWL9	D3YU32	680	2
MtM	A0A0J9YY54	D3YU32	129	2
MtM	A0A1B0GTK5	A2AI92	32	2
MtM	A0A1B0GUQ0	A2AI92	45	2
MtM	A0A1B0GV22	A2AI92	45	2
MtM	P0DP71	A2AI92	32	2
MtM	A0A1B0GTK5	B1AX35	59	2
MtM	A0A1B0GUQ0	B1AX35	85	2
MtM	A0A1B0GV22	B1AX35	85	2
MtM	P0DP71	B1AX35	59	2
MtM	A6NCF6	A2AMW4	16	8
MtM	P43358	A2AMW4	1	8
MtM	P43361	A2AMW4	1	8
MtM	P43363	A2AMW4	1	8
MtM	P43364	A2AMW4	12	8
MtM	A6NDH6	Q8VFB9	1	4
MtM	A6NHG9	Q8VFB9	1	4
MtM	A6NKK0	Q8VFB9	1	4
MtM	P0DN80	Q8VFB9	1	4
MtM	Q8NGV6	Q8VFB9	1	4
MtM	Q8NGV7	Q8VFB9	1	4
MtM	A6NM03	Q9EPF8	4	4
MtM	Q9H205	Q9EPF8	2	4
MtM	A6NM45	D3YXJ9	1	2
MtM	Q8N7P3	D3YXJ9	1	2
MtM	A6NM45	Q9D7U6	2	2
MtM	Q8N7P3	Q9D7U6	2	2
MtM	C9JRZ8	G5E895	1	2
MtM	O60218	G5E895	3	2
MtM	C9JRZ8	P45377	3	2
MtM	O60218	P45377	4	2
MtM	O60765	Q61751	1	2
MtM	Q96LW1	Q61751	2	2
MtM	O60765	Q9QXT9	2	2
MtM	Q96LW1	Q9QXT9	1	2
MtM	O95918	Q0VEL5	1	2
MtM	Q9GZK4	Q0VEL5	3	2
MtM	O95918	Q7TRL3	3	2
MtM	Q9GZK4	Q7TRL3	1	2
MtM	P08263	P30115	2	5
MtM	P09210	P30115	1	5
MtM	Q16772	P30115	3	5
MtM	Q7RTV2	P30115	1	5
MtM	P09488	Q80W21	2	3
MtM	P28161	Q80W21	1	2
MtM	P09488	P15626	3	3
MtM	P28161	P15626	2	2
MtM	Q03013	P15626	5	2
MtM	P09488	Q8R5I6	1	3
MtM	Q03013	Q8R5I6	1	2
MtM	P78329	Q99N16	4	4
MtM	Q08477	Q99N16	4	4
MtM	Q06141	O09037	3	2
MtM	Q6UW15	O09037	3	2
MtM	Q06141	P35230	1	2
MtM	Q6UW15	P35230	1	2
MtM	Q7Z5H5	Q8R296	1	15
MtM	Q8NFZ6	Q8R296	154	15
MtM	Q8NG99	Q7TRG2	1	2
MtM	Q8NGA0	Q7TRG2	1	2
MtM	Q8NG99	Q8VGG6	20	2
MtM	Q8NGA0	Q8VGG6	11	2
MtM	Q96LA5	Q68SN8	43	2
MtM	Q96LA6	Q68SN8	38	2
MtM	Q96LA5	Q8R4Y0	12	2
MtM	Q96LA6	Q8R4Y0	2	2
MtM	Q9NRJ7	Q91Y03	20	4
MtM	Q9NRJ7	Q91VD8	13	4
MtM	Q9Y5E6	Q91VD8	11	3
MtM	Q9Y5E7	Q91VD8	12	3
MtM	Q9NRJ7	Q91XZ7	7	4
MtM	Q9Y5E6	Q91XZ7	5	3
MtM	Q9Y5E7	Q91XZ7	9	3
MtM	Q9NRJ7	Q91Y00	16	4
MtM	Q9Y5E6	Q91Y00	14	3
MtM	Q9Y5E7	Q91Y00	13	3
MtM	A0A075B7D0	P01748	23	31
MtM	A0A075B7D0	P03980	52	31
MtM	A0A075B7D0	A0A075B5X5	20	31
MtM	A0A075B7D0	A0A075B5T4	12	31
MtM	A0A075B7D0	A0A075B5X3	14	31
MtM	A0A075B7D0	P06327	33	31
MtM	A0A075B7D0	A0A075B5W5	21	31
MtM	A0A075B7D0	A0A075B5V0	24	31
MtM	A0A075B7D0	P01749	6	31
MtM	A0A075B7D0	A0A075B5W6	15	31
MtM	A0A075B7D0	A0A075B5W1	5	31
MtM	A0A075B7D0	P06328	11	31
MtM	A0A075B7D0	A0A075B5U7	35	31
MtM	A0A075B7D0	P01754	16	31
MtM	A0A075B7D0	P01750	1	31
MtM	A0A075B7D0	A0A075B5X2	48	31
MtM	A0A075B7D0	A0A075B5Y2	44	31
MtM	A0A075B7D0	A0A075B5Y6	27	31
MtM	A0A075B7D0	P01746	58	31
MtM	A0A075B7D0	A0A075B5V5	62	31
MtM	A0A075B7D0	P01753	9	31
MtM	A0A075B7D0	A0A075B5V2	32	31
MtM	A0A075B7D0	P01758	34	31
MtM	A0A075B7D0	A0A075B5W3	10	31
MtM	A0A075B7D0	A0A075B5T7	22	31
MtM	A0A0A0MS14	P01748	37	31
MtM	A0A0A0MS14	P03980	29	31
MtM	A0A0A0MS14	A0A075B5X5	59	31
MtM	A0A0A0MS14	A0A075B5T4	15	31
MtM	A0A0A0MS14	A0A075B5X3	56	31
MtM	A0A0A0MS14	P06327	58	31
MtM	A0A0A0MS14	A0A075B5W5	33	31
MtM	A0A0A0MS14	A0A075B5V0	34	31
MtM	A0A0A0MS14	P01749	26	31
MtM	A0A0A0MS14	A0A075B5W6	74	31
MtM	A0A0A0MS14	A0A075B5W1	49	31
MtM	A0A0A0MS14	P06328	53	31
MtM	A0A0A0MS14	A0A075B5U7	14	31
MtM	A0A0A0MS14	P01754	46	31
MtM	A0A0A0MS14	P01750	28	31
MtM	A0A0A0MS14	A0A075B5X2	32	31
MtM	A0A0A0MS14	A0A075B5Y2	39	31
MtM	A0A0A0MS14	A0A075B5Y6	31	31
MtM	A0A0A0MS14	P01746	41	31
MtM	A0A0A0MS14	A0A075B5V5	48	31
MtM	A0A0A0MS14	P01753	45	31
MtM	A0A0A0MS14	A0A075B5V2	22	31
MtM	A0A0A0MS14	P01758	35	31
MtM	A0A0A0MS14	A0A075B5W3	54	31
MtM	A0A0A0MS14	A0A075B5T7	7	31
MtM	A0A0B4J2H0	P01748	19	31
MtM	A0A0B4J2H0	P03980	52	31
MtM	A0A0B4J2H0	A0A075B5X5	9	31
MtM	A0A0B4J2H0	A0A075B5T4	22	31
MtM	A0A0B4J2H0	A0A075B5X3	15	31
MtM	A0A0B4J2H0	P06327	20	31
MtM	A0A0B4J2H0	A0A075B5W5	5	31
MtM	A0A0B4J2H0	A0A075B5V0	21	31
MtM	A0A0B4J2H0	P01749	2	31
MtM	A0A0B4J2H0	A0A075B5W6	7	31
MtM	A0A0B4J2H0	A0A075B5W1	4	31
MtM	A0A0B4J2H0	P06328	16	31
MtM	A0A0B4J2H0	A0A075B5U7	40	31
MtM	A0A0B4J2H0	P01754	18	31
MtM	A0A0B4J2H0	P01750	1	31
MtM	A0A0B4J2H0	A0A075B5X2	27	31
MtM	A0A0B4J2H0	A0A075B5Y2	36	31
MtM	A0A0B4J2H0	A0A075B5Y6	24	31
MtM	A0A0B4J2H0	P01746	55	31
MtM	A0A0B4J2H0	A0A075B5V5	47	31
MtM	A0A0B4J2H0	P01753	17	31
MtM	A0A0B4J2H0	A0A075B5V2	35	31
MtM	A0A0B4J2H0	P01758	23	31
MtM	A0A0B4J2H0	A0A075B5W3	12	31
MtM	A0A0B4J2H0	A0A075B5T7	34	31
MtM	P0DP01	P01748	17	31
MtM	P0DP01	P03980	60	31
MtM	P0DP01	A0A075B5X5	15	31
MtM	P0DP01	A0A075B5T4	13	31
MtM	P0DP01	A0A075B5X3	11	31
MtM	P0DP01	P06327	24	31
MtM	P0DP01	A0A075B5W5	16	31
MtM	P0DP01	A0A075B5V0	22	31
MtM	P0DP01	P01749	3	31
MtM	P0DP01	A0A075B5W6	7	31
MtM	P0DP01	A0A075B5W1	4	31
MtM	P0DP01	P06328	10	31
MtM	P0DP01	A0A075B5U7	37	31
MtM	P0DP01	P01754	14	31
MtM	P0DP01	P01750	1	31
MtM	P0DP01	A0A075B5X2	32	31
MtM	P0DP01	A0A075B5Y2	40	31
MtM	P0DP01	A0A075B5Y6	27	31
MtM	P0DP01	P01746	57	31
MtM	P0DP01	A0A075B5V5	54	31
MtM	P0DP01	P01753	12	31
MtM	P0DP01	A0A075B5V2	29	31
MtM	P0DP01	P01758	26	31
MtM	P0DP01	A0A075B5W3	8	31
MtM	P0DP01	A0A075B5T7	20	31
MtM	A0A0G2JMI3	P01748	44	31
MtM	A0A0G2JMI3	P03980	17	31
MtM	A0A0G2JMI3	A0A075B5X5	48	31
MtM	A0A0G2JMI3	A0A075B5T4	27	31
MtM	A0A0G2JMI3	A0A075B5X3	54	31
MtM	A0A0G2JMI3	P06327	42	31
MtM	A0A0G2JMI3	A0A075B5W5	21	31
MtM	A0A0G2JMI3	A0A075B5V0	22	31
MtM	A0A0G2JMI3	P01749	7	31
MtM	A0A0G2JMI3	A0A075B5W6	53	31
MtM	A0A0G2JMI3	A0A075B5W1	16	31
MtM	A0A0G2JMI3	P06328	52	31
MtM	A0A0G2JMI3	A0A075B5U7	38	31
MtM	A0A0G2JMI3	P01754	47	31
MtM	A0A0G2JMI3	P01750	8	31
MtM	A0A0G2JMI3	A0A075B5X2	49	31
MtM	A0A0G2JMI3	A0A075B5Y2	45	31
MtM	A0A0G2JMI3	A0A075B5Y6	13	31
MtM	A0A0G2JMI3	P01746	56	31
MtM	A0A0G2JMI3	A0A075B5V5	59	31
MtM	A0A0G2JMI3	P01753	31	31
MtM	A0A0G2JMI3	A0A075B5V2	37	31
MtM	A0A0G2JMI3	P01758	20	31
MtM	A0A0G2JMI3	A0A075B5W3	51	31
MtM	A0A0G2JMI3	A0A075B5T7	28	31
MtM	P01742	P01748	20	31
MtM	P01742	P03980	58	31
MtM	P01742	A0A075B5X5	7	31
MtM	P01742	A0A075B5T4	18	31
MtM	P01742	A0A075B5X3	15	31
MtM	P01742	P06327	22	31
MtM	P01742	A0A075B5W5	4	31
MtM	P01742	A0A075B5V0	21	31
MtM	P01742	P01749	3	31
MtM	P01742	A0A075B5W6	9	31
MtM	P01742	A0A075B5W1	6	31
MtM	P01742	P06328	12	31
MtM	P01742	A0A075B5U7	39	31
MtM	P01742	P01754	14	31
MtM	P01742	P01750	1	31
MtM	P01742	A0A075B5X2	28	31
MtM	P01742	A0A075B5Y2	35	31
MtM	P01742	A0A075B5Y6	23	31
MtM	P01742	P01746	54	31
MtM	P01742	A0A075B5V5	49	31
MtM	P01742	P01753	16	31
MtM	P01742	A0A075B5V2	29	31
MtM	P01742	P01758	26	31
MtM	P01742	A0A075B5W3	11	31
MtM	P01742	A0A075B5T7	24	31
MtM	A0A0C4DH33	P01748	34	31
MtM	A0A0C4DH33	P03980	32	31
MtM	A0A0C4DH33	A0A075B5X5	39	31
MtM	A0A0C4DH33	A0A075B5T4	14	31
MtM	A0A0C4DH33	A0A075B5X3	47	31
MtM	A0A0C4DH33	P06327	42	31
MtM	A0A0C4DH33	A0A075B5W5	12	31
MtM	A0A0C4DH33	A0A075B5V0	20	31
MtM	A0A0C4DH33	P01749	2	31
MtM	A0A0C4DH33	A0A075B5W6	46	31
MtM	A0A0C4DH33	A0A075B5W1	16	31
MtM	A0A0C4DH33	P06328	33	31
MtM	A0A0C4DH33	A0A075B5U7	30	31
MtM	A0A0C4DH33	P01754	24	31
MtM	A0A0C4DH33	P01750	9	31
MtM	A0A0C4DH33	A0A075B5X2	22	31
MtM	A0A0C4DH33	A0A075B5Y2	44	31
MtM	A0A0C4DH33	A0A075B5Y6	18	31
MtM	A0A0C4DH33	P01746	51	31
MtM	A0A0C4DH33	A0A075B5V5	53	31
MtM	A0A0C4DH33	P01753	23	31
MtM	A0A0C4DH33	A0A075B5V2	26	31
MtM	A0A0C4DH33	P01758	21	31
MtM	A0A0C4DH33	A0A075B5W3	43	31
MtM	A0A0C4DH33	A0A075B5T7	19	31
MtM	A0A0C4DH29	P01748	18	31
MtM	A0A0C4DH29	P03980	60	31
MtM	A0A0C4DH29	A0A075B5X5	9	31
MtM	A0A0C4DH29	A0A075B5T4	13	31
MtM	A0A0C4DH29	A0A075B5X3	11	31
MtM	A0A0C4DH29	P06327	19	31
MtM	A0A0C4DH29	A0A075B5W5	15	31
MtM	A0A0C4DH29	A0A075B5V0	24	31
MtM	A0A0C4DH29	P01749	6	31
MtM	A0A0C4DH29	A0A075B5W6	14	31
MtM	A0A0C4DH29	A0A075B5W1	5	31
MtM	A0A0C4DH29	P06328	3	31
MtM	A0A0C4DH29	A0A075B5U7	34	31
MtM	A0A0C4DH29	P01754	10	31
MtM	A0A0C4DH29	P01750	2	31
MtM	A0A0C4DH29	A0A075B5X2	41	31
MtM	A0A0C4DH29	A0A075B5Y2	30	31
MtM	A0A0C4DH29	A0A075B5Y6	23	31
MtM	A0A0C4DH29	P01746	52	31
MtM	A0A0C4DH29	A0A075B5V5	57	31
MtM	A0A0C4DH29	P01753	4	31
MtM	A0A0C4DH29	A0A075B5V2	28	31
MtM	A0A0C4DH29	P01758	35	31
MtM	A0A0C4DH29	A0A075B5W3	7	31
MtM	A0A0C4DH29	A0A075B5T7	20	31
MtM	P23083	P01748	19	31
MtM	P23083	P03980	57	31
MtM	P23083	A0A075B5X5	12	31
MtM	P23083	A0A075B5T4	16	31
MtM	P23083	A0A075B5X3	10	31
MtM	P23083	P06327	20	31
MtM	P23083	A0A075B5W5	15	31
MtM	P23083	A0A075B5V0	26	31
MtM	P23083	P01749	4	31
MtM	P23083	A0A075B5W6	6	31
MtM	P23083	A0A075B5W1	3	31
MtM	P23083	P06328	7	31
MtM	P23083	A0A075B5U7	42	31
MtM	P23083	P01754	13	31
MtM	P23083	P01750	1	31
MtM	P23083	A0A075B5X2	38	31
MtM	P23083	A0A075B5Y2	34	31
MtM	P23083	A0A075B5Y6	24	31
MtM	P23083	P01746	55	31
MtM	P23083	A0A075B5V5	60	31
MtM	P23083	P01753	9	31
MtM	P23083	A0A075B5V2	31	31
MtM	P23083	P01758	35	31
MtM	P23083	A0A075B5W3	8	31
MtM	P23083	A0A075B5T7	23	31
MtM	A0A087WYE8	P01748	40	31
MtM	A0A087WYE8	P03980	24	31
MtM	A0A087WYE8	A0A075B5X5	57	31
MtM	A0A087WYE8	A0A075B5T4	27	31
MtM	A0A087WYE8	A0A075B5X3	59	31
MtM	A0A087WYE8	P06327	58	31
MtM	A0A087WYE8	A0A075B5W5	29	31
MtM	A0A087WYE8	A0A075B5V0	31	31
MtM	A0A087WYE8	P01749	23	31
MtM	A0A087WYE8	A0A075B5W6	76	31
MtM	A0A087WYE8	A0A075B5W1	46	31
MtM	A0A087WYE8	P06328	61	31
MtM	A0A087WYE8	A0A075B5U7	20	31
MtM	A0A087WYE8	P01754	54	31
MtM	A0A087WYE8	P01750	19	31
MtM	A0A087WYE8	A0A075B5X2	41	31
MtM	A0A087WYE8	A0A075B5Y2	37	31
MtM	A0A087WYE8	A0A075B5Y6	22	31
MtM	A0A087WYE8	P01746	43	31
MtM	A0A087WYE8	A0A075B5V5	60	31
MtM	A0A087WYE8	P01753	47	31
MtM	A0A087WYE8	A0A075B5V2	28	31
MtM	A0A087WYE8	P01758	34	31
MtM	A0A087WYE8	A0A075B5W3	55	31
MtM	A0A087WYE8	A0A075B5T7	16	31
MtM	P01743	P01748	17	31
MtM	P01743	P03980	60	31
MtM	P01743	A0A075B5X5	6	31
MtM	P01743	A0A075B5T4	16	31
MtM	P01743	A0A075B5X3	10	31
MtM	P01743	P06327	19	31
MtM	P01743	A0A075B5W5	14	31
MtM	P01743	A0A075B5V0	22	31
MtM	P01743	P01749	4	31
MtM	P01743	A0A075B5W6	5	31
MtM	P01743	A0A075B5W1	3	31
MtM	P01743	P06328	9	31
MtM	P01743	A0A075B5U7	37	31
MtM	P01743	P01754	13	31
MtM	P01743	P01750	2	31
MtM	P01743	A0A075B5X2	34	31
MtM	P01743	A0A075B5Y2	31	31
MtM	P01743	A0A075B5Y6	23	31
MtM	P01743	P01746	49	31
MtM	P01743	A0A075B5V5	54	31
MtM	P01743	P01753	11	31
MtM	P01743	A0A075B5V2	27	31
MtM	P01743	P01758	28	31
MtM	P01743	A0A075B5W3	8	31
MtM	P01743	A0A075B5T7	25	31
MtM	A0A0J9YVY3	P01748	15	31
MtM	A0A0J9YVY3	P03980	49	31
MtM	A0A0J9YVY3	A0A075B5X5	7	31
MtM	A0A0J9YVY3	A0A075B5T4	16	31
MtM	A0A0J9YVY3	A0A075B5X3	25	31
MtM	A0A0J9YVY3	P06327	9	31
MtM	A0A0J9YVY3	A0A075B5W5	2	31
MtM	A0A0J9YVY3	A0A075B5V0	30	31
MtM	A0A0J9YVY3	P01749	3	31
MtM	A0A0J9YVY3	A0A075B5W6	22	31
MtM	A0A0J9YVY3	A0A075B5W1	24	31
MtM	A0A0J9YVY3	P06328	23	31
MtM	A0A0J9YVY3	A0A075B5U7	42	31
MtM	A0A0J9YVY3	P01754	14	31
MtM	A0A0J9YVY3	P01750	13	31
MtM	A0A0J9YVY3	A0A075B5X2	19	31
MtM	A0A0J9YVY3	A0A075B5Y2	10	31
MtM	A0A0J9YVY3	A0A075B5Y6	11	31
MtM	A0A0J9YVY3	P01746	43	31
MtM	A0A0J9YVY3	A0A075B5V5	47	31
MtM	A0A0J9YVY3	P01753	17	31
MtM	A0A0J9YVY3	A0A075B5V2	26	31
MtM	A0A0J9YVY3	P01758	31	31
MtM	A0A0J9YVY3	A0A075B5W3	21	31
MtM	A0A0J9YVY3	A0A075B5T7	20	31
MtM	Q9UN72	Q91Y13	4	2
MtM	Q9UN72	Q91Y12	7	2
MtM	Q9Y5H5	Q91Y13	4	2
MtM	Q9Y5H5	Q91Y12	7	2
MtM	Q9UKJ1	Q2YFS1	2	3
MtM	Q9UKJ1	Q2YFS3	1	3
MtM	Q9UKJ1	Q2YFS2	3	3
MtM	Q9UKJ0	Q2YFS1	1	3
MtM	Q9UKJ0	Q2YFS3	3	3
MtM	Q9UKJ0	Q2YFS2	2	3
MtM	Q9UHF3	Q9QXS8	3	6
MtM	Q9UHF3	Q8CHQ9	8	6
MtM	Q9UHF3	Q9JIY7	2	6
MtM	Q9UHF3	Q9JIZ0	5	6
MtM	Q9UHF3	E0CYC6	1	6
MtM	Q9UHF3	G5E8L3	4	6
MtM	Q9UHE5	Q9QXS8	3	6
MtM	Q9UHE5	Q8CHQ9	8	6
MtM	Q9UHE5	Q9JIY7	6	6
MtM	Q9UHE5	Q9JIZ0	7	6
MtM	Q9UHE5	E0CYC6	2	6
MtM	Q9UHE5	G5E8L3	1	6
MtM	Q9UGN4	Q6SJQ0	1	4
MtM	Q9UGN4	Q7TSN2	7	4
MtM	Q08708	Q6SJQ0	4	4
MtM	Q08708	Q7TSN2	2	4
MtM	Q9UGN4	A2A7V7	3	4
MtM	Q9UGN4	Q7TSN2	7	4
MtM	Q08708	A2A7V7	1	4
MtM	Q08708	Q7TSN2	2	4
MtM	Q9P1Q5	Q7TRX2	1	2
MtM	Q9P1Q5	Q7TRX1	2	2
MtM	Q9Y585	Q7TRX2	1	2
MtM	Q9Y585	Q7TRX1	2	2
MtM	Q9N2J8	Q8BI41	2	2
MtM	Q9N2J8	Q5G5D5	1	2
MtM	Q9N2K0	Q8BI41	2	2
MtM	Q9N2K0	Q5G5D5	1	2
MtM	Q9HAW8	Q62452	1	3
MtM	Q9HAW8	D3Z748	6	3
MtM	Q9HAW8	Q6ZQM8	4	3
MtM	O60656	Q62452	1	3
MtM	O60656	D3Z748	2	3
MtM	O60656	Q6ZQM8	4	3
MtM	Q9HAW9	Q62452	1	3
MtM	Q9HAW9	D3Z748	3	3
MtM	Q9HAW9	Q6ZQM8	2	3
MtM	Q9HAW7	Q62452	1	3
MtM	Q9HAW7	D3Z748	3	3
MtM	Q9HAW7	Q6ZQM8	5	3
MtM	Q9BZM4	O08602	396	5
MtM	Q9BZM4	O08604	552	5
MtM	Q9BZM4	Q9JI58	436	5
MtM	Q9BZM4	O08603	429	5
MtM	Q9BZM4	Q9CZQ6	699	5
MtM	Q6H3X3	O08602	44	5
MtM	Q6H3X3	O08604	59	5
MtM	Q6H3X3	Q9JI58	39	5
MtM	Q6H3X3	O08603	45	5
MtM	Q6H3X3	Q9CZQ6	101	5
MtM	Q9BZM5	O08602	139	5
MtM	Q9BZM5	O08604	248	5
MtM	Q9BZM5	Q9JI58	172	5
MtM	Q9BZM5	O08603	162	5
MtM	Q9BZM5	Q9CZQ6	380	5
MtM	Q8TD07	O08602	94	5
MtM	Q8TD07	O08604	158	5
MtM	Q8TD07	Q9JI58	98	5
MtM	Q8TD07	O08603	95	5
MtM	Q8TD07	Q9CZQ6	244	5
MtM	Q9BZM6	O08602	531	5
MtM	Q9BZM6	O08604	695	5
MtM	Q9BZM6	Q9JI58	588	5
MtM	Q9BZM6	O08603	580	5
MtM	Q9BZM6	Q9CZQ6	854	5
MtM	Q5VY80	O08602	139	5
MtM	Q5VY80	O08604	238	5
MtM	Q5VY80	Q9JI58	166	5
MtM	Q5VY80	O08603	157	5
MtM	Q5VY80	Q9CZQ6	372	5
MtM	Q9BYR9	Q9D3H4	1	2
MtM	Q9BYR9	A0PK51	2	2
MtM	Q9BYU5	Q9D3H4	1	2
MtM	Q9BYU5	A0PK51	2	2
MtM	Q9BYT5	Q9D3H4	1	2
MtM	Q9BYT5	A0PK51	2	2
MtM	P0C7H8	Q9D3H4	1	2
MtM	P0C7H8	A0PK51	2	2
MtM	Q9BYR6	Q9D7P0	2	2
MtM	Q9BYR6	Q9D638	1	2
MtM	Q9BYR7	Q9D7P0	1	2
MtM	Q9BYR7	Q9D638	2	2
MtM	Q9BYQ0	A2A4M2	4	2
MtM	Q9BYQ0	Q64526	3	2
MtM	Q9BYQ3	A2A4M2	4	2
MtM	Q9BYQ3	Q64526	3	2
MtM	Q9BYQ2	A2A4M2	4	2
MtM	Q9BYQ2	Q64526	3	2
MtM	A8MVA2	A2A4M2	4	2
MtM	A8MVA2	Q64526	3	2
MtM	Q9BYQ4	A2A4M2	4	2
MtM	Q9BYQ4	Q64526	3	2
MtM	A0A140TA67	A2A4M2	4	2
MtM	A0A140TA67	Q64526	2	2
MtM	A8MXZ3	A2A4M2	3	2
MtM	A8MXZ3	Q64526	4	2
MtM	A8MTY7	A2A4M2	4	2
MtM	A8MTY7	Q64526	3	2
MtM	Q9BYP9	A2A4M2	4	2
MtM	Q9BYP9	Q64526	3	2
MtM	Q9BXY8	Q9WTZ8	2	2
MtM	Q9BXY8	Q9R224	1	2
MtM	Q9HBH7	Q9WTZ8	2	2
MtM	Q9HBH7	Q9R224	1	2
MtM	Q9BPW4	B2RT54	30	5
MtM	Q9BPW4	Q3UZ24	83	5
MtM	Q9BPW4	B1AQP7	122	5
MtM	Q9BPW4	A2VDH7	250	5
MtM	Q9BPW4	Q8C6E1	16	5
MtM	O95236	B2RT54	8	10
MtM	O95236	Q3UZ24	33	10
MtM	O95236	B1AQP7	51	10
MtM	O95236	A2VDH7	183	10
MtM	O95236	Q8C6E1	7	10
MtM	O14791	B2RT54	134	10
MtM	O14791	Q3UZ24	558	10
MtM	O14791	B1AQP7	852	10
MtM	O14791	A2VDH7	1891	10
MtM	O14791	Q8C6E1	237	10
MtM	Q96RD0	E9PVZ7	6	2
MtM	Q96RD0	Q60886	2	2
MtM	Q8NGG8	E9PVZ7	34	2
MtM	Q8NGG8	Q60886	4	2
MtM	Q96R69	A0A286YE47	16	3
MtM	Q96R69	A0A288CFY5	24	3
MtM	Q96R69	A0A1L1SVB5	22	3
MtM	Q8NH21	A0A286YE47	19	3
MtM	Q8NH21	A0A288CFY5	32	3
MtM	Q8NH21	A0A1L1SVB5	30	3
MtM	Q8NGA8	A0A286YE47	16	3
MtM	Q8NGA8	A0A288CFY5	23	3
MtM	Q8NGA8	A0A1L1SVB5	20	3
MtM	Q96PP9	Q91Z40	5	2
MtM	Q96PP9	Q61107	1	2
MtM	Q8N8V2	Q91Z40	7	2
MtM	Q8N8V2	Q61107	5	2
MtM	Q96LA9	Q3KNA1	11	3
MtM	Q96LA9	Q3UG50	7	3
MtM	Q96LA9	Q3UG61	10	3
MtM	Q96LB1	Q3KNA1	12	3
MtM	Q96LB1	Q3UG50	4	3
MtM	Q96LB1	Q3UG61	7	3
MtM	Q96LB0	Q3KNA1	12	3
MtM	Q96LB0	Q3UG50	4	3
MtM	Q96LB0	Q3UG61	7	3
MtM	Q96LB2	Q3KNA1	9	3
MtM	Q96LB2	Q3UG50	8	3
MtM	Q96LB2	Q3UG61	11	3
MtM	Q8WWU7	Q80ZA0	2	2
MtM	Q8WWU7	O88310	1	2
MtM	Q8WWA0	Q80ZA0	1	2
MtM	Q8WWA0	O88310	2	2
MtM	Q8TD46	Q6XJV6	7	4
MtM	Q8TD46	Q9ES57	1	4
MtM	Q8TD46	Q8BTP3	3	4
MtM	Q8TD46	Q6XJV4	2	4
MtM	Q6Q8B3	Q6XJV6	3	4
MtM	Q6Q8B3	Q9ES57	4	4
MtM	Q6Q8B3	Q8BTP3	2	4
MtM	Q6Q8B3	Q6XJV4	1	4
MtM	Q8NHM4	Q792Y9	4	8
MtM	Q8NHM4	Q792Z1	1	8
MtM	Q8NHM4	Q792Z0	5	8
MtM	Q8NHM4	Q792Y8	3	8
MtM	Q8NHM4	P07146	7	8
MtM	Q8NHM4	Q9Z1R9	2	8
MtM	Q8NHM4	Q9R0T7	8	8
MtM	Q8NHM4	Q9QUK9	6	8
MtM	P07478	Q792Y9	5	8
MtM	P07478	Q792Z1	1	8
MtM	P07478	Q792Z0	6	8
MtM	P07478	Q792Y8	4	8
MtM	P07478	P07146	8	8
MtM	P07478	Q9Z1R9	7	8
MtM	P07478	Q9R0T7	3	8
MtM	P07478	Q9QUK9	2	8
MtM	P07477	Q792Y9	4	8
MtM	P07477	Q792Z1	1	8
MtM	P07477	Q792Z0	6	8
MtM	P07477	Q792Y8	5	8
MtM	P07477	P07146	8	8
MtM	P07477	Q9Z1R9	7	8
MtM	P07477	Q9R0T7	3	8
MtM	P07477	Q9QUK9	2	8
MtM	P35030	Q792Y9	1380	8
MtM	P35030	Q792Z1	2971	8
MtM	P35030	Q792Z0	1410	8
MtM	P35030	Q792Y8	2118	8
MtM	P35030	P07146	1665	8
MtM	P35030	Q9Z1R9	862	8
MtM	P35030	Q9R0T7	4964	8
MtM	P35030	Q9QUK9	3712	8
MtM	Q8NHB7	E9Q8F6	1	2
MtM	Q8NHB7	E9QAT7	2	2
MtM	Q8NHB8	E9Q8F6	4	2
MtM	Q8NHB8	E9QAT7	2	2
MtM	Q8NH90	Q8VF74	104	3
MtM	Q8NH90	Q8VF73	49	3
MtM	Q8NH90	Q8VF75	100	3
MtM	Q8NH89	Q8VF74	59	3
MtM	Q8NH89	Q8VF73	26	3
MtM	Q8NH89	Q8VF75	51	3
MtM	Q8NH87	A2ASV2	9	4
MtM	Q8NH87	Q7TR95	3	4
MtM	Q8NH87	Q8VFJ7	6	4
MtM	Q8NH87	Q7TR96	15	4
MtM	P0C7N8	A2ASV2	10	4
MtM	P0C7N8	Q7TR95	1	4
MtM	P0C7N8	Q8VFJ7	2	4
MtM	P0C7N8	Q7TR96	6	4
MtM	Q8NH83	Q8VGM8	151	7
MtM	Q8NH83	Q8VG59	93	7
MtM	Q8NH83	Q7TQZ6	56	7
MtM	Q8NH83	A2AUA2	27	7
MtM	Q8NH83	A2AT78	61	7
MtM	Q8NH83	Q7TQZ3	37	7
MtM	Q8NH83	Q8VFB1	64	7
MtM	P0C604	Q8VGM8	154	7
MtM	P0C604	Q8VG59	123	7
MtM	P0C604	Q7TQZ6	45	7
MtM	P0C604	A2AUA2	30	7
MtM	P0C604	A2AT78	99	7
MtM	P0C604	Q7TQZ3	49	7
MtM	P0C604	Q8VFB1	83	7
MtM	Q8NH74	Q8VFZ5	2	4
MtM	Q8NH74	Q8VFZ4	3	4
MtM	Q8NH74	Q7TRU4	5	4
MtM	Q8NH74	Q8VEW1	9	4
MtM	P58181	Q8VFZ5	1	4
MtM	P58181	Q8VFZ4	5	4
MtM	P58181	Q7TRU4	4	4
MtM	P58181	Q8VEW1	38	4
MtM	Q8NH00	Q8VGD9	2	6
MtM	Q8NH00	Q5NCD2	1	6
MtM	Q8NH00	Q5NC44	8	6
MtM	Q8NH00	Q5NCD3	4	6
MtM	Q8NH00	M9MMJ7	3	6
MtM	Q8NH02	Q8VGD9	1	6
MtM	Q8NH02	Q5NCD2	5	6
MtM	Q8NH02	Q5NC44	11	6
MtM	Q8NH02	Q5NCD3	2	6
MtM	Q8NH02	M9MMJ7	3	6
MtM	Q6IEZ7	Q8VGD9	1	6
MtM	Q6IEZ7	Q5NCD2	5	6
MtM	Q6IEZ7	Q5NC44	10	6
MtM	Q6IEZ7	Q5NCD3	3	6
MtM	Q6IEZ7	M9MMJ7	2	6
MtM	Q8NGR2	Q8VFT2	41	2
MtM	Q8NGR2	A0A140T8Q2	78	2
MtM	Q8NGR5	Q8VFT2	2	2
MtM	Q8NGR5	A0A140T8Q2	1	2
MtM	Q8NGP2	Q7TR80	3	3
MtM	Q8NGP2	Q7TR75	1	3
MtM	Q8NGP2	Q7TR71	2	3
MtM	Q8NGG0	Q7TR80	3	3
MtM	Q8NGG0	Q7TR75	1	3
MtM	Q8NGG0	Q7TR71	2	3
MtM	Q8NGN3	Q8VH10	1	3
MtM	Q8NGN3	E9Q985	3	3
MtM	Q8NGN3	Q8VH08	2	3
MtM	Q8NGN4	Q8VH10	1	3
MtM	Q8NGN4	E9Q985	2	3
MtM	Q8NGN4	Q8VH08	3	3
MtM	Q8NGN6	Q8VH10	1	3
MtM	Q8NGN6	E9Q985	2	3
MtM	Q8NGN6	Q8VH08	3	3
MtM	Q8NG81	Q8VF87	1	2
MtM	Q8NG83	Q8VF87	2	2
MtM	Q96R28	Q8VF87	6	2
MtM	A3KFT3	Q8VF87	1	2
MtM	Q8NFZ6	E9Q2N4	181	15
MtM	Q8NFZ6	E9Q0V3	162	15
MtM	Q8NFZ6	A0A3B2W3R4	10	15
MtM	Q8NFZ6	Q8R2A9	134	15
MtM	Q8NFZ6	E9PWK2	203	15
MtM	Q8NFZ6	Q8K4I0	191	15
MtM	Q8NFZ6	G5E8C1	291	15
MtM	Q8NFZ6	Q8R2A5	174	15
MtM	Q8NFZ6	Q8VIC0	194	15
MtM	Q8NFZ6	Q8R2A8	156	15
MtM	Q8NFZ6	Q8VIC1	185	15
MtM	Q8NFZ6	A2RTT5	8	15
MtM	Q8NFZ6	Q8R299	196	15
MtM	Q8NFZ6	Q8R2A7	12	15
MtM	Q7Z5H5	E9Q2N4	23	15
MtM	Q7Z5H5	E9Q0V3	11	15
MtM	Q7Z5H5	A0A3B2W3R4	34	15
MtM	Q7Z5H5	Q8R2A9	8	15
MtM	Q7Z5H5	E9PWK2	19	15
MtM	Q7Z5H5	Q8K4I0	10	15
MtM	Q7Z5H5	G5E8C1	14	15
MtM	Q7Z5H5	Q8R2A5	17	15
MtM	Q7Z5H5	Q8VIC0	7	15
MtM	Q7Z5H5	Q8R2A8	26	15
MtM	Q7Z5H5	Q8VIC1	9	15
MtM	Q7Z5H5	A2RTT5	131	15
MtM	Q7Z5H5	Q8R299	16	15
MtM	Q7Z5H5	Q8R2A7	57	15
MtM	Q8NFP7	P0C028	1	2
MtM	Q8NFP7	P0C027	1	2
MtM	Q96G61	P0C028	1	2
MtM	Q96G61	P0C027	1	2
MtM	Q8NCU7	E9Q861	1	2
MtM	Q8NCU7	Q80XU5	2	2
MtM	A6NLJ0	E9Q861	1	2
MtM	A6NLJ0	Q80XU5	2	2
MtM	Q8N4P2	A2AKQ8	1	3
MtM	Q8N4P2	Q99J38	2	3
MtM	Q8N4P2	Q9CY00	3	3
MtM	Q86WT1	A2AKQ8	3	3
MtM	Q86WT1	Q99J38	1	3
MtM	Q86WT1	Q9CY00	2	3
MtM	Q8N162	A0A1L1SUP2	6	4
MtM	Q8N162	Q8VFM1	7	4
MtM	Q8N162	Q8VG37	2	4
MtM	Q8N162	A2AVA9	22	4
MtM	Q8N146	A0A1L1SUP2	3	4
MtM	Q8N146	Q8VFM1	1	4
MtM	Q8N146	Q8VG37	10	4
MtM	Q8N146	A2AVA9	7	4
MtM	Q8NGG4	A0A1L1SUP2	4	4
MtM	Q8NGG4	Q8VFM1	1	4
MtM	Q8NGG4	Q8VG37	8	4
MtM	Q8NGG4	A2AVA9	13	4
MtM	Q8IZJ0	Q8CGK6	2	2
MtM	Q8IZJ0	Q4VK74	1	2
MtM	Q8IU54	Q8CGK6	2	2
MtM	Q8IU54	Q4VK74	1	2
MtM	Q8IZI9	Q8CGK6	2	2
MtM	Q8IZI9	Q4VK74	1	2
MtM	Q8IYM2	Q3UV66	1	2
MtM	Q8IYM2	A0A1L1STQ7	2	2
MtM	Q6IEE8	Q3UV66	1	2
MtM	Q6IEE8	A0A1L1STQ7	3	2
MtM	Q8IVM8	B2RT89	2	5
MtM	Q8IVM8	Q96LX3	1	5
MtM	Q8IVM8	Q76M72	4	5
MtM	Q8IVM8	Q8BWG6	5	5
MtM	Q8IVM8	Q8VCA0	3	5
MtM	Q6T423	B2RT89	2	5
MtM	Q6T423	Q96LX3	3	5
MtM	Q6T423	Q76M72	4	5
MtM	Q6T423	Q8BWG6	5	5
MtM	Q6T423	Q8VCA0	1	5
MtM	Q63ZE4	B2RT89	3	5
MtM	Q63ZE4	Q96LX3	2	5
MtM	Q63ZE4	Q76M72	5	5
MtM	Q63ZE4	Q8BWG6	6	5
MtM	Q63ZE4	Q8VCA0	1	5
MtM	Q86TX2	Q9QYR7	5	4
MtM	Q86TX2	Q6Q2Z6	1	4
MtM	P49753	Q9QYR7	2	4
MtM	P49753	Q6Q2Z6	4	4
MtM	Q7Z5Y6	P34821	1	2
MtM	Q7Z5Y6	P55105	2	2
MtM	P34820	P34821	1	2
MtM	P34820	P55105	2	2
MtM	Q7Z5H4	Q9EPB8	753	42
MtM	Q7Z5H4	H3BKW5	3746	42
MtM	Q7Z5H4	Q9EQ41	3778	42
MtM	Q7Z5H4	Q8VIC9	254	42
MtM	Q7Z5H4	Q8R2D1	4043	42
MtM	Q7Z5H4	Q8VIC6	730	42
MtM	Q7Z5H4	Q8R2D9	5723	42
MtM	Q7Z5H4	Q9EP51	1202	42
MtM	Q7Z5H4	G5E8G1	3159	42
MtM	Q7Z5H4	E9Q8T0	3136	42
MtM	Q7Z5H4	Q9EQ52	3678	42
MtM	Q7Z5H4	H3BJ46	4057	42
MtM	Q7Z5H4	Q8VBS7	852	42
MtM	Q7Z5H4	A2RST7	4724	42
MtM	Q7Z5H4	Q8R2D4	5021	42
MtM	Q7Z5H4	K7N775	5307	42
MtM	Q7Z5H4	Q9EQ51	2748	42
MtM	Q7Z5H4	Q9EP93	1858	42
MtM	Q7Z5H4	Q8VIC7	1660	42
MtM	Q7Z5H4	Q8R2C8	3610	42
MtM	Q7Z5H4	Q3SXA2	5792	42
MtM	Q7Z5H4	Q9EQ44	1627	42
MtM	Q7Z5H4	Q9EQ47	1897	42
MtM	Q7Z5H4	Q8R2D6	4238	42
MtM	Q7Z5H4	Q8R2C2	4811	42
MtM	Q7Z5H4	Q8R2C6	3647	42
MtM	Q7Z5H4	Q8R2D3	5737	42
MtM	Q7Z5H4	Q9EQ46	1485	42
MtM	Q7Z5H4	Q8R2D8	3923	42
MtM	Q7Z5H4	Q8R2C9	3458	42
MtM	Q7Z5H4	Q8R2E6	1603	42
MtM	Q7Z5H4	Q8R2D2	3821	42
MtM	Q7Z5H4	B2RQT2	2085	42
MtM	Q7Z5H4	Q9WUF1	829	42
MtM	Q7Z5H4	H3BLP0	3069	42
MtM	Q7Z5H4	W4VSP8	2608	42
MtM	Q7Z5H4	Q14C10	4553	42
MtM	Q7Z5H4	Q9EQ45	867	42
MtM	Q7Z5H4	Q9EP79	1540	42
MtM	Q7Z5H4	E9PVR6	1644	42
MtM	Q7Z5H4	Q8R2C7	2589	42
MtM	Q8TDU5	Q9EPB8	4	42
MtM	Q8TDU5	H3BKW5	66	42
MtM	Q8TDU5	Q9EQ41	60	42
MtM	Q8TDU5	Q8VIC9	1	42
MtM	Q8TDU5	Q8R2D1	57	42
MtM	Q8TDU5	Q8VIC6	8	42
MtM	Q8TDU5	Q8R2D9	204	42
MtM	Q8TDU5	Q9EP51	6	42
MtM	Q8TDU5	G5E8G1	45	42
MtM	Q8TDU5	E9Q8T0	56	42
MtM	Q8TDU5	Q9EQ52	77	42
MtM	Q8TDU5	H3BJ46	123	42
MtM	Q8TDU5	Q8VBS7	5	42
MtM	Q8TDU5	A2RST7	168	42
MtM	Q8TDU5	Q8R2D4	183	42
MtM	Q8TDU5	K7N775	190	42
MtM	Q8TDU5	Q9EQ51	24	42
MtM	Q8TDU5	Q9EP93	16	42
MtM	Q8TDU5	Q8VIC7	19	42
MtM	Q8TDU5	Q8R2C8	39	42
MtM	Q8TDU5	Q3SXA2	220	42
MtM	Q8TDU5	Q9EQ44	14	42
MtM	Q8TDU5	Q9EQ47	18	42
MtM	Q8TDU5	Q8R2D6	153	42
MtM	Q8TDU5	Q8R2C2	167	42
MtM	Q8TDU5	Q8R2C6	48	42
MtM	Q8TDU5	Q8R2D3	212	42
MtM	Q8TDU5	Q9EQ46	12	42
MtM	Q8TDU5	Q8R2D8	97	42
MtM	Q8TDU5	Q8R2C9	34	42
MtM	Q8TDU5	Q8R2E6	40	42
MtM	Q8TDU5	Q8R2D2	75	42
MtM	Q8TDU5	B2RQT2	17	42
MtM	Q8TDU5	Q9WUF1	7	42
MtM	Q8TDU5	H3BLP0	25	42
MtM	Q8TDU5	W4VSP8	31	42
MtM	Q8TDU5	Q14C10	133	42
MtM	Q8TDU5	Q9EQ45	9	42
MtM	Q8TDU5	Q9EP79	13	42
MtM	Q8TDU5	E9PVR6	46	42
MtM	Q8TDU5	Q8R2C7	15	42
MtM	Q6ZU69	C0HKD3	2	4
MtM	Q6ZU69	D3YZF6	1	4
MtM	Q6ZU69	C0HKD1	2	4
MtM	Q6ZU69	C0HKD2	2	4
MtM	Q63HN1	C0HKD3	1	4
MtM	Q63HN1	D3YZF6	4	4
MtM	Q63HN1	C0HKD1	1	4
MtM	Q63HN1	C0HKD2	1	4
MtM	Q6ZRP0	D3YWX5	4	3
MtM	Q6ZRP0	G3UW32	1	3
MtM	Q6ZRP0	Q9CWP9	5	3
MtM	Q6ZRT6	D3YWX5	38	3
MtM	Q6ZRT6	G3UW32	13	3
MtM	Q6ZRT6	Q9CWP9	32	3
MtM	A6NEV1	D3YWX5	2	3
MtM	A6NEV1	G3UW32	1	3
MtM	A6NEV1	Q9CWP9	3	3
MtM	Q6PI73	F6PZL4	21	5
MtM	Q6PI73	E9Q1Z6	19	5
MtM	Q6PI73	A0A0B4J1F3	16	5
MtM	Q6PI73	P97484	24	5
MtM	Q6PI73	F8VQ94	20	5
MtM	P59901	F6PZL4	3	5
MtM	P59901	E9Q1Z6	2	5
MtM	P59901	A0A0B4J1F3	1	5
MtM	P59901	P97484	4	5
MtM	P59901	F8VQ94	5	5
MtM	Q8N423	F6PZL4	9	5
MtM	Q8N423	E9Q1Z6	8	5
MtM	Q8N423	A0A0B4J1F3	6	5
MtM	Q8N423	P97484	1	5
MtM	Q8N423	F8VQ94	15	5
MtM	Q8NHL6	F6PZL4	8	5
MtM	Q8NHL6	E9Q1Z6	7	5
MtM	Q8NHL6	A0A0B4J1F3	5	5
MtM	Q8NHL6	P97484	1	5
MtM	Q8NHL6	F8VQ94	12	5
MtM	O75022	F6PZL4	36	5
MtM	O75022	E9Q1Z6	30	5
MtM	O75022	A0A0B4J1F3	24	5
MtM	O75022	P97484	19	5
MtM	O75022	F8VQ94	34	5
MtM	O75023	F6PZL4	7	5
MtM	O75023	E9Q1Z6	6	5
MtM	O75023	A0A0B4J1F3	5	5
MtM	O75023	P97484	1	5
MtM	O75023	F8VQ94	8	5
MtM	Q6IFH4	Q8VGU4	3	3
MtM	Q6IFH4	Q7TQS4	2	3
MtM	Q6IFH4	Q8VGU5	1	3
MtM	Q8NGW1	Q8VGU4	5	3
MtM	Q8NGW1	Q7TQS4	3	3
MtM	Q8NGW1	Q8VGU5	2	3
MtM	Q6IFG1	A0A1B0GSE1	1	2
MtM	Q6IFG1	A0A1B0GSN5	2	2
MtM	Q96RD3	A0A1B0GSE1	4	2
MtM	Q96RD3	A0A1B0GSN5	15	2
MtM	Q6IEU7	A2ASU6	1	2
MtM	Q6IEU7	L7MTT3	2	2
MtM	Q8NGP8	A2ASU6	1	2
MtM	Q8NGP8	L7MTT3	2	2
MtM	Q68D06	B1ARD8	2	2
MtM	Q68D06	B1ARD6	1	2
MtM	Q7Z7L1	B1ARD8	2	2
MtM	Q7Z7L1	B1ARD6	1	2
MtM	Q5VU92	Q8CBW4	1	2
MtM	Q5VU92	Q8BGW4	2	2
MtM	Q5VW00	Q8CBW4	2	2
MtM	Q5VW00	Q8BGW4	1	2
MtM	Q5H9L2	Q9DB24	1	3
MtM	Q5H9L2	Q8CCT4	2	3
MtM	Q5H9L2	Q8R0A5	3	3
MtM	Q969E4	Q9DB24	1	3
MtM	Q969E4	Q8CCT4	2	3
MtM	Q969E4	Q8R0A5	3	3
MtM	Q6IPX3	Q9DB24	1	3
MtM	Q6IPX3	Q8CCT4	2	3
MtM	Q6IPX3	Q8R0A5	3	3
MtM	Q4VXA5	Q3UWR2	2	3
MtM	Q4VXA5	Q4KL78	1	3
MtM	Q4VXA5	P0C7A0	17	3
MtM	Q5JSQ8	Q3UWR2	140	3
MtM	Q5JSQ8	Q4KL78	131	3
MtM	Q5JSQ8	P0C7A0	1	3
MtM	Q3SY77	Q8JZZ0	2	2
MtM	Q3SY77	Q3UP75	1	2
MtM	Q6NUS8	Q8JZZ0	1	2
MtM	Q6NUS8	Q3UP75	2	2
MtM	Q3SY46	Q8K198	4	6
MtM	Q3SY46	Q9D6S9	1	6
MtM	Q3LI77	Q8K198	4	6
MtM	Q3LI77	Q9D6S9	1	6
MtM	Q8IUC0	Q8K198	5	6
MtM	Q8IUC0	Q9D6S9	7	6
MtM	Q52LG2	Q8K198	6	6
MtM	Q52LG2	Q9D6S9	7	6
MtM	Q3LI77	Q9D6T8	6	6
MtM	Q3LI77	Q9D746	9	6
MtM	Q3LI77	O88375	5	6
MtM	Q3LI77	A0A571BEP9	7	6
MtM	Q52LG2	Q9D6T8	1	6
MtM	Q52LG2	Q9D746	3	6
MtM	Q52LG2	O88375	4	6
MtM	Q52LG2	A0A571BEP9	2	6
MtM	Q3SY46	Q9D6T8	7	6
MtM	Q3SY46	Q9D746	9	6
MtM	Q3SY46	O88375	5	6
MtM	Q3SY46	A0A571BEP9	6	6
MtM	Q8IUC0	Q9D6T8	1	6
MtM	Q8IUC0	Q9D746	3	6
MtM	Q8IUC0	O88375	4	6
MtM	Q8IUC0	A0A571BEP9	2	6
MtM	Q16696	P15392	2	2
MtM	Q16696	P20852	1	2
MtM	P11509	P15392	2	2
MtM	P11509	P20852	1	2
MtM	Q16666	D0QMC3	1	4
MtM	Q16666	P0DOV1	4	4
MtM	Q16666	Q8CGE8	6	4
MtM	Q16666	P0DOV2	5	4
MtM	P41218	D0QMC3	8	4
MtM	P41218	P0DOV1	4	4
MtM	P41218	Q8CGE8	3	4
MtM	P41218	P0DOV2	7	4
MtM	Q6K0P9	D0QMC3	2	4
MtM	Q6K0P9	P0DOV1	3	4
MtM	Q6K0P9	Q8CGE8	1	4
MtM	Q6K0P9	P0DOV2	13	4
MtM	Q16663	P51670	2	2
MtM	Q16663	P27784	1	2
MtM	P55773	P51670	2	2
MtM	P55773	P27784	1	2
MtM	Q16385	Q6XAR7	5	13
MtM	Q16385	Q6XAS4	8	13
MtM	Q16385	A2AHC8	4	13
MtM	Q16385	B1AY40	7	13
MtM	Q16385	A2BI74	10	13
MtM	Q16385	Q9CPU1	11	13
MtM	Q16385	Q6XAS3	13	13
MtM	Q16385	A2AHC7	12	13
MtM	Q16385	Q6XAS2	6	13
MtM	Q16385	A2BI73	9	13
MtM	Q7RTT5	Q6XAR7	4	13
MtM	Q7RTT5	Q6XAS4	8	13
MtM	Q7RTT5	A2AHC8	5	13
MtM	Q7RTT5	B1AY40	7	13
MtM	Q7RTT5	A2BI74	9	13
MtM	Q7RTT5	Q9CPU1	11	13
MtM	Q7RTT5	Q6XAS3	13	13
MtM	Q7RTT5	A2AHC7	12	13
MtM	Q7RTT5	Q6XAS2	6	13
MtM	Q7RTT5	A2BI73	10	13
MtM	Q16384	Q6XAR7	6	13
MtM	Q16384	Q6XAS4	8	13
MtM	Q16384	A2AHC8	4	13
MtM	Q16384	B1AY40	7	13
MtM	Q16384	A2BI74	9	13
MtM	Q16384	Q9CPU1	11	13
MtM	Q16384	Q6XAS3	13	13
MtM	Q16384	A2AHC7	12	13
MtM	Q16384	Q6XAS2	5	13
MtM	Q16384	A2BI73	10	13
MtM	Q7RTT6	Q6XAR7	4	13
MtM	Q7RTT6	Q6XAS4	8	13
MtM	Q7RTT6	A2AHC8	5	13
MtM	Q7RTT6	B1AY40	7	13
MtM	Q7RTT6	A2BI74	10	13
MtM	Q7RTT6	Q9CPU1	11	13
MtM	Q7RTT6	Q6XAS3	13	13
MtM	Q7RTT6	A2AHC7	12	13
MtM	Q7RTT6	Q6XAS2	6	13
MtM	Q7RTT6	A2BI73	9	13
MtM	O60224	Q6XAR7	4	13
MtM	O60224	Q6XAS4	9	13
MtM	O60224	A2AHC8	5	13
MtM	O60224	B1AY40	7	13
MtM	O60224	A2BI74	11	13
MtM	O60224	Q9CPU1	10	13
MtM	O60224	Q6XAS3	13	13
MtM	O60224	A2AHC7	12	13
MtM	O60224	Q6XAS2	6	13
MtM	O60224	A2BI73	8	13
MtM	O60225	Q6XAR7	2	13
MtM	O60225	Q6XAS4	7	13
MtM	O60225	A2AHC8	8	13
MtM	O60225	B1AY40	6	13
MtM	O60225	A2BI74	10	13
MtM	O60225	Q9CPU1	11	13
MtM	O60225	Q6XAS3	13	13
MtM	O60225	A2AHC7	12	13
MtM	O60225	Q6XAS2	4	13
MtM	O60225	A2BI73	9	13
MtM	Q7RTT3	Q6XAR7	4	13
MtM	Q7RTT3	Q6XAS4	8	13
MtM	Q7RTT3	A2AHC8	5	13
MtM	Q7RTT3	B1AY40	7	13
MtM	Q7RTT3	A2BI74	10	13
MtM	Q7RTT3	Q9CPU1	11	13
MtM	Q7RTT3	Q6XAS3	13	13
MtM	Q7RTT3	A2AHC7	12	13
MtM	Q7RTT3	Q6XAS2	6	13
MtM	Q7RTT3	A2BI73	9	13
MtM	Q99909	Q6XAR7	4	13
MtM	Q99909	Q6XAS4	8	13
MtM	Q99909	A2AHC8	5	13
MtM	Q99909	B1AY40	6	13
MtM	Q99909	A2BI74	10	13
MtM	Q99909	Q9CPU1	11	13
MtM	Q99909	Q6XAS3	13	13
MtM	Q99909	A2AHC7	12	13
MtM	Q99909	Q6XAS2	7	13
MtM	Q99909	A2BI73	9	13
MtM	Q7RTT4	Q6XAR7	4	13
MtM	Q7RTT4	Q6XAS4	8	13
MtM	Q7RTT4	A2AHC8	6	13
MtM	Q7RTT4	B1AY40	7	13
MtM	Q7RTT4	A2BI74	10	13
MtM	Q7RTT4	Q9CPU1	11	13
MtM	Q7RTT4	Q6XAS3	13	13
MtM	Q7RTT4	A2AHC7	12	13
MtM	Q7RTT4	Q6XAS2	5	13
MtM	Q7RTT4	A2BI73	9	13
MtM	Q15617	Q9EQ92	45	6
MtM	Q15617	Q9EQB5	51	6
MtM	Q15617	P34983	56	6
MtM	Q15617	Q9EQ90	47	6
MtM	Q15617	Q9EQB4	1	6
MtM	Q15617	Q9EQB8	19	6
MtM	Q8NG78	Q9EQ92	27	6
MtM	Q8NG78	Q9EQB5	7	6
MtM	Q8NG78	P34983	4	6
MtM	Q8NG78	Q9EQ90	6	6
MtM	Q8NG78	Q9EQB4	39	6
MtM	Q8NG78	Q9EQB8	31	6
MtM	Q14525	Q61765	3	3
MtM	Q14525	Q8K0Y2	1	3
MtM	Q14525	Q61897	2	3
MtM	O76009	Q61765	3	3
MtM	O76009	Q8K0Y2	1	3
MtM	O76009	Q61897	2	3
MtM	Q15323	Q61765	2	3
MtM	Q15323	Q8K0Y2	1	3
MtM	Q15323	Q61897	3	3
MtM	Q13607	Q7TRV7	3	3
MtM	Q13607	Q8VGP4	1	3
MtM	Q13607	Q7TRV8	2	3
MtM	O95006	Q7TRV7	3	3
MtM	O95006	Q8VGP4	1	3
MtM	O95006	Q7TRV8	2	3
MtM	Q08477	G3UW81	6	4
MtM	Q08477	Q9EP75	2	4
MtM	P78329	G3UW81	6	4
MtM	P78329	Q9EP75	1	4
MtM	Q05481	B8JJX8	3	3
MtM	Q05481	Q80VN4	30	3
MtM	Q05481	Q4QQP3	24	3
MtM	A8MQ14	B8JJX8	36	3
MtM	A8MQ14	Q80VN4	44	3
MtM	A8MQ14	Q4QQP3	15	3
MtM	A8MXY4	B8JJX8	10	3
MtM	A8MXY4	Q80VN4	43	3
MtM	A8MXY4	Q4QQP3	44	3
MtM	A6NN14	B8JJX8	9	3
MtM	A6NN14	Q80VN4	34	3
MtM	A6NN14	Q4QQP3	32	3
MtM	O43345	B8JJX8	35	3
MtM	O43345	Q80VN4	54	3
MtM	O43345	Q4QQP3	51	3
MtM	Q04828	P70694	1	2
MtM	Q04828	Q8VC77	3	2
MtM	P52895	P70694	1	2
MtM	P52895	Q8VC77	3	2
MtM	P42330	P70694	1	2
MtM	P42330	Q8VC77	2	2
MtM	P17516	P70694	2	2
MtM	P17516	Q8VC77	4	2
MtM	Q02928	O88833	1	3
MtM	Q02928	F8WGU9	3	3
MtM	Q02928	A2A8T1	2	3
MtM	Q5TCH4	O88833	2	3
MtM	Q5TCH4	F8WGU9	4	3
MtM	Q5TCH4	A2A8T1	1	3
MtM	Q01629	Q99J93	2	2
MtM	Q01629	Q9CQW9	1	2
MtM	Q01628	Q99J93	2	2
MtM	Q01628	Q9CQW9	1	2
MtM	C9JQL5	Q99J93	1	2
MtM	C9JQL5	Q9CQW9	2	2
MtM	P79483	P01915	2	3
MtM	P79483	P20040	1	3
MtM	P79483	P04230	3	3
MtM	P01911	P01915	2	3
MtM	P01911	P20040	1	3
MtM	P01911	P04230	3	3
MtM	Q30154	P01915	1	3
MtM	Q30154	P20040	2	3
MtM	Q30154	P04230	3	3
MtM	P13762	P01915	2	3
MtM	P13762	P20040	1	3
MtM	P13762	P04230	3	3
MtM	P59990	J3KMP7	1	5
MtM	P59990	F7CZ33	4	5
MtM	P59990	Q9Z287	2	5
MtM	P59990	J3QK64	3	5
MtM	P59990	A0A0A0MQA4	5	5
MtM	P59991	J3KMP7	3	5
MtM	P59991	F7CZ33	5	5
MtM	P59991	Q9Z287	1	5
MtM	P59991	J3QK64	2	5
MtM	P59991	A0A0A0MQA4	4	5
MtM	P59666	Q5G864	2	34
MtM	P59666	E9QLQ1	3	34
MtM	P59666	P50716	31	34
MtM	P59666	P28309	10	34
MtM	P59666	Q8C1P2	12	34
MtM	P59666	Q45VN2	20	34
MtM	P59666	Q5G866	17	34
MtM	P59666	P50708	30	34
MtM	P59666	P28311	13	34
MtM	P59666	D3Z0J0	9	34
MtM	P59666	P50705	27	34
MtM	P59666	P50706	19	34
MtM	P59666	P50713	23	34
MtM	P59666	P28310	29	34
MtM	P59666	E9QPZ2	22	34
MtM	P59666	Q8C1N8	6	34
MtM	P59666	P50711	28	34
MtM	P59666	P28312	5	34
MtM	P59666	K9J724	8	34
MtM	P59666	Q5G865	21	34
MtM	P59666	L7N231	4	34
MtM	P59666	P11477	15	34
MtM	P59666	P50714	26	34
MtM	P59666	P17533	236	34
MtM	P59666	Q64016	14	34
MtM	P59666	P50712	16	34
MtM	P59666	P50707	25	34
MtM	P59666	Q64263	32	34
MtM	P59666	D3YX02	1	34
MtM	P59666	Q3L180	7	34
MtM	P59666	D3Z1V9	11	34
MtM	P59666	P50709	18	34
MtM	P59666	P50704	24	34
MtM	P59665	Q5G864	2	34
MtM	P59665	E9QLQ1	3	34
MtM	P59665	P50716	31	34
MtM	P59665	P28309	10	34
MtM	P59665	Q8C1P2	12	34
MtM	P59665	Q45VN2	20	34
MtM	P59665	Q5G866	17	34
MtM	P59665	P50708	30	34
MtM	P59665	P28311	13	34
MtM	P59665	D3Z0J0	9	34
MtM	P59665	P50705	27	34
MtM	P59665	P50706	19	34
MtM	P59665	P50713	23	34
MtM	P59665	P28310	29	34
MtM	P59665	E9QPZ2	22	34
MtM	P59665	Q8C1N8	6	34
MtM	P59665	P50711	28	34
MtM	P59665	P28312	4	34
MtM	P59665	K9J724	7	34
MtM	P59665	Q5G865	21	34
MtM	P59665	L7N231	5	34
MtM	P59665	P11477	15	34
MtM	P59665	P50714	26	34
MtM	P59665	P17533	294	34
MtM	P59665	Q64016	14	34
MtM	P59665	P50712	16	34
MtM	P59665	P50707	25	34
MtM	P59665	Q64263	36	34
MtM	P59665	D3YX02	1	34
MtM	P59665	Q3L180	8	34
MtM	P59665	D3Z1V9	11	34
MtM	P59665	P50709	18	34
MtM	P59665	P50704	24	34
MtM	Q01523	Q5G864	26	34
MtM	Q01523	E9QLQ1	2	34
MtM	Q01523	P50716	131	34
MtM	Q01523	P28309	5	34
MtM	Q01523	Q8C1P2	25	34
MtM	Q01523	Q45VN2	28	34
MtM	Q01523	Q5G866	4	34
MtM	Q01523	P50708	21	34
MtM	Q01523	P28311	7	34
MtM	Q01523	D3Z0J0	9	34
MtM	Q01523	P50705	16	34
MtM	Q01523	P50706	30	34
MtM	Q01523	P50713	13	34
MtM	Q01523	P28310	20	34
MtM	Q01523	E9QPZ2	8	34
MtM	Q01523	Q8C1N8	24	34
MtM	Q01523	P50711	18	34
MtM	Q01523	P28312	6	34
MtM	Q01523	K9J724	10	34
MtM	Q01523	Q5G865	11	34
MtM	Q01523	L7N231	19	34
MtM	Q01523	P11477	3	34
MtM	Q01523	P50714	15	34
MtM	Q01523	P17533	1132	34
MtM	Q01523	Q64016	29	34
MtM	Q01523	P50712	22	34
MtM	Q01523	P50707	14	34
MtM	Q01523	Q64263	102	34
MtM	Q01523	D3YX02	1	34
MtM	Q01523	Q3L180	23	34
MtM	Q01523	D3Z1V9	17	34
MtM	Q01523	P50709	27	34
MtM	Q01523	P50704	12	34
MtM	Q01524	Q5G864	1	34
MtM	Q01524	E9QLQ1	8	34
MtM	Q01524	P50716	31	34
MtM	Q01524	P28309	4	34
MtM	Q01524	Q8C1P2	9	34
MtM	Q01524	Q45VN2	15	34
MtM	Q01524	Q5G866	17	34
MtM	Q01524	P50708	28	34
MtM	Q01524	P28311	16	34
MtM	Q01524	D3Z0J0	12	34
MtM	Q01524	P50705	27	34
MtM	Q01524	P50706	22	34
MtM	Q01524	P50713	23	34
MtM	Q01524	P28310	29	34
MtM	Q01524	E9QPZ2	19	34
MtM	Q01524	Q8C1N8	3	34
MtM	Q01524	P50711	30	34
MtM	Q01524	P28312	10	34
MtM	Q01524	K9J724	11	34
MtM	Q01524	Q5G865	21	34
MtM	Q01524	L7N231	2	34
MtM	Q01524	P11477	13	34
MtM	Q01524	P50714	26	34
MtM	Q01524	P17533	126	34
MtM	Q01524	Q64016	18	34
MtM	Q01524	P50712	14	34
MtM	Q01524	P50707	25	34
MtM	Q01524	Q64263	32	34
MtM	Q01524	D3YX02	5	34
MtM	Q01524	Q3L180	7	34
MtM	Q01524	D3Z1V9	6	34
MtM	Q01524	P50709	20	34
MtM	Q01524	P50704	24	34
MtM	P51801	Q9WUB7	1	2
MtM	P51801	Q9WUB6	2	2
MtM	P51800	Q9WUB7	1	2
MtM	P51800	Q9WUB6	2	2
MtM	P49753	Q9QYR9	1	4
MtM	P49753	O55137	5	4
MtM	Q86TX2	Q9QYR9	6	4
MtM	Q86TX2	O55137	3	4
MtM	P48594	G3X9V8	1	4
MtM	P48594	Q6UKZ0	12	4
MtM	P48594	A2RSF9	17	4
MtM	P48594	Q9D1Q5	2	4
MtM	P29508	G3X9V8	1	4
MtM	P29508	Q6UKZ0	10	4
MtM	P29508	A2RSF9	18	4
MtM	P29508	Q9D1Q5	3	4
MtM	P43361	O89009	9	8
MtM	P43361	O89012	8	8
MtM	P43361	O89006	10	8
MtM	P43361	O89010	11	8
MtM	P43361	F2Z493	13	8
MtM	P43361	Q9R2A2	5	8
MtM	P43361	Q6T340	3	8
MtM	A6NCF6	O89009	6	8
MtM	A6NCF6	O89012	3	8
MtM	A6NCF6	O89006	1	8
MtM	A6NCF6	O89010	5	8
MtM	A6NCF6	F2Z493	4	8
MtM	A6NCF6	Q9R2A2	2	8
MtM	A6NCF6	Q6T340	7	8
MtM	P43364	O89009	7	8
MtM	P43364	O89012	4	8
MtM	P43364	O89006	1	8
MtM	P43364	O89010	2	8
MtM	P43364	F2Z493	5	8
MtM	P43364	Q9R2A2	3	8
MtM	P43364	Q6T340	6	8
MtM	P43363	O89009	4	8
MtM	P43363	O89012	6	8
MtM	P43363	O89006	11	8
MtM	P43363	O89010	9	8
MtM	P43363	F2Z493	10	8
MtM	P43363	Q9R2A2	8	8
MtM	P43363	Q6T340	3	8
MtM	P43358	O89009	8	8
MtM	P43358	O89012	11	8
MtM	P43358	O89006	12	8
MtM	P43358	O89010	10	8
MtM	P43358	F2Z493	14	8
MtM	P43358	Q9R2A2	7	8
MtM	P43358	Q6T340	5	8
MtM	P40199	Q925P2	2	2
MtM	P40199	P31809	1	2
MtM	P06731	Q925P2	2	2
MtM	P06731	P31809	1	2
MtM	P13688	Q925P2	2	2
MtM	P13688	P31809	1	2
MtM	P32456	Q9Z0E6	2	2
MtM	P32456	Q01514	1	2
MtM	Q9H0R5	Q9Z0E6	4	2
MtM	Q9H0R5	Q01514	2	2
MtM	P32455	Q9Z0E6	2	2
MtM	P32455	Q01514	1	2
MtM	P31025	A2BHR0	1	2
MtM	P31025	Q8K1H9	2	2
MtM	Q9NPH6	A2BHR0	1	2
MtM	Q9NPH6	Q8K1H9	2	2
MtM	Q9NY56	A2BHR0	1	2
MtM	Q9NY56	Q8K1H9	2	2
MtM	P30953	Q7TRX9	2	2
MtM	P47887	Q7TRX9	21	2
MtM	P26717	Q9WTJ9	422	3
MtM	P26717	Q9Z202	1	3
MtM	P26717	Q9QXN7	87	3
MtM	O43908	Q9WTJ9	6	3
MtM	O43908	Q9Z202	5	3
MtM	O43908	Q9QXN7	1	3
MtM	Q07444	Q9WTJ9	40	3
MtM	Q07444	Q9Z202	1	3
MtM	Q07444	Q9QXN7	5	3
MtM	P26715	Q9WTJ9	2949	3
MtM	P26715	Q9Z202	1	3
MtM	P26715	Q9QXN7	1074	3
MtM	P26439	O35469	4	7
MtM	P26439	Q61767	6	7
MtM	P26439	P26150	1	7
MtM	P26439	P26149	3	7
MtM	P26439	P24815	2	7
MtM	P26439	E9Q007	5	7
MtM	P26439	Q61694	7	7
MtM	P14060	O35469	3	7
MtM	P14060	Q61767	5	7
MtM	P14060	P26150	1	7
MtM	P14060	P26149	4	7
MtM	P14060	P24815	2	7
MtM	P14060	E9Q007	6	7
MtM	P14060	Q61694	7	7
MtM	P22310	P70691	3	2
MtM	P22310	B2RT14	2	2
MtM	P35503	P70691	3	2
MtM	P35503	B2RT14	1	2
MtM	P35504	P70691	3	2
MtM	P35504	B2RT14	1	2
MtM	P19961	P00687	1	2
MtM	P19961	P00688	2	2
MtM	P0DUB6	P00687	1	2
MtM	P0DUB6	P00688	2	2
MtM	P0DTE7	P00687	1	2
MtM	P0DTE7	P00688	2	2
MtM	P04746	P00687	1	2
MtM	P04746	P00688	2	2
MtM	P0DTE8	P00687	1	2
MtM	P0DTE8	P00688	2	2
MtM	P19875	P10889	2	2
MtM	P19875	Q6W5C0	18	2
MtM	P09341	P10889	2	2
MtM	P09341	Q6W5C0	15	2
MtM	P19876	P10889	2	2
MtM	P19876	Q6W5C0	13	2
MtM	P15538	Q3TG86	2	2
MtM	P15538	P15539	1	2
MtM	P19099	Q3TG86	2	2
MtM	P19099	P15539	1	2
MtM	P12724	Q923L7	8	9
MtM	P12724	P97425	1	9
MtM	P12724	Q923L6	5	9
MtM	P12724	Q8K196	2	9
MtM	P12724	O35290	3	9
MtM	P12724	F6YUX7	7	9
MtM	P12724	O35292	10	9
MtM	P12724	P97426	4	9
MtM	P12724	O35291	6	9
MtM	P10153	Q923L7	2	9
MtM	P10153	P97425	5	9
MtM	P10153	Q923L6	1	9
MtM	P10153	Q8K196	6	9
MtM	P10153	O35290	9	9
MtM	P10153	F6YUX7	7	9
MtM	P10153	O35292	8	9
MtM	P10153	P97426	3	9
MtM	P10153	O35291	4	9
MtM	P12318	P08508	2	2
MtM	P12318	P08101	1	2
MtM	P31995	P08508	4	2
MtM	P31995	P08101	1	2
MtM	P31994	P08508	3	2
MtM	P31994	P08101	1	2
MtM	P11712	Q91X77	4	5
MtM	P11712	P56654	2	5
MtM	P11712	P56655	6	5
MtM	P11712	P56656	3	5
MtM	P11712	Q64458	1	5
MtM	P33260	Q91X77	4	5
MtM	P33260	P56654	2	5
MtM	P33260	P56655	6	5
MtM	P33260	P56656	5	5
MtM	P33260	Q64458	1	5
MtM	P33261	Q91X77	3	5
MtM	P33261	P56654	2	5
MtM	P33261	P56655	6	5
MtM	P33261	P56656	4	5
MtM	P33261	Q64458	1	5
MtM	P0DX04	A2AF33	17	2
MtM	P0DX04	A2AF31	6	2
MtM	P0CG34	A2AF33	17	2
MtM	P0CG34	A2AF31	6	2
MtM	P0CG35	A2AF33	17	2
MtM	P0CG35	A2AF31	6	2
MtM	P0DUD4	Q8CDE8	2	2
MtM	P0DUD4	Q5IBH6	1	2
MtM	P0DTA3	Q8CDE8	2	2
MtM	P0DTA3	Q5IBH6	1	2
MtM	A0A494C191	Q8CDE8	2	2
MtM	A0A494C191	Q5IBH6	1	2
MtM	A0A494C0Z2	Q8CDE8	2	2
MtM	A0A494C0Z2	Q5IBH6	1	2
MtM	P0DUD1	Q8CDE8	2	2
MtM	P0DUD1	Q5IBH6	1	2
MtM	P0DUD3	Q8CDE8	2	2
MtM	P0DUD3	Q5IBH6	1	2
MtM	P0DUX1	Q8CDE8	2	2
MtM	P0DUX1	Q5IBH6	1	2
MtM	P0DUX0	Q8CDE8	2	2
MtM	P0DUX0	Q5IBH6	1	2
MtM	A6NLX3	Q8CDE8	1	2
MtM	A6NLX3	Q5IBH6	2	2
MtM	P0DUD2	Q8CDE8	2	2
MtM	P0DUD2	Q5IBH6	1	2
MtM	P0DTU4	P01852	1	4
MtM	P0DTU4	A0A075B5J4	2	4
MtM	P0DTU4	P01851	3	4
MtM	P01850	P01852	1	4
MtM	P01850	A0A075B5J4	3	4
MtM	P01850	P01851	2	4
MtM	A0A5B9	P01852	1	4
MtM	A0A5B9	A0A075B5J4	3	4
MtM	A0A5B9	P01851	2	4
MtM	P0DN82	Q920Z0	3	4
MtM	P0DN82	A0A2I3BRX0	5	4
MtM	P0DN82	Q920Y8	2	4
MtM	P0DN82	B2RT33	1	4
MtM	P58182	Q920Z0	3	4
MtM	P58182	A0A2I3BRX0	5	4
MtM	P58182	Q920Y8	2	4
MtM	P58182	B2RT33	1	4
MtM	P0DMV8	Q61696	2	2
MtM	P0DMV8	P17879	1	2
MtM	P0DMV9	Q61696	2	2
MtM	P0DMV9	P17879	1	2
MtM	P0DMU2	Q8VFN5	6	2
MtM	P0DMU2	Q9EQ96	16	2
MtM	Q6IF36	Q8VFN5	17	2
MtM	Q6IF36	Q9EQ96	20	2
MtM	P0DJI8	P05366	1	2
MtM	P0DJI8	P05367	2	2
MtM	P0DJI9	P05366	2	2
MtM	P0DJI9	P05367	1	2
MtM	P0CF51	P06334	5	6
MtM	P0CF51	A0A075B5Z2	2	6
MtM	P0CF51	P03985	3	6
MtM	P0CF51	P01853	1	6
MtM	P0CF51	A0A075B5Z0	4	6
MtM	P03986	P06334	5	6
MtM	P03986	A0A075B5Z2	4	6
MtM	P03986	P03985	1	6
MtM	P03986	P01853	2	6
MtM	P03986	A0A075B5Z0	3	6
MtM	P0C874	E9QA35	16	2
MtM	P0C874	E9QA57	14	2
MtM	Q6ZQQ2	E9QA35	13	2
MtM	Q6ZQQ2	E9QA57	14	2
MtM	Q6ZUB0	E9QA35	19	2
MtM	Q6ZUB0	E9QA57	15	2
MtM	P09923	F8VPQ6	4	4
MtM	P09923	P24822	2	4
MtM	P10696	F8VPQ6	4	4
MtM	P10696	P24822	2	4
MtM	P05187	F8VPQ6	4	4
MtM	P05187	P24822	2	4
MtM	P09914	Q64282	1	3
MtM	P09914	D3Z6F0	3	3
MtM	P09914	Q3U687	2	3
MtM	Q5T764	Q64282	1	3
MtM	Q5T764	D3Z6F0	3	3
MtM	Q5T764	Q3U687	2	3
MtM	P09210	P13745	6	5
MtM	P09210	E9Q6L7	2	5
MtM	P09210	Q6P8Q0	4	5
MtM	P09210	P10648	3	5
MtM	Q7RTV2	P13745	6	5
MtM	Q7RTV2	E9Q6L7	2	5
MtM	Q7RTV2	Q6P8Q0	5	5
MtM	Q7RTV2	P10648	4	5
MtM	Q16772	P13745	4	5
MtM	Q16772	E9Q6L7	1	5
MtM	Q16772	Q6P8Q0	5	5
MtM	Q16772	P10648	2	5
MtM	P08263	P13745	4	5
MtM	P08263	E9Q6L7	1	5
MtM	P08263	Q6P8Q0	5	5
MtM	P08263	P10648	3	5
MtM	P09093	A2A9U8	3	2
MtM	P09093	Q9CQ52	1	2
MtM	P08861	A2A9U8	3	2
MtM	P08861	Q9CQ52	1	2
MtM	P06310	A0A0B4J1H8	2	7
MtM	P06310	A0A0B4J1H9	7	7
MtM	P06310	A0A0B4J1H7	6	7
MtM	P06310	A0A140T8M8	8	7
MtM	A2NJV5	A0A0B4J1H8	2	7
MtM	A2NJV5	A0A0B4J1H9	6	7
MtM	A2NJV5	A0A0B4J1H7	5	7
MtM	A2NJV5	A0A140T8M8	8	7
MtM	A0A075B6S6	A0A0B4J1H8	3	7
MtM	A0A075B6S6	A0A0B4J1H9	6	7
MtM	A0A075B6S6	A0A0B4J1H7	5	7
MtM	A0A075B6S6	A0A140T8M8	7	7
MtM	A0A075B6S2	A0A0B4J1H8	2	7
MtM	A0A075B6S2	A0A0B4J1H9	6	7
MtM	A0A075B6S2	A0A0B4J1H7	5	7
MtM	A0A075B6S2	A0A140T8M8	7	7
MtM	P05451	Q08731	2	2
MtM	P05451	P43137	1	2
MtM	P48304	Q08731	2	2
MtM	P48304	P43137	1	2
MtM	P05187	F8VPQ6	4	4
MtM	P05187	P24823	1	4
MtM	P09923	F8VPQ6	4	4
MtM	P09923	P24823	1	4
MtM	P10696	F8VPQ6	4	4
MtM	P10696	P24823	1	4
MtM	P04439	P14427	4	12
MtM	P04439	P01897	2	12
MtM	P04439	P79568	9	12
MtM	P04439	Q4KN81	7	12
MtM	P04439	O19441	11	12
MtM	P04439	P01898	1	12
MtM	P04439	G3UXE9	13	12
MtM	P04439	P01901	3	12
MtM	P04439	P14430	8	12
MtM	P04439	P06339	10	12
MtM	P04439	Q8HWB2	18	12
MtM	P04439	P14429	5	12
MtM	P30511	P14427	4	12
MtM	P30511	P01897	1	12
MtM	P30511	P79568	9	12
MtM	P30511	Q4KN81	6	12
MtM	P30511	O19441	11	12
MtM	P30511	P01898	2	12
MtM	P30511	G3UXE9	13	12
MtM	P30511	P01901	3	12
MtM	P30511	P14430	8	12
MtM	P30511	P06339	10	12
MtM	P30511	Q8HWB2	14	12
MtM	P30511	P14429	5	12
MtM	P17693	P14427	4	12
MtM	P17693	P01897	1	12
MtM	P17693	P79568	9	12
MtM	P17693	Q4KN81	6	12
MtM	P17693	O19441	11	12
MtM	P17693	P01898	2	12
MtM	P17693	G3UXE9	13	12
MtM	P17693	P01901	3	12
MtM	P17693	P14430	7	12
MtM	P17693	P06339	10	12
MtM	P17693	Q8HWB2	14	12
MtM	P17693	P14429	5	12
MtM	P10321	P14427	3	12
MtM	P10321	P01897	1	12
MtM	P10321	P79568	8	12
MtM	P10321	Q4KN81	6	12
MtM	P10321	O19441	11	12
MtM	P10321	P01898	2	12
MtM	P10321	G3UXE9	12	12
MtM	P10321	P01901	4	12
MtM	P10321	P14430	7	12
MtM	P10321	P06339	10	12
MtM	P10321	Q8HWB2	14	12
MtM	P10321	P14429	5	12
MtM	P01889	P14427	4	12
MtM	P01889	P01897	1	12
MtM	P01889	P79568	9	12
MtM	P01889	Q4KN81	6	12
MtM	P01889	O19441	11	12
MtM	P01889	P01898	2	12
MtM	P01889	G3UXE9	12	12
MtM	P01889	P01901	3	12
MtM	P01889	P14430	8	12
MtM	P01889	P06339	10	12
MtM	P01889	Q8HWB2	15	12
MtM	P01889	P14429	5	12
MtM	P13747	P14427	1	12
MtM	P13747	P01897	7	12
MtM	P13747	P79568	6	12
MtM	P13747	Q4KN81	8	12
MtM	P13747	O19441	11	12
MtM	P13747	P01898	5	12
MtM	P13747	G3UXE9	13	12
MtM	P13747	P01901	2	12
MtM	P13747	P14430	3	12
MtM	P13747	P06339	10	12
MtM	P13747	Q8HWB2	14	12
MtM	P13747	P14429	4	12
MtM	P01893	P14427	3	12
MtM	P01893	P01897	1	12
MtM	P01893	P79568	9	12
MtM	P01893	Q4KN81	7	12
MtM	P01893	O19441	11	12
MtM	P01893	P01898	2	12
MtM	P01893	G3UXE9	12	12
MtM	P01893	P01901	4	12
MtM	P01893	P14430	6	12
MtM	P01893	P06339	10	12
MtM	P01893	Q8HWB2	14	12
MtM	P01893	P14429	5	12
MtM	P04432	A0A140T8P9	87	4
MtM	P04432	P01637	111	4
MtM	P04432	A0A075B5K0	32	4
MtM	P04432	P01638	96	4
MtM	P01594	A0A140T8P9	70	4
MtM	P01594	P01637	94	4
MtM	P01594	A0A075B5K0	16	4
MtM	P01594	P01638	82	4
MtM	A0A075B6S4	A0A140T8P9	42	4
MtM	A0A075B6S4	P01637	74	4
MtM	A0A075B6S4	A0A075B5K0	12	4
MtM	A0A075B6S4	P01638	53	4
MtM	P0DSN7	A0A140T8P9	74	4
MtM	P0DSN7	P01637	99	4
MtM	P0DSN7	A0A075B5K0	17	4
MtM	P0DSN7	P01638	88	4
MtM	A0A0B4J2D9	A0A140T8P9	89	4
MtM	A0A0B4J2D9	P01637	107	4
MtM	A0A0B4J2D9	A0A075B5K0	38	4
MtM	A0A0B4J2D9	P01638	93	4
MtM	A0A0C4DH73	A0A140T8P9	84	4
MtM	A0A0C4DH73	P01637	104	4
MtM	A0A0C4DH73	A0A075B5K0	32	4
MtM	A0A0C4DH73	P01638	91	4
MtM	A0A075B6S9	A0A140T8P9	74	4
MtM	A0A075B6S9	P01637	99	4
MtM	A0A075B6S9	A0A075B5K0	17	4
MtM	A0A075B6S9	P01638	88	4
MtM	P01597	A0A140T8P9	87	4
MtM	P01597	P01637	111	4
MtM	P01597	A0A075B5K0	32	4
MtM	P01597	P01638	96	4
MtM	P01602	A0A140T8P9	82	4
MtM	P01602	P01637	106	4
MtM	P01602	A0A075B5K0	28	4
MtM	P01602	P01638	93	4
MtM	P04430	A0A140T8P9	65	4
MtM	P04430	P01637	100	4
MtM	P04430	A0A075B5K0	13	4
MtM	P04430	P01638	84	4
MtM	P01593	A0A140T8P9	70	4
MtM	P01593	P01637	94	4
MtM	P01593	A0A075B5K0	16	4
MtM	P01593	P01638	82	4
MtM	A0A0G2JRQ6	A0A140T8P9	85	4
MtM	A0A0G2JRQ6	P01637	103	4
MtM	A0A0G2JRQ6	A0A075B5K0	28	4
MtM	A0A0G2JRQ6	P01638	91	4
MtM	A0A0B4J1Z2	A0A140T8P9	50	4
MtM	A0A0B4J1Z2	P01637	95	4
MtM	A0A0B4J1Z2	A0A075B5K0	10	4
MtM	A0A0B4J1Z2	P01638	64	4
MtM	P01611	A0A140T8P9	84	4
MtM	P01611	P01637	103	4
MtM	P01611	A0A075B5K0	32	4
MtM	P01611	P01638	93	4
MtM	P01599	A0A140T8P9	70	4
MtM	P01599	P01637	91	4
MtM	P01599	A0A075B5K0	15	4
MtM	P01599	P01638	83	4
MtM	A0A0C4DH72	A0A140T8P9	76	4
MtM	A0A0C4DH72	P01637	96	4
MtM	A0A0C4DH72	A0A075B5K0	31	4
MtM	A0A0C4DH72	P01638	88	4
MtM	P0DP09	A0A140T8P9	89	4
MtM	P0DP09	P01637	107	4
MtM	P0DP09	A0A075B5K0	38	4
MtM	P0DP09	P01638	93	4
MtM	A0A0C4DH69	A0A140T8P9	85	4
MtM	A0A0C4DH69	P01637	106	4
MtM	A0A0C4DH69	A0A075B5K0	34	4
MtM	A0A0C4DH69	P01638	93	4
MtM	A0A075B6S5	A0A140T8P9	83	4
MtM	A0A075B6S5	P01637	105	4
MtM	A0A075B6S5	A0A075B5K0	26	4
MtM	A0A075B6S5	P01638	90	4
MtM	P04259	P50446	1	2
MtM	P04259	Q9Z331	2	2
MtM	P48668	P50446	1	2
MtM	P48668	Q9Z331	2	2
MtM	P02538	P50446	1	2
MtM	P02538	Q9Z331	2	2
MtM	P04211	P01726	5	8
MtM	P04211	P01728	3	8
MtM	P04211	P01724	1	8
MtM	P04211	A0A075B663	7	8
MtM	P04211	P01723	8	8
MtM	P04211	P01727	4	8
MtM	P04211	P01725	6	8
MtM	P04211	P01729	2	8
MtM	A0A075B6I9	P01726	6	8
MtM	A0A075B6I9	P01728	1	8
MtM	A0A075B6I9	P01724	3	8
MtM	A0A075B6I9	A0A075B663	5	8
MtM	A0A075B6I9	P01723	7	8
MtM	A0A075B6I9	P01727	4	8
MtM	A0A075B6I9	P01725	8	8
MtM	A0A075B6I9	P01729	2	8
MtM	A0A075B6I0	P01726	7	8
MtM	A0A075B6I0	P01728	1	8
MtM	A0A075B6I0	P01724	2	8
MtM	A0A075B6I0	A0A075B663	6	8
MtM	A0A075B6I0	P01723	8	8
MtM	A0A075B6I0	P01727	3	8
MtM	A0A075B6I0	P01725	4	8
MtM	A0A075B6I0	P01729	5	8
MtM	P02763	Q63805	3	3
MtM	P02763	Q60590	2	3
MtM	P02763	P07361	1	3
MtM	P19652	Q63805	2	3
MtM	P19652	Q60590	3	3
MtM	P19652	P07361	1	3
MtM	P02042	A8DUK4	3	3
MtM	P02042	P02088	1	3
MtM	P02042	P02089	2	3
MtM	P68871	A8DUK4	3	3
MtM	P68871	P02088	2	3
MtM	P68871	P02089	1	3
MtM	P01920	P06344	5	2
MtM	P01920	P01921	1	2
MtM	P05538	P06344	2	2
MtM	P05538	P01921	1	2
MtM	P01877	A0A0A6YXW6	1	2
MtM	P01877	P01878	2	2
MtM	P01876	A0A0A6YXW6	1	2
MtM	P01876	P01878	2	2
MtM	P01861	F6TQW2	3	8
MtM	P01861	A0A1Y7VJN6	5	8
MtM	P01861	P01865	2	8
MtM	P01861	P01869	1	8
MtM	P01861	P01864	8	8
MtM	P01861	P01863	4	8
MtM	P01861	P03987	6	8
MtM	P01861	P01867	7	8
MtM	P01859	F6TQW2	4	8
MtM	P01859	A0A1Y7VJN6	7	8
MtM	P01859	P01865	2	8
MtM	P01859	P01869	1	8
MtM	P01859	P01864	8	8
MtM	P01859	P01863	3	8
MtM	P01859	P03987	6	8
MtM	P01859	P01867	5	8
MtM	P01860	F6TQW2	3	8
MtM	P01860	A0A1Y7VJN6	4	8
MtM	P01860	P01865	2	8
MtM	P01860	P01869	1	8
MtM	P01860	P01864	8	8
MtM	P01860	P01863	6	8
MtM	P01860	P03987	5	8
MtM	P01860	P01867	7	8
MtM	P01857	F6TQW2	3	8
MtM	P01857	A0A1Y7VJN6	5	8
MtM	P01857	P01865	2	8
MtM	P01857	P01869	1	8
MtM	P01857	P01864	8	8
MtM	P01857	P01863	4	8
MtM	P01857	P03987	6	8
MtM	P01857	P01867	7	8
MtM	P01563	P01572	2	14
MtM	P01563	L7MTU6	3	14
MtM	P01563	P06799	7	14
MtM	P01563	P07349	5	14
MtM	P01563	P01573	10	14
MtM	P01563	Q61716	6	14
MtM	P01563	Q80SS5	9	14
MtM	P01563	P07351	13	14
MtM	P01563	Q810G1	12	14
MtM	P01563	Q61718	8	14
MtM	P01563	Q810G3	14	14
MtM	P01563	P07350	11	14
MtM	P01563	P09235	1	14
MtM	P01563	Q80SU4	4	14
MtM	P01570	P01572	2	14
MtM	P01570	L7MTU6	5	14
MtM	P01570	P06799	4	14
MtM	P01570	P07349	6	14
MtM	P01570	P01573	12	14
MtM	P01570	Q61716	9	14
MtM	P01570	Q80SS5	8	14
MtM	P01570	P07351	13	14
MtM	P01570	Q810G1	11	14
MtM	P01570	Q61718	7	14
MtM	P01570	Q810G3	10	14
MtM	P01570	P07350	14	14
MtM	P01570	P09235	1	14
MtM	P01570	Q80SU4	3	14
MtM	P05013	P01572	2	14
MtM	P05013	L7MTU6	4	14
MtM	P05013	P06799	6	14
MtM	P05013	P07349	5	14
MtM	P05013	P01573	10	14
MtM	P05013	Q61716	8	14
MtM	P05013	Q80SS5	9	14
MtM	P05013	P07351	14	14
MtM	P05013	Q810G1	11	14
MtM	P05013	Q61718	7	14
MtM	P05013	Q810G3	12	14
MtM	P05013	P07350	13	14
MtM	P05013	P09235	1	14
MtM	P05013	Q80SU4	3	14
MtM	P05015	P01572	2	14
MtM	P05015	L7MTU6	4	14
MtM	P05015	P06799	6	14
MtM	P05015	P07349	5	14
MtM	P05015	P01573	12	14
MtM	P05015	Q61716	9	14
MtM	P05015	Q80SS5	8	14
MtM	P05015	P07351	13	14
MtM	P05015	Q810G1	11	14
MtM	P05015	Q61718	7	14
MtM	P05015	Q810G3	10	14
MtM	P05015	P07350	14	14
MtM	P05015	P09235	1	14
MtM	P05015	Q80SU4	3	14
MtM	P01568	P01572	1	14
MtM	P01568	L7MTU6	5	14
MtM	P01568	P06799	4	14
MtM	P01568	P07349	7	14
MtM	P01568	P01573	12	14
MtM	P01568	Q61716	10	14
MtM	P01568	Q80SS5	8	14
MtM	P01568	P07351	13	14
MtM	P01568	Q810G1	11	14
MtM	P01568	Q61718	6	14
MtM	P01568	Q810G3	9	14
MtM	P01568	P07350	14	14
MtM	P01568	P09235	3	14
MtM	P01568	Q80SU4	2	14
MtM	P01571	P01572	1	14
MtM	P01571	L7MTU6	4	14
MtM	P01571	P06799	5	14
MtM	P01571	P07349	7	14
MtM	P01571	P01573	12	14
MtM	P01571	Q61716	10	14
MtM	P01571	Q80SS5	8	14
MtM	P01571	P07351	13	14
MtM	P01571	Q810G1	11	14
MtM	P01571	Q61718	6	14
MtM	P01571	Q810G3	9	14
MtM	P01571	P07350	14	14
MtM	P01571	P09235	2	14
MtM	P01571	Q80SU4	3	14
MtM	P05014	P01572	1	14
MtM	P05014	L7MTU6	5	14
MtM	P05014	P06799	4	14
MtM	P05014	P07349	6	14
MtM	P05014	P01573	12	14
MtM	P05014	Q61716	10	14
MtM	P05014	Q80SS5	8	14
MtM	P05014	P07351	14	14
MtM	P05014	Q810G1	11	14
MtM	P05014	Q61718	7	14
MtM	P05014	Q810G3	9	14
MtM	P05014	P07350	13	14
MtM	P05014	P09235	3	14
MtM	P05014	Q80SU4	2	14
MtM	P01567	P01572	2	14
MtM	P01567	L7MTU6	6	14
MtM	P01567	P06799	5	14
MtM	P01567	P07349	7	14
MtM	P01567	P01573	13	14
MtM	P01567	Q61716	8	14
MtM	P01567	Q80SS5	10	14
MtM	P01567	P07351	12	14
MtM	P01567	Q810G1	9	14
MtM	P01567	Q61718	3	14
MtM	P01567	Q810G3	11	14
MtM	P01567	P07350	14	14
MtM	P01567	P09235	1	14
MtM	P01567	Q80SU4	4	14
MtM	P01566	P01572	1	14
MtM	P01566	L7MTU6	5	14
MtM	P01566	P06799	6	14
MtM	P01566	P07349	4	14
MtM	P01566	P01573	12	14
MtM	P01566	Q61716	9	14
MtM	P01566	Q80SS5	8	14
MtM	P01566	P07351	14	14
MtM	P01566	Q810G1	11	14
MtM	P01566	Q61718	7	14
MtM	P01566	Q810G3	10	14
MtM	P01566	P07350	13	14
MtM	P01566	P09235	2	14
MtM	P01566	Q80SU4	3	14
MtM	P01569	P01572	2	14
MtM	P01569	L7MTU6	6	14
MtM	P01569	P06799	4	14
MtM	P01569	P07349	7	14
MtM	P01569	P01573	12	14
MtM	P01569	Q61716	10	14
MtM	P01569	Q80SS5	8	14
MtM	P01569	P07351	13	14
MtM	P01569	Q810G1	11	14
MtM	P01569	Q61718	5	14
MtM	P01569	Q810G3	9	14
MtM	P01569	P07350	14	14
MtM	P01569	P09235	3	14
MtM	P01569	Q80SU4	1	14
MtM	P32881	P01572	3	14
MtM	P32881	L7MTU6	4	14
MtM	P32881	P06799	6	14
MtM	P32881	P07349	7	14
MtM	P32881	P01573	13	14
MtM	P32881	Q61716	9	14
MtM	P32881	Q80SS5	8	14
MtM	P32881	P07351	11	14
MtM	P32881	Q810G1	12	14
MtM	P32881	Q61718	5	14
MtM	P32881	Q810G3	10	14
MtM	P32881	P07350	14	14
MtM	P32881	P09235	1	14
MtM	P32881	Q80SU4	2	14
MtM	O95047	P34984	10	2
MtM	O95047	Q8VGP6	11	2
MtM	Q96R45	P34984	7	2
MtM	Q96R45	Q8VGP6	12	2
MtM	O75610	P57785	2	2
MtM	O75610	Q64280	1	2
MtM	O00292	P57785	2	2
MtM	O00292	Q64280	1	2
MtM	O75290	E9Q2S6	4	3
MtM	O75290	Q3UVF6	71	3
MtM	O75290	A0A0U1RQ84	66	3
MtM	Q9Y6R6	E9Q2S6	33	3
MtM	Q9Y6R6	Q3UVF6	72	3
MtM	Q9Y6R6	A0A0U1RQ84	97	3
MtM	O60403	A0A2I3BQR4	86	3
MtM	O60403	A0A140LIE7	3	3
MtM	Q9Y4A9	A0A2I3BQR4	85	3
MtM	Q9Y4A9	A0A140LIE7	3	3
MtM	Q8NGA6	A0A2I3BQR4	59	3
MtM	Q8NGA6	A0A140LIE7	1	3
MtM	O43790	E9Q1Y9	5	3
MtM	O43790	Q9ERE2	3	3
MtM	O43790	P97861	1	3
MtM	Q14533	E9Q1Y9	5	3
MtM	Q14533	Q9ERE2	2	3
MtM	Q14533	P97861	1	3
MtM	P78385	E9Q1Y9	4	3
MtM	P78385	Q9ERE2	2	3
MtM	P78385	P97861	1	3
MtM	O14791	A2VDH7	1891	10
MtM	O14791	Q8C6E1	237	10
MtM	O14791	B2RT54	134	10
MtM	O14791	B1AQP7	852	10
MtM	O14791	Q3UZ24	558	10
MtM	O95236	A2VDH7	183	10
MtM	O95236	Q8C6E1	7	10
MtM	O95236	B2RT54	8	10
MtM	O95236	B1AQP7	51	10
MtM	O95236	Q3UZ24	33	10
MtM	Q9BQE5	A2VDH7	9	5
MtM	Q9BQE5	Q8C6E1	3	5
MtM	Q9BQE5	B2RT54	6	5
MtM	Q9BQE5	B1AQP7	8	5
MtM	Q9BQE5	Q3UZ24	7	5
MtM	D6RBQ6	Q7M764	2	5
MtM	D6RBQ6	G5E8G2	5	5
MtM	D6RBQ6	E9Q9U0	1	5
MtM	D6RBQ6	Q61068	4	5
MtM	D6RBQ6	G5E8I7	3	5
MtM	D6RCP7	Q7M764	2	5
MtM	D6RCP7	G5E8G2	5	5
MtM	D6RCP7	E9Q9U0	1	5
MtM	D6RCP7	Q61068	4	5
MtM	D6RCP7	G5E8I7	3	5
MtM	A8MUK1	Q7M764	2	5
MtM	A8MUK1	G5E8G2	5	5
MtM	A8MUK1	E9Q9U0	1	5
MtM	A8MUK1	Q61068	4	5
MtM	A8MUK1	G5E8I7	3	5
MtM	Q0WX57	Q7M764	2	5
MtM	Q0WX57	G5E8G2	5	5
MtM	Q0WX57	E9Q9U0	1	5
MtM	Q0WX57	Q61068	4	5
MtM	Q0WX57	G5E8I7	3	5
MtM	P0C7H9	Q7M764	2	5
MtM	P0C7H9	G5E8G2	5	5
MtM	P0C7H9	E9Q9U0	10	5
MtM	P0C7H9	Q61068	1	5
MtM	P0C7H9	G5E8I7	3	5
MtM	C9JLJ4	Q7M764	1	5
MtM	C9JLJ4	G5E8G2	5	5
MtM	C9JLJ4	E9Q9U0	2	5
MtM	C9JLJ4	Q61068	4	5
MtM	C9JLJ4	G5E8I7	3	5
MtM	D6RJB6	Q7M764	2	5
MtM	D6RJB6	G5E8G2	5	5
MtM	D6RJB6	E9Q9U0	1	5
MtM	D6RJB6	Q61068	4	5
MtM	D6RJB6	G5E8I7	3	5
MtM	A6NCW0	Q7M764	1	5
MtM	A6NCW0	G5E8G2	5	5
MtM	A6NCW0	E9Q9U0	3	5
MtM	A6NCW0	Q61068	2	5
MtM	A6NCW0	G5E8I7	4	5
MtM	C9JPN9	Q7M764	2	5
MtM	C9JPN9	G5E8G2	5	5
MtM	C9JPN9	E9Q9U0	1	5
MtM	C9JPN9	Q61068	4	5
MtM	C9JPN9	G5E8I7	3	5
MtM	A6NCW7	Q7M764	2	5
MtM	A6NCW7	G5E8G2	5	5
MtM	A6NCW7	E9Q9U0	4	5
MtM	A6NCW7	Q61068	1	5
MtM	A6NCW7	G5E8I7	3	5
MtM	C9JJH3	Q7M764	1	5
MtM	C9JJH3	G5E8G2	5	5
MtM	C9JJH3	E9Q9U0	4	5
MtM	C9JJH3	Q61068	3	5
MtM	C9JJH3	G5E8I7	2	5
MtM	C9JVI0	Q7M764	2	5
MtM	C9JVI0	G5E8G2	4	5
MtM	C9JVI0	E9Q9U0	1	5
MtM	C9JVI0	Q61068	5	5
MtM	C9JVI0	G5E8I7	3	5
MtM	D6R901	Q7M764	2	5
MtM	D6R901	G5E8G2	5	5
MtM	D6R901	E9Q9U0	1	5
MtM	D6R901	Q61068	4	5
MtM	D6R901	G5E8I7	3	5
MtM	Q6R6M4	Q7M764	1	5
MtM	Q6R6M4	G5E8G2	5	5
MtM	Q6R6M4	E9Q9U0	4	5
MtM	Q6R6M4	Q61068	2	5
MtM	Q6R6M4	G5E8I7	3	5
MtM	D6R9N7	Q7M764	2	5
MtM	D6R9N7	G5E8G2	5	5
MtM	D6R9N7	E9Q9U0	1	5
MtM	D6R9N7	Q61068	4	5
MtM	D6R9N7	G5E8I7	3	5
MtM	Q6QN14	Q7M764	497	5
MtM	Q6QN14	G5E8G2	455	5
MtM	Q6QN14	E9Q9U0	46	5
MtM	Q6QN14	Q61068	800	5
MtM	Q6QN14	G5E8I7	387	5
MtM	P0C7I0	Q7M764	2	5
MtM	P0C7I0	G5E8G2	5	5
MtM	P0C7I0	E9Q9U0	4	5
MtM	P0C7I0	Q61068	1	5
MtM	P0C7I0	G5E8I7	3	5
MtM	Q7RTZ2	Q7M764	1	5
MtM	Q7RTZ2	G5E8G2	5	5
MtM	Q7RTZ2	E9Q9U0	3	5
MtM	Q7RTZ2	Q61068	2	5
MtM	Q7RTZ2	G5E8I7	4	5
MtM	D6RA61	Q7M764	2	5
MtM	D6RA61	G5E8G2	5	5
MtM	D6RA61	E9Q9U0	1	5
MtM	D6RA61	Q61068	4	5
MtM	D6RA61	G5E8I7	3	5
MtM	C9J2P7	Q7M764	1	5
MtM	C9J2P7	G5E8G2	5	5
MtM	C9J2P7	E9Q9U0	3	5
MtM	C9J2P7	Q61068	4	5
MtM	C9J2P7	G5E8I7	2	5
MtM	B3KU38	P0DPB4	2	2
MtM	B3KU38	A0A088MLT8	1	2
MtM	P0DPB3	P0DPB4	1	2
MtM	P0DPB3	A0A088MLT8	2	2
MtM	A8MYA2	E9Q4Y8	2	2
MtM	A8MYA2	Q9D454	51	2
MtM	A0A1B0GWI6	E9Q4Y8	6	2
MtM	A0A1B0GWI6	Q9D454	35	2
MtM	A6NM03	Q9EPF7	2	4
MtM	A6NM03	Q8VFM5	8	4
MtM	A6NM03	Q9D3U9	3	4
MtM	Q9H205	Q9EPF7	4	4
MtM	Q9H205	Q8VFM5	6	4
MtM	Q9H205	Q9D3U9	3	4
MtM	A6NI03	P86448	8	3
MtM	A6NI03	Q3TL54	7	3
MtM	A6NI03	P86449	9	3
MtM	P0CI25	P86448	7	3
MtM	P0CI25	Q3TL54	4	3
MtM	P0CI25	P86449	9	3
MtM	I1YAP6	P86448	5	3
MtM	I1YAP6	Q3TL54	1	3
MtM	I1YAP6	P86449	2	3
MtM	C9J1S8	P86448	5	3
MtM	C9J1S8	Q3TL54	3	3
MtM	C9J1S8	P86449	7	3
MtM	Q9BSJ1	P86448	10	3
MtM	Q9BSJ1	Q3TL54	7	3
MtM	Q9BSJ1	P86449	11	3
MtM	A6NGJ6	P86448	8	3
MtM	A6NGJ6	Q3TL54	7	3
MtM	A6NGJ6	P86449	9	3
MtM	Q96BQ3	P86448	22	3
MtM	Q96BQ3	Q3TL54	11	3
MtM	Q96BQ3	P86449	26	3
MtM	A6NDI0	P86448	8	3
MtM	A6NDI0	Q3TL54	4	3
MtM	A6NDI0	P86449	9	3
MtM	A6NCK2	P86448	17	3
MtM	A6NCK2	Q3TL54	8	3
MtM	A6NCK2	P86449	23	3
MtM	P0CI26	P86448	8	3
MtM	P0CI26	Q3TL54	4	3
MtM	P0CI26	P86449	9	3
MtM	A0A3B3IT33	P86448	4	3
MtM	A0A3B3IT33	Q3TL54	1	3
MtM	A0A3B3IT33	P86449	7	3
MtM	A6NLI5	P86448	8	3
MtM	A6NLI5	Q3TL54	7	3
MtM	A6NLI5	P86449	9	3
MtM	A6NHG9	Q7TS43	2	4
MtM	A6NHG9	E9PYP4	5	4
MtM	A6NHG9	L7N1Z8	3	4
MtM	A6NKK0	Q7TS43	5	4
MtM	A6NKK0	E9PYP4	9	4
MtM	A6NKK0	L7N1Z8	7	4
MtM	Q8NGV7	Q7TS43	2	4
MtM	Q8NGV7	E9PYP4	4	4
MtM	Q8NGV7	L7N1Z8	6	4
MtM	A6NDH6	Q7TS43	6	4
MtM	A6NDH6	E9PYP4	8	4
MtM	A6NDH6	L7N1Z8	7	4
MtM	Q8NGV6	Q7TS43	4	4
MtM	Q8NGV6	E9PYP4	9	4
MtM	Q8NGV6	L7N1Z8	2	4
MtM	P0DN80	Q7TS43	2	4
MtM	P0DN80	E9PYP4	4	4
MtM	P0DN80	L7N1Z8	5	4
MtM	A6NFZ4	Q9DAL9	1	2
MtM	A6NFZ4	Q8CF27	6	2
MtM	Q8N5W8	Q9DAL9	2	2
MtM	Q8N5W8	Q8CF27	408	2
MtM	A2NJV5	A0A140T8M0	4	7
MtM	A2NJV5	A0A140T8M9	3	7
MtM	A2NJV5	A0A0B4J1I0	1	7
MtM	A0A075B6S2	A0A140T8M0	4	7
MtM	A0A075B6S2	A0A140T8M9	3	7
MtM	A0A075B6S2	A0A0B4J1I0	1	7
MtM	A0A075B6S6	A0A140T8M0	4	7
MtM	A0A075B6S6	A0A140T8M9	2	7
MtM	A0A075B6S6	A0A0B4J1I0	1	7
MtM	P06310	A0A140T8M0	4	7
MtM	P06310	A0A140T8M9	3	7
MtM	P06310	A0A0B4J1I0	1	7
MtM	A0JD32	Q5R1A4	7	2
MtM	A0JD32	A0A075B658	4	2
MtM	P0DTU3	Q5R1A4	1350	2
MtM	P0DTU3	A0A075B658	367	2
MtM	A0A0B4J264	Q5R1A4	7	2
MtM	A0A0B4J264	A0A075B658	4	2
MtM	A0A577	P06321	9	3
MtM	A0A577	A0A0B4J1G9	1	3
MtM	A0A577	P01735	10	3
MtM	A0A589	P06321	14	3
MtM	A0A589	A0A0B4J1G9	1	3
MtM	A0A589	P01735	18	3
MtM	A0A539	P06321	16	3
MtM	A0A539	A0A0B4J1G9	1	3
MtM	A0A539	P01735	19	3
MtM	A0A3B3IU63	A9Z055	1	7
MtM	A0A3B3IU63	Q497L1	6	7
MtM	A0A3B3IU63	L7MU04	2	7
MtM	A0A3B3IU63	A2BFR3	5	7
MtM	A0A3B3IU63	J3QP08	8	7
MtM	A0A3B3IU63	Q9DAD9	9	7
MtM	A0A3B3IU63	Q9CQ70	70	7
MtM	A0A8Q3WKH5	A9Z055	2	7
MtM	A0A8Q3WKH5	Q497L1	24	7
MtM	A0A8Q3WKH5	L7MU04	11	7
MtM	A0A8Q3WKH5	A2BFR3	19	7
MtM	A0A8Q3WKH5	J3QP08	14	7
MtM	A0A8Q3WKH5	Q9DAD9	17	7
MtM	A0A8Q3WKH5	Q9CQ70	695	7
MtM	A0A191URJ7	P83555	300	2
MtM	A0A191URJ7	Q673W2	1171	2
MtM	A0A0G2JMM0	P83555	25	2
MtM	A0A0G2JMM0	Q673W2	50	2
MtM	Q14953	P83555	34	2
MtM	Q14953	Q673W2	75	2
MtM	P43626	P83555	109	2
MtM	P43626	Q673W2	591	2
MtM	P43630	P83555	94	2
MtM	P43630	Q673W2	385	2
MtM	P43632	P83555	41	2
MtM	P43632	Q673W2	112	2
MtM	A0A0G2JNF4	P83555	249	2
MtM	A0A0G2JNF4	Q673W2	954	2
MtM	A0A0G2JN01	P83555	25	2
MtM	A0A0G2JN01	Q673W2	46	2
MtM	Q14943	P83555	25	2
MtM	Q14943	Q673W2	53	2
MtM	P43627	P83555	78	2
MtM	P43627	Q673W2	461	2
MtM	Q8N743	P83555	71	2
MtM	Q8N743	Q673W2	258	2
MtM	A0A5K1VDZ0	P83555	126	2
MtM	A0A5K1VDZ0	Q673W2	641	2
MtM	P43631	P83555	42	2
MtM	P43631	Q673W2	99	2
MtM	Q14954	P83555	44	2
MtM	Q14954	Q673W2	128	2
MtM	P43629	P83555	43	2
MtM	P43629	Q673W2	155	2
MtM	Q14952	P83555	30	2
MtM	Q14952	Q673W2	65	2
MtM	P43628	P83555	265	2
MtM	P43628	Q673W2	1080	2
MtM	A4D2G3	Q8VGP6	1	2
MtM	A4D2G3	P34984	2	2
MtM	A0A0K0K1A3	A0A140T8N6	3	4
MtM	A0A0K0K1A3	A0A0B4J1H2	2	4
MtM	A0A0K0K1A3	P04213	6	4
MtM	A0A0K0K1G8	A0A140T8N6	4	4
MtM	A0A0K0K1G8	A0A0B4J1H2	2	4
MtM	A0A0K0K1G8	P04213	6	4
MtM	A0A0K0K1G6	A0A140T8N6	4	4
MtM	A0A0K0K1G6	A0A0B4J1H2	2	4
MtM	A0A0K0K1G6	P04213	6	4
MtM	A0A0C4DH43	A0A075B5X4	7	4
MtM	A0A0C4DH43	A0A0A6YXQ0	1	4
MtM	A0A0C4DH43	A0A0A6YY60	5	4
MtM	P01814	A0A075B5X4	7	4
MtM	P01814	A0A0A6YXQ0	1	4
MtM	P01814	A0A0A6YY60	6	4
MtM	A0A0B4J2B6	A0A075B5X4	3	4
MtM	A0A0B4J2B6	A0A0A6YXQ0	1	4
MtM	A0A0B4J2B6	A0A0A6YY60	2	4
MtM	P01817	A0A075B5X4	7	4
MtM	P01817	A0A0A6YXQ0	1	4
MtM	P01817	A0A0A6YY60	5	4
MtM	A0A0C4DH26	A0A0B4J1J1	12	3
MtM	A0A0C4DH26	A0A0B4J1J2	22	3
MtM	A0A0C4DH26	P01642	27	3
MtM	A0A0A0MT36	A0A0B4J1J1	2	3
MtM	A0A0A0MT36	A0A0B4J1J2	1	3
MtM	A0A0A0MT36	P01642	3	3
MtM	A0A0C4DH24	A0A0B4J1J1	2	3
MtM	A0A0C4DH24	A0A0B4J1J2	1	3
MtM	A0A0C4DH24	P01642	3	3
MtM	A0A0B4J271	A0A0G2JEV5	2	9
MtM	A0A0B4J271	A0A075B6C1	14	9
MtM	A0A0B4J271	A0A0B4J1N1	5	9
MtM	A0A0B4J271	Q5R1I1	10	9
MtM	A0A0B4J271	Q5R1H9	8	9
MtM	A0A0B4J271	A0A075B604	15	9
MtM	A0A0B4J271	A0A0G2JFX6	12	9
MtM	A0A0B4J271	Q5R1I3	3	9
MtM	A0A0B4J271	A0A075B620	6	9
MtM	A0A075B6T6	A0A0G2JEV5	4	9
MtM	A0A075B6T6	A0A075B6C1	15	9
MtM	A0A075B6T6	A0A0B4J1N1	5	9
MtM	A0A075B6T6	Q5R1I1	2	9
MtM	A0A075B6T6	Q5R1H9	13	9
MtM	A0A075B6T6	A0A075B604	11	9
MtM	A0A075B6T6	A0A0G2JFX6	7	9
MtM	A0A075B6T6	Q5R1I3	1	9
MtM	A0A075B6T6	A0A075B620	6	9
MtM	A0A0B4J245	A0A0G2JEV5	8	9
MtM	A0A0B4J245	A0A075B6C1	25	9
MtM	A0A0B4J245	A0A0B4J1N1	20	9
MtM	A0A0B4J245	Q5R1I1	17	9
MtM	A0A0B4J245	Q5R1H9	22	9
MtM	A0A0B4J245	A0A075B604	15	9
MtM	A0A0B4J245	A0A0G2JFX6	21	9
MtM	A0A0B4J245	Q5R1I3	3	9
MtM	A0A0B4J245	A0A075B620	16	9
MtM	A0A0B4J1V6	P01795	105	3
MtM	A0A0B4J1V6	A0A075B5S2	25	3
MtM	A0A0B4J1V6	A0A075B5R2	14	3
MtM	A0A0B4J1V0	P01795	77	3
MtM	A0A0B4J1V0	A0A075B5S2	26	3
MtM	A0A0B4J1V0	A0A075B5R2	14	3
MtM	A0A075B7D8	P01795	44	3
MtM	A0A075B7D8	A0A075B5S2	15	3
MtM	A0A075B7D8	A0A075B5R2	14	3
MtM	A0A0A0MS15	P01795	73	3
MtM	A0A0A0MS15	A0A075B5S2	18	3
MtM	A0A0A0MS15	A0A075B5R2	11	3
MtM	A0A0B4J1Y9	P01795	100	3
MtM	A0A0B4J1Y9	A0A075B5S2	34	3
MtM	A0A0B4J1Y9	A0A075B5R2	13	3
MtM	A0A075B7B6	P18533	16	6
MtM	A0A075B7B6	P18531	2	6
MtM	A0A075B7B6	A0A075B5S6	4	6
MtM	A0A075B7B6	P01822	57	6
MtM	A0A075B7B6	P18532	3	6
MtM	A0A075B7B6	A0A0A6YXF1	7	6
MtM	A0A087WSY4	P18533	49	6
MtM	A0A087WSY4	P18531	1	6
MtM	A0A087WSY4	A0A075B5S6	4	6
MtM	A0A087WSY4	P01822	105	6
MtM	A0A087WSY4	P18532	3	6
MtM	A0A087WSY4	A0A0A6YXF1	12	6
MtM	P06331	P18533	10	6
MtM	P06331	P18531	5	6
MtM	P06331	A0A075B5S6	3	6
MtM	P06331	P01822	36	6
MtM	P06331	P18532	4	6
MtM	P06331	A0A0A6YXF1	8	6
MtM	A0A075B6R2	P18533	83	6
MtM	A0A075B6R2	P18531	1	6
MtM	A0A075B6R2	A0A075B5S6	4	6
MtM	A0A075B6R2	P01822	105	6
MtM	A0A075B6R2	P18532	3	6
MtM	A0A075B6R2	A0A0A6YXF1	22	6
MtM	A0A0C4DH34	P18533	81	6
MtM	A0A0C4DH34	P18531	1	6
MtM	A0A0C4DH34	A0A075B5S6	4	6
MtM	A0A0C4DH34	P01822	102	6
MtM	A0A0C4DH34	P18532	2	6
MtM	A0A0C4DH34	A0A0A6YXF1	9	6
MtM	A0A087WW49	P18533	28	6
MtM	A0A087WW49	P18531	1	6
MtM	A0A087WW49	A0A075B5S6	4	6
MtM	A0A087WW49	P01822	54	6
MtM	A0A087WW49	P18532	2	6
MtM	A0A087WW49	A0A0A6YXF1	6	6
MtM	P01824	P18533	43	6
MtM	P01824	P18531	1	6
MtM	P01824	A0A075B5S6	4	6
MtM	P01824	P01822	96	6
MtM	P01824	P18532	2	6
MtM	P01824	A0A0A6YXF1	6	6
MtM	P0DP06	P18533	81	6
MtM	P0DP06	P18531	1	6
MtM	P0DP06	A0A075B5S6	4	6
MtM	P0DP06	P01822	107	6
MtM	P0DP06	P18532	2	6
MtM	P0DP06	A0A0A6YXF1	11	6
MtM	P0DP07	P18533	31	6
MtM	P0DP07	P18531	3	6
MtM	P0DP07	A0A075B5S6	4	6
MtM	P0DP07	P01822	88	6
MtM	P0DP07	P18532	1	6
MtM	P0DP07	A0A0A6YXF1	7	6
MtM	A0A0C4DH41	P18533	80	6
MtM	A0A0C4DH41	P18531	1	6
MtM	A0A0C4DH41	A0A075B5S6	4	6
MtM	A0A0C4DH41	P01822	102	6
MtM	A0A0C4DH41	P18532	2	6
MtM	A0A0C4DH41	A0A0A6YXF1	9	6
MtM	P0DP08	P18533	102	6
MtM	P0DP08	P18531	1	6
MtM	P0DP08	A0A075B5S6	4	6
MtM	P0DP08	P01822	110	6
MtM	P0DP08	P18532	2	6
MtM	P0DP08	A0A0A6YXF1	39	6
MtM	A0A0J9YWU9	P18533	80	6
MtM	A0A0J9YWU9	P18531	1	6
MtM	A0A0J9YWU9	A0A075B5S6	4	6
MtM	A0A0J9YWU9	P01822	106	6
MtM	A0A0J9YWU9	P18532	2	6
MtM	A0A0J9YWU9	A0A0A6YXF1	12	6
MtM	P01825	P18533	98	6
MtM	P01825	P18531	1	6
MtM	P01825	A0A075B5S6	4	6
MtM	P01825	P01822	111	6
MtM	P01825	P18532	2	6
MtM	P01825	A0A0A6YXF1	38	6
