X6R8D5	A0A8V1AC92
Q9NQ35	A0A8V0ZWS8
Q9NQ40	A0A8V0YLB1
Q9NQ48	A0A8V0Z0Y9
Q9NQ50	A0A8V0ZZP5
Q9NQ55	A0A8V0X785
Q9NQ66	A0A1D5NZL7
Q9NQ69	Q90881
Q9NQ75	A0A8V0YQK9
Q9NQ79	A0A8V0ZUR4
Q9NQ84	A0A8V1AL54
Q9NQ86	A0A8V0X9I0
Q9NQ87	A0A3Q2UGT4
Q9NQ88	A0A8V1A0T4
Q9NQ89	A0A8V0ZQQ5
Q9NQ94	A0A8V0ZPX5
Q9NQB0	A0A8V0Z7Y0
Q9NQC1	A0A8V0YJE4
Q9NQC3	A0A8V0Z4A4
Q9NQC7	A0A8V0ZJC8
Q9NQC8	A0A8V0ZPQ4
Q9NQE9	A0A1L1RRE8
Q9NQG5	A0A8V0YTG0
Q9NQG6	E1BVG4
Q9NQG7	A0A8V0ZN81
Q9NQH7	F1NH26
Q9NQI0	F1N991
Q9NQL2	A0A8V0XID0
Q9NQM4	A0A8V0YP15
Q9NQP4	F1NP43
Q9NQQ7	A0A8V0YUY1
Q9NQR1	A0A8V0ZUS5
Q9NQR4	A0A8V0XVD3
Q9NQR9	F1NTA5
Q9NQS1	A0A8V0ZNL5
Q9NQS3	F1NKK8
Q9NQT4	A0A8V0XXJ3
Q9NQT5	A0A8V0Y2R0
Q9NQT8	A0A8V0YGI0
Q9NQU5	A0A8V0ZUC6
Q9NQV5	A0A8V0ZK23
Q9NQV6	A0A8V0ZSB2
Q9NQV8	A0A8V0X7C1
Q9NQW1	A0A8V0ZFZ7
Q9NQW6	A0A8V0YR64
Q9NQW7	A0A8V0ZD89
Q9NQW8	A0A8V0Y8D1
Q9NQX0	A0A8V0XA22
Q9NQX1	A0A8V0XH95
Q9NQX3	Q9PW38
Q9NQX4	A0A8V0ZMK4
Q9NQX5	A0A8V1AKF6
Q9NQX7	A0A8V0ZVX0
Q9NQY0	A0A8V0ZCC1
Q9NQZ2	A0A3Q2U489
Q9NQZ6	A0A8V0YQT9
Q9NQZ7	A0A8V0ZPA6
Q9NR00	E1C6H3
Q9NR09	A0A8V0XP61
Q9NR12	Q679P3
Q9NR19	A0A8V0ZV64
Q9NR21	A0A1D5P5E7
Q9NR22	F1NJK8
Q9NR23	Q98950
Q9NR28	A0A8V1AAG0
Q9NR30	A0A8V0ZUQ0
Q9NR31	A0A8V0ZRZ2
Q9NR33	A0A8V1AEV1
Q9NR34	F1P0Z9
Q9NR45	Q5ZMH8
Q9NR46	Q5ZJ81
Q9NR48	A0A8V1AKA7
Q9NR50	A0A8V1A9P4
Q9NR55	A0A3Q2U701
Q9NR56	A3F956
Q9NR61	A0A8V0ZHH9
Q9NR63	F1NZL3
Q9NR64	A0A8V0X416
Q9NR71	A0A8V0ZPL7
Q9NR80	A0A8V1A484
Q9NR82	A0A8V0X9N9
Q9NR99	A0A8V0XBP9
Q9NRA1	Q9I946
Q9NRA2	A0A8V0XBP6
Q9NRA8	A0A8V0ZTU2
Q9NRB3	A0A8V0ZBF5
Q9NRC6	A0A8V0Z6P5
Q9NRC9	Q9I8P6
Q9NRD0	Q5ZI32
Q9NRD5	A0A8V0Y0M6
Q9NRE2	A0A8V0YUX8
Q9NRF8	Q5F3Z1
Q9NRF9	F1P2L0
Q9NRG0	A0A8V0XVG9
Q9NRG1	E1C5K1
Q9NRG9	A0A8V1A1E1
Q9NRH1	A0A8V0Z4W9
Q9NRH2	A0A1D5P8A9
Q9NRI5	A0A8V0XSE4
Q9NRJ4	A0A8V0XD77
Q9NRK6	A0A8V0XY06
Q9NRL2	A0A8V0XR86
Q9NRM0	A0A8V0Y3Z6
Q9NRM2	A0A8V0XAA2
Q9NRM7	A0A3Q2UI52
Q9NRN5	Q25C36
Q9NRN7	A0A8V0XPN9
Q9NRN9	A0A8V0ZWR2
Q9NRP0	Q5ZJR3
Q9NRP2	A0A8V0XYS8
Q9NRP4	A0A8V0XH79
Q9NRP7	A0A8V0ZKM9
Q9NRQ5	R4GG67
Q9NRR1	A0A8V0Y8I0
Q9NRR3	A0A8V0Y6B0
Q9NRR4	A0A8V0YGC5
Q9NRR5	A0A1D5P624
Q9NRR6	A0A8V1AF93
Q9NRS4	A0A8V0ZX70
Q9NRU3	A0A8V0Z601
Q9NRW4	A0A8V0Y4U4
Q9NRW7	A0A8V1AGN0
Q9NRX1	Q5F414
Q9NRX2	F1NHT8
Q9NRX4	A0A3Q3AHU9
Q9NRX5	A0A8V0YP13
Q9NRY2	Q5ZJ32
Q9NRY4	A0A8V0Y423
Q9NRY5	A0A8V0YB38
Q9NRZ5	A0A8V0XKM8
Q9NRZ7	A0A1D5PUB7
Q9NRZ9	A0A8V0ZLT5
Q9NS00	Q5F3G7
Q9NS18	A0A8V0YF58
Q9NS23	A0A8V1AF66
Q9NS28	E1C5A6
Q9NS37	A0A8V0Y0K0
Q9NS39	A0A8V0XNS2
Q9NS40	A0A8V0ZMR4
Q9NS56	A0A8V0XIL9
Q9NS61	A0A8V0Z9Q8
Q9NS62	A0A8V0X6B2
Q9NS64	A0A8V0YBH3
Q9NS66	A0A3Q2U4U2
Q9NS68	A0A8V0XRR2
Q9NS69	A0A8V0YNP8
Q9NS71	A0A8V0ZCH2
Q9NS73	A0A8V0XDJ2
Q9NS75	A0A3Q2U9B6
Q9NS82	A0A8V1A196
Q9NS84	A0A1D5P3Q1
Q9NS85	E1C7J1
Q9NS86	A0A8V0XMZ9
Q9NS87	A0A8V0Z5V9
Q9NS91	A0A8V0Z470
Q9NS93	A0A1D5PTV5
Q9NS98	A0A8V1AC48
Q9NSA3	A0A8V0YSX0
Q9NSB8	A0A8V0Z3J0
Q9NSC2	A0A8V0ZX04
Q9NSC5	A0A8V1AA25
Q9NSD5	A0A8V0YDG2
Q9NSD7	A0A8K1AZH9
Q9NSD9	Q5ZJ61
Q9NSE4	Q5ZKA2
Q9NSG2	A0A8V0YNH9
Q9NSI2	A0A8V0YQL3
Q9NSI5	A0A8V0YEJ1
Q9NSI6	A0A8V0YI94
Q9NSI8	A0A8V0XPN2
Q9NSK0	A0A8V0Z790
Q9NSK7	F1NQ90
Q9NSN8	A0A8V0XI59
Q9NSV4	A0A8V0XCP9
Q9NSY1	E1C764
Q9NSY2	F1NPH6
Q9NT22	A0A8V0ZQF3
Q9NT62	A0A8V0XSJ9
Q9NTG1	A0A8V0ZU74
Q9NTG7	A0A8V0ZEZ5
Q9NTI2	A0A8V0XR09
Q9NTI7	A0A8V1AAX0
Q9NTJ3	A0A8V0X9N5
Q9NTJ4	A0A8V0ZHZ5
Q9NTJ5	A0A8V0Z8V8
Q9NTK5	Q5ZM25
Q9NTM9	A0A8V0ZPN1
Q9NTN3	A0A8V0ZZL3
Q9NTN9	A0A8V0ZDU4
Q9NTU7	A0A8V0YR86
Q9NTW7	A0A8V0YRV7
Q9NTX7	A0A8V0XC69
Q9NTX9	A0A8V1A5S9
Q9NTZ6	A0A1D5PFX6
Q9NU02	A0A8V0Z5B9
Q9NU19	A0A8V1ACE8
Q9NU22	A0A8V0XG49
Q9NU23	A0A8V0XK83
Q9NU53	F1NAD1
Q9NUA8	A0A8V0Z0E4
Q9NUB1	F1NLR1
Q9NUC0	A0A8V0Z9C3
Q9NUD7	A0A8V0YP54
Q9NUD9	A0A8V0YN86
Q9NUE0	A0A8V0YME7
Q9NUG4	A0A8V0YT02
Q9NUG6	A0A8V0YLB0
Q9NUI1	F1NG68
Q9NUJ1	F1NKJ7
Q9NUJ3	A0A8V0ZIR8
Q9NUJ7	A0A8V0X6L5
Q9NUK0	A0A3Q2U027
Q9NUL3	A0A8V0XED3
Q9NUL7	A0A8V1A4K4
Q9NUM4	A0A1D5PUI5
Q9NUN7	A0A8V0XF14
Q9NUP1	A0A8V0XQL1
Q9NUP7	A0A8V0ZWQ4
Q9NUQ2	A0A8V0XBQ5
Q9NUQ3	F1NI14
Q9NUQ6	A0A8V0ZQI9
Q9NUQ8	A0A8V0YXV2
Q9NUQ9	A0A8V0XSR7
Q9NUT2	A0A8V1AF39
Q9NUU6	A0A8V0X8L5
Q9NUV7	A0A8V0Z5D6
Q9NUW8	A0A8V0YVD4
Q9NV12	A0A8V0YDJ2
Q9NV23	A0A8V0XHR8
Q9NV29	A0A8V1ABR0
Q9NV31	A0A3Q2U8J0
Q9NV35	A0A8V0XEZ2
Q9NV56	F1NRH0
Q9NV58	A0A8V0YCS7
Q9NV64	A0A8V1A5G3
Q9NV70	A0A8V0YJX7
Q9NV92	Q5F3V5
Q9NVA1	A0A8V0ZJK3
Q9NVA2	A0A8V0XBE4
Q9NVA4	Q5ZMP3
Q9NVC3	A0A8V0ZCK5
Q9NVD3	A0A8V0YPK3
Q9NVD7	A0A8V0ZN45
Q9NVE4	A0A8V0X0C5
Q9NVE5	A0A8V0Y882
Q9NVE7	A0A8V0Z4N5
Q9NVF7	A0A8V0Z3H2
Q9NVF9	F1NL82
Q9NVG8	A0A8V1AH51
Q9NVH0	A0A8V0Z6W7
Q9NVH1	A0A3Q2U8D9
Q9NVH6	Q5F4B3
Q9NVI1	A0A8V0YNA7
Q9NVJ2	F1P0Z7
Q9NVK5	Q5ZKJ4
Q9NVL8	A0A8V0Z020
Q9NVM1	A0A8V0YIC5
Q9NVM6	A0A8V0ZV47
Q9NVM9	F1P1V8
Q9NVN3	A0A1D5PF61
Q9NVN8	A0A8V0X039
Q9NVP4	A0A8V0Z6X4
Q9NVQ4	A0A8V0ZF77
Q9NVR0	A0A8V0ZS98
Q9NVR5	A0A8V0Z924
Q9NVS2	A0A8V0ZAJ8
Q9NVS9	A0A8V0ZXP1
Q9NVT9	Q5ZMQ0
Q9NVU0	A0A8V0Z9L9
Q9NVU7	A0A8V0XLN0
Q9NVV0	A0A8V0YPZ7
Q9NVV4	F1NBW0
Q9NVV5	A0A8V0XN31
Q9NVV9	A0A8V0YFC0
Q9NVW2	F1NRC6
Q9NVX0	A0A8V0ZB47
Q9NVX2	A0A8V1AF68
Q9NVX7	A0A8V0ZN64
Q9NVZ3	A0A8V0ZDW5
Q9NW08	A0A8V0Y347
Q9NW15	A0A1D5P0N6
Q9NW38	A0A8V0YT00
Q9NW61	Q5ZLT5
Q9NW75	Q5F3Y2
Q9NW81	A0A8V0XZC5
Q9NW82	A0A8V0YAW6
Q9NW97	A0A8V0ZGM3
Q9NWA0	A0A8V0Z2U8
Q9NWB1	A0A8V0ZFK3
Q9NWB6	Q5ZL35
Q9NWB7	A0A8V0XN99
Q9NWD8	A0A8V1ALL8
Q9NWF9	A0A8V0ZPQ8
Q9NWH2	A0A8V0XU67
Q9NWH7	A0A8V1A1Y9
Q9NWH9	A0A8V0ZSL6
Q9NWK9	A0A8V0ZS18
Q9NWM0	A0A8V0YPI2
Q9NWM3	A0A8V1AIQ8
Q9NWM8	A0A8V0X275
Q9NWN3	A0A8V0Z875
Q9NWQ4	A0A8V0XF85
Q9NWQ8	A0A8V0XMU9
Q9NWR8	A0A8V0XHW3
Q9NWS8	A0A8V0XT25
Q9NWT6	A0A8V0ZH81
Q9NWU1	A0A8V0X629
Q9NWU2	Q5ZKQ7
Q9NWU5	A0A8V0YL12
Q9NWV4	R4GKJ0
Q9NWV8	A0A8V1AH74
Q9NWW5	E1C3M7
Q9NWW6	A0A8V0YS65
Q9NWW7	A0A8V0ZHJ5
Q9NWX5	A0A8V1ABN0
Q9NWX6	A0A8V0YWL0
Q9NWZ3	A0A8V0XDR5
Q9NWZ5	A0A8V1A018
Q9NWZ8	A0A8V0X5C0
Q9NX04	A0A8V0YHJ0
Q9NX07	A0A8V0YU32
Q9NX08	R4GIV5
Q9NX09	A0A8V0ZK41
Q9NX14	A0A8V0X535
Q9NX20	A0A8V0ZKF1
Q9NX24	A0A8V0YDL2
Q9NX31	A0A8V0ZW67
Q9NX36	A0A8V0YKV1
Q9NX40	A0A8V0YX92
Q9NX47	Q5ZJ41
Q9NX55	A0A8V0X6H3
Q9NX57	A0A8V0YVM3
Q9NX58	A0A8V0Y4W0
Q9NX61	A0A8V1AJG8
Q9NX62	A0A8V0XGI1
Q9NX63	A0A8V0XGC0
Q9NX70	A0A8V0Y004
Q9NX74	A0A8V1A9P1
Q9NX76	A0A8V0X586
Q9NX78	A0A8V0YZN2
Q9NX94	A0A8V0Z934
Q9NX95	A0A1D5NVV7
Q9NXB0	A0A1L1RY66
Q9NXB9	E1BYE9
Q9NXC2	E1BYY1
Q9NXC5	F1NS24
Q9NXD2	A0A3Q2TXM8
Q9NXE4	A0A8V1A0L9
Q9NXE8	E1BYR4
Q9NXF8	A0A1D5NVK1
Q9NXG0	A0A8V0YWE3
Q9NXG2	A0A8V0Z4E4
Q9NXG6	A0A8V0ZFJ6
Q9NXH3	A0A8V0ZH06
Q9NXH8	F1NLT2
Q9NXI6	A0A8V0ZFH5
Q9NXJ5	A0A8V1A8F9
Q9NXK8	A0A8V0XE00
Q9NXL2	A0A8V0XS08
Q9NXL6	A0A3Q3AP82
Q9NXN4	A0A8V0ZUK7
Q9NXP7	A0A8V0Y6T4
Q9NXR1	Q5ZMC9
Q9NXR5	Q5ZLC6
Q9NXR7	Q5ZML0
Q9NXS3	A0A8V0YZK5
Q9NXU5	A0A8V0YQJ4
Q9NXV2	A0A8V0ZT21
Q9NXV6	A0A8V0Y0F7
Q9NXW2	A0A8V0ZII3
Q9NXW9	A0A8V1AJG2
Q9NXX6	A0A8V0X2D1
Q9NXZ2	A0A8V0X600
Q9NY12	A0A8V0XKC4
Q9NY15	A0A8V1AH50
Q9NY30	E1C802
Q9NY35	Q5ZJJ7
Q9NY37	A0A8V0XWA1
Q9NY43	A0A8V0ZNS9
Q9NY47	A0A8V1AHM4
Q9NY57	A0A8V0YGW2
Q9NY59	A0A8V0ZSF5
Q9NY64	F1NDA6
Q9NY65	A0A8V0YF34
Q9NY72	A0A8V1A7Q9
Q9NY74	R4GJN9
Q9NY97	Q5ZK57
Q9NY99	A0A8V0X517
Q9NYA1	A0A1D5P1F1
Q9NYA4	A0A8V1AL48
Q9NYB5	F1NQ63
Q9NYB9	A0A8V0ZNG0
Q9NYC9	A0A8V1AM51
Q9NYD6	A0A1D5PP81
Q9NYF0	A0A8V0Z1S7
Q9NYF5	A0A8V0YKQ9
Q9NYF8	A0A1D5PC74
Q9NYG2	A0A8V0YWA3
Q9NYH9	A0A8V1AL12
Q9NYI0	A0A8V0YMI9
Q9NYJ1	A0A8V0X6D9
Q9NYJ8	A0A8V0XYF8
Q9NYK1	A0A1L4FML6
Q9NYK5	A0A8V0Y7X0
Q9NYL2	A0A3Q2TWZ8
Q9NYL4	A0A8V0ZIR3
Q9NYL5	A0A8V0Y1R8
Q9NYL9	A0A8V0ZT40
Q9NYM4	G3G8J1
Q9NYM9	Q5ZLZ4
Q9NYN1	A0A8V0YVX9
Q9NYP3	A0A8V0YL29
Q9NYP7	A0A8V0XEM8
Q9NYP8	A0A8V0Y5V6
Q9NYP9	E1BQA3
Q9NYQ3	A0A8V1A097
Q9NYQ6	A0A8V0XTP1
Q9NYQ7	A0A8V1AD25
Q9NYQ8	A0A8V0YP25
Q9NYR9	Q5ZJW6
Q9NYS0	A0A8V0XCJ7
Q9NYS7	A0A8V0X026
Q9NYT0	A0A8V0ZBA3
Q9NYU1	A0A8V0XQS7
Q9NYU2	A0A8V1A016
Q9NYV4	E1BUG0
Q9NYV6	A0A8V0Z6C4
Q9NYY1	E1C5G0
Q9NYY3	F1NB57
Q9NYY8	E1BSE6
Q9NYZ1	A0A8V1AFM4
Q9NYZ2	F1NS09
Q9NYZ3	A0A8V0Y554
Q9NZ01	A0A8V0XI24
Q9NZ08	A0A1L1RVF4
Q9NZ09	A0A8V0YET8
Q9NZ20	A0A8V0ZLT6
Q9NZ42	A0A8V0X5P8
Q9NZ43	A0A8V1ADL5
Q9NZ45	A0A8V0Y8V8
Q9NZ52	A0A8V1AES0
Q9NZ56	A0A8V0Y1A2
Q9NZ63	F1P4D4
Q9NZ71	A0A8V0ZVY2
Q9NZ94	E9KFA0
Q9NZA1	A0A1D5PU60
Q9NZB2	A0A8V1AA09
Q9NZB8	A0A8V0ZBP9
Q9NZC2	A0A1D5PLP7
Q9NZC3	A0A1D5PNJ4
Q9NZC4	A0A8V1A8H4
Q9NZC7	Q5F389
Q9NZC9	A0A8V0Z9C0
Q9NZD2	A0A8V0Z9Y5
Q9NZD8	A0A8V0ZGJ1
Q9NZE8	A0A8V0Z4R7
Q9NZF1	A0A8V0XFQ4
Q9NZG7	A0A1D5PWI1
Q9NZH0	E1BT99
Q9NZI2	A0A8V0Y5Z0
Q9NZI5	A0A1D5NZ26
Q9NZI6	E1C1L2
Q9NZI7	A0A8V0Z6F2
Q9NZJ4	A0A8V0XRW6
Q9NZJ5	E1BX69
Q9NZJ6	A0A8V0XNX8
Q9NZJ7	A0A8V0ZYV4
Q9NZK5	F1NML7
Q9NZK7	A0A8V0ZLR3
Q9NZL6	A0A8V0YBM3
Q9NZL9	A0A8V0Y736
Q9NZM1	A0A8V0ZD63
Q9NZM3	A0A8V0XUR7
Q9NZM4	A0A8V0YEZ5
Q9NZM5	A0A8V0Y4X1
Q9NZM6	A0A8V0YL71
Q9NZN1	A0A8V0XF78
Q9NZN3	F1NGM0
Q9NZN4	A0A1D5PH79
Q9NZN5	A0A8V1A4M4
Q9NZN8	Q5ZKI3
Q9NZN9	A0A8V0YUA5
Q9NZQ0	Q6IMM1
Q9NZQ3	E1C7M3
Q9NZQ8	A0A8V1A0I2
Q9NZQ9	A0A8V1AJH6
Q9NZR1	A0A1D5PW62
Q9NZR2	A0A8V0Y917
Q9NZS9	A0A8V0ZLI3
Q9NZT2	A0A8V0ZQ32
Q9NZU0	F1NUK7
Q9NZU5	E1BQR6
Q9NZU7	A0A3Q2U8A4
Q9NZV5	A0A8V0YSL9
Q9NZV6	A0A8V0Z1I0
Q9NZV8	E1BS72
Q9NZW5	A0A8V0X5I3
Q9NZZ3	E1BSI4
Q9P000	A0A8V1A988
Q9P003	A0A8V0YWA0
Q9P013	E1C8V6
Q9P021	Q5ZKB6
Q9P031	A0A8V0Y7S2
Q9P032	E1C7K8
Q9P055	A0A8V0Z6F0
Q9P0B6	A0A8V0ZL03
Q9P0I2	E1BQV4
Q9P0J0	A0A8V1AGR3
Q9P0J1	A0A8V0Y897
Q9P0J6	A0A8V0XV61
Q9P0J7	A0A1D5NWN1
Q9P0K1	A0A8V0XGG3
Q9P0K7	A0A8V0YIA7
Q9P0K8	A0A3Q3AWD2
Q9P0K9	A0A8V0Y6T0
Q9P0L0	A0A8V0X9V1
Q9P0L9	A0A8V0ZIM4
Q9P0M2	A0A8V0XRP1
Q9P0M4	A0A8V0Y6T1
Q9P0M6	E1BR08
Q9P0M9	A0A8V1AEE6
Q9P0N5	A0A8V0ZJ24
Q9P0N8	A0A8V1AD48
Q9P0N9	A0A8V0Y3T6
Q9P0P8	A0A8V0YMZ9
Q9P0R6	Q5ZMC6
Q9P0S3	A0A1D5PR34
Q9P0T7	A0A8V1A8X3
Q9P0U1	A0A8V0X4A4
Q9P0U3	A0A8V1A2A9
Q9P0U4	A0A8V0X2Z8
Q9P0V3	A0A8V0Y7P7
Q9P0V8	A0A8V1AAN4
Q9P0V9	A0A8V0YS41
Q9P0W0	A0A8V0YQ40
Q9P0W2	A0A8V1AF71
Q9P0W8	A0A8V0Z5E2
Q9P0X4	A0A8V0YNE5
Q9P0Z9	A0A8V1ANC5
Q9P104	A0A8V0YJV2
Q9P107	A0A3Q2U6L6
Q9P109	E1C421
Q9P1A6	A0A8V0XC91
Q9P1F3	A0A8V0XR28
Q9P1P5	E1C0A1
Q9P1Q0	E1BRC0
Q9P1T7	A0A8V0X579
Q9P1U1	A0A8V1A2J4
Q9P1V8	A0A8V0XK96
Q9P1W3	A0A8V0XJU0
Q9P1Y6	A0A8V0ZSW0
Q9P1Z9	A0A8V1ALT1
Q9P202	A0A8V1AI21
Q9P203	A0A8V0Z5C8
Q9P206	A0A8V0Z2N9
Q9P212	A0A8V0Z643
Q9P217	A0A8V1A028
Q9P218	A0A8V0ZRN3
Q9P219	A0A8V0YYQ5
Q9P232	A0A8V0ZE18
Q9P241	A0A8V0YKR1
Q9P242	A0A8V0ZNY8
Q9P243	A0A3Q2U3D2
Q9P246	A0A8V0YEH4
Q9P253	A0A8V0ZV73
Q9P258	A0A8V0ZE79
Q9P260	A0A8V0YC62
Q9P265	A0A3Q2U035
Q9P266	A0A8V0XQX9
Q9P267	A0A8V0YB25
Q9P270	A0A3Q2U2B3
Q9P272	A0A1D5P5N2
Q9P273	A0A3Q2U7D4
Q9P278	A0A3Q2U512
Q9P283	A0A8V0ZDH8
Q9P286	E1BWY7
Q9P287	E1BUA8
Q9P289	A0A8V0YZS2
Q9P2A4	A0A8V0ZXU1
Q9P2B2	A0A8V0Y5N6
Q9P2B4	A0A8V1AB01
Q9P2B7	A0A8V0XQP7
Q9P2C4	A0A8V0XHP3
Q9P2D0	A0A3Q2U7Z3
Q9P2D1	Q06A37
Q9P2D3	E1C8J1
Q9P2D6	A0A8V0X9L1
Q9P2D7	A0A8V1A4F4
Q9P2D8	A0A8V0YSX5
Q9P2E3	A0A8V1A0C1
Q9P2E5	A0A1L1RW56
Q9P2E7	A0A8V0Y0X5
Q9P2E8	A0A1D5PG09
Q9P2E9	A0A8V0Z8S8
Q9P2F5	A0A8V0XX81
Q9P2F6	A0A8V0XGK1
Q9P2F8	A0A8V0Y4J2
Q9P2F9	F1P3T2
Q9P2G1	A0A8V0XIA2
Q9P2G4	A0A8V0XYA5
Q9P2G9	A0A8V0XEQ2
Q9P2H0	A0A8V0XQI3
Q9P2H3	A0A8V0X736
Q9P2I0	F1NMN0
Q9P2J2	A0A8V1AK45
Q9P2J3	Q5ZLD3
Q9P2J5	A0A8V0Z3U7
Q9P2J9	F1NW03
Q9P2K1	A0A8V0Y9Q9
Q9P2K2	A0A8V0YXL3
Q9P2K5	A0A8V0Z5S9
Q9P2K6	F1P5X6
Q9P2K8	A0A8V0ZWC7
Q9P2L0	E1C3E9
Q9P2M1	A0A8V0XT89
Q9P2M4	A0A8V0YBQ2
Q9P2M7	A0A8V1A6N2
Q9P2N2	A0A8V0X4C3
Q9P2N4	A0A8V0ZDV3
Q9P2N5	F1NM59
Q9P2N6	H9L0K6
Q9P2P5	F1NTZ8
Q9P2P6	A0A8V0Z4Q4
Q9P2Q2	A0A8V0XNA1
Q9P2R3	A0A8V1AMB3
Q9P2R6	A0A8V0Z1Z4
Q9P2R7	Q5F3B9
Q9P2S5	A0A8V0ZHU3
Q9P2S6	A0A8V1ABQ9
Q9P2U8	E1C256
Q9P2V4	A0A8V0YAK6
Q9P2W1	A0A8V0ZJB7
Q9P2W3	A0A8V0Z7U6
Q9P2W7	A0A8V0ZXL2
Q9P2W9	A0A8V0Y2U5
Q9P2X3	A0A8V0XLX6
Q9P2Y5	A0A8V0XCE4
Q9UBB4	A0A1D5PLC3
Q9UBB5	A0A8V0YGD8
Q9UBB9	Q5ZII9
Q9UBC0	A0A1D5NY75
Q9UBC2	A0A8V1AID8
Q9UBC3	A0A8V0YS81
Q9UBD5	A0A8V0XEB0
Q9UBD6	Q6XL41
Q9UBD9	A0A8V0ZWK9
Q9UBE0	A0A8V0Y3F7
Q9UBE8	A0A8V1ADN9
Q9UBF2	A0A8V0XLV1
Q9UBF6	A0A8V0ZYH7
Q9UBF8	A0A8V1AJJ0
Q9UBF9	A0A8V0YSN5
Q9UBG0	A0A8V0ZTV9
Q9UBG3	A0A8V1AA99
Q9UBG7	A0A8V0ZSD9
Q9UBH6	A0A8V0Y578
Q9UBI1	A0A8V0XTD5
Q9UBI4	A0A8V0ZHG1
Q9UBI6	A0A8V1A0I9
Q9UBI9	A0A8V0XR14
Q9UBJ2	A0A1D5PHR1
Q9UBK2	A0A8V0Y5I1
Q9UBK8	A0A8V0X6E4
Q9UBL0	A0A1D5PPY1
Q9UBL3	A0A8V0Z4L1
Q9UBL9	A0A8V0ZP22
Q9UBM1	A0A8V0Z2Y2
Q9UBM4	A0A8V1AEE3
Q9UBM7	A0A8V0ZGK4
Q9UBM8	R4GKF3
Q9UBN1	A0A8V1AMJ8
Q9UBN4	A0A8V0X594
Q9UBP0	Q5ZK92
Q9UBP5	A0A8V0XNN7
Q9UBP9	A0A8V0YIS2
Q9UBQ5	A0A8V0Y9V5
Q9UBQ6	A0A8V0ZXD5
Q9UBQ7	A0A8V0X9T4
Q9UBR1	E1BU99
Q9UBR2	A0A8V0YVC1
Q9UBR4	P53412
Q9UBR5	A0A8V0XMR8
Q9UBS0	A0A8V0ZQJ2
Q9UBS3	A0A8V0X7G8
Q9UBS4	F1NVY5
Q9UBS8	A0A8V0YJK8
Q9UBS9	A0A8V0YX08
Q9UBT2	A0A8V0Y6B5
Q9UBT6	A0A8V0Y2U3
Q9UBT7	F1NMC0
Q9UBU2	A0A8V0XJQ6
Q9UBU3	A0A8V0ZA18
Q9UBU6	A0A8V0Y9Z8
Q9UBU7	A0A3Q3AW61
Q9UBU8	A0A8V0ZJ53
Q9UBU9	A0A8V0X1Y3
Q9UBV2	A0A8V0XTH6
Q9UBV4	A0A8V0X506
Q9UBV7	A0A8V0YKM3
Q9UBV8	A0A1D5P4Z5
Q9UBW7	A0A8V0XN82
Q9UBW8	Q5ZJA1
Q9UBX5	A0A8V0YRM0
Q9UBX8	A0A3S5ZPV4
Q9UBY0	E1BV56
Q9UBY5	B0FMV6
Q9UBY8	A0A1D5NZY8
Q9UBY9	E1BV54
Q9UD57	A0A8V0X3Z2
Q9UD71	A0A8V0ZZ77
Q9UDR5	A0A8V0XA66
Q9UDT6	A0A8V1ALZ1
Q9UDW1	F1NC51
Q9UDW3	E1C1J3
Q9UDY2	A0A8V0YY64
Q9UDY4	F1NKV0
Q9UDY8	A0A1D5P1T2
Q9UEE5	A0A1D5PV76
Q9UEF7	A0A8V0XR32
Q9UER7	A0A8V0XAB0
Q9UET6	A0A8V0X797
Q9UEU0	E1BUX5
Q9UEW3	Q9I8D5
Q9UEW8	A0A8V1A7M0
Q9UEY8	A0A8V0ZCD1
Q9UF02	A0A8V1ABC7
Q9UF11	A0A8V0X6Z1
Q9UF12	A0A8V0X4K6
Q9UF33	A0A8V0XPF0
Q9UF56	A0A8V0Y4J4
Q9UF83	A0A8V1A7L4
Q9UFB7	A0A8V1A437
Q9UFC0	A0A8V1AHE4
Q9UFE4	A0A8V0Z490
Q9UFF9	A0A8V0YLI6
Q9UFH2	A0A8V1ALF6
Q9UFP1	A0A8V0Z338
Q9UFW8	A0A1D5NUG1
Q9UG01	A0A8V0Y1F1
Q9UG56	A0A8V0ZTP0
Q9UG63	Q5ZM62
Q9UGB7	A0A8V0Y2E4
Q9UGC7	A0A8V0XSH3
Q9UGH3	B9VMA9
Q9UGI0	A0A1D5PDU1
Q9UGI8	Q90YH9
Q9UGI9	Q4JK38
Q9UGJ0	A0A8V1AEV9
Q9UGJ1	A0A8V0WZC0
Q9UGK3	A0A8V1AAD6
Q9UGK8	A0A8V0ZSD3
Q9UGM5	A0A8V0YUY5
Q9UGM6	A0A8V1A0A7
Q9UGP4	A0A8V0Z1D9
Q9UGP5	A0A8V0Z8P6
Q9UGP8	A0A8V0YP44
Q9UGQ2	A0A1D5PHF8
Q9UGQ3	A0A8V1AHV9
Q9UGR2	A0A8V0YJ04
Q9UGT4	A0A8V0ZPX8
Q9UGU0	A0A8V0Y6B2
Q9UGU5	A0A8V0YTE7
Q9UGV2	A0A8V0ZM92
Q9UGY1	A0A8V0YFD0
Q9UH03	A0A8V0YCE6
Q9UH36	A0A8V0ZTH2
Q9UH73	F1N9Q3
Q9UH77	A0A8V0YLH6
Q9UH90	A0A8V0ZT52
Q9UH99	A0A8V0YMK5
Q9UHA3	A0A8V0ZM22
Q9UHB4	A0A8V1AGN4
Q9UHB6	A0A8V0ZRF8
Q9UHB7	A0A8V0YL30
Q9UHB9	Q5ZJ33
Q9UHC1	A0A8V0XKC1
Q9UHC6	A0A8V0XZ56
Q9UHD1	Q5ZML4
Q9UHD2	A0A8V0YQ76
Q9UHD8	A0A8V1ANI9
Q9UHF1	A0A8V1AKE7
Q9UHF4	A0A8V0XGA4
Q9UHF5	A0A8V0YCC8
Q9UHF7	A0A8V0Y0P5
Q9UHG0	A0A8V0Y067
Q9UHG3	A0A8V0Z6I7
Q9UHH9	A0A8V1A2A8
Q9UHI6	F1P5C0
Q9UHI7	A0A8V0XZF6
Q9UHI8	A0A8V0Y1A4
Q9UHJ3	A0A8V1A799
Q9UHJ6	A0A8V1ANM6
Q9UHJ9	A0A8V0X8I0
Q9UHK0	A0A8V0XJE8
Q9UHK6	F1NKY1
Q9UHL4	A0A8V1AEN9
Q9UHL9	A0A8V1AHZ4
Q9UHM6	A0A8V0Y0F1
Q9UHN1	A0A8V1AE98
Q9UHN6	F1NJD8
Q9UHP3	A0A8V0XRD4
Q9UHP6	A0A8V1ADH4
Q9UHP9	F1NJ53
Q9UHQ1	A0A8V1AIC0
Q9UHQ4	E1C310
Q9UHR4	A0A8V0ZG68
Q9UHR5	A0A8V1AFG1
Q9UHR6	A0A8V0X8K1
Q9UHV5	A0A8V1A5M6
Q9UHV7	A0A8V1AC60
Q9UHV9	A0A8V1AH30
Q9UHW5	A0A8V1A3R8
Q9UHX1	A0A8V0XZS1
Q9UHY1	A0A8V0XZM9
Q9UHY7	A0A1L1RQM2
Q9UHY8	E1C6V5
Q9UI08	A0A8V0Z381
Q9UI09	A0A8V0Y6X8
Q9UI10	A0A8V0Y022
Q9UI12	A0A8V0XJL5
Q9UI15	E1C7W7
Q9UI17	A0A8V0Y9X4
Q9UI26	A0A8V0YDA3
Q9UI36	A0A1D5PKA7
Q9UI43	A0A8V0ZAX4
Q9UI46	A0A8V0Y1Q2
Q9UI47	A0A8V0XWR2
Q9UI95	Q4KWZ6
Q9UIA0	A0A8V0YP53
Q9UIA9	Q5ZLT0
Q9UIC8	A0A8V0Z6U8
Q9UID6	A0A8V0Z525
Q9UIF3	A0A8V0YQ52
Q9UIF7	A0A8V1AAE7
Q9UIF9	A0A8V1A3T5
Q9UIG0	A0A8V1AMK9
Q9UIG8	A0A8V0Z7W5
Q9UIH9	A0A8V0ZB62
Q9UII2	A0A8V0YY44
Q9UII6	A0A8V0ZMU4
Q9UIJ5	A0A8V0YUB9
Q9UIJ7	A0A8V0Y9V8
Q9UIK5	A0A8V0Y1W5
Q9UIL1	A0A8V0XW13
Q9UIL4	A0A8V0XQR8
Q9UIL8	A0A8V0XN02
Q9UIQ6	A0A8V0YL83
Q9UIU6	A0A8V0YXE0
Q9UIV1	Q5ZJV9
Q9UIW2	A0A8V0ZNY6
Q9UIX4	E1C3M8
Q9UIY3	A0A8V0XF08
Q9UJ14	A0A8V0ZIZ5
Q9UJ41	A0A8V1AP21
Q9UJ42	A0A8V0YXS6
Q9UJ68	A0A8V0YGP3
Q9UJ70	A0A8V0Z6C2
Q9UJ72	A0A8V0XVM8
Q9UJ83	A0A8V0XEK2
Q9UJ90	A0A1D5PQZ6
Q9UJ99	A0A8V0YN20
Q9UJA2	A0A8V0Z1C5
Q9UJA5	A0A8V0Z2L3
Q9UJC5	A0A8V0XFH0
Q9UJD0	E1C134
Q9UJF2	A0A8V0YAH9
Q9UJG1	A0A8V0YV69
Q9UJH8	A0A8V0Z746
Q9UJJ7	E1C0L7
Q9UJJ9	A0A8V0ZKQ8
Q9UJK0	A0A8V0ZE90
Q9UJM3	A0A8V0Z1C1
Q9UJM8	E1BRR7
Q9UJP4	A0A8V0ZFG4
Q9UJQ1	A0A1L1RQ85
Q9UJQ4	Q5F3B8
Q9UJS0	A0A8V0XH10
Q9UJT0	A0A8V0YST0
Q9UJT1	A0A8V1AJ91
Q9UJT9	A0A8V0X630
Q9UJU2	A0A3Q3B1W2
Q9UJU5	P79772
Q9UJU6	A0A8V0Z2V6
Q9UJV3	F1NCH4
Q9UJV8	A0A8V0XVG7
Q9UJV9	A0A8V0Y242
Q9UJW0	E1BQQ5
Q9UJW2	A0A8V0X465
Q9UJX2	A0A1L1RXQ1
Q9UJX3	A0A8V1A932
Q9UJX5	A0A8V0Y778
Q9UJX6	A0A8V1ADL6
Q9UJY1	E1C6V0
Q9UJY4	A0A8V0Z1L8
Q9UJY5	A0A8V0YUE2
Q9UJZ1	A0A8V0YBI3
Q9UK00	A0A8V1A7K0
Q9UK05	P34822
Q9UK17	F1NRL8
Q9UK22	A0A1D5PMY0
Q9UK23	A0A8V0Z753
Q9UK28	A0A8V1AGE2
Q9UK32	A0A8V0YSH3
Q9UK39	A0A8V0XU55
Q9UK41	A0A8V0Y0L8
Q9UK45	A0A8V1AG12
Q9UK53	A0A1D5PZI6
Q9UK55	A0A8V0Z8C6
Q9UK58	A0A8V0X2N2
Q9UK61	A0A8V1A626
Q9UK76	A0A1L1RUW4
Q9UK80	A0A8V1AEV7
Q9UK97	Q5ZIN8
Q9UK99	A0A8V1A7K2
Q9UKA1	A0A8V0Y7C0
Q9UKA2	A0A8V0XJK1
Q9UKA4	A0A8V0XFZ9
Q9UKA8	Q5ZJV6
Q9UKA9	A0A8V1A0G5
Q9UKB1	A0A8V0YDJ9
Q9UKB3	E1C6F1
Q9UKB5	A0A8V0Z4A2
Q9UKC9	A0A8V0ZC78
Q9UKD1	A0A8V0Z2I2
Q9UKD2	A0A8V0ZDN7
Q9UKE5	A0A8V0YFR6
Q9UKF6	A0A8V0XIQ7
Q9UKF7	A0A8V1AHJ4
Q9UKG1	A0A8V1ACC0
Q9UKG4	A0A8V0YBN9
Q9UKG9	A0A8V0XIT5
Q9UKI2	E1C7B1
Q9UKI3	A0A8V0ZW77
Q9UKI8	A0A8V0ZLU3
Q9UKI9	F1P1W9
Q9UKJ3	A0A8V0ZAW2
Q9UKJ5	A0A8V0YGB1
Q9UKK3	A0A8V0XGA9
Q9UKK9	A0A8V0XJL0
Q9UKL0	A0A8V0YYD9
Q9UKL3	A0A8V0XIV3
Q9UKL4	Q8UVE3
Q9UKL6	A0A8V1AH43
Q9UKM7	A0A8V1ABV1
Q9UKM9	A0A8V1A7A1
Q9UKN5	A0A8V0YSL1
Q9UKN7	A0A8V0Z2K3
Q9UKN8	A0A1D5P6B3
Q9UKP4	A0A8V0Z1J6
Q9UKP5	E1C0H0
Q9UKP6	A0A8V1AGA7
Q9UKQ2	A0A8V0ZFU0
Q9UKR5	A0A8V0XLK2
Q9UKS6	A0A3Q2TZM7
Q9UKS7	A0A8V0YCB5
Q9UKT4	A0A8V0XMC0
Q9UKT5	A0A8V0YMX1
Q9UKT7	A0A8V0X0X7
Q9UKT8	A0A8V1A9Z5
Q9UKT9	A0A8V1A5V2
Q9UKU0	A0A8V0YUZ0
Q9UKU6	A0A8V0YP28
Q9UKU7	F1NNW2
Q9UKU9	F1NE57
Q9UKV0	A0A8V0XEI5
Q9UKV3	A0A8V0XM45
Q9UKV5	F1NBB7
Q9UKV8	A0A8V0Y222
Q9UKW4	A0A8V0Y6W5
Q9UKW6	A0A8V0ZVP9
Q9UKX5	A0A8V0Z0K5
Q9UKX7	A0A8V0YFU8
Q9UKY1	A0A1D5PKX3
Q9UKY4	A0A8V0XJZ0
Q9UKZ1	A0A1D5PEY3
Q9UKZ9	A0A8V0YLY1
Q9UL01	E1C3Z8
Q9UL03	A0A1D5PZU0
Q9UL12	A0A8V1AFU8
Q9UL16	A0A8V1AF87
Q9UL17	A0A8V0ZPJ7
Q9UL18	A0A1D5PXD8
Q9UL25	A0A8V0YGN8
Q9UL26	A0A8V0YRV3
Q9UL33	A0A8V0XUM7
Q9UL36	A0A8V0XU08
Q9UL40	A0A8V0Y5K8
Q9UL45	A0A8V0YSV9
Q9UL49	A0A1L1RRW4
Q9UL51	A0A8V1AGR5
Q9UL62	A0A8V0YFR1
Q9UL63	A0A8V0XUD7
Q9UL68	A0A8V0X9K5
Q9ULA0	A0A8V0ZCX8
Q9ULB1	Q9DDD0
Q9ULB4	A0A8V0X5L3
Q9ULC0	A0A8V0XR20
Q9ULC3	A0A8V0XC33
Q9ULC4	Q5ZI42
Q9ULC5	A0A8V0ZC41
Q9ULC6	E1C0W6
Q9ULC8	Q2THW3
Q9ULD0	A0A8V0YAD5
Q9ULD2	A0A8V0YTH0
Q9ULD5	A0A8V1A872
Q9ULD6	A0A8V0XU99
Q9ULD9	A0A8V0X1I8
Q9ULE0	A0A8V0X830
Q9ULE3	A0A8V0YJM1
Q9ULF5	A0A8V0Y8D6
Q9ULG1	A0A8V0ZPN6
Q9ULG6	Q5ZM60
Q9ULH0	A0A8V0XI80
Q9ULH1	A0A8V0XXM6
Q9ULH4	E1C6G2
Q9ULH7	A0A8V0ZEV2
Q9ULI0	A0A1D5PXZ4
Q9ULI1	A0A8V0YHX1
Q9ULI2	A0A3Q3A8V8
Q9ULI3	A0A8V0ZED8
Q9ULI4	A0A8V0YUZ2
Q9ULJ1	A0A8V0ZZ76
Q9ULJ3	A0A8V0Y7J4
Q9ULJ6	A0A8V0ZB76
Q9ULJ7	F1NLN5
Q9ULJ8	A0A8V0XHB1
Q9ULK0	A0A8V0Y6I5
Q9ULK2	E1BZQ6
Q9ULK4	A0A8V0XRL4
Q9ULK5	A0A8V1AHC3
Q9ULK6	F1NSQ8
Q9ULL0	A0A8V0Y6X0
Q9ULL1	A0A8V0XPU3
Q9ULL8	A0A8V0ZC23
Q9ULM0	A0A8V0ZCE8
Q9ULM3	A0A8V0ZZB1
Q9ULM6	A0A8V0YRF3
Q9ULP0	A0A8V0ZZ15
Q9ULP9	A0A1D5P4W1
Q9ULQ0	A0A8V0XUS8
Q9ULQ1	E1BQ97
Q9ULR0	F1P220
Q9ULR3	A0A8V0YLA3
Q9ULS5	A0A8V0XYW5
Q9ULS6	A0A1D5PCF8
Q9ULT0	E1C895
Q9ULT6	A0A8V1A2G3
Q9ULT8	A0A8V0XV28
Q9ULU4	A0A8V1A2C7
Q9ULU8	A0A8V0ZNE0
Q9ULV1	Q9IA05
Q9ULV3	A0A8V1AJK6
Q9ULV4	A0A8V0ZR80
Q9ULV5	A0A8V1A3K1
Q9ULW0	A0A8V0YGC2
Q9ULW2	Q9PWH2
Q9ULW5	A0A8V0Z416
Q9ULX3	F1NRU5
Q9ULX6	A0A8V0XAX3
Q9ULX7	A0A8V1AJK8
Q9ULZ2	A0A8V0XQL4
Q9ULZ9	A0A8V0ZK57
Q9UM00	A0A8V0YWS8
Q9UM11	H9L1Y1
Q9UM13	A0A8V0XQA5
Q9UM22	A0A8V0Z152
Q9UM44	A0A8V0XQE4
Q9UM63	A0A8V0XSL0
Q9UM73	A0A8V0Z3S3
Q9UM82	Q5ZI97
Q9UMQ3	Q9W694
Q9UMR3	Q8UW76
Q9UMR5	A0A8V0X4I2
Q9UMS0	A0A8V0Z363
Q9UMS4	A0A1D5PZS0
Q9UMS5	E1BZ77
Q9UMS6	A0A8V0XM57
Q9UMX0	E1C477
Q9UMX1	A0A8V0Z8C3
Q9UMX3	Q9I8I2
Q9UMX5	A0A8V0Z405
Q9UMX6	P79881
Q9UMX9	A3QW63
Q9UMY1	A0A8V0Y1T2
Q9UMZ2	A0A8V1AMG8
Q9UMZ3	A0A8V0Y8L5
Q9UN19	A0A8V0XQC7
Q9UN37	A0A8V0XWR3
Q9UN42	Q2HZ96
Q9UN76	A0A8V0Z5E7
Q9UN79	A0A8V1ABJ3
Q9UNA0	A0A8V0Y665
Q9UNA1	Q5ZMW5
Q9UNA3	A0A8V1A5S6
Q9UNE0	Q5EFZ7
Q9UNE2	A0A8V1AKR6
Q9UNH5	A0A8V0ZW37
Q9UNH6	A0A8V0ZR21
Q9UNH7	A0A8V0XJG4
Q9UNI1	A0A1D5PGJ4
Q9UNI6	F1N842
Q9UNK0	A0A8V1AKX6
Q9UNK9	Q5ZJC6
Q9UNL2	R4GJK4
Q9UNL4	Q5ZKY4
Q9UNM6	P84169
Q9UNN4	A0A8V0Z7I4
Q9UNN5	A0A1D5NY89
Q9UNN8	A0A8V0ZTD6
Q9UNP4	A0A8V0Z4G1
Q9UNP9	A0A8V0Z3A2
Q9UNQ0	A0A8V0ZF15
Q9UNQ2	E1C0U9
Q9UNS1	A0A8V1A1A3
Q9UNS2	Q5ZJF1
Q9UNU6	A0A8V1A4A2
Q9UNW8	R4GHJ0
Q9UNX4	A0A8V0ZP70
Q9UNY4	A0A8V0XP21
Q9UNZ2	Q5ZK10
Q9UP79	A0A8V0ZKD7
Q9UP83	A0A8V0Y2F8
Q9UP95	A0A3Q2U2M5
Q9UPA5	A0A8V1AFZ0
Q9UPC5	A0A8V0XFN0
Q9UPG8	E1BUD7
Q9UPI3	A0A8V0XRG1
Q9UPM6	A0A8V1A648
Q9UPM8	A0A8V0ZP15
Q9UPM9	A0A8V0Z819
Q9UPN4	A0A8V1ADG7
Q9UPN6	A0A8V0XSV1
Q9UPN9	F1P5H8
Q9UPP2	A0A8V0Y459
Q9UPQ0	A0A8V0YL86
Q9UPQ3	A0A8V0YG47
Q9UPQ4	A0A8V0Y9E9
Q9UPQ7	A0A8V0ZKD6
Q9UPQ8	R4GI61
Q9UPQ9	A0A8V0YHR3
Q9UPR0	A0A8V0XBN2
Q9UPR3	A0A8V1AHX0
Q9UPR5	A0A1D5PZT6
Q9UPT5	A0A1D5PP34
Q9UPT6	A0A8V0YW32
Q9UPT9	A0A8V0ZDZ9
Q9UPU3	A0A8V0ZBW7
Q9UPU5	A0A8V0ZQ83
Q9UPU7	A0A8V0ZS67
Q9UPU9	A0A8V0ZEY7
Q9UPV0	A0A8V0ZZP3
Q9UPV7	A0A8V0YFE3
Q9UPV9	A0A8V0Z2K5
Q9UPW6	A0A8V0ZWN1
Q9UPX0	A0A8V0ZWT7
Q9UPX6	A0A8V0ZI84
Q9UPX8	A0A8V1A483
Q9UPY5	E1C734
Q9UPY6	A0A3Q2UPF3
Q9UPY8	A0A3Q2TYN9
Q9UPZ3	A0A8V1A1Q1
Q9UPZ6	A0A8V0XKM6
Q9UPZ9	A0A8V0X4Q3
Q9UQ03	A0A8V0Z8H9
Q9UQ07	A0A8V0YZM1
Q9UQ10	A0A8V0XM79
Q9UQ13	A0A8V0Z563
Q9UQ16	A0A8V0YTL7
Q9UQ26	A0A8V0YI09
Q9UQ35	A0A8V0X3G7
Q9UQ49	A0A8V0X3Z6
Q9UQ52	A0A8V0ZEB1
Q9UQ53	A0A8V0Z5U1
Q9UQ80	A0A1D5P7C6
Q9UQ84	A0A8V0Y2M7
Q9UQ90	R4GI64
Q9UQB3	A0A8V0X3V8
Q9UQB8	A0A1D5P0L1
Q9UQC2	A0A8V0XK75
Q9UQC9	A0A8V0ZL29
Q9UQD0	A0A8V0ZPG4
Q9UQE7	A0A8V0ZD52
Q9UQF2	A0A8V0ZG48
Q9UQK1	A0A8V0ZL40
Q9UQM7	F1NGS8
Q9UQP3	A0A8V0Y9P7
Q9UQQ2	A0A8V1A6H5
Q9UQR0	A0A8V0XC51
Q9UQR1	A0A8V0Z7H0
Q9UQV4	A0A8V0YXW4
Q9Y210	A0A8V0XUZ1
Q9Y215	A0A8V0XEC5
Q9Y216	A0A8V0YU54
Q9Y217	A0A8V0XJU8
Q9Y219	A0A8V0ZBK3
Q9Y221	A0A8V0Y567
Q9Y222	A0A1D5NYR7
Q9Y223	A0A8V0YL47
Q9Y224	A0A8V0Z4D7
Q9Y225	R4GLL9
Q9Y227	E1C3V3
Q9Y228	A0A8V1AFD1
Q9Y231	A0A8V0XI05
Q9Y232	A0A8V0YCC1
Q9Y233	A0A8V0XWK8
Q9Y234	A0A8V0YTB2
Q9Y235	A0A8V1A4V2
Q9Y236	A0A8V0Y9T7
Q9Y237	F1NCD7
Q9Y238	A0A8V1ADC0
Q9Y239	A0A1D5PTE0
Q9Y241	A0A8V1AA24
Q9Y243	A0A1D5NTY9
Q9Y244	A0A8V0XLI3
Q9Y248	A0A8V0XW99
Q9Y250	A0A8V0Z9W7
Q9Y252	A0A8V0XQU7
Q9Y253	Q5ZIW9
Q9Y261	A0A1D5NX62
Q9Y262	Q5F428
Q9Y263	A0A8V0XVG5
Q9Y265	A0A8V1AE58
Q9Y271	F1P4F9
Q9Y272	A0A8V0Z1L0
Q9Y274	A0A8V0XRF2
Q9Y275	Q8JHJ4
Q9Y276	A0A8V0ZKX8
Q9Y277	A0A8V0Z4P3
Q9Y278	A0A8V0Z1U8
Q9Y279	A0A8V0YZH6
Q9Y281	P21566
Q9Y282	R4GJ83
Q9Y284	F8RT80
Q9Y289	A0A8V0Y9C5
Q9Y291	A0A8V0YMV2
Q9Y294	Q3C1E9
Q9Y295	F1NX13
Q9Y296	F1NU38
Q9Y297	A0A8V0Z687
Q9Y2A7	A0A8V0YC99
Q9Y2B0	A0A8V1A106
Q9Y2B1	A0A8V0YEM7
Q9Y2B2	A0A8V1ALZ0
Q9Y2B4	A0A8V1A8P2
Q9Y2B5	A0A8V0XRD9
Q9Y2B9	A0A8V0ZZ48
Q9Y2C2	A0A8V0XU77
Q9Y2C3	E1BZG7
Q9Y2C4	A0A8V1AEK3
Q9Y2D0	A0A8V0YA50
Q9Y2D2	A0A8V1A2H8
Q9Y2D4	A0A8V0Z5R1
Q9Y2D5	A0A8V0XZE8
Q9Y2D8	E1BU32
Q9Y2D9	E1BQL6
Q9Y2E4	A0A1D5P2G8
Q9Y2E5	A0A8V0Y9V3
Q9Y2E6	F1NLX9
Q9Y2F5	A0A8V0XU22
Q9Y2F9	F1NI11
Q9Y2G0	A0A8V0YEG3
Q9Y2G1	A0A8V0ZIC9
Q9Y2G2	A0A8V0X031
Q9Y2G3	A0A8V0YYJ1
Q9Y2G4	A0A8V0XGA2
Q9Y2G5	A0A8V0Y608
Q9Y2H0	A0A8V1A2K4
Q9Y2H1	A0A8V0YB42
Q9Y2H2	A0A8V0X5H9
Q9Y2H5	A0A8V1A417
Q9Y2I1	A0A8V1A6X1
Q9Y2I2	A0A8V0Y6K5
Q9Y2I7	A0A8V0ZMK1
Q9Y2I8	E1C008
Q9Y2I9	A0A8V0YI12
Q9Y2J0	A0A8V0ZLT2
Q9Y2J2	A0A8V0XC14
Q9Y2J4	A0A8V0ZZ65
Q9Y2J8	S6BNL5
Q9Y2K1	F1NNE5
Q9Y2K2	A0A8V1A7E9
Q9Y2K5	A0A8V1A5J3
Q9Y2K6	A0A8V1AGM6
Q9Y2K7	A0A1D5NW01
Q9Y2K9	A0A8V1A571
Q9Y2L1	A0A8V0X405
Q9Y2L5	A0A8V0XGW0
Q9Y2L6	A0A8V0ZJG9
Q9Y2L9	A0A8V0XEX2
Q9Y2M0	A0A3Q2UDF6
Q9Y2M5	Q5ZKD9
Q9Y2P4	A0A3Q3AQ10
Q9Y2P8	A0A8V0YA32
Q9Y2Q0	A0A3Q2U2N5
Q9Y2Q3	F1N9G6
Q9Y2Q5	A0A8V1A768
Q9Y2Q9	A0A8V0XJC2
Q9Y2R0	A0A8V0ZV35
Q9Y2R2	A0A8V1AGD7
Q9Y2R4	Q5F3Y6
Q9Y2R5	E1C9H4
Q9Y2R9	Q5ZMU0
Q9Y2S2	A0A8V0XPP8
Q9Y2S7	A0A8V1AM26
Q9Y2T1	A0A1D5PPH8
Q9Y2T3	A0A8V0YVA5
Q9Y2T4	A0A8V0YI41
Q9Y2T5	A0A8V0Y8F1
Q9Y2T6	F1NRF0
Q9Y2U5	A0A8V0ZJ31
Q9Y2U8	A0A8V0YHI1
Q9Y2U9	A0A8V0ZGB3
Q9Y2V0	Q5F476
Q9Y2V2	A0A8V0Z094
Q9Y2V7	A0A8V0XE29
Q9Y2W1	F1NY54
Q9Y2W2	E1BSG7
Q9Y2W3	A0A8V0ZEM3
Q9Y2X0	A0A8V1A4D8
Q9Y2X3	A0A8V1A6A3
Q9Y2X7	A0A8V1ANE2
Q9Y2X9	A0A8V0YGZ0
Q9Y2Y1	A0A8V0Z8M8
Q9Y2Y6	A0A8V0ZTD7
Q9Y2Y9	A0A8V0ZZM3
Q9Y2Z0	A0A8V0X843
Q9Y2Z2	A0A1D5PM29
Q9Y2Z4	A0A8V0YBV3
Q9Y2Z9	A0A8V0XVQ8
Q9Y303	F1P5J8
Q9Y305	A0A8V0XCS8
Q9Y312	F1P5Y2
Q9Y315	A0A8V0YJT9
Q9Y316	A0A8V0XXE6
Q9Y320	A0A1L1RNA9
Q9Y324	A0A1L1RUD3
Q9Y328	A0A8V0XXG1
Q9Y342	Q5ZIE5
Q9Y343	A0A8V0X896
Q9Y345	A0A8V0Z6L2
Q9Y365	A0A8V0YBN2
Q9Y366	A0A8V0ZX64
Q9Y371	Q5ZIR1
Q9Y375	E1BZH1
Q9Y376	R4GI86
Q9Y383	Q5ZLW7
Q9Y385	A0A8V0XGC1
Q9Y388	A0A8V0YWW1
Q9Y394	A0A8V0Z0D4
Q9Y397	A0A8V0YPS8
Q9Y399	A0A8V1AF65
Q9Y3A0	A0A8V1ACA1
Q9Y3A2	E1BU24
Q9Y3A3	A0A8V0YST6
Q9Y3A4	A0A8V0YB77
Q9Y3A5	Q5ZIY4
Q9Y3A6	A0A8V0ZM00
Q9Y3B1	A0A8V0YVE1
Q9Y3B2	A0A8V0ZFF0
Q9Y3B3	A0A8V0Y5T8
Q9Y3B4	A0A8V0Y6V5
Q9Y3B8	A0A1L1RK74
Q9Y3B9	A0A8V0YN72
Q9Y3C0	A0A8V0YD47
Q9Y3C1	A0A8V0YNA0
Q9Y3C4	A0A8V0XWU3
Q9Y3C5	A0A8V1A0D9
Q9Y3C6	A0A1D5PW44
Q9Y3C7	A0A8V1ALD2
Q9Y3C8	A0A8V1A4K1
Q9Y3D0	E1BWV0
Q9Y3D3	A0A8V0ZEL8
Q9Y3D5	A0A8V0XAI5
Q9Y3D6	A0A8V0XEA4
Q9Y3D7	A0A8V0YYD2
Q9Y3D8	A0A8V0XSI7
Q9Y3D9	E1C2E9
Q9Y3E0	A0A8V0YMJ8
Q9Y3E1	A0A8V0YQX7
Q9Y3E2	A0A8V1AE96
Q9Y3E5	E1BWS4
Q9Y3E7	A0A8V0YSD6
Q9Y3F4	Q5ZL33
Q9Y3I0	F1NYI3
Q9Y3I1	F1NEB0
Q9Y3M2	A0A8V0YFX5
Q9Y3M8	A0A8V0XVV2
Q9Y3P9	F1P0U3
Q9Y3Q0	A0A8V0XXI1
Q9Y3Q3	A0A8V0YW72
Q9Y3Q4	A0A8V0ZDQ7
Q9Y3R0	F1NHU1
Q9Y3R4	A0A8V0ZQN0
Q9Y3R5	A0A8V0YPW6
Q9Y3S2	E1C2N4
Q9Y3T6	A0A8V0ZIZ7
Q9Y3T9	A0A8V0YTE9
Q9Y3U8	Q98TF6
Q9Y3V2	A0A8V0ZWL8
Q9Y3X0	A0A8V0XZ78
Q9Y3Y2	A0A8V1AKF9
Q9Y3Y4	E1BWE1
Q9Y3Z3	Q5ZJL9
Q9Y421	A0A1D5PDZ1
Q9Y426	A0A8V0YBE3
Q9Y446	A0A8V0ZFK0
Q9Y448	A0A8V0ZVE3
Q9Y450	A0A8V0XPY1
Q9Y458	A0A8V0YGY4
Q9Y462	A0A8V0YYW3
Q9Y466	Q91379
Q9Y478	A0A8V1A092
Q9Y483	A0A8V0ZK92
Q9Y484	A0A8V0X418
Q9Y485	A0A8V0Y1L8
Q9Y487	A0A8V1A1E7
Q9Y493	A0A8V0Z385
Q9Y496	A0A8V0YVT3
Q9Y4A5	A0A8V0ZNI1
Q9Y4B4	A0A8V1ABD1
Q9Y4B6	A0A8V1A7P9
Q9Y4C4	A0A8V0XHV2
Q9Y4C5	A0A1D5NVT2
Q9Y4C8	A0A8V0X7Q9
Q9Y4D1	A0A8V0YSZ5
Q9Y4D2	A0A8V0ZB80
Q9Y4D7	A0A3Q2U1R1
Q9Y4D8	A0A8V0ZZS1
Q9Y4E5	A0A8V0X932
Q9Y4E6	A0A8V0Y4I9
Q9Y4E8	A0A8V0YAP8
Q9Y4F4	A0A8V0YZJ4
Q9Y4F5	A0A8V0ZB66
Q9Y4F9	A0A8V0XVA7
Q9Y4G6	A0A8V0ZT95
Q9Y4G8	A0A8V0Y1T5
Q9Y4H2	A0A8V0YJ50
Q9Y4I1	Q02440
Q9Y4I5	A0A8V1ABW4
Q9Y4J8	A0A1D5NYE9
Q9Y4K1	A0A8V0YIE7
Q9Y4K3	E1C626
Q9Y4K4	A0A8V0ZA45
Q9Y4P3	A0A8V1AMI7
Q9Y4P8	Q5ZHN3
Q9Y4R8	A0A8V0Z0P5
Q9Y4W2	A0A8V0YSK4
Q9Y4W6	A0A8V0X9X4
Q9Y4X0	A0A8V0YSL0
Q9Y4X4	A0A1D5NWW5
Q9Y4X5	A0A1D5PH50
Q9Y4Y9	A0A8V0ZB59
Q9Y4Z0	A0A8V1AB52
Q9Y4Z2	A0A8V0ZEX7
Q9Y508	A0A8V0YHL7
Q9Y512	E1C8A2
Q9Y519	A0A8V0YPS0
Q9Y520	A0A8V0YP40
Q9Y530	A0A8V1ACI6
Q9Y534	A0A8V0YF87
Q9Y535	A0A1L1RZW5
Q9Y546	A0A8V0ZX40
Q9Y547	A0A8V1A4I0
Q9Y548	A0A8V1AEJ8
Q9Y561	A0A8V0YQ02
Q9Y570	A0A8V0XFZ1
Q9Y573	A0A8V1AD60
Q9Y574	A0A8V0XES6
Q9Y575	A0A8V0YSE1
Q9Y576	A0A8V0YK86
Q9Y580	F1NGK7
Q9Y584	A0A8V1AK94
Q9Y586	A0A8V0XZD8
Q9Y587	A0A8V0XPJ4
Q9Y592	A0A8V0YE85
Q9Y597	E1C9F1
Q9Y5A7	E1BZ00
Q9Y5A9	A0A8V0YT72
Q9Y5B0	A0A8V0Y1D0
Q9Y5B6	A0A8V0Y5P8
Q9Y5B8	A0A8V0XQQ4
Q9Y5B9	A0A8V0X2U7
Q9Y5C1	A0A8V0ZPK2
Q9Y5F6	A0A8V0Y8X1
Q9Y5I7	A0A8V0YPC2
Q9Y5J1	A0A8V1AGS5
Q9Y5J3	A0A8V0XIX5
Q9Y5J6	A0A1D5PN84
Q9Y5J7	Q5ZIR8
Q9Y5K1	A0A8V0YQM9
Q9Y5K3	A0A8V0XBA3
Q9Y5K5	A0A8V0YGG7
Q9Y5K6	A0A8V0XTU4
Q9Y5K8	A0A8V0Z5I7
Q9Y5L0	A0A8V0XRY4
Q9Y5L4	A0A8V1ADI7
Q9Y5M8	A0A8V0ZZE1
Q9Y5N1	A0A8V0ZXQ0
Q9Y5N5	A0A8V0Y587
Q9Y5N6	A0A8V1A1P6
Q9Y5P3	E1BTV9
Q9Y5P4	A0A8V0Y7K8
Q9Y5P6	A0A8V1ACT2
Q9Y5P8	A0A8V0XGQ7
Q9Y5Q3	Q90888
Q9Y5Q5	A0A8V0YE77
Q9Y5Q8	A0A8V1AFN2
Q9Y5Q9	A0A8V0Y8X2
Q9Y5R2	A0A1D5P6V1
Q9Y5R4	E1BTM2
Q9Y5R5	A0A8V0YI81
Q9Y5S1	A0A8V1AM03
Q9Y5S2	A0A8V0YK18
Q9Y5S8	A0A8V0Z414
Q9Y5S9	A0A8V1ADP2
Q9Y5T4	A0A8V0XDG2
Q9Y5T5	A0A8V0Y5F1
Q9Y5U2	A0A8V0ZR81
Q9Y5U5	A0A8V0ZIN1
Q9Y5U8	A0A8V0XTE8
Q9Y5U9	A0A8V0YCU4
Q9Y5V0	Q5ZMM5
Q9Y5W3	E1C442
Q9Y5W5	A0A1D5PHP9
Q9Y5W7	A0A8V0XLS9
Q9Y5W8	A0A8V0XE47
Q9Y5W9	A0A8V0ZD77
Q9Y5X0	A0A8V0X400
Q9Y5X1	A0A8V0XPM1
Q9Y5X2	A0A8V0ZB61
Q9Y5X3	F1P337
Q9Y5X4	Q90WV5
Q9Y5X5	A0A8V0XGX1
Q9Y5X9	A0A1D5P986
Q9Y5Y0	A0A8V0ZRH2
Q9Y5Y2	Q5ZKV4
Q9Y5Y5	A0A8V0ZNB2
Q9Y5Y6	A0A8V1A0I1
Q9Y5Y7	A0A8V0ZH69
Q9Y5Z0	A0A8V0YF22
Q9Y5Z4	A0A8V0YAZ6
Q9Y5Z6	E1C4T5
Q9Y5Z7	A0A8V0YF01
Q9Y5Z9	Q5ZKS8
Q9Y600	A0A8V1A0I7
Q9Y603	A0A8V0ZTR6
Q9Y606	A0A8V0ZXM5
Q9Y608	A0A8V0ZA22
Q9Y613	A0A8V0ZKT1
Q9Y617	A0A8V0YSF7
Q9Y618	A0A8V1A155
Q9Y625	A0A8V0XPL6
Q9Y639	F1NI46
Q9Y646	A0A8V0YBD5
Q9Y651	Q9W7R5
Q9Y653	A0A8V0ZZX7
Q9Y661	F1NW51
Q9Y662	A0A8V1AQB3
Q9Y663	F1NL56
Q9Y666	A0A1D5P9V5
Q9Y672	Q802T2
Q9Y673	A0A8V0XKY7
Q9Y678	A0A8V1A3D8
Q9Y679	A0A8V0XN95
Q9Y680	A0A8V1A0X8
Q9Y689	A0A8V0YCY3
Q9Y691	A0A8V0YZA4
Q9Y692	A0A8V0YTN1
Q9Y693	E1BUW2
Q9Y694	A0A8V0Z249
Q9Y696	A0A8V0Z0D3
Q9Y697	A0A8V0ZPZ9
Q9Y698	A0A8V0YQ77
Q9Y6A1	F1NMM0
Q9Y6A2	A0A8V0YXQ1
Q9Y6A4	Q5ZHP3
Q9Y6A5	A0A8V0YWT0
Q9Y6A9	A0A8V1A741
Q9Y6B6	A0A8V0YCZ5
Q9Y6B7	A0A8V1A958
Q9Y6C5	A0A8V1A4E2
Q9Y6C9	Q9PVL6
Q9Y6D0	A0A8V1AAQ7
Q9Y6D5	A0A8V0ZYW9
Q9Y6D6	A0A8V0XC58
Q9Y6D9	A0A8V0ZC99
Q9Y6E0	A0A8V0XQS0
Q9Y6E7	A0A8V0ZI37
Q9Y6F6	A0A8V0ZH35
Q9Y6F9	A0A8V0ZNV6
Q9Y6G1	A0A8V0X4T3
Q9Y6G3	F1NWY7
Q9Y6G5	A0A8V0Y1H1
Q9Y6H3	A0A8V0YGJ4
Q9Y6H5	A0A8V0X1S5
Q9Y6H6	A0A8V0XA82
Q9Y6H8	P29415
Q9Y6I4	A0A8V1A1U7
Q9Y6I7	Q9W7K9
Q9Y6I8	E1C5N7
Q9Y6I9	E1C8H2
Q9Y6J0	A0A8V1ACV9
Q9Y6J6	A0A8V0YAS1
Q9Y6J8	A0A8V1AJI2
Q9Y6K8	A0A8V0ZN35
Q9Y6K9	A0A8V0WZH6
Q9Y6L7	A0A8V0ZF88
Q9Y6M1	A0A8V1A171
Q9Y6M5	F1NHZ7
Q9Y6M7	A0A3Q2UMA3
Q9Y6M9	A0A1D5PNM0
Q9Y6N1	A0A8V1AL15
Q9Y6N5	A0A8V0YSC1
Q9Y6N6	A0A8V1ACJ1
Q9Y6N7	A0A8V0XUM4
Q9Y6N8	P79995
Q9Y6N9	A0A8V0ZX79
Q9Y6P5	A0A8V0YH04
Q9Y6Q2	E1BRM0
Q9Y6Q6	A0A8V0Y747
Q9Y6Q9	A0A8V0ZYK0
Q9Y6R1	A0A8V0XGS8
Q9Y6R4	A0A8V0XS42
Q9Y6R7	A0A8V0X6K1
Q9Y6S9	A0A8V0XPH6
Q9Y6T7	A0A1D5PLX8
Q9Y6U7	A0A8V0X4Q6
Q9Y6V7	A0A8V1A7P4
Q9Y6W3	A0A8V0Z0N6
Q9Y6W5	H9L0D7
Q9Y6W6	F1NXH3
Q9Y6W8	A0A8V0ZTP5
Q9Y6X0	A0A8V0YEF6
Q9Y6X2	A0A8V1ALL2
Q9Y6X3	A0A8V1AEC9
Q9Y6X4	A0A8V0Y9N7
Q9Y6X5	A0A8V0Y1B6
Q9Y6X6	A0A8V0YRL9
Q9Y6X8	A0A1D5PYW2
Q9Y6X9	A0A8V0ZMR2
Q9Y6Y0	A0A1D5NXS8
Q9Y6Y1	A0A8V0Z206
Q9Y6Y8	A0A8V0XG70
Q9Y6Y9	A0A8V0XHS1
W5XKT8	A0A8V1AKF8
A0A075B6N1	A0A8V0ZRN8
A0A087WXM9	A0A8V0YWJ7
A0A0C4DGP1	A0A8V0ZGD6
A0A0U1RR37	A0A3Q3AJJ2
A0A1B0GTB2	A0A8V0ZBY8
A0A1B0GTC6	A0A8V0XR75
A0A1B0GTI8	A0A8V0XGE8
A0A1B0GTK4	A0A8V0ZZD3
A0A1B0GTU2	A0A8V0ZE77
A0A1B0GU29	A0A8V0XJ46
A0A1B0GUA5	A0A8V0Z675
A0A1B0GUI7	A0A8V1AI92
A0A1B0GUU1	A0A8V0ZQZ2
A0A1B0GV85	A0A8V0XSW1
A0A1B0GVD1	A0A8V0XN04
A0A1B0GVH7	A0A8V0XM39
A0A1B0GVM6	A0A8V0XYH5
A0A1B0GVS7	A0A8V0ZNS8
A0A1B0GVZ9	A0A8V0YWH1
A0A1B0GW35	R4GKM0
A0A1B0GW64	A0A8V0YHM2
A0A1B0GWB2	A0A8V1AFR5
A0A1B0GWH6	A0A8V1A5Z4
A0A1W2PQ73	A0A8V0X747
A0A1W2PR82	A0A8V0YSA8
A0A1W2PRP0	A0A8V0ZNJ5
A0A286YF58	A0A8V0YQK1
A0A2R8Y4M2	A0A8V1A172
A0A2R8Y7D0	A0A6C0QKF0
A0A494BZU2	A0A8V1AD43
A0A8I5KY20	A0A8V1ABM6
A0AUZ9	A0A8V0YAS4
A0AV02	A0A8V0ZD27
A0AV96	A0A8V0YMK0
A0AVF1	A0A8V0YFH5
A0AVK6	A0A8V0ZH12
A0AVT1	A0A8V0XNP1
A0FGR8	A0A8V1A5Y4
A0FGR9	A0A8V0ZF93
A0JLT2	A0A8V1A7Y5
A0JNW5	A0A8V0YBB2
A0MZ66	A0A8V0ZT01
A0PG75	E1C858
A0PJE2	A0A8V0XC11
A0PJK1	A0A8V0YWK9
A0PJX2	A0A8V1A503
A0PJX4	A0A8V0YHM0
A0PJX8	A0A8V0ZF69
A0PJY2	A0A8V0X7P5
A0PJZ3	A0A8V0Z6X2
A0PK00	A0A3Q2UHS0
A0PK05	A0A8V0ZTD1
A0PK11	A0A8V0Y997
A1A4G5	A0A8V0XSV4
A1A4S6	A0A8V0XLZ2
A1A4V9	A0A8V1AIV1
A1A5B4	A0A8V0Z8L8
A1A5C7	F1P4D6
A1IGU5	A0A8V0XSL8
A1KXE4	A0A8V0ZW97
A1L020	A0A8V1A753
A1L0T0	A0A8V0X9N1
A1L167	A0A1D5NUJ8
A1L188	A0A1D5PWK9
A1L190	A0A8V1A2M0
A1L390	A0A8V0ZJF4
A1L3X0	E1C102
A1L4K1	A0A8V0Z9M3
A1X283	A0A8V0YHJ6
A1XBS5	A0A8V0Y7R6
A1YPR0	A0A8V0Y3W7
A2A288	A0A8V0XLL4
A2A2V5	A0A1D5P8G4
A2A2Y4	A0A1D5NV88
A2A3K4	A0A8V1AH94
A2A3L6	A0A8V1AHF1
A2AJT9	F1NKX9
A2CJ06	A0A8V1A4I8
A2IDD5	A0A8V0Z6B2
A2PYH4	A0A8V0ZS56
A2RRH5	A0A8V0XQ28
A2RRP1	A0A8V0XHP1
A2RTX5	A0A8V1A0B9
A2RU30	A0A8V1A552
A2RU48	A0A8V0YL61
A2RU49	A0A8V0ZRB5
A2RU54	A0A8V0X3N5
A2RU67	Q5F3L3
A2RUB1	A0A8V1A515
A2RUB6	A0A8V1A613
A2RUS2	A0A1D5NUL1
A2VCK2	A0A8V0Z0Z7
A2VDJ0	A0A8V0YWD0
A3KMH1	A0A8V0XCZ9
A3KN83	A0A8V1A4D5
A4D0S4	A0A8V0Y6P1
A4D0V7	A0A8V0X216
A4D126	A0A8V0XCK8
A4D161	A0A8V0X8D6
A4D1B5	A0A8V0Y263
A4D1E1	A0A8V0XK06
A4D1E9	A0A8V0XDK6
A4D1F6	A0A8V0XNM8
A4D1S5	F1P278
A4D1U4	A0A8V0YT05
A4D1Z8	A0A8V0ZCX7
A4D263	A0A8V0X5T2
A4D2P6	A0A8V0YYB5
A4FU01	A0A8V1AFE4
A4GXA9	A0A8V0Z7R1
A4IF30	A0A8V0Z6Y9
A4QMS7	A0A8V0X8V5
A5D8V6	A0A8V0ZBP2
A5D8W1	A0A8V0XN00
A5PKW4	A0A8V0ZGT7
A5PLK6	A0A8V0Y7N4
A5PLL1	A0A1L1RSA7
A5PLL7	A0A8V0YR11
A5PLN7	A0A8V0YT55
A5PLN9	A0A8V0YM10
A5YKK6	A0A8V0ZE30
A6BM72	A0A8V0Z3Q9
A6H8M9	A0A8V1AE21
A6H8Y1	A0A8V0YAS3
A6NC05	A0A8V0YGE9
A6NC86	A0A8V0YA07
A6NC97	A0A8V0XP26
A6NCF5	A0A8V1AA41
A6NCI4	A0A8V0YWW6
A6NCJ1	A0A8V1AJH1
A6NCL1	A0A8V0YVJ8
A6NCL7	A0A8V0X6A3
A6NCM1	A0A8V0YFU9
A6NCQ9	A0A8V1AHK8
A6NCS6	A0A8V0YYR4
A6ND36	A0A8V0Z324
A6ND91	A0A8V0X7L2
A6NDA9	A0A8V0Y6T2
A6NDD5	A0A8V0XKZ6
A6NDL7	A0A8V0XJY4
A6NDP7	A0A8V1AP18
A6NDV4	A0A8V0Y6J8
A6NE02	A0A8V1ADA3
A6NEE1	A0A8V0ZR29
A6NEK1	A0A8V0YNE8
A6NEL2	A0A8V0XJS5
A6NEN9	A0A8V0YZN8
A6NEQ2	A0A8V0Y254
A6NEY8	A0A8V0YXW9
A6NFA1	R4GF39
A6NFD8	A0A8V0XME4
A6NFE3	A0A8V0Y4C5
A6NFK2	A0A8V0YX67
A6NFN3	A0A8V1AMQ5
A6NFT4	A0A8V0ZFM5
A6NFU0	A0A8V1AB13
A6NFX1	A0A8V0Y3H1
A6NGB7	A0A8V1ADT3
A6NGB9	A0A8V0XAV8
A6NGC4	A0A8V1AJR3
A6NGG8	A0A8V0Z294
A6NGH8	A0A3Q3AWQ8
A6NH21	A0A8V0X4E3
A6NH52	A0A1D5P6B6
A6NHC0	F1P052
A6NHN0	A0A8V0X186
A6NHR9	A0A8V0X257
A6NHS7	R4GIB0
A6NHX0	A0A8V1ANF9
A6NHY2	A0A8V0YB60
A6NHZ5	A0A8V0XZE5
A6NI28	A0A8V0XSM3
A6NI61	A0A8V1AAF8
A6NI79	A0A8V0YPR0
A6NIH7	A0A8V0ZK85
A6NIK2	A0A8V0ZJ48
A6NIM6	A0A8V0YH67
A6NIV6	A0A8V0YRH2
A6NIX2	A0A8V0Y3K2
A6NJ46	E1C0H3
A6NJ78	A0A1D5PLE8
A6NJI9	A0A8V0XCP5
A6NJT0	A0A8V0Z879
A6NJV1	A0A8V0YDT1
A6NK06	A0A8V0X3U9
A6NK44	A0A8V0YGJ6
A6NK58	A0A8V0X3P1
A6NK59	A0A8V1A1W3
A6NK89	A0A8V0ZSM2
A6NKB5	A0A8V0XRJ4
A6NKD9	A0A8V0YVK0
A6NKG5	A0A8V0YDF4
A6NKL6	A0A8V0X732
A6NKN8	A0A8V1A9C8
A6NKX4	A0A8V0Y344
A6NLC5	A0A3Q2UF71
A6NLP5	F1NET8
A6NLU5	A0A8V0ZWU3
A6NM36	A0A1D5PEK9
A6NMD0	A0A8V1A6A2
A6NMK8	A0A8V0Y1U5
A6NMT0	E1BS07
A6NMZ2	B7FF67
A6NN90	A0A8V0XWV1
A6NNA2	A0A8V1AL85
A6NNA5	A0A8V0ZCB7
A6NNE9	A0A8V0X0H4
A6NNL5	F1NUQ7
A6NNM8	A0A8V0X6F3
A6NNN8	A0A8V1A1V1
A6NNP5	A0A8V0XL96
A6NNS2	A0A8V1AB83
A6NNW6	A0A3Q3AEZ3
A6NP61	A0A8V0XTC9
A6QL63	A0A8V0YZI1
A6XGL0	A0A8V1A946
A7E2U8	A0A8V0YZ75
A7E2V4	A0A8V0ZIA9
A7KAX9	A0A8V0ZMZ0
A7MBM2	A0A8V0ZN31
A7MCY6	A0A8V0ZWW7
A7MD48	A0A8V0ZWB0
A7XYQ1	A7XYH5
A8K0R7	A0A8V0Z029
A8K2U0	A0A8V1A5K3
A8K5M9	A0A1D5PHX7
A8K830	A0A8V0ZWD0
A8K855	A0A8V0ZZ86
A8K8P3	A0A3Q3ASK7
A8K979	A0A8V0Z4I7
A8MPS7	A0A8V0ZX16
A8MPX8	A0A8V0XD10
A8MPY1	A0A8V0XW83
A8MQ27	A0A8V0YFH0
A8MSI8	A0A8V1ADM8
A8MT70	A0A8V0XAB2
A8MTJ6	A0A8V0YY16
A8MTL3	A0A8V0XNL9
A8MTT3	A0A3Q2U045
A8MTZ0	A0A8V0YYY1
A8MU46	A0A8V1A879
A8MV23	A0A8V0X7M1
A8MV65	A0A8V0XMY9
A8MVM7	A0A8V0YB50
A8MVW5	A0A8V0X8T3
A8MVX0	A0A8V0Z760
A8MW99	A0A8V0XHP2
A8MWY0	A0A8V0XTY8
A8MX76	F1NGQ0
A8MXD5	E1C085
A8MXE2	A0A8V1AC54
A8MXK1	A0A8V0Y0X3
A8MXV4	Q5ZL13
A8MY62	R4GGE3
A8MYJ7	A0A8V0ZHQ3
A8MYZ0	A0A8V0X456
A8MZF0	A0A8V1A0S8
A9UHW6	R4GJG3
A9YTQ3	A0A8V0Y1M1
A9Z1Z3	A0A8V1A2Y1
B0YJ81	F1NL16
B1AJZ9	A0A8V0ZGJ2
B1AK53	A0A8V0Z995
B1AKI9	A0A8V0YYG8
B1AL88	A0A8V0YQG7
B1ANS9	A0A8V0XU09
B2RTY4	A0A8V0ZH49
B2RUY7	E1BSM6
B2RV13	A0A8V0ZWU4
B3SHH9	A0A1D5PJT2
B4DJY2	A0A8V0ZUT5
B4DS77	A0A8V0Z7B8
B4DU55	A0A8V0XAB3
B4E2M5	A0A8V0Y5R6
B5MCY1	A0A8V0XX44
B7ZBB8	A0A8V0Y9D4
B7ZC32	A0A8V0YCS8
B7ZLF3	A0A8V1A2Z2
B9A014	A0A8V0YLK6
B9EJG8	A0A8V0XBE0
C9J069	A0A8V1AIR1
C9J7I0	A0A8V0XKV8
C9JCN9	A0A1D5PHZ3
C9JE40	A0A8V0ZVN2
C9JI98	A0A8V0ZC76
C9JJ37	A0A8V0ZZ69
C9JL84	A0A8V0Y4E8
C9JR72	A0A8V0Z2K6
C9JXX5	A0A8V0ZFZ5
D6REC4	A0A8V0Z1K4
D6RGH6	A0A8V0YJW3
D6RIA3	A0A8V0XJU5
E0CX11	A0A1D5PNN4
E7ERA6	A0A8V0ZLB5
E9PB15	A0A8V0ZPX6
F5GYI3	A0A8V0Z3L6
H0UI37	A0A8V0XLX3
H0YL14	A0A1D5PKJ0
H3BMG3	A0A8V0Y181
H3BPM6	R4GG32
H3BQB6	A0A8V0Y9U9
H3BQW9	A0A8V0Z213
H3BR10	A0A8V0XS26
H3BS89	R4GIP1
H7C241	A0A8V0XEQ9
L0R819	A0A3Q2UDF9
O00116	F1P5J7
O00141	Q6U1I9
O00142	A0A8V0XS43
O00144	A0A8V1AP44
O00151	A0A8V0ZLR0
O00154	A0A8V0ZAB8
O00160	A0A8V1A9E3
O00161	A0A8V0Z410
O00165	A0A8V1ADJ7
O00167	A0A1D5PC43
O00170	Q7T048
O00178	A0A8V0YIU8
O00180	F1NP03
O00186	A0A8V0YDV4
O00187	A0A8V0ZLB0
O00189	A0A8V0X5C3
O00192	A0A8V0ZTI6
O00203	A0A8V0YIV3
O00206	C4PCF3
O00213	A0A8V0X653
O00214	A0A8V0Y4R3
O00217	A0A8V0ZIP4
O00221	A0A8V0Z434
O00222	A0A8V0XA35
O00231	A0A8V0ZZV1
O00232	F1NPQ0
O00233	A0A8V1A2Q7
O00237	A0A8V0YSH5
O00244	A0A8V0YNQ4
O00253	A0A8V0ZJD4
O00254	F1P2V3
O00257	O93482
O00258	A0A8V0YSC3
O00264	Q5ZKN2
O00267	Q5ZI08
O00268	E1BXA9
O00273	A0A8V0YXQ9
O00287	A0A8V0XXZ5
O00291	A0A8V1AKR3
O00294	A0A8V1AE14
O00300	A0A8V0XWI0
O00303	A0A8V0ZBR5
O00305	A0A8V0Y8I4
O00308	A0A8V0XT86
O00311	A0A8V0ZU32
O00327	Q9I8T7
O00329	F1NHX1
O00330	A0A8V1A102
O00339	A0A8V0YIR4
O00341	A0A8V1A904
O00358	A0A8V1AE43
O00370	A0A8V0XYS6
O00399	A0A8V0Y4G7
O00400	A0A8V0X6L4
O00401	A0A8V0X6F7
O00409	A0A8V0YXQ2
O00410	A0A8V0XP15
O00411	E1BZ13
O00418	A0A8V0Z243
O00423	A0A8V0YPQ2
O00429	A0A3Q2UHM4
O00442	A0A8V0ZP45
O00443	A0A8V0ZLS9
O00444	A0A8V0XQ14
O00458	A0A8V0X7A4
O00459	E1C2C5
O00461	A0A8V0X4R6
O00462	A0A8V0Z1E9
O00463	A0A8V0Z821
O00469	A0A8V0YYS9
O00471	A0A8V0YTI8
O00472	A0A1D5P0X6
O00482	A0A1D5PUH1
O00483	R4GGZ2
O00487	E1C6N0
O00488	A0A8V0YM54
O00499	A0A8V0ZE73
O00501	A0A8V1A002
O00505	A0A8V0XN87
O00506	A0A8V0ZT63
O00512	A0A1D5PQ44
O00515	A0A8V1ADK9
O00522	A0A8V0XNN2
O00533	A0A8V0ZEL0
O00541	A0A8V0X2P8
O00548	A0A8V0Y2U9
O00559	A0A8V0XYC9
O00560	A0A8V0X7P4
O00562	A0A8V0ZNA7
O00566	A0A8V0ZUM7
O00567	A0A8V0XR62
O00584	A0A8V0XT65
O00585	A0A3Q2U125
O00587	A0A8V0YQM3
O00591	A0A8V0Y9G3
O00622	P19336
O00623	A0A8V1AN23
O00628	A0A8V0XGG7
O00629	A0A8V0X4C0
O00631	F1P0F7
O00716	A0A8V0XRX4
O00743	Q5ZIV0
O00750	A0A1D5PQ64
O00755	Q9DEB8
O00762	A0A8V0Z0F1
O00763	A0A8V0ZIH3
O00764	A0A8V0YBU4
O00767	A0A8V0ZAB5
O14490	A0A8V0XAE0
O14492	A0A8V1AHB4
O14494	A0A8V0YMI2
O14495	A0A8V1A104
O14497	A0A8V0YQD7
O14498	A0A8V0ZHD6
O14503	A0A8V0ZLK4
O14508	A0A8V0Y721
O14511	A0A8V0YCL6
O14512	A0A8V0ZQS3
O14513	A0A8V0Z3W8
O14514	A0A8V0XYT9
O14519	A0A8V1A4P6
O14521	Q5ZIS0
O14522	A0A8V0ZVG8
O14523	A0A8V0ZZD2
O14524	A0A8V1A9X4
O14525	A0A8V0Y0U0
O14526	A0A8V1AH28
O14529	A0A8V1A8X2
O14530	A0A8V0YVE0
O14531	A0A8V0X2Q2
O14544	B2WUP2
O14545	A0A1D5NZ72
O14548	A0A8V0ZD46
O14556	A0A8V0X2I8
O14561	E1C4C0
O14562	A0A8V0Z754
O14569	A0A8V1AHL4
O14576	A0A8V0XGP5
O14578	A0A8V0Z9J0
O14593	A0A8V1AKE2
O14594	A0A8V1AG58
O14610	A0A1D5PLZ8
O14613	A0A8V0X4L7
O14617	A0A8V1AAZ3
O14618	A0A8V0X5J4
O14626	A0A8V0X174
O14638	A0A8V0XRJ3
O14639	A0A8V0ZQT0
O14645	A0A8V0Z3P5
O14646	B6ZLK2
O14647	A0A8V0Z847
O14649	A0A8V0YDP5
O14653	A0A8V1AC45
O14656	A0A8V1A8Z2
O14657	A0A1L1RTK2
O14662	A0A8V0YI90
O14668	A0A8V0XFD8
O14672	A0A8V1A2G9
O14678	A0A8V0XS92
O14681	A0A8V0ZWW4
O14682	A0A8V0Y8I8
O14683	F1NS21
O14684	E2IPN6
O14686	A0A8V0ZTY1
O14713	A0A8V0XJW8
O14717	A0A8V0XGQ3
O14718	F1NEL9
O14727	A0A8V0Y7E8
O14730	A0A8V0XND6
O14732	A0A8V0X571
O14734	A0A8V0YMJ0
O14735	A0A8V0X6Q3
O14737	A0A8V1A468
O14744	A0A8V0XMM6
O14746	A0A8V0XWC6
O14757	Q8AYC9
O14764	A0A8V0Z5V0
O14770	A0A8V0XGM9
O14772	A0A8V1A2J1
O14773	A0A8V0XEP8
O14775	A0A8V0ZF95
O14776	A0A8V0YLI3
O14777	Q76I89
O14782	A0A8V0Y6G1
O14788	A0A8V0XG17
O14792	E1C4I5
O14793	O42220
O14795	A0A8V0Y343
O14796	R4GIG4
O14804	A0A8V0XNW2
O14807	Q6JHX4
O14810	E1C8G7
O14815	A0A8V0Y1R4
O14817	A0A8V1A4L1
O14818	A0A1D5PJW4
O14827	A0A8V0XU59
O14828	A0A8V1AII1
O14829	E1BTX9
O14830	A0A8V0XLK8
O14832	A0A8V0XTN6
O14836	A0A8V0ZL79
O14841	A0A8V0XX21
O14863	E1C7N9
O14867	A0A8V0YE10
O14874	A0A8V0X5U6
O14880	A0A8V0Y9R9
O14893	A0A8V0XY21
O14896	A0A8V1AAI9
O14901	A0A8V0X9Z8
O14905	A0A8V1A9V5
O14907	A0A8V1ANM3
O14908	A0A8V0XKL1
O14917	A0A8V0XCR8
O14920	A0A8V0YXK2
O14921	A0A8V0YFV7
O14924	A0A8V0Z254
O14925	E1BR29
O14926	A0A8V1AP19
O14929	F1P5A3
O14936	A0A1D5PB73
O14944	F1NJR9
O14949	A0A8V0YKZ1
O14957	E1BXT9
O14964	A0A8V1ALR8
O14965	A0A8V0YCY4
O14966	F1N9R7
O14967	A0A8V0XWB1
O14972	E1BSI1
O14974	Q90623
O14976	A0A8V0YRN4
O14977	A0A1D5PIE4
O14980	A0A1D5P8H7
O14981	A0A1D5P1T4
O14983	P13585
O14994	A0A8V0YKP4
O15013	A0A8V0XDF6
O15014	A0A8V0ZWE7
O15016	A0A8V0ZF27
O15018	A0A8V0YUM3
O15021	A0A8V0Y935
O15027	A0A8V1A7G0
O15031	A0A8V0X4N3
O15033	A0A1D5NXC7
O15040	F1P4G2
O15042	A0A8V0YTU7
O15047	A0A8V0X702
O15050	A0A8V0YQJ5
O15056	A0A8V0XJN9
O15060	A0A8V1A4F6
O15061	A0A8V0Z7V9
O15062	E1C020
O15063	A0A8V0Y1I7
O15066	Q5F423
O15068	A0A8V0YX46
O15069	A0A8V1A4L6
O15072	A0A8V0XMH6
O15075	A0A3Q2U592
O15078	A0A8V0Y986
O15079	A0A8V0YT78
O15083	A0A8V1AAW1
O15084	A0A8V0X8A2
O15085	A0A8V1ADE3
O15090	A0A8V1A0C5
O15091	A0A8V0XUJ9
O15116	A0A8V0Z4P2
O15117	A0A8V0YKE3
O15118	A0A8V0XI63
O15119	A0A1D5NXF3
O15120	A0A8V1AKE3
O15121	Q5F3C1
O15123	Q9DER2
O15126	A0A8V0YF89
O15127	A0A8V0ZV95
O15130	A0A0C4JZ93
O15131	A0A8V0YRB3
O15143	A0A8V0ZJA4
O15144	A0A8V0Z9S5
O15145	A0A8V1A3U0
O15151	A0A8V1A318
O15155	A0A8V0XCP7
O15156	A0A8V1A6C1
O15160	A0A8V0XYP2
O15162	A0A8V0Z0M0
O15164	A0A8V0YII6
O15165	F6RPR8
O15173	Q5ZLX0
O15182	A0A8V0YTC0
O15194	Q9PTJ6
O15198	A0A8V0XL23
O15209	A0A8V0X683
O15212	A0A8V0X6F4
O15218	A0A8V1A9Q5
O15226	A0A8V0YHW5
O15228	A0A8V0YAP6
O15229	A0A8V0YX65
O15230	A0A8V0ZTP1
O15231	A0A8V0YIF5
O15234	A0A8V0ZST0
O15235	A0A8V0XW97
O15239	A0A8V0YHM9
O15240	A0A8V0X8E4
O15243	Q5ZJD9
O15254	A0A8V0Y302
O15258	Q5ZHM5
O15259	E1C5D4
O15264	A0A8V1ACB5
O15265	E1C712
O15266	A0A8V0XCF2
O15269	A0A8V0Y257
O15270	Q5ZJ96
O15273	A0A8V1A1B3
O15287	A0A8V0YB64
O15294	A0A8V0YYY4
O15297	A0A1D5NXQ2
O15304	A0A8V0YTT7
O15305	A0A8V0Z0B1
O15315	A0A8V0ZE34
O15318	A0A8V0YIF2
O15327	A0A1D5PYC2
O15335	F1NAT8
O15342	Q5ZJC4
O15344	A0A8V0X812
O15347	P40618
O15350	F1P1U2
O15353	A0A8V1ANN7
O15354	A0A8V0XB83
O15355	A0A8V0Y864
O15357	A0A8V0X4G9
O15360	A0A8V0XVX0
O15370	A0A8V0Z2X4
O15371	F1NCE1
O15374	A0A8V1ABB3
O15375	A0A8V1ANC3
O15381	A0A8V0YYD7
O15392	F1NN48
O15393	A0A8V0YFK4
O15394	A0A8V0XTX6
O15397	A0A8V0YKZ3
O15400	Q5ZMP2
O15403	A0A8V1ACQ0
O15405	A0A1D5PEI4
O15409	A0A8V0X8C6
O15417	A0A8V0ZIC2
O15427	P57788
O15431	A0A8V1AE29
O15432	A0A8V1AFY4
O15438	F1NM51
O15439	A0A165EAY6
O15440	A0A8V0Z5L8
O15455	A0A8V0YT51
O15457	A0A8V0ZXY0
O15460	Q5ZLK5
O15466	A0A1D5PIR8
O15484	A0A8V0X8G8
O15488	A0A8V0X8U9
O15492	A0A8V0Y874
O15498	A0A1D5PH43
O15499	A0A8V0ZPZ6
O15514	A0A8V0ZXZ8
O15519	E1C4U6
O15520	A0A8V1AC97
O15522	A0A8V0XDW2
O15524	B6RCQ2
O15525	Q90889
O15527	A0A8V0ZD54
O15530	A0A8V0Z6Y0
O15537	A0A8V0XJ49
O15539	R4GKX0
O15541	A0A8V0ZLA4
O15547	A0A8V0X2Y1
O15550	A0A8V0Y9D2
O15551	Q98SR2
O43143	F1NHI3
O43147	A0A8V1AJ63
O43148	A0A8V0XB54
O43149	A0A8V1AB20
O43150	A0A8V0X8U3
O43155	E1C6W5
O43156	A0A8V0YT54
O43157	A0A8V0ZI58
O43164	A0A8V0XZ10
O43166	A0A8V0ZPU5
O43167	A0A8V0YGF9
O43169	A0A8V0XSW8
O43172	A0A8V1AGK5
O43173	A0A8V0YB47
O43175	A0A8V0YKA3
O43181	A0A8V0Y9V7
O43182	A0A8V0XDQ1
O43184	A0A8V0XAK6
O43187	F1N826
O43193	B2KSC0
O43194	A6QR74
O43196	A0A8V0XL70
O43236	A0A8V1AMU0
O43237	A0A8V0XRZ5
O43242	A0A8V0ZTT4
O43246	A0A8V0X7Q4
O43247	A0A8V0YPV4
O43248	A0A8V1ABH2
O43251	A0A8V0YSU1
O43252	A0A8V0XTM2
O43255	E1C3Q9
O43264	A0A8V1A1R7
O43272	F1NRZ9
O43278	F1P2Y9
O43283	A0A1D5P0M9
O43286	A0A8V0YI53
O43293	A0A1D5PRN8
O43295	A0A1D5PJ10
O43298	E1C5C9
O43299	A0A8V0ZI01
O43300	F1NWG8
O43301	A0A8V0ZPS2
O43303	A0A8V0ZH40
O43307	A0A8V0YDN4
O43310	A0A8V0XZA3
O43312	A0A8V0XZC3
O43313	A0A8V0XW79
O43314	A0A1D5P1M9
O43315	A0A8V0ZU21
O43318	A0A8V0XJP7
O43320	A0A8V0YSY8
O43323	A0A1D5PMC9
O43324	A0A8V0YGI8
O43325	A0A8V0Z4Q5
O43347	A0A8V0ZJG6
O43353	Q5ZJT6
O43364	Q08727
O43390	A0A8V0YGA1
O43399	A0A8V0ZVB1
O43402	F1N8E6
O43414	A0A8V1A8I2
O43422	A0A8V0X560
O43424	A0A8V0Y491
O43426	A0A8V0Y798
O43432	A0A8V0ZAW7
O43435	A0A8V0ZY34
O43439	A0A8V0ZGH2
O43447	A0A8V0Z1Z7
O43462	A0A3Q2TYD2
O43464	A0A8V0XKW4
O43474	A0A8V0YHD2
O43482	E1BQA1
O43490	E1C9E2
O43491	A0A8V0XPT4
O43493	A0A8V0ZD15
O43497	A0A8V1AKA8
O43502	A0A8V1AFE5
O43504	A0A8V1A8Q0
O43511	A0A8V0Y9J3
O43513	E1C6N9
O43516	A0A8V0ZWC2
O43520	A0A8V0Y7I0
O43521	A0A8V0Z3R2
O43524	A0A8V0YNK0
O43525	A0A8V0XWG5
O43526	A0A8V0ZTS2
O43542	A0A1L1RLK3
O43543	A0A8V1AF13
O43556	A0A8V0X9R2
O43559	A0A8V1ADK2
O43566	A0A8V0YKT0
O43567	Q90972
O43570	A0A8V0ZXU7
O43572	A0A8V1AM43
O43581	A0A8V0ZD19
O43583	Q5ZJ39
O43586	A0A8V0ZQB3
O43592	E1C593
O43602	A0A8V0YYU1
O43603	A0A8V1ALV0
O43609	A0A8V0XIQ3
O43610	A0A8V0YEH5
O43612	F1P0W5
O43614	A0A8V0XBC4
O43615	F1NU71
O43623	A0A8V0XHQ3
O43639	F1P4Q4
O43653	A0A8V0XWY0
O43657	E1C857
O43660	A0A1L1RM96
O43663	A0A8V0X6G3
O43665	A0A1L1RQE4
O43670	A0A8V1AJG1
O43674	A0A8V0Z4N1
O43676	A0A8V1A0F4
O43678	A0A8V0YC52
O43679	Q9W676
O43680	A0A8V0XRU6
O43683	F1NDM5
O43684	A0A1L1RRQ2
O43688	A0A8V1AEZ8
O43692	Q98ST6
O43708	A0A8V0XFY3
O43709	A0A8V1AMG4
O43711	O93367
O43715	A0A8V0ZJ60
O43716	A0A8V0ZBX5
O43719	F1P1G7
O43731	A0A8V0YAZ3
O43734	A0A8V0YT90
O43736	F1P4X6
O43739	A0A8V0ZAL6
O43741	Q156C5
O43747	A0A8V0Y093
O43752	Q5ZL19
O43759	A0A8V0YMZ5
O43761	Q5ZLN6
O43765	A0A8V1AGW4
O43766	A0A8V0YXK1
O43768	Q5ZIF8
O43772	A0A8V0ZFV5
O43776	A0A8V0Y952
O43781	A0A8V1A7E0
O43791	E1C049
O43795	A0A8V0YUG2
O43805	A0A1D5PYD8
O43808	A0A8V0YPL7
O43809	A0A8V0ZZL5
O43813	A0A8V0Y5A9
O43815	A0A8V0Y0R2
O43818	A0A8V1AIT4
O43819	A0A8V0XLC9
O43820	A0A8V1ACK6
O43822	A0A8V1A326
O43823	A0A8V0XM32
O43824	A0A8V0XDH5
O43825	A0A8V0YIB2
O43826	A0A8V1A7V4
O43827	E1BRK7
O43829	Q92010
O43837	A0A8V0XTU3
O43847	F1NLC8
O43852	A0A8V0XAM1
O43854	A0A3Q3ADW5
O43861	A0A1D5P8E2
O43865	A0A8V1A1S6
O43889	A0A8V0YCD3
O43895	A0A8V0YRT8
O43909	F1NGB8
O43913	A0A8V0Y3N9
O43915	A0A8V0X8K3
O43916	A0A8V0ZNL4
O43918	A0A8V1AAM1
O43920	A0A8V0Z382
O43924	A0A8V0YZP0
O43929	A0A8V0Y2D5
O43933	A0A8V0XEE6
O43934	E1BSA8
O60216	A0A1D5PM87
O60220	F1NIC5
O60229	A0A8V0ZC16
O60232	A0A8V0X0C7
O60237	A0A3Q2UI67
O60238	A0A8V0Z5E3
O60239	A0A8V0YU20
O60240	A0A8V0ZMJ0
O60241	A0A8V0Z013
O60242	A0A3Q2UE52
O60243	Q76KB2
O60244	A0A8V0XAD1
O60245	A0A8V0XWN2
O60260	A0A8V0XPR5
O60262	A0A8V1AEY9
O60264	A0A8V0Y5Z2
O60266	A0A8V0Y1I5
O60268	A0A8V0Y331
O60271	A0A8V1AMS4
O60279	A0A8V0Z160
O60281	A0A8V0XLS8
O60282	A0A8V0Y2L6
O60284	A0A8V0XN66
O60285	F1P356
O60287	A0A8V0Y8Q5
O60291	A0A8V0Z4C8
O60293	A0A8V0YAQ2
O60294	A0A8V0X6L3
O60296	A0A8V0ZVM4
O60299	A0A8V0YX73
O60303	A0A8V0Z2N7
O60306	A0A8V0XHD1
O60307	A0A8V1A3T8
O60308	A0A8V0ZBT0
O60312	A0A8V0YU83
O60315	A0A3Q2U5S4
O60318	A0A8V0YEE2
O60320	A0A8V1A2G1
O60331	A0A8V1AJC3
O60333	A0A3Q2UDS2
O60336	A0A8V0ZDR0
O60337	A0A1D5PSM7
O60341	A0A8V0YNA1
O60343	A0A8V0X8Z0
O60346	F1NJB8
O60353	A0A8V0Y788
O60359	A0A1D5PTF2
O60381	A0A8V0Y8L1
O60383	A0A8V0YTB1
O60391	A0A8V1ABD2
O60393	A0A8V1A2S8
O60423	A0A8V1AKE5
O60427	A0A8V1A9X7
O60437	A0A8V0Z0W8
O60443	A0A8V0XFB5
O60449	A0A8V0ZHS7
O60462	A0A8V1A7H4
O60469	F1NY98
O60476	A0A8V0ZR18
O60478	A0A8V0Y9N4
O60479	A0A8V1A078
O60481	A0A1D5PRL4
O60486	A0A8V0YE51
O60487	A0A1D5PLF4
O60488	A0A8V0YSN7
O60493	Q5ZIA3
O60494	A0A8V0XDD0
O60496	A0A8V0ZAN7
O60500	A0A8V0X6U3
O60502	F1NU68
O60506	A0A3Q2UAF8
O60507	A0A8V1ANA1
O60508	F1NQ45
O60512	A0A8V1A4L8
O60513	A0A8V1A5K9
O60519	A0A8V0ZKY8
O60524	A0A8V0Z307
O60543	A0A8V0X489
O60547	A0A8V0YA28
O60551	A0A8V0XGE6
O60563	A0A8V0ZR75
O60565	O73755
O60566	A0A8V0ZYE8
O60573	A0A8V0Z488
O60575	A0A8V0Y6F3
O60583	A0A8V0ZBG8
O60602	C4PCJ6
O60610	A0A8V0Z4F8
O60613	A0A8V0ZYK4
O60635	A0A8V0ZVY0
O60636	E1C2R3
O60637	E1C6E5
O60641	A0A8V0XH50
O60645	F1NHD9
O60658	A0A8V0ZF02
O60662	A0A8V0ZXY6
O60663	P53413
O60664	A0A8V1ADC3
O60669	F1NVU4
O60671	A0A8V0YR33
O60673	A0A8V0YNB2
O60675	Q90596
O60678	A0A8V0ZDB7
O60682	A0A8V0XHT2
O60683	A0A8V0ZC97
O60684	A0A8V0YV14
O60687	A0A3Q2U607
O60688	A0A3Q2UEU8
O60706	A0A8V0YKP2
O60716	A0A3Q2U1A5
O60725	Q5ZMU7
O60733	B3TZB9
O60739	A0A1D5P2D3
O60741	F1N9K1
O60749	A0A8V0X9Z2
O60759	E1C6J5
O60760	O73888
O60762	E1C4N5
O60763	A0A8V0XD01
O60779	A0A8V0XMI2
O60783	A0A8V0Y877
O60784	O12940
O60825	A0A8V1AI32
O60840	A0A8V0X294
O60841	A0A8V0YTY9
O60858	A0A8V0XEF3
O60861	A0A8V1AKU0
O60869	Q5ZMC0
O60870	A0A8V0XK22
O60880	E1BV81
O60883	F1NJ18
O60884	Q5ZIZ7
O60885	A0A8V0XER3
O60888	A0A8V1AGU8
O60890	A0A8V0YHG8
O60894	A0A8V0Y808
O60896	A0A8V0XXZ0
O60902	A0A8V0X4N0
O60906	A0A1D5PL80
O60909	A0A8V0ZJM4
O60921	A0A1D5PTJ5
O60925	A0A8V0XUR1
O60928	A0A8V0ZXM0
O60930	A0A8V0XFB3
O60931	A0A8V1AQ10
O60938	O42235
O60939	A0A8V1A1B4
O60942	A0A1D5NU93
O75027	A0A8V0YSL3
O75030	A0A3Q2U6P0
O75031	A0A8V0Y6R9
O75037	A0A8V1ACJ7
O75038	A0A8V0ZCT0
O75044	A0A8V1ACI3
O75051	A0A8V1AD68
O75052	A0A8V0YQ08
O75054	A0A8V0XZV7
O75061	A0A8V0ZQW8
O75063	F1NZJ0
O75069	A0A8V1A2A5
O75071	A0A8V0ZQF6
O75072	A0A8V0YI97
O75074	A0A8V0ZVZ5
O75077	A0A3Q2U8D8
O75078	A0A8V0ZSU7
O75093	A0A8V0Z8V4
O75094	A0A8V0Y731
O75095	A0A8V0ZCI9
O75096	A0A8V0ZY54
O75110	F1NUR8
O75112	A0A8V0Y5F5
O75116	A0A8V0XE48
O75121	E1C9G1
O75122	A0A8V0Z5A1
O75127	F1NIF9
O75128	A0A8V0X897
O75129	A0A8V1AM31
O75131	A0A8V0YMC1
O75132	A0A8V0Y3W0
O75140	A0A8V1A160
O75143	A0A8V0ZU93
O75144	A0A8V0YFU2
O75146	A0A8V1A8T3
O75147	A0A8V0ZIA1
O75151	A0A8V1AHB5
O75153	A0A8V1AMV9
O75154	A0A8V0Z654
O75157	A0A8V0X6N2
O75159	B2WUP1
O75161	A0A8V0ZBK5
O75164	E1C6D5
O75165	A0A8V0ZEQ5
O75167	F1P1F2
O75170	A0A8V0XL34
O75173	A0A8V1A4N2
O75177	F1NW13
O75179	A0A8V0XJW5
O75182	A0A8V1A8S0
O75185	A0A8V0XTF5
O75191	A0A8V1A9R9
O75192	A0A8V0ZCB5
O75197	A0A8V1A496
O75204	A0A8V0ZBQ3
O75208	A0A8V0ZV16
O75223	A0A8V0YXP4
O75251	A0A8V1AH40
O75306	A0A8V1AEY5
O75311	A0A8V0X6X8
O75312	A0A8V0ZZK0
O75317	A0A8V0XVZ1
O75323	F1NZ68
O75324	R4GFS5
O75325	A0A8V1AAP5
O75326	A0A8V0ZPB2
O75330	A0A8V0YBZ2
O75334	A0A8V0YHY2
O75335	A0A8V1A441
O75339	A0A8V0Z486
O75340	F1NHD8
O75343	A0A8V1A7G9
O75344	A0A1D5NWE1
O75347	P80585
O75348	A0A8V1AM14
O75351	A0A8V0Y6A4
O75354	A0A8V0YYE8
O75355	A0A1D5PVS9
O75362	A0A8V0YZL2
O75363	A0A1D5PN95
O75364	A0A8V0ZM34
O75365	A0A1D5PMZ4
O75367	O93327
O75368	A0A8V0Z2K4
O75369	A0A1D5NYG3
O75376	A0A8V1AKD2
O75379	A0A8V0YS13
O75380	E1BQN0
O75381	A0A8V0YXV6
O75382	A0A8V0X2Y8
O75385	F1NZ50
O75390	A0A8V1A0Y3
O75394	A0A8V0ZBF1
O75396	Q5ZJW4
O75398	A0A8V0ZUY0
O75400	A0A8V0Y929
O75410	A0A8V0YTS9
O75414	A0A8V0XUT9
O75417	A0A8V1A4V3
O75419	A0A8V0ZSM4
O75431	A0A8V0ZYH8
O75436	A0A8V0ZRW8
O75439	A0A8V0XXZ6
O75444	Q789F3
O75445	A0A8V0Z240
O75460	A0A8V1AE45
O75461	E1C979
O75462	A0A8V1ADW0
O75473	E1C2F8
O75477	A0A8V0ZIT1
O75486	A0A8V0Y0X8
O75487	A0A8V0Z7Y7
O75489	A0A8V1A222
O75494	A0A8V0YZE9
O75496	A0A8V0XR36
O75503	A0A8V0X8Q2
O75506	A0A1D5PAM4
O75508	E1BR31
O75509	A0A8V0XZR2
O75521	A0A8V0YAB8
O75525	A0A8V0Y7U1
O75528	A0A8V0ZDB9
O75529	E1C8E9
O75533	E1C2C3
O75534	A0A8V0ZY56
O75541	A0A8V0XY16
O75553	A0A8V1A1B7
O75558	E1BUT0
O75563	A0A8V0XDG9
O75570	A0A8V0XJH8
O75575	A0A8V1AJW0
O75581	A0A8V0ZKD5
O75582	Q5F3L1
O75592	A0A8V0X3S6
O75596	E1BZI3
O75600	A0A8V0YA85
O75602	A0A8V0XJ10
O75603	A0A8V0YEX5
O75607	A0A8V0ZN24
O75608	A0A1D5P263
O75618	A0A8V1AEJ6
O75626	A0A8V0YJN6
O75631	A0A8V0Y7V7
O75643	A0A8V0Z655
O75648	Q5ZKW0
O75663	A0A8V0XU62
O75665	A0A8V0XFG5
O75674	A0A8V1ABI4
O75683	A0A8V1AHT4
O75688	A0A8V0ZE41
O75689	A0A8V0ZMS9
O75691	A0A8V0YC22
O75694	F1NPS0
O75711	A0A3Q3A320
O75712	A0A8V0YZ36
O75716	A0A8V0ZI32
O75717	A0A1D5PDL4
O75718	A0A8V0Z150
O75746	A0A8V0ZPU4
O75747	A0A8V0YN62
O75751	A0A8V0XQ61
O75752	A0A8V0X4B7
O75762	A0A8V0X6M5
O75764	A0A8V0Z373
O75771	A0A8V1AJL8
O75783	R4GHB5
O75787	A0A8V0XAH4
O75791	A0A8V0YCJ7
O75794	A0A8V0XWM9
O75800	A0A8V1A7H6
O75808	A0A8V0Z4B9
O75815	A0A8V0ZIR2
O75821	A0A8V0XH34
O75822	Q5ZKA4
O75832	F1P1R3
O75838	A0A8V0ZXB9
O75840	A0A8V1ABQ5
O75841	A0A8V1A8H7
O75844	A0A1L1RJ89
O75845	A0A8V1A482
O75864	A0A8V0Y3X1
O75874	A0A8V0ZPK4
O75879	A0A8V0XY32
O75880	A0A1D5PWK8
O75881	A0A8V0XJ01
O75882	A0A8V0ZBQ2
O75896	A0A1D5PMP7
O75897	Q90WR6
O75899	A0A1D5P1L7
O75900	A0A8V0ZJP5
O75901	A0A8V0YCI9
O75909	A0A8V0Z286
O75911	A0A8V0ZFZ2
O75912	A0A8V0YNI7
O75914	A0A8V0YYX2
O75915	Q5F433
O75916	A0A1D5PN79
O75923	A0A8V0ZDJ2
O75925	A0A8V0YZY2
O75928	Q5ZIN4
O75934	A0A8V1A7U7
O75935	A0A8V0Y2J9
O75936	E1BXI0
O75937	F1ND15
O75940	E1BQK7
O75943	A0A8V0Y0C4
O75947	E1C658
O75949	A0A1D5PZ05
O75953	A0A8V0YH11
O75956	A0A8V0ZMV5
O75962	A0A8V0X8M1
O75970	A0A8V0YNJ7
O75971	Q5ZI06
O75973	A0A8V0ZXT2
O75976	A0A8V1AK78
O75995	A0A8V0YIF3
O76003	A0A8V0X242
O76021	A0A8V0ZD69
O76024	A0A8V0YAT3
O76031	F1NA92
O76038	A0A8V0XZK9
O76039	A0A8V0XE90
O76041	A0A8V0XND8
O76050	A0A8V0ZGT4
O76061	E1BRJ2
O76064	A0A8V0ZKU3
O76070	A0A8V0Y9G8
O76071	A0A8V0ZD81
O76074	S4SCC1
O76075	A0A8V0ZPI3
O76076	A0A8V1A0U0
O76080	A0A8V0YVD5
O76081	Q9PWA1
O76083	E1BZ04
O76090	A0A8V0ZZU7
O76093	A0A8V0Y940
O76094	A0A8V0XLE4
O76095	A0A8V1A8U2
O76096	A0A8V0Z7S0
O94759	A0A8V1A3H4
O94760	F1NKG5
O94761	A0A8V0XX13
O94762	A0A8V1AFG8
O94763	A0A8V0ZSX9
O94766	A0A8V0WZJ4
O94768	Q5ZM34
O94769	A0A8V1AD88
O94776	A0A8V0XCH4
O94777	A0A8V1AJ54
O94778	A0A8V0ZCS9
O94779	Q90W79
O94782	F1NPR3
O94788	O93344
O94806	E1C6T4
O94808	A0A8V0YRG4
O94810	A0A8V0Z5R6
O94811	A0A8V0XY72
O94813	A0A8V0Y6V4
O94817	A0A8V0Y262
O94818	A0A8V0XMV7
O94819	A0A8V0X7H5
O94823	E1BX05
O94826	F1NNH9
O94827	A0A8V0Z9W1
O94830	A0A1D5P3Z3
O94832	A0A8V0ZQP1
O94844	A0A8V0YB85
O94851	A0A8V0ZN88
O94855	A0A8V0XSA6
O94864	F1N8A3
O94868	A0A8V0X7L6
O94875	A0A8V0Z6P7
O94876	E1BST3
O94880	A0A8V0XAW4
O94885	A0A8V0XU49
O94886	F1P4T6
O94887	A0A8V1A0K6
O94888	A0A8V1A041
O94889	A0A8V1A9R5
O94898	A0A8V1ADI6
O94900	A0A3Q2TZ01
O94901	A0A8V0ZH50
O94903	A0A8V0Z0W5
O94905	A0A8V0Z236
O94906	A0A8V0ZIL6
O94913	A0A8V0Y3A9
O94915	A0A8V0Z3Q1
O94916	A0A8V0Y5J9
O94919	A0A8V0Y2I3
O94921	A0A8V0XQ97
O94923	A0A8V0Z2Q6
O94925	A0A8V0YM08
O94929	A0A8V0YF19
O94933	A0A8V0X2S4
O94941	A0A8V0Z542
O94952	A0A8V0X7T4
O94953	A0A8V1A3I8
O94955	A0A8V0YH13
O94956	A0A8V0XD68
O94964	A0A8V0ZVA0
O94966	A0A8V0ZMH9
O94967	A0A8V0YL57
O94972	A0A8V1AL09
O94973	A0A1D5NV94
O94985	E1BYQ5
O94986	A0A8V0ZMG6
O94988	A0A8V0XT37
O94991	A0A8V0XTI3
O94992	A0A8V1A277
O94993	A0A8V0YWL5
O95007	A0A8V0ZGK2
O95045	A0A8V0YEW4
O95049	A0A8V1AC95
O95057	R4GLP1
O95067	P29332
O95069	A0A8V0Z908
O95071	A0A8V0YDJ7
O95072	A0A8V0XBP8
O95073	A0A1D5NUT3
O95084	E1C744
O95096	A0A1D5PPK4
O95104	A0A8V0YB20
O95136	A0A3Q2UHB6
O95139	E1BT94
O95140	A0A8V0Z1C3
O95147	R4GIQ5
O95149	Q5ZI43
O95150	Q50L61
O95153	A0A8V1AMQ7
O95155	A0A8V0YYV6
O95156	A0A8V0XWF0
O95157	A0A8V1A0H7
O95163	A0A8V0Y4F4
O95164	A0A8V0XRZ1
O95168	P48306
O95169	Q5ZJW2
O95171	A0A8V0X682
O95177	A0A8V0X2A2
O95178	A0A1D5PRB6
O95180	A0A8V0Z855
O95190	A0A1D5NZ79
O95198	A0A8V0XWA3
O95199	A0A8V0XME2
O95206	A0A8V0XC52
O95208	A0A3Q2UI02
O95210	A0A8V0XG05
O95214	A0A140T8I0
O95219	A0A8V0ZEP8
O95232	A0A1D5P7P5
O95235	A0A8V0Y8C8
O95237	F1P4T5
O95238	A0A8V1ACR6
O95243	F1P366
O95248	A0A1D5PEM8
O95249	F1NW80
O95251	A0A1D6UPT7
O95255	A0A8V0ZEP4
O95256	A0A8V0YFL8
O95257	Q2HZD5
O95258	A0A8V0Z396
O95259	A0A1D5P1M1
O95260	A0A8V0XB35
O95263	A0A8V0Y8J0
O95267	A0A8V0ZL53
O95271	A0A8V0XF27
O95273	A0A8V1A5F4
O95279	A0A8V0ZDG7
O95292	F1NSW0
O95294	A0A8V0X2V3
O95297	A0A8V0XW56
O95299	A0A8V0YLT3
O95302	A0A8V0ZGR2
O95319	A0A8V0XVC2
O95336	A0A8V0XIK3
O95340	A0A8V0ZJE4
O95342	A0A8V1A3N3
O95343	O42406
O95359	A0A8V0X2I7
O95363	A0A8V0Y923
O95365	O93567
O95372	A0A8V0YRM3
O95373	A0A8V0ZGU8
O95376	A0A1D5PCU3
O95377	A0A3Q2U3Y9
O95379	Q5ZI78
O95382	A0A8V0YZK0
O95388	A0A8V0Y7B0
O95393	F6S3W4
O95394	A0A8V0X823
O95395	A0A8V1A1P7
O95396	E1C3M4
O95398	A0A8V0ZSN7
O95399	Q6Q2J6
O95400	A0A8V0XAG1
O95402	A0A8V1AK99
O95405	E1C6T3
O95406	A0A1L1RJI1
O95407	A0A8V1A134
O95409	A0A1D5PNB7
O95415	A0A8V0ZN79
O95416	Q9W7R6
O95424	A0A1D5P2J4
O95425	A0A8V0XIG3
O95427	A0A8V0YKZ7
O95428	A0A8V0ZGF6
O95429	A0A8V0Z329
O95433	E1C123
O95436	A0A8V0YAT2
O95447	A0A8V0YEA2
O95450	A0A8V0YJR5
O95452	O93533
O95453	A0A8V0ZEX8
O95455	A0A8V0XHI8
O95456	A0A8V0YDV1
O95460	A0A8V0ZEN6
O95470	A0A8V0ZCP9
O95475	O93307
O95477	A0A8V0YUL4
O95478	A0A8V0YEL4
O95479	A0A8V0Z832
O95486	E1BSA7
O95487	A0A8V0XMY7
O95490	A0A1D5PT55
O95500	A0A8V0YC15
O95502	A0A8V0YFB1
O95503	A0A8V0YA29
O95528	A0A8V0ZCX9
O95544	A0A8V0ZCT9
O95563	F1NU06
O95568	A0A8V0YH60
O95573	A0A8V1A6E8
O95600	A0A8V0YJL9
O95602	A0A8V0ZAD3
O95613	A0A8V0YQC6
O95619	Q8UVS4
O95620	A0A8V0XWI8
O95622	A0A1D5P0J0
O95625	A0A8V0XRC7
O95628	A0A8V0YCM1
O95630	A0A8V0ZF72
O95631	Q90922
O95633	A0A8V1AGB5
O95639	A0A8V0ZJP7
O95644	A0A8V0XX53
O95671	E1BY36
O95672	A0A8V0Z458
O95674	A0A8V0Z763
O95677	A0A1D5NXI7
O95684	A0A8V0XVI3
O95685	A0A8V0ZT46
O95696	A0A8V0Y7Q1
O95707	A0A8V0ZPM2
O95714	A0A8V0XEM6
O95715	A0A8V0YID3
O95718	A0A8V0XPW8
O95721	A0A1D5P6H2
O95727	A0A8V0ZYS6
O95747	A0A8V1ADH9
O95749	A0A1D5NWX3
O95750	R4GMB5
O95755	A0A8V1ABD3
O95757	F1NC26
O95759	A0A8V0YEF4
O95772	A0A8V0YUM0
O95777	A0A8V0XBA1
O95785	A0A8V0XKD4
O95793	F1NHD1
O95800	A0A8V0ZB45
O95803	A0A8V0XV49
O95807	A0A8V0YZY0
O95810	A0A8V0Y807
O95813	Q9PWB0
O95816	R4GL30
O95817	A0A8V0X9C2
O95822	A0A8V0XXY0
O95825	A0A8V0YEC1
O95831	A0A8V0YWM3
O95832	Q5ZMG2
O95833	A0A8V1A6P1
O95835	A0A8V0XUM6
O95837	A0A8V0YKB4
O95838	C4P7J2
O95841	A0A8V0YCD6
O95848	A0A8V0ZB74
O95857	A0A1D5P7Y2
O95858	F1NZ33
O95859	Q5ZIF5
O95861	A0A8V0YUH9
O95864	A6NAB8
O95876	A0A8V0YYL9
O95881	A0A8V1A059
O95886	A0A1D5PFI6
O95900	F1NEP1
O95905	A0A8V0XZQ6
O95907	Q90632
O95922	F1NZA9
O95926	A0A8V0YV61
O95931	A0A8V0YGB5
O95932	A0A8V1A269
O95935	A0A8V0X7A8
O95936	R4GH67
O95948	A0A8V0Y9B3
O95965	A0A8V0XPU9
O95970	A0A1D5PFF3
O95972	A0A8V0YXL2
O95976	R4GGU8
O95977	A0A8V1ACR0
O95983	A0A8V1AFX7
O95985	A0A8V1A153
O95990	A0A8V0Z9C1
O95992	A0A8V0ZNZ5
O95994	E1C937
O95995	A0A8V0Y6Y5
O95996	A0A8V1AJ26
O95998	A0A8V0XFD1
O95999	R4GI14
O96000	A0A8V0Z863
O96001	A0A8V0ZA86
O96004	Q90691
O96006	A0A3Q2UG84
O96007	A0A8V0YNT7
O96013	A0A8V0Y955
O96014	P49339
O96015	Q5ZHX2
O96017	A1EAT1
O96019	A0A8V0YYJ9
O96020	A0A8V0Y9G0
O96028	A0A8V0Z049
P00167	P00174
P00390	A0A8V0XZZ4
P00403	P18944
P00414	P18945
P00439	A0A8V0Y8C9
P00450	A0A8V0X453
P00451	A0A8V0YTD1
P00488	E1BWG1
P00491	A0A8V0ZPY9
P00492	Q9W719
P00519	A0A8V1ACF7
P00533	A0A8V0XNF4
P00568	P05081
P00734	A0A8V0ZY87
P00736	A0A8V0ZNL2
P00742	P25155
P00746	A0A8V1A987
P00747	F1NWX6
P00749	P15120
P00750	E1C209
P00797	A0A8V1AAZ8
P00846	P14092
P00918	P07630
P01008	A0A8V0YCY1
P01019	A0A8V0XYH3
P01024	A0A8V0X8L8
P01031	A0A8V1AM71
P01042	A0A8V0YNC4
P01100	P11939
P01106	P01109
P01111	Q5F352
P01112	P08642
P01127	Q90W23
P01133	A0A8V0XLN7
P01135	A0A8V0Z7D7
P01137	P09531
P01148	P37042
P01160	P18908
P01178	E1C7F2
P01185	P24787
P01189	A0A8V0Y7A6
P01210	E1C652
P01213	A0A8V0Z2W9
P01215	A0A8V0XKC8
P01222	O57340
P01225	Q8QGF8
P01236	P14676
P01266	A0A8V0Y4Q2
P01270	P15743
P01275	P68259
P01282	P48143
P01286	Q1KNA7
P01308	P67970
P01579	P49708
P01584	A0A8V0Z608
P01589	A0A8V0XUK0
P01591	E1BY93
P01730	A0A8V0ZMH6
P01732	A0A8V0YZS3
P01833	A0A8V1ACV0
P02008	P02007
P02144	P02197
P02461	A0A1D5PE57
P02462	A0A1D5P8P3
P02511	Q05713
P02545	P13648
P02585	P02588
P02647	P08250
P02652	A0A8V1AEU3
P02656	A0A8V1A3Z4
P02679	A0A8V0YX56
P02686	A0A8V0XVV6
P02689	A0A1D5PJZ5
P02745	A0A8V0Z078
P02746	A0A8V0YZW9
P02747	A0A8V0YYN1
P02749	A0A8V1AKW2
P02750	A0A8V1AFE7
P02751	P11722
P02753	P41263
P02760	A0A8V1ADY8
P02765	A0A8V0YUT8
P02766	P27731
P02774	A0A8V0XCT6
P02790	A0A8V0X997
P02794	P08267
P03886	P18936
P03897	P18938
P03901	P18942
P03905	P18939
P03923	P18941
P03952	A0A8V0YQV6
P03956	E1C9D9
P03971	A0A8V1ADL9
P03999	P28684
P04004	O12945
P04035	A0A8V0Y352
P04040	A0A8V0ZVL2
P04049	P05625
P04053	P36195
P04054	A0A8V1A6N8
P04062	A0A8V1A6F4
P04066	A0A8V0YSD2
P04070	A0A8V0ZTG6
P04080	A0A8V0ZET4
P04083	A0A8V0YMS3
P04085	A0A8V0ZUG6
P04114	A0A8V0XV56
P04118	B9TY09
P04150	A0A1D5PRD7
P04156	P27177
P04179	A0A8V0XLB9
P04181	Q5ZJ29
P04196	A0A8V0YWP7
P04201	E1BVU0
P04233	A0A8V0YMJ9
P04271	E1C251
P04275	A0A8V0ZYI4
P04406	P00356
P04626	A0A8V0ZXS7
P04628	Q91029
P04818	A0A8V0XB09
P04839	A0A8V0X3X3
P04843	A0A8V1AFT8
P04844	A0A8V0ZNL3
P04899	P50147
P04920	A0A8V1A2L0
P04921	A0A8V0ZEA3
P05060	A0A8V0Z2E6
P05062	P07341
P05067	A0A8V0Y745
P05090	A0A8V0YU84
P05091	A0A8V1ABW8
P05106	A0A8V0ZXS8
P05107	A0A8V0YJ29
P05108	A0A1D5PE01
P05120	A0A8V0YC35
P05155	A0A8V1A5Q4
P05156	A0A8V0XKE8
P05160	A0A8V0YFP6
P05162	A0A8V0YUQ3
P05165	A0A8V0XS41
P05166	A0A8V0ZX51
P05230	P19596
P05231	Q90YI0
P05305	A0A8V0XYR2
P05386	P18660
P05387	A0A1D5PMT8
P05408	A0A8V0ZRR9
P05452	A0A8V0ZBN9
P05455	A0A8V0ZTE2
P05496	A0A8V1AAX8
P05546	A0A8V0ZRE8
P05549	A0A8V0Y329
P05771	A0A1D5PUY5
P05783	A0A8V1A2T7
P05787	A0A8V0ZQC1
P05813	P10042
P05937	P04354
P05997	A0A8V0YIC4
P06127	A0A8V0ZBF9
P06132	A0A8V1AC82
P06213	A0A8V1AFM7
P06239	P42683
P06241	A0A3Q2U639
P06276	A0A8V0X1T8
P06280	A0A8V0YVV2
P06307	Q9PU41
P06401	P07812
P06454	A0A1D5PPP9
P06681	A0A8V0YU75
P06703	Q98953
P06727	A0A8V0ZZN4
P06729	A0A8V0XZ65
P06730	A0A8V0XMZ0
P06732	P00565
P06737	A0A8V0ZAK2
P06744	A0A8V0XXA9
P06746	A0A8V0ZBR9
P06850	Q703P0
P06858	P11602
P06865	A0A8V0ZD93
P07093	A0A8V1ACC3
P07099	A0A8V0Z0Q9
P07101	A0A8V1AC31
P07148	A0A8V0YV04
P07195	P00337
P07196	A0A8V0Z8M9
P07202	A0A8V0XEQ0
P07203	A0A8V1AGF3
P07204	A0A8V0Z4G6
P07225	A0A8V0XPZ5
P07311	P07032
P07332	A0A8V0X6E7
P07333	A0A8V0YXM5
P07339	Q05744
P07357	A0A8V1A8N2
P07358	A0A8V1ADQ8
P07360	A0A8V1A8R6
P07384	A0A8V0XAS9
P07437	P09244
P07550	A0A8V0YDX3
P07686	F1NTQ2
P07738	A0A8V0YSE8
P07741	A0A8V0XQ57
P07814	A0A3Q2TSP8
P07902	A0A8V0Y824
P07942	A0A8V0Y380
P07947	P09324
P07948	A0A8V0XKJ7
P07949	A0A8V0YGR1
P07951	P19352
P07954	A0A8V0Y9B0
P07988	A0A8V0X4I7
P07996	A0A8V0ZHF5
P08034	Q6URH5
P08047	A0A8V0ZX83
P08069	A0A8V0ZER1
P08118	A0A8V0ZWT8
P08172	P30372
P08174	A0A8V1ADP6
P08235	A0A8V0XM19
P08236	A0A1L1RSD2
P08237	A0A8V1A2C5
P08240	A0A8V0ZYL0
P08243	Q5ZJU3
P08253	Q90611
P08294	A0A8V0YC78
P08397	A0A8V0ZS97
P08473	A0A8V0XAX6
P08493	O42413
P08514	A0A8V1ACG8
P08567	A0A8V0Z3V4
P08572	A0A8V0YNS3
P08575	A0A8V0YFC8
P08579	A0A8V0Z968
P08581	A0A8V0X2Q8
P08582	A0A8V0Z1N4
P08588	A0A8V0ZVL1
P08603	A0A8V0YEL1
P08620	E1BZW7
P08631	A0A8V0YT43
P08651	P17926
P08670	P09654
P08686	A5HUM5
P08697	A0A8V1AMH6
P08708	P08636
P08709	A0A8V0YID0
P08754	Q90847
P08758	P17153
P08833	A0A8V0XTW2
P08842	A0A8V0X6N1
P08887	A0A8V1ADN3
P08908	D2K8P9
P08910	F1P1V6
P08912	F1P0I0
P08913	A0A8V0ZBA4
P08949	A0A1D5PAZ6
P08962	A0A8V0ZSG5
P08F94	A0A8V0XUX1
P09001	A0A1D5P7B5
P09038	P48800
P09067	Q5I188
P09110	A0A8V1AB84
P09132	A0A8V0XT91
P09172	A0A8V1AHW8
P09234	E1C6F0
P09237	A0A8V0XP30
P09326	A0A8V1AH64
P09417	A0A8V0Y9C4
P09455	A0A8V1A6C6
P09467	A0A8V0Y0D1
P09471	A0A8V0ZIU4
P09493	P04268
P09496	A0A3Q2U5N2
P09497	A0A8V0Y646
P09525	A0A8V0Z731
P09543	A0A8V0ZSX0
P09544	A0A1D5NTF4
P09564	A0A8V1AGB3
P09603	A0A8V1AD32
P09619	A0A8V0YZE5
P09622	A0A8V0Y1C8
P09629	A0A1D5PE06
P09651	A0A8V0ZRC6
P09661	F1NAC8
P09668	A0A8V0YP97
P09669	A0A8V0YCL9
P09848	A0A8V0Z4Y3
P09871	A0A8V0ZX35
P09884	A0A8V0X4G3
P09917	A0A8V0ZWJ4
P09936	A0A8V0YUG5
P09958	A0A8V0X4D8
P09960	A0A8V0Y6Q3
P09972	A0A8V1AIR0
P0C024	A0A8V0XVT3
P0C0P6	A0A3Q2U9J5
P0C0S5	Q5ZMD6
P0C263	A0A8V0X7R2
P0C2L3	R4GL56
P0C2S0	A0A1D5P2I8
P0C2W1	A0A8V1A7G4
P0C672	A0A8V0Y8E5
P0C6S8	A0A1L1RQ93
P0C7P0	A0A3Q2UL56
P0C7T5	R4GIP3
P0C7U0	A0A8V0ZAQ2
P0C7W0	A0A8V1A1D0
P0C7W6	A0A8V0ZRA2
P0C851	A0A3Q2TXM0
P0C869	A0A8V0ZCG2
P0C870	A0A8V0Z6I5
P0C875	A0A3Q2U276
P0CAP1	A0A8V0ZL68
P0CAP2	A0A8V0ZKV7
P0CG13	A0A8V0Y4N4
P0CG20	A0A8V0Z1I9
P0CG23	A0A8V0ZYA3
P0CG40	A0A8V0ZWL3
P0CG47	A0A1D5P546
P0CK96	A0A8V0ZC19
P0CW18	A0A8V0Z537
P0CW23	A0A8V0XC49
P0CW27	A0A3Q2UH76
P0DH78	A0A8V1AKP9
P0DJH9	A0A8V0Z1A0
P0DJR0	A0A8V0XTW3
P0DKB5	A0A8V0XKW5
P0DKL9	A0A3Q3AXJ4
P0DKX4	A0A8V0Y0B8
P0DMB2	A0A8V0Y9G7
P0DMC3	A0A8V0XV77
P0DMQ5	A0A3Q2U8U5
P0DMS8	A0A8V1ACC1
P0DP23	A0A8V0ZII4
P0DP72	A0A8V0ZTV8
P0DPA2	A0A8V1AJP8
P0DPB6	A0A1L1RZU1
P0DPD7	A0A8V0YJG7
P10070	A0A8V0Z2C5
P10074	A0A8V0Z854
P10109	P13216
P10114	E1BQI2
P10124	A0A8V0ZRY6
P10155	A0A8V0YF85
P10242	P01103
P10253	A0A8V1ALI6
P10275	A0A1D5P088
P10415	Q00709
P10515	A0A8V0ZWH3
P10523	A0A8V0ZKQ9
P10586	A0A8V0ZP13
P10588	A0A1D5NUT5
P10589	F1NJL8
P10599	P08629
P10606	A0A8V0Z2Y8
P10619	A0A8V0YMN1
P10620	A0A8V0YGN2
P10636	A0A8V1A2K7
P10643	A0A8V0YHT1
P10644	Q5ZM91
P10645	A0A8V0YKZ0
P10646	A0A8V0YDC8
P10721	Q08156
P10745	A0A8V0ZGL3
P10746	E1BUH1
P10767	F1P5Y5
P10768	A0A8V0XAV4
P10809	Q5ZL72
P10826	P22448
P10827	P04625
P10828	P68306
P10909	A0A8V0Y0J2
P10911	A0A8V0Z8I5
P10915	P07354
P10997	A0A8V0YC40
P11021	Q90593
P11047	A0A8V0YHZ7
P11086	A0A8V0ZZG5
P11117	A0A8V0ZX41
P11137	A0A8V0YHA8
P11142	O73885
P11150	A0A8V0ZYA6
P11161	Q98T82
P11171	A0A8V0Z185
P11172	A0A8V0ZCP5
P11177	A0A1D5P1U2
P11182	A0A8V1A234
P11216	E1BSN7
P11233	A0A1D5P1T0
P11234	A0A8V0Z8K5
P11274	E1C0M5
P11277	A0A8V0ZJ21
P11308	Q90837
P11310	A0A8V0X6C0
P11387	A0A8V0ZIW3
P11487	P48801
P11488	Q9DG28
P11586	A0A8V0Z3G2
P11717	A0A8V0XQI9
P11801	A0A8V0ZTK6
P11908	Q5ZI49
P11940	A0A8V0YD15
P12004	Q9DEA3
P12034	A0A8V0XH48
P12036	A0A8V0X2G0
P12074	A0A8V0ZC01
P12081	A0A8V0YJZ5
P12104	Q7ZZZ5
P12107	A0A8V0ZUR6
P12110	P15988
P12235	Q5ZMJ6
P12259	A0A8V0XX93
P12268	A0A1D5PSI2
P12270	A0A8V0ZIK0
P12271	E1C1U1
P12272	P17251
P12277	P05122
P12544	A0A8V0YJL4
P12645	A0A8V0XI93
P12694	A0A8V0XT23
P12757	F1P0N0
P12814	P05094
P12872	A0A8V1A8Y5
P12955	A0A8V1A490
P13010	A0A8V0ZIP8
P13051	F1NJG2
P13056	A0A1D5P5I7
P13073	A0A8V0XW68
P13224	A0A3Q3AXX7
P13284	A0A8V1AG08
P13349	Q08856
P13489	A0A8V1A8L5
P13498	A0A8V0Y6U6
P13501	A0A8V1AL34
P13521	A0A8V1A6X0
P13569	A0A8V0X9Y7
P13584	A0A8V0ZSG0
P13612	A0A1D5PKL9
P13631	A0A8V0ZYL9
P13637	P24798
P13667	A0A8V0XTG7
P13671	A0A8V0YES7
P13686	A0A8V0XJX2
P13693	P43347
P13716	A0A8V1AB74
P13726	A0A8V0ZMZ2
P13796	A0A8V0XLM7
P13797	A0A1D5PE96
P13798	A0A8V1A3L3
P13804	A0A8V1A376
P13861	A0A8V0Z8R3
P13866	A0A8V1A144
P13929	P07322
P13984	A0A8V0XDY1
P13987	A0A3Q2U5B7
P13994	A0A8V0X8W5
P14061	O12968
P14091	A0A8V1A722
P14136	A0A8V0ZNC8
P14138	A0A8V0YVB3
P14209	A0A3Q3A7M3
P14210	A0A8V0Y9C1
P14222	A0A8V1AEI6
P14316	Q98925
P14384	E1C041
P14416	A0A8V0ZVQ4
P14543	A0A8V0Y357
P14616	H9KZZ2
P14621	P07031
P14652	R4GLI3
P14678	Q9PV94
P14735	A0A8V0ZI42
P14770	F1P1G3
P14780	A0A8V0YXL9
P14784	F1NDV9
P14854	A0A8V0X6I3
P14866	A0A8V0Y526
P14867	P19150
P14868	Q5ZJQ6
P14920	A0A8V0ZIU2
P14921	P13474
P14923	A0A8V0ZIZ1
P14927	A0A8V0YD57
P15018	A0A8V0X6M3
P15036	P10157
P15085	F6UZI0
P15086	E1BW20
P15090	A0A1D5NYF3
P15153	A0A8V0YHK2
P15169	E1C7M0
P15248	Q2PYN4
P15260	A0A8V0XK86
P15289	A0A8V0XXM5
P15291	A0A8V0Y298
P15309	A0A8V0ZEG9
P15311	A0A8V0XUZ3
P15408	P18625
P15428	A0A8V0XGN1
P15498	A0A8V0XJF3
P15514	Q645M5
P15559	A0A8V0Y1T0
P15586	F1NI04
P15822	A0A8V0Y7E4
P15848	A0A8V0YLN5
P15863	A0A8V0Z636
P15880	A0A8V0Z985
P15882	A0A8V1ADQ1
P15884	A0A8V0YCN1
P15923	A0A8V1AFF3
P15924	A0A8V0Y884
P15927	A0A8V0YNM4
P15954	R4GLP0
P15976	P17678
P16066	A0A8V1AJU9
P16070	A0A8V1A8P7
P16083	A0A8V0YD42
P16104	A0A1L1RNY8
P16109	A0A8V0YHJ7
P16144	A0A8V1AQ72
P16152	A0A8V0YHY0
P16157	A0A8V0Z5F0
P16219	Q5ZL56
P16220	Q7SX83
P16260	A0A8V0ZR95
P16278	A0A8V0Z0Z6
P16284	A0A8V1AN16
P16298	Q5ZIM8
P16389	Q7T1A0
P16410	Q1XDY5
P16435	A0A8V1AN06
P16444	A0A8V0XR67
P16452	A0A8V0ZY50
P16455	A0A1D5PYE3
P16473	A0A8V0XP56
P16519	A0A8V0ZB97
P16520	A0A1D5P7Z5
P16581	A0A8V0YVI9
P16591	E1C7Z1
P16671	A0A8V0Y2J1
P16870	R4GFJ0
P16871	A1EA95
P16885	A0A8V0XNI4
P16930	A0A8V0Z4V7
P16949	P31395
P16989	A0A8V0ZPU8
P17081	A0A8V0YZR0
P17096	A0A8V1A865
P17174	P00504
P17181	A0A8V0YDQ3
P17252	A0A8V1AMK5
P17301	A0A8V0YFV5
P17342	A0A8V0YF36
P17405	A0A8V0X637
P17480	A0A8V1A889
P17482	A0A8V1A8X6
P17509	A0A1D5PZQ6
P17535	P27921
P17544	A0A1D5PF49
P17658	A0A8V0ZS40
P17676	Q05826
P17706	A0A8V0X4H3
P17707	Q5F484
P17787	P09484
P17812	A0A8V0YQ26
P17813	A0A8V1A786
P17844	A0A3S5ZPN3
P17858	A0A8V0ZTG8
P17861	A0A8V0ZPR6
P17900	A0A8V0Z086
P17927	A0A8V1A7L6
P17931	A0A8V0Z0X5
P17936	A0A8V0XYB6
P17947	A0A8V0ZPX1
P17980	A0A8V0ZHA5
P17987	Q5ZMG9
P18075	A0A8V0YSE9
P18077	A0A8V0YS29
P18084	A0A8V0Z5G5
P18146	Q8QG62
P18206	P12003
P18283	A0A8V0ZR25
P18433	A0A8V0YWD3
P18507	P21548
P18545	Q802E4
P18564	A0A8V0ZG81
P18583	A0A8V0YE42
P18615	A0A3Q2UGX9
P18621	A0A1D5PR40
P18627	A0A8V0ZMF0
P18754	A0A8V0Z0C9
P18827	F1NV24
P18846	A0A8V0ZN47
P18847	A0A8V0Z3K0
P18848	A0A8V0Y9A6
P18850	A0A8V0YGP2
P18858	A0A8V0XK84
P18859	A0A8V0Y237
P19021	A0A8V0XU79
P19022	P10288
P19075	E1C3Y3
P19086	F1NZY0
P19087	A0A1D5PZ45
P19113	A0A8V0Z172
P19174	A0A8V0ZHR0
P19237	A0A8V1A110
P19320	A0A8V0ZUA2
P19338	P15771
P19367	A0A8V0ZU96
P19387	E1BV97
P19388	F1NHV9
P19404	A0A1D5PI06
P19438	Q5ZJG1
P19484	A0A8V1AD97
P19525	A0A8V0XXH3
P19544	A0A8V1A1G8
P19622	Q05917
P19623	A0A1D5NY06
P19634	Q1PS52
P19784	P21869
P19793	A0A8V1ADP0
P19801	A0A8V1AD74
P19823	A0A8V0XQ96
P19835	A0A8V1ALS7
P19878	A0A8V0YDM1
P19971	A0A8V0XNI8
P20042	Q9DEQ6
P20062	A0A8V0X783
P20073	A0A8V0ZHE1
P20142	Q9W643
P20264	A0A8V0YHM3
P20265	A0A8V0XJR9
P20290	A0A8V0Y729
P20292	A0A8V0XMD1
P20333	A0A8V0Z8J8
P20336	A0A8V1ADY5
P20338	A0A8V0Y8H4
P20339	Q5ZIP7
P20340	Q1KME6
P20366	A0A8V0XKA0
P20396	Q6ZXC3
P20585	A0A8V0XSB3
P20594	A0A8V0Y2W2
P20618	A0A8V0XYZ5
P20645	A0A8V0ZSC0
P20674	A0A8V0ZU95
P20711	E1BV90
P20719	Q6B3N0
P20774	Q9W6H0
P20783	P25433
P20794	A0A8V0YF20
P20800	A0A8V0YSM5
P20810	A0A8V0YDK0
P20908	A0A8V1A8M8
P20929	A0A8V0Y490
P20933	F1NQI0
P20941	A0A8V0ZIH0
P20963	A0A8V0XWA6
P21128	A0A8V0ZSQ1
P21145	F1NYZ0
P21246	P32760
P21281	A0A1D5PP57
P21283	A0A8V0Y6Z6
P21291	P67966
P21359	A0A8V1ADH8
P21452	A0A8K1ER17
P21453	R4GHZ8
P21549	A0A8V1A124
P21554	A0A8V0XKZ2
P21579	P47191
P21580	A0A8V0XR94
P21583	Q09108
P21589	A0A8V0XC92
P21673	Q8AXL1
P21695	A0A8V0ZZ88
P21709	A0A8V0ZPH9
P21728	B8YLW8
P21731	A0A1D5P7R6
P21781	Q5KRA4
P21796	A0A8V0Z0Y0
P21815	P79780
P21817	A0A8V0Y6Q6
P21860	A0A8V1A7N1
P21917	B6UVA0
P21926	A0A8V1A2P5
P21953	A0A1D5P765
P21964	A0A8V1A5Z7
P22001	A0A1D5PI60
P22003	A0A8V0X8P5
P22004	A0A8V0Y5G9
P22033	A0A8V0Y0K4
P22059	A0A8V0ZKA8
P22083	A0A8V0Y925
P22087	A0A8V0X950
P22301	Q6A2H4
P22304	A0A8V0YIQ1
P22392	O57535
P22413	A0A8V0XEZ0
P22415	A0A8V1A8X7
P22455	F1NCL8
P22459	Q9YGX8
P22466	A0A8V1A9H9
P22570	A0A8V1AJY3
P22626	Q5ZME1
P22674	A0A8V0YM62
P22676	P07090
P22680	A0A8V0X9V3
P22681	A0A8V0ZY53
P22692	A0A1D5P480
P22695	A0A8V0YZL1
P22732	A0A8V0Z7Z2
P22736	A0A8V0ZXM1
P22749	A0A8V0Z8H1
P22760	A0A8V0X9N3
P22792	A0A8V0YPT2
P22794	A0A8V1AKN3
P22888	Q90674
P22891	A0A8V0YPP3
P22897	A0A8V0XPW9
P22914	D0UYB8
P23109	A0A8V1A5I9
P23193	A0A8V0XD38
P23219	A0A1D5PM03
P23246	A0A1D5P8I3
P23276	A0A8V0ZJU5
P23280	A0A8V0Z0V6
P23297	A0A1D5PJJ4
P23352	P33005
P23368	A0A8V0YCT5
P23381	E1C2Z5
P23396	F1NPA9
P23409	Q01795
P23415	A0A8V0YV58
P23416	A0A8V0X314
P23435	A0A1D5P363
P23443	A0A8V1AJA4
P23458	A0A8V0ZSN8
P23467	A0A8V0YIN5
P23468	A0A8V0YFZ7
P23469	A0A8V0XGV6
P23471	A0A8V0XA98
P23508	A0A8V0XSX3
P23511	A0A8V1AH79
P23515	E1C1K8
P23526	A0A8V0ZZJ0
P23560	P25429
P23582	A0A3Q2TRT0
P23588	A0A8V0ZQ22
P23610	A0A8V0Z3P7
P23634	A0A1D5PJX0
P23677	F1NXP1
P23743	A0A8V0ZZL0
P23759	A0A8V0Z7J5
P23760	Q8QGS3
P23771	P23825
P23786	A0A8V0ZWG4
P23919	A0A8V1A2Y9
P23921	A0A8V0XCX5
P23942	O42281
P23975	A0A8V0ZXJ6
P24043	A0A8V0XKL2
P24046	A0A8V0XL12
P24278	A0A8V0Z8Y5
P24347	A0A8V1ACE2
P24387	A0A8V0YB32
P24394	A0A8V0Z0E5
P24522	Q2HZD6
P24530	A0A8V0X8K4
P24534	Q9YGQ1
P24539	A0A8V1A4N7
P24557	A0A8V0YIP2
P24588	A0A8V0Z967
P24593	F1ND88
P24666	Q5ZKG5
P24723	F1NJH1
P24752	A0A8V0XE68
P24863	P55168
P24928	A0A8V0X8E6
P24941	A0A8V1A1Y7
P25021	F1NUQ9
P25054	A0A1D5PC88
P25067	A0A8V0YQ47
P25092	E1BZE2
P25098	A0A8V0ZTS7
P25100	A0A8V0YVS8
P25101	O73739
P25103	Q9W6I3
P25105	E1C095
P25106	R4GKC2
P25116	A0A8V0Y5R5
P25325	A0A8V0YPU2
P25391	A0A8V0X4B6
P25398	P84175
P25440	A0A8V0XJ66
P25445	A0A8V0ZU18
P25490	F1NHV6
P25685	A0A3Q2UAA1
P25686	A0A8V0ZJF9
P25705	A0A1D5PN54
P25774	A0A8V1AFH0
P25786	O42265
P25787	A0A8V0Y2L2
P25788	Q5ZLI2
P25791	A0A8V1A090
P25929	A0A8V0XZA0
P25942	A0A8V0YQB5
P26006	A0A8V1A4I5
P26012	A0A8V0XLM2
P26022	A0A8V0X4Q1
P26038	A0A1D5NYK7
P26045	A0A8V0Y719
P26232	A0A8V0Z4L2
P26367	A0A8V0ZNJ7
P26373	P41125
P26378	A0A8V0ZSM8
P26440	A0A8V0ZTF7
P26441	Q02011
P26447	A0A8V1AKB1
P26599	A0A8V1ABY0
P26639	A0A8V0YQC4
P26641	A0A8V0X0T8
P26998	P55165
P27037	Q90669
P27105	E1BTV1
P27216	A0A8V0XZA6
P27338	A0A1D5PI43
P27348	Q5ZMD1
P27352	A0A8V1A3I6
P27448	A0A8V0YLV1
P27449	A0A8V0Z0Z3
P27469	D9IU67
P27487	A0A8V0ZN73
P27540	A0A8V1AFH5
P27544	A0A8V1AJP0
P27658	Q7LZR2
P27695	A0A8V0WZG9
P27701	A0A8V0ZLF9
P27707	Q5ZMF3
P27708	A0A8V0Y085
P27797	A0A8V0X980
P27816	A0A8V1A3F3
P27824	A0A8V0YS98
P27930	A0A8V0YN49
P27986	A0A3Q3ACS4
P27987	A0A8V0Z4Z4
P28039	A0A8V0Z4K6
P28066	A0A8V1AFH4
P28067	A0A8V0XF89
P28070	A0A8V1ABH8
P28221	E1BZQ1
P28222	D3Y1H8
P28223	A0A8V0XKI8
P28288	Q5F4B9
P28289	A0A8V0XYA6
P28290	A0A8V0ZVK6
P28324	A0A8V1A1Q6
P28328	Q5ZM64
P28330	A0A8V0Y4M6
P28331	A0A8V1AA37
P28335	F1N989
P28336	E1BRP1
P28340	A0A8V0X331
P28347	A0A8V0ZT57
P28356	A0A8V0ZZQ8
P28358	E1BRT6
P28360	P50223
P28370	A0A8V0YU45
P28476	F1ND90
P28482	A0A8V1A4Q4
P28562	A0A8V0XYX4
P28566	A0A8V0XI02
P28715	F1P266
P28749	A0A8V0ZZS3
P28799	A0A8V0ZVA9
P28827	A0A8V0X7T6
P28838	A0A8V0YG48
P28906	A0A8V1A7R3
P28907	A0A1L1RQU5
P28908	Q800I0
P29074	A0A8V0Z920
P29083	A0A8V0ZVP5
P29084	Q5ZIE1
P29120	A0A8V0YDL8
P29122	A0A8V0ZA56
P29144	A0A1D5P774
P29218	A0A8V0XJA5
P29274	A0A8V1ADB5
P29275	O13076
P29279	Q98TQ8
P29317	A0A8V0YWW2
P29322	A0A8V0YYI3
P29350	A0A3Q2UCN1
P29353	A0A1D5NYP8
P29371	F1NJ82
P29372	A0A8V0ZAK6
P29373	A0A8V1A3P1
P29374	A0A8V0Z0L9
P29375	F1NN75
P29401	F1P1A5
P29459	A0A8V0X746
P29460	A0A8V0YA75
P29474	A0A8V1AAD1
P29475	A0A8V0X354
P29536	A0A8V0ZV76
P29558	A0A8V0ZG76
P29597	A0A8V0X5W9
P29692	A0A8V0Y744
P29972	A0A8V1ABD7
P29973	Q90980
P29992	Q71RI7
P30038	A0A1D5PXI1
P30039	A0A8V0ZSL1
P30047	A0A1D5PZT4
P30048	A0A8V0XEE4
P30049	A0A1D5NW93
P30050	E1BTG1
P30084	A0A8V0ZRA3
P30085	Q5ZKE7
P30086	A0A8V0ZTA5
P30101	Q8JG64
P30203	A0A8V0ZHB8
P30260	A0A8V1A7I1
P30273	A0PFW5
P30279	P49706
P30291	R4GJW5
P30304	A0A8V1A896
P30405	A0A8V0ZEN0
P30408	A0A8V0X9Q6
P30414	A0A8V1AED8
P30419	A0A1L1RKT0
P30519	A0A8V0YZF8
P30531	E1BVF3
P30533	A0A8V0YXE7
P30536	A0A8V0YBR3
P30550	Q802E7
P30556	P79785
P30559	Q5D7U5
P30566	P21265
P30622	O42184
P30626	A0A8V0XPG3
P30740	A0A8V0YIQ5
P30825	A0A8V0XU02
P30872	A9UGZ3
P30874	Q58G84
P30876	A0A8V0XJR3
P30939	E1C3Z3
P30988	A0A8V0XIL8
P30989	A0A8V0ZD02
P30990	A0A8V0YAJ1
P31153	A0A8V0ZC18
P31213	F1NUW1
P31249	E1BZG3
P31260	E1C8Y7
P31267	Q5YLH5
P31268	Q90VZ9
P31269	F1NJG5
P31270	P31258
P31273	Q9YH13
P31274	A0A1D5PQW8
P31275	A0A1D5PG80
P31276	A0A1D5P370
P31321	A0A1D5PCI4
P31323	A0A8V0XVM7
P31327	A0A8V0YI55
P31350	E1BXP4
P31371	A0A8V0XND5
P31391	Q4PLA6
P31483	A0A8V0Z7W1
P31512	A0A8V0YMD8
P31629	A0A8V0XT29
P31641	A0A8V0ZJ50
P31644	A0A8V0XHI4
P31645	F1NZ44
P31689	A0A1L1RZR2
P31749	A0A8V0Z0D0
P31751	A0A8V0Y2F4
P31785	A0A8V0Z5Q4
P31930	A0A8V1A3B4
P31937	A0A1D5PH80
P31942	A0A8V0ZTM4
P31946	Q5ZLQ6
P31948	A0A8V0X7X7
P32004	Q03696
P32019	A0A8V0YD39
P32238	A0ZPS0
P32241	A0A8V1A8V6
P32242	A0A8V0YWZ7
P32243	A0A8V0ZHS5
P32245	F1NQE8
P32247	A0A8V0YP21
P32248	E3VW39
P32249	A0A8V0XN35
P32297	P09481
P32298	Q5ZKL2
P32302	A0A8V1A284
P32314	F1NV54
P32320	A0A8V0ZG12
P32321	A0A8V0Y0N5
P32418	Q000J5
P32519	A0A8V0XCD1
P32745	A0A8V0YHV2
P32754	A0A8V1A7G1
P32780	A0A8V1A588
P32856	A0A8V0ZR60
P32929	E1BYF1
P32969	A0A1D5NVI1
P32971	A0A8V1AKA1
P33032	A0A1D5P8Y9
P33076	A0A8V0ZB38
P33121	A0A8V0XMJ6
P33176	E1C3A1
P33240	A0A8V0YX48
P33241	A0A8V1A0S3
P33316	A0A1L1RUW7
P33402	A0A8V0XPM0
P33552	A0A1D5PGD2
P33681	A0A8V0XUH0
P33908	A0A8V0YQN0
P33947	Q5ZKX9
P33981	A0A8V0XCY6
P33991	A0A8V0XLC7
P33992	Q5ZKL0
P34059	A0A8V0XWJ8
P34741	A0A8V0YBA2
P34896	A0A8V0YWC0
P34903	A0A8V0YJK9
P34913	A0A8V0Y5T6
P34925	A0A8V1A3G7
P34932	A0A1D5PPF8
P34947	E1BQG4
P34949	A0A1D5Q008
P34969	G9BWP6
P34972	A0A8V0YSE2
P35070	A0A8V0XVD1
P35080	A0A8V0X163
P35212	F1NJ17
P35219	A0A1D5PPM5
P35221	A0A8V0XTR4
P35222	A0A1D5NYE8
P35226	Q5SDR3
P35227	A0A8V0ZLQ7
P35232	P84173
P35236	A0A1D5PFJ3
P35240	A0A8V0WZJ7
P35243	P22728
P35244	A0A8V0XI10
P35249	A0A1L1RUB9
P35250	P53033
P35251	A0A8V0YSN6
P35268	Q98TF8
P35270	A0A8V0ZD26
P35318	A0A8V0ZHG0
P35346	F6RCI2
P35348	A0A8V0Z6Z5
P35354	P27607
P35367	F1NEN2
P35368	A0A6J3ZXA9
P35372	F1NW54
P35398	A0A3Q2UCE3
P35408	A2TH16
P35414	E1C968
P35443	F1NBP0
P35452	P24343
P35462	C5HV40
P35475	A0A8V0YL41
P35498	A0A8V1A8W9
P35499	A0A8V0ZX82
P35520	A0A8V0Y6C9
P35523	A0A8V0ZVE2
P35548	P28362
P35555	A0A8V0ZDK1
P35556	A0A8V0YHR1
P35557	A0A8V0Z8U3
P35568	A0A8V0ZNF9
P35573	A0A8V0ZQ64
P35575	A0A8V0ZVF2
P35580	A0A8V1AJQ0
P35590	A0A8V0ZWV8
P35606	A0A8V1A960
P35610	A0A8V0Y987
P35611	A0A8V0YW97
P35612	A0A8V0ZA30
P35613	P17790
P35625	P26652
P35658	A0A8V1AHN3
P35659	A0A8V0Y1P8
P35670	A0A8V0X9Y2
P35680	A0A8V1AAZ9
P35711	A0A8V0YGI4
P35712	F1NAU5
P35713	Q90ZA9
P35790	A0A1D5P2G3
P35813	A0A8V0YY86
P35858	A0A8V0Z6E4
P35869	A0A8V0XH72
P35900	A0A8V0ZQ00
P35913	F1NA42
P35916	A0A8V0YXZ9
P35968	F1NW21
P35998	Q5ZMB8
P36021	A0A142EGP9
P36269	A0A8V1AD56
P36383	P18861
P36405	A0A8V0Z197
P36406	A0A8V0YEV7
P36542	A0A8V0XSQ1
P36543	A0A8V0YM17
P36551	A0A8V0XKY4
P36578	A0A8V0Z4U8
P36639	F7BGT1
P36776	A0A1D5NYJ2
P36871	A0A8V1A185
P36873	A0A8V0ZYK3
P36888	A0A8V0XQ80
P36894	F1P3H0
P36896	A0A8V0ZPC2
P36897	Q06900
P36952	A0A8V0YCF4
P36954	A0A8V0XDJ8
P36955	A0A8V1AK00
P36956	A0A8V0Z1F5
P36957	A0A1D5PQV3
P36969	A0A8V1AGW9
P37023	A0A8V0ZUS7
P37058	A0A1L1RTH3
P37059	A0A8V0XUY1
P37108	A0A8V0ZVK0
P37173	Q90999
P37198	A0A8V0YP00
P37231	A0A8V1ADV5
P37235	P42324
P37268	A0A8V0Y4C3
P37287	A0A8V0X988
P37288	A8CWP8
P37802	A0A8V1ALH2
P37837	A0A1D5PC23
P37840	A0A8V0XZX1
P38398	A0A8V1A3R7
P38405	E1BS74
P38432	A0A8V1APB5
P38484	A0A1D5PS87
P38567	A0A8V0X6B4
P38571	A0A8V0ZBM1
P38919	Q5ZM36
P38935	E1BY42
P38936	A0A8V1A8M5
P39023	A0A8V0YG86
P39059	A0A8V0XUW3
P39060	A0A8V0YMR4
P39086	A0A8V0YE44
P39210	A0A8V0XWP5
P39748	Q5ZLN4
P39880	A0A8V1AMZ7
P39905	A0A8V0YHD0
P40121	A0A8V0ZG34
P40123	A0A8V0YFL6
P40145	A0A1D5PNE8
P40189	A0A8V0YBA0
P40197	A0A8V0YPP0
P40222	A0A3Q3B2W9
P40225	A0A8V0YU46
P40238	A0A8V0ZPI6
P40259	Q8AV16
P40305	A0A8V0YLI9
P40313	A0A8V0ZU28
P40337	A0A8V0Z8B2
P40424	Q9IB15
P40426	Q5ZLI3
P40617	R4GGR6
P40692	A0A1D5P146
P40818	A0A8V0Z7V4
P40855	A0A8V1AKK0
P40879	A0A8V0Y9S9
P40925	Q5ZME2
P40926	E1BVT3
P40933	A0A8V0YA38
P40937	A0A8V0X773
P40938	F1P3C0
P40939	A0A8V0YB61
P41002	A0A8V0Z3I0
P41143	A0A8V0YYL3
P41145	E1C0V9
P41146	R4GF58
P41159	O42164
P41161	F1NEG9
P41162	A0A8V1AAC3
P41180	A0A8V0ZLX2
P41181	A0A8V1A5X6
P41208	F1NM71
P41212	A0A8V0ZUM0
P41214	A0A8V1A2B9
P41217	A0A8V0XSI3
P41220	Q7ZZS5
P41221	Q9YGX6
P41222	A0A8V1A8R1
P41223	E1BV47
P41225	P48433
P41231	A0A8V0XEL3
P41235	F1NZ15
P41247	A0A1D6UPU4
P41250	A0A8V1AAU9
P41252	A0A8V1AAK5
P41279	E1C848
P41440	A0A1D5PVR1
P41567	A0A8V0ZJ52
P41586	A0A8V1A3X2
P41587	A0A8V1A0T8
P41594	F1NWG3
P41595	F1NU82
P41732	A0A8V0XB98
P41743	E1BWA3
P41968	A0A8V0YY12
P41970	A0A8V0YJZ6
P42081	A0A8V0ZQ81
P42126	A0A8V0YYX3
P42127	A0A8V1A1V6
P42166	A0A8V0YQB2
P42224	A0A8V0YP10
P42226	A0A8V1A4W2
P42261	A0A1D5PIW7
P42262	F1NKF1
P42263	A0A8V0Y8I2
P42285	A0A8V0YUC5
P42331	A0A1D5PK72
P42336	O42391
P42338	Q5F4A2
P42345	F1NUX4
P42356	A0A8V0ZYM1
P42357	A0A8V0YCV1
P42566	A0A8V0ZYI9
P42568	F1NQ29
P42574	O93417
P42575	Q98943
P42658	A0A8V1A6N1
P42679	E1C2C8
P42680	F1NZY8
P42681	A0A8V0YYC1
P42684	A0A8V0Y7Y3
P42685	A0A8V0YW12
P42694	A0A8V1AKU6
P42695	A0A8V1A9M5
P42696	A0A8V0Y6A1
P42701	A0A8V1AE50
P42702	F1NN90
P42704	A0A8V0ZKH6
P42765	A0A8V0Y9E4
P42766	Q98TF7
P42773	A0A8V1A5L7
P42785	A0A1D5PVG8
P42857	Q8QFP1
P42858	A0A8V0YVY1
P42892	A0A8V0ZHS1
P42898	E1BXL1
P43003	A0A3Q2U6I3
P43004	A0A8V1A900
P43005	A0A8V0YD30
P43007	E1BRV6
P43026	A0A1D5PGR5
P43034	Q9PTR5
P43080	P79880
P43088	Q3HS34
P43115	Q1KMR2
P43116	F1NDL3
P43121	A0A1D5PL70
P43155	A0A8V1AHE6
P43166	A0A8V0XZG4
P43220	C0J3M4
P43234	A0A8V0Y4L0
P43243	A0A8V0XTL6
P43246	A0A8V0Z2L4
P43250	A0A8V0YDL0
P43251	E1C3J7
P43268	A0A8V1A142
P43304	F1NCA2
P43307	A0A8V0Y4P5
P43308	A0A8V1ALN1
P43354	A0A1D5NYR5
P43378	A0A8V0ZCL5
P43403	A0A8V1AEL3
P43405	F1N9Y5
P43487	A0A8V0Z8Z7
P43489	A0A8V0ZK88
P43490	A0A8V0Y502
P43699	A0A8V0XKA8
P43897	A0A8V1A944
P45378	P12620
P45381	A0A8V1AF59
P45452	A0A8V0XNA3
P45844	A0A8V0Y9R5
P45877	A0A8V0XA12
P45880	A0A8V0ZPZ5
P45954	A0A8V0XA67
P45973	A0A8V0ZRD1
P45974	A0A8V0ZUX9
P45983	A0A3Q2TY19
P45984	P79996
P45985	A0A8V1AKW4
P46013	A0A8V0XI12
P46019	A0A8V0XHT8
P46020	A0A8V0YVG5
P46059	Q90WH8
P46060	A0A8V0YG17
P46063	A0A8V0YLM0
P46087	A0A8V0ZNS4
P46091	F1NYB0
P46094	A0A8V0Z0Z5
P46095	A0A8E7PDW4
P46098	A0A8V0ZXM9
P46100	A0A8V0YT68
P46108	Q04929
P46199	A0A8V0YXW5
P46459	A0A8V1ACD8
P46527	A0A8V0ZMY3
P46531	A0A8V1AHH1
P46663	A0A8V0YUF1
P46721	A0A8V0YEA4
P46734	A0A8V0ZIQ5
P46736	A0A8V0YYR2
P46776	A0A8V0ZL98
P46777	P22451
P46778	R4GIQ2
P46783	E1C4N0
P46821	A0A8V0YEB8
P46926	Q5ZLA0
P46934	A0A8V0ZVX3
P46937	A0A8V0XQF4
P46939	A0A8V0XEV5
P46940	A0A8V0WZC4
P46952	A0A8V0ZCP1
P46976	A0A8V0X182
P46977	Q5ZLA7
P47211	F1NQJ8
P47224	A0A8V0ZZX9
P47712	P49147
P47736	A0A8V0YZT8
P47755	P28497
P47756	P14315
P47775	F1P2L2
P47804	F1P193
P47869	A0A8V0YH87
P47870	F6SVX7
P47871	A0A8V1ANB6
P47872	A0A8V0ZFQ4
P47895	A0A8V0Z2F8
P47897	A0A8V0ZF10
P47898	A0A8V1A4I2
P47900	P34996
P47901	A0A8V1AEI8
P47902	Q9DEB6
P47914	A0A1L1RNZ2
P47928	Q90X13
P47972	A0A8V0ZG73
P47974	A0A8V0ZK53
P48023	A0A8V0YN18
P48029	A0A1L1RLR0
P48039	P49285
P48047	A0A8V0Y9X9
P48048	A0A8V0ZV50
P48050	F1NI76
P48051	A0A8V0YI82
P48052	A0A8V0XSY3
P48058	A0A1D5PJ69
P48059	A0A8V0YS89
P48061	A0A8V0ZMY6
P48065	E1BQT4
P48066	A0A8V1A339
P48067	A0A8V0ZVW9
P48147	A0A8V0YJW4
P48163	A0A8V0XF04
P48167	F1P037
P48169	A0A8V0YKW6
P48201	A0A8V0ZQU4
P48230	E1C345
P48307	A0A3Q3A7D8
P48357	A0A8V0ZR35
P48378	A0A8V1ADK6
P48380	A0A8V0YBC8
P48382	A0A8V1AGJ3
P48436	P48434
P48444	Q5ZL57
P48449	A0A8V0YMK4
P48506	F1NQZ9
P48507	A0A8V0ZPB9
P48509	A0A8V0ZKN6
P48539	A0A8V0YEQ6
P48544	F1P3M0
P48547	A0A8V0ZS84
P48551	A0A8V0YD02
P48552	R4GIS3
P48553	A0A8V0Y733
P48556	A0A8V0Y2J6
P48637	A0A8V0ZV37
P48643	Q5F411
P48645	F1NEH2
P48664	A0A8V1A9T0
P48681	A0A8V1AG21
P48723	A0A8V0XPG2
P48729	P67962
P48730	A0A8V1AFH3
P48735	A0A1D5P8I7
P48736	A0A8V0XVL2
P48739	A0A8V0ZNT8
P48740	A0A8V0YTQ9
P48751	E1C314
P48764	A0A8V0XVJ9
P48775	A0A8V0XRX0
P48995	Q6DMS2
P49005	A0A8V0Z2P7
P49006	Q5ZKS0
P49023	P49024
P49069	Q90700
P49116	A0A3Q2U2X9
P49137	F1NCY7
P49146	Q9DDN6
P49189	A0A8V0Y9P9
P49207	A0A8V0XI58
P49221	A0A1D5P5P9
P49238	A0A8V0Z0U7
P49247	A0A8V0YXX3
P49257	Q5F3E6
P49279	P51027
P49286	A0A0A0MQ60
P49321	A0A8V1A5R8
P49335	A0A8V0ZAA8
P49336	A0A8V0XNJ2
P49354	A0A8V0YNE3
P49356	A0A1L1RSD4
P49368	A0A8V1ACX6
P49406	A0A8V0XZI9
P49407	A0A8V0XCX3
P49411	P84172
P49418	P50478
P49419	A0A8V0X4A6
P49427	F1NL19
P49441	A0A8V0ZXZ7
P49447	E1C8U5
P49450	Q6XXM1
P49454	A0A8V0Z9Z7
P49458	Q5ZHT7
P49459	Q9W6F3
P49585	A0A8V0YIW5
P49588	A0A8V0ZSD4
P49591	A0A8V1A7D7
P49593	A0A8V0ZS02
P49638	A0A8V0XF74
P49639	R4GHI8
P49640	A0A8V0X641
P49641	A0A8V0X4B9
P49642	A0A8V1A9G5
P49643	A0A8V0X537
P49674	Q5ZLL1
P49685	A0A8V0XT78
P49715	Q90582
P49716	A0A1D5PZE5
P49720	A0A8V0ZNX9
P49721	A0A8V0YQV8
P49736	A0A8V1AFJ9
P49747	A0A8V1AFJ0
P49750	A0A8V0XWJ5
P49754	A0A1D5PZF2
P49755	F1NA76
P49756	A0A8V0ZFJ7
P49757	A0A8V0ZGI6
P49758	A0A8V0ZBT4
P49760	Q5ZJ82
P49761	F1NLR7
P49763	A0A8V0XX29
P49767	A0A8V0XD22
P49770	A0A8V0XRM9
P49773	A0A8V0YBC1
P49789	A0A8V0Z9S7
P49790	A0A8V0YGY2
P49792	A0A8V0YKW9
P49795	A0A8V0ZMA8
P49796	A0A8V1AG72
P49802	A0A8V0Y7D6
P49815	A0A3Q2TYJ2
P49821	A0A8V0ZN13
P49841	A0A8V1A1J1
P49888	F1NMA2
P49903	A0A8V0XGX5
P49908	A0A8V0YPB9
P49914	A0A8V0ZI79
P49915	F1NAQ8
P49916	A0A8V1ALB9
P49918	A0A8V0ZW32
P49961	A0A8V0ZNW3
P50052	A0A8V0Z877
P50053	A0A8V0Y4N0
P50120	F1NZY4
P50135	A0A8V0XW54
P50148	Q5F3B5
P50151	A0A8V0XS64
P50213	A0A8V1A4J0
P50219	A0A8V1A8D2
P50221	Q9YI38
P50222	F1NM26
P50238	A0A8V0YKN7
P50336	A0A8V1AGW8
P50395	A0A8V0XWE1
P50406	A0A8V0ZDZ2
P50416	Q6B842
P50443	F1P0S1
P50454	P13731
P50458	A0A8V1ADM2
P50461	F1NWZ2
P50479	Q9PW72
P50539	A0A8V0Z4P6
P50549	A0A8V0XLA8
P50553	A0A1D5P4G9
P50579	A0A8V0YJE7
P50583	R4GJX0
P50591	A0A8V0Z0M2
P50607	A0A8V0Z8G4
P50613	A0A8V0Y2I5
P50616	Q90VW0
P50747	A0A8V0YIG6
P50748	A0A8V1A857
P50749	A0A1D5NWM8
P50851	A0A8V0XM98
P50876	R4GL10
P50897	A0A8V0YR47
P50914	A0A8V0Z4Q7
P50991	A0A8V0Z812
P50993	P24797
P50995	A0A8V0Y3W6
P51003	A0A8V0YUZ1
P51114	A0A8V0YXD7
P51124	A0A8V1A732
P51148	Q98932
P51149	E1C0F3
P51151	Q5ZMI5
P51157	A0A8V0YA62
P51159	A0A8V0ZEG2
P51161	A0A8V0Y9B5
P51164	Q07420
P51168	A0A8V0Z1H1
P51170	F1NW62
P51178	A0A8V1A5Y9
P51397	A0A8V0X3T1
P51398	A0A8V1ADP8
P51451	E1BYL7
P51452	A0A1D5PI23
P51511	A0A8V0ZHT0
P51512	A0A1D5PZ77
P51513	A0A8V0XD43
P51531	A0A1D5PC01
P51532	A0A8V0XY92
P51570	A0A8V1AMB6
P51575	Q8AWC0
P51582	A0A8V0Z214
P51587	A0A8V0XW53
P51608	A0A8V0XD16
P51636	A0A8V0X2R1
P51648	A0A8V1AKL9
P51649	A0A1D5PFY7
P51654	A0A8V0Z0K9
P51659	O42484
P51665	F1NR71
P51668	A0A8V0Y1Y4
P51674	A0A8V0XG78
P51679	A0A8V0Z6D1
P51684	B0BL89
P51686	A0A8V0Z2J7
P51688	A0A8V1AHD9
P51787	A0A8V0ZY91
P51788	A0A8V0Z3D5
P51790	E1C9F3
P51793	F1NGF2
P51795	A0A8V0Z904
P51797	A0A8V0Z1Q1
P51798	A0A8V0YYV5
P51808	A0A8V0XC31
P51809	Q5ZL74
P51810	A0A8V0XED0
P51811	A0A8V0X7G3
P51812	A0A1D5NWT4
P51813	E1BTT3
P51816	A0A8V0YCN8
P51817	A0A8V0X8M0
P51826	A0A8V0YTP1
P51828	A0A8V0ZZF3
P51841	A0A8V0XFC8
P51843	Q9PTE9
P51857	A0A8V0YLK1
P51858	A0A8V1AE27
P51861	A0A8V0X2S9
P51884	P51890
P51888	A0A8V1A1E8
P51911	P26932
P51946	A0A8V0XW87
P51948	A0A8V0Z5A4
P51955	A0A8V0ZDW9
P51956	A0A8V0XFX2
P51957	A0A8V1AHA8
P51959	E1BUH6
P51965	A0A8V0X324
P51970	A0A8V1ADS5
P51991	A0A1D5PXH1
P52179	A0A8V0X547
P52198	F1N9W4
P52209	A0A8V0YZ27
P52272	A0A8V1AIA0
P52292	A0A1L1RX89
P52298	A0A8V0Z6T8
P52306	A0A8V0XPC2
P52333	A0A8V1A9R2
P52429	A0A8V1AJ79
P52434	A0A8V0YW78
P52564	A0A1D5PHN6
P52565	F1P3P3
P52566	F1NLT8
P52594	A0A1D5P882
P52630	A0A8V0ZVX9
P52655	A1IIE6
P52657	A1IIE5
P52732	A0A8V0ZCA0
P52735	A0A8V1AAH7
P52739	A0A8V0YQ69
P52746	A0A8V0ZRN7
P52747	A0A8V0ZGP1
P52756	A0A1D5PQ66
P52758	A0A8V0YE93
P52788	F1NBG8
P52789	A0A8V0ZAR2
P52799	Q9PUJ4
P52815	A0A8V1ALS2
P52823	A0A8V0Z8N6
P52824	A0A8V0YBN5
P52848	A0A8V0YS46
P52849	E1BYQ4
P52888	A0A8V1AES1
P52907	P13127
P52926	A0A8V0Y7K4
P52945	A0A8V0XPU1
P52948	A0A8V0XI70
P52951	O42230
P52952	Q90788
P52954	A0A8V0Z8J6
P53004	A0A8V0XZU6
P53007	A0A8V0ZCP8
P53350	F1NCX7
P53355	A0A8V0Y7C3
P53365	A0A8V0X678
P53367	A0A1D5P997
P53370	A0A8V0XG24
P53384	A0A8V0ZH90
P53396	A0A1D5PSE5
P53567	Q98944
P53582	Q5ZIM5
P53597	A0A8V0Z587
P53602	A0A8V0Y2W7
P53609	F1NE58
P53611	F1P4E5
P53618	Q5ZIA5
P53621	H9L3L2
P53634	A0A8V0XNR7
P53667	Q8QFP8
P53671	P53666
P53677	A0A1D5NUM5
P53680	A0A8V0YAC5
P53701	Q5F339
P53778	A0A8V0X2Y2
P53779	A0A8V0XLV6
P53794	A0A8V0YA42
P53801	A0A8V0XFW9
P53803	A0A8V0YFB2
P53804	F1P0T0
P53805	A0A8V0YP85
P53814	A0A8V0ZU10
P53985	A0A8V0ZSH6
P53990	A0A8V0XXX2
P53992	A0A3Q2UGR5
P54098	A0A8V0Z1D7
P54105	A0A8V0X4F1
P54219	A0A8V0Z2H4
P54252	Q9W689
P54253	A0A8V0Y890
P54259	A0A8V0ZWG3
P54274	A0A8V0XEG3
P54277	A0A8V0YB15
P54278	F1NQJ3
P54284	A0A8V0ZRR2
P54289	A0A3Q2TVT0
P54578	A0A8V0XRD1
P54646	A0A8V1ABF3
P54687	A0A8V0YKJ7
P54707	F1NZB7
P54710	A0A8V0ZX85
P54725	A0A8V0XK64
P54727	A0A8V0YHB6
P54750	A0A8V0ZVD4
P54802	A0A8V0ZIF0
P54803	A0A8V0ZAV4
P54819	A0A8V0Z310
P54821	Q05437
P54826	A0A8V0Y999
P54829	A0A8V1A297
P54840	E1BXK3
P54849	E1BZ46
P54851	A0A8V0ZBB8
P54868	A0A8V0YK11
P54886	A0A8V0X9K4
P54922	A0A8V0XTA2
P55001	A0A8V0Z788
P55010	Q5ZIE0
P55011	F1NR57
P55017	A0A8V1A136
P55036	A0A8V1AF05
P55039	F1NIK3
P55040	A0A8V0YLJ9
P55042	A0A8V0Y4Q3
P55058	A0A3Q2UBA5
P55060	A0A8V0ZVB3
P55061	A0A8V0ZUC5
P55064	A0A1D5P9U9
P55081	R4GGG5
P55082	Q5F3V6
P55084	A0A8V0YB71
P55087	A0A8V0XMA5
P55107	A0A8V0ZGH5
P55157	M9QWS9
P55160	A0A8V1A8Y4
P55196	A0A8V0XEE1
P55197	A0A8V0XNN6
P55198	A0A8V0ZNF4
P55199	Q5ZLS5
P55201	A0A8V0ZIL8
P55209	E1BZS2
P55211	A0A8V0ZGA5
P55263	A0A8V0ZQ37
P55265	A0A8V1AB28
P55285	Q90762
P55286	A0A8V0XVN0
P55289	E1C235
P55290	P33150
P55291	A0A8V0XWZ6
P55316	Q90964
P55317	A0A1D5PCB1
P55327	A0A8V0XME1
P55344	A0A8V1AGL0
P55347	E1BYI1
P55735	A0A8V0ZWR5
P55769	A0A8V0Y1R2
P55786	A0A8V0ZZ05
P55789	A0A8V0Z0P8
P55809	Q5F3M8
P55822	A0A8V0YSJ7
P55854	Q5ZHQ1
P55884	A0A8V0ZC55
P56134	A0A8V0ZQN7
P56177	Q6DV98
P56178	P50577
P56179	F1NCY8
P56181	A0A3Q3ARC5
P56199	A0A8V0YLB5
P56211	Q5ZLY8
P56277	A0A8V0Z039
P56278	A0A8V0YYL1
P56373	A0A8V1A8D5
P56377	A0A8V0XBM2
P56378	A0A3Q2UCU2
P56385	A0A8V0YE92
P56524	P83038
P56537	A0A1D5PNG3
P56539	F1NXR1
P56545	A0A8V0XGE2
P56556	A0A8V0Y3I0
P56557	A0A1L1RX69
P56559	A0A8V0YAD2
P56589	A0A8V0XIS4
P56597	A0A8V0YTD8
P56645	E1C8E2
P56696	A0A8V0YZR2
P56703	A1DYI3
P56704	Q2LMP1
P56705	P49337
P56706	Q3L254
P56730	A0A8V0XUZ8
P56749	A0A3Q3A440
P56817	F1N916
P56856	A0A8V1A2G7
P56880	A0A3Q3ANS9
P56915	P53545
P56937	A0A1D5PWW3
P56945	A0A8V0ZT35
P56962	A0A8V0XXS1
P56975	A0A8V0Y794
P57052	A0A8V0XTR2
P57054	A0A8V0YII3
P57055	A0A8V0YIH1
P57057	A0A8V0Y8I5
P57058	A0A8V0Y4L8
P57060	A0A8V0YCA7
P57071	A0A8V0Y7A8
P57075	A0A8V0Y3K5
P57076	Q5ZIK5
P57077	A0A8V0YA83
P57078	A0A8V0YFP8
P57081	A0A8V0Y3X8
P57082	O93288
P57087	A0A8V0YAJ2
P57088	A0A8V0YKT5
P57103	F1P023
P57105	A0A8V0ZCF9
P57678	A0A8V1ANR2
P57679	Q670Z8
P57682	A0A8V0YT66
P57721	A0A8V0YQ79
P57723	A0A8V1AEW8
P57727	A0A8V0Y9T6
P57729	A0A8V0XXT6
P57735	A0A8V1AHB6
P57737	A0A8V0Z487
P57739	E1C8Q0
P57740	A0A8V0YN32
P57768	A0A8V0XKK3
P57771	R4GJB7
P57772	A0A3Q3AKC4
P57773	A0A8V0YMY2
P57775	A0A8V0ZRU2
P57789	A0A8V0Z569
P57796	A0A8V0Z718
P58004	A0A8V0YY05
P58005	A0A8V0XTS4
P58012	Q5J7N5
P58107	A0A8V0XU44
P58166	A0A3Q2TUG3
P58215	A0A8V0XRE3
P58294	A0A8V1ABC4
P58304	Q9IAL1
P58335	A0A8V0XIC1
P58340	A0A1D5PNX1
P58397	A0A8V0YIS9
P58417	F1NQI7
P58418	E1C4Z0
P58499	A0A8V0YLP6
P58505	A0A3Q2U7W2
P58658	A0A8V0Y954
P58743	A0A8V0Y720
P58753	A0A8V0ZZ56
P58872	A0A8V1APF0
P59190	A0A8V0ZR14
P59510	A0A8V0X7B5
P59768	Q5ZJ03
P59773	A0A8V0XYJ0
P59827	A0A8V0Z419
P59910	E1C599
P59998	A0A8V0ZKS2
P60002	A0A8V0XIL4
P60033	F1NW06
P60059	A0A8V0XST0
P60174	P00940
P60468	A0A8V0Y175
P60484	A0A8V0ZJ28
P60520	F1NNM2
P60602	A0A8V0ZMC3
P60604	A0A8V1A5P4
P60673	E1BXG1
P60709	P60706
P60763	A0A8V1AMB7
P60852	A0A8V0Z7G6
P60866	F1NH93
P60880	P60878
P60891	A0A8V0YW10
P60893	E1BXX3
P60900	A0A8V0XRD5
P60903	P27003
P60953	Q90694
P61006	Q5F470
P61009	P28687
P61011	A0A8V0XZ11
P61019	Q90965
P61020	Q5ZHW4
P61024	A0A1L1S0Y9
P61026	Q5ZIT5
P61073	A0A3S5ZPQ6
P61077	A0A8V0YY10
P61081	A0A8V0XGX9
P61086	A0A8V0Z1W7
P61088	A0A8V0YL56
P61106	Q5ZKU5
P61129	A0A8V0Z4M0
P61158	Q90WD0
P61160	P53488
P61163	A0A8V0Z7A0
P61165	Q76LT9
P61201	E1C3U6
P61218	A0A8V0Y989
P61221	A0A8V0XQE6
P61224	Q5ZHX1
P61225	A0A8V0XBX5
P61247	A0A8V0XXX0
P61254	A0A8V0Y4V6
P61278	P33094
P61289	Q5F3J5
P61313	F1NQG5
P61328	A0A8V0YN21
P61353	P61355
P61366	A0A8V0YNL9
P61371	P50211
P61421	A0A8V0ZJC4
P61457	O73930
P61587	A0A8V0Y4K1
P61599	E1C474
P61601	P62758
P61604	A0A8V0YR61
P61619	A0A8V1A1N9
P61626	P00698
P61647	A0A1D5PEI3
P61764	Q6R748
P61769	P21611
P61803	O13113
P61916	Q5ZJS7
P61925	Q90641
P61927	E1C810
P61952	A0A8V0X8A6
P61956	Q5ZJM9
P61960	Q5ZMK7
P61962	A0A8V0ZDG8
P61964	A0A8V1AFW6
P61968	A0A8V0ZQX4
P61970	F1NLL4
P61981	Q5F3W6
P62068	A0A1D5PXU2
P62070	Q5ZIW8
P62072	E1BXY8
P62079	A0A8V0XDC3
P62081	F1NN16
P62136	A0A8V0ZWA8
P62140	P62207
P62166	P62167
P62191	A0A8V0Z3K2
P62195	F1NU79
P62241	A0A8V1A8R2
P62244	A0A3Q3A7P6
P62249	R4GGJ0
P62253	A0A8V1ANR3
P62256	A0A8V0XST2
P62258	Q5ZMT0
P62263	Q5ZHW8
P62266	A0A8V0XPN5
P62273	A0A8V0Z8V3
P62277	Q6ITC7
P62280	A0A8V0X317
P62304	P62303
P62306	A0A1L1RSB5
P62308	E1C8V9
P62310	A0A1D5PC35
P62312	A0A8V0XVL8
P62314	A0A8V0Z2U4
P62316	A0A8V0Y8F5
P62318	A0A8V1A0R9
P62324	P34743
P62328	A0A8V0XG75
P62330	P26990
P62333	A0A1L1RP66
P62341	Q5ZJN8
P62380	Q9YGV8
P62424	P32429
P62487	A0A8V0X667
P62491	Q5ZJN2
P62495	A0A8V0YDD4
P62508	A0A8V0YW14
P62699	Q5ZIK4
P62736	P08023
P62745	O93468
P62750	A0A8V1AGP8
P62760	P62764
P62805	P62801
P62820	A0A1D5PE33
P62826	P42558
P62829	A0A8V0ZNU5
P62837	A0A8V0YFD9
P62841	P62846
P62847	A0A8V0ZLU2
P62854	A0A8V1A4F3
P62857	A0A3Q2U825
P62873	A0A8V0ZD90
P62875	E1BSY6
P62877	A0A8V0YPB4
P62888	P67883
P62891	Q98TF5
P62899	A0A1L1RT94
P62906	F6SU35
P62910	A0A8V0Z2T8
P62913	A0A8V0YJU2
P62917	F1NIX0
P62952	R4GKH1
P62979	P79781
P62987	A0A8V1ACS0
P62993	Q07883
P62995	A0A8V1A348
P63000	A0A8V0Z8U4
P63010	A0A8V1ALB1
P63027	A0A8V0ZWA0
P63098	A0A8V0Z3I3
P63104	Q5ZKC9
P63151	A0A8V0YZY5
P63165	Q8QGH2
P63172	A0A8V0XHV5
P63173	A0A8V1AME3
P63208	Q5ZKF5
P63218	R4GKD1
P63220	A0A8V0ZC45
P63244	P63247
P63261	Q5ZMQ2
P63267	P63270
P63272	E1C4X4
P63279	P63283
P63316	P09860
P67775	P48463
P67809	Q06066
P67870	P67869
P67936	A0A8V1AIH7
P68032	P68034
P68036	A0A8V0ZX13
P68104	Q90835
P68133	P68139
P68371	P09206
P68543	A0A8V0Y4Y2
P78310	A0A8V0XU65
P78312	A0A8V0Z339
P78314	A0A8V0YUI4
P78316	A0A8V0Z2J9
P78317	A0A8V0YV27
P78325	A0A8V0Z5I3
P78330	A0A8V1ALE8
P78332	A0A1D5PAD2
P78333	A0A8V0XU31
P78337	P56673
P78344	F1NQU7
P78345	A0A8V0XHF2
P78346	A0A8V0ZDG1
P78347	A0A8V1ALY0
P78348	Q1XA76
P78356	A0A1D5PV96
P78357	A0A8V0ZPB7
P78362	A0A8V0Y823
P78363	A0A8V0ZGI9
P78364	A0A8V0ZJZ8
P78367	A0A8V0Y4A6
P78368	A0A8V1A675
P78369	E1C926
P78371	A0A8V0YCP2
P78382	A0A8V0XJZ3
P78396	F1P4N0
P78406	A0A8V0YXB8
P78413	Q9YGS0
P78414	A0A1D5PSE4
P78417	A0A8V0ZJE0
P78424	A0A8V0YWU7
P78504	E1BTW5
P78524	A0A8V0ZL81
P78536	A0A8V0XKC2
P78537	A0A3Q3B116
P78539	A0A3Q2TVG1
P78540	A0A8V0ZBW4
P78543	A0A8V1ADU7
P78545	A0A8V1AER7
P78552	A0A8V0YPG2
P78556	Q8QG55
P78559	A0A8V0X6D0
P78560	A0A8V0Y761
P78562	A0A8V0XFU9
P78563	A0A8V0YMW8
P80108	A0A8V0XZX7
P80192	A0A8V0ZBZ2
P80217	A0A8V0ZNC1
P80303	A0A8V0ZSE1
P80365	A0A8V0ZL05
P80370	A0A8V0YZ99
P80404	E1C8M8
P80723	P23614
P81133	E1C5G3
P81274	A0A8V0YCV2
P81277	A0A8V0YLQ8
P81408	A0A8V1AGM5
P81877	F1NTD5
P82094	A0A8V0ZBG5
P82251	E1BT87
P82279	A0A8V0Y6G9
P82650	A0A8V1A408
P82663	A0A8V0ZL15
P82664	A0A8V0Z9Q9
P82673	A0A1D5P7Q3
P82675	A0A8V0YYB2
P82909	A0A8V0Y857
P82912	A0A8V0Z6H7
P82914	A0A8V0YI69
P82921	A0A8V1ALD7
P82930	A0A8V0YY68
P82933	A0A8V0YCQ0
P82979	A0A8V1A3K2
P82987	A0A8V0YRN1
P83110	A0A8V0Y8P6
P83111	A0A8V0ZSV0
P83369	A0A8V0YJU4
P83436	E1BZM5
P83731	A0A8V0XU45
P83859	A0A8V1AI87
P83916	A0A8V0ZR83
P84022	P84023
P84074	F1NJU0
P84085	P49702
P84090	A0A8V0ZKL5
P84095	R4GMA6
P84098	A0A8V0ZSH5
P84101	A0A3Q2ULA2
P84103	E1C8Y9
P84157	A0A8V1AJW6
P84243	P84247
P85037	A0A8V0ZAU7
P85298	A0A8V0YS21
P85299	A0A8V0YK43
P86397	A0A8V0ZFV6
P98066	A0A8V0YC45
P98073	A0A8V0XT95
P98077	A0A8V1AAT7
P98082	A0A8V0YMC5
P98095	A0A8V1A9U7
P98153	A0A8V0ZQ06
P98155	P98165
P98160	A0A8V0Z3S9
P98161	A0A8V0YXP6
P98164	A0A8V0ZQA7
P98170	A0A8V0YRF2
P98177	A0A8V0Z5W5
P98194	A0A8V0Z7T1
P98196	A0A8V0YJI3
P98198	A0A8V1AG66
P99999	P67881
Q00005	A0A8V0YM51
Q00013	Q5ZJ00
Q00056	P17277
Q00059	A0A8V0XZX8
Q00169	A0A8V1ACC5
Q00266	E1C735
Q00325	A0A8V0Y9K6
Q00403	A0A8V0ZTE0
Q00526	F1NA68
Q00532	A0A8V0ZA06
Q00534	Q90771
Q00535	A0A8V1A7M2
Q00537	A0A3Q3A664
Q00577	A0A1D5PBN9
Q00597	A0A8V0Y574
Q00604	E1BWM4
Q00610	A0A8V1ABS2
Q00688	A0A8V0YZ11
Q00722	A0A8V0ZVU8
Q00765	A0A8V0XXE8
Q00839	A0A8V0XYP5
Q00872	A0A8V0YA44
Q00975	A0A8V1AJW5
Q00987	F1NGX6
Q00LT1	A0A8V1AK15
Q01064	A0A3Q2U726
Q01081	A0A8V0YBF7
Q01082	A0A1D5PJY1
Q01085	A0A8V0X982
Q01101	A0A8V0YYW8
Q01113	A0A8V0Z0M8
Q01130	P30352
Q01151	A0A8V0YFA9
Q01167	A0A8V1ANS6
Q01196	A0A3Q2TTQ9
Q01201	P51509
Q01344	R4GKR1
Q01415	A0A8V0Z171
Q01432	A0A8V0ZAB9
Q01433	A0A8V1ADW8
Q01453	A0A8V1AP09
Q01459	A0A8V0ZF42
Q01484	A0A8V0XI77
Q01518	A0A1D5Q032
Q01538	A0A8V0ZM15
Q01543	A0A8V0ZMI8
Q01638	A0A8V0YLX2
Q01650	A0A8V0Y0Y6
Q01658	Q5ZMV3
Q01664	R4GIE6
Q01668	O73700
Q01718	O57317
Q01780	A0A8V0ZSG2
Q01804	A0A8V0XSK6
Q01813	A0A8V0XHN0
Q01814	A0A3Q2U0I3
Q01826	A0A1D5PV61
Q01831	A0A8V0ZPR3
Q01844	A0A8V0X7E7
Q01851	A0A1D5P1G4
Q01954	A0A8V0YXU5
Q01968	A0A8V0YRC1
Q01973	A0A8V1A1G5
Q01974	A0A8V0Y3V6
Q02040	A0A8V0XBZ5
Q02078	A0A3Q2U575
Q02080	A0A3Q3A5B9
Q02083	F1NCS3
Q02086	H9KYR6
Q02094	A0A8V0XVT7
Q02108	A0A8V0XYR4
Q02127	A0A8V0XXT5
Q02153	A0A8V0XVV3
Q02156	A0A8V0ZD48
Q02218	A0A8V0Z707
Q02224	A0A8V0Z615
Q02241	A0A1D5PDE8
Q02252	A0A8V0XYN4
Q02297	Q05199
Q02318	A0A8V0ZKC1
Q02363	A0A8V0XJD0
Q02388	A0A8V1AFR2
Q02410	A0A8V0YIH8
Q02446	A0A1D5PLW4
Q02447	Q90WR8
Q02509	A0A8V0Y4D8
Q02535	A0A8V0Z2Q0
Q02543	F1NPD3
Q02548	A0A8V0XA07
Q02556	Q90871
Q02575	R4GI98
Q02577	A0A3Q2TV70
Q02643	A0A8V1A8Q9
Q02742	F1NU59
Q02747	R4GIC2
Q02750	A0A8V0ZBN6
Q02763	A0A3Q2UKD3
Q02790	A0A3Q2U9P1
Q02878	A0A8V0ZE87
Q02930	A0A8V0XCP6
Q02952	A0A8V0XQ88
Q02962	A0A8V0ZH56
Q03001	A0A8V0XCG5
Q03111	A0A8V1A9J8
Q03112	A0A1D5P950
Q03113	A0A8V0Z5Y8
Q03154	A0A8V1AGV2
Q03164	A0A8V0ZWT3
Q03167	Q90998
Q03169	A0A8V0YSZ0
Q03188	A0A8V0XE50
Q03393	A0A8V1A5P5
Q03403	E1BZ37
Q03426	A0A8V0ZEQ7
Q03431	C7S302
Q03468	A0A8V0ZFC4
Q03518	A5HUM0
Q03701	A0A1D5PEJ1
Q03721	A0A8V1A2Y8
Q03828	A0A8V1A6N9
Q03989	A0A8V0Z7Z6
Q04446	A0A8V0XZG0
Q04609	A0A8V0XXK2
Q04656	A0A8V0YNC2
Q04671	A0A8V0XEN3
Q04721	A0A8V0YRT4
Q04724	A0A8V0YZX5
Q04725	A0A8V1AD20
Q04726	A0A8V0ZBE2
Q04727	A0A8V0YUD8
Q04756	A0A8V0YV77
Q04759	A0A8V0XNK8
Q04760	A0A1L1RZK1
Q04837	A0A8V0YLB8
Q04900	A0A8V0YGK2
Q04912	A0A8V1A3N1
Q04917	A0A8V1A685
Q04941	A0A8V0XD76
Q05048	E1C3Q4
Q05084	E1C2A8
Q05086	A0A8V0YL05
Q05193	A0A8V1ACG4
Q05195	A0A8V0Z9X4
Q05209	A0A8V0YAF3
Q05215	A0A8V0Z644
Q05329	A0A1D5PLC8
Q05469	A0A8V0X804
Q05513	E1BQN6
Q05516	A0A1D5P781
Q05519	A0A8V1A1H3
Q05586	A0A8V1AGU9
Q05639	F1N9H4
Q05655	F1P3G1
Q05823	A0A8V0XZ22
Q05932	A0A8V1AJ93
Q05940	A0A8V0ZMN0
Q05996	A0A8V0YZB1
Q05BQ5	A0A8V1AKY8
Q05BV3	A0A8V0Z5V1
Q05C16	A0A8V0XAK8
Q05D60	A0A8V0Y1Q0
Q05DH4	A0A8V0XY03
Q06033	A0A8V1AHC2
Q06124	Q90687
Q06136	A0A8V0YJG4
Q06190	A0A8V0ZRB8
Q06210	A0A8V0Z9C7
Q06265	Q6B7Z6
Q06278	A0A8V1A1T9
Q06330	A0A8V0YAI0
Q06413	A0A8V0XSW9
Q06432	F1NC88
Q06455	A0A1D5PBA3
Q06481	F1P0A7
Q06495	A0A1D5NWQ4
Q06546	Q5ZJ46
Q06547	A0A8V0Z196
Q06609	P37383
Q06787	A0A8V0Z2R0
Q06830	P0CB50
Q06889	A0A8V0ZGW1
Q06945	A0A8V0XY91
Q07002	A0A8V1A6P5
Q07011	A0A8V0Z1G6
Q07021	A0A8V1AMS0
Q07065	A0A8V0YFA7
Q07075	A0A8V0XJV4
Q07092	A0A8V0Z1M4
Q07157	A0A8V1A0B4
Q07326	A0A8V0Z5T6
Q07343	A0A8V1A706
Q07352	S5TQ07
Q07507	A0A1D5NVS3
Q07617	A0A8V0Y287
Q07687	A0A8V0ZJU0
Q07817	Q07816
Q07820	A0A8V1AKI0
Q07837	E1C011
Q07864	A0A8V0ZUF2
Q07866	A0A8V0YUH1
Q07869	A0A1D5PJQ2
Q07889	A0A8V0Z7G5
Q07890	F1N8Q9
Q07912	A0A8V0YRC9
Q07955	A0A8V1AMG6
Q07960	A0A8V0ZKK5
Q07973	A0A8V0YRI5
Q08116	A0A8V0YNR5
Q08117	A0A8V1A7N3
Q08170	A0A8V0YX41
Q08174	A0A8V0YE05
Q08188	A0A1D5NXS5
Q08209	A0A8V0XRD8
Q08257	A0A8V0ZZ17
Q08289	E1BZF6
Q08334	A0A8V0Y000
Q08357	A0A1D5PVB6
Q08378	A0A8V0ZGC2
Q08379	A0A8V1AJE2
Q08397	A0A8V0ZTP4
Q08426	A0A8V1A248
Q08462	E1BX91
Q08495	A0A8V0Z6M8
Q08499	A0A1D5PP20
Q08623	A0A8V0XCI7
Q08629	A0A8V0YV23
Q08722	A0A8V0XHV1
Q08752	E1BXG9
Q08828	A0A8V0XY43
Q08830	A0A8V0YV33
Q08881	A0A8V0YJJ1
Q08999	A0A8V0ZME1
Q08AD1	A0A8V0YD43
Q08AE8	A0A8V0X1G9
Q08AG7	A0A8V0X6K4
Q08AI6	A0A8V1A3T9
Q08AI8	A0A8V1A5J2
Q09028	F2Z4M0
Q09161	Q5ZJZ6
Q09327	A0A8V0Y9P2
Q09328	F1NEL5
Q09428	A0A8V0ZVQ0
Q09470	A0A8V0ZS78
Q09472	A0A8V0YJ98
Q09MP3	A0A8V0XFJ1
Q0D2I5	A0A8V0ZNP0
Q0D2K0	A0A8V0YSB4
Q0D2K2	A0A1D5P4W6
Q0GE19	Q5ZJH8
Q0IIM8	F1NGZ2
Q0JRZ9	A0A8V0YL44
Q0P5N6	A0A8V1ALR4
Q0P5P2	E1BTE6
Q0P651	A0A8V0Y2T9
Q0P6D2	F1P454
Q0P6D6	A0A8V0ZSU5
Q0P6H9	A0A8V0ZFX4
Q0PNE2	A0A8V1AFV4
Q0VAA5	E1C7W9
Q0VAF6	A0A8V0Y4I2
Q0VAK6	A0A8V0ZJ39
Q0VAM2	A0A8V0XEM3
Q0VAQ4	A0A8V0ZPC6
Q0VDG4	A0A8V0ZRJ5
Q0VDI3	A0A1L1RL63
Q0VF96	A0A8V0ZUJ6
Q0VFZ6	A0A8V0ZXE7
Q0VG06	A0A8V1AKK8
Q0ZGT2	A0A8V0ZPM3
Q0ZLH3	A0A8V0ZN76
Q10469	A0A8V0ZJD2
Q10471	A0A8V0XYE0
Q10472	Q5ZJL1
Q10567	A0A8V0X519
Q10570	A0A8V0XVY9
Q10571	R4GG28
Q10587	Q92172
Q10588	A0A8V0Y5N7
Q10713	A0A8V1AJI3
Q11130	Q8UWB9
Q11201	Q11200
Q11203	A0A8V0ZQ30
Q11206	A0A8V1A329
Q12765	A0A8V0X575
Q12766	A0A8V0YY36
Q12767	A0A8V1AET9
Q12768	A0A8V0XZF8
Q12769	A0A8V0ZYG0
Q12770	A0A3Q3ANV4
Q12772	A0A8V0Y9Y0
Q12774	A0A8V0ZYN5
Q12778	A0A8V0XHN9
Q12788	A0A8V0Z7T5
Q12789	A0A8V0ZA51
Q12791	Q8AYS8
Q12792	A0A8V0X7L4
Q12794	A0A8V1ACC2
Q12796	Q5ZII5
Q12797	A0A8V0XMH1
Q12800	Q7T2U9
Q12802	A0A8V0ZBV8
Q12805	A0A8V0Z8C5
Q12809	A0A8V1A7T4
Q12824	Q5ZK40
Q12830	A0A8V1AHH6
Q12834	Q5ZI36
Q12836	Q9W645
Q12837	A0A8V0XYM3
Q12841	A0A8V1A3N4
Q12849	A0A8V0XM09
Q12852	A0A8V0ZWW1
Q12857	P17923
Q12864	A0A8V0YEJ3
Q12866	A0A8V0Z4B2
Q12872	A0A8V0ZQQ8
Q12874	Q5F387
Q12879	A0A8V0ZA10
Q12882	A0A8V0ZWJ2
Q12884	F1NDP3
Q12887	Q5ZJY8
Q12888	A0A8V0X611
Q12891	A0A8V1AHJ5
Q12893	A0A8V1AHM1
Q12904	A0A8V0XU23
Q12905	A0A8V1A7Y0
Q12907	A0A8V0YDP4
Q12908	A0A8V0XP20
Q12912	A0A8V0YPA0
Q12923	A0A8V0XAP8
Q12926	R4GFW0
Q12929	A0A8V0YGX8
Q12931	A0A8V0YXD5
Q12933	A0A8V1AKH9
Q12934	Q06637
Q12946	A0A8V0XN14
Q12947	A0A8V0YIC8
Q12951	A0A8V0Y7V1
Q12952	A0A8V0XWX9
Q12955	A0A8V0YBQ9
Q12959	A0A3Q2U359
Q12962	A0A8V0X372
Q12965	A0A8V0ZSX1
Q12967	A0A8V1AIB5
Q12968	A0A1D5P8S9
Q12972	A0A8V0YFH7
Q12979	A0A8V1AEW3
Q12980	F1NEU3
Q12981	A0A8V0Y325
Q12982	F1NEC1
Q12983	A0A8V0X877
Q12986	A0A8V0XXS0
Q12988	A0A3Q2TSR2
Q12996	Q5F4A0
Q13002	F1NU20
Q13003	F1P0L4
Q13009	A0A8V0Y5Z4
Q13011	A0A8V0Y2T0
Q13015	A0A1L1RVM4
Q13017	A0A8V0XQ98
Q13018	A0A8V0ZHQ7
Q13023	A0A8V0XN62
Q13029	A0A8V0Z9W2
Q13033	A0A1D5PSR0
Q13042	A0A8V0YG13
Q13045	A0A8V0Z2P4
Q13049	A0A8V1AKB8
Q13057	A0A8V0ZIN8
Q13061	A0A8V0XEY1
Q13077	A0A8V1ACN0
Q13084	F6UK13
Q13087	A0A1D5PKM6
Q13094	A0A8V0YA21
Q13098	A0A8V1AFR4
Q13099	A0A8V0XI38
Q13107	A0A8V1AEB9
Q13113	A0A8V0ZY30
Q13114	A0A3Q3AAA5
Q13118	A0A8V0Y7H8
Q13123	Q5ZHM2
Q13126	A0A8V0X6U4
Q13127	A0A8V0XA64
Q13129	A0A8V0YP65
Q13131	Q2PUH1
Q13133	A0A3Q2UH91
Q13136	A0A8V1A772
Q13137	A0A8V1AB00
Q13144	A0A8V0ZAC8
Q13145	E1AWU3
Q13151	F1NCI5
Q13153	E1C3P6
Q13158	F1NKQ7
Q13162	A0A8V0XCV1
Q13163	A0A8V0YZK8
Q13164	A0A8V0X3D6
Q13177	E1BS97
Q13183	A0A8V1AM47
Q13185	A0A8V0XDL0
Q13188	A0A8V0YC14
Q13191	F1NL77
Q13200	A0A8V0YQY8
Q13201	A0A8V0Y2E3
Q13202	A0A8V1A6D3
Q13207	A0A8V1AJI8
Q13214	A0A8V1A9S3
Q13216	A0A8V0YGC8
Q13219	A0A8V1AI42
Q13224	F1NMB0
Q13227	A0A8V0WZU1
Q13232	A0A8V0Z6S4
Q13233	A0A8V0YIE3
Q13237	A0A8V0XCS0
Q13239	Q7T3X8
Q13243	A0A8V0ZK82
Q13247	A0A8V1A601
Q13255	F1NBM2
Q13257	A0A1L1RLV7
Q13258	A0A1D5P7Q2
Q13261	A0A8V0XVY8
Q13263	A0A8V0XCY7
Q13275	A0A8V1AH15
Q13277	A0A8V0ZEC9
Q13283	A0A8V0YNG3
Q13287	A0A8V0XYT6
Q13291	A0A8V1AF74
Q13303	A0A8V0ZHH6
Q13304	A0A8V0ZQG5
Q13309	F7BEK8
Q13310	E1C903
Q13315	A0A8V0XI18
Q13319	A0A8V0ZH13
Q13322	A0A1D5P405
Q13324	A0A8V1A5M0
Q13326	A0A8V0XXF1
Q13330	A0A8V0YIL2
Q13332	A0A8V1AB05
Q13347	E1C6T8
Q13356	A0A8V0ZS62
Q13361	A0A8V0ZJH0
Q13362	A0A3Q2U021
Q13363	A0A8V0YVU5
Q13367	A0A8V1A0I5
Q13368	A0A8V1A4A5
Q13370	A0A8V0ZTR9
Q13371	E1BQM7
Q13393	A0A8V0YMC7
Q13394	Q8AY65
Q13395	A0A8V0XZY1
Q13402	A0A8V0XEN9
Q13404	A0A8V0YR84
Q13405	A0A8V0X1Z0
Q13409	A0A8V0ZRT5
Q13415	A0A8V1A4S2
Q13416	A0A8V1A2E8
Q13418	Q9DF58
Q13421	A0A8V0ZE44
Q13423	A0A8V0YP51
Q13424	A0A8V0ZGJ3
Q13425	A0A8V0XWK5
Q13426	F1NDC0
Q13427	A0A8V0ZU13
Q13428	A0A8V0YL15
Q13432	A0A8V1AI80
Q13433	A0A8V0Y1J6
Q13439	A0A8V0Z9P4
Q13442	A0A8V0ZQB9
Q13443	A0A8V0Z1P0
Q13449	Q98919
Q13451	A0A8V1AE18
Q13454	A0A8V0YFX6
Q13459	A0A8V1AFP8
Q13464	A0A8V0XRE1
Q13467	A0A8V1A9W7
Q13469	E1C473
Q13472	A0A8V0ZA72
Q13474	A0A8V0YN05
Q13477	A0A8V1AGG7
Q13478	A0A8V0YLY8
Q13480	A0A8V0Y2H6
Q13488	A0A8V0ZW59
Q13491	A0A8V0XFC6
Q13492	A0A8V0XYH6
Q13495	A0A8V0YAB4
Q13496	A0A8V0YDK9
Q13501	A0A1D5PLN4
Q13503	A0A8V0YWQ6
Q13506	A0A8V0YIT8
Q13507	A0A8V0XJK0
Q13509	F1NMU4
Q13510	R4GH41
Q13515	A0A8V0YZM6
Q13516	Q90XB3
Q13519	A0A8V0Y6R7
Q13522	A0A8V1A8S7
Q13523	A0A8V0Y457
Q13526	A0A8V0XB51
Q13535	A0A8V0YZV9
Q13541	A0A8V0ZBV4
Q13542	A0A1L1RKV7
Q13546	Q5F3U2
Q13547	P56517
Q13555	A0A8V0ZB33
Q13557	Q5ZKI0
Q13563	Q5ZM00
Q13564	Q5ZIE6
Q13569	Q9PUA4
Q13571	A0A8V0YKH4
Q13573	A0A8V0XNZ1
Q13574	A0A8V0ZLQ0
Q13586	A0A8V0XCW6
Q13588	A0A8V0ZAJ6
Q13591	R4GFU3
Q13595	A0A8V0X8R6
Q13596	A0A1L1S0C5
Q13601	A0A8V0YBI4
Q13608	A0A8V0Z953
Q13609	A0A8V1A9V3
Q13610	F1NYF5
Q13613	A0A1D5P2Z0
Q13614	A0A8V0Y5P7
Q13615	A0A8V0X4W3
Q13616	A0A8V0Y5T3
Q13617	A0A8V0XHD8
Q13618	A0A8V1AA49
Q13619	A0A8V0YR74
Q13620	A0A8V0YLW8
Q13621	A0A8V0Z5P0
Q13625	A0A8V0Z3M6
Q13627	A0A8V0YIV6
Q13630	A0A8V0XUH8
Q13634	A0A1D5PKP1
Q13636	A0A8V0X962
Q13637	A0A8V0XTJ4
Q13639	F1NJL4
Q13641	A0A8V0XI55
Q13642	A0A8V0YQA1
Q13643	A0A8V0YPE1
Q13651	A0A8V1A161
Q13683	A0A8V0ZSZ2
Q13685	A0A8V0Z8Z5
Q13686	F6RK82
Q13698	A0A1D5PV02
Q13705	Q90670
Q13724	A0A8V0XKB2
Q13751	A0A8V1AFB8
Q13753	A0A8V0Y9M6
Q13761	A0A1D5P8K0
Q13772	A0A8V0YEQ9
Q13790	A0A8V1A3H7
Q13794	A0A1D5PAR2
Q13795	A0A8V1A129
Q13796	A0A8V0XEZ7
Q13797	A0A8V0Z2J6
Q13822	A0A8V0Y5K1
Q13823	A0A8V0YQ98
Q13825	A0A3Q2U419
Q13829	Q5F3E8
Q13835	A0A8V1A511
Q13838	Q5ZHZ0
Q13868	A0A1L1RZU7
Q13873	A0A8V1A6G4
Q13884	Q5ZKZ8
Q13886	R4GM18
Q13887	A0A8V0X8Z9
Q13889	A0A8V1A6S6
Q13895	A0A8V1A650
Q13905	A0A8V1AK14
Q13907	A0A8V0XM86
Q13936	A0A8V0YQE9
Q13946	A0A8V0XFR6
Q13951	A0A8V0ZPV9
Q13952	A0A8V0YZQ1
Q13972	A0A8V0YW34
Q13976	A0A8V0ZJX8
Q14004	A0A8V0Z3K4
Q14005	A0A8V0Z3E0
Q14008	A0A3Q2U985
Q14011	A0A8V1AH21
Q14012	A0A8V0ZKG5
Q14019	A0A8V0XP83
Q14028	A0A8V0ZJZ3
Q14031	A0A8V0YTF5
Q14032	A0A8V0Z793
Q14061	A0A8V1A1N4
Q14094	F1P1K0
Q14103	A0A8V0XIC8
Q14106	A0A8V0YGT1
Q14108	E1BRR6
Q14112	A0A8V0ZB31
Q14117	A0A8V0YK52
Q14118	A0A8V1A8D4
Q14119	F1NQY0
Q14123	A0A8V0ZHM1
Q14126	A0A8V0XGN8
Q14134	A0A8V1AA18
Q14135	F1NEM0
Q14137	A0A8V0XXH1
Q14139	A0A8V0ZZ44
Q14140	R4GHF3
Q14141	A0A8V0YPA2
Q14142	F1NMS2
Q14146	A0A8V0Y6N4
Q14147	A0A8V0XZB8
Q14149	A0A8V0YQ55
Q14152	A0A8V0XE72
Q14153	A0A8V0XAR9
Q14154	A0A8V0YIR0
Q14155	A0A3Q2TZR1
Q14156	A0A8V0Y435
Q14157	H9L3J8
Q14159	A0A8V0XUG7
Q14160	A0A8V0XTC7
Q14161	A0A8V0ZMJ5
Q14162	A0A8V1ACD5
Q14164	A0A8V1A762
Q14165	A0A8V1A1R4
Q14166	A0A8V0YBT4
Q14168	A0A8V1A415
Q14181	A0A8V0XAW7
Q14184	E1BVF7
Q14185	A0A8V0X6K0
Q14186	A0A8V0YW23
Q14188	A0A8V1A2L1
Q14190	A0A8V0YQA0
Q14191	A0A8V0XR90
Q14192	F1P4R3
Q14194	Q71SG4
Q14195	A0A1D5PZ51
Q14197	A0A8V1ALN3
Q14202	A0A8V0YSQ8
Q14204	A0A8V0Z519
Q14206	A0A8V0XSS4
Q14207	A0A8V0XE31
Q14232	F1NLG8
Q14241	Q5ZID8
Q14249	A0A8V1A9K2
Q14254	A0A8V1AMJ3
Q14257	A0A8V0ZZ91
Q14258	A0A8V1AMT6
Q14289	A0A8V0XZ82
Q14296	A0A8V1A2K5
Q14314	A0A8V0Y466
Q14318	A0A8V1A2D9
Q14324	P16419
Q14330	F1NA96
Q14331	E1BY86
Q14344	A0A1D5PQE8
Q14353	A0A8V1AIZ5
Q14376	A0A8V0YTL8
Q14392	A0A8V0X8W1
Q14393	A0A8V0YVP9
Q14416	A0A8V1AEI2
Q14432	A0A8V0YC57
Q14435	E1C241
Q14442	A0A8V0ZBS9
Q14444	Q5XNV3
Q14449	A0A8V0ZYT9
Q14451	A0A8V0ZY40
Q14469	R4GJE0
Q14493	A0A8V0YQD1
Q14494	Q5ZL67
Q14498	E1BRU3
Q14508	A0A8V0YV82
Q14511	A0A3Q2TVN1
Q14512	A0A8V0Y5K2
Q14517	A0A8V0YS26
Q14520	A0A8V0Z292
Q14524	A0A8V1A729
Q14526	Q90850
Q14534	A0A8V0XV04
Q14541	A0A8V0XE41
Q14549	A0A8V1A009
Q14554	A0A8V0ZHR1
Q14558	A0A8V1AKA5
Q14562	A0A8V0ZZF5
Q14565	A0A8V0YJ18
Q14566	A0A8V0ZC95
Q14571	F1P1X4
Q14573	A0A8V1ACE6
Q14582	A0A8V0Z9C2
Q14596	E1C6F8
Q14623	Q98938
Q14626	A0A8V0XXW0
Q14627	A0A8V0Z8N4
Q14642	A0A1D5PX66
Q14643	A0A8V0ZJT0
Q14644	A0A8V0YNK5
Q14651	P19179
Q14654	F1NBC9
Q14667	A0A8V1AME7
Q14669	A0A8V0ZV74
Q14671	Q2VB19
Q14674	A0A8V1A5U2
Q14677	A0A8V0YJN8
Q14678	A0A8V0YAJ6
Q14679	A0A8V0ZKL0
Q14680	A0A8V0X1Q7
Q14681	A0A8V1ALN7
Q14684	A0A8V0YF84
Q14686	A0A8V0ZRM6
Q14687	A0A8V0XWG7
Q14689	A0A8V0YF37
Q14690	A0A8V0ZNQ3
Q14691	F1NW60
Q14692	A0A8V0YGR9
Q14693	A0A8V0XEH7
Q14703	A0A8V1A1S2
Q14714	A0A8V0YVM8
Q14721	E1BYX3
Q14722	Q9PWR1
Q14728	A0A8V0YMQ6
Q14738	A0A8V0Z7F0
Q14746	A0A8V0XVQ4
Q14749	A0A8V0Z8I0
Q14765	A0A1D5PNV3
Q14766	A0A8V0XPE8
Q14767	A0A8V0XNW8
Q14774	A0A8V0Z3N7
Q14781	A0A8V1AGT0
Q14789	A0A8V0XQ47
Q14790	A0A8V0ZVJ3
Q147X3	A0A8V0Z1G4
Q14814	A0A1D5NYL4
Q14831	A0A8V0Z9P7
Q14832	E1BUE5
Q14833	A0A8V0ZXL9
Q14839	A0A8V0ZGB8
Q14847	A0A8V1A5H3
Q14849	A0A1D5PID8
Q14872	Q5ZLE7
Q14894	A0A8V0Z6Q8
Q14914	A0A8V0XV85
Q14919	A0A8V0X1U5
Q14940	A0A8V0ZJ32
Q14956	A0A8V0X5A2
Q14957	A0A8V1AEJ9
Q14964	A0A8V0XQV4
Q14966	A0A8V0Z6I0
Q14974	A0A8V0ZPQ5
Q14978	A0A8V0Z6M3
Q14980	A0A8V0XFM5
Q14990	A0A1D5PGS3
Q14993	A0A8V0X6U7
Q14994	A0A8V1AGS4
Q14995	A0A8V0XBR1
Q14997	A0A8V0Z0G8
Q149N8	A0A8V0XQY4
Q14BN4	A0A8V1A9Q2
Q14C86	A0A3Q2TVQ8
Q14C87	A0A8V0ZUD5
Q14CM0	A0A8V0X7S1
Q14CX7	A0A1D5P768
Q14CZ0	A0A8V0Z5K8
Q14CZ7	A0A8V0X105
Q14CZ8	A0A8V1A071
Q14D04	A0A8V0X1P3
Q14DG7	A0A8V0ZG85
Q15003	A0A8V0ZAJ5
Q15004	A0A8V1A285
Q15006	A0A3Q2UDL9
Q15007	A0A8V0XHC1
Q15008	A0A8V0Z6E1
Q15011	A0A8V1A4S3
Q15012	Q5ZML7
Q15013	A0A8V0Z4Y8
Q15018	A0A8V0XE37
Q15019	A0A8V1A0E1
Q15020	A0A8V0ZQW6
Q15021	A0A8V0ZNH5
Q15022	A0A8V1ADX2
Q15024	A0A8V0Z0X7
Q15025	A0A8V0YW09
Q15029	Q5F3X4
Q15031	A0A8V0YV38
Q15032	A0A8V0ZI23
Q15034	A0A8V0Y5C9
Q15036	A0A8V0Y440
Q15038	A0A3Q2TXE0
Q15040	A0A1D5P643
Q15041	A0A8V0ZGD4
Q15042	A0A8V0ZAZ7
Q15046	A0A8V0Y121
Q15047	A0A8V1AH56
Q15048	A0A8V0XZU8
Q15049	A0A1D5PIT5
Q15050	A0A8V0XK68
Q15051	A0A8V0Z023
Q15052	Q5ZLR6
Q15053	A0A8V0YQJ2
Q15056	A0A8V1ANP9
Q15058	A0A8V0YLM5
Q15059	E1C8U8
Q15061	A0A8V0Z9V2
Q15063	A0A3Q2U321
Q15067	A0A8V1AKL4
Q15070	A0A8V0XL15
Q15075	A0A8V0YKN1
Q15077	Q98907
Q15078	A0A8V1A3F0
Q15080	A0A1D5NVK9
Q15084	A0A8V0XGH4
Q15111	A0A8V0YTH7
Q15116	A0A1L1RYS1
Q15118	F1NLP2
Q15119	A0A8V1A262
Q15120	A0A8V0X4I8
Q15121	A0A3Q2UPE8
Q15124	A0A8V0YJR4
Q15126	A0A8V1AGB0
Q15131	A0A3Q2UI62
Q15139	A0A8V0XU96
Q15147	A0A3Q2U0G2
Q15149	A0A8V0Y0I0
Q15172	A0A8V0ZBD1
Q15181	A0A8V0ZLD1
Q15185	A0A8V1A6B9
Q15198	A0A8V0Z0A1
Q15208	A0A8V0ZZK5
Q15223	A0A8V1AA59
Q15233	A0A8V0YZ19
Q15256	A0A1D5P2X5
Q15257	A0A8V1ALG1
Q15262	A0A8V0XI03
Q15269	A0A8V0YI60
Q15274	A0A8V0X6V9
Q15276	A0A8V1AH05
Q15283	A0A8V1A2A7
Q15286	A0A8V0ZG00
Q15287	E1BV45
Q15291	Q5ZLX3
Q15293	E1BXF4
Q15303	A0A8V0YIT6
Q15306	A0A8V0Y4X6
Q15311	A0A8V0XA86
Q15319	Q91998
Q15326	A0A8V1A5I4
Q15329	A0A8V0YR63
Q15334	A0A8V0Z340
Q15345	A0A8V0ZYT7
Q15349	A0A8V0XW11
Q15361	R4GLV7
Q15363	A0A8V1A3R1
Q15366	A0A8V1A118
Q15369	Q5ZJT7
Q15370	A0A8V0XCN3
Q15375	O42422
Q15386	A0A8V1A0X2
Q15388	A0A1D5PKT3
Q15389	A0A8V0YG71
Q15390	Q9PTD5
Q15391	A0A8V0X6Q7
Q15392	A0A8V0ZY51
Q15393	A0A1D6UPS9
Q15397	A0A8V0YCX6
Q15398	A0A8V0Z0R6
Q15404	A0A8V0XHI1
Q15406	A0A8V1AAT5
Q15413	A0A8V0ZGY9
Q15417	A0A1L1RWF6
Q15427	H9L019
Q15428	A0A8V1AAU7
Q15431	A0A8V0ZXH7
Q15435	A0A8V0ZUQ4
Q15436	A0A1D5P0E2
Q15437	Q5ZK03
Q15438	A0A8V1ALE2
Q15459	F1NU16
Q15464	R4GGM0
Q15466	A0A8V0YIV0
Q15468	A0A8V1A6L7
Q15475	Q3C2H5
Q15477	A0A8V0ZZI7
Q15506	A0A8V0ZYU1
Q15526	Q800L1
Q15527	A0A8V1AFQ7
Q15532	A0A1D5PFT4
Q15542	Q5F3I7
Q15543	Q5ZLI0
Q15544	E1C6Y5
Q15545	F1NI87
Q15546	A0A8V1AJ22
Q15560	A0A8V1A0A3
Q15569	R4GJB8
Q15572	A0A8V0XY31
Q15573	A0A8V0YZQ3
Q15582	A0A8V0YG54
Q15596	A0A8V0XK21
Q15599	A0A8V0YXB1
Q155Q3	A0A8V1A0W9
Q15628	A0A8V0ZU42
Q15629	Q8AXQ0
Q15633	A0A8V1A0R4
Q15643	A0A8V0YKE2
Q15646	A0A8V1A4X0
Q15648	E1BUI5
Q15649	A0A8V1AGE7
Q15650	A0A8V0ZUQ7
Q15651	Q5ZIR5
Q15652	A0A8V0Y632
Q15653	A0A8V0XWC2
Q15669	A0A3Q2UHR2
Q15672	A0A8V0XEN1
Q15678	F1NVR5
Q15691	Q5ZLC7
Q15699	R4GGE5
Q15700	A0A8V0XRG5
Q15717	A0A8V1AJ77
Q15723	E1C717
Q15735	A0A8V0ZNX4
Q15738	A0A8V0YP23
Q15743	A0A8V0YWI2
Q15750	A0A8V0YEZ7
Q15751	A0A8V1A1N8
Q15759	A0A8V0XC96
Q15760	A0A1L1RL16
Q15761	A0A8V0XZF5
Q15762	A0A8V0X9K6
Q15771	F1NWF1
Q15772	A0A8V0YYZ3
Q15773	A0A8V0ZR43
Q15777	E1BXB8
Q15784	A0A8V1AAI0
Q15785	A0A8V0ZKZ6
Q15788	Q5F393
Q15796	A0A1D5NUH3
Q15797	Q56IA0
Q15811	A0A8V0YF29
Q15813	A0A8V0Y246
Q15814	A0A8V0Z6M9
Q15818	A0A8V1AP67
Q15819	Q5F3Z3
Q15836	F1P4I3
Q15842	R4GJD4
Q15843	A0A8V0XL51
Q15846	A0A8V0XM26
Q15847	A0A1D5PM71
Q15848	A0A8V0ZYJ8
Q15849	A0A8V0Y840
Q15878	F1NFD4
Q15884	A0A8V0YWL2
Q15904	A0A8V0X6K8
Q15906	H9KYW9
Q15907	Q5F3R8
Q15910	A0A8V0Y617
Q15911	A0A8V0Y5Y6
Q15942	Q04584
Q16082	A0A8V1A9C2
Q16099	A0A8V1A4D7
Q16134	A0A8V0Y3I7
Q16143	A0A8V0XZN4
Q16181	A0A8V0Z8E7
Q16204	A0A1D5NTR1
Q16206	A0A8V0YWQ0
Q16222	A0A8V0YK04
Q16236	A0A8V0ZXX6
Q16254	Q5ZJU1
Q16270	A0A8V0XJQ3
Q16280	A0A8V0YJP3
Q16322	Q7T199
Q16342	A0A8V0XPX5
Q16348	A0A8V0YZP7
Q16363	A0A8V0YSK9
Q16394	A0A8V0Y8L6
Q16401	A0A8V1AGU4
Q16445	Q90845
Q16513	E1BYS6
Q16514	A0A8V0YTS2
Q16515	A0A8V0ZJ57
Q16518	Q9YGX2
Q16520	A0A8V0XPQ9
Q16527	P50460
Q16531	Q805F9
Q16533	A0A8V0ZAG9
Q16534	A0A8V1AIZ9
Q16537	F1NLM6
Q16538	E1C9F2
Q16539	A0A1D5PIQ5
Q16540	F1NVZ3
Q16548	A0A8V0ZC85
Q16549	A0A8V0ZRB7
Q16555	Q90635
Q16558	A0A8V0Y7L9
Q16559	A0A3Q2TXR2
Q16560	A0A8V0ZZR9
Q16563	A0A8V0Y4V9
Q16566	A0A1L1RWI9
Q16568	A0A8V0Y2H7
Q16572	A0A8V0Y9W7
Q16576	Q9I8G9
Q16581	A0A8V0YWM7
Q16585	Q5ZJR7
Q16589	A0A8V0Y1D7
Q16594	A0A8V0ZAG4
Q16595	A0A8V0YWF9
Q16602	C5HV42
Q16610	A0A8V1ADW6
Q16611	A0A8V1A9Q3
Q16612	Q90667
Q16613	P79774
Q16623	A0A8V1AMH7
Q16625	Q91049
Q16626	A0A1D5PZX0
Q16629	A0A1D5PX32
Q16630	Q5ZL34
Q16633	A0A8V1A0L2
Q16637	A0A8V0Y204
Q16644	A0A8V1ACK0
Q16649	Q90Z72
Q16650	A0A1D5P6N0
Q16654	F1NYN2
Q16655	E1C403
Q16656	A0A8V0XUY2
Q16658	D5LPR1
Q16659	Q5F3W3
Q16667	A0A8V0Z256
Q16671	A0A8V0ZRX3
Q16676	Q98937
Q16678	A0A8V0XXH7
Q16690	A0A1D5P5S2
Q16698	A0A8V0YG03
Q16706	A0A8V0Y7C8
Q16718	A0A8V0XCD2
Q16719	A0A8V0Y375
Q16739	E1C7A5
Q16760	A0A8V0ZUG5
Q16769	A0A8V0XX04
Q16773	A0A8V1AH66
Q16774	A0A8V1ACL2
Q16777	P70082
Q16787	A0A8V0XIV7
Q16790	A0A8V0YF14
Q16795	A0A8V0ZX57
Q16798	A0A8V0XPQ6
Q16799	A0A8V0YSQ3
Q16816	A0A8V1AJR9
Q16819	A0A8V0XT72
Q16820	A0A8V0XBQ7
Q16821	A0A8V0X902
Q16825	A0A1D5P6Q1
Q16827	A0A8V0YGL5
Q16828	Q7T2L9
Q16829	Q5F335
Q16831	A0A8V0X899
Q16832	A0A8V0YPR4
Q16836	A0A8V0XIM8
Q16842	A0A8V0ZLV8
Q16849	A0A8V0ZC67
Q16850	A0A8V0XK18
Q16851	A0A1D5P0A1
Q16873	A0A8V0Z0H3
Q16875	A0A8V0XXJ4
Q16877	A0A8V1A7E3
Q16878	E1C9J4
Q16880	A0A8V0XAD6
Q16881	A0A8V0Y695
Q16891	A0A8V0Z4N2
Q17R31	A0A8V0Z962
Q17R89	A0A3Q2TYW2
Q17R98	A0A8V0XSU2
Q17RB8	A0A8V0YWF4
Q17RC7	A0A8V0YT99
Q17RG1	A0A8V1A568
Q17RM4	A0A8V0XRQ7
Q17RN3	Q5ZMB0
Q17RS7	A0A8V0X5F3
Q17RW2	A0A8V0ZLQ9
Q17RY0	A0A1D5P1V7
Q18PE1	A0A8V0YXI0
Q19AV6	A0A8V1AEZ6
Q19T08	A0A8V0XZ60
Q1ED39	A0A8V0Z2L1
Q1EHB4	F1NJG7
Q1L5Z9	A0A8V0YVL9
Q1L6U9	A0A8V0Y4P0
Q1MSJ5	A0A8V0XNB2
Q1MX18	A0A8V0ZSK0
Q1RMZ1	Q5ZJ87
Q1W6H9	E1BRA4
Q1XH10	A0A8V0XXR9
Q1ZZU3	A0A8V1AF36
Q24JP5	A0A8V0ZKV3
Q24JQ0	A0A3Q2TWK9
Q27J81	A0A8V0Z7F3
Q2I0M5	A0A8V0YTF2
Q2KHM9	A0A3Q2UE38
Q2KHR2	A0A1D5P264
Q2KHR3	A0A8V0ZI64
Q2KHT3	A0A8V0ZA80
Q2KHT4	A0A8V0YGC9
Q2KJY2	A0A8V0XZF4
Q2L4Q9	A0A8V0X0L4
Q2LD37	A0A8V0XGG8
Q2M1K9	A0A8V0ZY86
Q2M1P5	A0A8V0ZB27
Q2M1V0	A0A8V0YKF8
Q2M1Z3	A0A8V1A8E2
Q2M243	A0A1L1RNL0
Q2M296	A0A8V0XX30
Q2M2I8	A0A8V0Z2Z3
Q2M2W7	A0A8V1AJI4
Q2M329	A0A8V0YDZ6
Q2M385	A0A8V1A5A2
Q2M389	A0A8V0YBS7
Q2M3C6	A0A8V1A3E0
Q2M3C7	A0A8V0ZTQ6
Q2M3M2	A0A8V1A3S4
Q2M3R5	A0A8V0ZJU7
Q2M3V2	A0A8V0YLG3
Q2M5E4	A0A8V0YAN8
Q2MKA7	E1BVU3
Q2MV58	A0A8V1A5X0
Q2NKJ3	A0A8V0ZR38
Q2NKQ1	A0A8V0ZGJ5
Q2NKX8	A0A8V0YRH6
Q2NL67	A0A8V0ZQY6
Q2PPJ7	A0A8V0YYS5
Q2PZI1	A0A8V0ZG21
Q2QGD7	A0A8V0ZIC0
Q2T9J0	A0A8V0ZLD0
Q2T9L4	A0A8V0ZVN3
Q2TAA2	A0A8V0XIU4
Q2TAA5	A0A8V0X5Y1
Q2TAA8	A0A8V0ZFD5
Q2TAC2	A0A8V1ANX0
Q2TAC6	A0A8V1AIN5
Q2TAL5	A0A1D5PRI5
Q2TAL6	E1BVA8
Q2TAL8	E1BTP9
Q2TAM9	A0A8V0XNN8
Q2TAP0	A0A1D5PEN0
Q2TAY7	Q5ZME8
Q2TB10	A0A8V0X4N6
Q2TB18	A0A8V0Z097
Q2TB90	A0A8V0ZU62
Q2TBA0	A0A8V1ABP8
Q2TBE0	A0A8V0XJ94
Q2TBF2	A0A8V0ZHH4
Q2UY09	A0A8V0XKN5
Q2V2M9	A0A8V0Y2I8
Q2VPJ9	E1BUD5
Q2VPK5	A0A3Q2U523
Q2VWA4	A0A8V0YA64
Q2VYF4	A0A8V0ZAW9
Q2WGJ6	A0A1D5NWY4
Q2WGJ9	A0A8V0XV73
Q2Y0W8	A0A1D5PBM1
Q32M45	A0A8V0Y5J5
Q32MH5	Q5ZI58
Q32MK0	A0A8V0ZVZ4
Q32MQ0	A0A8V1AM69
Q32MZ4	A0A8V0YDF0
Q32NB8	Q5ZHN9
Q32NC0	A0A8V0XY34
Q32P28	Q6JHU8
Q32P41	A0A8V0ZAW4
Q32P44	A0A8V0X3A0
Q32ZL2	A0A8V0ZQM0
Q330K2	A0A1D5PQC5
Q33E94	A0A8V0YBG3
Q38SD2	A0A8V0ZFT3
Q3B726	A0A8V0XI01
Q3B7J2	A0A8V0ZVE4
Q3B7T1	A0A8V0XFQ7
Q3B7T3	A0A8V0XUB6
Q3B820	A0A8V0Z0J3
Q3C1V1	A0A8V0ZHP1
Q3C1V8	Q6RFL5
Q3KNS1	A0A8V0XQI4
Q3KNV8	A0A8V0YG32
Q3KP22	A0A8V0ZH19
Q3KP44	F1N939
Q3KP66	A0A3Q2U9C8
Q3KQU3	A0A8V0YPU7
Q3KQV9	A0A8V1AFW1
Q3KR37	A0A8V1A5T0
Q3KRA6	A0A8V0ZFP8
Q3L8U1	A0A8V0ZM70
Q3LIE5	A0A8V1AKT7
Q3LXA3	A0A8V0ZBY4
Q3MHD2	Q5ZML5
Q3MIP1	A0A8V0ZQV3
Q3MIT2	E1C8Y6
Q3MJ13	A0A8V0ZMD9
Q3MUY2	R4GIT1
Q3SXP7	A0A8V0YLW9
Q3SXY7	A0A8V0XLP8
Q3SXY8	F1NUR0
Q3SXZ7	A0A8V0YSL6
Q3SY56	A0A8V1A1Q0
Q3SY69	A0A8V0YC05
Q3SYC2	A0A8V0XJ06
Q3SYG4	A0A8V0Z9W9
Q3T8J9	A0A8V1ADR8
Q3T906	A0A8V0YB45
Q3V5L5	A0A8V1AHT5
Q3V6T2	A0A8V0YXR5
Q3YEC7	A0A8V1AKH3
Q3ZAQ7	Q5ZLL0
Q3ZCN5	A0A8V0YK62
Q3ZCQ3	A0A8V0Z734
Q3ZCT8	A0A8V1A8I4
Q3ZCV2	A0A8V1A5M5
Q3ZCW2	Q5ZHQ2
Q400G9	A0A8V0ZCN5
Q494U1	A0A8V0ZMN5
Q494V2	A0A8V0ZP94
Q495B1	A0A8V0Z9L0
Q495C1	A0A1D5P1V9
Q495M9	A0A8V1AJZ2
Q495T6	A0A8V0Z4I5
Q496J9	F1NCT9
Q49A17	A0A8V0XET0
Q49A26	Q5ZLS7
Q49A88	A0A8V0Z503
Q49A92	A0A8V0XGH9
Q49AJ0	A0A1D5NX74
Q49AM1	A0A8V0Y2L3
Q49AM3	A0A8V0XX84
Q49AR2	E1C2V6
Q49B96	A0A8V0ZMV8
Q49MG5	A0A8V0YJI1
Q49MI3	A0A8V1A017
Q4AC94	A0A8V0XG06
Q4ADV7	E1BZU6
Q4AE62	A0A8V0Y209
Q4FZB7	A0A8V0ZYQ2
Q4G0A6	A0A8V1AE36
Q4G0F5	A0A8V0ZX97
Q4G0J3	A0A8V0XBH7
Q4G0N4	A0A8V0YUH5
Q4G0P3	A0A8V0ZT48
Q4G0S4	A0A8V0ZJ16
Q4G0S7	A0A8V0YR27
Q4G0U5	A0A8V0ZLM7
Q4G0W2	A0A8V0ZXB3
Q4G0X4	A0A8V0X454
Q4G0X9	A0A8V1ALJ9
Q4G0Z9	A0A8V0XIR8
Q4G112	A0A8V1APE3
Q4G163	A0A8V0Y6U1
Q4G176	A0A8V0XQL7
Q4G1C9	A0A8V0YJI2
Q4KMG0	A0A8V0ZUE7
Q4KMG9	A0A8V0ZQQ6
Q4KMQ2	A0A8V0YNL3
Q4KMZ1	A0A8V0Z1F6
Q4KMZ8	A0A8V0YHI3
Q4KWH8	A0A8V0XAT3
Q4L180	A0A8V0XSE7
Q4L235	A0A8V0YIR5
Q4LDE5	A0A8V0XQF9
Q4LDG9	A0A8V0ZG63
Q4LDR2	R4GF61
Q4LE39	A0A8V0Y400
Q4V9L6	A0A8V0ZII7
Q4VC05	A0A8V1A7H5
Q4VC12	A0A8V0YYH5
Q4VC31	A0A8V0ZM84
Q4VCS5	A0A8V0YNW6
Q4VNC0	A0A8V0YFG2
Q4VX76	A0A8V0XS62
Q4ZG55	A0A8V0XBC6
Q4ZHG4	A0A8V0XR23
Q4ZIN3	A0A8V1AGP7
Q502W6	A0A8V0YZ82
Q502X0	A0A8V0YZQ6
Q504Q3	Q5F450
Q504T8	A0A8V1AJR7
Q504U0	A0A8V0XUL3
Q504Y0	A0A8V0XX25
Q504Y2	A0A8V0Z189
Q52LA3	Q5ZJQ3
Q52LC2	A0A8V0XUE2
Q52LD8	A0A8V0YRE1
Q52LJ0	A0A8V0ZS11
Q52LR7	A0A8V0Y495
Q52LW3	A0A8V0ZNV1
Q52WX2	A0A8V0YZY4
Q53EL9	A0A8V1APT0
Q53EP0	A0A8V0Z6T3
Q53EQ6	A0A8V0Y6L1
Q53EV4	A0A8V0ZSZ9
Q53EZ4	A0A8V0Z768
Q53FA7	F1NUE4
Q53FD0	F1NAH9
Q53FE4	A0A8V0XQ49
Q53FP2	A0A8V0YI43
Q53FT3	Q5ZK09
Q53FZ2	A0A8V0ZBE7
Q53G59	A0A8V0ZZR0
Q53GA4	A0A8V0ZZU0
Q53GG5	A0A8V0YSJ5
Q53GQ0	A0A8V0ZBE0
Q53GS7	A0A8V1AH06
Q53GS9	A0A8V0X2A6
Q53GT1	E1BS99
Q53H12	A0A8V0YKJ3
Q53H47	A0A8V0ZL44
Q53H54	A0A8V0YZ63
Q53H76	A0A8V1A6D2
Q53H80	A0A8V0XE79
Q53H82	A0A8V0XK56
Q53H96	A0A8V0Y326
Q53HC0	R4GHY8
Q53HC5	A0A8V1AHZ1
Q53HC9	A0A8V0XGD0
Q53HI1	A0A8V0YUU6
Q53HV7	A0A8V0ZWB7
Q53LP3	A0A8V0YKA8
Q53QV2	Q5ZM46
Q53QZ3	Q5ZMM3
Q53R41	A0A8V1A1L3
Q53RD9	A0A8V0YXI9
Q53RE8	A0A8V0ZDC1
Q53RY4	A0A8V0Y1F6
Q53S33	A0A8V0ZFL0
Q53S58	A0A8V0Z1I4
Q53SF7	A0A8V1A8V7
Q53T59	E1BWB7
Q53TN4	A0A1D5PBJ1
Q53TQ3	A0A1D5P5H5
Q562E7	A0A8V1ANI3
Q562F6	A0A8V0ZYQ8
Q567V2	A0A8V1A8I6
Q569G3	A0A8V0YAC9
Q569H4	E1BW34
Q569K4	A0A8V1AAL3
Q569K6	A0A8V0X6Y2
Q56NI9	A0A8V0YD25
Q56P03	A0A8V0XJI1
Q56UN5	A0A8V0Z466
Q587I9	A0A8V0ZQH5
Q587J7	A0A8V1A7M6
Q58A44	A0A8V0XPI2
Q58A45	A0A8V0XQH3
Q58DX5	A0A8V0ZDI2
Q58F21	A0A8V0ZSY5
Q58WW2	A0A8V0XZ14
Q59EK9	A0A3Q3ALV5
Q59H18	A0A8V0ZV65
Q5BJD5	Q5ZIL6
Q5BJE1	A0A8V0XK91
Q5BJF2	F1N859
Q5BJH2	A0A8V0XW92
Q5BJH7	A0A8V0XZ01
Q5BKU9	A0A8V1AIP5
Q5BKX6	A0A1D5NU91
Q5BKX8	A0A8V0XYF4
Q5BKY1	A0A8V0YGZ4
Q5BKZ1	Q5ZJ02
Q5BN46	A0A1D5NWT9
Q5BVD1	A0A8V0XD72
Q5C9Z4	A0A8V1A366
Q5D0E6	A0A8V0ZFE8
Q5D1E8	A0A1D5P3N0
Q5DID0	A0A8V0Y323
Q5DT21	A0A8V0Y5Z7
Q5DX21	A0A8V1A8T7
Q5EB52	A0A8V0XVV5
Q5EBL2	A0A8V0XK90
Q5EBL4	A0A8V1AE94
Q5EBL8	Q5ZIK2
Q5EBM0	R4GJC4
Q5F1R6	A0A8V0YLC8
Q5FBB7	A0A8V0XA15
Q5FVE4	A0A8V1AJB1
Q5FWE3	A0A8V0ZGV2
Q5FWF4	A0A8V0ZAH5
Q5FWF5	A0A8V0XRI7
Q5FWF7	E1C0I6
Q5FYB0	A0A8V0XK07
Q5FYB1	A0A8V0YL20
Q5GFL6	A0A8V0ZN90
Q5GH70	A0A8V0XEX7
Q5GH72	A0A8V0YSZ7
Q5GH73	A0A8V0YA18
Q5GH76	A0A8V0XDG3
Q5GJ75	A0A3Q3AZP2
Q5GLZ8	A0A8V0ZSA3
Q5H8A4	A0A8V0YM70
Q5H8C1	A0A8V0YPJ1
Q5H9F3	A0A8V0YX52
Q5H9S7	A0A8V0ZQ33
Q5HY92	A0A8V1A487
Q5HYA8	A0A8V0YL98
Q5HYC2	A0A8V0YJQ7
Q5HYI7	F6TYJ6
Q5HYJ1	A0A8V0XGY7
Q5HYJ3	F1NYM6
Q5HYK7	A0A8V0XXZ3
Q5HYL7	A0A8V0XGT6
Q5HYM0	A0A1D5PB60
Q5HYW2	R4GFL3
Q5I0G3	E1BQM3
Q5I0X7	A0A8V0XGY2
Q5IJ48	E1BYW1
Q5J8M3	A0A8V0Y001
Q5JPB2	A0A8V0YV03
Q5JPI3	E1C7U8
Q5JPI9	A0A8V0X7P0
Q5JR12	A0A8V1AET4
Q5JR59	A0A8V0XZW9
Q5JR98	A0A8V1A4A8
Q5JRA6	A0A8V0YZN6
Q5JRV8	E1BZD9
Q5JRX3	A0A8V0XRX1
Q5JS13	A0A8V1AHH2
Q5JS37	A0A8V0XGW1
Q5JS54	A0A8V0YAK8
Q5JSH3	A0A8V0YV63
Q5JSJ4	E1BZM3
Q5JSL3	A0A8V0YI06
Q5JSP0	A0A1D5NVP9
Q5JSS6	A0A8V0XP47
Q5JSZ5	A0A8V1AFE0
Q5JTB6	A0A1D5NTI9
Q5JTC6	A0A8V0YLZ2
Q5JTD0	A0A8V0Y550
Q5JTD7	A0A8V0XYU6
Q5JTJ3	A0A8V0XR31
Q5JTW2	E1C530
Q5JTZ5	A0A8V1ACM8
Q5JTZ9	A0A8V0Z700
Q5JU00	A0A8V0Z624
Q5JU69	A0A8V1AC68
Q5JUQ0	A0A8V1AFB3
Q5JUR7	A0A8V0XU72
Q5JV73	A0A8V0YVV3
Q5JVF3	A0A8V0YWC4
Q5JVL4	A0A8V0XUH6
Q5JW98	A0A1D5PP02
Q5JWF2	A0A3Q2TWD9
Q5JWR5	A0A8V0X8A0
Q5JXC2	A0A8V0Z1A3
Q5JXM2	A0A8V0YU23
Q5JYT7	A0A8V0YIP1
Q5JZY3	A0A8V0YRJ8
Q5M775	A0A8V1ALX1
Q5M7Z0	A0A8V1ABZ9
Q5M8T2	A0A8V0XMV3
Q5MIZ7	A0A8V0YZY9
Q5MJ70	A0A8V0Z9W4
Q5MNV8	E1C4J7
Q5MNZ6	Q5ZL16
Q5MNZ9	A0A1D5PNT9
Q5NUL3	A0A8V0ZCZ6
Q5QGS0	A0A8V0YMF7
Q5QJ74	E1C0G0
Q5QJE6	A0A8V0ZY18
Q5QJU3	A0A8V0YV71
Q5QP82	A0A8V0X727
Q5R3F8	F1NE81
Q5R3K3	E1C3Z9
Q5RI15	A0A8V0XSN8
Q5RKV6	A0A8V1A5A0
Q5RL73	Q5F3S8
Q5S007	A0A8V0Y3D1
Q5SGD2	A0A8V0X9H5
Q5SNT2	A0A8V0YZC6
Q5SNV9	A0A8V0Z2A9
Q5SQN1	A0A8V1A4U4
Q5SQS7	A0A8V0Y2J8
Q5SRE5	A0A8V1A9R3
Q5SRE7	A0A8V1AEX5
Q5SRH9	A0A8V1A5Z2
Q5SRI9	A0A8V0XIQ8
Q5SV17	A0A8V0ZAG6
Q5SV97	A0A8V0ZKX6
Q5SVQ8	E1C1B5
Q5SVS4	A0A8V0XL25
Q5SW24	A0A8V0XT54
Q5SW79	A0A8V0Y6Y2
Q5SW96	A0A8V0YZE3
Q5SWA1	A0A8V1A8X5
Q5SWH9	E1C975
Q5SXH7	A0A8V0ZFZ1
Q5SXM2	A0A8V1ACK4
Q5SXM8	A0A8V1AHT7
Q5SY16	A0A8V0Z2D6
Q5SY80	A0A8V0XZ52
Q5SYB0	A0A8V0X9L2
Q5SYC1	E1C6S0
Q5SYE7	A0A8V0XJ36
Q5SZD4	A0A8V0ZMR6
Q5SZJ8	A0A8V0X941
Q5SZK8	A0A8V0XFN7
Q5SZL2	A0A8V0YR67
Q5SZQ8	A0A8V1ABK5
Q5T011	A0A8V0ZJY5
Q5T013	A0A8V0ZK35
Q5T0B9	A0A8V0Z2Z9
Q5T0D9	F1P107
Q5T0L3	A0A8V0YH93
Q5T0N1	A0A8V0Z5H2
Q5T0N5	A0A8V0ZIW4
Q5T0T0	A0A8V0ZC50
Q5T0U0	F1NXE0
Q5T0W9	A0A8V0XDH4
Q5T0Z8	A0A8V1AGY0
Q5T124	A0A8V0YLP9
Q5T160	A0A8V0XEC3
Q5T1A1	A0A8V1AB85
Q5T1B0	A0A8V0YB46
Q5T1H1	A0A8V0X5P9
Q5T1M5	A0A8V1AII9
Q5T1N1	A0A8V0YE14
Q5T1Q4	A0A3Q2TW83
Q5T1R4	R4GH84
Q5T1S8	A0A8V0YVX2
Q5T1V6	A0A8V0YLH0
Q5T200	A0A8V0XEC8
Q5T215	R4GMH7
Q5T280	A0A1L1RXE7
Q5T2D3	A0A1L1RZP2
Q5T2E6	A0A8V0Z9I5
Q5T2R2	A0A8V0XR49
Q5T2S8	A0A8V0XG65
Q5T2T1	A0A8V0XQE3
Q5T3F8	A0A8V0ZB02
Q5T3I0	A0A8V1AC52
Q5T3J3	A0A8V0ZU65
Q5T3U5	A0A8V0Y1C2
Q5T440	A0A8V1A585
Q5T447	A0A8V1AC51
Q5T481	A0A8V0Z6L8
Q5T4B2	A0A8V1AHF9
Q5T4D3	F1P0M3
Q5T4F7	F1NM64
Q5T4S7	A0A8V0ZKZ2
Q5T4T1	A0A8V0Y9R4
Q5T4T6	A0A8V0YA49
Q5T4W7	A0A8V0ZHW6
Q5T5C0	A0A8V0XRC8
Q5T5J6	A0A8V0ZIB5
Q5T5M9	E1C1A2
Q5T5P2	A0A8V0XQ45
Q5T5S1	A0A8V1AL07
Q5T5U3	A0A8V0XPM5
Q5T5X7	A0A8V0YMW6
Q5T5Y3	A0A8V1AEP4
Q5T653	A0A8V0Z865
Q5T655	A0A8V0ZJU1
Q5T686	A0A8V0Z822
Q5T6C5	A0A8V1AA61
Q5T6F0	Q5F3R7
Q5T6J7	A0A8V0YSZ2
Q5T6L9	A0A8V0XHH2
Q5T6S3	A0A8V1AC69
Q5T6V5	E1C455
Q5T6X4	A0A8V0YHY6
Q5T6X5	A0A8V0YR16
Q5T700	A0A8V1A2C1
Q5T7M4	A0A8V0YY90
Q5T7M9	A0A8V0ZMD0
Q5T7N3	A0A8V0ZP92
Q5T7P8	A0A8V1AAD5
Q5T7V8	A0A8V0YMR8
Q5T7W0	A0A8V1AJ71
Q5T7W7	F1P062
Q5T848	A0A8V0XP22
Q5T870	A0A088BI16
Q5T890	A0A8V0XZD2
Q5T8A7	A0A8V1A9Q8
Q5T8I3	A0A8V0Y787
Q5T8I9	E1BVR9
Q5T8P6	A0A1D5NWP6
Q5T953	A0A8V1AGZ0
Q5T9C2	A0A8V1A749
Q5T9S5	A0A8V0ZJU8
Q5TA50	A0A8V0YXZ0
Q5TAB7	A0A8V0XLI9
Q5TAQ9	A0A8V1AGI1
Q5TAT6	A0A8V0ZE31
Q5TAX3	A0A8V1A0M0
Q5TB30	A0A3Q2TSI6
Q5TB80	A0A8V0XBL0
Q5TBA9	A0A8V0XWB0
Q5TBB1	A0A8V0XEJ9
Q5TBC7	A0A8V1AGI7
Q5TBK1	A0A8V0XM15
Q5TC12	A0A8V0ZT65
Q5TC63	F1P2U9
Q5TC79	A0A8V0YAS8
Q5TC82	A0A8V0Y958
Q5TC84	A0A8V0XD65
Q5TCS8	A0A8V0YPK2
Q5TCX8	A0A8V0Y3L2
Q5TCY1	A0A8V0Z8G2
Q5TCZ1	A0A3Q2U9A8
Q5TD94	A0A8V0YSE6
Q5TD97	A0A8V0X6S5
Q5TDH0	A0A1D5NXK6
Q5TDP6	A0A8V0X2P1
Q5TEA3	A0A8V0Z4N8
Q5TEU4	A0A8V0Z4G2
Q5TEZ5	A0A8V0XAF1
Q5TF21	A0A8V0XI30
Q5TF39	A0A8V0YKY3
Q5TF58	A0A1D5P885
Q5TFE4	E1C3Z6
Q5TFG8	A0A8V0XIG2
Q5TG30	A0A8V0ZXK8
Q5TGI0	E1C3J5
Q5TGL8	A0A8V0YAG3
Q5TGY1	A0A8V0ZE38
Q5TGY3	A0A8V0YY92
Q5TGZ0	A0A8V0ZF20
Q5TH69	A0A8V0XLZ8
Q5THJ4	A0A8V0ZAE9
Q5THK1	A0A8V0ZMU0
Q5THR3	A0A8V0YBL1
Q5TIA1	A0A8V0YA61
Q5TID7	A0A8V0XK52
Q5TIE3	A0A8V0ZFY0
Q5TKA1	A0A8V0Z1P6
Q5TZA2	A0A8V0ZCX6
Q5U3C3	A0A8V0YVZ9
Q5U5R9	A0A8V0ZL18
Q5U5X0	A0A8V0YBA8
Q5U5X8	A0A8V0ZET9
Q5U5Z8	A0A8V0ZSF7
Q5UAW9	A0A8V0Z118
Q5UE93	A0A8V1AND6
Q5VSG8	E1BYK8
Q5VSL9	A0A8V1A1T8
Q5VST6	Q5ZJ01
Q5VST9	A0A8V0ZZE4
Q5VSY0	A0A3Q3AH83
Q5VT06	A0A8V0Y6V7
Q5VT25	A0A8V0Z5T3
Q5VT52	A0A8V1ADY4
Q5VT97	A0A8V0Z8Q3
Q5VT99	F1P4Y4
Q5VTB9	A0A8V1A233
Q5VTE6	A0A8V0Z9L6
Q5VTH2	A0A3Q2U3Q9
Q5VTH9	A0A8V0ZUM8
Q5VTJ3	A0A3Q3AAU5
Q5VTL7	A0A8V0Y7F2
Q5VTL8	E1BVP9
Q5VTQ0	A0A8V0YWD4
Q5VTT5	A0A8V0YUZ6
Q5VTY9	A0A8V0Z8B9
Q5VU43	A0A8V0YSF3
Q5VU57	A0A8V1AEI1
Q5VU65	A0A8V1A427
Q5VU97	A0A8V0ZSJ7
Q5VUA4	A0A8V0XP78
Q5VUB5	A0A8V0X7C9
Q5VUD6	A0A8V1AF70
Q5VUE5	A0A8V0XZW1
Q5VUJ6	A0A8V0Z782
Q5VUJ9	A0A8V0XM88
Q5VUM1	A0A8V0X9I2
Q5VV17	A0A8V0XN55
Q5VV41	A0A8V0ZCQ6
Q5VV42	E1BRH0
Q5VV43	A0A8V0XX89
Q5VV63	A0A3Q2UFR3
Q5VV67	A0A8V0ZG50
Q5VVB8	A0A8V0XQD6
Q5VVC0	F1NUG9
Q5VVH5	A0A8V0XET7
Q5VVM6	A0A8V0Z9I4
Q5VVY1	A0A3Q3A9J8
Q5VW32	E1BY06
Q5VW36	A0A8V0YGL2
Q5VW38	A0A8V1AJ53
Q5VWC8	R4GIV6
Q5VWI1	A0A8V0X842
Q5VWJ9	A0A8V0XWK9
Q5VWK5	A0A8V0ZU82
Q5VWN6	A0A8V0XW89
Q5VWP2	Q5ZL95
Q5VWP3	A0A8V0XDQ6
Q5VWQ0	A0A8V1AAX6
Q5VWQ8	A0A8V1A5A8
Q5VWT5	A0A8V1ADJ5
Q5VWW1	A0A1D5PK05
Q5VWX1	A0A8V0XC08
Q5VWZ2	A0A8V0Z1P7
Q5VX71	A0A8V0YYY0
Q5VXD3	A0A8V0ZFU2
Q5VXM1	A0A8V0ZXC8
Q5VXT5	A0A8V1AA56
Q5VXU1	A0A8V0XLC2
Q5VXU3	Q5ZIX4
Q5VXU9	A0A8V0XKA2
Q5VY09	A0A8V0YHD7
Q5VY43	A0A8V1AD99
Q5VYJ5	A0A8V0XJV2
Q5VYK3	A0A8V0XKW3
Q5VYS8	A0A8V0XX15
Q5VYV0	A0A8V0YT17
Q5VYV7	A0A8V0Z5K7
Q5VYX0	A0A8V0ZRP4
Q5VYY1	A0A8V0ZN38
Q5VZ03	A0A8V0Y8F6
Q5VZ18	A0A8V1ADP9
Q5VZ46	A0A8V0Y3G1
Q5VZ52	A0A8V1A643
Q5VZ66	A0A8V0XBK6
Q5VZ89	A0A8V0YX50
Q5VZF2	A3F962
Q5VZI3	A0A8V1AK96
Q5VZK9	A0A1D5PTP4
Q5VZL5	A0A8V0YM13
Q5VZP5	A0A8V0Y572
Q5VZQ5	A0A8V0XGG0
Q5VZV1	E1BSL9
Q5VZY2	A0A8V0XAH3
Q5W041	A0A8V0XNH0
Q5W0B1	A0A8V0X8R3
Q5W0Q7	E1BT05
Q5W0U4	A0A8V1ADZ9
Q5W0V3	A0A1D5NZH5
Q5W0Z9	A0A8V0XNT3
Q5W111	Q5ZHV7
Q5XG87	A0A8V0X0M4
Q5XG99	A0A8V0Z7L5
Q5XKK7	A0A8V0ZMX4
Q5XKL5	A0A8V0ZNI0
Q5XKP0	A0A8V1AEZ3
Q5XKR4	R4GH47
Q5XPI4	A0A8V1A7T1
Q5XUX0	A0A8V0XRN4
Q5XXA6	A0A8V1A870
Q5ZPR3	A0A8V0ZRU4
Q60I27	A0A8V1A322
Q629K1	A0A8V0Y7M9
Q63HK5	A0A8V1A0Y0
Q63HM1	A0A8V1AN76
Q63HM2	A0A8V0YS68
Q63HM9	E1C6T0
Q63HN8	A0A8V1ALH0
Q63HQ0	A0A8V0XBT2
Q63HQ2	A0A8V0YHJ2
Q641Q3	A0A8V1AQB6
Q64LD2	A0A8V0Z460
Q658L1	F1NE52
Q658N2	A0A8V1ALA7
Q658P3	A0A8V0ZM29
Q658Y4	A0A8V0XT61
Q659A1	A0A8V1A1A4
Q659C4	A0A8V0XQK3
Q66GS9	A0A8V0YR31
Q66K14	A0A8V0YY71
Q66K64	A0A8V0XIC6
Q66K66	A0A8V0ZGW5
Q66K89	A0A8V0ZC00
Q66PJ3	Q5F4A9
Q674X7	A0A8V0ZGM9
Q676U5	A0A8V0ZYB6
Q67FW5	A0A8V1AI74
Q687X5	A0A8V0XHA5
Q68BL7	A0A8V1AD26
Q68BL8	A0A8V0YPK8
Q68CJ6	A0A8V0XZL2
Q68CJ9	A0A8V1ADE0
Q68CL5	A0A8V0YB54
Q68CP4	A0A8V0XYN5
Q68CP9	A0A8V0YTV6
Q68CQ7	A0A8V1ABX1
Q68CR1	A0A8V0YF92
Q68CR7	A0A8V0YPY4
Q68CZ1	A0A8V0ZHK9
Q68CZ2	A0A8V0Y2S7
Q68CZ6	A0A8V0YVG8
Q68D10	E1BUG7
Q68D42	A0A8V0XMM5
Q68D51	A0A8V1AAK8
Q68D85	A0A8V0Y6A7
Q68D91	Q5F336
Q68DC2	A0A8V0XZ76
Q68DD2	A0A8V0ZL36
Q68DE3	A0A8V0ZNS6
Q68DK2	A0A8V0ZIJ0
Q68DK7	A0A8V1A1D5
Q68DL7	A0A8V0X9I5
Q68DQ2	A0A8V0XWU7
Q68DU8	E1C3V1
Q68DV7	A0A8V1AL32
Q68DX3	A0A8V0ZEV9
Q68E01	A0A8V1AI04
Q68EM7	A0A8V0Z535
Q68EN5	A0A8V0ZP16
Q68G74	F1P4G9
Q695T7	F1NPI1
Q69YG0	A0A8V0YPT4
Q69YH5	A0A3Q3AKP0
Q69YL0	A0A8V0Z708
Q69YN4	A0A1D5PLG6
Q69YU5	A0A1D5PBT5
Q69YW2	A0A8V0Z8F4
Q6AHZ1	E1BXZ2
Q6AI08	A0A8V1AKP8
Q6AI12	A0A8V1ALE9
Q6AI14	A0A8V0YM25
Q6AI39	A0A8V0Z8F0
Q6AWC2	A0A8V0XXJ6
Q6AZY7	A0A8V0Y0D6
Q6B0B8	A0A8V1ADK7
Q6BDS2	A0A8V1A5B7
Q6BEB4	Q5R2J0
Q6DCA0	A0A8V0ZVY3
Q6DHV7	A0A8V1A525
Q6DJT9	Q58NQ5
Q6DKI1	A0A8V0XLL0
Q6DKJ4	A0A8V1ANR5
Q6DKK2	A0A8V1AF01
Q6DN12	A0A8V0Z116
Q6DN14	A0A8V0YKM2
Q6DN90	A0A8V1A6J6
Q6DWJ6	A0A8V0YPE5
Q6EMB2	A0A8V0XPH4
Q6EMK4	A0A8V0YQ88
Q6F5E8	A0A8V0ZPC8
Q6FHJ7	A0A8V0YWH3
Q6FIF0	A0A8V0Z4W8
Q6GMR7	A0A8V0YXV3
Q6GMV3	A0A8V0Y6H3
Q6GPH4	A0A8V1ALB5
Q6GQQ9	A0A8V1AHL3
Q6GTX8	A0A8V0XQY5
Q6GYQ0	A0A8V0XU56
Q6H8Q1	A0A8V0YBK9
Q6H9L7	A0A8V0XQQ6
Q6I9Y2	F1N915
Q6IA17	A0A8V0ZLV1
Q6IA86	A0A8V0XTD3
Q6IAA8	A0A8V0XD39
Q6IAN0	F1NH35
Q6IBW4	A0A8V0XLC3
Q6IC98	A0A8V0Y3E6
Q6ICB0	A0A8V0Y1Y5
Q6ICG6	F1NX74
Q6ICH7	E1BSD3
Q6ICI0	A0A8V1AM39
Q6ICL3	A0A8V1A0Y9
Q6ICL7	A0A8V0X2P4
Q6IE81	A0A8V0XQS9
Q6IEE7	F1P195
Q6IEG0	A0A8V0X3T4
Q6IMI4	A0A8V0XZJ5
Q6IMN6	A0A8V0YDW5
Q6IN84	A0A8V1AB93
Q6IN85	A0A8V0YRN0
Q6IPM2	A0A8V0Z5T7
Q6IPR1	E1BTS3
Q6IPR3	A0A1D5PIG9
Q6IPT4	F1NPT9
Q6IQ16	A0A3Q3AA02
Q6IQ19	A0A8V0YD79
Q6IQ20	A0A8V0YBM6
Q6IQ21	A0A8V0XNR3
Q6IQ22	A0A8V0X7J5
Q6IQ23	A0A8V0ZTU5
Q6IQ26	A0A1L1RT22
Q6IQ32	A0A8V0XR13
Q6IQ49	A0A8V0YV06
Q6IQ55	A0A8V0ZFP1
Q6IS24	A0A8V1AKY0
Q6ISB3	A0A8V0YCE3
Q6J9G0	A0A8V1A2Q8
Q6JBY9	A0A8V0Y4C0
Q6JEL2	F1NTA7
Q6JQN1	A0A8V1ABR9
Q6KB66	A0A8V0ZRD8
Q6KCM7	A0A8V1AES3
Q6KF10	A0A1D5P0D7
Q6L8Q7	A0A8V1A6Z8
Q6L9W6	A0A8V0YH22
Q6MZM0	A0A8V0XUG3
Q6MZP7	A0A8V0XB38
Q6MZQ0	E1C6K7
Q6MZT1	A0A8V0YCI7
Q6MZW2	A0A8V0YU51
Q6N021	A0A8V0XVQ1
Q6N022	A0A8V0Y2C1
Q6N043	A0A1D5NX23
Q6N063	A0A8V1A866
Q6N069	A0A8V0XIB0
Q6N075	A0A1D5PLZ5
Q6NS38	A0A8V0ZID8
Q6NSI4	A0A8V0YFW3
Q6NSI8	A0A8V0ZAC9
Q6NT16	A0A8V0XGM3
Q6NT76	A0A8V0Y7V0
Q6NT89	A0A8V0Z3U4
Q6NTE8	A0A8V0Z021
Q6NTF9	A0A8V1AE70
Q6NUI2	A0A8V0ZJB5
Q6NUI6	A0A8V0YG24
Q6NUJ2	A0A8V0XQJ0
Q6NUJ5	A0A8V0X5Z5
Q6NUK1	A0A8V0Y723
Q6NUK4	A0A8V0YA15
Q6NUM9	A0A8V0ZCJ6
Q6NUN7	A0A8V1A3U7
Q6NUP7	A0A8V0Z176
Q6NUQ1	A0A8V0Y5Z6
Q6NUQ4	A0A8V0XVN2
Q6NUS6	A0A8V0XC68
Q6NUT3	A0A8V1A7I3
Q6NV74	A0A8V0YT33
Q6NV75	A0A8V0Z303
Q6NVV7	Q5ZKB8
Q6NW29	A0A8V0XSK3
Q6NW34	A0A8V0XFA9
Q6NW40	A0A8V0YHH6
Q6NXE6	A0A8V1AHQ0
Q6NXG1	A0A1D5P7J2
Q6NXP0	A0A8V1ADU3
Q6NXP6	A0A8V0XQJ1
Q6NXR4	A0A8V0ZA53
Q6NXT1	A0A8V0Y9N2
Q6NXT4	Q5ZIH3
Q6NYC8	A0A8V0X7A0
Q6NZ36	A0A8V0Z5N4
Q6NZI2	A0A8V0ZPB6
Q6P050	A0A8V1A1R9
Q6P087	A0A8V0ZRV6
Q6P0A1	A0A8V0ZNE6
Q6P0N0	A0A8V0Z4U5
Q6P0Q8	A0A8V1A0Y8
Q6P158	A0A8V0Z1F9
Q6P161	A0A8V1A7B7
Q6P1A2	A0A8V0ZN91
Q6P1J6	A0A8V0Z5J2
Q6P1J9	Q5ZLM0
Q6P1L5	A0A8V1A6K3
Q6P1L8	A0A8V0ZA87
Q6P1M0	A0A8V1ABS5
Q6P1M3	A0A8V1AMK2
Q6P1N9	A0A8V0Y0W3
Q6P1Q0	A0A8V0ZV09
Q6P1R3	Q5ZHX5
Q6P1R4	A0A8V1AID9
Q6P1S2	A0A8V0X424
Q6P1W5	A0A8V0YZH2
Q6P1X6	A0A8V0XX99
Q6P2C8	A0A8V1AGC1
Q6P2D8	A0A8V0XAF7
Q6P2E9	A0A1D5P1Q3
Q6P2H3	A0A8V0YJI0
Q6P2H8	A0A1L1RPU6
Q6P2P2	A0A8V0XR61
Q6P2Q9	A0A8V1ACE0
Q6P3R8	A0A8V0X5Z8
Q6P3S1	A0A8V0Y8P4
Q6P3S6	A0A8V0ZDH9
Q6P3W2	A0A8V0Z9J5
Q6P3W7	A0A8V0YDP7
Q6P444	A0A8V0XNL4
Q6P499	E1BR96
Q6P4A7	A0A8V0X4R5
Q6P4A8	A0A8V0Y3T8
Q6P4F2	A0A8V0XGF4
Q6P4F7	A0A8V0ZDX3
Q6P4H8	A0A8V0X831
Q6P4I2	A0A8V0X3H4
Q6P4Q7	A0A8V0ZES4
Q6P4R8	A0A8V0ZSK7
Q6P587	F1NXZ7
Q6P5R6	A0A8V0YP95
Q6P5S2	A0A8V0XDY7
Q6P5S7	A0A8V0X7F0
Q6P5X5	A0A1L1RQR8
Q6P5X7	A0A8V0XXX6
Q6P656	A0A8V0Z994
Q6P6B7	A0A8V0XT92
Q6P6C2	F1NIA5
Q6P7N7	A0A8V1AD70
Q6P988	A0A8V1AKN4
Q6P995	A0A8V0YJG5
Q6P996	A0A1D5PXN7
Q6P9A2	A0A8V0ZP28
Q6P9B9	A0A8V0X0V3
Q6P9F7	E1BZK2
Q6P9G0	A0A8V1AKM7
Q6P9G4	A0A8V0XTG0
Q6P9H5	A0A8V1AA89
Q6PCB0	A0A8V0YW75
Q6PCB5	A0A8V0Y5U2
Q6PCB6	Q5ZJX1
Q6PCB7	A0A1D5PSE1
Q6PCB8	A2MXY3
Q6PCD5	A0A8V0ZVL5
Q6PCE3	F1NAA5
Q6PD62	A0A8V0ZFS8
Q6PD74	A0A8V0Z694
Q6PEV8	F1NN36
Q6PEY1	F1NPH0
Q6PF06	A0A8V0X9J4
Q6PF15	A0A8V0X7Y9
Q6PF18	E1BRR9
Q6PFW1	A0A8V0X234
Q6PGN9	A0A8V1A064
Q6PGP7	E1C576
Q6PGQ7	A0A3Q2U088
Q6PH81	A0A8V0ZXE0
Q6PHW0	A0A8V0XMD9
Q6PI25	Q401C0
Q6PI26	A0A8V0ZCP4
Q6PI47	A0A8V1A425
Q6PI48	A0A8V0Y1V0
Q6PI78	A0A8V0Y889
Q6PI97	A0A8V0ZJF2
Q6PI98	A0A8V0XTT9
Q6PID6	F1NB44
Q6PID8	A0A8V0XLK1
Q6PIF2	A0A8V0XJ21
Q6PIF6	A0A8V0ZXA1
Q6PIJ6	A0A8V0Y5Q8
Q6PIL6	A0A8V0Y076
Q6PIS1	A0A8V0ZK27
Q6PIU1	A0A8V0XVR0
Q6PIU2	F1NF25
Q6PIV7	A0A1D5NWQ1
Q6PIW4	A0A8V0X8J6
Q6PIY5	A0A8V1A8N5
Q6PIY7	A0A8V0YHV0
Q6PIZ9	F1NRE1
Q6PJ21	A0A8V0YZX8
Q6PJ61	A0A8V0XV29
Q6PJ69	A0A8V1AQ52
Q6PJF5	A0A8V1AK23
Q6PJG2	A0A8V0ZM69
Q6PJG6	A0A8V0ZBQ7
Q6PJW8	A0A8V0Y8V3
Q6PK04	A0A8V1AMG0
Q6PK18	A0A8V1AGA3
Q6PKC3	A0A8V0ZFW0
Q6PKG0	A0A8V0Z015
Q6PKX4	A0A8V0X713
Q6PL18	A0A8V0XR41
Q6PL24	A0A8V0XG32
Q6PL45	A0A8V0Z4H9
Q6PML9	A0A8V0YKS6
Q6PP77	A0A8V0YYT0
Q6PUV4	R4GKR7
Q6Q0C0	F1NEH1
Q6Q0C1	A0A8V0Z3S5
Q6Q4G3	A0A8V0Y1W6
Q6Q759	A0A8V0ZU97
Q6Q788	A0A8V0ZUG1
Q6QAJ8	A0A8V1AJ40
Q6QEF8	A0A8V1APV1
Q6QHC5	A0A8V0YWS9
Q6QHF9	A0A8V0ZQU7
Q6QHK4	A0A8V0ZAS3
Q6QNK2	A0A8V0ZRP5
Q6QNY1	A0A8V0ZLC8
Q6R327	A0A8V0YDR8
Q6RI45	A0A8V0ZA41
Q6RW13	A0A8V0Z3K7
Q6S5L8	A0A8V0ZBZ6
Q6SJ96	A0A8V0Z0B0
Q6STE5	A0A8V1A7Q4
Q6SZW1	A0A8V1AM40
Q6T310	A0A8V0XVU5
Q6T311	A0A8V0XLE9
Q6T4P5	A0A1D5PYJ6
Q6T4R5	A0A8V0XF72
Q6TCH4	A0A8V0YWA8
Q6TCH7	A0A8V0XJI3
Q6TDP4	F1NVA2
Q6TDU7	A0A8V0YPQ6
Q6TFL3	A0A8V0YNW8
Q6TFL4	A0A3Q2U665
Q6U736	F1NEY2
Q6U841	A0A8V0ZNB4
Q6UB28	A0A8V0ZJ12
Q6UB35	A0A8V0XSP4
Q6UB98	A0A8V0XAC9
Q6UB99	A0A8V0Y377
Q6UDR6	A0A8V0YTE6
Q6ULP2	A0A8V0YZK1
Q6UN15	A0A8V0YQ64
Q6UUV9	A0A8V1ACW9
Q6UVK1	A0A8V0ZIB9
Q6UVM3	A0A8V0YMX6
Q6UW02	A0A8V0ZNJ0
Q6UW56	A0A8V0Y2S5
Q6UW63	E1BSM9
Q6UW88	Q5EG71
Q6UWB4	A0A8V0YC27
Q6UWE0	A0A8V1A6K1
Q6UWF9	A0A8V0Y365
Q6UWH4	A0A8V0XST7
Q6UWI2	A0A8V0XQV0
Q6UWI4	A0A1D5P6M0
Q6UWJ1	A0A8V0YVU1
Q6UWJ8	A0A8V0Z4U4
Q6UWL2	A0A8V0XS79
Q6UWN8	A0A8V0YWT3
Q6UWP2	Q71R50
Q6UWR7	A0A8V0XU85
Q6UWU4	A0A8V1A659
Q6UWV2	F1NJI3
Q6UWV6	A0A8V1AGU5
Q6UWV7	A0A3Q2UIU2
Q6UWW0	Q8UWH4
Q6UWW9	R4GII2
Q6UWX4	A0A8V0ZAL4
Q6UWY2	A0A8V1AEC4
Q6UWY5	A0A8V0ZJW0
Q6UX01	A0A1D5PDR6
Q6UX04	A0A8V0YLD5
Q6UX06	A0A8V0XIW1
Q6UX07	A0A8V1ANA9
Q6UX34	A0A1D5PCM9
Q6UX46	A0A1D5PAD6
Q6UX65	A0A8V1A6S1
Q6UX68	A0A8V0XUG0
Q6UX71	A0A8V0XJP1
Q6UX72	F1NIE6
Q6UX73	A0A8V0Z8P7
Q6UXB0	A0A8V0Z912
Q6UXB1	A0A8V0XBX7
Q6UXB3	A0A8V0XZJ9
Q6UXB8	A0A8V1AB92
Q6UXC1	A0A8V1ADX4
Q6UXD7	F1ND71
Q6UXF1	A0A8V0Z178
Q6UXG2	A0A8V1A7A5
Q6UXH1	A0A8V0Y1R9
Q6UXH8	A0A8V0YBY1
Q6UXH9	A0A8V1A3X4
Q6UXI7	A0A8V0XT69
Q6UXI9	A0A8V0XPI7
Q6UXK2	A0A8V0ZIP2
Q6UXK5	A4ZZA2
Q6UXL0	A0A8V0ZFP9
Q6UXM1	A0A8V0YGW9
Q6UXN9	Q5ZMV7
Q6UXQ4	A0A8V0Y2N0
Q6UXS0	A0A8V0ZMJ9
Q6UXT8	A0A8V0XIK0
Q6UXU4	E1BSG3
Q6UXV0	A0A8V0X5I1
Q6UXX5	A0A8V0X7M2
Q6UXX9	A0A8V0YC65
Q6UXY1	F1NBU7
Q6UXY8	A0A8V0ZFR8
Q6UXZ0	A0A8V1AK72
Q6UXZ4	A0A1D5PNP5
Q6UY01	A0A8V0Z4T3
Q6UY11	A0A8V0XTH5
Q6UYE1	A0A8V0X7D9
Q6V0I7	A0A8V0XRC0
Q6V0L0	A0A8V0Z3H9
Q6V1X1	A0A1D5P801
Q6VAB6	A0A1D5PX90
Q6VMQ6	Q5ZIE8
Q6VN20	F1NUL5
Q6VVB1	A0A8V0Y6U4
Q6VVX0	A0A8V0ZNX1
Q6VY07	A0A8V0Z6X8
Q6W2J9	A0A8V0XGB3
Q6W5P4	A0A1D5PKZ0
Q6WBX8	A0A8V1AAV1
Q6WCQ1	A0A8V0ZS46
Q6WKZ4	A0A3Q2U8V0
Q6WN34	A0A8V0XD57
Q6WRI0	A0A8V0X9B4
Q6X4W1	A0A8V1AG40
Q6X784	Q6PVW7
Q6XD76	A0A8V0YSP7
Q6XE24	A0A3Q2U0I8
Q6XPR3	A0A8V1AA76
Q6XQN6	A0A8V0Y6N9
Q6XR72	A0A8V0Z3A6
Q6XYQ8	E1C2V4
Q6XZF7	A0A8V0ZUM6
Q6Y288	A0A8V0XWD7
Q6Y2X3	A0A8V0X5K4
Q6Y7W6	A0A8V0ZQ70
Q6YBV0	A0A8V0Y1R5
Q6YHK3	A0A8V0X5U5
Q6YI46	A0A8V0YBI2
Q6YN16	A0A8V0XTZ1
Q6YP21	A0A8V0ZT89
Q6ZMB0	A0A8V1ACG2
Q6ZMB5	A0A8V0Z4G7
Q6ZMC9	A0A8V0YGG9
Q6ZMD2	A0A8V1AK80
Q6ZMG9	A0A8V1AA73
Q6ZMI3	A0A8V0ZR06
Q6ZMJ2	A0A8V0Y612
Q6ZMJ4	A0A8V0ZYG1
Q6ZMM2	A0A8V1A9A6
Q6ZMN7	A0A8V0XDD9
Q6ZMP0	A0A8V0ZPT8
Q6ZMQ8	A0A8V1AIY7
Q6ZMT4	A0A8V0YJ28
Q6ZMT9	A0A8V0YR69
Q6ZMV7	A0A8V0XBJ4
Q6ZMV9	A0A8V0Z626
Q6ZMW3	A0A8V0Z4H3
Q6ZMY6	A0A8V1A2X3
Q6ZMZ0	A0A8V0Z2Y9
Q6ZMZ3	A0A8V0Z625
Q6ZN04	A0A8V0Z344
Q6ZN16	F1NKW3
Q6ZN17	Q45KJ4
Q6ZN18	A0A1D5PMP0
Q6ZN28	A0A8V0XL98
Q6ZN30	A0A8V0YW95
Q6ZN32	A0A8V1AAM5
Q6ZN44	A0A8V0YBG7
Q6ZN54	A0A8V0Y0K9
Q6ZNA4	A0A8V0ZQL6
Q6ZNA5	A0A8V0ZZD8
Q6ZNB5	A0A8V0XCR3
Q6ZNB6	E1C027
Q6ZNB7	A0A8V0XN32
Q6ZNC4	A0A8V0XJZ7
Q6ZNC8	A0A8V0XMQ6
Q6ZNE5	A0A8V0Z7V6
Q6ZNE9	A0A8V0Z3C4
Q6ZNG2	A0A8V0YLR7
Q6ZNI0	A0A8V0YL52
Q6ZNL6	E1BQN2
Q6ZNW5	A0A8V0WZD0
Q6ZNX1	A0A1D5P227
Q6ZP65	A0A8V0ZG74
Q6ZP82	A0A8V1AAT3
Q6ZPD9	A0A8V1A6I1
Q6ZQN7	R4GGA2
Q6ZQR2	A0A8V1AHQ7
Q6ZQT0	A0A8V0X2Z1
Q6ZQW0	A0A8V0YWD2
Q6ZQX7	A0A8V0XUW4
Q6ZQY2	A0A8V0X2Z0
Q6ZQY3	A0A8V0XFE3
Q6ZR37	F1P129
Q6ZRC1	A0A8V0YHI8
Q6ZRF8	A0A8V0Z8Y1
Q6ZRI0	A0A8V0ZZC7
Q6ZRI6	A0A8V0ZNN1
Q6ZRK6	A0A8V0ZU69
Q6ZRP7	A0A8V1AD29
Q6ZRR5	A0A8V0ZZI2
Q6ZRR7	A0A8V0Z0L5
Q6ZRS4	A0A8V0ZBR3
Q6ZRV2	A0A1D5PUM9
Q6ZS17	A0A8V0ZQV7
Q6ZS30	A0A8V0ZGM1
Q6ZS81	A0A8V0Z5Y1
Q6ZS86	Q5ZMJ4
Q6ZSA7	A0A8V1ADF3
Q6ZSB9	A0A8V0Y0T6
Q6ZSC3	A0A8V0Y359
Q6ZSG1	A0A1D5P3M7
Q6ZSG2	A0A8V0XGF6
Q6ZSJ9	A0A8V1AQ31
Q6ZSM3	A0A8V0YYG2
Q6ZSS7	A0A8V0YAM6
Q6ZSZ6	E1BWB0
Q6ZT07	A0A8V0Y9S4
Q6ZT12	A0A8V0ZWM5
Q6ZT21	A0A3Q3AK07
Q6ZT52	A0A8V0ZKZ4
Q6ZT89	A0A8V0YHC6
Q6ZT98	A0A8V0ZHC1
Q6ZTA4	A0A8V0XU70
Q6ZTI6	A0A8V0ZYZ5
Q6ZTN6	A0A8V0ZWK6
Q6ZTQ3	E1BV82
Q6ZTQ4	A0A8V0Y4T8
Q6ZTR5	A0A8V0X8Z6
Q6ZTW0	A0A1L1S0C9
Q6ZTZ1	A0A8V0YP09
Q6ZU35	A0A8V0YJ86
Q6ZU52	A0A8V0XKU2
Q6ZU65	A0A8V0YAW5
Q6ZU67	A0A8V0YYU8
Q6ZU80	A0A8V0XJI2
Q6ZUG5	A0A8V1AIG5
Q6ZUJ8	Q9DDT2
Q6ZUK4	A0A8V0Y2J7
Q6ZUM4	A0A8V0ZVG3
Q6ZUS6	A0A8V0YBX6
Q6ZUT1	A0A8V1A942
Q6ZUT3	A0A8V0Z1J8
Q6ZUT6	A0A8V0ZWI9
Q6ZUT9	A0A3Q2UHC2
Q6ZUX3	A0A8V0Z297
Q6ZUX7	E1BVB5
Q6ZV29	A0A8V1AG25
Q6ZV50	A0A8V0YKD9
Q6ZV73	A0A8V0YCC0
Q6ZV89	A0A8V0ZNL1
Q6ZVD7	A0A8V0ZUP1
Q6ZVD8	A0A8V0XYE1
Q6ZVF9	A0A8V0XTA7
Q6ZVK1	A0A8V0Z016
Q6ZVL6	A0A8V0ZIP1
Q6ZVM7	A0A3Q2TXR5
Q6ZVN8	A0A8V1AF02
Q6ZVT0	A0A8V0ZJ56
Q6ZVT6	A0A8V0ZGJ0
Q6ZVW7	A0A8V0XVL9
Q6ZVX9	A0A8V0YLY6
Q6ZVZ8	A0A8V0YER8
Q6ZW05	A0A8V0XTZ5
Q6ZW31	A0A3Q2UAW2
Q6ZW49	A0A8V1A214
Q6ZW61	A0A8V0XIW8
Q6ZW76	A0A8V0YPH2
Q6ZWB6	F1NX81
Q6ZWE6	A0A8V1A4M8
Q6ZWH5	A0A8V0XG80
Q6ZWJ1	A0A8V1AMR1
Q6ZWK4	A0A8V1A9L9
Q6ZWL3	A0A8V0YT74
Q6ZXV5	A0A8V0YHU3
Q709C8	A0A8V1A109
Q70CQ1	A0A8V1AB95
Q70CQ2	A0A3Q2TX44
Q70CQ3	A0A8V0ZJW5
Q70CQ4	F1NW53
Q70E73	A0A8V0ZLF0
Q70EK8	E1BSS2
Q70EL1	A0A8V0ZBM3
Q70EL2	A0A8V0XNQ3
Q70EL4	A0A8V1ANZ1
Q70HW3	A0A8V0Z3J1
Q70IA6	A0A1D5P6C3
Q70IA8	R4GHU8
Q70J99	A0A8V1AQ62
Q70JA7	A0A8V0YBC7
Q70SY1	A0A8V0YLI2
Q70UQ0	A0A8V0Y9M8
Q70YC5	A0A8V0Y3Z0
Q70Z35	A0A8V0XJ59
Q70Z53	A0A8V0ZE47
Q711Q0	R4GL39
Q712K3	R4GIV8
Q719H9	A0A8V0XUW1
Q719I0	E1BSW0
Q71DI3	P84229
Q71F56	A0A8V0X7H1
Q71H61	A0A8V0XYT5
Q71RC2	A0A8V0ZQM9
Q71RC9	E1C7Q5
Q71RS6	A0A8V0Z5G2
Q71SY5	A0A8V0WZQ3
Q71UI9	P02272
Q71UM5	A0A3Q2TV39
Q75QN2	A0A8V0YFE2
Q75T13	A0A8V0YFX7
Q75V66	A0A8V0Z6Y8
Q75VX8	A0A8V0Y487
Q765I0	A0A8V0YQH0
Q765P7	A0A8V0ZYB2
Q76B58	A0A1D5NVI6
Q76FK4	A0A8V1A7W3
Q76I76	A0A8V1ANF4
Q76KP1	A0A8V0ZM09
Q76LX8	A0A8V1AFS9
Q76N32	A0A8V0Z3H1
Q76N89	A0A1D5P3S1
Q76NI1	A0A8V0ZKV5
Q7KZ85	A0A8V1AIS5
Q7KZN9	F1NMU0
Q7L014	E1BSC0
Q7L099	A0A8V0XNK5
Q7L0J3	A0A3Q2TS04
Q7L0Q8	A0A8V0XZ93
Q7L0R7	R4GIU9
Q7L0X0	A0A8V0X9Q1
Q7L0X2	A0A8V0X9E4
Q7L0Y3	F1NMQ4
Q7L1I2	A0A1D5PW37
Q7L1S5	F1NIN6
Q7L1T6	A0A8V0X9V6
Q7L1W4	E1BYZ5
Q7L211	Q5ZJL8
Q7L266	F1P5N7
Q7L273	A0A8V0Z1V4
Q7L2H7	Q5ZJ64
Q7L2K0	A0A8V0Z984
Q7L3B6	F1NH83
Q7L3T8	A0A8V0ZXU5
Q7L4E1	A0A8V1AHD1
Q7L4I2	A0A8V0ZY10
Q7L4P6	A0A3Q3AUN0
Q7L523	A0A8V0YF42
Q7L576	E1BW56
Q7L590	A0A8V0XL04
Q7L591	A3R064
Q7L592	A0A8V0XS06
Q7L5A3	A0A8V0YA58
Q7L5A8	A0A8V0ZSI7
Q7L5N7	A0A8V1A6T0
Q7L5Y6	F1NZA5
Q7L5Y9	Q5F398
Q7L7V1	A0A8V0X655
Q7L7X3	E1BYH2
Q7L804	E1BT89
Q7L8A9	A0A8V0XS65
Q7L8C5	A0A8V0ZM10
Q7L8L6	A0A8V0YX29
Q7L8W6	A0A8V0XTU5
Q7L985	A0A8V0XM05
Q7L9B9	A0A8V0Z915
Q7L9L4	A0A8V0XCH7
Q7LBC6	A0A8V0YN65
Q7LBE3	E1C2B7
Q7LBR1	Q5ZKX1
Q7LC44	Q8AWC3
Q7LFL8	F1NCW6
Q7LFX5	A0A8V0XD49
Q7LG56	A0A8V0YJX1
Q7LGA3	Q76KB1
Q7M4L6	A0A8V0ZMF8
Q7RTM1	A0A8V0XZI6
Q7RTN6	F1NL91
Q7RTP0	A0A8V0XG22
Q7RTP6	A0A8V0YI48
Q7RTR2	A0A8V0YXG8
Q7RTS1	A0A1D5PAK7
Q7RTS3	R4GH07
Q7RTS5	A0A8V1AEM0
Q7RTS6	A0A8V1ANB3
Q7RTS9	Q5ZLW3
Q7RTT9	A0A8V0ZP55
Q7RTU0	A0A8V0XN81
Q7RTU3	A0A8V0XQH1
Q7RTU4	A0A8V1AKU2
Q7RTV0	E1BV20
Q7RTV3	F1NYF7
Q7RTV5	F1NPK3
Q7RTW8	A0A8V0ZG49
Q7RTX0	A0A8V0Z481
Q7RTX1	A0A8V0Z8S7
Q7RTX9	E1C1Q8
Q7RTY0	A0A8V0XBE7
Q7RTY8	A0A8V0XK34
Q7RTZ1	A0A8V0ZIX6
Q7Z2D5	A0A8V0ZZT0
Q7Z2H8	A0A1D5NUH4
Q7Z2K6	A0A8V0YPC4
Q7Z2Q7	A0A8V0YC29
Q7Z2T5	A0A8V0ZPD7
Q7Z2W7	A0A8V0YNB4
Q7Z2W9	A0A8V0ZYL7
Q7Z2X4	A0A8V0ZLN9
Q7Z2Y8	A0A8V0Y6R0
Q7Z2Z1	A0A8V0ZIL1
Q7Z2Z2	F1NZK8
Q7Z304	A0A8V0YQA8
Q7Z333	A0A8V1AFJ7
Q7Z388	A0A8V0YM27
Q7Z3B0	Q5F409
Q7Z3B1	Q9W6V2
Q7Z3B3	A0A3Q2UI25
Q7Z3B4	F1NZ34
Q7Z3C6	E1BVB2
Q7Z3D6	A0A8V0ZA89
Q7Z3E1	A0A8V0X8V3
Q7Z3E2	A0A8V0ZN75
Q7Z3E5	A0A8V0YTZ6
Q7Z3F1	A0A8V0ZRG9
Q7Z3G6	A0A8V0ZDQ5
Q7Z3H4	A0A8V0YRB2
Q7Z3J2	A0A8V0YX79
Q7Z3K3	A0A8V1AGU2
Q7Z3S7	A0A8V0YMA3
Q7Z3T8	A0A8V0Y068
Q7Z3U7	A0A8V0YL88
Q7Z3V4	A0A8V0ZKK3
Q7Z3Z2	A0A8V0Z806
Q7Z401	A0A8V0Z3U9
Q7Z403	A0A8V1AJN9
Q7Z407	A0A8V0XYI4
Q7Z410	A0A8V1A8E4
Q7Z412	A0A8V0YG62
Q7Z417	A0A8V1AEP6
Q7Z418	A0A8V0ZPW1
Q7Z419	A0A8V0Y0Q2
Q7Z422	Q5ZK25
Q7Z434	A0A8V0YWE2
Q7Z442	A0A8V0Y2B8
Q7Z449	A0A8V0XVG3
Q7Z460	A0A8V0ZK56
Q7Z478	A0A8V0YU49
Q7Z494	A0A8V0Z9P8
Q7Z4G1	A0A8V0X6G5
Q7Z4H3	A0A1L1RPZ3
Q7Z4H4	A0A8V0XY69
Q7Z4H7	A0A8V0YWI3
Q7Z4H8	A0A8V0XLF0
Q7Z4I7	A0A8V0ZQ85
Q7Z4L5	A0A8V1A5N5
Q7Z4L9	A0A1D5PTQ4
Q7Z4M0	A0A8V0ZDR7
Q7Z4N2	A0A8V1A1W4
Q7Z4N8	A0A8V0XAP1
Q7Z4Q2	A0A8V1A4L3
Q7Z4S6	A0A8V0Y4T0
Q7Z4T9	A0A8V1A3Y6
Q7Z4V0	A0A8V0XM99
Q7Z4V5	A0A8V1A7X4
Q7Z553	A0A8V0Z888
Q7Z569	A0A8V0ZZ54
Q7Z570	A0A8V0YSD3
Q7Z589	A0A8V0XET2
Q7Z591	A0A8V1AFZ7
Q7Z5A7	A0A8V0Y305
Q7Z5A9	A0A8V0ZAV8
Q7Z5B4	A0A8V0ZE19
Q7Z5G4	Q5ZLC9
Q7Z5H3	A0A8V0ZKY2
Q7Z5J4	A0A8V0Z8U7
Q7Z5K2	A0A8V0Y6K3
Q7Z5L0	P41366
Q7Z5L2	A0A8V0Z314
Q7Z5L3	A0A1D5PB05
Q7Z5L7	A0A8V1A5Z6
Q7Z5L9	A0A8V0XZF3
Q7Z5Q1	A0A8V0Y7I2
Q7Z5Q5	A0A8V0Z9E4
Q7Z5S9	A0A8V0Y5J3
Q7Z5U6	A0A8V0ZZZ2
Q7Z5W3	A0A8V0ZRH0
Q7Z5Y7	A0A8V0ZZ55
Q7Z601	H9L338
Q7Z602	A0A8V0YXF8
Q7Z614	A0A8V0ZSH7
Q7Z624	A0A8V0ZDJ1
Q7Z628	A0A8V0XRJ2
Q7Z695	F1P1M5
Q7Z698	A0A8V0Z9R5
Q7Z699	A0A3Q2U2F6
Q7Z6B0	A0A8V0ZMP6
Q7Z6B7	A0A8V0YF03
Q7Z6E9	A0A8V0YVP3
Q7Z6G3	A0A8V1A1Z9
Q7Z6G8	A0A8V0YVH8
Q7Z6I6	A0A8V1AGK1
Q7Z6I8	A0A8V0YCG8
Q7Z6J0	A0A8V0XTY5
Q7Z6J2	A0A8V1A536
Q7Z6J6	A0A1D5PU93
Q7Z6J8	A0A8V0XJC4
Q7Z6J9	A0A8V1AEY4
Q7Z6K3	A0A8V0YX03
Q7Z6K4	A0A8V1A8V5
Q7Z6L0	A0A8V1AK82
Q7Z6M2	F1NBR9
Q7Z6M3	A0A8V1AJM2
Q7Z6M4	A0A8V1A7J1
Q7Z6P3	A0A8V1A3R6
Q7Z6R9	E1C135
Q7Z6V5	F1P565
Q7Z6Z7	A0A8V0X7N6
Q7Z739	A0A8V0XFA0
Q7Z769	F1NGX8
Q7Z7A1	A0A8V1A9Y6
Q7Z7A4	A0A3Q2U3Q2
Q7Z7B0	A0A8V0XMV6
Q7Z7B1	A0A8V1AB48
Q7Z7C7	A0A8V0Y496
Q7Z7C8	R4GIW1
Q7Z7D3	A0A8V0ZRJ0
Q7Z7E8	A0A1D5NVE2
Q7Z7F7	A0A8V1A7N7
Q7Z7G0	A0A8V0XQQ2
Q7Z7G1	A0A8V0XXX7
Q7Z7G2	A0A8V0Y5C1
Q7Z7G8	A0A8V0YH92
Q7Z7H3	A0A8V0Z9J4
Q7Z7H8	A0A8V0ZP71
Q7Z7J7	A0A8V0ZJV6
Q7Z7K0	A0A8V0XHF8
Q7Z7K2	A0A8V1AFG7
Q7Z7K6	A0A8V1AF07
Q7Z7L7	F1NI66
Q7Z7M1	A0A8V1AM49
Q86SE5	A0A8V0YCL1
Q86SE8	A0A8V0ZE01
Q86SE9	E1BYN8
Q86SF2	A0A1D5PJE0
Q86SG6	A0A3Q2UF44
Q86SH2	A0A8V0Z3Y7
Q86SJ2	A0A8V0YUJ7
Q86SK9	A0A8V0XKU3
Q86SQ0	A0A8V0XPF2
Q86SQ4	F1P1B2
Q86SQ7	A0A8V0XTJ0
Q86SQ9	A0A1D5P0D0
Q86SR1	A0A8V0YXF6
Q86SS6	A0A8V0ZQK4
Q86SU0	A0A8V0XP71
Q86SX3	A0A8V0YQF6
Q86SX6	Q5ZK23
Q86SZ2	A0A8V0XSI5
Q86T03	A0A8V0X4G1
Q86T13	A0A8V0XKL8
Q86T20	R4GI71
Q86T24	A0A8V0YNX0
Q86T90	A0A8V0Y9M3
Q86T96	A0A3Q2U4J1
Q86TA1	A0A8V0XYI8
Q86TB3	A0A8V0YDH4
Q86TB9	A0A8V0ZKB8
Q86TC9	A0A8V0ZK51
Q86TE4	A0A1D5NYL9
Q86TG1	E1C9H3
Q86TH1	A0A8V1AAG2
Q86TI2	A0A3Q2U8J3
Q86TI4	A0A1D5NUP4
Q86TJ2	A0A8V0YAD3
Q86TL2	A0A8V1AJ85
Q86TM6	A0A8V0XAL1
Q86TN4	A0A8V0X328
Q86TP1	A0A8V1A9L3
Q86TS9	A0A8V0XMD7
Q86TU7	Q5ZML9
Q86TV6	A0A8V0Z2W6
Q86TY3	A0A8V0Z895
Q86U02	A0A8V0XRV9
Q86U10	A0A8V0YWN3
Q86U28	A0A8V0XJP4
Q86U44	A0A8V0XKP3
Q86U70	O42252
Q86U90	A0A8V0YIR7
Q86UA1	A0A3Q2U6Y4
Q86UA6	A0A8V1AMS6
Q86UB2	A0A8V0XRE2
Q86UB9	A0A8V0XPC3
Q86UC2	A0A8V0XMF5
Q86UD0	A0A8V1A5M7
Q86UD1	Q71SY6
Q86UD3	R4GIT3
Q86UD5	A0A8V0YS03
Q86UE4	A0A8V0YA02
Q86UE6	A0A8V0YXK3
Q86UE8	A0A3Q2TUS7
Q86UK0	A0A8V0YD72
Q86UK5	A0A8V0YCE0
Q86UK7	A0A8V0YZ50
Q86UL3	A0A3Q2TVG7
Q86UL8	A0A8V0Y088
Q86UN2	A0A8V1ACR7
Q86UN3	A0A8V1AB07
Q86UN6	A0A8V0YHM4
Q86UP6	A0A8V0X6T3
Q86UP9	A0A8V0YCG0
Q86UQ4	A0A8V0X0K1
Q86UR5	A0A8V0XA02
Q86US8	A0A8V1AM23
Q86UT5	A0A8V1A010
Q86UT6	A0A8V0ZYD5
Q86UT8	A0A8V1A095
Q86UU0	A0A8V1A080
Q86UU1	A0A8V1A0Q2
Q86UW1	A0A8V0YX82
Q86UW6	A0A8V0YUT0
Q86UW7	A0A8V0X3E2
Q86UW8	A0A8V1A8F8
Q86UW9	A0A3Q2TTJ2
Q86UX2	A0A8V0XQ82
Q86UX6	A0A8V0XBZ0
Q86UY5	A0A8V0XYF7
Q86UY6	A0A8V0X0B7
Q86UY8	A0A1D5PNR2
Q86UZ6	A0A3Q2U2W3
Q86V15	A0A8V0ZJ27
Q86V20	A0A8V0YE94
Q86V24	Q5ZMH3
Q86V25	A0A3Q2UCE7
Q86V35	A0A8V0X2Q4
Q86V40	A0A8V0YH73
Q86V42	A0A1D5NXK4
Q86V48	A0A8V0YPS1
Q86V81	E1C2L5
Q86V85	A0A8V0XNV0
Q86V86	E1BY69
Q86VD7	A0A8V1AHP8
Q86VD9	A0A8V0YT69
Q86VE9	A0A8V0Y579
Q86VF2	A0A8V1A3L4
Q86VF7	F1NKU9
Q86VG3	A0A8V1A6Q0
Q86VH2	A0A3Q2U8W8
Q86VH4	F1NP47
Q86VH5	A0A8V0XWT5
Q86VI1	A0A8V0ZNV3
Q86VI4	A0A8V0YBJ6
Q86VK4	A0A1D5PH29
Q86VM9	A0A8V0XY26
Q86VN1	A0A8V0XGX8
Q86VP1	A0A8V0XBD0
Q86VP3	A0A8V0YR97
Q86VP6	F1NHL2
Q86VQ0	E1BQB4
Q86VQ1	A0A8V0XML1
Q86VQ6	A0A8V0ZNY0
Q86VR2	A0A3Q2UKZ0
Q86VR8	S4VGQ1
Q86VS3	A0A8V0Z6F7
Q86VS8	A0A8V0Y7B7
Q86VU5	A0A8V0ZMG3
Q86VV4	A0A8V0YN22
Q86VV8	A0A8V0X6Y5
Q86VW0	A0A1L1RW10
Q86VW1	A0A8V0YNZ3
Q86VX2	A0A8V0YMD9
Q86VY9	E1BT36
Q86VZ1	Q5ZI82
Q86VZ4	A0A8V0XMB0
Q86VZ6	A0A1D5PFG7
Q86W42	A0A8V0XD98
Q86W47	A0A8V0YB62
Q86W56	A0A8V0YA90
Q86W74	A0A8V0Y4I1
Q86W92	A0A8V0YIL8
Q86WA6	A0A8V0Y974
Q86WA8	A0A8V0ZRI7
Q86WA9	A0A8V1AC26
Q86WB0	A0A8V0XQU1
Q86WC4	Q5ZMW4
Q86WG3	A0A8V1ADE7
Q86WG5	A0A8V0ZNP8
Q86WH2	A0A8V0YHN5
Q86WI3	A0A8V0ZG98
Q86WJ1	A0A8V1A5B5
Q86WK7	A0A8V1AI19
Q86WK9	A0A8V0YT23
Q86WN1	A0A3Q2UHN7
Q86WP2	A0A8V0YT26
Q86WQ0	A0A8V1AKE0
Q86WR0	A0A8V0Y040
Q86WR7	A0A8V0XN11
Q86WS4	A0A8V0XY71
Q86WS5	A0A8V0ZPI0
Q86WT6	A0A8V0YXT2
Q86WU2	A0A8V1ABV3
Q86WV1	A0A8V0ZCY8
Q86WV5	A0A8V1ANP2
Q86WW8	A0A8V0YUT3
Q86X02	R4GIU8
Q86X10	R4GK99
Q86X24	A0A8V1AK25
Q86X27	Q5ZJK0
Q86X40	A0A1L1RPT5
Q86X45	A0A8V0Y682
Q86X52	A0A8V0Z8G8
Q86X53	A0A8V0XA59
Q86X67	A0A8V0ZBU5
Q86X83	A0A8V0X6P7
Q86X95	Q5ZI03
Q86XA0	A0A8V1ACK3
Q86XA9	A0A8V0XMK3
Q86XD5	A0A8V1A2M5
Q86XD8	A0A8V0ZNH4
Q86XE3	A0A1D5PEC4
Q86XE5	A0A8V0ZFA8
Q86XI2	A0A8V0ZVW2
Q86XI6	A0A8V0XCG3
Q86XJ0	A0A8V0ZGF7
Q86XJ1	R4GGB8
Q86XK2	A0A8V0YWG2
Q86XL3	A0A8V0ZAD6
Q86XN7	F1P589
Q86XN8	A0A8V1A5N7
Q86XP1	A0A8V0X8Y2
Q86XP6	A0A1D5PFM9
Q86XR5	B9VWG2
Q86XR7	A0FKC7
Q86XR8	A0A8V0XT96
Q86XS5	E1C2K8
Q86XS8	A0A8V0YRM6
Q86XT2	A0A8V1AIQ2
Q86XT4	A0A8V1AML5
Q86XX4	A0A8V0XS21
Q86XZ4	A0A8V0ZTB3
Q86Y01	A0A8V0X556
Q86Y07	A0A8V0Z124
Q86Y22	A0A8V0YSW8
Q86Y33	A0A8V0YJR0
Q86Y34	A0A8V0ZXQ2
Q86Y37	Q5ZMM9
Q86Y39	A0A8V1AFI6
Q86Y56	A0A8V0ZGV1
Q86Y78	A0A8V0Y4C4
Q86Y82	A0A8V0YR83
Q86YA3	A0A8V0XMP8
Q86YB7	F1NSS6
Q86YB8	A0A8V0Y127
Q86YC2	F1NAU2
Q86YC3	A0A8V1A265
Q86YD5	A0A8V1A413
Q86YF9	A0A3Q3B1Q5
Q86YH6	U3M6H4
Q86YI8	A0A8V0Z8K9
Q86YJ6	A0A8V0YWS1
Q86YJ7	A0A8V1AK43
Q86YL5	A0A1D5NYN9
Q86YL7	A0A1D5PGY5
Q86YM7	A0A1D5PU34
Q86YN1	A0A8V1AF52
Q86YN6	A0A8V0XSK2
Q86YP4	A0A1D5PFQ6
Q86YQ8	F1NGI7
Q86YR5	A0A8V1AHY6
Q86YS3	A0A8V1APB7
Q86YS6	A0A8V1AE09
Q86YS7	A0A8V0YW71
Q86YT6	A0A8V0XF10
Q86YT9	A0A8V1A1E9
Q86YV0	A0A8V0XAM2
Q86YV5	A0A8V0X8J8
Q86YV6	A0A8V0YIL0
Q86YV9	E1C2Y8
Q86YW0	Q2VRL0
Q86YW7	R4GK45
Q86YW9	A0A8V0X6N7
Q86Z02	E1BW82
Q86Z14	A0A8V0Z2L0
Q86Z20	A0A8V0XSG7
Q86Z23	A0A8V0ZX27
Q8HWS3	A0A8V0YF66
Q8IU57	K9JA28
Q8IU60	A0A8V0XZ75
Q8IU80	A0A8V0YPR8
Q8IU85	A0A8V0XKR3
Q8IU89	A0A8V0Z8I2
Q8IU99	A0A8V0ZGE7
Q8IUB2	A0A8V0YTD7
Q8IUD2	E1BQR7
Q8IUF8	A0A8V0XS76
Q8IUG5	A0A8V0ZBF6
Q8IUH2	A0A3Q2U8T7
Q8IUH3	A0A8V0ZY00
Q8IUH4	A0A8V0ZFK7
Q8IUH5	A0A8V0YMN9
Q8IUI8	A0A8V1ADY2
Q8IUK5	A0A8V1A8Q4
Q8IUK8	A0A8V0XAD0
Q8IUL8	A0A8V1AIZ2
Q8IUM7	A0A8V0Z053
Q8IUQ0	A0A8V0XF18
Q8IUQ4	F1P2G0
Q8IUR0	Q5F359
Q8IUR5	A0A8V0YE60
Q8IUR6	A0A8V0XWM0
Q8IUR7	A0A8V0ZS10
Q8IUS5	E1C694
Q8IUX7	A0A8V0ZA46
Q8IUX8	A0A8V0XDG0
Q8IUY3	A0A8V0ZHG5
Q8IUZ0	A0A8V0ZRF5
Q8IUZ5	A0A8V0YK70
Q8IV01	A0A8V0ZQC5
Q8IV03	A0A8V0YWL9
Q8IV08	A0A8V0Y661
Q8IV13	A0A8V0Y2E6
Q8IV20	A0A8V0XGG6
Q8IV32	A0A8V0ZSV6
Q8IV33	A0A8V0YE46
Q8IV36	A0A8V1AJW8
Q8IV42	A0A8V0XA33
Q8IV48	A0A8V0XCA0
Q8IV50	E1C5Q2
Q8IV61	A0A3S5ZPR1
Q8IV63	A0A8V0Z9B7
Q8IV77	A0A8V0X2U3
Q8IVB4	A0A8V0YVM6
Q8IVB5	A0A8V1ADQ4
Q8IVD9	A0A8V0Z8F9
Q8IVE3	A0A8V0ZK98
Q8IVF2	A0A8V0ZIT5
Q8IVF4	A0A8V1A6M2
Q8IVF5	A0A1D5PML9
Q8IVH2	A0A8V1AFE6
Q8IVH4	A0A8V0XVE2
Q8IVH8	A0A8V0YTR2
Q8IVJ1	E1C334
Q8IVL0	A0A8V0YKX1
Q8IVL1	A0A8V0ZBW3
Q8IVL6	A0A8V0ZW10
Q8IVL8	A0A8V1A6R8
Q8IVM0	Q5ZM86
Q8IVN3	Q76MS9
Q8IVN8	A0A8V0X7F1
Q8IVQ6	Q5F3P6
Q8IVS2	A0A1D5PZK7
Q8IVS8	A0A3Q2U5V7
Q8IVT5	A0A8V1AP60
Q8IVU1	A0A8V0Z3D6
Q8IVU9	A0A8V0Y2G8
Q8IVV2	A0A8V0Y7H2
Q8IVV7	A0A8V0Z3G6
Q8IVV8	A0A8V1A3Y7
Q8IVW6	A0A8V0ZNW6
Q8IVW8	A0A8V1ACY4
Q8IVY1	A0A8V0ZPA8
Q8IW00	A0A8V0Z6G3
Q8IW03	R4GKE1
Q8IW19	A0A8V0Z417
Q8IW35	A0A8V0XK50
Q8IW40	A0A8V0ZL78
Q8IW41	A0A8V1A4J8
Q8IW45	A0A8V0YHG3
Q8IW50	A0A8V0Y9Q4
Q8IW52	A0A8V0ZAZ0
Q8IW70	F1NC44
Q8IW92	A0A8V1A539
Q8IWA0	A0A8V0YHC2
Q8IWA4	A0A8V0ZCG3
Q8IWA6	A0A8V0ZMN7
Q8IWB1	A0A8V0ZI81
Q8IWB6	A0A8V1ANU2
Q8IWB7	F1NVZ1
Q8IWB9	A0A8V1AJJ1
Q8IWD4	F1N8K2
Q8IWE2	A0A8V0YQR5
Q8IWE4	E1BTK1
Q8IWE5	A0A8V0ZSY3
Q8IWF2	E1C6M2
Q8IWF9	A0A8V0Y4A2
Q8IWG1	A0A8V0ZEJ0
Q8IWI9	A0A8V0ZDP0
Q8IWJ2	A0A8V0YKB0
Q8IWK6	A0A8V0Y2M4
Q8IWL3	A0A8V1A242
Q8IWN7	A0A8V0YC42
Q8IWP9	E1BZ94
Q8IWQ3	A0A8V1A6P6
Q8IWR0	A0A8V0ZLR8
Q8IWR1	Q5ZMD4
Q8IWS0	A0A8V0YLN3
Q8IWT0	F1NMM3
Q8IWT1	A0A8V0ZVS6
Q8IWT6	E1BQK4
Q8IWU2	A0A8V0ZFM2
Q8IWU4	A0A1D5NY81
Q8IWU5	A0A8V0ZYN4
Q8IWU6	A0A8V0XCK3
Q8IWU9	A0A8V0YNZ0
Q8IWV2	A0A8V0ZEQ2
Q8IWV7	A0A8V0ZM17
Q8IWV8	A0A8V0Z730
Q8IWW6	A0A8V0XT34
Q8IWW8	A0A8V0XIF9
Q8IWX5	A0A8V0ZTE7
Q8IWX7	F1NVB3
Q8IWX8	A0A8V1AEL1
Q8IWY4	A0A8V0YFI3
Q8IWY9	A0A8V0ZAU4
Q8IWZ3	A0A8V0XYX9
Q8IWZ5	A0A8V1A257
Q8IWZ6	E1BXI4
Q8IWZ8	A0A8V1AGU6
Q8IX03	A0A8V0XRX3
Q8IX04	A0A8V1A5C6
Q8IX07	A0A8V0XXX3
Q8IX12	A0A8V0ZTK7
Q8IX18	A0A8V1AJ43
Q8IX21	A0A8V0Z0I7
Q8IX29	A0A8V0Y2D3
Q8IX30	A0A8V1AC12
Q8IX90	A0A8V0XP12
Q8IXB1	A0A8V0ZPK3
Q8IXF0	A0A8V0XQP3
Q8IXH6	A0A8V0ZJL5
Q8IXH7	Q5ZIQ8
Q8IXI2	Q5ZM73
Q8IXJ6	A0A8V0Y0X1
Q8IXJ9	A0A8V0YK20
Q8IXK0	A0A8V0YVZ7
Q8IXK2	A0A8V0XT35
Q8IXL6	A0A8V0ZU54
Q8IXL7	A0A8V0YEE8
Q8IXM2	A0A8V0X7E6
Q8IXM3	A0A3Q2UGE4
Q8IXQ4	A0A1D5PNN0
Q8IXQ6	A0A8V0ZDQ8
Q8IXQ9	A0A8V0Y1M4
Q8IXS2	A0A8V0ZIS3
Q8IXS8	A0A8V1A085
Q8IXT1	A0A8V0XYR8
Q8IXT5	Q5ZHZ9
Q8IXU6	A0A8V0XQY6
Q8IXV7	A0A8V0ZF49
Q8IXW5	A0A8V0ZMX1
Q8IXY8	A0A8V0YMU6
Q8IXZ2	A0A8V0Y2C5
Q8IY17	A0A8V0XA08
Q8IY22	A0A8V0XSP3
Q8IY26	A0A8V0YSP1
Q8IY31	A0A8V1ADP5
Q8IY33	A0A8V0ZAV0
Q8IY37	A0A8V0Z9G4
Q8IY42	A0A8V0YNY5
Q8IY45	A0A8V0Y1J4
Q8IY47	A0A1D5P5M0
Q8IY50	A0A8V0Y3J5
Q8IY57	A0A8V0XEM9
Q8IY63	A0A8V0XYG0
Q8IY82	A0A8V0ZJR0
Q8IY84	A0A8V0YNI5
Q8IY92	A0A8V0YNU3
Q8IY95	A0A8V0XZV1
Q8IYA6	A0A8V0Z799
Q8IYA7	A0A8V0XHT5
Q8IYA8	A0A8V0ZSQ8
Q8IYB1	E1C397
Q8IYB4	A0A8V0ZBW1
Q8IYB5	A0A8V0X320
Q8IYB7	A0A8V0Z2M1
Q8IYD1	A0A1D5PYQ3
Q8IYD2	A0A8V1A723
Q8IYE0	A0A8V0Y456
Q8IYE1	A0A8V1A911
Q8IYF3	A0A8V0Z725
Q8IYG6	A0A8V0ZYD3
Q8IYH5	F1NID3
Q8IYJ0	A0A8V0ZS61
Q8IYJ1	A0A8V0ZQZ0
Q8IYL2	A0A8V0YXQ6
Q8IYL3	F1P3V9
Q8IYL9	F1NJ83
Q8IYN6	A0A1D5P876
Q8IYP9	A0A8V0XVP6
Q8IYQ7	A0A8V0XEU1
Q8IYR0	A0A8V0XLH4
Q8IYR6	A0A8V0XS53
Q8IYS0	A0A8V0XYT1
Q8IYS1	A0A8V0XJ62
Q8IYS2	A0A8V0ZNR7
Q8IYS4	A0A8V0YXZ3
Q8IYT2	A0A6G9KCI8
Q8IYT3	A0A8V0XF44
Q8IYT4	A0A8V0Y9B4
Q8IYT8	A0A8V1AF73
Q8IYU2	E1C656
Q8IYU8	E1C179
Q8IYW5	A0A8V1A2A1
Q8IYX4	A0A8V0YFK6
Q8IYX7	A0A8V0YN14
Q8IZ02	A0A8V0Z4X2
Q8IZ07	A0A8V0ZT30
Q8IZ08	A0A3Q2TX29
Q8IZ41	A0A1D5P533
Q8IZ52	A0A8V0ZC44
Q8IZ57	A0A8V0XVS6
Q8IZ63	A0A8V1A9P2
Q8IZ69	A0A8V0ZM48
Q8IZ73	A0A8V0ZYZ4
Q8IZ81	A0A8V0Y585
Q8IZA0	A0A8V0YLA5
Q8IZA3	A0A8V0ZGC6
Q8IZC4	A0A8V0Y406
Q8IZC6	A0A8V1ABV6
Q8IZD0	A0A8V1A241
Q8IZD2	A0A8V0XZB7
Q8IZD4	A0A3Q2U9U1
Q8IZD6	A0A8V1A2S4
Q8IZD9	A0A8V1A7M9
Q8IZE3	A0A8V0YV48
Q8IZF0	E1BSL8
Q8IZF2	A0A8V0XZI4
Q8IZF3	A0A8V0Y061
Q8IZF4	A0A8V1A5B2
Q8IZH2	A0A8V0YLM3
Q8IZJ1	E1C228
Q8IZJ3	A0A8V1AFR7
Q8IZJ6	A0A8V0Y8P2
Q8IZK6	A0A8V0ZM58
Q8IZL2	A0A8V0Y1P9
Q8IZM8	A0A8V0XXG7
Q8IZM9	E1BXH7
Q8IZN3	A0A8V0XK73
Q8IZP9	A0A8V0XHP7
Q8IZQ1	A0A3Q2TTY6
Q8IZQ8	A0A8V1AQ12
Q8IZR5	F1P203
Q8IZS6	A0A8V0XK74
Q8IZS8	A0A8V1A5V8
Q8IZT6	A0A8V0Y0G6
Q8IZT8	R4GJI3
Q8IZU2	A0A8V0X9G5
Q8IZU3	A0A8V0YDD5
Q8IZU8	A0A8V0X5K6
Q8IZU9	A0A8V0ZZF6
Q8IZV2	A0A8V0XC72
Q8IZV5	A0A1D5PLZ3
Q8IZW8	A0A8V0ZWA2
Q8N0S6	Q1T7C0
Q8N0T1	A0A3Q2UIR7
Q8N0U2	A0A8V0ZQY9
Q8N0U4	A0A8V0Y2G3
Q8N0U8	F1P573
Q8N0V3	A0A8V0XXN1
Q8N0V4	A0A8V0Y5X7
Q8N0V5	A0A3Q2TYS4
Q8N0W3	A0A8V0ZU17
Q8N0W5	A0A8V0Z3R8
Q8N0W7	A0A1L1RKE8
Q8N0X2	A0A8V0YB98
Q8N0X4	A0A8V0XPS2
Q8N0X7	A0A8V0XY54
Q8N0Z2	A0A8V0YIY6
Q8N0Z3	A0A8V0ZIJ6
Q8N0Z8	A0A8V0Z5L6
Q8N0Z9	A0A8V0Z9T5
Q8N100	O57598
Q8N103	A0A8V0XV08
Q8N111	A0A8V0ZU72
Q8N122	A0A8V1AP32
Q8N126	A0A8V1A9X6
Q8N127	A0A8V0ZJH5
Q8N128	A0A8V0XZ25
Q8N131	A0A8V0XVH0
Q8N136	A0A8V0ZTP2
Q8N138	A0A8V1A656
Q8N142	A0A8V0Z059
Q8N157	A0A8V0XUA1
Q8N165	A0A8V0Z2E3
Q8N183	R4GHM9
Q8N187	A0A8V1A4F0
Q8N1A0	A0A8V0ZX31
Q8N1A6	A0A8V0XYF2
Q8N1B3	A0A8V0X1T3
Q8N1C3	A0A8V0YLH3
Q8N1D5	Q9YH28
Q8N1E6	A0A1D5PZ57
Q8N1F7	A0A8V1A4I4
Q8N1G0	A0A8V1ALB3
Q8N1G1	A0A8V1AIJ8
Q8N1G2	A0A8V0ZDM0
Q8N1G4	A0A8V0ZJ00
Q8N1H7	A0A8V0Z4J6
Q8N1I0	A0A8V0X4Z8
Q8N1I8	A0A8V1AHJ1
Q8N1K5	A0A8V0XQC5
Q8N1M1	E1C882
Q8N1P7	A0A8V0YR44
Q8N1Q1	A0A1D5NX31
Q8N1S5	A0A8V1ANV0
Q8N1T3	A0A8V0ZDA8
Q8N1W1	A0A8V0YEI5
Q8N201	A0A8V0Z496
Q8N228	A0A8V0YHS5
Q8N239	F1NN24
Q8N264	A0A8V0XM50
Q8N271	A0A1D5PPW2
Q8N2A8	A0A8V0ZEB2
Q8N2C7	A0A8V0Y4E1
Q8N2E2	A0A8V0XET8
Q8N2G4	A0A3Q2TUP5
Q8N2G6	R4GI53
Q8N2H4	A0A8V0ZLM3
Q8N2K1	A0A8V0YPW4
Q8N2M4	A0A8V0ZSW9
Q8N2Q7	D2X2H3
Q8N2R0	A0A8V0Y410
Q8N2R8	A0A1D5PHW0
Q8N2U9	A0A8V0Y171
Q8N2W9	A0A1D5P2D1
Q8N2Y8	A0A8V0XWK0
Q8N300	A0A3Q2TSN3
Q8N302	F1NWU4
Q8N309	A0A8V1AAF5
Q8N335	F1P0W8
Q8N336	A0A8V0XPZ2
Q8N344	A0A8V1ACI8
Q8N350	A0A8V1ABP0
Q8N357	A0A8V0Y0J7
Q8N365	A0A8V1ALE1
Q8N370	E1C4M9
Q8N371	A0A8V0YTT4
Q8N392	A0A1D5PSK2
Q8N394	A0A8V0YGG6
Q8N3A8	A0A8V0YG27
Q8N3C0	F1NTD6
Q8N3C7	A0A8V0Z3W6
Q8N3E9	A0A8V0ZUG3
Q8N3F0	A0A8V0Z572
Q8N3F8	A0A8V0Y126
Q8N3F9	F1NU49
Q8N3G9	F1NNB8
Q8N3H0	A0A8V0Y6C2
Q8N3J2	A0A8V0X8X1
Q8N3J5	F1P138
Q8N3J6	A0A8V0Y057
Q8N3K9	A0A8V0YFL5
Q8N3P4	A0A8V0ZSS0
Q8N3R3	A0A8V0YV39
Q8N3R9	E1C3F8
Q8N3T1	A0A8V0X8G3
Q8N3T6	A0A8V0ZM26
Q8N3U4	A0A8V0YJI9
Q8N3X1	A0A8V0ZE93
Q8N3Y1	F1NDZ6
Q8N3Y7	A0A8V0XIB1
Q8N3Z0	A0A8V0XEY5
Q8N3Z3	A0A8V0XM63
Q8N3Z6	A0A8V0X767
Q8N414	A0A1D5P057
Q8N427	A0A1D5PUV4
Q8N428	A0A8V0Z6S1
Q8N431	A0A8V0YTK1
Q8N434	A0A8V0YJ78
Q8N436	A0A8V0XDI9
Q8N442	A0A8V0YFJ1
Q8N448	A0A3Q2UPM4
Q8N456	A0A3Q2TTF6
Q8N461	A0A8V0Z710
Q8N465	A0A8V1A0H3
Q8N468	F1NRT0
Q8N475	A0A1D5PJN7
Q8N485	Q8UVV7
Q8N488	A0A8V0Z9S1
Q8N490	A0A8V0Z312
Q8N4B4	A0A8V1AN15
Q8N4B5	A0A8V0XWB4
Q8N4C6	A0A8V0ZH33
Q8N4C7	E1C6K1
Q8N4E4	A0A8V0YJU0
Q8N4G2	A0A1D5P0L5
Q8N4H5	A0A8V0X9V5
Q8N4J0	F1N9S8
Q8N4K4	A0A1D5P5D7
Q8N4L2	A0A8V0Y396
Q8N4M1	A0A8V0ZFF4
Q8N4N3	A0A8V0Y1D4
Q8N4P3	A0A8V0X4C9
Q8N4P6	A0A8V1AFY7
Q8N4Q0	A0A8V0X9H6
Q8N4Q1	A0A8V0ZPI7
Q8N4S0	A0A8V0Y1N1
Q8N4S9	A0A8V0Y5U6
Q8N4T0	A0A8V0XC63
Q8N4T4	F1NHV7
Q8N4T8	A0A8V0XZX3
Q8N4U5	A0A8V0YF55
Q8N4V1	A0A8V0YWQ1
Q8N4V2	A0A1D5NXA5
Q8N4W6	A0A8V0ZRD2
Q8N4X5	A0A8V0ZHZ4
Q8N4Y2	A0A8V0ZRF4
Q8N511	A0A8V1ANL7
Q8N539	A0A8V1AH48
Q8N543	F1NBM0
Q8N554	F1NLX3
Q8N556	Q90738
Q8N565	A0A8V0YFN1
Q8N567	A0A8V0XZQ3
Q8N568	A0A1D5PMG2
Q8N573	A0A8V0YI40
Q8N584	A0A8V0XF49
Q8N594	A0A8V1A2S0
Q8N5A5	A0A8V1A871
Q8N5B7	A0A8V0ZL85
Q8N5C1	Q5F482
Q8N5C6	A0A8V0YZG8
Q8N5C7	A0A3Q2U7Z9
Q8N5C8	E1BU29
Q8N5D0	A0A3Q2UEB8
Q8N5G0	A0A8V0Y6S2
Q8N5G2	A0A8V0YSS9
Q8N5H7	A0A8V1AM75
Q8N5I2	A0A8V1AFC8
Q8N5I4	A0A8V0X591
Q8N5I9	A0A8V0YE88
Q8N5J4	A0A8V0Y424
Q8N5K1	A0A8V0YYL6
Q8N5L8	A0A8V0Y2F2
Q8N5M1	E1BUZ7
Q8N5M9	A0A1D5P4Q8
Q8N5N7	Q5ZLC1
Q8N5R6	A0A8V0ZH18
Q8N5S3	A0A8V0YYN5
Q8N5S9	A0A8V1AMQ2
Q8N5T2	A0A8V0YEM4
Q8N5U1	A0A8V0ZD10
Q8N5U6	A0A8V0ZTB6
Q8N5V2	A0A8V0ZQH2
Q8N5W9	A0A8V1AKR1
Q8N5X7	F7BFT4
Q8N5Y2	A0A1D5PS75
Q8N5Y8	A0A8V0Z4H7
Q8N5Z0	A0A8V0Y225
Q8N5Z5	A0A8V0YI56
Q8N608	A0A8V0ZD29
Q8N612	A0A8V0XC00
Q8N614	A0A8V0YX60
Q8N635	A0A8V0Z8R4
Q8N653	A0A1D5P134
Q8N668	A0A8V0YX63
Q8N680	Q5ZIY9
Q8N682	A0A8V0YD67
Q8N684	A0A8V0Z5S4
Q8N695	F1P5L0
Q8N697	A0A8V0ZFZ8
Q8N699	F1NWT7
Q8N6D2	E1BZ35
Q8N6D5	A0A8V0XNQ1
Q8N6F1	A0A3Q3A4L0
Q8N6F8	A0A8V1AMY9
Q8N6G5	E1C2T4
Q8N6G6	A0A8V0YUG1
Q8N6H7	A0A1D5PQF9
Q8N6I4	Q5ZLR7
Q8N6K7	A0A8V0XMH0
Q8N6L7	A0A3Q2UFT5
Q8N6M0	Q5ZIP6
Q8N6M3	A0A8V0ZMJ3
Q8N6M6	A0A8V0Y8W1
Q8N6N3	A0A8V0ZLM2
Q8N6N6	Q5ZJI6
Q8N6N7	A0A8V0XB22
Q8N6P7	E1BRV0
Q8N6Q8	A0A8V0Y5K3
Q8N6R0	A0A8V0YTM9
Q8N6S4	A0A8V0ZXI8
Q8N6T3	A0A8V0ZYJ0
Q8N6T7	F1P0C4
Q8N6U8	A0A8V0XHG5
Q8N6V9	A0A8V0ZV69
Q8N6W0	A0A8V1A7D5
Q8N6Y0	A0A8V1A9L8
Q8N6Y1	F1NY34
Q8N6Y2	A0A8V0Y2P2
Q8N729	A0A172PWX7
Q8N755	A0A8V0XGR6
Q8N7A1	A0A1L1RN40
Q8N7B1	A0A3Q2UIW9
Q8N7B6	A0A8V0Y4U3
Q8N7B9	A0A8V0ZQR3
Q8N7C0	A0A8V0YEC0
Q8N7H5	A0A8V0XVQ2
Q8N7M0	A0A8V0ZZ12
Q8N7P1	E1C1H9
Q8N7U6	A0A8V0XCM0
Q8N7W2	E1C1C9
Q8N7X0	A0A8V0XL09
Q8N7Z5	A0A8V0Y3A1
Q8N806	Q5ZMN4
Q8N807	A0A8V0YVN5
Q8N815	A0A8V0ZPY5
Q8N865	A0A8V0XAQ4
Q8N884	A0A8V0X930
Q8N895	A0A8V0Y792
Q8N8A6	A0A8V1A5D6
Q8N8B7	A0A8V0XFZ6
Q8N8D1	A0A8V0Z1W3
Q8N8D7	A0A8V0XFM4
Q8N8E2	A0A8V0XVE9
Q8N8E3	A0A8V1AIS9
Q8N8F6	E1C864
Q8N8F7	A0A8V0X9X1
Q8N8G2	A0A8V0Y957
Q8N8I0	A0A8V0Y0R6
Q8N8J7	A0A8V0XFW5
Q8N8K9	A0A8V0XJR6
Q8N8L6	F1NST2
Q8N8N0	E1C2W7
Q8N8N7	A0A8V0Z902
Q8N8Q3	A0A8V1AJD6
Q8N8Q8	A0A8V0XPA3
Q8N8Q9	F1NBX2
Q8N8R3	A0A8V0YQJ0
Q8N8R5	A0A8V1A295
Q8N8R7	F1NIP8
Q8N8S7	A0A8V0YWC2
Q8N8U2	A0A8V0XU33
Q8N8U9	Q643S1
Q8N8V4	E1C7N0
Q8N8W4	A0A8V1A0Q9
Q8N8X9	A0A8V1A2Q3
Q8N8Z6	A0A8V0YFB9
Q8N944	A0A8V1A4C9
Q8N954	A0A8V0Y0L0
Q8N957	A0A8V1AMR8
Q8N960	A0A8V0X509
Q8N961	A0A8V1A830
Q8N966	A0A8V0XMA1
Q8N967	A0A8V0YUW0
Q8N983	A0A8V0Z6E3
Q8N987	A0A8V0Y7T3
Q8N998	A0A1L1RQX0
Q8N999	A0A1L1RLE3
Q8N9A8	A0A8V0ZVU7
Q8N9B4	A0A8V0XZW7
Q8N9B5	A0A8V0YEX6
Q8N9B8	A0A3Q3ADN1
Q8N9F0	A0A8V0YVJ4
Q8N9H8	A0A8V1AE11
Q8N9I0	A0A8V1A869
Q8N9I5	A0A8V1APS0
Q8N9L1	A0A8V0YZD2
Q8N9M1	A0A8V0Y694
Q8N9N2	A0A8V0ZL86
Q8N9N5	A0A8V0Y3J7
Q8N9N7	A0A8V0ZA54
Q8N9N8	Q6K1L7
Q8N9R8	E1BQX2
Q8N9U0	A0A8V0YYB4
Q8N9V7	A0A8V0Z1P5
Q8N9W6	A0A8V0YRE8
Q8N9W8	A0A8V0ZBH3
Q8N9Y4	A0A8V0YSG0
Q8N9Z2	A0A8V0Y0Z1
Q8NA03	A0A8V0ZNF3
Q8NA23	A0A8V1AIE7
Q8NA31	A0A8V0XWR5
Q8NA47	A0A8V0ZYL4
Q8NA54	A0A8V0XCN0
Q8NA56	A0A8V0XYP0
Q8NA57	A0A8V0YAN0
Q8NA58	A0A8V0XJQ4
Q8NA61	A1KXM5
Q8NA72	A0A8V0Y2K8
Q8NAA5	A0A8V1ALM7
Q8NAB2	R4GMH9
Q8NAC3	A0A8V0ZAM0
Q8NAG6	A0A8V1A9M9
Q8NAN2	A0A8V0ZVC0
Q8NAP3	A0A8V0ZSI2
Q8NAP8	A0A3Q2UAZ3
Q8NAT1	Q5NDE8
Q8NAT2	A0A8V0Y8S9
Q8NAU1	A0A8V0YW16
Q8NAV1	E1C6A8
Q8NAX2	F1NE75
Q8NB12	A0A8V0YN64
Q8NB14	A0A1D5P874
Q8NB15	A0A8V0ZW74
Q8NB16	E1C6F2
Q8NB25	A0A8V0YQM0
Q8NB37	A0A8V0ZLV0
Q8NB49	A0A8V0YUZ4
Q8NB59	A0A8V0Z826
Q8NB66	A0A8V0ZSY8
Q8NB78	A0A8V0XYI2
Q8NB90	A0A8V0XJV9
Q8NB91	A0A8V0X9C3
Q8NBA8	F1P3Y8
Q8NBD8	Q5F3L7
Q8NBE8	A0A8V0ZNI2
Q8NBF1	A0A8V1A9J5
Q8NBF6	A0A8V0ZAB7
Q8NBH2	A0A1L1RZ57
Q8NBI2	A0A8V0Z5B1
Q8NBI5	A0A8V1A0T0
Q8NBI6	A0A3Q2TS11
Q8NBJ4	A0A8V0XUQ5
Q8NBJ5	A0A8V1AI52
Q8NBJ9	A0A8V0ZR79
Q8NBK3	A0A8V0ZF48
Q8NBL1	A0A8V0XUP7
Q8NBM8	A0A8V0YEK9
Q8NBN3	A0A8V0Z9L2
Q8NBP0	A0A3Q2TRU5
Q8NBP5	A0A8V0YPT1
Q8NBP7	A0A8V0ZRU9
Q8NBQ7	A0A8V0XEI9
Q8NBR6	F6VFQ9
Q8NBS3	A0A8V0ZBH9
Q8NBS9	A0A8V0Y726
Q8NBT0	A0A8V1AH04
Q8NBU5	F1NT80
Q8NBV4	A0A8V1AFC1
Q8NBW4	A0A8V0YMT2
Q8NBX0	A0A8V0XZS5
Q8NBZ7	E1BV28
Q8NC06	A0A8V0ZY99
Q8NC24	A0A8V0YBC6
Q8NC42	A0A8V0YSS6
Q8NC44	A0A8V0ZJY0
Q8NC51	A0A8V1A031
Q8NC54	A0A8V0Z0J6
Q8NC56	A0A8V1AFN1
Q8NC60	A0A8V0XL92
Q8NC67	A0A3Q2TVY9
Q8NC69	A0A8V0ZG70
Q8NC74	A0A8V0ZR01
Q8NC96	A0A8V1A2C4
Q8NCC3	A0A8V0ZSC5
Q8NCD3	A0A8V0XIP6
Q8NCE2	F1P4J6
Q8NCG7	A0A8V0ZG82
Q8NCH0	A0A8V0ZTL5
Q8NCJ5	A0A8V0ZYR3
Q8NCL4	A0A8V0ZY16
Q8NCL8	A0A8V1A9Q4
Q8NCL9	A0A8V0YIB9
Q8NCM2	A0A8V0Z394
Q8NCM8	A0A8V0XK27
Q8NCN2	A0A8V1ALG4
Q8NCN4	A0A8V0X3U0
Q8NCN5	F1NG59
Q8NCP5	E1BQ46
Q8NCQ5	A0A8V0X553
Q8NCR0	A0A8V0Y610
Q8NCR6	A0A8V0Y8P9
Q8NCR9	A0A8V0XDT3
Q8NCS4	A0A8V0YM46
Q8NCS7	A0A3Q3AVJ7
Q8NCT1	A0A8V0Z135
Q8NCT3	A0A8V0Z1J9
Q8NCU4	A0A8V0XVT0
Q8NCW5	A0A8V1AJ89
Q8NCW6	A0A8V1A2F4
Q8NCY6	E1C0N5
Q8ND04	A0A8V1AQ98
Q8ND24	A0A8V0ZTZ3
Q8ND25	A0A8V0ZW26
Q8ND30	A0A8V0ZQS0
Q8ND56	A0A8V0Y0U5
Q8ND76	A0A8V0XP97
Q8ND83	A0A8V0X3Q6
Q8NDA8	A0A8V0YAY2
Q8NDB2	A0A8V0XHD6
Q8NDC0	A0A8V0Z6Z6
Q8NDC4	Q5ZK06
Q8NDD1	A0A8V0XYU2
Q8NDF8	A0A1D5PH78
Q8NDG6	A0A8V0YUG9
Q8NDH3	F1NSZ4
Q8NDI1	A0A8V0YYG4
Q8NDL9	A0A8V0Y4D6
Q8NDM7	A0A8V0ZJ93
Q8NDT2	A0A8V1A818
Q8NDV1	A0A8V0ZT37
Q8NDV2	A0A8V0XD30
Q8NDV3	F1NX72
Q8NDV7	A0A8V0Z268
Q8NDX2	A0A8V0YA39
Q8NDX5	A0A8V0YX89
Q8NDX6	A0A8V0ZT78
Q8NDY6	Q71T10
Q8NDY8	A0A8V0Z5W8
Q8NDZ0	A0A8V0X9B2
Q8NDZ2	A0A8V0YP11
Q8NDZ4	A0A8V0YUG6
Q8NDZ6	A0A8V0XRU2
Q8NE09	A0A8V0Y907
Q8NE18	A0A8V0YT63
Q8NE22	A0A8V0YHJ5
Q8NE28	A0A8V1AFS4
Q8NE31	A0A8V0Y438
Q8NE35	A0A8V0ZD11
Q8NE62	A0A8V1ADH7
Q8NE86	A0A8V0ZQG9
Q8NEA6	A0A8V0Y454
Q8NEB5	A0A1L1RIW4
Q8NEB7	A0A8V0ZRI2
Q8NEB9	A0A3Q2UDQ7
Q8NEC7	A0A8V0XPU6
Q8NEE6	A0A8V0YB39
Q8NEE8	A0A8V1AC79
Q8NEF3	A0A8V0X6W8
Q8NEF9	A0A8V0X7V0
Q8NEG2	A0A8V0X0I2
Q8NEG4	A0A8V0YQJ3
Q8NEG7	A0A8V0XV55
Q8NEH6	A0A8V0ZU07
Q8NEJ9	A0A8V0XM85
Q8NEL9	A0A8V0YYF2
Q8NEM0	A0A8V0XBT3
Q8NEM2	A0A8V0ZUM9
Q8NEN0	A0A8V0YNF8
Q8NEN9	A0A8V0ZPH0
Q8NEP3	A0A8V1A3M6
Q8NER1	F1NJH8
Q8NER5	A0A3Q2TUT8
Q8NES3	O12971
Q8NET5	A0A3Q3ASC7
Q8NET8	A0A8V1ANN1
Q8NEU8	A0A8V0YBR8
Q8NEV4	A0A8V0XU71
Q8NEV8	A0A8V0XR69
Q8NEW0	Q5MNV6
Q8NEW7	A0A8V0ZVL9
Q8NEY1	A0A8V1AD28
Q8NEY3	A0A8V0XKH1
Q8NEY4	A0A8V0XGD7
Q8NEY8	A0A1D5NZJ2
Q8NEZ2	A0A8V0YUI9
Q8NEZ3	A0A8V0YEQ1
Q8NEZ4	A0A8V1AA15
Q8NEZ5	A0A8V0ZW09
Q8NF37	A0A8V0XY23
Q8NF50	A0A8V0Y442
Q8NF64	A0A8V0Z0L7
Q8NF91	A0A8V0XMZ4
Q8NFA0	A0A8V1AGD6
Q8NFA2	A0A8V0Z8E1
Q8NFB2	A0A8V0YIK8
Q8NFD2	A0A8V1A378
Q8NFD5	A0A8V0XLF1
Q8NFF2	A0A8V0YS99
Q8NFF5	A0A8V1AB50
Q8NFG4	E1BQH1
Q8NFH3	E1C370
Q8NFH4	A0A8V0YCU0
Q8NFH5	A0A8V0Y885
Q8NFH8	A0A8V0XG46
Q8NFJ5	A0A8V0Y355
Q8NFJ8	Q71T09
Q8NFL0	A0A8V0YSJ1
Q8NFN8	A0A8V1A8Y6
Q8NFP9	A0A8V0XSV2
Q8NFQ5	A0A8V0YSC2
Q8NFQ6	A0A8V0YZ43
Q8NFR3	A0A8V0X189
Q8NFR7	A0A8V0Y7Z5
Q8NFT2	E1BTX2
Q8NFT6	A0A8V0ZZV2
Q8NFT8	A0A8V1A115
Q8NFU0	A0A8V0ZYU3
Q8NFU5	A0A8V0Y8Z7
Q8NFU7	A0A8V0ZYW0
Q8NFV4	A0A8V1AE25
Q8NFW1	A0A8V0Y3V0
Q8NFW5	F1NEA7
Q8NFW8	A0A8V0YDW2
Q8NFW9	A0A8V0Z0M6
Q8NFX7	A0A8V0XMK1
Q8NFY4	A0A1D5PMF8
Q8NFY9	A0A1D5PX74
Q8NFZ5	A0A1D5NW22
Q8NG08	A0A8V0YG75
Q8NG11	F1NYP2
Q8NG31	A0A8V0ZUL4
Q8NG41	A0A172PWX8
Q8NG48	A0A8V0Z238
Q8NG66	A0A8V0Z807
Q8NG68	A0A8V0Z8P0
Q8NGK3	A0A8V0XKY6
Q8NH08	A0A8V0ZYT0
Q8NH73	A0A8V1AKC2
Q8NHG7	A0A8V0ZRX0
Q8NHG8	A0A8V0YYC5
Q8NHH1	A0A8V1AA83
Q8NHH9	A0A8V0YZF6
Q8NHM5	A0A8V1A6W0
Q8NHP6	A0A8V0X9A6
Q8NHP7	A0A8V0ZVN0
Q8NHP8	F1P0Z3
Q8NHQ1	A0A8V0ZE02
Q8NHQ8	A0A3Q2U9R7
Q8NHR7	A0A8V0ZMC9
Q8NHR9	A0A8V0Y7E9
Q8NHS3	A0A8V0Y2G4
Q8NHS9	A0A8V1AKK4
Q8NHU2	A0A8V0ZCH9
Q8NHU3	F1NLG9
Q8NHV4	A0A8V0YKA0
Q8NHV5	A0A8V0Z3N5
Q8NHW6	A0A8V1A3L8
Q8NHX9	A0A8V1AA60
Q8NHY2	A0A8V0Y0R5
Q8NHY3	A0A8V1AE74
Q8NHZ8	A0A3Q2UD09
Q8NI17	A0A1D5PX54
Q8NI22	Q5ZJB5
Q8NI27	A0A8V0YJR6
Q8NI32	R4GHW2
Q8NI35	A0A8V0ZY25
Q8NI36	A0A8V0YDD9
Q8NI37	A0A8V1A8D0
Q8NI60	F1NGM2
Q8NI77	A0A8V0ZVH1
Q8TA86	A0A8V0Z3H3
Q8TAA5	A0A8V0YJD8
Q8TAA9	A0A8V1A2W4
Q8TAB3	A0A8V0YZW6
Q8TAB5	A0A8V0YQP5
Q8TAC1	A0A8V0YC38
Q8TAC9	A0A8V0ZXM8
Q8TAD2	A0A8V0XI19
Q8TAD8	A0A8V0YWQ4
Q8TAE6	A0A1D5PUM3
Q8TAE7	A0A8V0ZD61
Q8TAE8	A0A8V0XK47
Q8TAF3	Q5F3K4
Q8TAF8	Q7ZZL8
Q8TAG5	A0A8V0XW70
Q8TAG6	A0A8V0XHD5
Q8TAG9	A0A8V0Z432
Q8TAL6	E1BX99
Q8TAM1	A0A8V0YE07
Q8TAM2	A0A8V0ZBY3
Q8TAM6	A0A8V0YE80
Q8TAP4	A0A3Q2UHT2
Q8TAP6	A0A8V0X4J2
Q8TAP9	A0A8V0YX85
Q8TAQ2	A0A8V1A2V3
Q8TAS1	A0A3Q2TV19
Q8TAT5	A0A8V0XH96
Q8TAT6	A0A8V1ADC7
Q8TAU0	A0A8V0Z5R4
Q8TAV0	Q5ZJ65
Q8TAV4	A0A8V0X780
Q8TAX0	A0A3Q3ATU9
Q8TAY7	A0A8V0YXH8
Q8TB05	A0A8V0YXE3
Q8TB22	A0A8V1ALD0
Q8TB24	A0A8V0YYW2
Q8TB36	A0A1D5NWZ6
Q8TB37	A0A8V0XQ81
Q8TB45	A0A1D5PL02
Q8TB52	A0A8V0XGI2
Q8TB61	A0A8V0ZAQ1
Q8TB68	A0A8V0XV12
Q8TB72	A0A8V0XR72
Q8TB73	A0A8V0XTQ5
Q8TB92	A0A8V0XBA4
Q8TB96	A0A8V0ZX24
Q8TBA6	A0A8V0YTZ0
Q8TBB1	F1NVY8
Q8TBB5	A0A8V0XWU6
Q8TBB6	A0A8V0Z2A4
Q8TBC4	A0A8V0ZJ11
Q8TBE0	A0A8V0ZVL8
Q8TBE1	A0A8V0YPM8
Q8TBE3	A0A8V0YQX1
Q8TBE7	Q5ZJZ4
Q8TBE9	A0A8V0XSR2
Q8TBF4	A0A8V0XAA9
Q8TBF5	A0A8V0ZZN8
Q8TBF8	A0A8V0ZXT3
Q8TBG4	A0A8V0XN22
Q8TBG9	A0A8V0ZHP4
Q8TBH0	A0A8V1ADF9
Q8TBJ4	F1N9B6
Q8TBJ5	F1NBB1
Q8TBK6	A0A8V0YFF7
Q8TBM7	A0A8V0XZ29
Q8TBM8	A0A8V0XGD4
Q8TBN0	A0A8V1A7C2
Q8TBP0	A0A8V1ALK4
Q8TBP5	A0A8V0YEW3
Q8TBP6	A0A8V0XGD3
Q8TBQ9	Q5ZII6
Q8TBR7	A0A8V1AQ49
Q8TBX8	A0A8V0ZWL6
Q8TBY0	A0A8V0YQQ0
Q8TBZ0	A0A8V0YSG5
Q8TBZ2	A0A8V1AN43
Q8TBZ3	A0A8V0YZW7
Q8TBZ6	A0A8V0XDS9
Q8TBZ9	A0A8V0ZCD0
Q8TC07	A0A8V0YAM9
Q8TC26	A0A8V0Z3X8
Q8TC29	A0A8V0XEW6
Q8TC41	A0A8V0XEI3
Q8TC44	A0A8V0YD61
Q8TC57	A0A8V0XN48
Q8TC76	A0A1D5NWR5
Q8TC92	E1BXD5
Q8TCA0	A0A8V0ZEN9
Q8TCB7	A0A8V0YYD4
Q8TCC3	A0A8V0YV75
Q8TCD1	A0A8V0YA13
Q8TCD6	A0A8V0ZVV7
Q8TCF1	A0A1D5PDC2
Q8TCJ0	A0A1L1RPL7
Q8TCJ2	E1BTD5
Q8TCN5	A0A8V0ZYV7
Q8TCQ1	A0A8V0Y382
Q8TCS8	A0A1D5NZ09
Q8TCT0	A0A8V0Y3F3
Q8TCT6	A0A8V0ZSW7
Q8TCT8	A0A8V0YZU6
Q8TCT9	A0A8V0YPC3
Q8TCU3	A0A1D5PVL1
Q8TCU4	A0A8V0ZBZ5
Q8TCU5	A0A8V0XS88
Q8TCU6	A0A8V0ZX63
Q8TCW7	A0A8V0XHJ1
Q8TCX1	A0A8V0ZKC9
Q8TCX5	A0A8V0XXU6
Q8TCZ2	A0A8V0Y4S7
Q8TD06	A0A8V0XJQ9
Q8TD08	A0A8V0XXB8
Q8TD10	A0A8V0XQM0
Q8TD16	E1C2N3
Q8TD19	A0A8V0XKG0
Q8TD20	A0A8V0XWI6
Q8TD22	A0A8V0ZCU5
Q8TD26	A0A8V0ZSJ1
Q8TD30	A0A1D5PND8
Q8TD55	A0A8V0ZAA0
Q8TD57	A0A8V0Z6B9
Q8TDB4	A0A8V0Y0I9
Q8TDB6	A0A8V0ZF21
Q8TDD1	A0A8V0ZFN9
Q8TDD5	A0A8V0ZM21
Q8TDF5	A0A3Q2U2R7
Q8TDG4	A0A8V0XG98
Q8TDH9	Q5ZK77
Q8TDI0	A0A8V0ZHE4
Q8TDI7	A0A8V0YTZ8
Q8TDJ6	A0A8V0ZR44
Q8TDM6	A0A8V0ZNH6
Q8TDN1	E1BQU8
Q8TDN2	A0A8V0YCX9
Q8TDN4	A0A8V0XLQ6
Q8TDN6	F1NSS7
Q8TDN7	A0A8V1AJC8
Q8TDP1	A0A8V0X7W0
Q8TDQ7	A0A8V0YL49
Q8TDR0	A0A8V0YQR1
Q8TDR2	A0A3Q3AAD7
Q8TDV2	A0A8V1A0Y7
Q8TDV5	A0A8V0X9A2
Q8TDW0	A0A8V0ZQB4
Q8TDW5	F1NUG3
Q8TDW7	A0A8V0XZB0
Q8TDX5	A0A8V0ZBE8
Q8TDX6	F1NB01
Q8TDX7	A0A8V0Y9D6
Q8TDY2	E1C330
Q8TDY4	A0A8V0YPZ5
Q8TDY8	A0A8V0Z4L9
Q8TE12	A0A8V0Y793
Q8TE49	A0A8V0ZUC8
Q8TE54	A0A8V0YGT0
Q8TE56	A0A8V0ZF78
Q8TE58	E1BX45
Q8TE59	E1C0E3
Q8TE60	A0A8V0XVN5
Q8TE67	A0A8V1AFP0
Q8TE73	A0A8V0X826
Q8TE77	A0A8V0ZU36
Q8TE82	F1NC54
Q8TE85	A0A1D5PGS7
Q8TE99	A0A8V0ZXA9
Q8TEA1	A0A8V0XU05
Q8TEA8	A0A8V0Z0P4
Q8TEB1	A0A8V0XHK9
Q8TEB7	A0A8V0YGH2
Q8TEB9	A0A8V0ZX76
Q8TEC5	A0A1L1RP76
Q8TED1	R4GGB2
Q8TED9	A0A8V0Y651
Q8TEH3	A0A8V1A8C2
Q8TEJ3	A0A8V0YM49
Q8TEK3	A0A8V1A616
Q8TEL6	Q5ZKM6
Q8TEM1	A0A8V1A6M1
Q8TEP8	A0A8V0X4K7
Q8TEQ0	A0A8V0ZCM8
Q8TEQ6	A0A8V0YL91
Q8TEQ8	A0A8V0Y584
Q8TER0	A0A8V1A524
Q8TET4	A0A8V0Z9N2
Q8TEU7	A0A8V0YWD7
Q8TEU8	E1C6W9
Q8TEV9	A0A8V0ZA77
Q8TEW0	A0A8V0XPY7
Q8TEW6	A0A8V0ZUU7
Q8TEW8	A0A8V0ZM16
Q8TEX9	A0A8V0XBM8
Q8TEY7	A0A8V0ZQA0
Q8TEZ7	A0A8V0XZ85
Q8TF01	A0A8V0XJC7
Q8TF05	A0A8V0XCW9
Q8TF09	A0A8V0XPQ1
Q8TF17	A0A8V0YM04
Q8TF21	A0A8V1AAK0
Q8TF30	A0A8V0YVR2
Q8TF40	Q5W4S4
Q8TF42	A0A8V1ABG4
Q8TF44	A0A8V1ADJ4
Q8TF46	A0A8V0Z3V0
Q8TF61	A0A8V0Z656
Q8TF65	A0A8V0ZP76
Q8TF66	A0A8V0YPS3
Q8TF68	Q5ZM27
Q8TF71	A0A142EGP8
Q8TF72	A0A8V0XLA1
Q8TF74	A0A1D5PJQ6
Q8TF76	A0A8V1AM12
Q8WTP8	A0A8V0YMC8
Q8WTQ7	E1C4P5
Q8WTR2	A0A8V0YC26
Q8WTS1	A0A8V0YVM2
Q8WTS6	A0A8V0Y4K0
Q8WTT2	A0A8V0Z576
Q8WTU2	A0A8V1AKJ4
Q8WTV0	A0A3Q2TTF7
Q8WTW3	A0A8V1ANV8
Q8WTX7	A0A8V0X2I1
Q8WTX9	A0A8V0ZZH0
Q8WU08	A0A8V0YMB3
Q8WU10	A0A8V0YNN2
Q8WU17	A0A8V0XYL7
Q8WU20	E1C021
Q8WU39	A0A8V0XSZ9
Q8WU58	A0A8V1AIU6
Q8WU66	A0A8V1A3E9
Q8WU67	F1NTP8
Q8WU76	A0A1D5NZ00
Q8WU79	Q5F413
Q8WUA2	A0A8V0XUB5
Q8WUA4	A0A8V0YA05
Q8WUA7	A0A8V0XXG0
Q8WUB8	A0A1D5NX83
Q8WUD4	A0A8V1A614
Q8WUF8	Q5ZK44
Q8WUH1	Q9DFZ3
Q8WUH2	A0A8V0YJ42
Q8WUI4	A0A8V0ZSG8
Q8WUJ0	A0A3Q2U9J8
Q8WUJ1	A0A8V1AKK6
Q8WUJ3	A0A8V0ZAA3
Q8WUK0	A0A8V0ZND8
Q8WUM0	A0A8V0Y4X5
Q8WUM4	Q5ZJ70
Q8WUM9	A0A8V0YZH3
Q8WUN7	A0A1D5P5V6
Q8WUP2	A0A8V0YPX4
Q8WUQ7	A0A8V1A7E7
Q8WUR7	A0A8V0YYP1
Q8WUS8	A0A8V0Y0K1
Q8WUT4	A0A8V0Z6Z2
Q8WUT9	A0A8V0YK56
Q8WUU5	F1P024
Q8WUU8	A0A8V0YKI0
Q8WUY3	A0A8V0YRE5
Q8WV07	A0A8V1A7V8
Q8WV15	A0A1D5PFG6
Q8WV16	A0A8V0ZMZ7
Q8WV19	A0A8V0XTJ6
Q8WV22	A0A8V0Z0A7
Q8WV24	A0A8V0YNC7
Q8WV41	A0A1D5PC37
Q8WV44	A0A8V0XI98
Q8WV48	A0A8V0YJG8
Q8WV60	A0A8V0Y5F4
Q8WV74	A0A8V0ZT67
Q8WV83	F1NEN4
Q8WV92	A0A8V0YTC1
Q8WV93	A0A8V0YNR8
Q8WV99	A0A8V0ZK03
Q8WVB3	A0A8V1AAY6
Q8WVB6	A0A8V0Z6W8
Q8WVC0	A0A8V0ZMW2
Q8WVC6	A0A8V1ADV9
Q8WVD3	F1NC08
Q8WVD5	Q5ZM74
Q8WVE0	Q5ZKT6
Q8WVE6	A0A8V0YCS6
Q8WVE7	Q5ZM31
Q8WVF1	A0A8V0Z6K3
Q8WVF5	E1BXC9
Q8WVH0	R4GI13
Q8WVI0	A0A1D5P063
Q8WVI7	A0A8V0ZN53
Q8WVJ2	A0A8V0Y779
Q8WVJ9	Q9YH69
Q8WVK2	A0A8V0ZAW6
Q8WVK7	A0A8V1AMR7
Q8WVL7	A0A8V0Y2W4
Q8WVM0	A0A8V0XT10
Q8WVM7	A0A8V0ZQ05
Q8WVM8	A0A8V0XM02
Q8WVN8	A0A8V1A3J4
Q8WVP7	Q7ZUA6
Q8WVQ1	A0A8V1AMW1
Q8WVS4	F1NVZ6
Q8WVT3	A0A8V0XFJ5
Q8WVV4	A0A8V0Z5M6
Q8WVV9	F1P0T4
Q8WVX3	A0A8V0XV54
Q8WVY7	Q5ZJJ8
Q8WW01	A0A8V0YIN1
Q8WW12	A0A8V0XP59
Q8WW22	A0A8V1A4B0
Q8WW24	E1C2N5
Q8WW27	A0A8V0YIF0
Q8WW33	A0A8V1A9P9
Q8WW35	A0A8V0YWZ3
Q8WW38	A0A1D5PTA6
Q8WW62	A0A8V0Y591
Q8WWA1	A0A8V1A5J9
Q8WWB3	A0A8V0Y918
Q8WWB5	A0A8V1A1N0
Q8WWB7	A0A8V1AHX4
Q8WWC4	A0A8V0ZXE8
Q8WWF8	A0A8V0YFS3
Q8WWG1	A0A8V0ZY13
Q8WWG9	A0A8V1A955
Q8WWH4	A0A8V0X9Z4
Q8WWH5	A0A8V0ZRA9
Q8WWI1	A0A8V0X6E0
Q8WWI5	A0A8V0YMY4
Q8WWK9	A0A8V0XFY2
Q8WWL2	A0A8V0Y0I6
Q8WWM9	Q5QRU7
Q8WWN8	A0A8V0YIJ2
Q8WWQ0	F1NXP9
Q8WWQ2	A0A8V0Z721
Q8WWQ8	A0A8V0Y523
Q8WWR8	A0A8V1A0C4
Q8WWR9	A0A8V0XHS2
Q8WWT9	A0A8V0ZK22
Q8WWV3	A0A8V0YKC1
Q8WWW0	A0A8V1A796
Q8WWW8	A0A8V0YU15
Q8WWX0	E1C918
Q8WWX8	A0A3Q2U0A6
Q8WWX9	A0A8V0ZNE9
Q8WWY8	A0A8V1ABJ4
Q8WWZ3	A0A8V0Y2Q4
Q8WWZ7	A0A8V1ANP1
Q8WWZ8	A0A8V0ZQ18
Q8WX92	Q5ZLK9
Q8WX93	A0A8V0Y1W4
Q8WXA3	A0A8V0ZYI0
Q8WXA9	A0A8V0Y813
Q8WXB1	F1NVP6
Q8WXC6	A0A3Q2UDI0
Q8WXD2	A0A8V0ZIM1
Q8WXD9	A0A8V0Z4Z9
Q8WXE0	A0A8V1AEU9
Q8WXE1	A0A8V1A2S5
Q8WXE9	A0A8V0XRG7
Q8WXF1	Q5ZK88
Q8WXF3	B1AC67
Q8WXF5	A0A8V1A9V8
Q8WXF7	A0A8V0Z3P1
Q8WXG1	A0A8V0XL19
Q8WXG6	A0A8V0ZWN7
Q8WXG8	E1C1S0
Q8WXG9	A0A8V0YK27
Q8WXH0	A0A8V0YVI8
Q8WXH2	A0A8V0Y8W3
Q8WXH4	A0A8V0XB69
Q8WXH5	F1NEM3
Q8WXI2	A0A8V0XDZ9
Q8WXI3	A0A8V0ZUY3
Q8WXI4	A0A8V1A396
Q8WXI7	A0A8V1AGN9
Q8WXI9	A0A8V1AI23
Q8WXK1	A0A8V0XCC7
Q8WXK3	A0A8V0XZ64
Q8WXK4	A0A8V0YK92
Q8WXR4	A0A8V0ZZV3
Q8WXS3	A0A8V0Y2B5
Q8WXS4	A0A8V0ZFR9
Q8WXS8	A0A8V0ZDY6
Q8WXU2	Q5QIE2
Q8WXW3	A0A8V0X6J2
Q8WXX0	A0A8V0Y8G8
Q8WXX5	E1C8S9
Q8WXX7	E1BVD2
Q8WY07	A0A8V0Z7S6
Q8WY21	A0A8V0ZC64
Q8WY22	Q25QX5
Q8WY36	A0A8V0XN45
Q8WY41	R4GMA8
Q8WY54	A0A8V1AKZ7
Q8WY64	A0A8V0YGF4
Q8WY91	A0A8V0ZVR0
Q8WY98	A0A8V0Z1C0
Q8WYA0	A0A8V0ZWG8
Q8WYA1	Q8QGQ7
Q8WYA6	A0A8V0YTB7
Q8WYB5	A0A8V0ZMX8
Q8WYH8	Q5ZJ84
Q8WYK0	F1NDD5
Q8WYK2	A0A8V0XJX7
Q8WYL5	A0A8V0ZIN0
Q8WYN3	A0A8V1A5V9
Q8WYP3	A0A8V0ZCX2
Q8WYP5	A0A8V0Y5R2
Q8WYQ3	A0A8V1A7B5
Q8WYQ5	A0A1D5PPX8
Q8WYQ9	A0A8V0XRR1
Q8WYR4	A0A8V0Y3Q6
Q8WZ04	A0A8V0XA40
Q8WZ42	A0A8V0ZUU8
Q8WZ55	A0A8V0ZXD0
Q8WZ60	F1P3D7
Q8WZ64	A0A8V0YPJ3
Q8WZ71	A0A8V0ZAA7
Q8WZ73	A0A8V1AFQ1
Q8WZ74	A0M8U5
Q8WZ75	A0A8V1A0A1
Q8WZ79	A0A8V1A5E5
Q8WZ82	A0A8V1ANK8
Q8WZA1	A0A8V0ZR84
Q8WZA2	A0A1D5PMC0
Q92185	A0A8V0YR94
Q92186	A0A8V0Z720
Q92187	A0A8V0YF98
Q92481	A0A8V0XPT7
Q92482	A0A8V0Y9J6
Q92484	A0A8V0YFT3
Q92485	A0A8V0YAH7
Q92503	A0A8V1AKE9
Q92508	A0A8V0XUA2
Q92519	Q7ZZY2
Q92520	E1BWA9
Q92521	A0A8V0ZJQ2
Q92522	A0A8V1A3E8
Q92529	A0A8V0Y0H4
Q92530	Q5ZJL3
Q92535	A0A1D5P2C6
Q92536	A0A8V0ZSS8
Q92537	A0A1D5PFT6
Q92538	A0A8V0ZGA4
Q92539	A0A8V0XAG3
Q92540	A0A8V0Y557
Q92541	A0A8V0ZQL8
Q92542	A0A8V1A555
Q92543	A0A8V0ZJR4
Q92544	F1NVX7
Q92545	A0A8V0YUI8
Q92546	A0A8V0YBU0
Q92547	A0A1D5P3M9
Q92551	A0A8V1A6L5
Q92552	A0A8V0Y5S8
Q92556	A0A8V0YZ47
Q92558	A0A8V0YUA1
Q92562	A0A8V0YGB7
Q92563	A0A8V0ZJH8
Q92564	A0A8V0Z3D1
Q92565	A0A8V0XDL2
Q92567	A0A8V0XDZ0
Q92570	A0A8V0Y281
Q92572	A0A8V0XVU4
Q92574	A0A8V1AFM6
Q92575	A0A8V0Z4X3
Q92576	A0A8V0X5R8
Q92581	A0A8V0YRU4
Q92583	A0A8V0ZM98
Q92585	A0A8V0Z600
Q92597	A0A8V0YC02
Q92598	A0A8V0XZA9
Q92599	A0A8V0YP86
Q92600	A0A8V0ZJK7
Q92604	A0A8V0ZLA3
Q92608	A0A8V0Y6F6
Q92609	A0A8V0X5W4
Q92610	A0A8V0ZMT9
Q92611	Q5ZK76
Q92613	A0A8V0XGU2
Q92614	A0A8V1APT6
Q92615	A0A8V0XS45
Q92616	A0A8V0ZCN4
Q92618	A0A8V0XYX3
Q92619	A0A8V1ABJ6
Q92620	Q5ZLE8
Q92621	E1BV83
Q92622	A0A8V0YTG3
Q92623	A0A8V0ZI03
Q92624	Q5ZLJ2
Q92625	A0A8V1A543
Q92626	A0A8V0XDJ1
Q92628	A0A8V0YBJ1
Q92629	A0A8V0YKU9
Q92630	Q5ZIU3
Q92633	A0A8V0XQJ2
Q92636	A0A8V0XC36
Q92643	Q5F451
Q92664	A0A8V0XF34
Q92665	A0A8V0XHK5
Q92667	A0A8V1AP17
Q92673	A0A8V1A6J3
Q92686	F1NUV4
Q92688	Q5ZMN0
Q92733	A0A8V1A8N6
Q92734	A0A8V0XJ09
Q92736	A0A8V0Y8K1
Q92738	A0A8V0XMV9
Q92743	A0A8V0XCM5
Q92747	A0A8V0ZJ54
Q92750	A0A8V0XM95
Q92753	A0A8V0YRU0
Q92754	E1C5K7
Q92759	A0A8V0X772
Q92765	Q9IA95
Q92769	P56519
Q92772	A0A8V0XW29
Q92777	A0A8V1AI71
Q92782	P58267
Q92783	A0A8V0XUW9
Q92784	P58270
Q92785	P58268
Q92791	R4GH52
Q92793	A0A8V0YW69
Q92794	A0A8V0Z594
Q92796	A0A3Q2U4B8
Q92800	A0A1D5PTZ6
Q92802	A0A8V0XTB8
Q92804	E1BT66
Q92805	A0A8V1AHG3
Q92817	A0A8V1AQ02
Q92820	A0A8V0X868
Q92824	A0A8V0YXI1
Q92828	A0A8V0XW77
Q92830	A0A8V0ZTT2
Q92831	A0A8V0X6X9
Q92832	A0A8V0ZK19
Q92834	A0A8V0XEA5
Q92835	A0A8V0ZTL7
Q92838	A0A8V0YV32
Q92841	A0A1D5PD32
Q92844	A0A8V0ZHE2
Q92845	A0A8V0YQ11
Q92847	A0A8V0Z6L9
Q92851	A0A8V0ZVC6
Q92854	A0A8V0Y4Y4
Q92858	A0A0C6E596
Q92870	A0A8V0YST4
Q92871	A0A1D5PQW2
Q92874	A0A8V0YYZ6
Q92878	A0A8V0YV55
Q92886	Q9PWP1
Q92887	A0A8V0ZMB9
Q92889	A0A8V0ZKQ1
Q92890	A0A8V0ZZT4
Q92896	Q02391
Q92900	A0A8V1AHU8
Q92901	A0A8V0Z939
Q92902	A0A8V0ZD08
Q92903	F1NYE6
Q92904	Q804A9
Q92905	A0A8V0XG62
Q92911	A0A8V1AH69
Q92913	F1NWP9
Q92915	Q9IAI5
Q92917	A0A8V0XD71
Q92918	A0A8V0Y9Q1
Q92922	A0A8V1ADU0
Q92925	A0A8V1A5P7
Q92930	A0A8V0ZXW3
Q92945	Q8UVD9
Q92947	A0A8V0X9H4
Q92949	A0A8V1ANU3
Q92953	A0A1D5PI98
Q92954	A0A8V0ZK93
Q92959	A0A8V1A3L5
Q92963	A0A8V1A8Q7
Q92966	A0A8V0YKI2
Q92968	E1C0C4
Q92973	A0A8V0YCW3
Q92974	A0A8V1A3N6
Q92979	F1N832
Q92982	R4GJU8
Q92989	Q5ZJL4
Q92990	A0A8V0ZLA2
Q92994	F1NQ85
Q92995	E1BY77
Q92997	A0A8V0Z2Y5
Q93008	E1BWJ5
Q93015	A0A8V1AH72
Q93034	A0A8V0XKY0
Q93038	A0A8V0Z929
Q93045	Q90987
Q93062	A0A8V0XRR6
Q93063	A0A8V0ZBJ8
Q93070	A0A8V0YCU7
Q93073	A0A8V0ZC12
Q93074	A0A8V0Z691
Q93084	Q9YGL9
Q93086	A0A8V1AQ04
Q93088	A0A8V0YI54
Q93096	Q5ZIQ1
Q93097	Q98SN7
Q93098	A0A8V0ZA99
Q93099	A0A8V0ZVV3
Q93100	A0A8V0ZRS6
Q969E1	Q6QLQ6
Q969E2	A0A8V1AB36
Q969E3	E1BUW9
Q969F1	A0A8V0YNM7
Q969F9	A0A8V0X460
Q969G2	A0A8V0Y8C1
Q969G3	A0A8V0ZQR1
Q969G6	A0A8V0YJH2
Q969G9	A0A8V0ZZ79
Q969H0	A0A1D5PCK8
Q969H4	A0A8V0YDT3
Q969H6	A0A8V0ZTA7
Q969H8	A0A8V1AJT2
Q969I6	A0A8V0YM52
Q969J3	Q5ZJA9
Q969J5	A0A8V0XG60
Q969K3	A0A8V1A9M0
Q969K4	F1N9Z2
Q969L2	A0A1D5PRH9
Q969L4	E1BY33
Q969M2	A0A8V0XH22
Q969M3	E1C6B9
Q969M7	Q5ZKX6
Q969N2	F1P2G6
Q969P5	Q5ZHM6
Q969P6	A0A8V0Y408
Q969Q1	A0A8V0Z2L5
Q969Q4	A0A8V0XIK4
Q969Q5	A0A8V0Y4A4
Q969Q6	A0A8V0XW58
Q969R2	A0A8V0WZV1
Q969R5	A0A8V0YAU5
Q969R8	A0A8V0ZUM2
Q969S0	A0A8V0XWK4
Q969S2	A0A8V0YAE6
Q969S6	A0A8V1AKF1
Q969S8	A0A8V0XBW3
Q969S9	A0A8V0YEN3
Q969T3	A0A8V0Z0N1
Q969T4	A0A8V1A052
Q969T9	A0A8V1AFC3
Q969U6	A0A8V1ADV4
Q969U7	A0A8V0X9V0
Q969V4	A0A8V1AN17
Q969V5	A0A8V0ZG42
Q969V6	A0A8V0YKB1
Q969W0	A0A8V0XTL0
Q969W1	A0A8V0ZFE3
Q969W3	A0A8V1AKE4
Q969W9	A0A8V0YIX0
Q969X0	A0A8V0ZUE9
Q969X1	A0A8V0Z2X0
Q969X2	A0A3Q2UCV8
Q969X5	A0A8V0Y0C2
Q969X6	A0A8V0XWI9
Q969Y0	A0A8V0XRM1
Q969Y2	A0A8V1ALC1
Q969Z0	A0A8V1AC66
Q969Z4	A0A8V0XHU7
Q96A19	A0A1D5P017
Q96A22	A0A8V0ZWI3
Q96A23	A0A8V0Z6Z0
Q96A26	A0A8V0ZMF9
Q96A29	A0A8V0ZU23
Q96A32	P02609
Q96A33	A0A8V0ZLD8
Q96A35	A0A8V1A3Q6
Q96A37	Q5F3B2
Q96A44	A0A1D5NUQ3
Q96A49	A0A8V0XCH1
Q96A54	A0A3Q2UGK1
Q96A56	A0A1D5PSS7
Q96A57	Q5ZLH4
Q96A58	A0A8V0YDX6
Q96A59	A0A8V0XYG6
Q96A65	A0A8V0XRT2
Q96A70	A0A8V0YW92
Q96A72	P50594
Q96A83	A0A8V1AL95
Q96A84	A0A8V0X2T5
Q96AA3	A0A8V1AJA2
Q96AA8	A0A8V0YUH7
Q96AB6	A0A8V0ZDF7
Q96AC1	A0A1D5PU09
Q96AD5	A0A8V1A948
Q96AE4	A0A8V0ZP79
Q96AE7	A0A8V0ZHB1
Q96AG3	Q5ZIG3
Q96AH0	A0A8V0Y6F1
Q96AH8	A0A8V1A718
Q96AJ1	A0A8V0YZ14
Q96AJ9	A0A8V0Z556
Q96AP0	A0A8V0ZPF2
Q96AP4	A0A8V0YPM5
Q96AP7	A0A8V1A2Y6
Q96AQ2	A0A3Q2TZC3
Q96AQ6	A0A8V1AI75
Q96AQ7	A0A8V0Y6I8
Q96AQ8	A0A8V0XVY6
Q96AT1	Q5ZJ97
Q96AV8	A0A8V0YL28
Q96AW1	A0A8V0XZZ6
Q96AX1	A0A8V0ZXT5
Q96AX2	A0A8V1AN75
Q96AY2	A0A8V1AJR5
Q96AY3	A0A8V0ZPD8
Q96AY4	A0A8V0ZW99
Q96B02	A0A8V0XAU5
Q96B21	A0A8V0ZVC8
Q96B23	A0A8V0YG14
Q96B26	A0A8V0XKS2
Q96B33	A0A1D5PZV7
Q96B45	A0A1L1RK18
Q96B49	A0A1D5PVS3
Q96B67	A0A3Q2UEQ1
Q96B77	A0A8V0YTP7
Q96B96	A0A8V0Z6E5
Q96B97	A0A8V0X7E5
Q96BA8	A0A8V0ZLU8
Q96BD0	A0A8V0ZP49
Q96BD5	F1NP02
Q96BD6	E1C5U4
Q96BF6	Q5ZI70
Q96BH1	A0A8V0ZKQ3
Q96BI1	A0A8V0ZQW0
Q96BI3	A0A8V1ALF0
Q96BJ3	A0A8V0YZK9
Q96BJ8	A0A8V0ZGG8
Q96BK5	A0A8V0YA09
Q96BM1	A0A8V0Z037
Q96BM9	Q5ZKQ8
Q96BN2	A0A8V0YER6
Q96BN6	A0A8V0XVC3
Q96BN8	A0A8V0X8K8
Q96BP2	A0A8V0ZIE0
Q96BP3	F1NAJ2
Q96BQ5	F1NPJ3
Q96BR1	A0A8V0XFW1
Q96BR5	A0A8V1A5Q3
Q96BR9	F1NSN0
Q96BT7	A0A8V0XHS4
Q96BW1	Q5ZIJ8
Q96BW5	A0A8V0XHV6
Q96BW9	A0A8V1ADM0
Q96BX8	A0A1D5PZY9
Q96BY7	A0A1D5P759
Q96BY9	A0A8V0XJT0
Q96BZ4	A0A8V0Z5F7
Q96BZ9	F1NEC2
Q96C01	A0A8V0Z7A5
Q96C03	A0A8V0Z4C1
Q96C10	A0A8V0ZUT3
Q96C11	A0A8V1A918
Q96C23	A0A8V0YZL3
Q96C24	A0A8V0YZ76
Q96C34	A0A8V0ZQH3
Q96C45	A0A8V0YNL6
Q96C57	A0A8V0ZRG2
Q96C74	A0A8V0X6B1
Q96C86	A0A8V0ZXK0
Q96C92	A0A3Q2UD49
Q96CB8	A0A8V0XXG2
Q96CB9	A0A8V0ZTI0
Q96CC6	A0A8V0Z8Z8
Q96CD0	F1NNN0
Q96CD2	A0A8V0ZNQ6
Q96CF2	A0A1D5P420
Q96CG3	E1BXY0
Q96CG8	A0A8V0YG76
Q96CH1	A0A8V0ZRD6
Q96CM3	A0A8V1A364
Q96CM4	A0A8V0XHF7
Q96CM8	A0A8V1AJQ5
Q96CN4	A0A8V0XEG6
Q96CN7	A0A8V0Y508
Q96CN9	A0A8V0XS87
Q96CP7	F1NZP5
Q96CQ1	Q5ZKP7
Q96CS2	A0A8V0YG61
Q96CS3	A0A8V0YCZ4
Q96CS7	Q5F3S2
Q96CT2	A0A8V0Y2Y7
Q96CT7	A0A8V1AF79
Q96CU9	A0A8V0ZUV6
Q96CW1	Q5ZMP6
Q96CW5	A0A8V0YDA9
Q96CW6	A0A8V0ZSX5
Q96CW9	A0A8V1AJW9
Q96CX2	A0A1L1RYG0
Q96CX6	A0A8V1A837
Q96D21	A0A8V0YXW3
Q96D46	E1BTL9
Q96D70	A0A8V1AEP7
Q96D71	A0A8V0XJ00
Q96DA2	A0A8V0Z052
Q96DA6	A0A8V0YQC2
Q96DB2	A0A8V1AEC2
Q96DB5	A0A8V0YK88
Q96DC7	A0A8V0YC30
Q96DC8	A0A8V0XN01
Q96DD0	A0A8V0ZPF1
Q96DD7	A0A8V0ZU11
Q96DE5	A0A8V0ZKB0
Q96DF8	A0A8V0ZV89
Q96DG6	A0A8V0X6C8
Q96DH6	A0A8V1AIS2
Q96DI7	A0A8V0YPF8
Q96DM3	A0A8V0XNE9
Q96DN0	A0A8V0YG28
Q96DN2	A0A8V0ZC22
Q96DN5	A0A8V0Y6U0
Q96DP5	A0A8V0Z2G4
Q96DR4	A0A3Q2U505
Q96DR7	A0A8V0XBI4
Q96DT6	A0A1D5PWN4
Q96DT7	A0A8V0XP80
Q96DV4	A0A8V1AKM3
Q96DW6	A0A8V0YS54
Q96DX4	A0A8V0ZNT4
Q96DX5	A0A8V0X2I0
Q96DY2	A0A8V0X4Y4
Q96DY7	A0A8V0YAU3
Q96DZ1	A0A8V0YZ57
Q96E11	A0A8V1AG41
Q96E14	Q5ZM20
Q96E16	A0A8V0XPS8
Q96E17	E1C105
Q96E22	F1N8Y0
Q96E35	Q802T0
Q96E40	A0A8V1AHR8
Q96E52	A0A8V1A8W4
Q96E66	A0A8V0XFN9
Q96EA4	A0A8V0Y6K7
Q96EB1	A0A8V0ZH72
Q96EB6	A0A8V0XWL1
Q96EC8	A0A8V0YNX3
Q96EE3	A0A8V0X4F6
Q96EE4	E1BS45
Q96EG1	A0A8V1AI26
Q96EH3	A0A8V0X2H6
Q96EK2	A0A8V0Y6M3
Q96EK4	A0A8V0ZKV0
Q96EK5	Q5ZIL9
Q96EK6	A0A8V0ZBU4
Q96EK7	A0A8V0Y2R9
Q96EL1	A0A8V1A952
Q96EL2	A0A8V0X4H9
Q96EL3	A0A1D5PKK3
Q96EM0	A0A8V0Z6G7
Q96EN8	A0A8V0Y738
Q96EN9	A0A8V1AIQ3
Q96EP0	A0A8V0XMN9
Q96EP1	A0A8V0ZHV2
Q96EP5	Q5ZM92
Q96EP9	A0A8V0YX95
Q96EQ0	A0A8V0YF56
Q96ER3	A0A8V1A1K4
Q96ER9	A0A8V0ZJG3
Q96ES7	Q5ZL38
Q96EU7	E1BSH4
Q96EV2	A0A8V1A2D8
Q96EW2	A0A8V0Z6G4
Q96EX2	A0A8V0X7U3
Q96EX3	F1NIH1
Q96EY1	A0A8V0YYQ0
Q96EY4	E1BVH6
Q96EY7	A0A8V0YWH6
Q96EY8	A0A8V0ZLS8
Q96EY9	A0A8V0XBB3
Q96EZ8	A0A1L1RIR0
Q96F05	A0A8V1A6G6
Q96F07	F1NE09
Q96F24	A0A8V0YAR1
Q96F25	A0A8V0ZFC8
Q96F45	A0A3Q2U0A3
Q96F46	A0A8V0YEM5
Q96F63	A0A8V0XTD2
Q96F81	A0A8V0Z4P7
Q96F83	A0A8V0YR39
Q96F85	E1BU35
Q96FA3	A0A8V0Z8Q0
Q96FB5	A0A8V1A3Q1
Q96FC7	A0A8V0XZR4
Q96FE5	Q50L44
Q96FE7	A0A8V0ZS63
Q96FF7	A0A8V1AGK4
Q96FH0	A0A8V1AKF3
Q96FI4	A0A8V0ZC51
Q96FJ0	A0A8V0ZLD2
Q96FJ2	A0A8V1AGI0
Q96FK6	A0A8V0Z3Z7
Q96FL9	A0A8V0YU13
Q96FM1	A0A8V1A508
Q96FN4	A0A8V0ZLZ5
Q96FN5	A0A8V1AI53
Q96FN9	E1C762
Q96FQ6	A0A8V1A8L3
Q96FT7	A0A8V0ZCY4
Q96FT9	A0A8V0XF64
Q96FV0	A0A8V0ZP35
Q96FV2	A0A8V0ZU99
Q96FV9	A0A1L1RME0
Q96FW1	A0A8V0X5G9
Q96FX7	F1NZ19
Q96FZ2	Q5ZJT1
Q96FZ5	A0A8V0XC57
Q96G01	A0A8V0YMG5
Q96G03	A0A8V0YKL1
Q96G21	A0A8V0ZXP0
Q96G23	A0A8V1AL62
Q96G25	A0A8V0ZI63
Q96G27	A0A8V0XRM5
Q96G28	A0A8V0YZT6
Q96G30	A0A140B2F4
Q96G46	A0A8V1A9N7
Q96G79	A0A8V0XVX5
Q96GA3	A0A8V0XTG6
Q96GC5	A0A8V0XDI5
Q96GC9	A0A8V1AH58
Q96GD0	F1NC58
Q96GD3	A0A8V0YI31
Q96GE4	A0A8V1AC39
Q96GE6	A0A8V0Z0H9
Q96GG9	Q5ZKU1
Q96GJ1	A0A8V0YWE0
Q96GL9	E1BS52
Q96GM5	A0A1D5PSH3
Q96GM8	F1N9P8
Q96GN5	A0A8V0XB89
Q96GP6	A0A8V0X4J5
Q96GQ5	A0A8V0X8J2
Q96GQ7	A0A8V0YNF9
Q96GR2	A0A8V0ZRQ1
Q96GR4	A0A8V1AH42
Q96GS4	A0A8V0XKM5
Q96GV9	R4GHF6
Q96GW7	A0A8V1AK50
Q96GW9	F1P137
Q96GX1	A0A8V0ZU31
Q96GX8	A0A8V0XRF8
Q96GX9	Q5ZLP2
Q96GY0	A0A8V0XJ86
Q96GY3	A0A8V0X7Y0
Q96H12	E1BT69
Q96H20	E1BZH7
Q96H22	Q1T765
Q96H35	A0A8V1AID0
Q96H55	A0A8V1AME4
Q96H72	Q5ZI20
Q96H96	A0A8V0X647
Q96HA4	A0A8V0ZL45
Q96HA8	A0A1D5PW90
Q96HC4	A0A8V0XNV6
Q96HD1	A0A8V0ZA60
Q96HE7	A0A8V0YY13
Q96HE8	A0A8V0ZP69
Q96HE9	A0A8V1AGX9
Q96HH4	A0A8V0ZBR0
Q96HH6	A0A8V0YFM2
Q96HH9	A0A8V0X1M6
Q96HJ3	A0A8V0ZB41
Q96HJ9	A0A8V0YFL9
Q96HL8	A0A8V0XHH4
Q96HN2	A0A8V0XM30
Q96HP4	A0A8V0XF29
Q96HR3	A0A8V0Y4A5
Q96HR8	A0A8V0XQ89
Q96HS1	A0A8V0ZA69
Q96HU1	A0A8V0YHE7
Q96HU8	E1C055
Q96HV5	A0A1D5PJ35
Q96HW7	A0A8V0XEA1
Q96HY6	A0A8V0Z3L3
Q96HY7	A0A8V0XQ19
Q96HZ4	A0A8V1A1B5
Q96I13	A0A8V1AL80
Q96I15	A0A8V1A7S2
Q96I23	A0A8V0Y1G7
Q96I24	A0A3Q2TU83
Q96I25	A0A8V0XUL9
Q96I36	A0A8V1A933
Q96I45	A0A8V1AGU7
Q96I51	A0A8V1AJW2
Q96I59	A0A8V0XAQ5
Q96I76	F1NCY9
Q96I82	F1NLB5
Q96I99	Q5ZL37
Q96IC2	A0A8V0Z4K9
Q96IG2	A0A8V0ZM14
Q96IJ6	F1NYN9
Q96IK0	A0A1D5PDS8
Q96IK1	A0A8V0XX70
Q96IL0	A0A8V0YVS4
Q96IP4	A0A8V0X8P1
Q96IQ9	A0A8V1AJ62
Q96IR7	E1BX51
Q96IV6	A0A8V0YTA5
Q96IW7	Q5ZIC5
Q96IX5	A0A8V0ZHN8
Q96IY1	Q1T766
Q96IY4	A0A8V0XLF4
Q96IZ0	A0A8V0YLI1
Q96IZ2	A0A8V0Y7F3
Q96IZ5	A0A8V0Z205
Q96IZ7	A0A8V0XA21
Q96J01	A0A8V0YNZ7
Q96J02	A0A8V0ZZH3
Q96J42	A0A1D5PWP3
Q96J84	A0A1D5PQ46
Q96J86	A0A8V0Y8R3
Q96J88	A0A8V0XDE2
Q96J94	A6N7Y9
Q96JA1	A0A8V0Z9G8
Q96JB1	A0A8V0ZII5
Q96JB2	F1NXB9
Q96JB3	A0A1D5P7L2
Q96JB5	A0A8V0ZNV5
Q96JB6	A0A8V0Z7G4
Q96JB8	A0A8V1A5W7
Q96JC1	A0A8V0ZEY6
Q96JC9	A0A8V0Z035
Q96JG6	Q5ZKV9
Q96JG9	A0A8V0Y273
Q96JH7	A0A8V0X7P8
Q96JH8	A0A8V0ZNZ1
Q96JI7	A0A8V0Z1S5
Q96JJ3	A0A8V0YUQ4
Q96JJ7	A0A8V0X9Y3
Q96JK2	A0A8V0ZEA0
Q96JK4	A0A1D5NYI4
Q96JK9	A0A8V0Y4P4
Q96JM2	A0A8V0YNC3
Q96JM3	A0A8V0YM97
Q96JM4	A0A8V0YC81
Q96JM7	A0A8V0XG13
Q96JN8	A0A8V0XB92
Q96JP0	E1C5C6
Q96JP2	A0A8V1ANW7
Q96JP5	A0A8V1A7S4
Q96JQ0	A0A8V0X9M6
Q96JQ2	A0A8V0Z3B8
Q96JT2	A0A8V1AEA4
Q96JX3	A0A8V0XD20
Q96JY0	A0A8V0XSQ7
Q96K17	Q5ZJG3
Q96K19	A0A8V0YK77
Q96K21	A0A8V0ZUQ3
Q96K30	A0A8V0X304
Q96K37	F1NE93
Q96K62	A0A8V0XMI1
Q96K78	A0A8V0XIT2
Q96K83	A0A1D5P7S4
Q96KB5	F1NGQ3
Q96KC2	A0A8V0XR99
Q96KC8	A0A8V0XW42
Q96KE9	A0A1D5NUD1
Q96KF7	A0A8V0XAI0
Q96KG7	A0A1D5PKT1
Q96KG9	A0A8V0X7W2
Q96KJ4	A0A8V0Z6F8
Q96KK3	A0A8V0ZQX6
Q96KM6	A0A8V1A479
Q96KN1	A0A8V0Y2K7
Q96KN2	F1P464
Q96KN3	A0A8V1A1N3
Q96KN4	E1BWY1
Q96KN9	A0A8V0XJK6
Q96KP1	F1P2A7
Q96KP4	A0A8V0X7J6
Q96KP6	A0A3Q2TUH4
Q96KQ4	A0A8V0Z663
Q96KR4	A0A8V0ZDK0
Q96KR6	A0A8V0YR93
Q96KR7	A0A8V1A2B3
Q96KS9	A0A8V0YH59
Q96KV7	A0A8V0ZCI8
Q96KX2	E1BUP3
Q96L03	A0A8V0YND7
Q96L08	A0A8V1AHH3
Q96L11	A0A8V0ZSA4
Q96L15	A0A8V0XCF8
Q96L33	R4GKN9
Q96L42	F1P320
Q96L50	A0A8V0Z8F8
Q96L58	A0A8V0ZK44
Q96L73	A0A8V0Y2K5
Q96L91	A0A8V0ZHD2
Q96L92	A0A8V1AIQ9
Q96L93	A0A8V0ZF28
Q96L94	A0A8V0ZM28
Q96L96	A0A8V0ZPX2
Q96LB3	A0A8V0XYC7
Q96LB4	A0A1D5P6L6
Q96LC9	A9XRG9
Q96LD1	A0A8V0YPB8
Q96LD4	A0A8V1ANT4
Q96LD8	R4GKQ2
Q96LI5	E1C5L3
Q96LJ8	A0A8V0ZLZ1
Q96LK0	A0A8V0ZUP0
Q96LL4	A0A8V0YBL8
Q96LL9	A0A3Q2U7S5
Q96LM5	A0A8V0XZL0
Q96LP2	A0A8V0YIL3
Q96LQ0	A0A8V0Z8D3
Q96LR2	A0A8V0ZL22
Q96LR4	A0A8V0ZCJ4
Q96LR7	A0A8V0X6W7
Q96LR9	A0A8V0YBL4
Q96LT4	A0A8V0ZPK7
Q96LT6	A0A8V1AFS7
Q96LT7	A0A8V0XPZ0
Q96LT9	A0A8V0ZU58
Q96LU5	A0A8V0Z9P2
Q96LU7	A0A8V0Y871
Q96LW2	A0A8V1AKV7
Q96LW7	A0A8V1AKC3
Q96LZ7	A0A8V0XUH1
Q96M02	A0A8V0XAL5
Q96M11	A0A8V1A166
Q96M29	E1C109
Q96M32	A0A8V0YLF7
Q96M60	A0A8V0YUV3
Q96M69	A0A8V0XZH4
Q96M93	A0A8V0XLV9
Q96M94	A0A1D5PIX2
Q96M95	A0A8V1ANC9
Q96M96	A0A8V0Y9X2
Q96M98	A0A8V0XPB6
Q96MA1	A0A8V1A9F5
Q96MA6	A0A8V1AJZ1
Q96MB7	A0A8V0ZUA0
Q96MC2	A0A8V0Y743
Q96MC5	A0A8V0Z7T9
Q96MC6	E1C047
Q96MD2	R4GMG7
Q96MD7	R4GJY9
Q96ME1	A0A8V0ZPF9
Q96ME7	A0A8V0Y7S3
Q96MF2	A0A8V0ZXZ4
Q96MF6	A0A8V1A3A3
Q96MF7	A0A8V0Y3R7
Q96MG8	Q5ZMR3
Q96MH7	A0A8V0YQS1
Q96MI6	A0A8V1A9A1
Q96MI9	A0A8V0ZCW3
Q96MK2	A0A8V0YNZ6
Q96MK3	A0A8V1ACT6
Q96MM7	Q76LW2
Q96MN5	A0A8V1A778
Q96MN9	A0A8V0Z9F5
Q96MR6	A0A8V0ZRE1
Q96MS0	A0A8V1A0T6
Q96MS3	A0A8V0ZFW3
Q96MT1	A0A8V0YQB0
Q96MT3	F1P3B6
Q96MT7	A0A8V0XH18
Q96MU7	A0A8V0XR11
Q96MU8	F1NBA7
Q96MV1	A0A8V0ZGI5
Q96MV8	A0A8V0YMW4
Q96MW1	Q5ZK95
Q96MW5	A0A8V0XSI4
Q96MX0	Q6L9F3
Q96MX6	A0A8V0Z3E6
Q96MY1	A0A1D5P4K7
Q96MY7	A0A8V0XVM6
Q96MZ0	F1NWU7
Q96N03	A0A8V0YLX0
Q96N11	A0A8V0YQT0
Q96N21	A0A8V1ADF7
Q96N23	A0A8V0YFF9
Q96N28	A0A8V0X1I5
Q96N46	A0A8V0Z4B1
Q96N67	A0A8V0ZYC9
Q96N76	A0A8V0ZH09
Q96N87	A0A8V0XRK6
Q96N96	A0A8V0XWZ5
Q96NA2	A0A8V1AHN5
Q96NA8	A0A8V0Y528
Q96NB2	F1NDD1
Q96NB3	A0A8V0XRA6
Q96NC0	A0A8V0YFT5
Q96NE9	A0A8V0ZHJ1
Q96NG3	A0A8V0ZSQ0
Q96NH3	F1N9K0
Q96NI6	A0A8V0ZD57
Q96NK8	A0A3Q2U1V3
Q96NL0	A0A3Q2U409
Q96NL1	A0A8V0XV30
Q96NL6	A0A8V0XYE2
Q96NL8	A0A8V0YNS4
Q96NM4	A0A8V0ZP89
Q96NN9	A0A8V0X589
Q96NT3	A0A8V1A8C8
Q96NU1	A0A8V0Z0K8
Q96NU7	A0A8V0Y6H7
Q96NW4	A0A8V1A4B7
Q96NW7	A0A8V0ZTN0
Q96NX5	A0A8V1AFA1
Q96NX9	A0A8V0Z5B2
Q96NY7	A0A8V0YHF3
Q96NY8	A0A8V1AIU8
Q96NZ1	A0A8V0ZIH9
Q96NZ8	A0A8V0Z7I3
Q96P11	A0A8V1AML9
Q96P16	F1NQ92
Q96P26	F1NV37
Q96P44	A0A8V0X9L0
Q96P47	A0A3Q2UN32
Q96P50	A0A8V0Z5S5
Q96P53	A0A8V0X7W5
Q96P65	A0A8V0XG68
Q96P67	A0A1L1RSL3
Q96P68	A0A8V0XG23
Q96P70	F1NRZ6
Q96P71	A0A8V0ZXK7
Q96PB1	A0A8V0XJ16
Q96PB7	A0A8V0ZMU3
Q96PB8	E1BYY6
Q96PC3	A0A8V1A720
Q96PD2	A0A8V0XUH7
Q96PD5	A0A8V0XHG1
Q96PD6	A0A8V1A141
Q96PD7	A0A8V0XC94
Q96PE1	A0A8V0Z9U4
Q96PE3	A0A8V0YUR8
Q96PE7	A0A8V1A245
Q96PH1	A0A8V0YVD1
Q96PK6	A0A8V0X366
Q96PM5	A0A8V0Y387
Q96PN7	A0A8V0ZFQ5
Q96PN8	A0A8V0Z232
Q96PQ0	A0A8V0YC00
Q96PQ7	A0A8V0YSY4
Q96PR1	F1NBQ3
Q96PS1	A0A8V0ZBV9
Q96PU4	A0A8V0YPN2
Q96PU5	A0A3Q2UC96
Q96PU8	Q9YH18
Q96PV7	A0A8V0Y663
Q96PX1	A0A8V1ANU0
Q96PX6	A0A1L1RR59
Q96PX8	F1NZH0
Q96PX9	A0A8V0ZJ14
Q96PY5	A0A8V0Y6K9
Q96PY6	A0A8V0Y074
Q96PZ0	A0A8V0Y5Y2
Q96PZ7	A0A8V0XG76
Q96Q05	A0A8V0XVF4
Q96Q07	A0A8V0ZPL1
Q96Q11	A0A1D5P668
Q96Q15	E1BW33
Q96Q27	A0A8V0YZ98
Q96Q40	A0A8V1A604
Q96Q42	A0A8V1A5Z0
Q96Q77	A0A8V1A6E4
Q96Q83	A0A8V0ZBI2
Q96Q89	A0A8V0Z6D7
Q96QA6	Q5ZI07
Q96QB1	A0A1D5PEQ5
Q96QD5	A0A8V0ZKW7
Q96QE2	A0A8V0XY55
Q96QE3	A0A8V1ADY7
Q96QF0	A0A8V0YLA2
Q96QF7	A0A8V0YS10
Q96QG7	A0A8V0YK87
Q96QH2	A0A8V1AEW6
Q96QI5	A0A8V0ZEP2
Q96QK1	A0A8V0ZWE2
Q96QK8	A0A8V0YVD2
Q96QP1	A0A8V0XBL4
Q96QR8	A0A8V0ZEG5
Q96QS1	A0A8V1A5S2
Q96QS3	A0A8V0X4F4
Q96QT4	A0A8V0YTP2
Q96QT6	A0A1D5PLW9
Q96QU1	Q0ZM14
Q96QU6	A0A8V0ZB22
Q96QU8	A0A8V0Z5T8
Q96QV1	A0A1D5PDP9
Q96QZ0	A0A8V1A6C8
Q96QZ7	A0A8V0ZCJ7
Q96R06	A0A8V1AGN1
Q96RD6	A0A8V0XA00
Q96RD7	A0A1D5P0I0
Q96RF0	E1C4N7
Q96RG2	A0A8V0ZUL0
Q96RI0	A0A8V1AFT0
Q96RI1	Q8JHU2
Q96RJ0	A0A8V0XCM3
Q96RJ6	A0A8V0XRA2
Q96RK4	A0A8V0ZKJ3
Q96RL1	A0A8V0YBE7
Q96RL7	A0A8V0YYF0
Q96RN1	A0A8V1AC75
Q96RN5	A0A8V1AD23
Q96RP9	F1P0J0
Q96RQ1	E1C3D3
Q96RQ3	A0A8V0YPR9
Q96RQ9	E6N1V0
Q96RR4	A0A8V1A4A1
Q96RS0	A0A8V0XK79
Q96RS6	A0A8V0XVA3
Q96RT1	A0A8V0YHK9
Q96RT7	A0A8V0XBU0
Q96RT8	A0A8V0XEE8
Q96RU3	A0A8V1A961
Q96RU8	A0A1D5PFK2
Q96RV3	A0A3Q2TSH3
Q96RW7	A0A8V0ZHJ2
Q96RY5	A0A8V0Z0I5
Q96RY7	A0A8V0Z0L4
Q96S06	A0A8V0Z6Q0
Q96S16	A0A8V0YZ83
Q96S38	A0A8V0Z8T4
Q96S42	A0A8V0YWE7
Q96S52	A0A8V1AGL5
Q96S53	A0A8V1A069
Q96S55	A0A8V0YDY1
Q96S65	A0A8V1ADP4
Q96S66	F1P073
Q96S79	A0A8V1API8
Q96S82	A0A8V0ZI60
Q96S86	A0A8V0ZD24
Q96S96	A0A8V0ZBY1
Q96S99	A0A8V0ZPT2
Q96SB3	A0A8V1A9K0
Q96SB4	A0A8V1A1P3
Q96SB8	E1BWW3
Q96SC8	A0A8V0ZPZ4
Q96SE0	A0A8V0Y4T1
Q96SF7	F1NA14
Q96SI1	A0A8V0XVP2
Q96SJ8	A0A8V0ZSA9
Q96SK2	A0A8V0XSX8
Q96SL4	A0A8V1A541
Q96SM3	A0A8V0YU47
Q96SN8	A0A8V1AGH3
Q96SQ7	A0A8V0Z495
Q96ST2	E1BRQ9
Q96ST3	E1BX21
Q96ST8	A0A8V0ZV66
Q96SU4	A0A8V1AEH2
Q96SY0	Q5ZK21
Q96SZ5	A0A8V0Y268
Q96SZ6	A0A8V0YXT4
Q96T17	A0A8V0XEB1
Q96T21	A0A8V0Y2G2
Q96T23	A0A8V0XDX9
Q96T37	A0A8V1ABA2
Q96T49	A0A8V0ZNZ0
Q96T51	A0A8V0YJI6
Q96T52	A0A8V0XF68
Q96T53	A0A8V0XGU5
Q96T54	A0A8V0ZJF6
Q96T55	A0A8V0ZJF1
Q96T58	A0A8V0YYC6
Q96T66	A0A8V1ABL8
Q96T68	A0A8V0XBN8
Q96T76	A0A8V0ZLK5
Q96T83	A0A8V0XBB4
Q96T88	A0A8V1AJ28
Q96T92	A0A8V0XRI3
Q96TA1	A0A8V1AM04
Q96TA2	Q5ZIG8
Q96TC7	A0A8V0ZZC4
Q99062	A0A8V0YPI5
Q99075	Q9W7C5
Q99102	A0A8V0YK80
Q99250	A0A8V1A5Z8
Q99259	Q9YI58
Q99417	A0A8V0YT59
Q99424	A0A8V0ZME3
Q99426	A0A8V0Y1J5
Q99435	Q90827
Q99436	Q7ZT63
Q99437	A0A1L1RUN2
Q99439	A0A8V1ABH4
Q99442	Q5F3A1
Q99447	A0A8V1AJ86
Q99453	F1NMR6
Q99456	A0A8V0ZPV0
Q99459	A0A8V0XY25
Q99467	A0A8V0YDV5
Q99469	A0A1D5P8F5
Q99470	A0A8V1AIS1
Q99471	A0A1D5NXK7
Q99487	A0A8V0YMT1
Q99496	A0A8V0YEK4
Q99500	A0A8V0Y4H7
Q99504	A0A8V0YAP9
Q99523	A0A8V0ZV62
Q99527	F1NWC2
Q99536	A0A8V0ZQV0
Q99538	A0A8V0YSF6
Q99541	A0A8V0YUP0
Q99543	A0A8V0Y6K2
Q99547	A0A8V0XXU2
Q99549	F1P0K0
Q99550	A0A8V1A0D6
Q99558	A0A8V1A2T9
Q99567	A0A8V1AL56
Q99569	A0A8V0Y1Y0
Q99570	A0A8V0Z6K4
Q99571	A0A8V1A1U9
Q99572	A0A8V1A1T0
Q99574	Q90935
Q99575	A0A8V0YEA9
Q99576	A0A8V0YHV7
Q99581	A0A8V0ZIL3
Q99583	A0A8V1ADX7
Q99590	A0A8V0YU33
Q99592	E1C4C1
Q99595	A0A8V1A046
Q99598	A0A8V0Y327
Q99612	Q5ZI79
Q99614	A0A8V0Y9P6
Q99615	A0A8V0ZT85
Q99618	E1C8X5
Q99622	A0A8V0ZT58
Q99624	A0A8V1AH41
Q99626	A0A8V0XHK1
Q99627	A0A1D5P6D2
Q99633	A0A8V0XQ85
Q99638	Q76F79
Q99643	A0A8V1A4F1
Q99650	A0A8V0YLX6
Q99653	Q5ZM44
Q99661	A0A8V1A6A1
Q99665	A0A8V0ZVG0
Q99674	A0A8V0Y4R8
Q99675	A0A8V0Z858
Q99677	E1BWJ9
Q99678	A0A8V0Y353
Q99679	A0A3Q3AUK4
Q99680	E1C2D4
Q99683	A0A1D5PTJ8
Q99684	A0A1D5PRH3
Q99685	A0A3Q2U9E5
Q99689	A0A1L1RVA3
Q99698	A0A8V0YA43
Q99700	A0A8V1A9A2
Q99704	A0A1D5PZ39
Q99705	F1NBS2
Q99707	A0A8V0Y243
Q99708	A0A8V0XG43
Q99712	A0A8V0YJ05
Q99714	A0A8V0X2T8
Q99719	A0A8V1A040
Q99720	Q5ZL84
Q99727	A0A8V1A653
Q99728	A0A8V0YD08
Q99729	A0A8V0YRG0
Q99732	Q8QGW7
Q99733	A0A8V0ZQR9
Q99735	A0A8V0Y5P0
Q99741	A0A3Q2TYA4
Q99747	E1BWS2
Q99748	A0A8V1AG06
Q99750	A0A8V1AA19
Q99757	A0A1D5PWT4
Q99758	A0A8V0Z1U4
Q99759	A0A3Q2TZP2
Q99766	F1NBU5
Q99767	F1NYK4
Q99784	Q9IAK4
Q99788	A0A1D5P7P2
Q99795	A0A8V0XYU4
Q99797	A0A8V0XKD1
Q99798	Q5ZMW1
Q99801	A0A8V0ZJR3
Q99805	A0A8V0XMH2
Q99807	A0A8V0ZGW7
Q99808	A0A8V0ZHI1
Q99814	A0A8V0YZQ2
Q99819	A0A8V0YRZ8
Q99828	A0A8V0X4C5
Q99829	A0A8V0ZZN9
Q99848	A0A8V0ZNT5
Q99853	A0A8V0ZZC0
Q99856	A0A8V1AC20
Q99884	A0A8V0YLF5
Q99895	A0A1D5NU45
Q99928	A0A1D5PXS3
Q99932	A0A8V0Y6T6
Q99933	F1NPL0
Q99943	A0A8V0ZVX8
Q99946	A0A8V0X685
Q99958	A0A8V0XX09
Q99959	A0A8V0Y9L5
Q99967	Q9DDW4
Q99969	A0A8V1AFG4
Q99972	A0A8V0YLZ8
Q99983	A0A8V1AAG8
Q99986	A0A8V0YTL9
Q99988	A0A8V1AF44
Q99990	A0A8V0YP68
Q99996	A0A8V0XKR6
Q99999	A0A8V0WZN3
Q9BPU6	A0A8V0XXL4
Q9BPU9	A0A8V0XXN7
Q9BPV8	A0A8V0X443
Q9BPW5	E1BWN3
Q9BPW8	A0A8V0X4M8
Q9BPW9	E1C781
Q9BPX3	A0A1D5PE93
Q9BPX6	A0A8V0ZK05
Q9BPX7	A0A3Q3AZZ9
Q9BPY3	A0A8V0ZX77
Q9BPY8	Q8JHU0
Q9BPZ3	Q5ZJS6
Q9BPZ7	Q9W6S3
Q9BQ13	A0A3Q2U9M6
Q9BQ15	A0A8V1A0N3
Q9BQ16	A0A8V0XXJ7
Q9BQ24	A0A8V0YUS1
Q9BQ31	E1BWF1
Q9BQ49	A0A8V1AE87
Q9BQ52	A0A8V1ANQ0
Q9BQ65	A0A8V0ZJT6
Q9BQ70	A0A8V0Y0J9
Q9BQ75	A0A8V0XME5
Q9BQ83	A0A8V1A3C3
Q9BQ89	A0A8V0YNI3
Q9BQ90	A0A8V0Z5X9
Q9BQA1	A0A8V1AGY5
Q9BQA5	A0A8V1A3U6
Q9BQA9	A0A8V1AM90
Q9BQB4	A0A1D5PH47
Q9BQC6	A0A8V0XRM2
Q9BQD3	A0A8V1A7G7
Q9BQD7	A0A8V0Z5N7
Q9BQE4	E1C5C5
Q9BQE9	A0A8V1AIU5
Q9BQF6	A0A8V0XJP6
Q9BQG0	A0A8V1AI99
Q9BQG2	E1C2E5
Q9BQI0	A0A8V1A4Z6
Q9BQI3	A0A8V0ZKA2
Q9BQI4	A0A8V0XKV3
Q9BQI5	A0A8V0ZS83
Q9BQI6	A0A8V0YJW8
Q9BQI7	A0A8V0YJM9
Q9BQJ4	R4GIT0
Q9BQL6	A0A8V0Z6Y7
Q9BQP7	A0A1L1RXX7
Q9BQQ3	A0A8V1ABN7
Q9BQS7	A0A8V0YZM3
Q9BQS8	A0A8V0Z2G0
Q9BQT8	A0A8V0XKV1
Q9BQT9	A0A8V0ZXH5
Q9BR01	A0A8V0YL72
Q9BR09	A0A8V0YU76
Q9BR11	A0A8V0YU36
Q9BR26	A0A8V0ZCP3
Q9BR61	E1C483
Q9BR76	A0A8V0ZQD9
Q9BR77	A0A8V0YGZ6
Q9BRA0	A0A1L1RKD7
Q9BRA2	A0A8V1ABX0
Q9BRB3	A0A8V0ZAD5
Q9BRC7	A0A8V0ZKY1
Q9BRF8	A0A8V0ZCV8
Q9BRI3	A0A8V0YW77
Q9BRJ2	A0A8V0ZQ96
Q9BRJ6	A0A8V0ZVT9
Q9BRK0	A0A8V0YGX9
Q9BRK3	Q90WI4
Q9BRK4	A0A3Q2UEY4
Q9BRL7	A0A8V1ABL7
Q9BRN9	F1NX03
Q9BRP0	A0A8V0Z737
Q9BRP1	Q5ZID2
Q9BRP7	A0A8V0ZWR6
Q9BRP8	A0A8V1A3N8
Q9BRQ0	A0A8V1A662
Q9BRQ4	E1C9D5
Q9BRQ6	A0A8V1AFP9
Q9BRQ8	E1BR24
Q9BRR3	A0A8V0XIA8
Q9BRR6	A0A8V0ZRD0
Q9BRR8	A0A8V1A4T5
Q9BRS2	A0A8V0YCY8
Q9BRS8	A0A8V0ZVH9
Q9BRT2	A0A8V1A9L7
Q9BRT3	A0A8V1A5K1
Q9BRT6	Q5ZHK9
Q9BRU9	A0A8V0Y428
Q9BRV8	A0A8V1A7C6
Q9BRX5	A0A1D5PWI7
Q9BRY0	A0A3Q2U760
Q9BS16	Q1T7C1
Q9BS26	A0A8V0XZJ3
Q9BS40	A0A8V0X781
Q9BS91	A0A8V0XQ63
Q9BSA4	A0A8V1AKH2
Q9BSB4	A0A8V1A363
Q9BSC4	E1BXP3
Q9BSD7	A0A8V0Y4I0
Q9BSE2	A0A8V1A7W1
Q9BSE4	A0A8V0Z2H0
Q9BSF0	A0A1D5PFG0
Q9BSF8	A0A8V0ZJM7
Q9BSG0	A0A8V0ZCA3
Q9BSH3	A0A8V1A6N0
Q9BSH4	A0A8V0X0N6
Q9BSJ2	A0A8V0ZR76
Q9BSJ6	F1NB15
Q9BSJ8	A0A8V1A0A0
Q9BSK0	A0A8V0ZT33
Q9BSK2	E1C5T1
Q9BSK4	A0A8V1AEG7
Q9BSM1	A0A8V0XQR4
Q9BSN7	A0A3Q2U1Q9
Q9BSQ5	A0A8V1AA01
Q9BSR8	Q5ZJD7
Q9BST9	A0A8V0XPG0
Q9BSU1	A0A8V0ZXJ0
Q9BSW7	A0A1D5PSH0
Q9BSY4	A0A8V0XHB6
Q9BSY9	Q5ZIV7
Q9BT04	A0A8V0X6Z9
Q9BT09	A0A8V0Z9Y3
Q9BT17	A0A8V0ZIK8
Q9BT22	A0A8V0Z1B7
Q9BT23	A0A8V0ZL80
Q9BT25	A0A8V1A8A4
Q9BT40	A0A8V1AJM9
Q9BT49	A0A8V0XMD0
Q9BT56	A0A8V0YFY0
Q9BT67	A0A8V0YJD5
Q9BT73	A0A8V0ZB43
Q9BT78	A0A8V0XKL6
Q9BT81	A0A8V0Y3N3
Q9BT88	A0A8V1AIM6
Q9BT92	A0A8V0ZM89
Q9BTA0	A0A8V0Z1A1
Q9BTA9	A0A8V0XFA4
Q9BTC0	A0A8V0ZVZ7
Q9BTC8	A0A8V0ZDZ1
Q9BTD3	Q8QFN3
Q9BTE0	A0A8V1AEB6
Q9BTE1	A0A8V0YSZ1
Q9BTE6	F1NC49
Q9BTE7	E1C9E9
Q9BTF0	A0A8V0Z076
Q9BTM9	Q5ZJU4
Q9BTN0	A0A8V0Y7U6
Q9BTP7	A0A1D5P406
Q9BTT4	A0A8V0X3A7
Q9BTT6	F1NRK4
Q9BTU6	A0A8V0Z836
Q9BTV4	E1BUH7
Q9BTV5	A0A8V1ADN1
Q9BTV6	A0A1D5P6U5
Q9BTV7	A0A8V0ZJB2
Q9BTX1	A0A8V1A6U4
Q9BTX7	A0A8V0ZRU8
Q9BTY2	E1BS94
Q9BTY7	A0A8V0Y6C7
Q9BU19	A0A8V0X6Q1
Q9BU20	A0A8V0ZDW8
Q9BU40	Q90ZD5
Q9BU61	A0A8V0ZF70
Q9BU68	A0A8V0ZNV9
Q9BU76	A0A1D5PYM3
Q9BU79	F1P2I3
Q9BU89	Q5ZIP3
Q9BUB5	A0A8V0ZUU9
Q9BUB7	Q5ZLJ4
Q9BUD6	A0A8V0YVX0
Q9BUE0	R4GFA9
Q9BUE6	Q5ZJ74
Q9BUH6	A0A8V1AIN8
Q9BUH8	A0A8V0YXQ4
Q9BUI4	A0A8V1AA20
Q9BUJ0	A0A8V1A9H7
Q9BUJ2	A0A8V0Y631
Q9BUK0	A0A8V0XBC9
Q9BUK6	A0A8V1ADR0
Q9BUL8	Q5ZIV5
Q9BUL9	A0A3Q2U162
Q9BUM1	A0A8V0ZVS0
Q9BUN5	A0A8V0Z8K4
Q9BUN8	Q5ZMF9
Q9BUP3	A0A1L1RLC7
Q9BUQ8	A0A8V0ZPM1
Q9BUR4	A0A8V0X313
Q9BUR5	A0A8V0XI49
Q9BUT1	A0A8V0YS74
Q9BUT9	A0A8V0Z853
Q9BUU2	A0A8V0Z7S4
Q9BUV0	A0A8V0YT80
Q9BUV8	A0A8V0ZIV7
Q9BUW7	A0A8V1ACP9
Q9BUX1	A0A8V0ZQI0
Q9BUY7	A0A8V0Z972
Q9BUZ4	A0A8V1AGQ5
Q9BV10	F1P077
Q9BV19	A0A8V0ZKS9
Q9BV20	A0A8V0XJU7
Q9BV23	A0A8V1A7A0
Q9BV29	A0A8V0ZUD0
Q9BV36	A0A8V0YF96
Q9BV38	A0A8V1AC74
Q9BV44	A0A1L1RRY6
Q9BV47	A0A8V0Z2T2
Q9BV57	Q5ZL43
Q9BV68	A0A1D5NZC4
Q9BV73	A0A8V0ZC94
Q9BV79	A0A8V0YNQ7
Q9BV81	A0A8V1AF33
Q9BV86	A0A8V1A6T4
Q9BV90	A0A8V0Z9A7
Q9BV94	A0A8V1A1A6
Q9BV99	A0A8V1ADD4
Q9BVA6	A0A8V0ZVQ8
Q9BVC3	A0A8V0Y3D7
Q9BVC4	A0A8V0Z4H5
Q9BVC6	A0A8V0ZKV2
Q9BVG3	A0A8V0Z4D1
Q9BVG4	A0A8V0ZDK8
Q9BVG8	A0A8V0ZD66
Q9BVH7	F6VMN5
Q9BVI0	A0A8V0ZTD9
Q9BVJ7	A0A8V1AK42
Q9BVK2	A0A8V0XDL7
Q9BVK8	A0A8V0X6N4
Q9BVL2	Q5ZKL1
Q9BVL4	A0A8V0X2T6
Q9BVM2	A0A8V0ZAB4
Q9BVM4	A0A3Q2U3N8
Q9BVN2	A0A8V1ADJ9
Q9BVP2	F1NLK0
Q9BVQ7	A0A8V0YN55
Q9BVS4	A0A8V0YJP9
Q9BVS5	A0A8V0Z9V7
Q9BVT8	A0A8V1AA58
Q9BVV2	A0A8V0YXS9
Q9BVV7	A0A8V0X1C0
Q9BVV8	A0A8V1AIW5
Q9BVX2	A0A1D5NWN7
Q9BW04	A0A8V1A7H2
Q9BW11	A0A8V0YAZ9
Q9BW19	A0A8V0XHD4
Q9BW27	A0A8V1ALR7
Q9BW30	A0A8V1A1D2
Q9BW60	A0A8V0ZRH3
Q9BW62	A0A8V0XRV3
Q9BW66	A0A8V0Z748
Q9BW83	A0A1D5PME6
Q9BW85	A0A8V1A278
Q9BW91	A0A8V0XAH5
Q9BWD1	A0A8V0XH76
Q9BWF2	A0A8V1A3M7
Q9BWG4	A0A8V1A2M6
Q9BWG6	A0A8V1AJG7
Q9BWH6	A0A8V0ZBS1
Q9BWJ5	A0A1D5P7U7
Q9BWK5	A0A8V0YFQ4
Q9BWL3	A0A8V1AFV5
Q9BWQ8	A0A1D5PGL3
Q9BWS9	A0A8V0ZRT1
Q9BWT1	A0A8V0ZM27
Q9BWT3	A0A8V0Z2C0
Q9BWT6	A0A8V0YN17
Q9BWT7	A0A8V0YGT7
Q9BWU0	A0A8V0ZCH4
Q9BWU1	A0A8V0YFL1
Q9BWV1	A0A8V0XMI6
Q9BWV3	A0A1D5NZE1
Q9BWV7	A0A8V0XNG3
Q9BWW4	Q98948
Q9BX10	F1NAG8
Q9BX40	A0A8V0ZRX9
Q9BX46	Q5ZMA3
Q9BX59	A0A8V0ZFG3
Q9BX63	Q3YK19
Q9BX66	A0A8V0ZRL0
Q9BX67	A0A8V1A715
Q9BX68	A0A8V0Y2M6
Q9BX73	A0A1D5P3V1
Q9BX74	A0A8V0ZXP8
Q9BX79	A0A8V0ZPG6
Q9BX84	A0A8V0YTN5
Q9BX93	A0A8V0ZJ65
Q9BX97	A0A1L1RZT1
Q9BXA5	A0A3Q2U480
Q9BXA6	A0A8V0YTI1
Q9BXA9	A0A8V0XUJ5
Q9BXB1	A0A1D5PB24
Q9BXB4	A0A8V0ZEV4
Q9BXB5	A0A8V0X532
Q9BXB7	A0A8V0ZDS6
Q9BXC1	Q5ZLH3
Q9BXC9	A0A8V0ZUH3
Q9BXF3	A0A8V0YAE7
Q9BXF6	A0A8V0Z6Q7
Q9BXF9	A0A8V1AP02
Q9BXI3	A0A8V0ZCP6
Q9BXI6	A0A8V0X4R4
Q9BXJ0	A0A8V1A5F2
Q9BXJ1	A0A8V1AQC7
Q9BXJ2	A0A8V0Y7H4
Q9BXJ3	A0A8V0ZMW0
Q9BXJ4	R4GKL8
Q9BXJ5	A0A8V0Y216
Q9BXJ7	A0A8V0YT12
Q9BXJ9	F1NVR6
Q9BXK5	A0A8V0YHC3
Q9BXL7	A0A8V0Z051
Q9BXL8	A0A3Q3AAV9
Q9BXM7	A0A8V0Z927
Q9BXM9	A0A8V0YQ12
Q9BXN1	E1BT96
Q9BXP2	A0A8V0Z3F6
Q9BXP8	A0A8V0Y9D5
Q9BXQ6	A0A8V0YIM1
Q9BXS0	A0A8V0XIV1
Q9BXS4	A0A8V1A9U8
Q9BXS5	A0A8V1AIF1
Q9BXS9	R4GKK6
Q9BXT4	A0A8V0ZZD0
Q9BXT6	A0A8V0X9Z6
Q9BXT8	A0A8V0XKM4
Q9BXU0	A0A8V1A1F5
Q9BXU1	A0A8V0XFW0
Q9BXU9	A0A8V1AKM4
Q9BXW4	A0A8V0Y6K8
Q9BXW6	A0A8V0XLW6
Q9BXW7	A0A8V0YEP4
Q9BXW9	A0A8V1A3Y9
Q9BXX0	A0A8V0X207
Q9BXY0	A0A8V0Z2I9
Q9BXY4	A0A8V0XC82
Q9BXY5	A0A8V0YJG0
Q9BY07	A0A8V0ZLQ8
Q9BY10	R4GFI6
Q9BY11	A0A8V1AAI8
Q9BY12	A0A8V0ZZ43
Q9BY21	A0A8V0X448
Q9BY32	F1NLH9
Q9BY41	A0A8V0YX55
Q9BY49	A0A8V0ZIT7
Q9BY50	A0A8V0YDP0
Q9BY67	A0A8V0ZZ84
Q9BY76	A0A8V1AHP7
Q9BY77	A0A8V0Y7E5
Q9BY78	A0A8V1A4Z4
Q9BY79	A0A8V1AAH0
Q9BY84	R4GM14
Q9BYB0	A0A8V0XTB5
Q9BYB4	A0A8V1A5Q7
Q9BYC5	A0A8V0ZKN8
Q9BYC8	A0A8V0XUL2
Q9BYC9	E1BRV2
Q9BYD1	A0A8V0XXP4
Q9BYD2	A0A8V1AGX4
Q9BYD6	A0A8V0XS57
Q9BYE2	A0A8V0ZXD4
Q9BYE7	A0A8V0ZG86
Q9BYE9	A0A8V0Y4A1
Q9BYF1	A0A5J6CU64
Q9BYG0	A0A1D5PGR9
Q9BYG3	A0A8V0ZLX0
Q9BYG5	Q0PVE4
Q9BYH1	A0A8V0ZU76
Q9BYH8	A0A8V0XX68
Q9BYI3	Q5ZM13
Q9BYJ0	Q802A9
Q9BYJ9	Q5ZME7
Q9BYK8	A0A8V0YW63
Q9BYL1	A0A8V0ZNZ3
Q9BYN0	A0A3Q2UDS8
Q9BYN7	A0A8V0ZTX0
Q9BYN8	A0A8V0YWX5
Q9BYP7	A0A8V1ACW2
Q9BYS8	A0A8V0Y836
Q9BYT1	A0A8V0ZLU9
Q9BYT8	A0A8V0YM53
Q9BYT9	A0A8V0ZBL9
Q9BYV1	A0A8V0YJP6
Q9BYV2	A0A8V0Y5B7
Q9BYV6	A0A8V0XBY6
Q9BYV7	A0A8V1A3Q8
Q9BYV9	A0A3Q2UDQ5
Q9BYW1	E1C4E5
Q9BYW2	A0A8V1ABI1
Q9BYX2	A0A8V0XY35
Q9BYX4	A0A1D5P5I0
Q9BYZ6	A0A8V0ZAB6
Q9BYZ8	E1BZV4
Q9BZ11	A0A8V0Z4H1
Q9BZ23	A0A8V0Z2T1
Q9BZ29	A0A8V0XJ63
Q9BZ71	A0A8V1AN05
Q9BZ72	A0A8V1A0J4
Q9BZ95	A0A1D5PLB7
Q9BZB8	A0A8V0ZW49
Q9BZC1	A0A8V0YAN6
Q9BZC7	A0A8V1AEF8
Q9BZD2	A0A8V0ZCK9
Q9BZD6	A0A8V1A1Q8
Q9BZD7	A0A8V0YXZ7
Q9BZE0	A0A8V0Z3B3
Q9BZE2	A0A8V0ZYZ1
Q9BZE3	A0A1D5PMT7
Q9BZE4	A0A8V0XI23
Q9BZE7	A0A8V0YDZ3
Q9BZE9	A0A8V1AMD8
Q9BZF1	A0A8V0YMJ1
Q9BZF2	A0A8V0ZUK9
Q9BZF3	A0A3Q2TY05
Q9BZF9	A0A8V0Z5Q3
Q9BZG1	A0A8V1AGP3
Q9BZH6	A0A8V0X592
Q9BZI1	A0A8V0Y2L7
Q9BZJ0	F1P3Q8
Q9BZJ4	A0A8V1A7V9
Q9BZJ6	A0A8V0XH98
Q9BZJ8	A0A1D5P737
Q9BZK7	A0A8V0Z5V6
Q9BZL1	A0A8V0XB37
Q9BZL3	A0A8V0Z3W9
Q9BZM1	A0A8V0XHP6
Q9BZM3	A0A8V0YUK4
Q9BZP6	A0A8V1AI20
Q9BZQ4	E1BXJ1
Q9BZQ6	A0A8V0YJ07
Q9BZQ8	A0A8V0YCB0
Q9BZR6	A0A8V0X765
Q9BZR8	A0A8V0ZTM1
Q9BZR9	A0A1D5PKN1
Q9BZV1	A0A8V1AAH8
Q9BZW2	A0A8V0X9P6
Q9BZW5	F1N951
Q9BZW7	A0A8V0YTM0
Q9BZW8	A0A8V1AF47
Q9BZX2	A0A8V0Y9Y6
Q9BZZ5	Q5ZMW3
Q9C002	A0A8V0YYX0
Q9C004	A0A8V0YS11
Q9C005	A0A8V0XUD3
Q9C009	A0A8V0YLB3
Q9C026	A0A8V0ZHE0
Q9C029	A0A8V0XE61
Q9C040	F1NEW3
Q9C056	A0A3Q2UGY9
Q9C073	A0A8V1ADX1
Q9C075	A0A1D5PQ65
Q9C086	A0A8V0XK92
Q9C091	A0A8V0XLL2
Q9C093	A0A8V0YIE9
Q9C098	A0A8V0ZD70
Q9C099	A0A8V0YCU9
Q9C0A0	A0A8V0Y841
Q9C0A6	A0A8V0ZCR6
Q9C0B0	F1P3C2
Q9C0B1	A0A8V0ZIK2
Q9C0B2	A0A8V0ZBM0
Q9C0B5	A0A8V1ACZ6
Q9C0B6	E1BV99
Q9C0B7	A0A8V0XW65
Q9C0B9	A0A8V0YD77
Q9C0C2	A0A8V1A0V8
Q9C0C4	A0A8V0ZKQ5
Q9C0C6	A0A8V0XFM2
Q9C0C7	A0A8V1A264
Q9C0C9	A0A8V1ACU3
Q9C0D2	A0A8V0Y3L8
Q9C0D3	A0A8V1A8S4
Q9C0D4	A0A8V0YAM8
Q9C0D5	A0A8V0YFN4
Q9C0D6	A0A8V0XYB8
Q9C0D7	A0A8V0XKM2
Q9C0D9	A0A8V0XZ47
Q9C0E4	A0A8V0ZC82
Q9C0E8	A0A8V0ZQ31
Q9C0F0	A0A8V0XSX0
Q9C0F1	A0A8V0XED1
Q9C0G0	A0A8V0XA53
Q9C0H2	A0A8V0Z5R3
Q9C0H5	A0A8V0XR22
Q9C0H6	A0A8V0ZC13
Q9C0H9	A0A8V1A3S8
Q9C0I1	F1NQP5
Q9C0I3	A0A8V0Y0H5
Q9C0I4	A0A8V0Y0A0
Q9C0J1	A0A8V1A7T2
Q9C0J8	A0A8V0ZXY5
Q9C0J9	A0A3Q2UG86
Q9C0K0	A0A1D5PW98
Q9C0K1	A0A8V0XRS0
Q9C0K7	A0A8V1A350
Q9GZK7	A0A1D5P2V9
Q9GZL7	A0A8V0ZWS6
Q9GZM5	Q5F384
Q9GZM7	A0A8V0YZT4
Q9GZN2	A0A8V0ZIS5
Q9GZN7	A0A8V0YWS5
Q9GZP0	A0A3Q2U6E1
Q9GZP1	A0A8V0YFT2
Q9GZP4	A0A8V0YRP0
Q9GZP9	F6RIR9
Q9GZQ3	Q5ZM89
Q9GZQ4	E1BX29
Q9GZQ6	A0A8V0ZLK8
Q9GZR1	A0A8V0XL74
Q9GZR2	A0A8V1AHV0
Q9GZR5	E3VVZ7
Q9GZR7	A0A8V0Z289
Q9GZS0	F1NQ70
Q9GZS1	A0A8V0X9P2
Q9GZT3	A0A1D5NYU5
Q9GZT4	A0A8V1AI43
Q9GZT5	Q60GF6
Q9GZT6	A0A8V0XXC7
Q9GZT8	A0A8V1A000
Q9GZT9	A0A8V0XX07
Q9GZU0	E1C1Y2
Q9GZU1	A0A8V0XA19
Q9GZU3	E1C8M3
Q9GZU5	A0A8V0XA18
Q9GZU7	A0A8V0ZFN2
Q9GZU8	A0A8V0ZP56
Q9GZV1	A0A8V0ZLD9
Q9GZV3	F1P4Q0
Q9GZV4	Q07460
Q9GZV5	A0A8V0X167
Q9GZV7	A0A8V1ADD5
Q9GZV8	A0A8V0XEG2
Q9GZV9	A0A8V0ZQZ5
Q9GZX6	E1C1U2
Q9GZX7	E1BVI0
Q9GZY8	A0A8V1A663
Q9GZZ1	A0A8V0ZW70
Q9GZZ6	A0A8V0X8C3
Q9H000	A0A8V1AIA6
Q9H008	A0A8V0X406
Q9H013	A0A8V0YQK4
Q9H019	A0A8V0YSF9
Q9H040	E1BQ54
Q9H061	A0A8V0XRM3
Q9H063	A0A8V0Y6H5
Q9H069	A0A1D5PXC2
Q9H074	A0A8V0YQX8
Q9H078	A0A8V0XCR7
Q9H079	A0A8V0ZHI9
Q9H082	Q5ZHV1
Q9H093	A0A8V1A9S5
Q9H095	A0A8V0YKG2
Q9H098	A0A8V0XQT8
Q9H0A0	A0A8V1A820
Q9H0A6	A0A8V0ZW29
Q9H0A8	A0A8V0ZHP7
Q9H0B8	A0A8V0XYZ2
Q9H0C1	A0A8V0YVT1
Q9H0C3	E1C195
Q9H0C5	A0A8V0YYS6
Q9H0C8	E1BYA9
Q9H0D2	A0A8V0YA99
Q9H0D6	Q5ZIP4
Q9H0E7	F1P4C5
Q9H0E9	A0A8V0Y8J7
Q9H0F5	A0A8V0YL06
Q9H0F6	A0A8V0XY36
Q9H0G5	A0A8V1ANF7
Q9H0H3	A0A8V0ZKJ0
Q9H0H5	A0A8V0ZZZ3
Q9H0I2	A0A8V1A6Q3
Q9H0I3	A0A8V0ZLD3
Q9H0J4	A0A8V1AD22
Q9H0J9	A0A8V0YBW0
Q9H0K1	A0A8V0ZSB4
Q9H0K6	A0A8V0X3V2
Q9H0M0	A0A8V0YDQ1
Q9H0P0	Q5ZID6
Q9H0Q0	Q5ZI04
Q9H0R1	A0A8V0Z1H8
Q9H0R3	A0A8V0YZH1
Q9H0R4	A0A8V0YH66
Q9H0R6	A0A8V0YK32
Q9H0S4	Q5ZLB0
Q9H0T7	A0A8V0YDI7
Q9H0U6	A0A8V0XD33
Q9H0V1	A0A8V0X8Q5
Q9H0V9	A0A8V0ZKV8
Q9H0W9	A0A8V0Y7M7
Q9H0X4	A0A8V0YYK8
Q9H0X6	A0A8V1AKT6
Q9H0X9	A0A8V0ZXI7
Q9H0Y0	A0A8V0XUQ1
Q9H115	A0A8V0YXY0
Q9H116	A0A8V0Z5W4
Q9H147	A0A8V0YU04
Q9H156	F1NEZ4
Q9H159	A0A8V0XBM4
Q9H160	A0A8V0XSL7
Q9H161	O93582
Q9H165	A0A1D5PMI2
Q9H169	A0A8V0Y105
Q9H172	A0A1D5P092
Q9H173	A0A8V0Y6H1
Q9H175	A0A1D5PNW1
Q9H195	A0A8V0X7R4
Q9H1A4	A0A8V0ZB40
Q9H1B5	F1NU53
Q9H1B7	A0A1D5NX91
Q9H1C0	A0A8V0ZDJ0
Q9H1C3	A0A8V0Y3Y7
Q9H1C4	A0A8V0ZK49
Q9H1C7	A0A8V0XZD5
Q9H1D9	A0A8V0Z8C8
Q9H1E3	A0A8V1A6V5
Q9H1E5	A0A8V0Z5Y9
Q9H1H9	A0A8V0XTW4
Q9H1I8	A0A8V0X7H4
Q9H1J1	A0A8V0YLV4
Q9H1J7	F1NMK6
Q9H1K0	A0A8V0ZMQ4
Q9H1K1	A0A8V0ZNV0
Q9H1K6	E1BSC8
Q9H1N7	F1P4W7
Q9H1P3	A0A8V0ZXY2
Q9H1P6	A0A8V0YQ92
Q9H1R2	E1BRQ8
Q9H1R3	A0A8V0YPY7
Q9H1U4	A0A8V1AKH8
Q9H1V8	F1NS02
Q9H1X1	A0A8V0ZAM7
Q9H1X3	F1NCU8
Q9H1Y0	Q5ZHW2
Q9H1Y3	E1C1F4
Q9H1Z8	A0A8V0YGW0
Q9H1Z9	A0A8V1AP01
Q9H201	F1NZR2
Q9H204	A0A8V0Y948
Q9H211	A0A8V0XQ29
Q9H221	A0A8V0ZKE6
Q9H222	A0A8V0Z747
Q9H223	F1NV47
Q9H239	A0A8V1AN12
Q9H244	A0A8V0X9C4
Q9H246	A0A8V0YE58
Q9H251	A0A8V0ZCC7
Q9H255	A0A8V0X985
Q9H257	A0A8V1AJL9
Q9H267	A0A3S5ZPB6
Q9H269	A0A8V0XR33
Q9H270	A0A8V1AB61
Q9H295	A0A8V0YBP6
Q9H299	A0A8V0YLT6
Q9H2A2	A0A8V0XV50
Q9H2A3	Q9YH82
Q9H2A9	F1NIQ2
Q9H2B2	A0A1D5PCG4
Q9H2B4	A0A8V0YKK9
Q9H2C0	A0A8V0XN98
Q9H2C1	A0A8V0X5B1
Q9H2C2	A0A8V0Y1Y7
Q9H2D1	A0A1D5PZX4
Q9H2D6	A0A8V0Y8E6
Q9H2E6	E1C1C2
Q9H2F3	A0A8V1AL99
Q9H2F5	A0A8V0XMX7
Q9H2G2	E1BQV7
Q9H2G9	E1C3Q8
Q9H2H0	A0A8V0XQE2
Q9H2H8	Q5ZLV2
Q9H2H9	F1NYN5
Q9H2I8	A0A8V0ZP47
Q9H2J4	Q5ZL90
Q9H2J7	E1BS25
Q9H2K0	A0A8V0XJ60
Q9H2K2	A0A8V0ZDP8
Q9H2L4	E1BQU3
Q9H2M9	A0A8V0YUG4
Q9H2P0	A0A8V0YNF3
Q9H2P9	F1P418
Q9H2S1	A0A8V0Y0U2
Q9H2S6	A0A8V0YZC4
Q9H2S9	A0A8V1A493
Q9H2U1	A0A1D5PHB6
Q9H2U2	A0A8V0XKR9
Q9H2W6	A0A8V0ZJT3
Q9H2X0	A0A8V0YMM6
Q9H2X6	F1P4G3
Q9H2X9	A0A1D5PPW3
Q9H2Y7	A0A8V0ZAK8
Q9H2Y9	A0A8V0XJY3
Q9H300	F1NUI6
Q9H305	A0A8V0YZD4
Q9H306	A0A8V0XP07
Q9H307	E1C2F2
Q9H321	A0A8V0Y3A2
Q9H324	A0A1D5NZ82
Q9H329	A0A8V0XU39
Q9H330	A0A8V0Y2L9
Q9H3D4	A0A167VDT2
Q9H3E2	A0A8V0XW17
Q9H3F6	A0A8V0ZKG8
Q9H3H1	A0A8V0YPV0
Q9H3H5	A0A1D5PQ50
Q9H3J6	A0A1D5PY53
Q9H3K2	A0A8V0Y8R9
Q9H3L0	Q5ZKP2
Q9H3M0	F1NK95
Q9H3N8	E1C7I3
Q9H3P2	A0A8V0Z4C5
Q9H3P7	A0A8V0YUV6
Q9H3Q1	A0A8V1AIK8
Q9H3Q3	A0A8V1A4V9
Q9H3R0	A0A8V0YA59
Q9H3R1	A0A8V0XM74
Q9H3R2	A0A8V0ZD76
Q9H3R5	Q90ZF9
Q9H3S3	A0A8V0ZXX3
Q9H3S4	A0A8V0Y1L1
Q9H3S7	A0A8V1ADX0
Q9H3T3	A0A8V1ADC6
Q9H3U1	A0A1D5P9T4
Q9H3U7	A0A8V0XYJ9
Q9H3W5	A0A8V0X4X6
Q9H3Y0	A0A8V0ZX65
Q9H3Y6	F1N996
Q9H3Y8	A0A8V0ZTV5
Q9H3Z4	A0A8V1A036
Q9H410	A0A8V0XMI3
Q9H422	A0A8V0ZGY3
Q9H425	A0A8V0XPL8
Q9H426	A0A8V0ZWM3
Q9H444	Q5ZHP5
Q9H446	A0A8V0YPV7
Q9H467	A0A1D5P910
Q9H469	A0A8V0ZGU2
Q9H477	A0A8V0ZCE6
Q9H488	Q8AWB4
Q9H490	A0A8V1A4Z2
Q9H492	A0A8V0ZTX1
Q9H497	A0A8V0Y9I2
Q9H4A3	A0A8V0YF83
Q9H4A4	A0A8V1A0A4
Q9H4B0	A0A8V0YJM3
Q9H4B4	A0A1D5P517
Q9H4B6	E1C3T7
Q9H4D0	A0A8V1A4D9
Q9H4E5	A0A8V0Z372
Q9H4E7	A0A8V1A6R2
Q9H4F1	A0A8V1A758
Q9H4F8	A0A8V0ZQU9
Q9H4G0	A0A8V1A120
Q9H4G4	A0A8V0XWU9
Q9H4H8	A0A8V0ZW94
Q9H4I0	A0A8V0YT97
Q9H4I2	A0A8V0ZHR8
Q9H4I3	A0A1D5NX84
Q9H4I9	F1NJF9
Q9H4K1	A0A8V0YDH5
Q9H4K7	F1NVX4
Q9H4L5	A0A8V0XFE1
Q9H4L7	A0A8V0XPD1
Q9H4P4	A0A8V1A2W7
Q9H4Q3	A0A8V0XLJ9
Q9H4Q4	E1C6K0
Q9H4S2	A0A1D5PL43
Q9H4W6	A0A8V0X814
Q9H4X1	A0A8V0X8M3
Q9H4Z2	A0A8V0YQY5
Q9H4Z3	A0A8V0YWB0
Q9H501	A0A8V0Z8K8
Q9H511	A0A8V0X821
Q9H553	A0A8V0XY52
Q9H582	A0A3Q2U571
Q9H583	A0A8V0Y8Z0
Q9H598	A0A1D5PP16
Q9H5F2	A0A8V1A480
Q9H5I1	Q5F3W5
Q9H5I5	A0A8V0X9F8
Q9H5J4	Q5ZJR8
Q9H5J8	A0A8V0XUW2
Q9H5L6	A0A8V0XF82
Q9H5P4	A0A8V0Z5I0
Q9H5Q4	F1NSS3
Q9H5U6	A0A8V0Y8T3
Q9H5V7	Q5ZLR2
Q9H5V8	A0A8V0Z218
Q9H5V9	E1BYZ0
Q9H5X1	A0A8V0YVA3
Q9H5Y7	A0A8V0XWD8
Q9H5Z1	A0A8V0ZUF1
Q9H5Z6	A0A8V1A7D2
Q9H611	A0A8V0ZR10
Q9H628	A0A8V0YSZ8
Q9H649	A0A8V0XY00
Q9H668	A0A8V0ZIM7
Q9H672	A0A8V0Z2A5
Q9H694	A0A8V0Y4G5
Q9H6A0	A0A8V1A638
Q9H6B1	A0A3Q2UHY8
Q9H6B4	A0A8V0ZYA1
Q9H6D3	A0A8V0YIW8
Q9H6D8	A0A8V0Y3Q8
Q9H6E4	A0A8V0YA16
Q9H6J7	A0A8V0ZK11
Q9H6K1	Q5F3N9
Q9H6K4	A0A8V0XZJ2
Q9H6L2	F1NNL1
Q9H6L4	A0A8V1ALQ8
Q9H6L5	A0A8V0X5M0
Q9H6P5	A0A8V0Z526
Q9H6Q3	A0A8V0ZTA9
Q9H6Q4	A0A8V0Z7C1
Q9H6R0	A0A8V1AL41
Q9H6R3	A0A8V0YE50
Q9H6R4	A0A8V0Y6V2
Q9H6R6	A0A8V0ZI56
Q9H6S0	A0A8V0Y1J8
Q9H6S1	A0A8V0XDU8
Q9H6S3	A0A8V0ZP51
Q9H6U6	A0A8V1AC88
Q9H6U8	A0A8V0ZKG9
Q9H6X2	A0A8V0Z2C1
Q9H6X5	A0A8V1A757
Q9H6Y2	A0A8V0YCA1
Q9H6Z4	A0A3Q3AQS5
Q9H6Z9	E1C8C0
Q9H706	A0A8V0XPL0
Q9H714	A0A8V0XK89
Q9H720	A0A8V0YQ34
Q9H741	Q5ZJE4
Q9H756	A0A8V0XQR6
Q9H765	A0A8V1A5R7
Q9H772	A0A8V0Y3K8
Q9H788	E1C428
Q9H792	A0A8V0ZYR6
Q9H799	A0A8V0YLB9
Q9H7B2	A0A1D5PVA3
Q9H7B4	A0A8V0XMB6
Q9H7C4	A0A8V0Z3T2
Q9H7C9	A0A8V0XB66
Q9H7D0	A0A8V0ZFC7
Q9H7D7	A0A8V0YWH5
Q9H7E9	A0A8V0Z8C1
Q9H7F0	A0A8V0YNW3
Q9H7L9	A0A8V0ZT22
Q9H7M9	A0A1D5P5M8
Q9H7P6	A0A8V1A5L0
Q9H7S9	A0A8V0Z9N7
Q9H7U1	A0A8V0YD74
Q9H7V2	A0A8V0Z7M1
Q9H7X0	A0A8V0YX99
Q9H7X2	A0A8V0Z3S7
Q9H7X7	A0A8V1ABR7
Q9H7Y0	F1NKD2
Q9H7Z3	A0A8V0Z1Z2
Q9H7Z6	A0A8V0X885
Q9H7Z7	A0A8V1AFG6
Q9H813	A0A8V0ZH83
Q9H819	E1C5R7
Q9H832	A0A8V1A1I4
Q9H840	A0A8V0Y3Y1
Q9H841	A0A8V0YEC3
Q9H845	F1NEF6
Q9H857	A0A8V1ABT7
Q9H867	A0A8V0ZGE0
Q9H871	A0A8V0ZAH3
Q9H875	Q5ZKU0
Q9H892	A0A8V1A8I0
Q9H898	A0A8V0Z8B1
Q9H8E8	A0A8V0ZEF4
Q9H8G2	E1BSD0
Q9H8H2	A0A8V1AJY9
Q9H8H3	A0A1D5PA28
Q9H8J5	A0A8V0ZJS5
Q9H8K7	A0A8V0X9X0
Q9H8L6	A0A8V0YE35
Q9H8M1	A0A8V0YSH9
Q9H8M2	A0A8V0XVB3
Q9H8M5	A0A8V0ZH85
Q9H8M7	A0A8V0XPT6
Q9H8N7	A0A8V0Y869
Q9H8P0	A0A8V0YS28
Q9H8S9	A0A8V0ZFL4
Q9H8U3	A0A8V0ZIS6
Q9H8V3	A0A8V0Z6H0
Q9H8W3	A0A8V0XAZ9
Q9H8W5	A0A8V0ZIL2
Q9H8X2	A0A8V1A2T5
Q9H8Y1	A0A8V0XUZ0
Q9H8Y5	A0A8V0ZQL3
Q9H8Y8	A0A8V0ZZQ2
Q9H900	A0A8V0YY18
Q9H902	A0A8V0ZAQ0
Q9H903	A0A8V0XDB2
Q9H910	A0A8V0Z3F8
Q9H936	A0A8V0ZTQ5
Q9H939	A0A8V0YL39
Q9H944	Q5ZKY9
Q9H967	A0A8V0YP32
Q9H977	A0A8V0XK31
Q9H981	A0A8V1AHY0
Q9H987	A0A8V0ZH41
Q9H992	A0A8V0YG25
Q9H993	A0A8V0XT60
Q9H999	A0A8V0Y441
Q9H9A5	Q5ZIW2
Q9H9A6	Q5ZLN0
Q9H9B1	A0A3Q2U3H4
Q9H9B4	A0A8V0YEH8
Q9H9C1	A0A8V0XQP5
Q9H9E1	Q5ZIC2
Q9H9E3	A0A8V0ZRZ1
Q9H9G7	Q5ZLG4
Q9H9H4	A0A8V1A5I2
Q9H9H5	A0A8V1A189
Q9H9J2	E1C5L8
Q9H9J4	A0A8V0ZM62
Q9H9L3	A0A3Q2UDN4
Q9H9L4	A0A8V0ZKX4
Q9H9P2	A0A8V0XNQ7
Q9H9P8	A0A8V0ZGL8
Q9H9Q2	A0A8V0Z1Y4
Q9H9Q4	F1NVP8
Q9H9R9	A0A8V0XW28
Q9H9S3	A0A1D5NXC6
Q9H9S4	A0A8V0XIE7
Q9H9S5	A0A8V0Y218
Q9H9T3	Q5ZHS1
Q9H9V4	A0A8V0ZH07
Q9H9Y2	A0A8V0ZMJ4
Q9H9Y4	A0A8V0YC06
Q9H9Y6	A0A8V0Z9Q2
Q9HA38	A0A1D5PUH8
Q9HA47	A0A8V1AJW3
Q9HA64	R4GG02
Q9HA72	A0A8V0ZNR5
Q9HA77	A0A8V0YHH3
Q9HA90	A0A8V1AE42
Q9HA92	A0A8V1APL9
Q9HAB8	A0A3Q2UEL1
Q9HAC7	A0A8V0ZBX3
Q9HAC8	A0A8V0ZF98
Q9HAD4	A0A8V0Y8F3
Q9HAE3	A0A8V0XEJ2
Q9HAF1	Q5ZIX3
Q9HAI6	A0A1L1RS25
Q9HAJ7	A0A8V0YVC0
Q9HAK2	E1C814
Q9HAP2	A0A8V0ZXJ9
Q9HAQ2	A0A8V1A449
Q9HAR2	A0A8V0XE15
Q9HAS0	A0A8V1AMY3
Q9HAS3	A0A8V0YTQ7
Q9HAT8	A0A8V0ZD87
Q9HAU0	A0A8V0YTH6
Q9HAU4	A0A8V1AC55
Q9HAU5	A0A8V0XJ43
Q9HAU8	A0A8V0Z3Y5
Q9HAV0	E1BW98
Q9HAV4	F1NBL6
Q9HAV5	A0A8V0YRL1
Q9HAV7	Q5ZHV6
Q9HAW0	A0A8V0Z7X7
Q9HAW4	A0A8V0YSE4
Q9HAY6	Q9I993
Q9HAZ2	A0A3Q3AHL1
Q9HB07	A0A8V0ZZL9
Q9HB14	A0A1D5P3M3
Q9HB15	F1NV35
Q9HB19	A0A8V0Z1B3
Q9HB20	A0A8V0ZVC3
Q9HB21	A0A8V0X9M1
Q9HB40	A0A8V1AJ84
Q9HB63	A0A8V0Y6F0
Q9HB66	A0A8V0Z6Q5
Q9HB71	A0A8V0YGN9
Q9HB75	A0A8V0ZUI1
Q9HB89	A0A8V0YZK7
Q9HB90	A0A1D5PLJ0
Q9HB96	A0A8V1A4I7
Q9HBB8	A0A8V0ZKK7
Q9HBD1	A0A8V1AM79
Q9HBE1	A0A1D5PMX5
Q9HBE4	D3GGX2
Q9HBE5	A0A3Q2UB88
Q9HBF4	A0A8V0ZGY1
Q9HBG4	A0A1D5PCU0
Q9HBG6	A0A1D5PQD0
Q9HBH0	A0A8V0ZX84
Q9HBH1	A0A3Q3AMM4
Q9HBH5	F1N970
Q9HBH9	A0A8V1ADT4
Q9HBI0	A0A8V0YLS1
Q9HBI1	A0A8V0YLM1
Q9HBI5	A0A3Q2U0D0
Q9HBJ8	R4GKR4
Q9HBK9	A0A8V0YYR3
Q9HBL6	A0A8V1AG44
Q9HBM0	A0A8V0YAZ0
Q9HBM1	A0A8V0ZXG0
Q9HBR0	A0A8V1AMI5
Q9HBT6	Q8QGH3
Q9HBU6	F1NMC4
Q9HBU9	A0A8V1A431
Q9HBV1	Q9DG25
Q9HBV2	A0A8V0XJP8
Q9HBW0	A0A8V0XG35
Q9HBW9	A0A8V0ZRI6
Q9HBX8	A0A8V0ZZ78
Q9HBX9	A0A8V0XUJ8
Q9HBY0	A0A8V0XN18
Q9HBY8	A0A8V0ZXF3
Q9HBZ2	A0A8V0Z4T7
Q9HC07	A0A8V0YS23
Q9HC10	A0A8V0Y0S7
Q9HC21	A0A8V1ANF1
Q9HC24	E1C1Z9
Q9HC35	A0A8V0Z7Y3
Q9HC36	A0A8V1AKP0
Q9HC38	A0A8V1AKQ0
Q9HC44	E1C977
Q9HC52	A0A8V1AIW2
Q9HC56	A0A8V0X6K9
Q9HC57	Q8JG33
Q9HC58	A0A8V0Z6S2
Q9HC62	A0A8V1A3D5
Q9HC73	A0A3Q2TYJ1
Q9HC77	A0A8V0XT16
Q9HC78	A0A8V0XLI4
Q9HC96	A0A8V0ZBD0
Q9HC98	A0A8V1AM83
Q9HCC0	F1P531
Q9HCC8	A0A1D5P5T7
Q9HCC9	A0A8V0Z1R1
Q9HCD5	A0A8V0YKC6
Q9HCD6	A0A8V0ZM23
Q9HCE0	A0A8V0YD01
Q9HCE5	Q5ZK35
Q9HCE6	A0A8V0Z8A8
Q9HCE7	A0A8V0ZJ25
Q9HCE9	A0A8V1AJI5
Q9HCF6	A0A8V0Z3T0
Q9HCG7	A0A8V0Y789
Q9HCH3	A0A8V1A4Q2
Q9HCH5	A0A8V0XRQ4
Q9HCI7	A0A1D5NVS8
Q9HCJ0	A0A8V1APY9
Q9HCJ1	A0A3Q2TZ76
Q9HCJ2	F1NTY3
Q9HCJ3	A0A8V1A1T1
Q9HCJ5	F1NAZ8
Q9HCJ6	A0A8V0XPJ0
Q9HCK0	A0A1D5NTV7
Q9HCK1	A0A8V0ZZ59
Q9HCK4	A0A8V0XXL6
Q9HCK5	A0A1D5PZS8
Q9HCL0	A0A8V0Y103
Q9HCL2	A0A8V0ZBB2
Q9HCM1	A0A8V0YH21
Q9HCM2	F1NZB0
Q9HCM3	A0A8V0YJ32
Q9HCM4	A0A8V0Z970
Q9HCN3	A0A8V0ZAW1
Q9HCN4	A0A8V0Y3H2
Q9HCN8	Q5ZIB0
Q9HCP0	Q5ZJS0
Q9HCP6	A0A8V1ABQ8
Q9HCQ5	A0A8V0ZPB5
Q9HCQ7	A0A8V0X540
Q9HCS4	A0A8V0ZDN0
Q9HCS5	A0A8V0Y3V2
Q9HCU4	A0A8V0ZUU4
Q9HCU5	A0A8V0XWC7
Q9HCU8	A0A8V0ZM52
Q9HCX4	A0A8V0Z017
Q9HCY8	A0A8V1ADQ5
Q9HD15	A0A1D5PC97
Q9HD20	A0A8V0XGA8
Q9HD23	A0A8V0XXF0
Q9HD26	A0A8V0YF77
Q9HD33	A0A8V0Z4N6
Q9HD34	A0A8V0YBJ8
Q9HD40	A0A8V0Y855
Q9HD42	A0A8V0XVL4
Q9HD45	A0A8V0ZCD6
Q9HD67	A0A8V0X0F2
Q9HDC5	A0A8V0X6P0
Q9HDC9	Q5ZIF1
Q9HDD0	E1C3C1
Q9NNW5	A0A8V0ZE53
Q9NNW7	A0A8V1A0M7
Q9NNX1	A0A8V1A6P7
Q9NP31	A0A8V1A3U3
Q9NP56	A0A3Q2TZX9
Q9NP58	A0A8V0ZQQ4
Q9NP59	A0A8V0YPW1
Q9NP60	A0A8V0YH07
Q9NP61	A0A8V0YLF1
Q9NP62	A0A8V0X4P2
Q9NP64	Q6R2T1
Q9NP71	A0A8V1AKN7
Q9NP72	Q5ZLG1
Q9NP73	A0A8V0YYM7
Q9NP74	A0A8V0ZXS1
Q9NP77	Q5ZJQ7
Q9NP78	A0A8V1A3B2
Q9NP79	A0A1L1RRM0
Q9NP80	B3TZB8
Q9NP81	A0A8V0Y8M6
Q9NP85	F1P2B2
Q9NP90	A0A8V0YWI0
Q9NP91	A0A8V0Z1G7
Q9NP92	A0A8V0Y9J9
Q9NP95	A0A8V0YJ55
Q9NP97	A0A8V0ZTZ2
Q9NP98	A0A8V0ZIK7
Q9NPA0	E1C0R9
Q9NPA3	A0A8V0XHJ4
Q9NPA8	A0A8V0XVB6
Q9NPB0	A0A8V0ZFE2
Q9NPB1	A0A8V0Z2T9
Q9NPB6	F1P0U8
Q9NPB8	A0A8V0Z0Q7
Q9NPB9	A0A8V0Z9L1
Q9NPC2	A0A1D5PDB8
Q9NPC4	A0A8V0YJC4
Q9NPC6	A0A1L1RJB3
Q9NPC7	A0A8V0YRJ1
Q9NPD7	A0A8V0Y8T8
Q9NPD8	A0A8V1A7C8
Q9NPF2	A0A8V0YJC1
Q9NPF4	A0A8V0WZH1
Q9NPF5	A0A8V1AAZ2
Q9NPF7	A0A8V1A119
Q9NPF8	A0A1D5P437
Q9NPG1	A0A1D5NTJ0
Q9NPG2	Q5QSB1
Q9NPG3	A0A8V0Z6R0
Q9NPG4	A0A8V0YAD8
Q9NPG8	A0A8V0Z649
Q9NPH0	A0A8V0XZT8
Q9NPH2	A0A8V1A7J6
Q9NPH3	A0A1D5P4S3
Q9NPH5	A0A8V0XUL0
Q9NPH9	A0A8V0YK22
Q9NPI0	A0A1D5PE71
Q9NPI5	A0A8V1A5Q1
Q9NPI6	A0A1D5PQ74
Q9NPI8	E1C4T8
Q9NPI9	E1BWC5
Q9NPJ1	A0A8V0Z6P0
Q9NPJ3	A0A8V0XVI6
Q9NPJ6	A0A1D5P8W2
Q9NPL8	E1BSW8
Q9NPR2	A0A8V0ZDZ6
Q9NPU4	A0A8V0YUD3
Q9NPY3	A0A8V0Z9M8
Q9NPZ5	A0A1D5P9Q8
Q9NQ03	G9JWG4
Q9NQ11	A0A8V0ZEA6
Q9NQ29	A0A8V0Z0F5
Q9NQ30	A0A8V0YJH6
Q9NQ31	A0A8V0ZL76
Q9NQ32	A0A8V0ZL55
Q8N766	A0A8V0ZEQ3
Q8N766	Q5ZL00
Q92698	A0A8V0ZKQ4
Q92698	O12944
Q92729	A0A8V0YVP7
Q92729	Q6YI48
Q92731	A0A8V0Z9A0
Q92731	Q9PTU5
Q92752	A0A8V0XZF7
Q92752	Q00546
Q92766	A0A8V0YDK8
Q92766	O57415
Q92786	A0A8V0ZFF5
Q92786	Q91018
Q92813	A0A8V0XJF1
Q92813	Q9IAX2
Q92819	A0A8V0Y2E5
Q92819	O57424
Q92823	A0A8V0XD17
Q92823	P35331
Q92833	A0A8V0YBP9
Q92833	Q5F363
Q92859	A0A8V0ZKS6
Q92859	Q90610
Q92879	A0A8V0ZNV2
Q92879	Q5F3T7
Q92882	A0A8V0YS95
Q92882	Q5ZJJ9
Q92908	A0A8V0XF20
Q92908	P43693
Q92985	A0A8V0ZYC7
Q92985	Q90643
Q93009	A0A8V0Z5X3
Q93009	Q6U7I1
Q93050	A0A1D5P5R9
Q93050	Q9I8D0
Q93052	A0A8V0YQK2
Q93052	Q5F464
Q969S3	A0A8V0X399
Q969S3	Q90Y35
Q969T7	A0A8V0ZSF8
Q969T7	Q5ZKF6
Q969V3	A0A8V1A7C5
Q969V3	Q5ZJH2
Q96A73	A0A8V0YQF9
Q96A73	Q5F368
Q96AG4	F1NU90
Q96AG4	Q5F334
Q96AX9	A0A8V0ZJV9
Q96AX9	Q5ZIJ9
Q96B01	A0A3Q2UEI8
Q96B01	A0A8V0ZPZ3
Q96B42	A0A8V0XLY4
Q96B42	Q5F410
Q96B86	A0A8V0Z857
Q96B86	Q8JG54
Q96BD8	A0A8V0YDY5
Q96BD8	A0A8V0YGN5
Q96BS2	A0A8V0X083
Q96BS2	A0AVX7
Q96BT3	A0A8V0ZMI0
Q96BT3	F1NPG5
Q96CJ1	A0A8V0Z7Z4
Q96CJ1	Q5ZHP7
Q96CN5	A0A8V1AB33
Q96CN5	Q5ZI11
Q96CV9	A0A8V0XR54
Q96CV9	Q90Z16
Q96D31	A0A3Q2U112
Q96D31	Q5ZL05
Q96D96	A0A8V1A8K5
Q96D96	Q5F4C0
Q96E09	E1C1H5
Q96E09	Q5ZLN7
Q96E29	A0A8V0YDA4
Q96E29	Q5ZJC8
Q96EF0	A0A8V0YJJ7
Q96EF0	Q5F452
Q96EV8	A0A3Q2U3B9
Q96EV8	Q5ZKM0
Q96EY5	A0A8V0XG90
Q96EY5	Q5ZJX7
Q96F86	A0A8V0ZHT9
Q96F86	Q5ZLS2
Q96FL8	A0A8V1AKN0
Q96FL8	A0A8V1AMJ6
Q96FX8	A0A8V0XW63
Q96FX8	R4GHW4
Q96FZ7	A0A8V1AJ03
Q96FZ7	Q5ZL55
Q96GF1	A0A8V0ZJ76
Q96GF1	Q5ZIR9
Q96GX5	A0A8V0XMX8
Q96GX5	E1C2I2
Q96H15	A0A8V0YJP0
Q96H15	A0A8V0Z0T6
Q96HF1	A0A8V0YQ13
Q96HF1	Q9IA96
Q96IV0	A0A8V0XFV9
Q96IV0	Q5ZJM3
Q96JE7	A0A8V0Y946
Q96JE7	Q6AW68
Q96JE9	A0A8V0XHT4
Q96JE9	O73737
Q96JF0	A0A8V0YTA1
Q96JF0	Q701R0
Q96JP9	A0A8V0YFL4
Q96JP9	Q8UVJ7
Q96JW4	F1NWZ7
Q96JW4	Q5ZHX6
Q96K76	E1C1R4
Q96K76	R4GJH4
Q96KA5	A0A8V0Y4L6
Q96KA5	Q5ZKJ0
Q96KR1	A0A8V0YFX9
Q96KR1	A0A8V0YRY6
Q96LW4	A0A3Q2TTB3
Q96LW4	A0A8V0XWS0
Q96M27	A0A8V0YIC2
Q96M27	Q5F3I0
Q96MH6	A0A1D5PUT3
Q96MH6	Q5ZJD8
Q96MP8	A0A1D5P3Y5
Q96MP8	Q5ZJP7
Q96MT8	A0A8V0ZY60
Q96MT8	P0CB05
Q96NB1	A0A8V0ZEE6
Q96NB1	Q5ZJ24
Q96ND0	A0A8V0X5D5
Q96ND0	Q5ZML6
Q96NT5	A0A8V1AK44
Q96NT5	F1NJ67
Q96PD4	A0A8V0XWQ5
Q96PD4	F1NFI4
Q96PL2	A0A8V0ZBB7
Q96PL2	P54097
Q96PN6	A0A8V0X9G2
Q96PN6	A0A8V0X9U7
Q96PN6	A0A8V0XRH7
Q96PN6	A0A8V0XRU0
Q96PN6	A0A8V0XXU9
Q96PN6	A0A8V0Y1Z7
Q96PN6	A0A8V0Y3Y6
Q96PN6	A0A8V0Y7Y4
Q96PU9	A0A1D5PNZ8
Q96PU9	A0A8V1AD31
Q96PU9	A0A8V1AD75
Q96PU9	A0A8V1AID3
Q96PU9	A0A8V1AKE6
Q96PU9	A0A8V1AM92
Q96PU9	A0A8V1AMC7
Q96Q45	A0A8V1A5E2
Q96Q45	F1NVK6
Q96QD8	A0A3Q2U4T5
Q96QD8	Q5F468
Q96QD9	A0A8V0YRY4
Q96QD9	Q5ZJ20
Q96RD2	A0A8V0XKV2
Q96RD2	E1C4Q9
Q96RR1	A0A8V0Z659
Q96RR1	Q5ZIW1
Q96RU2	A0A8V1A170
Q96RU2	Q5ZID5
Q96S15	A0A3Q2U8E6
Q96S15	Q5ZMV9
Q96S94	A0A8V0Z3K1
Q96S94	Q5ZJP9
Q96SD1	A0A8V0XNZ3
Q96SD1	Q5QJC2
Q96SI9	A0A8V1AK31
Q96SI9	Q5ZIL4
Q96SN7	A0A8V1AHD0
Q96SN7	Q5ZLW2
Q96SW2	A0A8V0ZDI1
Q96SW2	P0CF65
Q99081	A0A8V0ZTR8
Q99081	P30985
Q99460	A0A8V0YSB5
Q99460	Q5F418
Q99497	A0A8V0Z7U1
Q99497	Q8UW59
Q99593	A0A8V0X6D1
Q99593	Q9PWE8
Q99594	A0A1D5P2U0
Q99594	Q90701
Q99623	A0A8V0ZTA0
Q99623	Q5ZMN3
Q99645	A0A8V0YRI9
Q99645	Q90944
Q99697	A0A1D5P1S6
Q99697	O93385
Q99715	A0A1L1RPW4
Q99715	P13944
Q99717	A0A8V0YTR8
Q99717	Q56I99
Q99743	A0A8V0YEC4
Q99743	Q5ZQU2
Q99811	Q90963
Q99811	R4GIL1
Q99832	A0A8V0YYI8
Q99832	Q5ZJK8
Q99835	A0A1D5P8D7
Q99835	O42224
Q99836	A0A8V1ABC8
Q99836	A5HNF6
Q99961	A0A8V1AAE6
Q99961	Q8AXV0
Q99962	A0A8V0YUZ3
Q99962	Q8AXV1
Q99963	A0A8V0Z4S3
Q99963	Q8AXU9
Q99985	A0A1D5PZ68
Q99985	O42236
Q9BQC3	A0A8V0ZCB3
Q9BQC3	Q5ZKI2
Q9BR39	A0A8V0WZF8
Q9BR39	A0A8V0ZW85
Q9BRD0	A0A8V1A3Q5
Q9BRD0	Q5ZIJ0
Q9BRJ7	A0A8V0YQZ5
Q9BRJ7	Q9IAY5
Q9BRK5	A0A8V0ZK78
Q9BRK5	Q5ZKE5
Q9BRP4	F1NPD7
Q9BRP4	Q5ZK69
Q9BRX2	H9L2N7
Q9BRX2	Q5ZK01
Q9BRX8	A0A1D5PW05
Q9BRX8	Q5ZI34
Q9BS86	F1NQ00
Q9BS86	Q6Q2W4
Q9BSA9	A0A8V0YJY4
Q9BSA9	Q5ZKY0
Q9BSE5	A0A8V0ZGB9
Q9BSE5	Q90XD2
Q9BSL1	A0A8V1AEM9
Q9BSL1	Q5ZJI9
Q9BTE3	A0A8V0XFA1
Q9BTE3	Q5ZJV4
Q9BTT0	A0A8V1AE82
Q9BTT0	Q5F4A3
Q9BTW9	A0A8V1ANP8
Q9BTW9	Q5ZI87
Q9BTX3	A0A8V0ZGI8
Q9BTX3	Q5ZK32
Q9BU23	A0A8V0XVE6
Q9BU23	Q5ZKZ9
Q9BU64	F1N8S4
Q9BU64	Q1T7B8
Q9BUB4	A0A8V0Y190
Q9BUB4	Q5ZI16
Q9BUF5	A0A8V0X9Y1
Q9BUF5	P09653
Q9BV87	A0A8V0ZCX0
Q9BV87	Q5ZJH7
Q9BVA0	A0A8V0ZIZ0
Q9BVA0	Q5ZIU8
Q9BVC5	A0A8V0YL27
Q9BVC5	Q5ZK74
Q9BVG9	E1BYA3
Q9BVG9	R9PXL7
Q9BVI4	A0A8V0ZMM0
Q9BVI4	Q5ZJC7
Q9BVV6	A0A8V0Z7P5
Q9BVV6	Q1G7G9
Q9BVW5	A0A8V0Z3X0
Q9BVW5	Q5F416
Q9BW61	A0A8V1AH97
Q9BW61	Q5ZK14
Q9BWP8	A0A3Q3A736
Q9BWP8	Q2LK94
Q9BWX1	A0A8V1AJN5
Q9BWX1	A0A8V1AMH4
Q9BWX1	A0A8V1APL3
Q9BWX5	A0A8V0ZPS1
Q9BWX5	P43692
Q9BXD5	A0A8V0YHW4
Q9BXD5	Q5ZKD4
Q9BXI9	A0A8V0YHY1
Q9BXI9	F1P202
Q9BXS6	A0A8V0ZNP6
Q9BXS6	Q5ZJU5
Q9BY42	F1NU37
Q9BY42	Q5ZJN1
Q9BY44	A0A8V0X9E8
Q9BY44	Q5ZKC1
Q9BY89	A0A8V0ZI61
Q9BY89	Q5ZJ26
Q9BYV8	A0A8V0XT12
Q9BYV8	E1C065
Q9BZD4	A0A140T8H9
Q9BZD4	Q76I90
Q9BZE1	A0A8V0ZXG4
Q9BZE1	Q5ZI69
Q9BZG8	A0A8V1AM15
Q9BZG8	Q5ZHX9
Q9BZV2	A0A8V0ZUN4
Q9BZV2	A0A8V1A131
Q9BZV3	A0A8V0XW96
Q9BZV3	Q1XI86
Q9C010	A0A8V0YBG2
Q9C010	A0A8V0YH48
Q9C0D0	A0A8V0YCV3
Q9C0D0	Q801X6
Q9C0E2	A0A8V0XLV3
Q9C0E2	Q5ZMR9
Q9GZM8	A0A452J851
Q9GZM8	Q5ZKH4
Q9GZN1	A0A8V0YIA4
Q9GZN1	Q9DEE9
Q9GZS3	A0A8V0ZYX1
Q9GZS3	Q5ZJH5
Q9GZX9	A0A8V0XAB4
Q9GZX9	Q98T89
Q9GZY6	A0A8V1ACX2
Q9GZY6	Q5S7W5
Q9GZZ9	A0A8V0Z9M9
Q9GZZ9	Q6IVA4
Q9H081	A0A8V1AL28
Q9H081	Q1T769
Q9H089	A0A8V0YNU0
Q9H089	Q5ZJD3
Q9H0E2	A0A8V1A1I9
Q9H0E2	Q5ZK05
Q9H0E3	A0A8V1A3I1
Q9H0E3	Q5F3U0
Q9H0H0	A0A8V1AC67
Q9H0H0	Q5ZKU4
Q9H0N5	A0A8V0YC59
Q9H0N5	Q9DG45
Q9H0U3	A0A8V0YLF9
Q9H0U3	Q5ZJ06
Q9H0Z9	A0A8V0YQD0
Q9H0Z9	Q5ZJX4
Q9H1A3	A0A8V0ZFZ6
Q9H1A3	Q5ZMH6
Q9H1J5	A0A8V0YTK4
Q9H1J5	P51030
Q9H2K8	A0A3Q2TRY2
Q9H2K8	Q9I9E0
Q9H2W2	A0A8V0Z1S8
Q9H2W2	O73592
Q9H334	A0A8V0ZUI8
Q9H334	Q58NQ4
Q9H336	A0A8V0XGV7
Q9H336	Q98ST5
Q9H3C7	A0A8V1AKY7
Q9H3C7	Q6GVH4
Q9H3S5	A0A8V0Y516
Q9H3S5	Q5F380
Q9H3U5	F1P182
Q9H3U5	Q5ZIT9
Q9H4A6	A0A8V0YSC8
Q9H4A6	R4GJZ6
Q9H5K3	A0A8V0XPR1
Q9H5K3	Q5F349
Q9H6F2	A0A8V1AG80
Q9H6F2	Q5ZK43
Q9H6I2	A0A8V0XMS9
Q9H6I2	Q4LES8
Q9H6R7	A0A8V0XZ37
Q9H6R7	A0A8V0Y7H6
Q9H6R7	Q5ZKI7
Q9H6T0	A0A1D5PR23
Q9H6T0	Q5ZLR4
Q9H6T3	A0A8V0YMJ4
Q9H6T3	Q5ZKQ3
Q9H6V9	F1N977
Q9H6V9	Q5F477
Q9H6W3	A0A8V0ZM82
Q9H6W3	Q5ZMM1
Q9H7E2	A0A8V0XF81
Q9H7E2	Q5ZMS6
Q9H814	F1NB74
Q9H814	Q5ZLY0
Q9H816	A0A8V1ABW9
Q9H816	Q5QJC3
Q9H8H0	A0A8V1AN63
Q9H8H0	Q5ZL79
Q9H8T0	A0A1D5PJK3
Q9H8T0	Q5ZJJ5
Q9H8W4	A0A1D5P7L9
Q9H8W4	Q5ZLY5
Q9H974	A0A8V0XXC1
Q9H974	Q5ZM96
Q9H9A7	A0A8V0YIA2
Q9H9A7	Q5ZHV8
Q9H9F9	A0A8V0ZW76
Q9H9F9	Q5ZJA4
Q9H9V9	F1NX61
Q9H9V9	Q5ZHV5
Q9H9Z2	A0A8V0Z477
Q9H9Z2	Q45KJ5
Q9HA82	A0A8V1AD91
Q9HA82	A0A8V1ADE2
Q9HBA0	A0A1D5PXA5
Q9HBA0	A0A8V0Z8C7
Q9HBL0	A0A8V0ZA37
Q9HBL0	Q04205
Q9HBL8	A0A1D5PPI5
Q9HBL8	Q5ZID0
Q9HBU1	A0A8V1A521
Q9HBU1	Q9DED6
Q9HC97	A0A8V1A8S3
Q9HC97	A0A8V1ABB4
Q9HCB6	A0A8V0ZXW0
Q9HCB6	Q9W770
Q9HCE1	A0A8V1AER6
Q9HCE1	Q5ZKD7
Q9HCE3	A0A1D5PNT1
Q9HCE3	A0A8V0Y0H7
Q9HCG8	A0A8V1ACT5
Q9HCG8	Q5ZKA3
Q9HD90	A0A1D5PPH1
Q9HD90	P79766
Q9NP08	A0A8V0YUU8
Q9NP08	Q9DE09
Q9NP50	A0A8V0YFX0
Q9NP50	Q5ZJV7
Q9NP66	A0A8V0ZG52
Q9NP66	Q5ZKF4
Q9NPI1	A0A8V1A341
Q9NPI1	Q5ZKG2
Q9NPJ4	A0A8V0YSH1
Q9NPJ4	Q5ZMB7
Q9NPJ8	A0A8V0YZ66
Q9NPJ8	Q5ZLH0
Q9NPQ8	A0A8V0Z9A1
Q9NPQ8	Q5ZL77
Q9NQ38	A0A8V0YI39
Q9NQ38	A0A8V0YPM0
Q9NQ38	P01005
Q9NQ38	P10184
Q9NQG1	A0A8V0Y514
Q9NQG1	A0A8V0YBV1
Q9NQG1	A0A8V0ZMZ1
Q9NQG1	A0A8V0ZP43
Q9NQG1	A0A8V0ZZ80
Q9NQL9	A0A8V0Y9I0
Q9NQL9	Q9PTQ7
Q9NQS7	A0A8V1A7E1
Q9NQS7	P53352
Q9NR81	A0A8V1A6V0
Q9NR81	Q5ZLX4
Q9NRC1	A0A1D5PC10
Q9NRC1	A0M8U1
Q9NRG4	A0A0A0MQ47
Q9NRG4	E1C5V0
Q9NRR8	A0A8V1AL84
Q9NRR8	Q5ZKB1
Q9NRV9	A0A8V0YBF9
Q9NRV9	Q5ZMB2
Q9NSC7	A0A8V1ALX7
Q9NSC7	Q92183
Q9NSE2	G1K2Y8
Q9NSE2	Q9PW70
Q9NSP4	A0A8V0Y7G9
Q9NSP4	Q1T7B9
Q9NT68	F1NGZ7
Q9NT68	Q9DER5
Q9NTI5	A0A8V0XT87
Q9NTI5	Q5F3U9
Q9NTX5	A0A8V0XLG2
Q9NTX5	F1NB38
Q9NUM3	A0A8V0ZR61
Q9NUM3	Q5ZIU9
Q9NUN5	A0A8V0XD23
Q9NUN5	Q5ZI05
Q9NUP9	A0A8V0Z585
Q9NUP9	Q5F425
Q9NUQ7	A0A8V0XT68
Q9NUQ7	Q5ZIF3
Q9NUX5	A0A8V0X9W5
Q9NUX5	P62597
Q9NUY8	A0A8V0XMM0
Q9NUY8	Q5F415
Q9NV06	A0A452J811
Q9NV06	Q5ZLK1
Q9NV88	A0A8V0YB70
Q9NV88	Q5ZKK2
Q9NV96	F1NX30
Q9NV96	Q5F362
Q9NVC6	F1NY10
Q9NVC6	Q5ZID1
Q9NVH2	A0A8V0ZF59
Q9NVH2	Q5ZL91
Q9NVM4	A0A8V0ZYF3
Q9NVM4	Q5ZIB9
Q9NVR2	A0A1I7Q410
Q9NVR2	Q5ZLS8
Q9NVR7	A0A8V1A0K8
Q9NVR7	Q5ZKT1
Q9NW64	F1NMD7
Q9NW64	Q5ZM16
Q9NW68	A0A1L1RIT3
Q9NW68	Q5ZIK6
Q9NWL6	A0A8V0YHN9
Q9NWL6	Q5ZJN0
Q9NWS1	A0A8V0YAC6
Q9NWS1	Q5ZKL9
Q9NWT1	A0A8V0Y560
Q9NWT1	Q5ZKU8
Q9NX38	A0A8V0XTM9
Q9NX38	Q5ZHW7
Q9NX46	A0A8V0ZCH3
Q9NX46	Q5ZI51
Q9NXA8	A0A8V0XVU7
Q9NXA8	E1BRE2
Q9NXF1	A0A8V0XXI4
Q9NXF1	Q5ZM41
Q9NXL9	A0A8V0YQS3
Q9NXL9	I0IUP4
Q9NXR8	A0A8V0XAS3
Q9NXR8	Q5ZK36
Q9NY27	A0A8V0ZE92
Q9NY27	Q5ZMU6
Q9NY61	A0A8V1ACF0
Q9NY61	Q5ZIM6
Q9NYB0	A0A8V0XUV6
Q9NYB0	Q7T0L4
Q9NYK6	Q9I8W6
Q9NYK6	R4GHL8
Q9NYR8	A0A8V0ZT03
Q9NYR8	A0A8V1A091
Q9NZ32	A0A8V0Z7R2
Q9NZ32	F1NG10
Q9NZ53	A0A8V0X690
Q9NZ53	A0A8V1A7U6
Q9NZ72	A0A8V0YVK9
Q9NZ72	O93388
Q9NZI8	A0A8V1A3J6
Q9NZI8	O42254
Q9NZJ0	A0A8V0ZES9
Q9NZJ0	Q5ZJW8
Q9NZQ7	A0A8V0YJT0
Q9NZQ7	E1C153
Q9NZR4	A0A8V0Z532
Q9NZR4	Q9IAL2
Q9NZV1	A0A8V0XXZ4
Q9NZV1	Q8AWW5
Q9P015	A0A1D5PBN7
Q9P015	Q5ZKT8
Q9P016	A0A8V0ZXE5
Q9P016	Q90679
Q9P035	A0A8V0Z4S6
Q9P035	Q5ZM57
Q9P0L2	A0A1D5PF65
Q9P0L2	A0A8V0Z157
Q9P121	A0A8V0ZXX7
Q9P121	Q90773
Q9P2G3	A0A1D5PQZ9
Q9P2G3	Q5F3N5
Q9P2K3	A0A8V0Z1N2
Q9P2K3	Q5ZJ40
Q9P2K9	A0A8V0YXJ3
Q9P2K9	B9U3F2
Q9UBB6	A0A8V0YTD0
Q9UBB6	Q5ZIG0
Q9UBC5	A0A1D5PQB7
Q9UBC5	P47807
Q9UBP4	A0A8V0ZGB2
Q9UBP4	Q90839
Q9UBQ0	A0A8V1A3E4
Q9UBQ0	Q5ZIL2
Q9UBW5	A0A8V1A1Z3
Q9UBW5	Q5ZKL7
Q9UBX0	A0A8V1A9G1
Q9UBX0	P79775
Q9UBZ9	A0A8V0YTN6
Q9UBZ9	Q4KWZ7
Q9UEE9	A0A8V0ZV83
Q9UEE9	Q75QI0
Q9UGC6	A0A8V0XSM0
Q9UGC6	Q9PWA0
Q9UGL1	A0A8V1A5W3
Q9UGL1	Q5F3R2
Q9UGM1	A0A8V0Z0T7
Q9UGM1	Q9PTS8
Q9UGM3	A0A8V0XDU4
Q9UGM3	A0A8V0XE16
Q9UH65	A0A8V0ZNS0
Q9UH65	Q5F4B2
Q9UHA4	A0A8V0XMT8
Q9UHA4	Q5ZIP2
Q9UI40	A0A1L1RQA3
Q9UI40	Q9IAL7
Q9UID3	A0A8V0ZF76
Q9UID3	Q5ZJ25
Q9UIF8	A0A8V0Y905
Q9UIF8	Q9DE13
Q9UJ37	A0A8V1ACQ8
Q9UJ37	Q92184
Q9UJA3	A0A8V0Z2M8
Q9UJA3	I0IUP3
Q9UJC3	A0A8V1A6M3
Q9UJC3	Q5ZJ27
Q9UJX4	A0A8V1A4E4
Q9UJX4	Q5ZKK3
Q9UK59	A0A8V0ZJ33
Q9UK59	Q5ZLM2
Q9UK73	A0A8V0Z0A3
Q9UK73	Q5ZM55
Q9UKY7	A0A8V0Z1F4
Q9UKY7	Q5ZLH9
Q9UKZ4	A0A1D5PWG0
Q9UKZ4	Q9W6V6
Q9UL15	A0A1D5PX02
Q9UL15	Q5F486
Q9UL52	A0A8V0XQP4
Q9UL52	A0A8V0XQR2
Q9ULB5	F1P1D4
Q9ULB5	Q90763
Q9ULE6	A0A8V0ZDR3
Q9ULE6	Q8JHZ8
Q9ULX9	A0A8V0YJZ9
Q9ULX9	Q90595
Q9UM21	A0A8V0YTC7
Q9UM21	Q5F407
Q9UM54	A0A8V0XBD4
Q9UM54	Q9I8D1
Q9UNE7	A0A8V0Z596
Q9UNE7	Q5ZHY5
Q9UNF0	A0A8V0Y8B2
Q9UNF0	O13154
Q9UNW1	A0A8V0ZRM7
Q9UNW1	F1NPQ2
Q9UP38	A0A8V0XDW7
Q9UP38	O57328
Q9UPS6	A0A8V1A795
Q9UPS6	Q5F3P8
Q9UPW5	A0A8V0Y0R8
Q9UPW5	E1C3P4
Q9UPY3	F1NJX0
Q9UPY3	Q25BN1
Q9UQN3	A0A8V0XTN8
Q9UQN3	Q5F3A2
Q9Y226	A0A8V1A8L7
Q9Y226	A0A8V1ABI6
Q9Y251	A0A8V0XAC6
Q9Y251	Q90YK5
Q9Y255	F1NAR2
Q9Y255	Q90673
Q9Y266	A0A8V0YQK3
Q9Y266	Q5ZIN1
Q9Y283	A0A8V0XXL8
Q9Y283	Q8UVC3
Q9Y285	A0A8V0XGA7
Q9Y285	Q5ZJQ2
Q9Y287	A0A8V0XF42
Q9Y287	O42204
Q9Y2E8	A0A8V0YCF0
Q9Y2E8	Q5ZJ75
Q9Y2G8	A0A8V0ZMF2
Q9Y2G8	Q5ZKZ4
Q9Y2H6	A0A8V0XIA4
Q9Y2H6	Q5ZJP5
Q9Y2T2	A0A8V0ZNE7
Q9Y2T2	Q5ZMP7
Q9Y2V3	Q8AYJ4
Q9Y2V3	Q9PVX0
Q9Y2W6	A0A8V1ABT2
Q9Y2W6	A0A8V1AEF3
Q9Y2Y0	A0A8V0ZUH1
Q9Y2Y0	A0A8V1A989
Q9Y2Y0	Q5ZKW5
Q9Y468	A0A8V0ZQ35
Q9Y468	E1C2V1
Q9Y490	A0A8V0Y699
Q9Y490	P54939
Q9Y4C0	A0A8V0XRA7
Q9Y4C0	D0PRN3
Q9Y4C1	A0A8V0YZ53
Q9Y4C1	Q5ZIX8
Q9Y4F1	A0A8V0XWJ1
Q9Y4F1	F1P065
Q9Y4F3	A0A1D5NT31
Q9Y4F3	E1BZ85
Q9Y4G2	A0A8V0ZT76
Q9Y4G2	A0A8V1A7J0
Q9Y4K0	A0A8V0ZCA5
Q9Y4K0	E1C3U7
Q9Y4L1	A0A8V1A7Z6
Q9Y4L1	Q5ZLK7
Q9Y4P1	A0A8V1A343
Q9Y4P1	Q6PZ02
Q9Y4U1	A0A8V1ACS1
Q9Y4U1	Q5ZL21
Q9Y5L3	A0A1D5PS27
Q9Y5L3	P79784
Q9Y5R6	A0A8V0Y9I0
Q9Y5R6	Q9PTQ7
Q9Y5U4	A0A8V0ZGE4
Q9Y5U4	Q5F3W2
Q9Y620	A0A8V0YGV1
Q9Y620	Q9DG67
Q9Y644	A0A140T8F8
Q9Y644	O12972
Q9Y657	Q90WG1
Q9Y657	Q90WG2
Q9Y664	A0A1D5PJB7
Q9Y664	A0A8V0Y7Y5
Q9Y6E2	A0A8V0XSJ1
Q9Y6E2	Q5ZL42
Q9Y6F1	A0A8V1AEY2
Q9Y6F1	E1BSI0
Q9Y6G9	A0A8V0Z958
Q9Y6G9	Q90828
Q9Y6K0	A0A8V1A683
Q9Y6K0	Q5ZKD1
Q9Y6K1	A0A8V0Y6F7
Q9Y6K1	Q4W5Z4
Q9Y6R9	A0A8V0ZXQ6
Q9Y6R9	Q5ZJ07
Q9Y6U3	A0A8V0X852
Q9Y6U3	Q5ZIV9
Q9Y6V0	A0A8V0XXL2
Q9Y6V0	Q9PU36
Q9Y6Z7	A0A8V0Y581
Q9Y6Z7	Q2LK95
A0A0B4J264	A0A8V0ZPR1
A0A0B4J264	A0A8V0ZUM1
A0A0B4J264	A0A8V0ZUV2
A0A1B0GX56	A0A8V1A330
A0A1B0GX56	A0A8V1A373
A0A1B0GX56	A0A8V1A3Y8
A0AVI4	A0A8V0YWZ2
A0AVI4	Q5ZI25
A0JD32	A0A8V0ZPR1
A0JD32	A0A8V0ZUM1
A0JD32	A0A8V0ZUV2
A2RUC4	A0A8V0ZX53
A2RUC4	E1C7T6
A2VEC9	A0A8V1A327
A2VEC9	Q2PC93
A4D1P6	A0A8V0Y7B2
A4D1P6	Q5ZLL7
A4UGR9	A0A8V1A673
A4UGR9	Q91957
A5YM72	A0A8V0ZPZ7
A5YM72	D3KCC4
A6NDG6	F1NAX3
A6NDG6	Q5F4B1
A6NE01	A0A8V0X871
A6NE01	A0A8V0XK24
A6NFY4	A0A8V0YIW3
A6NFY4	Q5ZJY9
A6NHT5	A0A8V0X735
A6NHT5	O57601
A6NI15	A0A8V0XLZ0
A6NI15	Q9DEQ9
A6NKP2	A0A8V0ZAT6
A6NKP2	E1C196
A7E2Y1	A0A8V0XQN1
A7E2Y1	A0A8V0ZPI2
A8MT69	A0A8V1AB38
A8MT69	P0DJH7
A8MW92	A0A8V0Y6J4
A8MW92	Q5F3G6
B0I1T2	A0A8V1AA47
B0I1T2	Q5ZMC2
B6A8C7	A0A8V0WZU8
B6A8C7	A0A8V0X2K2
B6A8C7	A0A8V0X2P2
B6A8C7	A0A8V0X4S3
B6A8C7	A0A8V0X4U1
B6A8C7	A0A8V0X4X5
B6A8C7	A0A8V0X4Z1
B6A8C7	A0A8V0X546
B6A8C7	A0A8V0X714
B6A8C7	A0A8V0X752
B6A8C7	A0A8V0XFM9
B6A8C7	A0A8V0XFX4
B6A8C7	A0A8V0XGJ2
B6A8C7	A0A8V0XGL5
B6A8C7	A0A8V0XGV9
B6A8C7	A0A8V0XHN4
B6A8C7	A0A8V0XIN9
B6A8C7	A0A8V0XIV6
B6A8C7	A0A8V0XJJ2
B6A8C7	A0A8V0XKL4
B6A8C7	A0A8V0XKU8
B6A8C7	A0A8V0XL17
B6A8C7	A0A8V0XLD2
B6A8C7	A0A8V0XLQ5
B6A8C7	A0A8V0XM12
B6A8C7	A0A8V0XM44
B6A8C7	A0A8V0XM91
B6A8C7	A0A8V0XMS2
B6A8C7	A0A8V0XMU8
B6A8C7	A0A8V0XMW1
B6A8C7	A0A8V0XN96
B6A8C7	A0A8V0XNB0
B6A8C7	A0A8V0XNF1
B6A8C7	A0A8V0XNQ8
B6A8C7	A0A8V0XNV4
B6A8C7	A0A8V0XPN1
B6A8C7	A0A8V0XPX2
B6A8C7	A0A8V0XQ64
B6A8C7	A0A8V0XQE0
B6A8C7	A0A8V0XQJ5
B6A8C7	A0A8V0XQP1
B6A8C7	A0A8V0XQT2
B6A8C7	A0A8V0XR74
B6A8C7	A0A8V0XRC3
B6A8C7	A0A8V0XRE8
B6A8C7	A0A8V0XRZ0
B6A8C7	A0A8V0XS59
B6A8C7	A0A8V0XS67
B6A8C7	A0A8V0XS98
B6A8C7	A0A8V0XSB1
B6A8C7	A0A8V0XSW7
B6A8C7	A0A8V0XU54
B6A8C7	A0A8V0XUD4
B6A8C7	A0A8V0XUP6
B6A8C7	A0A8V0XUR5
B6A8C7	A0A8V0XV84
B6A8C7	A0A8V0XVF3
B6A8C7	A0A8V0XVX2
B6A8C7	A0A8V0XW37
C9JLW8	A0A8V1ANC4
C9JLW8	Q5ZIU1
O00139	A0A1D5PBU5
O00139	Q5ZKV8
O00159	A0A8V1AHL9
O00159	Q5ZLA6
O00193	A0A8V0ZZ32
O00193	Q9I9J6
O00204	A0A8V0XEJ6
O00204	A0A8V0XLB2
O00219	A0A8V0Y0W2
O00219	O57425
O00238	F1NTD3
O00238	Q05438
O00391	A0A8V0Y248
O00391	Q8JGM4
O00398	A0A8V0Z5K4
O00398	A0A8V0Z5M2
O00425	A0A1D5PTM1
O00425	Q5ZLP8
O00451	A0A8V0YVL6
O00451	O13157
O00468	A0A8V0ZM18
O00468	P31696
O00519	A0A8V0ZKJ9
O00519	A0A8V1ACD9
O00519	Q90578
O00534	A0A8V0ZNP4
O00534	A0A8V0ZYD7
O00570	A0A1D5PBF9
O00570	O57401
O00592	A0A8V0XU83
O00592	O57604
O00712	A0A8V0YXS2
O00712	P17924
O14543	Q90X67
O14543	R4GJH9
O14579	A0A8V1AHU1
O14579	Q5ZIK9
O14627	A0A8V0Y7L5
O14627	Q90Z54
O14745	A0A8V1AJV5
O14745	Q5ZM14
O14786	A0A8V0XQ20
O14786	P79795
O14802	A0A8V0Z8N2
O14802	Q5ZL98
O14904	O42280
O14904	Q3L251
O14948	A0A8V0X7F5
O14948	Q5XFQ6
O14950	A0A1L1RUU9
O14950	A0A8V0XAJ5
O14950	P24032
O14958	F1NQT9
O14958	P19204
O14960	F1NEF7
O14960	P08940
O14979	A0A8V0XFL4
O14979	Q5ZI72
O14986	A0A8V0YT91
O14986	Q5ZJ58
O15034	A0A8V0ZLX7
O15034	Q8QFX1
O15041	A0A1D5PEE8
O15041	O42237
O15049	A0A8V0YC73
O15049	Q5ZLT3
O15055	A0A8V1A5X2
O15055	Q8QGQ8
O15105	A0A1D5PNY8
O15105	A0A8V0YH96
O15111	A0A8V0XYS4
O15111	Q5ZJB4
O15146	A0A8V0XN86
O15146	Q8AXY6
O15169	A0A1D5P395
O15169	O42400
O15178	A0A8V0XWC3
O15178	P79777
O15232	A0A8V0XH73
O15232	O42401
O15260	A0A8V1AK16
O15260	Q800K9
O15372	A0A8V0XX60
O15372	Q5ZLE6
O15379	A0A8V0Y9T3
O15379	P56520
O15496	A0A8V0XR66
O15496	A0A8V0ZLQ3
O15503	A0A8V1A7P5
O15503	Q5ZMT9
O15504	A0A8V0X293
O15504	A0A8V0X598
O15504	Q5ZI22
O15516	A0A8V0YTR4
O15516	Q8QGQ6
O15533	A0A8V0XHU8
O15533	O73895
O15540	A0A8V0YIX7
O15540	Q05423
O43174	A0A8V0ZEN4
O43174	Q9PUB4
O43365	A0A0D9SEG7
O43365	O93353
O43395	A0A8V1AJK4
O43395	Q5ZJ85
O43396	A0A8V0Y035
O43396	A0A8V0YJC5
O43405	A0A8V0XHW9
O43405	O42163
O43529	A0A8V0Z0K6
O43529	Q5ZIE4
O43541	A0A1D5PB14
O43541	Q9W734
O43597	A0A8V0X3L8
O43597	Q9PTL2
O43617	A0A3Q2TU20
O43617	Q5ZI57
O43633	A0A1D5PCX2
O43633	Q5ZHN1
O43704	A0A8V0XP18
O43704	A0A8V0XR93
O43704	Q8JG30
O43707	A0A8V0Y5A6
O43707	Q90734
O43897	A0A8V0Y070
O43897	Q9DER7
O43921	A0A1D5NZN5
O43921	P52802
O60256	A0A8V0YWJ1
O60256	Q5ZL26
O60269	A0A8V0Y7L4
O60269	Q9PWA3
O60313	A0A1D5PM27
O60313	Q5F499
O60477	A0A8V1AFN7
O60477	Q7ZZR3
O60503	F1NP57
O60503	Q9DGG6
O60603	Q9DD78
O60603	Q9DGB6
O60674	A0A8V0YNY4
O60674	Q75R65
O60701	A0A8V0YXI7
O60701	Q5F3T9
O60704	F1NGS3
O60704	Q5ZJI0
O60806	A0A8V0XU46
O60806	P79778
O60832	A0A8V0YSM8
O60832	Q5ZJH9
O60934	A0A8V0YA70
O60934	Q9DE07
O75056	A0A8V0YKL0
O75056	P26261
O75081	A0A8V0XZH1
O75081	Q5F3B1
O75083	A0A8V0Y2I4
O75083	O93277
O75084	A0A1D5PEJ9
O75084	O57329
O75113	A0A8V0ZR67
O75113	Q5ZLE9
O75190	A0A8V1A5H2
O75190	Q5F3Z5
O75356	A0A8V0XQY2
O75356	E1C1L6
O75443	A0A8V1A4A4
O75443	Q9YH85
O75448	A0A8V1A3C1
O75448	Q5F3M0
O75449	A0A8V0XHU6
O75449	Q1HGK7
O75475	A0A8V0YUB5
O75475	Q5XXA9
O75478	A0A8V1ACH9
O75478	Q5ZJF3
O75530	A0A8V0Y8N9
O75530	Q5ZKH3
O75554	A0A8V0XCG8
O75554	Q5F457
O75604	A0A8V1A7R4
O75604	O57429
O75616	A0A8V1AMN7
O75616	Q8JIF5
O75629	A0A8V0XY45
O75629	Q5ZJ73
O75695	A0A8V0XHZ0
O75695	Q5ZHN4
O75781	A0A8V1ABU1
O75781	Q9YGL6
O75829	A0A8V0X813
O75829	Q9PUU8
O75886	A0A8V0Y8L3
O75886	O93436
O94804	A0A8V0YM96
O94804	F1NBT0
O94822	A0A8V0Y5B5
O94822	E1C231
O94829	A0A8V0ZJC1
O94829	Q5ZIC8
O94856	A0A8V1AG04
O94856	O42414
O94874	A0A8V0XGP6
O94874	Q5ZMG1
O94979	A0A8V0XFB2
O94979	Q5F3X8
O95025	A0A8V0XRP8
O95025	Q90663
O95185	A0A8V0XGX4
O95185	Q7T2Z5
O95196	A0A8V1A8E1
O95196	Q9DF69
O95202	A0A8V0Z0A8
O95202	Q5ZK33
O95218	A0A8V0ZWX6
O95218	Q5ZLX5
O95231	A0A8V0ZF74
O95231	A0A8V0ZKG2
O95347	A0A8V0XV75
O95347	Q90988
O95352	A0A8V1A851
O95352	Q5ZKY2
O95391	A0A8V0Y075
O95391	Q5ZIG2
O95461	A0A8V0YYQ9
O95461	Q66PG3
O95497	A0A8V0XM46
O95497	A0A8V0XW73
O95498	A0A8V0XM46
O95498	A0A8V0XW73
O95551	A0A8V0XVJ6
O95551	F1NW29
O95711	A0A8V0YAR4
O95711	Q90890
O95947	A0A8V1A5J8
O95947	P79779
O95954	A0A8V0YW56
O95954	Q9YH58
O95980	A0A1D5PUP4
O95980	A0A8V0XV82
O96024	A0A8V0X2F7
O96024	A0A8V0X4M5
O96024	A0A8V0X6H6
O96024	A0A8V0X6I2
P00156	A0A8V0X5Y0
P00156	P18946
P00338	E1BTT8
P00338	P00340
P00352	F1NJC7
P00352	P27463
P00395	P18943
P00395	Q76L16
P00441	A0A8V0YJA6
P00441	P80566
P00480	A0A8V0XEC2
P00480	Q9YHY9
P00505	A0A8V0ZJT8
P00505	P00508
P00540	A0A8V0XMT1
P00540	P10741
P00558	A0A8V0YFC7
P00558	P51903
P00740	A0A8V0Z2I1
P00740	Q804X6
P00813	A0A8V0ZWX9
P00813	Q5ZKP6
P00966	A0A8V1ABQ3
P00966	Q5ZJ23
P00995	A0A8V0XEH1
P00995	P85000
P01138	A0A140T8F7
P01138	P05200
P01258	A0A8V0ZWA5
P01258	P07660
P01258	P10286
P01303	A0A8V0X5E1
P01303	P28673
P01344	A0A8V1A0J7
P01344	P33717
P01871	A0A8V0XEJ0
P01871	P01875
P02452	A0A1D5PYU1
P02452	P02457
P02489	A0A8V0YJR9
P02489	P02504
P02671	A0A8V0YS57
P02671	P14448
P02675	A0A8V0YS27
P02675	Q02020
P02708	A0A8V0ZIH4
P02708	P09479
P02730	A0A8V1A0K9
P02730	P15575
P02768	A0A8V0XJ14
P02768	P19121
P02786	A0A8V0YJE5
P02786	Q90997
P02818	A0A1D5PRL0
P02818	P02822
P03372	A0A8V0XRZ8
P03372	P06212
P03891	P18937
P03891	Q85BF7
P03915	P18940
P03915	Q85A52
P04180	A0A8V0ZN58
P04180	P53760
P04183	A0A8V1AJL1
P04183	P04047
P04198	E1C3E1
P04198	P18444
P04216	A0A8V1A569
P04216	Q07212
P04424	A0A1L1RIY4
P04424	P02521
P04424	P05083
P04629	H9KZZ1
P04629	Q91009
P04637	A0A8V0X7A1
P04637	P10360
P04792	A0A8V1AMZ8
P04792	Q00649
P05019	A0A8V0XZZ5
P05019	P18254
P05023	A0A8V1A740
P05023	P09572
P05026	A0A8V0XKS4
P05026	P08251
P05093	A0A8V0Z6E2
P05093	P12394
P05111	A0A8V0ZI36
P05111	P43031
P05114	A0A8V0YDY2
P05114	P12274
P05186	F1NN44
P05186	Q92058
P05198	A0A8V0ZCS2
P05198	Q5ZLX2
P05204	A0A8V0YP17
P05204	P02314
P05412	A0A8V1A1J7
P05412	P18870
P05556	A0A8V0XMT9
P05556	P07228
P05976	A0A8V0YDM6
P05976	P02604
P06396	A0A8V1AHE5
P06396	O93510
P06400	A0A3Q3AS57
P06400	Q90600
P06493	A0A8V0XY56
P06493	P13863
P06576	A0A8V1A624
P06576	Q5ZLC5
P06733	A0A8V0Z0U1
P06733	P51913
P06748	A0A8V0Y5D3
P06748	P16039
P06756	A0A8V0YKB7
P06756	P26008
P07108	A0A8V0ZEH5
P07108	Q9PRL8
P07197	A0A8V0Z874
P07197	P16053
P07237	A0A8V1AL50
P07237	P09102
P07305	A0A8V0Y7Z9
P07305	P02259
P07359	A0A8V1A5A3
P07359	A0A8V1ACU9
P07451	A0A1D5NTS2
P07451	A0A1D5P5F4
P07492	A0A1D5PXC4
P07492	P01295
P07510	A0A8V0Z583
P07510	P02713
P07585	A0A8V0YJB8
P07585	P28675
P07602	A0A8V0Z5X2
P07602	O13035
P07766	A0A8V0ZXL5
P07766	Q98910
P07858	A0A8V0Y4H1
P07858	P43233
P07900	A0A8V0Z557
P07900	P11501
P08100	F1P3Y2
P08100	P22328
P08123	A0A5H1ZRJ7
P08123	P02467
P08133	A0A8V0YRM2
P08133	P51901
P08134	A0A8V1AC43
P08134	Q9PSX7
P08138	A0A8V1A445
P08138	P18519
P08151	A0A8V0ZYW8
P08151	P55878
P08173	A0A8V0ZUJ1
P08173	P17200
P08238	A0A8V0ZAR1
P08238	Q04619
P08476	A0A8V0XUA9
P08476	P27092
P08590	F1P5V6
P08590	P02606
P08727	A0A8V1A8T0
P08727	O93256
P08922	F1NQL9
P08922	P08941
P09016	F1NZJ3
P09016	P17278
P09104	A0A1L1RRN7
P09104	O57391
P09327	A0A8V0Z8C9
P09327	P02640
P09382	A0A8V0XFP7
P09382	P23668
P09486	A0A8V0YNY7
P09486	A0A8V0YQG5
P09486	P36377
P09529	P27093
P09529	R4GIS0
P09601	A0A8V0YK13
P09601	P14791
P09874	A0A8V0Z8L1
P09874	P26446
P09919	A0A8V0ZZ00
P09919	P13854
P0C1S8	A0A8V0YEV0
P0C1S8	E1BTE1
P0CG48	A0A8V1AKG1
P0CG48	P0CG62
P10071	A0A8V0Y2D1
P10071	Q9IA31
P10145	A0A8V0XRL0
P10145	P08317
P10176	A0A1L1RQ94
P10176	A0A8V0X7K6
P10243	A0A8V0XBS3
P10243	P52550
P10244	A0A8V1A105
P10244	Q03237
P10276	A0A8V1A5X8
P10276	Q90966
P10323	A0A1D5NYZ9
P10323	A0A8V0Y0N1
P10451	A0A8V0X8R4
P10451	P23498
P10600	A0A8V0XJ84
P10600	P16047
P10747	A0A8V0ZFZ0
P10747	P31043
P10912	A0A1D5NVR2
P10912	Q02092
P10914	A0A8V0YVG0
P10914	Q90876
P10916	A0A8V1A8Q3
P10916	P02610
P11166	A0A8V0Z2Q3
P11166	P46896
P11168	A0A8V0YFZ0
P11168	Q90592
P11226	A0A8V0Y7X3
P11226	Q98TA4
P11279	A0A1D5PJ79
P11279	P05300
P11362	A0A8V0Z7L6
P11362	P21804
P11388	A0A8V0ZR37
P11388	O42130
P11473	A0A8V0ZXG8
P11473	O42392
P11511	A0A8V0ZIT3
P11511	P19098
P11532	A0A8V0XDU5
P11532	P11533
P11597	A0A8V0ZFR4
P11597	Q3V6R6
P11831	A0A1D5PP00
P11831	Q90718
P11926	A0A8V0XE36
P11926	P27118
P12109	A0A8V0YNN9
P12109	P20785
P12111	A0A8V0YHJ1
P12111	P15989
P12532	F1NXR0
P12532	P70079
P12643	A0A8V0Z6B6
P12643	Q90751
P12644	A0A8V0Z5C7
P12644	Q90752
P12755	E1BSJ7
P12755	P49140
P12821	A0A8V0ZMM3
P12821	Q10751
P12829	A0A8V0ZLA1
P12829	P09540
P12830	A0A8V0Y995
P12830	P08641
P12931	A0A8V0ZDU6
P12931	P00523
P12956	A0A8V0Y1U0
P12956	O93257
P13196	A0A1D5P0L4
P13196	P07997
P13378	A0A8V1A3Z0
P13378	P23459
P13473	A0A8V0YEM2
P13473	Q90617
P13591	A0A8V1A8Q6
P13591	P13590
P13611	A0A8V0XRC4
P13611	Q90953
P13639	A0A8V1A5F0
P13639	Q90705
P13674	A0A8V0ZHL9
P13674	P16924
P13995	A0A8V0ZFE6
P13995	Q5ZKA5
P14174	A0A8V1AAF2
P14174	Q02960
P14324	A0A8V1AK88
P14324	P08836
P14550	A0A8V1A5L2
P14550	Q5ZK84
P14618	A0A8V0ZG96
P14618	P00548
P14625	A0A1D5PPN9
P14625	P08110
P14651	A0A1D5NXL9
P14651	P23682
P14653	A0A8V0ZWJ5
P14653	P31259
P14679	P55024
P14679	R9PXQ3
P14778	A0A8V0YL43
P14778	A0A8V0YLK2
P14859	A0A8V0XWS3
P14859	P15143
P15056	A0A8V0YMN5
P15056	Q04982
P15104	A0A8V0Y7S7
P15104	P16580
P15144	A0A8V0Z0I1
P15144	O57579
P15172	F1NHM3
P15172	P16075
P15173	A0A8V1A9D6
P15173	P17920
P15336	A0A8V0ZR30
P15336	O93602
P15509	A0A8V0XAA4
P15509	A0A8V0XDG4
P15692	A0A8V0ZHW7
P15692	P67964
P15907	A0A8V1A645
P15907	Q92182
P15918	A0A8V1A1U6
P15918	P24271
P16035	A0A8V1ABU4
P16035	O42146
P16112	A0A8V0ZJN1
P16112	P07898
P16118	A0A8V0X757
P16118	Q91348
P16234	A0A8V0YKS4
P16234	Q9PUF6
P16422	A0A8V0YW06
P16422	Q5F381
P16471	A0A8V0YID9
P16471	Q04594
P16615	A0A1L1RKB7
P16615	Q03669
P17050	A0A8V0YC98
P17050	Q90744
P17152	A0A8V0ZKX3
P17152	Q5ZLD4
P17302	F1N9K3
P17302	P14154
P17481	A0A8V0ZUX2
P17481	Q9YH27
P17483	A0A8V0ZWE5
P17483	P14840
P17540	F1NAD3
P17540	P11009
P17542	A0A8V0ZTP8
P17542	P24899
P17643	F1NXQ4
P17643	O57405
P17655	A0A8V0YQF3
P17655	Q92178
P17661	A0A8V0YZ16
P17661	P02542
P17677	A0A8V0XVJ3
P17677	P35001
P17752	A0A8V1A964
P17752	P70080
P17948	A0A8V0XQG0
P17948	Q8QHL3
P18031	A0A8V0YHN7
P18031	O13016
P18065	F1P1I0
P18065	P49705
P18124	A0A8V0XJK4
P18124	Q5ZJ56
P18509	A0A8V0XBJ9
P18509	P41534
P18669	A0A8V0ZFP5
P18669	Q5ZLN1
P19447	F1NZ23
P19447	Q5ZKK7
P19838	A0A8V0XLT0
P19838	Q04861
P19883	A0A8V0YFR5
P19883	Q90844
P20020	A0A8V0YJM2
P20020	Q98SH2
P20155	A0A8V0XEH1
P20155	P85000
P20226	O13270
P20226	Q6JLB1
P20248	F1NJI2
P20248	P43449
P20309	A0A8V0XVB5
P20309	P49578
P20472	A0A8V0YIN2
P20472	P80026
P20700	A0A8V0YN43
P20700	P14731
P20807	A0A1D5PLJ8
P20807	Q92177
P20823	A0A8V0ZX56
P20823	Q90867
P20849	F1NQ20
P20849	P12106
P20936	A0A8V0XNP5
P20936	A0A8V0Y4Z8
P21399	A0A1D5PQV0
P21399	Q90875
P21741	A0A8V0ZRK9
P21741	P24052
P21754	A0A8V0ZDY9
P21754	A0A8V0ZJ05
P21754	A0A8V0ZJ70
P21754	P79762
P21802	A0A8V0XB17
P21802	P18461
P21854	A0A3S5ZP30
P21854	A0A8V0Y4L4
P21854	A0A8V0Y8Q2
P21912	A0A1D5PIF0
P21912	Q9YHT2
P21941	A0A8V0YE02
P21941	P05099
P21980	A0A8V0YZN0
P21980	Q01841
P22061	A0A8V0XPL4
P22061	Q5F3N1
P22102	A0A8V0Y7V4
P22102	P21872
P22234	A0A3Q3A5F2
P22234	P38024
P22307	A0A8V1A8Z1
P22307	Q07598
P22607	A0A8V0YYZ7
P22607	P18460
P22748	A0A8V1A2Q2
P22748	A0A8V1AKN8
P22830	A0A8V0Y318
P22830	O42479
P23025	A0A8V0Y479
P23025	P27089
P23141	A0A8V0Y9F8
P23141	A0A8V0YB34
P23142	A0A8V0YDV2
P23142	O73775
P23229	A0A8V0ZFS0
P23229	P26007
P23284	A0A8V0ZS95
P23284	P24367
P23378	A0A8V0YJW5
P23378	P15505
P23434	A0A8V0XYX6
P23434	P11183
P23470	A0A8V0ZH43
P23470	Q98936
P23769	A0A8V1AC24
P23769	P23824
P23945	A0A8V0ZC65
P23945	P79763
P24385	A0A8V1A2V0
P24385	P55169
P24468	A0A8V0YWC8
P24468	Q90733
P24821	A0A8V1AI29
P24821	P10039
P24844	A0A8V0ZKF9
P24844	P02612
P24864	A0A8V0ZXC1
P24864	P49707
P25189	A0A8V1A4G0
P25189	P37301
P25205	F1NFJ0
P25205	Q5ZMN2
P25208	A0A8V0YCM9
P25208	P25207
P25963	A0A8V0XQY0
P25963	Q91974
P26196	A0A8V0ZUR5
P26196	Q5ZKB9
P26358	A0A8V0XH87
P26358	Q92072
P26583	F1NPU8
P26583	P26584
P26678	P26677
P26678	R4GK80
P26992	A0A8V0Y1Y3
P26992	P51641
P27694	A0A8V1ANJ8
P27694	Q5ZJJ2
P28068	A0A8V0XAR1
P28068	A0A8V0XHJ0
P28069	A0A1D5NY46
P28069	Q9YGL7
P28074	A0A8V0XB52
P28074	P34065
P28300	A0A8V0XAJ0
P28300	Q05063
P28329	F1P393
P28329	Q90YJ9
P28472	A0A8V0XIQ4
P28472	P19019
P28845	A0A8V1A2W5
P28845	E1BZ22
P29320	F1NJX6
P29320	P29318
P29323	A0A8V0YZP9
P29323	P28693
P29590	A0A8V0ZIY7
P29590	A0A8V0ZPR8
P29762	A0A8V0ZWM8
P29762	P40220
P29965	A0A8V0YUS5
P29965	Q9I8D8
P30040	F1NRM8
P30040	P81628
P30041	A0A8V0YL25
P30041	Q5ZJF4
P30520	A0A1D5PL45
P30520	Q5ZJL5
P30532	A0A8V1A3X1
P30532	P26152
P30542	A0A8V1A0M3
P30542	P49892
P30711	A0A8V1ACT1
P30711	P20135
P30793	F1NEK8
P30793	P50141
P30926	F1P4U2
P30926	P26153
P30968	A0A8V0YXU6
P30968	A0A8V0Z3B7
P31040	A0A8V0XRG9
P31040	Q9YHT1
P31271	Q90X25
P31271	R4GRV9
P31277	A0A8V0ZUN5
P31277	P24342
P31314	A0A8V0Z6N2
P31314	O93366
P31431	A0A8V0ZEG7
P31431	P49416
P31939	A0A8V0YFF4
P31939	P31335
P31949	A0A8V1ACT3
P31949	P24479
P32246	A0A8V0Z1Q5
P32246	Q702H7
P32927	A0A8V0YMN6
P32927	A0A8V0YPW5
P33151	A0A8V0XN44
P33151	Q8AYD0
P33527	A0A8V0ZLX1
P33527	Q5F364
P34981	A0A1D5P3F4
P34981	O93603
P34998	F1NS14
P34998	Q90812
P35052	A0A8V0ZS88
P35052	P50593
P35228	A0A1D5PZB7
P35228	Q90703
P35241	A0A8V0XTE7
P35241	Q9PU45
P35442	A0A8V0XKJ2
P35442	P35440
P35453	A0A1D5PN52
P35453	P24344
P35558	F1NKP4
P35558	P05153
P35579	A0A1D5PM19
P35579	P14105
P35609	A0A8V0XVZ5
P35609	P20111
P35716	A0A8V0XGS6
P35716	P48435
P35749	A0A8V0ZE13
P35749	P10587
P35754	A0A8V0YB63
P35754	P79764
P35914	A0A1L1RJ90
P35914	P35915
P36382	A0A1D5PJ30
P36382	P18860
P36507	A0A8V1AAM3
P36507	Q90891
P36544	A0A8V0ZS64
P36544	P22770
P37088	A0A8V0ZTC6
P37088	Q92075
P37275	A0A8V0XNH8
P37275	P36197
P38606	F1NBW2
P38606	Q90647
P38646	A0A8V0Y005
P38646	Q5ZM98
P39656	A0A8V0ZI24
P39656	P48440
P40126	A0A8V0XJ70
P40126	O93505
P40227	A0A8V1AED9
P40227	Q5ZJ54
P40763	A0A8V1AAG1
P40763	Q6DV79
P40967	A0A8V0ZUF6
P40967	Q98917
P41182	A0A8V0YN80
P41182	Q5ZM39
P41240	A0A8V0ZND5
P41240	P41239
P41271	A0A8V0Z862
P41271	Q90YC9
P43235	A0A8V1AA62
P43235	Q90686
P43320	A0A8V0ZI99
P43320	Q05714
P43351	A0A8V0YE74
P43351	P39022
P43657	A0A8V0XKR5
P43657	P32250
P43681	A0A8V0ZLF1
P43681	P09482
P43694	A0A8V0Y8V4
P43694	P43691
P45379	A0A8V1ABS1
P45379	P02642
P46597	A0A8V0XBR6
P46597	Q92056
P47944	A4PBT0
P47944	P68497
P47989	A0A8V0Z719
P47989	P47990
P48060	A0A8V0YBH8
P48060	A0A8V0YPF3
P48145	A0A8V0ZVH8
P48145	E1C327
P48146	A0A8V0ZVH8
P48146	E1C327
P48165	F1NRH7
P48165	P36381
P48200	A0A8V0ZYP3
P48200	Q5ZLQ4
P48426	A0A8V0XM27
P48426	Q5F356
P48431	A0A8V0YYM3
P48431	P48430
P48443	A0A8V0Y5M2
P48443	P28701
P48549	F1NCD3
P48549	Q90854
P48595	A0A8V0Y5S3
P48595	O73790
P48651	A0A8V0YI02
P48651	Q5ZM65
P48728	A0A8V1AE35
P48728	P28337
P48742	F1NX79
P48742	P53411
P48745	A0A1D5P2P1
P48745	P28686
P48788	A0A8V1A2M9
P48788	P68246
P49326	A0A8V0YK51
P49326	A0A8V0YQ53
P49327	A0A8V1AKX1
P49327	P12276
P49589	A0A8V0ZQK7
P49589	Q5F408
P49675	A0A8V0Z306
P49675	Q9DG09
P49683	B1NWL3
P49683	F2Z4K2
P49711	A0A8V0ZWP6
P49711	Q08705
P49768	A0A3Q2UE42
P49768	Q4JIM4
P49788	C7G540
P49788	Q90YI1
P49798	A0A8V0YNM0
P49798	Q7SZC6
P49810	A0A8V0Z5X8
P49810	Q90X07
P49895	A0A8V1A702
P49895	O42411
P49902	A0A8V0ZHG8
P49902	Q5ZIZ4
P49913	A0A8V1ACR4
P49913	Q2IAL6
P49913	Q2IAL7
P49913	Q6QLQ5
P49917	A0A8V0YS61
P49917	Q90YB1
P49959	A0A8V0Y300
P49959	Q9IAM7
P50440	A0A8V0Z3J2
P50440	Q9I9K9
P50542	A0A8V0ZP66
P50542	Q5ZMQ9
P50750	A0A8V1AJ98
P50750	Q5ZKN1
P50990	A0A8V0YCQ1
P50990	Q6EE31
P51160	A0A8V0ZK79
P51160	P52731
P51530	A0A8V0ZU49
P51530	Q5ZKG3
P51589	A0A8V1A6M7
P51589	A0A8V1A746
P51589	A0A8V1A9P7
P51685	A0A8V0YU44
P51685	Q5ZI02
P51687	A0A8V1A250
P51687	P07850
P51689	E1BYN0
P51689	Q71BV1
P52294	A0A8V1ACX0
P52294	Q5ZML1
P52569	A0A8V0YVG4
P52569	B3TP03
P52701	A0A8V0ZA96
P52701	E1BYJ2
P52803	A0A8V0YD65
P52803	P52804
P52961	A0A8V0X5H1
P52961	A0A8V0X9F6
P52961	A0A8V0XHM3
P52961	A9NJ60
P52961	P55806
P52961	P55807
P52961	Q92080
P53672	A0A8V0ZIE6
P53672	P55164
P53674	A0A8V0ZXB7
P53674	P07530
P53708	A0A8V0XJR5
P53708	P26009
P53999	A0A8V0YF44
P53999	Q5ZK63
P54132	A0A8V0YVN0
P54132	Q9I920
P54136	A0A8V0XY40
P54136	Q5ZM11
P54198	A0A8V0ZXF8
P54198	P79987
P54296	A0A8V0XD40
P54296	Q02173
P54368	A0A8V1AAT8
P54368	O42148
P54577	F1NJU7
P54577	Q5ZJ08
P54652	A0A8V0Z8E9
P54652	P08106
P54709	A0A3Q2UED6
P54709	P33879
P54753	A0A8V0YUC4
P54753	Q07498
P54756	A0A8V0XFC9
P54756	P54755
P54762	A0A8V1A2E6
P54762	Q07494
P54764	A0A8V0ZXD3
P54764	Q07496
P55072	A0A8V0YHC8
P55072	A0A8V0YJ39
P55073	A0A8V0ZBZ3
P55073	O42412
P55075	Q4R0X9
P55075	Q90722
P55210	A0A8V0Z940
P55210	F1NV61
P55212	A0A1D5PPP7
P55212	A0A8V0XM56
P55268	A0A8V0ZAN4
P55268	A0A8V0ZKB2
P55283	A0A8V0ZJM8
P55283	P24503
P55287	A0A8V0Y081
P55287	O93319
P55771	A0A8V0XDU9
P55771	P55166
P55895	A0A8V1A4B6
P55895	P25022
P55957	A0A8V0YFM0
P55957	Q8JGM8
P56159	A0A8V0ZWU5
P56159	O13156
P56282	A0A8V0Z9C9
P56282	Q5ZKQ6
P56693	A0A8V0YDU2
P56693	Q9W757
P57073	F1P1Z5
P57073	P57074
P58546	A0A8V0Y9V6
P58546	Q91955
P59991	A0A8V0XDG6
P59991	A0A8V0XJP0
P60201	A0A8V0YW58
P60201	P23289
P60228	A0A1D5PIX9
P60228	Q5ZLA5
P60660	A0A8V1A2T1
P60660	P02607
P60981	A0A8V0Z8Y2
P60981	P18359
P61244	A0A8V0ZII8
P61244	P52162
P61296	A0A8V0XEZ9
P61296	Q90690
P61513	A0A8V0ZA25
P61513	P32046
P61812	F1NNP2
P61812	P30371
P61978	A0A8V0YW88
P61978	Q5ZIQ3
P62633	A0A8V1AB65
P62633	O42395
P62701	A0A8V0YV66
P62701	P47836
P62753	A0A8V0Z1Z1
P62753	P47838
P63096	E1BXS2
P63096	P50146
P63252	A0A8V1AFB2
P63252	P52186
P63302	A0A8V0Y558
P63302	D0EYG3
P68366	A0A1L1RJP8
P68366	A0A8V0ZQ95
P68402	A0A8V0ZR27
P68402	Q5ZMS2
P69905	A0A8V0ZB98
P69905	P01994
P78383	A0A8V0ZWJ7
P78383	Q8AWB6
P78509	A0A8V0Y3D5
P78509	O93574
P78527	A0A8V0XH61
P78527	Q8QGX4
P78549	A0A8V0Z483
P78549	A7M7B9
P82932	A0A8V0YF74
P82932	Q5ZIJ2
P98172	A0A1D5P9X0
P98172	O73612
Q00341	A0A8V1A0C9
Q00341	P81021
Q00613	A0A8V0Y1H7
Q00613	P38529
Q00653	A0A8V0ZFE4
Q00653	P98150
Q00796	A0A8V0ZVR3
Q00796	P0DMQ6
Q01094	A0A8V0ZLI6
Q01094	Q90977
Q01581	A0A8V0YVL0
Q01581	P23228
Q01726	A0A8V0Y3H5
Q01726	P55167
Q01850	A0A8V0ZFY3
Q01850	Q5ZJA3
Q01995	A0A8V0ZT74
Q01995	P19966
Q02246	A0A8V1ABR3
Q02246	P28685
Q02338	A0A8V0YU17
Q02338	Q5ZJZ5
Q02809	A0A8V0Z1X2
Q02809	P24802
Q02880	A0A8V0XD34
Q02880	O42131
Q03014	A0A8V0Z7N3
Q03014	Q05502
Q03135	A0M8T8
Q03135	P35431
Q03252	A0A3Q2U596
Q03252	P14732
Q03692	A0A8V0YGK6
Q03692	P08125
Q03933	A0A8V0YGA5
Q03933	P38530
Q04206	A0A8V0X7S8
Q04206	P98152
Q04695	A0A8V0ZTH6
Q04695	Q6PVZ1
Q04771	A0A8V0YA71
Q04771	Q90ZK6
Q04864	A0A8V0Z8I4
Q04864	P16236
Q05397	A0A8V0Y9A0
Q05397	Q00944
Q05682	A0A8V0YSR1
Q05682	P12957
Q05707	A0A8V0Y3S3
Q05707	P32018
Q05901	A0A8V0YML4
Q05901	P43679
Q05925	A0A1D5PIQ4
Q05925	Q05916
Q05D32	A0A8V0YNR7
Q05D32	Q5F3Z7
Q06187	A0A8V0YMS2
Q06187	Q8JH64
Q06203	A0A8V0YQ32
Q06203	P28173
Q06418	A0A8V0ZC34
Q06418	Q98949
Q06828	A0A8V1A6G5
Q06828	P51887
Q07001	A0A8V0Z411
Q07001	P02717
Q07666	A0A8V0YTR7
Q07666	Q8UUW7
Q07954	A0A8V1AA50
Q07954	P98157
Q08050	A0A8V0ZUG4
Q08050	A0A8V1A721
Q08945	A0A8V1A0V3
Q08945	Q04678
Q08AM6	A0A8V0ZXU6
Q08AM6	Q5ZIW5
Q08J23	A0A8V0X3G6
Q08J23	Q5ZLV4
Q0VDF9	A0A8V0XNV2
Q0VDF9	E1C2P3
Q12860	A0A8V0XA20
Q12860	P14781
Q12870	A0A8V0YNT0
Q12870	P79782
Q12913	A0A8V0ZVC2
Q12913	Q9W6V5
Q13043	A0A8V0ZD60
Q13043	Q5ZJK4
Q13085	A0A8V1ACH3
Q13085	P11029
Q13093	A0A8V0Y1V4
Q13093	Q90678
Q13103	A0A8V0YA89
Q13103	Q710A0
Q13105	A0A8V0Z3G0
Q13105	Q90625
Q13111	A0A8V1AAH3
Q13111	Q5R1T0
Q13112	A0A8V0YQ70
Q13112	Q5R1S9
Q13115	F1NCC5
Q13115	Q9PW71
Q13148	A0A8V0ZL67
Q13148	Q5ZLN5
Q13203	A0A8V1A606
Q13203	Q05623
Q13206	A0A8V0XEC4
Q13206	Q5ZJF6
Q13217	A0A8V0XGN9
Q13217	Q5ZI13
Q13228	A0A8V1ABZ5
Q13228	A0A8V1AEL4
Q13253	A0A8V1AKX5
Q13253	O93525
Q13308	A0A8V0Z6S8
Q13308	Q91048
Q13352	A0A8V1A0Y2
Q13352	Q1T763
Q13422	A0A8V0X0Q9
Q13422	O42410
Q13485	A0A8V0XX75
Q13485	A0A8V0YGB2
Q13490	A0A8V0XPA9
Q13490	Q90660
Q13561	A0A8V0ZTS5
Q13561	Q9PTG6
Q13562	F1NKX5
Q13562	P79765
Q13572	A0A3Q2UAR2
Q13572	Q5F480
Q13635	A0A8V0Y5A3
Q13635	Q90693
Q13702	A0A8V0ZMF5
Q13702	O42393
Q13740	A0A8V0XRR3
Q13740	P42292
Q13769	A0A8V0WZM2
Q13769	Q5ZJK1
Q13813	A0A8V1AH25
Q13813	P07751
Q13867	A0A8V1AEU4
Q13867	P87362
Q13901	A0A8V0Z4G5
Q13901	Q5ZHS3
Q14050	P32017
Q14050	Q90800
Q14055	A0A8V0Z1E3
Q14055	P12108
Q14114	F1NS31
Q14114	Q98931
Q14116	A0A8V1A1H5
Q14116	Q8QFQ8
Q14203	A0A8V0XP42
Q14203	P35458
Q14240	A0A8V0YUW3
Q14240	Q8JFP1
Q14244	A0A8V0XR10
Q14244	Q5ZIA2
Q14247	A0A8V1A211
Q14247	Q01406
Q14332	A0A8V1A5T6
Q14332	Q9IA06
Q14457	A0A8V0ZPH6
Q14457	Q5ZKS6
Q14563	A0A8V0XP29
Q14563	Q90607
Q14694	A0A8V0XYS5
Q14694	Q5ZJN4
Q14696	A0A8V0Z3H8
Q14696	Q5ZKK4
Q14699	A0A8V0XEG4
Q14699	Q7SZI5
Q14739	A0A8V0YXW8
Q14739	P23913
Q14764	A0A8V1A853
Q14764	Q5ZMI4
Q14865	A0A8V0YB04
Q14865	Q5ZJ69
Q14896	A0A8V0ZQB8
Q14896	Q90688
Q14938	A0A8V0XIR7
Q14938	Q90932
Q14982	A0A8V0ZTF2
Q14982	Q98892
Q14CB8	A0A8V0Z8U5
Q14CB8	Q5F3G0
Q14CS0	A0A1D5P1A7
Q14CS0	Q5ZLK2
Q14CX5	A0A3Q2U3N0
Q14CX5	Q5ZKJ5
Q15054	A0A8V0X3P8
Q15054	Q5ZK28
Q15057	A0A3Q2U396
Q15057	Q5ZK62
Q15154	A0A8V0YV05
Q15154	Q8AV28
Q15165	A0A8V0XHE4
Q15165	Q90952
Q15327	A0A8V0ZEJ7
Q15327	Q7ZT11
Q15418	A0A8V0YHN2
Q15418	P18652
Q15465	A0A8V1A9L0
Q15465	Q91035
Q15493	A0A8V0XHM2
Q15493	Q9I923
Q15528	A0A8V1AFQ2
Q15528	Q800L3
Q15554	A0A8V0XZ26
Q15554	Q9PU53
Q15555	A0A8V0XGU9
Q15555	Q5ZKK1
Q15561	F1NIL7
Q15561	P48984
Q15583	A0A8V0X1X7
Q15583	Q90655
Q15631	A0A8V0ZEW0
Q15631	P79769
Q15645	A0A8V0Y128
Q15645	E1C6Q1
Q15714	A0A8V0XKF2
Q15714	Q91012
Q15746	A0A8V0Z163
Q15746	P11799
Q15800	A0A8V0XUD5
Q15800	Q5ZLL6
Q15822	A0A8V0YCJ1
Q15822	P09480
Q15825	A0A8V0YLH7
Q15825	P49581
Q15831	A0A8V1AEH4
Q15831	Q0GGW5
Q15915	A0A8V0YSN8
Q15915	Q8JJC0
Q16186	A0A8V0ZSM5
Q16186	Q98SH3
Q16281	A0A8V0YZ71
Q16281	Q90805
Q16288	A0A8V0ZE65
Q16288	Q91044
Q16526	A0A8V0Y3Y8
Q16526	Q8QG61
Q16543	A0A8V0XA63
Q16543	O57476
Q16552	A0A8V0XWQ5
Q16552	F1NFI4
Q16553	A0A8V0XVM4
Q16553	A0A8V0Y033
Q16553	Q90986
Q16620	A0A8V0YCV8
Q16620	Q91987
Q16643	A0A8V0XZK5
Q16643	P18302
Q16665	A0A8V0Z4T5
Q16665	Q9YIB9
Q16762	F1NDP5
Q16762	P25324
Q16775	A0A8V0Z169
Q16775	Q5ZI23
Q16890	A0A8V0XL36
Q16890	Q9I8F4
Q17R60	A0A8V0XI29
Q17R60	Q8JIR8
Q29RF7	F1NIQ3
Q29RF7	Q5F3V3
Q2M2Z5	A0A8V0Z4X1
Q2M2Z5	Q5ZK13
Q2Q1W2	Q1PRL4
Q2Q1W2	Z4YJC3
Q2VWP7	A0A1D5PVP9
Q2VWP7	Q589G5
Q2YD98	A0A8V0Z180
Q2YD98	E1C760
Q32M88	A0A8V0ZG57
Q32M88	F1NZI4
Q3MJ16	A0A8V0ZD97
Q3MJ16	A0A8V0ZEF8
Q3MJ16	A0A8V0ZEJ2
Q3MJ16	A0A8V0ZEQ6
Q3MJ16	A0A8V0ZKA3
Q3MJ16	A0A8V0ZKD2
Q3MJ16	A0A8V0ZKP2
Q3SXM5	A0A8V1A1L2
Q3SXM5	Q5ZJG8
Q460N5	A0A8V0ZF08
Q460N5	A0A8V0ZUP5
Q495W5	A0A8V0ZIF3
Q495W5	Q8AWC7
Q49AN0	A0A8V0ZNA3
Q49AN0	Q8QG60
Q4G148	A0A8V0XEP1
Q4G148	Q5ZKI6
Q4J6C6	A0A8V0ZDD6
Q4J6C6	Q5ZKL5
Q4U2R6	A0A8V0ZL20
Q4U2R6	Q5ZKG1
Q4VNC1	A0A8V0YFB8
Q4VNC1	Q5ZKB7
Q53EL6	A0A8V0Z5L2
Q53EL6	Q98TX3
Q53EU6	A0A8V0XGI8
Q53EU6	Q5ZLL8
Q53F19	A0A8V1AJK2
Q53F19	Q5ZM19
Q53F39	A0A8V0XAX1
Q53F39	Q5ZK82
Q53FV1	A0A8V1AAY7
Q53FV1	Q5ZIU0
Q53GL0	A0A8V1AKP6
Q53GL0	Q5F3C8
Q53HL2	A0A8V1AD62
Q53HL2	A0A8V1AII8
Q53HL2	A0A8V1AKD9
Q53HL2	A0A8V1AMB4
Q53HL2	P86346
Q53T94	A0A8V0XJ20
Q53T94	Q5ZJR9
Q567U6	A0A8V0Z9H4
Q567U6	Q5ZKI4
Q58EX2	A0A8V1ANX6
Q58EX2	Q8AV57
Q5BJF6	A0A8V1AJR2
Q5BJF6	Q5ZKK5
Q5BKY9	A0A1D5PRJ7
Q5BKY9	Q5ZLM8
Q5BLP8	A0A8V0YXN3
Q5BLP8	E1BRC3
Q5EE01	A0A8V0XUX9
Q5EE01	P0DJH6
Q5H9R7	A0A8V1ABS4
Q5H9R7	Q5F471
Q5HYI8	A0A8V1A8I5
Q5HYI8	Q5ZKR4
Q5HYK3	A0A8V0ZJ18
Q5HYK3	Q5ZLL5
Q5JPH6	A0A8V0YTD4
Q5JPH6	Q5ZJ66
Q5JST6	A0A8V0YB89
Q5JST6	Q32TG3
Q5JTH9	A0A8V0Z8M3
Q5JTH9	Q5ZKD5
Q5JUK3	A0A8V1AES6
Q5JUK3	Q8QFV0
Q5JVS0	A0A8V0XZG8
Q5JVS0	Q9I9R0
Q5KU26	A0A8V0XFA7
Q5KU26	Q2LK54
Q5MY95	A0A8V1A8Y2
Q5MY95	A0A8V1AE46
Q5MY95	O93295
Q5NDL2	A0A3Q2U477
Q5NDL2	Q5NDL3
Q5PSV4	A0A8V0XTL8
Q5PSV4	Q5ZLL9
Q5R372	A0A8V0YWU3
Q5R372	Q5ZJ17
Q5R3I4	A0A8V0ZRA6
Q5R3I4	A0A8V1A0G9
Q5SQQ9	F1P5G0
Q5SQQ9	Q9PVN2
Q5SSJ5	F1N8H6
Q5SSJ5	Q5ZM33
Q5SWX8	A0A8V0ZK32
Q5SWX8	Q5ZKH8
Q5T4F4	A0A8V0ZL66
Q5T4F4	Q5ZL36
Q5T6F2	A0A8V0YAZ2
Q5T6F2	A0A8V0YHU8
Q5T8D3	A0A8V0XQT5
Q5T8D3	Q5ZHQ6
Q5T9L3	F1P376
Q5T9L3	Q5ZLR1
Q5TA45	A0A8V0YY23
Q5TA45	Q5ZIH0
Q5TA89	A0A8V0Z4K0
Q5TA89	A0A8V0ZAH0
Q5TCQ9	A0A8V1A385
Q5TCQ9	Q5F488
Q5UIP0	A0A8V0Y7K6
Q5UIP0	E1C2U2
Q5VIR6	A0A8V1AM85
Q5VIR6	Q5ZLD7
Q5VTD9	A0A8V1AAA8
Q5VTD9	O42409
Q5VTR2	A0A8V0XPM8
Q5VTR2	Q5ZLS3
Q5VVJ2	A0A8V1ABT9
Q5VVJ2	Q5F3F2
Q5VVQ6	A0A452J7X7
Q5VVQ6	Q5F3A6
Q5VVW2	A0A8V1AA16
Q5VVW2	Q5ZJY3
Q5VWG9	F1NZW0
Q5VWG9	Q5F489
Q5VZE5	A0A3Q2UCC5
Q5VZE5	Q5ZHV2
Q66K79	A0A8V0YZE2
Q66K79	Q8QGP3
Q66LE6	A0A8V0XAV2
Q66LE6	Q5ZIY5
Q684P5	A0A8V1AJ27
Q684P5	Q5ZMV8
Q68CQ4	F1NHV1
Q68CQ4	Q5ZLG3
Q68DA7	A0A8V0ZDI5
Q68DA7	Q05858
Q68DH5	A0A8V0YSU8
Q68DH5	Q5F3F5
Q68J44	A0A8V0ZQ53
Q68J44	P0C597
Q69YI7	A0A8V1ABX9
Q69YI7	Q5ZI27
Q69YQ0	A0A8V1A8G3
Q69YQ0	Q2KN97
Q6BCY4	A0A8V0ZKC7
Q6BCY4	Q5ZHX7
Q6FI81	A0A8V0ZQ24
Q6FI81	Q5ZJA2
Q6GMV2	A0A8V0ZCE9
Q6GMV2	Q5ZIZ2
Q6GTS8	A0A8V1A9J2
Q6GTS8	Q5ZL18
Q6HA08	A0A8V0ZM36
Q6HA08	A0A8V0ZM77
Q6HA08	P0DJJ2
Q6IA69	A0A8V0Z9K3
Q6IA69	Q5ZMA6
Q6IBS0	A0A8V1ABZ0
Q6IBS0	Q5ZM35
Q6ICB4	A0A8V0YC83
Q6ICB4	A0A8V1A905
Q6IPU0	A0A8V1AFA6
Q6IPU0	Q1T7B7
Q6J4K2	A0A8V0X7R9
Q6J4K2	F1NXU8
Q6KC79	A0A8V0YME5
Q6KC79	F1NJ66
Q6NSI3	A0A8V0YWU2
Q6NSI3	Q5ZKN5
Q6NSJ0	A0A8V0YKH5
Q6NSJ0	F1NB98
Q6NVY1	A0A8V0YJ40
Q6NVY1	Q5ZJ60
Q6NXT6	A0A8V0Y9S2
Q6NXT6	Q5ZLG8
Q6NYC1	A0A8V1ACL3
Q6NYC1	Q5ZMK5
Q6NZY4	A0A8V1A321
Q6NZY4	Q5F3D1
Q6P1K1	A0A8V1A038
Q6P1K1	Q5ZHU0
Q6P1X5	A0A8V0Y3C6
Q6P1X5	Q5ZIT8
Q6P3X3	A0A8V0XVF5
Q6P3X3	Q5F3K0
Q6P4E1	A0A1D5PFD3
Q6P4E1	Q5ZKQ5
Q6P4F1	E1C2U3
Q6P4F1	Q8AWB5
Q6P5Q4	A0A8V0X363
Q6P5Q4	E1BTG2
Q6P9B6	A0A8V0XTG9
Q6P9B6	Q5ZJX5
Q6PHR2	A0A8V0ZTC0
Q6PHR2	Q5ZJH6
Q6PII3	A0A8V0ZCB8
Q6PII3	Q5ZIH9
Q6PJI9	A0A8V0ZMI1
Q6PJI9	Q5ZLG9
Q6PJP8	A0A8V0ZPL3
Q6PJP8	Q5QJC4
Q6PJT7	A0A8V0Z443
Q6PJT7	Q5F3Z9
Q6UVJ0	A0A8V0ZPL2
Q6UVJ0	Q5ZMV2
Q6UVY6	A0A8V0XJI6
Q6UVY6	Q98ST7
Q6UWP7	A0A8V0Z2S4
Q6UWP7	Q5F3X0
Q6UWY0	A0A8V0YHL1
Q6UWY0	Q5ZK90
Q6UWZ7	A0A8V0X6I0
Q6UWZ7	Q5ZHS0
Q6UXV4	A0A8V0ZCN3
Q6UXV4	Q5ZK55
Q6W4X9	A0A8V0ZRJ7
Q6W4X9	F1NBL0
Q6X4U4	A0A8V0XGT8
Q6X4U4	Q6VYA3
Q6XUX3	A0A8V1ABP4
Q6XUX3	Q6XUX0
Q6YHU6	A0A8V0ZE55
Q6YHU6	A8C754
Q6ZMI0	A0A8V0Z3K6
Q6ZMI0	Q5ZL12
Q6ZP29	A0A8V0ZL71
Q6ZP29	Q5ZJX0
Q6ZP80	A0A1D5NY17
Q6ZP80	A0A8V0YI21
Q6ZRQ5	A0A8V0XGZ6
Q6ZRQ5	E1C2Z0
Q6ZRY4	A0A8V0ZS90
Q6ZRY4	Q9W6I1
Q6ZS82	A0A8V0ZZG3
Q6ZS82	Q6XK22
Q6ZU64	A0A8V0Z570
Q6ZU64	F1P4W9
Q6ZWT7	A0A8V0XID1
Q6ZWT7	Q5ZKL6
Q6ZYL4	A0A8V0XPE4
Q6ZYL4	Q5ZKH0
Q709F0	A0A8V0Z9H7
Q709F0	Q5ZHT1
Q71F23	A0A8V0XZK8
Q71F23	Q2Z1W2
Q75N03	A0A8V0Y5C7
Q75N03	Q5ZHZ4
Q76L83	A0A8V0Y1R1
Q76L83	Q5ZM88
Q76M96	A0A8V0XSD8
Q76M96	Q8AXP2
Q7L1Q6	A0A8V1A7F9
Q7L1Q6	Q5ZLT7
Q7L2E3	A0A1D5PIN7
Q7L2E3	Q5ZI74
Q7L2Z9	A0A8V0XW04
Q7L2Z9	Q1T764
Q7L5D6	F1NE90
Q7L5D6	Q5ZKG8
Q7L622	A0A8V0XLZ1
Q7L622	Q5F4A1
Q7LGC8	A0A8V0Z8N8
Q7LGC8	Q92179
Q7RTU7	A0A8V0XXN0
Q7RTU7	P59101
Q7RTY1	A0A8V0Y7B5
Q7RTY1	Q5ZJU0
Q7Z2E3	A0A8V0Y4G1
Q7Z2E3	P61798
Q7Z353	A0A8V0YTX3
Q7Z353	Q5ZKW8
Q7Z392	A0A8V0XX88
Q7Z392	Q5ZI89
Q7Z3D4	A0A8V0YHE2
Q7Z3D4	Q5ZKK0
Q7Z3K6	A0A1D5NTJ6
Q7Z3K6	F1N931
Q7Z3Q1	F1P383
Q7Z3Q1	Q5F4B8
Q7Z402	A0A8V0ZH16
Q7Z402	Q5YCC5
Q7Z4G4	A0A8V0XS74
Q7Z4G4	Q6YJI5
Q7Z4R8	F1NYK5
Q7Z4R8	Q5ZLK8
Q7Z4W1	A0A8V1AB26
Q7Z4W1	Q8JIS3
Q7Z5J1	A0A8V1AA00
Q7Z5J1	Q6PUF4
Q7Z5M5	A0A8V0Z973
Q7Z5M5	Q5YCC7
Q7Z5N4	A0A8V0ZHK4
Q7Z5N4	Q8AV58
Q7Z5R6	A0A8V0XH06
Q7Z5R6	Q5ZL23
Q7Z6K1	A0A8V0XA52
Q7Z6K1	Q5ZHN5
Q7Z6L1	A0A8V0ZNI6
Q7Z6L1	E1BZR9
Q7Z6M1	A0A8V1A6H3
Q7Z6M1	Q5ZJ37
Q7Z7F0	A0A8V1AGJ6
Q7Z7F0	Q5ZL54
Q86SG7	A0A8V0Z038
Q86SG7	P27042
Q86SP6	A0A8V0X2G9
Q86SP6	Q9DDD1
Q86T82	A0A8V0ZPC4
Q86T82	E1C213
Q86TD4	A0A8V0YP22
Q86TD4	Q90577
Q86TW2	A0A8V0XIQ6
Q86TW2	Q5ZMT7
Q86U86	A0A8V1AEQ7
Q86U86	Q90941
Q86UP2	A0A8V0Z6P1
Q86UP2	Q90631
Q86UP3	A0A8V0XH71
Q86UP3	O73590
Q86UV5	A0A8V0Z501
Q86UV5	Q5ZM45
Q86V21	A0A8V0ZMF7
Q86V21	Q5ZLG0
Q86VX9	F1NBQ4
Q86VX9	Q5ZIH2
Q86VZ5	A0A3Q2U7T0
Q86VZ5	Q7T3T4
Q86W33	A0A8V1AFL9
Q86W33	Q5ZII3
Q86W50	A0A8V1A2N3
Q86W50	Q5ZIA0
Q86WV6	A0A8V0YBX8
Q86WV6	E1C7U0
Q86WX3	A0A8V0YE89
Q86WX3	Q5ZMG5
Q86X19	A0A8V0Z1W0
Q86X19	E1BY51
Q86X76	A0A8V1AH26
Q86X76	A0A8V1AJ39
Q86XK3	A0A8V0ZC39
Q86XK3	E1BXS0
Q86XK7	A0A8V0YV78
Q86XK7	Q9PWR4
Q86XP3	A0A8V0ZE45
Q86XP3	Q5F485
Q86Y91	A0A8V0ZLC2
Q86Y91	Q5ZLK6
Q8IUW5	A0A8V0YKL9
Q8IUW5	Q5F3A4
Q8IV38	F1NM13
Q8IV38	Q5ZMD2
Q8IVL5	A0A8V0YVA2
Q8IVL5	Q6JHU7
Q8IVP5	E1BWM5
Q8IVP5	R4GMF5
Q8IWF6	A0A1D5NY14
Q8IWF6	Q5F3L4
Q8IWT3	A0A8V0Z6K2
Q8IWT3	A0A8V0Z6V7
Q8IX01	A0A8V1ACE4
Q8IX01	A0A8V1ADT8
Q8IXI1	A0A8V0Z5P2
Q8IXI1	Q5ZM83
Q8IXQ5	F1NSL4
Q8IXQ5	Q5ZI33
Q8IXZ3	A0A8V0XF79
Q8IXZ3	Q64HY5
Q8IY18	A0A8V0YS64
Q8IY18	Q5ZJY5
Q8IY81	A0A8V1A5K7
Q8IY81	Q5ZKM1
Q8IYB3	A0A3Q2TSY7
Q8IYB3	Q5ZMJ9
Q8IYB8	A0A8V0ZZK3
Q8IYB8	Q5ZJT0
Q8IYD8	A0A1D5PRR9
Q8IYD8	A0A8V0Z4X6
Q8IYI6	A0A1D5P0R2
Q8IYI6	Q5ZJ43
Q8IYR2	A0A8V1AM05
Q8IYR2	Q5F3V0
Q8IZ21	A0A8V0Z5P1
Q8IZ21	F1N8V3
Q8IZS5	A0A8V0YDT7
Q8IZS5	B0BK70
Q8J025	A0A8V0X6S8
Q8J025	Q5R2I8
Q8N108	Q5ZKT9
Q8N108	R4GM28
Q8N114	A0A8V1AD30
Q8N114	Q5ZIS9
Q8N1F8	A0A8V0ZI00
Q8N1F8	Q5F479
Q8N2I9	A0A1D5PMQ7
Q8N2I9	Q7T0B1
Q8N2K0	A0A8V0Z6A2
Q8N2K0	Q5ZIN0
Q8N2Z9	A0A8V0YZ59
Q8N2Z9	E1BSW7
Q8N3L3	A0A8V0XR04
Q8N3L3	Q9I969
Q8N3S3	A0A8V0Y3E4
Q8N3S3	Q5ZKN3
Q8N3X6	A0A8V0YB81
Q8N3X6	Q5ZJK5
Q8N441	A0A8V0Z469
Q8N441	Q7T2H2
Q8N474	A0A8V0Z1B6
Q8N474	Q9DEQ4
Q8N4B1	A0A8V0YC83
Q8N4B1	A0A8V1A905
Q8N5D6	A0A8V1AHS6
Q8N5D6	Q5ZLK4
Q8N7J2	A0A8V0XWN4
Q8N7J2	E1C2Q8
Q8N8A2	A0A8V0YG59
Q8N8A2	Q5F478
Q8N9V3	A0A8V0Y799
Q8N9V3	Q5ZMC3
Q8NA29	A0A8V0YJN0
Q8NA29	F1NCD6
Q8NB46	A0A8V1A0V2
Q8NB46	Q5ZLC8
Q8NBF2	A0A8V0ZHU2
Q8NBF2	Q5ZI67
Q8NBI3	A0A8V0ZP99
Q8NBI3	B6ZI38
Q8NBM4	A0A8V0XQ60
Q8NBM4	Q5ZJQ8
Q8NBQ5	A0A8V0XK46
Q8NBQ5	A0A8V0XL59
Q8NCC5	A0A8V0YDI6
Q8NCC5	Q5F3N0
Q8NCE0	A0A8V1ADV8
Q8NCE0	Q5ZIN2
Q8NE00	A0A1D5PQM9
Q8NE00	Q5F3I6
Q8NE79	A0A8V0YV65
Q8NE79	Q9DG23
Q8NEM7	A0A8V0XKQ4
Q8NEM7	Q5ZM71
Q8NFI3	A0A8V1ABN3
Q8NFI3	P0C7A1
Q8NFM7	A0A8V1A9F6
Q8NFM7	Q7T2L7
Q8NFP4	A0A8V0ZBT9
Q8NFP4	Q0WYX8
Q8NFZ0	A0A8V0XT73
Q8NFZ0	F1ND48
Q8NG50	A0A8V0ZNA4
Q8NG50	Q8JFQ4
Q8NGF1	A0A1L1RTV6
Q8NGF1	A0A8V0XG61
Q8NGF1	A0A8V0XJI4
Q8NH18	A0A1L1RLD5
Q8NH18	A0A1L1RMQ9
Q8NH18	F1NT41
Q8NHQ9	A0A8V1A3M1
Q8NHQ9	Q5ZLN8
Q8NHU6	A0A8V0YBH0
Q8NHU6	E1C3S7
Q8NHW3	O42290
Q8NHW3	R4GL99
Q8NI08	A0A8V0XIM6
Q8NI08	Q5ZMS4
Q8TAD4	A0A8V0Y696
Q8TAD4	Q5ZLF4
Q8TAD7	A0A452J810
Q8TAD7	P0C915
Q8TAV3	A0A8V0ZQB1
Q8TAV3	A0A8V0ZVI9
Q8TBK2	A0A8V0ZRX1
Q8TBK2	Q5ZK17
Q8TC05	A0A8V0YFX3
Q8TC05	Q5ZMW6
Q8TC71	A0A8V0Z349
Q8TC71	E1BW58
Q8TCG1	A0A8V0XNT1
Q8TCG1	Q5ZMJ7
Q8TCG2	A0A8V0YFQ7
Q8TCG2	Q5ZIK0
Q8TCT1	A0A8V0ZSH2
Q8TCT1	O73884
Q8TCT7	A0A8V1AK74
Q8TCT7	Q5F383
Q8TD84	A0A8V1A013
Q8TD84	E1C8P7
Q8TDW4	A0A8V1A4C5
Q8TDW4	Q90YH8
Q8TEA7	A0A8V0XPC5
Q8TEA7	Q5F361
Q8TED0	A0A8V0YEK0
Q8TED0	Q5F3D7
Q8TES7	A0A8V1AL58
Q8TES7	Q5ZIB2
Q8WTR4	A0A1D5NU41
Q8WTR4	Q3KTM2
Q8WU90	A0A1D5PMI7
Q8WU90	Q5H7N8
Q8WUA8	A0A8V0XEK3
Q8WUA8	Q65Z91
Q8WUH6	F1NZP4
Q8WUH6	Q5ZLA9
Q8WUX2	F1NE73
Q8WUX2	Q5ZI66
Q8WUX9	A0A8V0ZAR6
Q8WUX9	Q5ZJB7
Q8WUY9	F1NB55
Q8WUY9	Q5ZLD2
Q8WV28	A0A8V0ZEM7
Q8WV28	Q9YGC1
Q8WVP5	F1NZ26
Q8WVP5	Q5ZJU8
Q8WVX9	A0A8V0ZRN2
Q8WVX9	Q5ZM72
Q8WWL7	A0A8V0YTT3
Q8WWL7	P39963
Q8WYK1	A0A8V0ZLH9
Q8WYK1	Q0V8S9
Q8WYN0	A0A1I7Q405
Q8WYN0	Q5ZIW7
Q8WYR1	A0A8V1ANE1
Q8WYR1	Q5ZIB8
Q8WZA0	A0A8V0YZU8
Q8WZA0	Q5ZKW2
Q92466	A0A8V0ZXG6
Q92466	Q5ZJL7
Q92499	A0A8V0XI26
Q92499	Q90WU3
Q92506	A0A8V0X6I6
Q92506	A0A8V0XCB1
Q92560	A0A8V1AC38
Q92560	Q5F3N6
Q92674	A0A8V0YN82
Q92674	Q8AYS7
P61923	A0A8V0ZQ56
Q9P299	A0A8V0ZQ56
P78329	A0A8V0XGX7
P98187	A0A8V0XGX7
Q08477	A0A8V0XGX7
Q6NT55	A0A8V0XGX7
Q9HBI6	A0A8V0XGX7
Q9HCS2	A0A8V0XGX7
P83876	A0A8V0XYC1
Q9NX01	A0A8V0XYC1
P83881	A0A8V0YUB1
Q969Q0	A0A8V0YUB1
P98088	A0A8V0ZTK4
Q9HC84	A0A8V0ZTK4
P98173	A0A8V0ZGJ7
Q96BQ1	A0A8V0ZGJ7
Q02487	A0A8V0XCI3
Q08554	A0A8V0XCI3
Q14574	A0A8V0XCI3
Q04741	A0A8V0XAX0
Q04743	A0A8V0XAX0
Q04741	A0A8V0YZE1
Q04743	A0A8V0YZE1
Q13434	A0A8V0YLY7
Q9UHC7	A0A8V0YLY7
Q13670	A0A8V1AMA2
Q9BT76	A0A8V1AMA2
Q13888	E1C9E6
Q6P1K8	E1C9E6
Q14129	O73770
Q9BY27	O73770
Q15695	V9GWB4
Q15696	V9GWB4
Q15722	A0A8V0XCU2
Q9NPC1	A0A8V0XCU2
Q1AE95	A0A8V1A403
Q8IXX5	A0A8V1A403
Q2QD12	A0A8V0Y4F2
Q96AT9	A0A8V0Y4F2
Q2TAK8	F1NYK8
Q5H9M0	F1NYK8
Q3LFD5	A0A8V0YN52
Q9UMW8	A0A8V0YN52
Q3SY17	A0A8V0X9N0
Q9H1U9	A0A8V0X9N0
Q4U2R8	A0A8V0X6U5
Q8TCC7	A0A8V0X6U5
Q4V339	A0A8V0YA86
Q5JTY5	A0A8V0YA86
Q5RIA9	A0A8V0YA86
Q8IUF1	A0A8V0YA86
Q9BRT8	A0A8V0YA86
Q4VC39	F1NUW0
Q9BW72	F1NUW0
Q5BKT4	A0A8V0XWN9
Q5I7T1	A0A8V0XWN9
Q5H9U9	A0A8V0XXQ5
Q8IY21	A0A8V0XXQ5
Q5JTV8	A0A8V0Y727
Q8NFQ8	A0A8V0Y727
Q5JTV8	A0A8V0YFE8
Q8NFQ8	A0A8V0YFE8
Q5K651	A0A8V0XP49
Q8IVG5	A0A8V0XP49
Q5T0F9	A0A8V0XFM8
Q6P1N0	A0A8V0XFM8
Q5T1C6	A0A8V1AEQ0
Q8N1Q8	A0A8V1AEQ0
Q5T1J5	A0A8V1AJS4
Q9Y6H1	A0A8V1AJS4
Q5T9A4	A0A8V0ZA27
Q9NVI7	A0A8V0ZA27
Q5TAP6	A0A8V0YPS6
Q9BVJ6	A0A8V0YPS6
Q5VT66	F1NXH1
Q969Z3	F1NXH1
Q641Q2	A0A8V0ZGB1
Q9Y4E1	A0A8V0ZGB1
Q6NSW5	A0A8V0X4Q7
Q8TCE6	A0A8V0X4Q7
Q6NUM6	A0A8V1AKM0
Q9NV66	A0A8V1AKM0
Q6NZ63	A0A8V0XDA9
Q9UHE8	A0A8V0XDA9
Q6NZ67	A0A8V0ZPM5
Q6P582	A0A8V0ZPM5
Q6P2I3	A0A8V0ZJJ0
Q96GK7	A0A8V0ZJJ0
Q6UXP7	A0A8V0XX71
Q8WW52	A0A8V0XX71
Q6ZT62	A0A8V0YMG6
Q9Y3L3	A0A8V0YMG6
Q7L311	A0A8V0Y2S1
Q8N2F6	A0A8V0Y2S1
Q9P291	A0A8V0Y2S1
Q9UH62	A0A8V0Y2S1
Q7Z7H5	A0A8V0Z421
Q9BVK6	A0A8V0Z421
Q7Z7J9	A0A1L1RNT7
Q96S95	A0A1L1RNT7
Q7Z7J9	A0A8V0YXL4
Q96S95	A0A8V0YXL4
Q86WT1	A0A8V1AD13
Q8N4P2	A0A8V1AD13
Q8IWL1	A0A8V0Y342
Q8IWL2	A0A8V0Y342
Q8N0W4	D3WGL4
Q8NFZ3	D3WGL4
Q8N4F7	A0A8V0X5N9
Q9H920	A0A8V0X5N9
Q8N5H3	A0A8V0XYQ1
Q96GI7	A0A8V0XYQ1
Q8N6R1	A0A8V0X466
Q9Y6X1	A0A8V0X466
Q8NEA9	A0A8V0Z9N3
Q96IK5	A0A8V0Z9N3
Q8NEJ0	A0A8V0X795
Q9H596	A0A8V0X795
Q8NFJ6	A0A8V0Z3M4
Q8TCW9	A0A8V0Z3M4
Q8NGJ5	A0A8V0XD89
Q8NGK0	A0A8V0XD89
Q8NGK1	A0A8V0XD89
Q8TC12	E1BTL3
Q96NR8	E1BTL3
Q8TC36	A0A8V1ADV7
Q9NPE6	A0A8V1ADV7
Q8TE69	A0A8V0YHB0
Q96DE9	A0A8V0YHB0
Q92478	A0A8V0XC06
Q9UHP7	A0A8V0XC06
Q96A28	A0A8V1AHW0
Q96DU3	A0A8V1AHW0
Q9HBG7	A0A8V1AHW0
Q9NQ25	A0A8V1AHW0
Q9UIB8	A0A8V1AHW0
Q96C19	A0A8V0ZGC5
Q9BUP0	A0A8V0ZGC5
Q96C19	A0A8V0ZRX2
Q9BUP0	A0A8V0ZRX2
Q96DX8	A0A8V0YUW2
Q9BQQ7	A0A8V0YUW2
Q96EF9	A0A8V0Y7A0
Q96K31	A0A8V0Y7A0
Q96FX2	A0A8V0XF03
Q9H4G8	A0A8V0XF03
Q96HI0	A0A8V0YWC7
Q9H4L4	A0A8V0YWC7
Q96MG7	A0A8V0X2V8
Q9HAY2	A0A8V0X2V8
Q9BQ04	A0A8V0X364
Q9BWF3	A0A8V0X364
Q9BQS2	A0A8V0Y7N7
X6R8R1	A0A8V0Y7N7
Q9BS92	A0A8V0YMM3
Q9UFN0	A0A8V0YMM3
Q9BXI2	A0A8V0XAV5
Q9Y619	A0A8V0XAV5
Q9BZ67	A0A8V0X097
Q9BZ68	A0A8V0X097
Q9BZA7	A0A1D5NTP6
Q9BZA8	A0A1D5NTP6
Q9GZS9	A0A8V0Y1L5
Q9GZX3	A0A8V0Y1L5
Q9H1D0	A0A8V0ZQY1
Q9NQA5	A0A8V0ZQY1
Q9H4A9	F1NQJ0
Q9H4B8	F1NQJ0
Q9H4I8	F1NJK4
Q9NQF3	F1NJK4
Q9H4M3	A0A8V0ZH27
Q9NRD1	A0A8V0ZH27
Q9NRD8	A0A8V0ZHW0
Q9NRD9	A0A8V0ZHW0
Q9NRJ3	A0A8V0YVQ4
Q9Y4X3	A0A8V0YVQ4
Q9NUU7	A0A8V0ZEN5
Q9UMR2	A0A8V0ZEN5
Q9UBK7	A0A8V0XNL0
Q9UNT1	A0A8V0XNL0
A0A024RBG1	A0A8V0YKW8
Q9NZJ9	A0A8V0YKW8
A0A075B6H5	A0A8V0ZX00
A0A075B6N2	A0A8V0ZX00
A0A5B7	A0A8V0ZX00
A0A075B734	A0A8V0YDK5
A6NL99	A0A8V0YDK5
O14520	A0A8V0YDK5
A0A075B759	A0A8V0Z0N7
A0A075B767	A0A8V0Z0N7
A0A0B4J2A2	A0A8V0Z0N7
P0DN26	A0A8V0Z0N7
P0DN37	A0A8V0Z0N7
P62937	A0A8V0Z0N7
Q9Y536	A0A8V0Z0N7
A0A087WTH5	A0A8V0YAW3
P15382	A0A8V0YAW3
A0A087X1C5	F1NJG4
A0A1B0GTQ1	F1NJG4
A0A2R9YJI8	F1NJG4
P10635	F1NJG4
A0A096LP55	A0A8V0ZYY5
P07919	A0A8V0ZYY5
A0A0B4J2D5	A0A8V0YK93
P0DPI2	A0A8V0YK93
A0A0K2S4Q6	A0A8V1ALH1
A8K4G0	A0A8V1ALH1
Q08708	A0A8V1ALH1
Q496F6	A0A8V1ALH1
Q9UGN4	A0A8V1ALH1
A0A1B0GTH9	A0A8V0XA81
Q6S9Z5	A0A8V0XA81
A0A1B0GTU1	Q5ZJJ1
A0A8V8TLD8	Q5ZJJ1
O75152	Q5ZJJ1
P0DQW0	Q5ZJJ1
A0A1B0GVK7	E1BSG9
A0A1B0GVZ2	E1BSG9
A0A1W2PR95	A0A8V0YVE4
P78318	A0A8V0YVE4
A0A2R8YE69	A0A8V0XYE4
A4D2H0	A0A8V0XYE4
A4FU28	A0A8V0XYE4
P0CG41	A0A8V0XYE4
Q86UF2	A0A8V0XYE4
Q8IX94	A0A8V0XYE4
Q96PC5	A0A8V0XYE4
Q96RT6	A0A8V0XYE4
A0A3B3IU46	A0A8V0YX33
Q9BTL3	A0A8V0YX33
A0A590UK10	A0A8V1AFK2
Q6ZSZ5	A0A8V1AFK2
A0A8I5KQE6	P50890
P08865	P50890
A0A8I5KW96	A0A8V0ZQU1
P27144	A0A8V0ZQU1
A0M8Q6	P20763
B9A064	P20763
P0CF74	P20763
P0CG04	P20763
P0DOY2	P20763
P0DOY3	P20763
P15814	P20763
A1Z1Q3	A0A8V0ZC75
Q9BQ69	A0A8V0ZC75
A2A3N6	A0A8V1ALV9
Q99755	A0A8V1ALV9
A2RUR9	A0A8V0X5H5
Q9UPS8	A0A8V0X5H5
A4D256	A0A1D5PXT4
O60729	A0A1D5PXT4
A5D8T8	A0A8V0ZUK8
Q6UXF7	A0A8V0ZUK8
Q8NCF0	A0A8V0ZUK8
A6NCE7	A0A8V0XRQ0
Q9GZQ8	A0A8V0XRQ0
A6NDY0	A0A8V0XQA4
Q86U42	A0A8V0XQA4
A6NF01	A0A8V1AKQ9
A8CG34	A0A8V1AKQ9
Q96HA1	A0A8V1AKQ9
Q96KW2	A0A8V1AKQ9
A6NGU5	A0A8V1A0P1
P19440	A0A8V1A0P1
P36268	A0A8V1A0P1
A6NI72	A0A8V1ACM1
A8MVU1	A0A8V1ACM1
P14598	A0A8V1ACM1
A6NJW9	A0A8V0Z7T8
P10966	A0A8V0Z7T8
A6NL26	A0A8V0ZIJ3
Q8NGF7	A0A8V0ZIJ3
Q8NH48	A0A8V0ZIJ3
Q96R08	A0A8V0ZIJ3
Q96R09	A0A8V0ZIJ3
A6NL82	F1P3Y5
Q6ZVS7	F1P3Y5
A6NM10	A0A8V0ZUB8
Q8IXF9	A0A8V0ZUB8
A6NM11	A0A8V0ZN86
A6NMS7	A0A8V0ZN86
O60309	A0A8V0ZN86
Q49AS3	A0A8V0ZN86
Q96QE4	A0A8V0ZN86
A6NM45	A0A8V0Y0H8
Q8N7P3	A0A8V0Y0H8
A6NMY6	P17785
P07355	P17785
A6NMZ7	A0A8V0Z6G0
A8TX70	A0A8V0Z6G0
A6NNB3	A0A8V0ZER3
Q01628	A0A8V0ZER3
A6NNB3	A0A8V0ZG27
Q01628	A0A8V0ZG27
A6PVC2	A0A8V0ZDL9
Q9Y4R7	A0A8V0ZDL9
A8MPP1	A0A8V0YLC1
Q92771	A0A8V0YLC1
Q96FC9	A0A8V0YLC1
A8MT19	A0A8V1A0H8
Q8IUC4	A0A8V1A0H8
A8MTL0	A0A8V1A940
A8MYZ5	A0A8V1A940
P0C7M6	A0A8V1A940
Q8IXL9	A0A8V1A940
Q8N6M8	A0A8V1A940
A8MUH7	A0A8V0Y139
Q5T2W1	A0A8V0Y139
A8MUU1	A0A1D5PPQ2
Q01469	A0A1D5PPQ2
A8MVJ9	A0A8V0Y6A5
Q9NWY4	A0A8V0Y6A5
A8MWL6	A0A8V1AN87
O43760	A0A8V1AN87
A8MWL7	A0A8V0Y3L9
Q9NUH8	A0A8V0Y3L9
Q9P0S9	A0A8V0Y3L9
B0FP48	A0A8V1AAZ4
E5RIL1	A0A8V1AAZ4
B2RC85	A0A8V0ZMM2
P0C881	A0A8V0ZMM2
B2RNN3	A0A8V0XX20
P0C862	A0A8V0XX20
B2RPK0	Q9YH06
P09429	Q9YH06
B5ME19	A0A8V0X7S3
Q99613	A0A8V0X7S3
B7U540	F1NHE9
Q14500	F1NHE9
B7ZAQ6	Q5F448
P0CG08	Q5F448
C9J798	A0A8V1AP00
O43374	A0A8V1AP00
C9JA33	A0A8V0Y1U2
Q8IXS6	A0A8V0Y1U2
E9PAV3	A0A8V0ZWP4
Q9BZK3	A0A8V0ZWP4
Q9H009	A0A8V0ZWP4
E9PQ53	A0A8V0X479
O95298	A0A8V0X479
G9CGD6	A0A8V0XMP1
Q6P9H4	A0A8V0XMP1
G9CGD6	A0A3Q2U0V5
Q8WWN9	A0A3Q2U0V5
H0Y354	A0A8V1A726
Q5TYM5	A0A8V1A726
Q6L9T8	A0A8V1A726
Q86X60	A0A8V1A726
O00220	A0A8V0ZHP3
O14763	A0A8V0ZHP3
O14798	A0A8V0ZHP3
Q9UBN6	A0A8V0ZHP3
O00292	A0A8V0Z1I1
O75610	A0A8V0Z1I1
O00337	A0A8V0ZMH5
O43868	A0A8V0ZMH5
O00478	A0A8V1A5D4
O00481	A0A8V1A5D4
Q13410	A0A8V1A5D4
Q7KYR7	A0A8V1A5D4
Q8WVV5	A0A8V1A5D4
Q96KV6	A0A8V1A5D4
O00571	A0A8V0XGV3
O15523	A0A8V0XGV3
O00602	A0A8V1AIX6
Q15485	A0A8V1AIX6
O14602	A0A8V0XB11
P47813	A0A8V0XB11
O14640	A0A8V0ZBP3
P54792	A0A8V0ZBP3
O15296	A0A1L1RTQ1
O75342	A0A1L1RTQ1
Q9BYJ1	A0A1L1RTQ1
O15511	A0A8V1AC90
Q9BPX5	A0A8V1AC90
O43423	A0A8V0Z1K7
P39687	A0A8V0Z1K7
O43488	A0A8V0ZF25
O95154	A0A8V0ZF25
Q8NHP1	A0A8V0ZF25
O43506	A0A8V0ZHZ9
Q9UKF5	A0A8V0ZHZ9
Q9UKJ8	A0A8V0ZHZ9
O60234	A0A8V0ZF63
P60983	A0A8V0ZF63
O60397	A0A8V0XIK8
P14406	A0A8V0XIK8
O60656	A0A8V0Y9N8
P19224	A0A8V0Y9N8
P22309	A0A8V0Y9N8
P22310	A0A8V0Y9N8
P35503	A0A8V0Y9N8
P35504	A0A8V0Y9N8
Q9HAW7	A0A8V0Y9N8
Q9HAW8	A0A8V0Y9N8
Q9HAW9	A0A8V0Y9N8
O60774	A0A8V0YM84
P31513	A0A8V0YM84
O60907	A0A1D5PI14
Q9BQ87	A0A1D5PI14
O60911	F1NYJ1
P07711	F1NYJ1
O75474	A0A8V0YJV9
Q92837	A0A8V0YJV9
O75635	A0A8V0Y659
Q96P15	A0A8V0Y659
O75715	A0A8V0YPP2
P22352	A0A8V0YPP2
P59796	A0A8V0YPP2
O75795	A0A8V0XIM9
P06133	A0A8V0XIM9
P0DTE5	A0A8V0XIM9
P16662	A0A8V0XIM9
Q6UWM9	A0A8V0XIM9
O75964	F1NIL3
Q7Z4Y8	F1NIL3
O76082	A0A8V0Z0J5
Q9H015	A0A8V0Z0J5
O76082	A0A8V0Z1U5
Q9H015	A0A8V0Z1U5
O95170	A0A8V1ANZ6
Q5XX13	A0A8V1ANZ6
O95397	A0A8V0X494
Q96JA3	A0A8V0X494
O95870	A0A8V0WZV8
Q9H3Z7	A0A8V0WZV8
O95925	A0A8V0Z096
Q8IUA0	A0A8V0Z096
O95997	A0A8V0Y044
Q9NZH4	A0A8V0Y044
Q9NZH5	A0A8V0Y044
O96008	A0A8V1AET8
Q969M1	A0A8V1AET8
P00325	P23991
P00326	P23991
P07327	P23991
P00367	A0A1D5NT61
P49448	A0A1D5NT61
P01241	P08998
P01242	P08998
P0DML2	P08998
P0DML3	P08998
Q14406	P08998
P01848	A0A8V0ZI21
P0DTU3	A0A8V0ZI21
P02763	A0A8V1AH71
P19652	A0A8V1AH71
P04234	A0A8V0ZU77
P09693	A0A8V0ZU77
P04746	Q98942
P0DTE7	Q98942
P0DTE8	Q98942
P0DUB6	Q98942
P19961	Q98942
P05164	A0A8V1AP82
P11678	A0A8V1AP82
P05187	A0A8V0Z2E4
P09923	A0A8V0Z2E4
P10696	A0A8V0Z2E4
P08048	F1NQX8
P17010	F1NQX8
P08217	A0A3Q2U6P1
P08218	A0A3Q2U6P1
P08254	E1C9E0
P09238	E1C9E0
P08263	Q08393
P09210	Q08393
Q16772	Q08393
Q7RTV2	Q08393
P08311	A0A8V1A7C1
P10144	A0A8V1A7C1
P20718	A0A8V1A7C1
P23946	A0A8V1A7C1
P08559	A0A1D5PEH3
P29803	A0A1D5PEH3
P08861	A0A8V0YWP8
P09093	A0A8V0YWP8
P09914	A0A125RM76
Q13325	A0A125RM76
Q5T764	A0A125RM76
P0C0E4	A0A8V1AP30
Q12829	A0A8V1AP30
P0C0L4	A0A8V0XH43
P0C0L5	A0A8V0XH43
P0C5J1	A0A8V0Z7V3
Q8N7N1	A0A8V0Z7V3
Q96G04	A0A8V0Z7V3
P0CE71	P43305
P0CE72	P43305
P0CG22	A0A8V0XNP4
Q13268	A0A8V0XNP4
Q6PKH6	A0A8V0XNP4
Q9BTZ2	A0A8V0XNP4
P0CG36	Q9I8Q3
P0CG37	Q9I8Q3
P0DI81	Q5ZKP4
P0DI82	Q5ZKP4
P0DJI8	A0A8V0ZXK9
P0DJI9	A0A8V0ZXK9
P0DME0	A0A8V1A9H8
Q01105	A0A8V1A9H8
P0DMR2	A0A8V1A2P1
Q8TD33	A0A8V1A2P1
P0DN82	A0A8V0ZGS5
P58182	A0A8V0ZGS5
Q9UGF7	A0A8V0ZGS5
P0DPD6	A0A8V0Z9T6
P0DPD8	A0A8V0Z9T6
P0DPH7	F1NWX0
P0DPH8	F1NWX0
P0DQD5	Q8QGM3
P50391	Q8QGM3
P10147	Q90826
P13236	Q90826
P16619	Q90826
Q8NHW4	Q90826
P10266	A0A8V0X712
P63132	A0A8V0X712
P63133	A0A8V0X712
P63135	A0A8V0X712
P63136	A0A8V0X712
Q9BXR3	A0A8V0X712
Q9QC07	A0A8V0X712
Q9UQG0	A0A8V0X712
Q9WJR5	A0A8V0X712
P11215	A0A8V0Z045
P20702	A0A8V0Z045
Q13349	A0A8V0Z045
P12524	F1NXY9
P12525	F1NXY9
P12883	A0A8V0X3G2
P13533	A0A8V0X3G2
P13646	A0A8V0ZK24
P19012	A0A8V0ZK24
P13727	A0A1L1RYE4
Q9Y2Y8	A0A1L1RYE4
P13928	A0A8V0Z991
Q5VT79	A0A8V0Z991
P14060	A0A8V0ZZC6
P26439	A0A8V0ZZC6
P14555	A0A8V0ZFS6
Q9UNK4	A0A8V0ZFS6
P16233	A0A8V0ZJ81
P54315	A0A8V0ZJ81
P54317	A0A8V0ZJ81
P16562	A0A1D5PMF4
P54108	A0A1D5PMF4
P17213	A0A8V0YPC7
P18428	A0A8V0YPC7
P17538	H9KYN7
Q6GPI1	H9KYN7
P17612	R4GIN8
P22694	R4GIN8
P20132	A0A8V0X067
Q96GA7	A0A8V0X067
P20382	A0A8V0YAF5
Q16048	A0A8V0YAF5
Q9BQD1	A0A8V0YAF5
P21127	A0A8V0ZD40
Q9UQ88	A0A8V0ZD40
P21217	A0A8V1AG02
P51993	A0A8V1AG02
Q11128	A0A8V1AG02
P21675	A0A8V0YZ12
Q8IZX4	A0A8V0YZ12
P22314	A0A8V1AC19
P41226	A0A8V1AC19
P23258	A0A8V0ZQB5
Q9NRH3	A0A8V0ZQB5
P24311	A0A8V0YNA8
Q8TF08	A0A8V0YNA8
P24386	A0A8V0YYT2
P26374	A0A8V0YYT2
P25024	Q334G8
P25025	Q334G8
P26640	A0A8V0X2N8
Q5ST30	A0A8V0X2N8
P26927	A0A8V1A3H9
Q2TV78	A0A8V1A3H9
P27635	Q08200
Q96L21	Q08200
P29466	A0A8V1AL60
P49662	A0A8V1AL60
P51878	A0A8V1AL60
P31943	A0A8V0YJ12
P55795	A0A8V0YJ12
P32189	A0A8V0X4V1
Q14409	A0A8V0X4V1
Q14410	A0A8V0X4V1
P32322	A0A1D5PKK0
Q96C36	A0A1D5PKK0
P32926	A0A8V0XJB1
Q86SJ6	A0A8V0XJB1
P36959	A0A8V0Y9S7
Q9P2T1	A0A8V0Y9S7
P38159	F1NZD3
Q96E39	F1NZD3
P41227	A0A8V0X2S3
Q9BSU3	A0A8V0X2S3
P41236	Q5F327
Q6NXS1	Q5F327
Q96PQ5	Q5F327
P42229	A0A8V0ZMK5
P51692	A0A8V0ZMK5
P42771	Q7ZT27
P42772	Q7ZT27
P47992	A0A8V0XNC9
Q9UBD3	A0A8V0XNC9
P49753	A0A8V0ZG55
Q3I5F7	A0A8V0ZG55
Q86TX2	A0A8V0ZG55
Q8N9L9	A0A8V0ZG55
P49759	A0A8V1A7H8
Q9HAZ1	A0A8V1A7H8
P49759	E1C4D8
Q9HAZ1	E1C4D8
P51800	A0A8V0Z3K3
P51801	A0A8V0Z3K3
P52435	A0A8V1AC50
Q9GZM3	A0A8V1AC50
Q9H1A7	A0A8V1AC50
P52943	A0A8V0YJ37
Q6Q6R5	A0A8V0YJ37
P55145	A0A8V1A7N4
Q49AH0	A0A8V1A7N4
P55851	Q9DDT7
P55916	Q9DDT7
P56180	A0A8V0XGE1
Q6XPS3	A0A8V0XGE1
P56381	A0A8V0YNP2
Q5VTU8	A0A8V0YNP2
P56748	A0A8V0YAI2
P56750	A0A8V0YAI2
P57764	A0A8V1A342
Q96QA5	A0A8V1A342
Q9BYG8	A0A8V1A342
P58181	A0A8V1A0Q7
Q8NGE5	A0A8V1A0Q7
Q9H207	A0A8V1A0Q7
Q9H208	A0A8V1A0Q7
Q9H209	A0A8V1A0Q7
P58550	A0A8V0ZPW5
Q9H0Q3	A0A8V0ZPW5
P59046	A0A8V0ZLM1
Q7RTR0	A0A8V0ZLM1
Q86W24	A0A8V0ZLM1
Q86W25	A0A8V0ZLM1
Q96MN2	A0A8V0ZLM1
Q96P20	A0A8V0ZLM1
Q9NX02	A0A8V0ZLM1
P60321	A0A8V0XCY9
P60323	A0A8V0XCY9
P61204	A0A8V0ZQU2
P84077	A0A8V0ZQU2
P62942	A0A8V0YN09
P68106	A0A8V0YN09
Q5VVH2	A0A8V0YN09
P69849	A0A8V0ZFY8
Q15155	A0A8V0ZFY8
Q5JPE7	A0A8V0ZFY8
A0A0B4J1U4	A0A8V0ZAI7
A0A0B4J1U4	A0A8V0Z2S1
P03979	A0A8V0ZAI7
P03979	A0A8V0Z2S1
A0A0C4DH28	A0A8V0ZAI7
A0A0C4DH28	A0A8V0Z2S1
A0A0A0MS02	A0A8V0ZAI7
A0A0A0MS02	A0A8V0Z2S1
A0A0C4DH27	A0A8V0ZAI7
A0A0C4DH27	A0A8V0Z2S1
A0A075B6R0	A0A8V0ZAI7
A0A075B6R0	A0A8V0Z2S1
A0A5B9	A0A8V0ZUV2
A0A5B9	A0A8V0ZUM1
A0A5B9	A0A8V0ZPR1
P0DTU4	A0A8V0ZUV2
P0DTU4	A0A8V0ZUM1
P0DTU4	A0A8V0ZPR1
P01850	A0A8V0ZUV2
P01850	A0A8V0ZUM1
P01850	A0A8V0ZPR1
A6NHG4	Q5ZMG0
A6NHG4	A0A8V1A7U4
P30046	Q5ZMG0
P30046	A0A8V1A7U4
C4AMC7	A0A8V0YD94
C4AMC7	Q5ZKA6
A8K0Z3	A0A8V0YD94
A8K0Z3	Q5ZKA6
Q6VEQ5	A0A8V0YD94
Q6VEQ5	Q5ZKA6
A8MWX3	A0A8V0YD94
A8MWX3	Q5ZKA6
Q9NQA3	A0A8V0YD94
Q9NQA3	Q5ZKA6
O15244	A0A8V0XSD3
O15244	A0A8V0XXU8
O15245	A0A8V0XSD3
O15245	A0A8V0XXU8
O15552	A0A8V0XP64
O15552	A0A8V0XRB3
O15552	A0A8V0XN90
O15552	A0A8V0XW27
O15552	A0A8V0XSY1
O15552	A0A8V0XIQ5
O15552	A0A8V0XK43
O15552	A0A8V0XSJ4
O15552	A0A8V0XTS3
O15529	A0A8V0XP64
O15529	A0A8V0XRB3
O15529	A0A8V0XN90
O15529	A0A8V0XW27
O15529	A0A8V0XSY1
O15529	A0A8V0XIQ5
O15529	A0A8V0XK43
O15529	A0A8V0XSJ4
O15529	A0A8V0XTS3
O14843	A0A8V0XP64
O14843	A0A8V0XRB3
O14843	A0A8V0XN90
O14843	A0A8V0XW27
O14843	A0A8V0XSY1
O14843	A0A8V0XIQ5
O14843	A0A8V0XK43
O14843	A0A8V0XSJ4
O14843	A0A8V0XTS3
O43451	A0A8V0X7U5
O43451	A0A8V0XE23
Q2M2H8	A0A8V0X7U5
Q2M2H8	A0A8V0XE23
O60218	A0A8V0YJV4
O60218	A0A8V0YKB8
O60218	E1BVD1
P15121	A0A8V0YJV4
P15121	A0A8V0YKB8
P15121	E1BVD1
O75452	A0A8V1A9H0
O75452	A0A8V1A759
O14756	A0A8V1A9H0
O14756	A0A8V1A759
O76054	A0A8V0X4Q2
O76054	A0A8V0X7L9
Q9UDX4	A0A8V0X4Q2
Q9UDX4	A0A8V0X7L9
O94911	A0A8V1ACU8
O94911	A0A8V1AM50
Q8N139	A0A8V1ACU8
Q8N139	A0A8V1AM50
Q8WWZ4	A0A8V1ACU8
Q8WWZ4	A0A8V1AM50
Q8IUA7	A0A8V1ACU8
Q8IUA7	A0A8V1AM50
O95239	Q90640
O95239	A0A8V0YWI6
Q2VIQ3	Q90640
Q2VIQ3	A0A8V0YWI6
P01009	A0A8V0Z167
P01009	A0A8V0Z1E6
P01009	A0A160F7C1
P01009	A0A8V0Z1J2
P20848	A0A8V0Z167
P20848	A0A8V0Z1E6
P20848	A0A160F7C1
P20848	A0A8V0Z1J2
P01034	R4GLT1
P01034	P01038
P01036	R4GLT1
P01036	P01038
P28325	R4GLT1
P28325	P01038
P01037	R4GLT1
P01037	P01038
P09228	R4GLT1
P09228	P01038
P01766	A0A8V0XA79
P01766	A0A8V0XH58
P01766	A0A8V0XE11
P01766	A0A8V0XGU7
P01766	A0A8V0XL81
P01766	A0A8V0XKS3
P01766	A0A8V0XA97
P01766	A0A8V0XE96
P01766	A0A8V0XE86
P01766	A0A8V0XDT2
P01766	A0A8V0XL67
P01766	A0A8V0XKX6
P01766	A0A8V0XL71
P01766	A0A8V0XKY1
A0A0B4J1X8	A0A8V0XA79
A0A0B4J1X8	A0A8V0XH58
A0A0B4J1X8	A0A8V0XE11
A0A0B4J1X8	A0A8V0XGU7
A0A0B4J1X8	A0A8V0XL81
A0A0B4J1X8	A0A8V0XKS3
A0A0B4J1X8	A0A8V0XA97
A0A0B4J1X8	A0A8V0XE96
A0A0B4J1X8	A0A8V0XE86
A0A0B4J1X8	A0A8V0XDT2
A0A0B4J1X8	A0A8V0XL67
A0A0B4J1X8	A0A8V0XKX6
A0A0B4J1X8	A0A8V0XL71
A0A0B4J1X8	A0A8V0XKY1
P0DTE1	A0A8V0XA79
P0DTE1	A0A8V0XH58
P0DTE1	A0A8V0XE11
P0DTE1	A0A8V0XGU7
P0DTE1	A0A8V0XL81
P0DTE1	A0A8V0XKS3
P0DTE1	A0A8V0XA97
P0DTE1	A0A8V0XE96
P0DTE1	A0A8V0XE86
P0DTE1	A0A8V0XDT2
P0DTE1	A0A8V0XL67
P0DTE1	A0A8V0XKX6
P0DTE1	A0A8V0XL71
P0DTE1	A0A8V0XKY1
P01782	A0A8V0XA79
P01782	A0A8V0XH58
P01782	A0A8V0XE11
P01782	A0A8V0XGU7
P01782	A0A8V0XL81
P01782	A0A8V0XKS3
P01782	A0A8V0XA97
P01782	A0A8V0XE96
P01782	A0A8V0XE86
P01782	A0A8V0XDT2
P01782	A0A8V0XL67
P01782	A0A8V0XKX6
P01782	A0A8V0XL71
P01782	A0A8V0XKY1
A0A0B4J1X5	A0A8V0XA79
A0A0B4J1X5	A0A8V0XH58
A0A0B4J1X5	A0A8V0XE11
A0A0B4J1X5	A0A8V0XGU7
A0A0B4J1X5	A0A8V0XL81
A0A0B4J1X5	A0A8V0XKS3
A0A0B4J1X5	A0A8V0XA97
A0A0B4J1X5	A0A8V0XE96
A0A0B4J1X5	A0A8V0XE86
A0A0B4J1X5	A0A8V0XDT2
A0A0B4J1X5	A0A8V0XL67
A0A0B4J1X5	A0A8V0XKX6
A0A0B4J1X5	A0A8V0XL71
A0A0B4J1X5	A0A8V0XKY1
P01780	A0A8V0XA79
P01780	A0A8V0XH58
P01780	A0A8V0XE11
P01780	A0A8V0XGU7
P01780	A0A8V0XL81
P01780	A0A8V0XKS3
P01780	A0A8V0XA97
P01780	A0A8V0XE96
P01780	A0A8V0XE86
P01780	A0A8V0XDT2
P01780	A0A8V0XL67
P01780	A0A8V0XKX6
P01780	A0A8V0XL71
P01780	A0A8V0XKY1
P0DP02	A0A8V0XA79
P0DP02	A0A8V0XH58
P0DP02	A0A8V0XE11
P0DP02	A0A8V0XGU7
P0DP02	A0A8V0XL81
P0DP02	A0A8V0XKS3
P0DP02	A0A8V0XA97
P0DP02	A0A8V0XE96
P0DP02	A0A8V0XE86
P0DP02	A0A8V0XDT2
P0DP02	A0A8V0XL67
P0DP02	A0A8V0XKX6
P0DP02	A0A8V0XL71
P0DP02	A0A8V0XKY1
P01768	A0A8V0XA79
P01768	A0A8V0XH58
P01768	A0A8V0XE11
P01768	A0A8V0XGU7
P01768	A0A8V0XL81
P01768	A0A8V0XKS3
P01768	A0A8V0XA97
P01768	A0A8V0XE96
P01768	A0A8V0XE86
P01768	A0A8V0XDT2
P01768	A0A8V0XL67
P01768	A0A8V0XKX6
P01768	A0A8V0XL71
P01768	A0A8V0XKY1
P01763	A0A8V0XA79
P01763	A0A8V0XH58
P01763	A0A8V0XE11
P01763	A0A8V0XGU7
P01763	A0A8V0XL81
P01763	A0A8V0XKS3
P01763	A0A8V0XA97
P01763	A0A8V0XE96
P01763	A0A8V0XE86
P01763	A0A8V0XDT2
P01763	A0A8V0XL67
P01763	A0A8V0XKX6
P01763	A0A8V0XL71
P01763	A0A8V0XKY1
A0A075B7D8	A0A8V0XA79
A0A075B7D8	A0A8V0XH58
A0A075B7D8	A0A8V0XE11
A0A075B7D8	A0A8V0XGU7
A0A075B7D8	A0A8V0XL81
A0A075B7D8	A0A8V0XKS3
A0A075B7D8	A0A8V0XA97
A0A075B7D8	A0A8V0XE96
A0A075B7D8	A0A8V0XE86
A0A075B7D8	A0A8V0XDT2
A0A075B7D8	A0A8V0XL67
A0A075B7D8	A0A8V0XKX6
A0A075B7D8	A0A8V0XL71
A0A075B7D8	A0A8V0XKY1
P0DP04	A0A8V0XA79
P0DP04	A0A8V0XH58
P0DP04	A0A8V0XE11
P0DP04	A0A8V0XGU7
P0DP04	A0A8V0XL81
P0DP04	A0A8V0XKS3
P0DP04	A0A8V0XA97
P0DP04	A0A8V0XE96
P0DP04	A0A8V0XE86
P0DP04	A0A8V0XDT2
P0DP04	A0A8V0XL67
P0DP04	A0A8V0XKX6
P0DP04	A0A8V0XL71
P0DP04	A0A8V0XKY1
P01762	A0A8V0XA79
P01762	A0A8V0XH58
P01762	A0A8V0XE11
P01762	A0A8V0XGU7
P01762	A0A8V0XL81
P01762	A0A8V0XKS3
P01762	A0A8V0XA97
P01762	A0A8V0XE96
P01762	A0A8V0XE86
P01762	A0A8V0XDT2
P01762	A0A8V0XL67
P01762	A0A8V0XKX6
P01762	A0A8V0XL71
P01762	A0A8V0XKY1
A0A075B7F1	A0A8V0XA79
A0A075B7F1	A0A8V0XH58
A0A075B7F1	A0A8V0XE11
A0A075B7F1	A0A8V0XGU7
A0A075B7F1	A0A8V0XL81
A0A075B7F1	A0A8V0XKS3
A0A075B7F1	A0A8V0XA97
A0A075B7F1	A0A8V0XE96
A0A075B7F1	A0A8V0XE86
A0A075B7F1	A0A8V0XDT2
A0A075B7F1	A0A8V0XL67
A0A075B7F1	A0A8V0XKX6
A0A075B7F1	A0A8V0XL71
A0A075B7F1	A0A8V0XKY1
A0A0B4J1V1	A0A8V0XA79
A0A0B4J1V1	A0A8V0XH58
A0A0B4J1V1	A0A8V0XE11
A0A0B4J1V1	A0A8V0XGU7
A0A0B4J1V1	A0A8V0XL81
A0A0B4J1V1	A0A8V0XKS3
A0A0B4J1V1	A0A8V0XA97
A0A0B4J1V1	A0A8V0XE96
A0A0B4J1V1	A0A8V0XE86
A0A0B4J1V1	A0A8V0XDT2
A0A0B4J1V1	A0A8V0XL67
A0A0B4J1V1	A0A8V0XKX6
A0A0B4J1V1	A0A8V0XL71
A0A0B4J1V1	A0A8V0XKY1
S4R3C0	A0A8V0XA79
S4R3C0	A0A8V0XH58
S4R3C0	A0A8V0XE11
S4R3C0	A0A8V0XGU7
S4R3C0	A0A8V0XL81
S4R3C0	A0A8V0XKS3
S4R3C0	A0A8V0XA97
S4R3C0	A0A8V0XE96
S4R3C0	A0A8V0XE86
S4R3C0	A0A8V0XDT2
S4R3C0	A0A8V0XL67
S4R3C0	A0A8V0XKX6
S4R3C0	A0A8V0XL71
S4R3C0	A0A8V0XKY1
A0A075B7F0	A0A8V0XA79
A0A075B7F0	A0A8V0XH58
A0A075B7F0	A0A8V0XE11
A0A075B7F0	A0A8V0XGU7
A0A075B7F0	A0A8V0XL81
A0A075B7F0	A0A8V0XKS3
A0A075B7F0	A0A8V0XA97
A0A075B7F0	A0A8V0XE96
A0A075B7F0	A0A8V0XE86
A0A075B7F0	A0A8V0XDT2
A0A075B7F0	A0A8V0XL67
A0A075B7F0	A0A8V0XKX6
A0A075B7F0	A0A8V0XL71
A0A075B7F0	A0A8V0XKY1
A0A0B4J1V0	A0A8V0XA79
A0A0B4J1V0	A0A8V0XH58
A0A0B4J1V0	A0A8V0XE11
A0A0B4J1V0	A0A8V0XGU7
A0A0B4J1V0	A0A8V0XL81
A0A0B4J1V0	A0A8V0XKS3
A0A0B4J1V0	A0A8V0XA97
A0A0B4J1V0	A0A8V0XE96
A0A0B4J1V0	A0A8V0XE86
A0A0B4J1V0	A0A8V0XDT2
A0A0B4J1V0	A0A8V0XL67
A0A0B4J1V0	A0A8V0XKX6
A0A0B4J1V0	A0A8V0XL71
A0A0B4J1V0	A0A8V0XKY1
P01764	A0A8V0XA79
P01764	A0A8V0XH58
P01764	A0A8V0XE11
P01764	A0A8V0XGU7
P01764	A0A8V0XL81
P01764	A0A8V0XKS3
P01764	A0A8V0XA97
P01764	A0A8V0XE96
P01764	A0A8V0XE86
P01764	A0A8V0XDT2
P01764	A0A8V0XL67
P01764	A0A8V0XKX6
P01764	A0A8V0XL71
P01764	A0A8V0XKY1
A0A0J9YY99	A0A8V0XA79
A0A0J9YY99	A0A8V0XH58
A0A0J9YY99	A0A8V0XE11
A0A0J9YY99	A0A8V0XGU7
A0A0J9YY99	A0A8V0XL81
A0A0J9YY99	A0A8V0XKS3
A0A0J9YY99	A0A8V0XA97
A0A0J9YY99	A0A8V0XE96
A0A0J9YY99	A0A8V0XE86
A0A0J9YY99	A0A8V0XDT2
A0A0J9YY99	A0A8V0XL67
A0A0J9YY99	A0A8V0XKX6
A0A0J9YY99	A0A8V0XL71
A0A0J9YY99	A0A8V0XKY1
A0A0C4DH30	A0A8V0XA79
A0A0C4DH30	A0A8V0XH58
A0A0C4DH30	A0A8V0XE11
A0A0C4DH30	A0A8V0XGU7
A0A0C4DH30	A0A8V0XL81
A0A0C4DH30	A0A8V0XKS3
A0A0C4DH30	A0A8V0XA97
A0A0C4DH30	A0A8V0XE96
A0A0C4DH30	A0A8V0XE86
A0A0C4DH30	A0A8V0XDT2
A0A0C4DH30	A0A8V0XL67
A0A0C4DH30	A0A8V0XKX6
A0A0C4DH30	A0A8V0XL71
A0A0C4DH30	A0A8V0XKY1
A0A0B4J2B5	A0A8V0XA79
A0A0B4J2B5	A0A8V0XH58
A0A0B4J2B5	A0A8V0XE11
A0A0B4J2B5	A0A8V0XGU7
A0A0B4J2B5	A0A8V0XL81
A0A0B4J2B5	A0A8V0XKS3
A0A0B4J2B5	A0A8V0XA97
A0A0B4J2B5	A0A8V0XE96
A0A0B4J2B5	A0A8V0XE86
A0A0B4J2B5	A0A8V0XDT2
A0A0B4J2B5	A0A8V0XL67
A0A0B4J2B5	A0A8V0XKX6
A0A0B4J2B5	A0A8V0XL71
A0A0B4J2B5	A0A8V0XKY1
P01772	A0A8V0XA79
P01772	A0A8V0XH58
P01772	A0A8V0XE11
P01772	A0A8V0XGU7
P01772	A0A8V0XL81
P01772	A0A8V0XKS3
P01772	A0A8V0XA97
P01772	A0A8V0XE96
P01772	A0A8V0XE86
P01772	A0A8V0XDT2
P01772	A0A8V0XL67
P01772	A0A8V0XKX6
P01772	A0A8V0XL71
P01772	A0A8V0XKY1
A0A0C4DH36	A0A8V0XA79
A0A0C4DH36	A0A8V0XH58
A0A0C4DH36	A0A8V0XE11
A0A0C4DH36	A0A8V0XGU7
A0A0C4DH36	A0A8V0XL81
A0A0C4DH36	A0A8V0XKS3
A0A0C4DH36	A0A8V0XA97
A0A0C4DH36	A0A8V0XE96
A0A0C4DH36	A0A8V0XE86
A0A0C4DH36	A0A8V0XDT2
A0A0C4DH36	A0A8V0XL67
A0A0C4DH36	A0A8V0XKX6
A0A0C4DH36	A0A8V0XL71
A0A0C4DH36	A0A8V0XKY1
A0A0C4DH35	A0A8V0XA79
A0A0C4DH35	A0A8V0XH58
A0A0C4DH35	A0A8V0XE11
A0A0C4DH35	A0A8V0XGU7
A0A0C4DH35	A0A8V0XL81
A0A0C4DH35	A0A8V0XKS3
A0A0C4DH35	A0A8V0XA97
A0A0C4DH35	A0A8V0XE96
A0A0C4DH35	A0A8V0XE86
A0A0C4DH35	A0A8V0XDT2
A0A0C4DH35	A0A8V0XL67
A0A0C4DH35	A0A8V0XKX6
A0A0C4DH35	A0A8V0XL71
A0A0C4DH35	A0A8V0XKY1
A0A0C4DH32	A0A8V0XA79
A0A0C4DH32	A0A8V0XH58
A0A0C4DH32	A0A8V0XE11
A0A0C4DH32	A0A8V0XGU7
A0A0C4DH32	A0A8V0XL81
A0A0C4DH32	A0A8V0XKS3
A0A0C4DH32	A0A8V0XA97
A0A0C4DH32	A0A8V0XE96
A0A0C4DH32	A0A8V0XE86
A0A0C4DH32	A0A8V0XDT2
A0A0C4DH32	A0A8V0XL67
A0A0C4DH32	A0A8V0XKX6
A0A0C4DH32	A0A8V0XL71
A0A0C4DH32	A0A8V0XKY1
A0A0C4DH42	A0A8V0XA79
A0A0C4DH42	A0A8V0XH58
A0A0C4DH42	A0A8V0XE11
A0A0C4DH42	A0A8V0XGU7
A0A0C4DH42	A0A8V0XL81
A0A0C4DH42	A0A8V0XKS3
A0A0C4DH42	A0A8V0XA97
A0A0C4DH42	A0A8V0XE96
A0A0C4DH42	A0A8V0XE86
A0A0C4DH42	A0A8V0XDT2
A0A0C4DH42	A0A8V0XL67
A0A0C4DH42	A0A8V0XKX6
A0A0C4DH42	A0A8V0XL71
A0A0C4DH42	A0A8V0XKY1
A0A0J9YX35	A0A8V0XA79
A0A0J9YX35	A0A8V0XH58
A0A0J9YX35	A0A8V0XE11
A0A0J9YX35	A0A8V0XGU7
A0A0J9YX35	A0A8V0XL81
A0A0J9YX35	A0A8V0XKS3
A0A0J9YX35	A0A8V0XA97
A0A0J9YX35	A0A8V0XE96
A0A0J9YX35	A0A8V0XE86
A0A0J9YX35	A0A8V0XDT2
A0A0J9YX35	A0A8V0XL67
A0A0J9YX35	A0A8V0XKX6
A0A0J9YX35	A0A8V0XL71
A0A0J9YX35	A0A8V0XKY1
A0A075B6Q5	A0A8V0XA79
A0A075B6Q5	A0A8V0XH58
A0A075B6Q5	A0A8V0XE11
A0A075B6Q5	A0A8V0XGU7
A0A075B6Q5	A0A8V0XL81
A0A075B6Q5	A0A8V0XKS3
A0A075B6Q5	A0A8V0XA97
A0A075B6Q5	A0A8V0XE96
A0A075B6Q5	A0A8V0XE86
A0A075B6Q5	A0A8V0XDT2
A0A075B6Q5	A0A8V0XL67
A0A075B6Q5	A0A8V0XKX6
A0A075B6Q5	A0A8V0XL71
A0A075B6Q5	A0A8V0XKY1
A0A0B4J1Y9	A0A8V0XA79
A0A0B4J1Y9	A0A8V0XH58
A0A0B4J1Y9	A0A8V0XE11
A0A0B4J1Y9	A0A8V0XGU7
A0A0B4J1Y9	A0A8V0XL81
A0A0B4J1Y9	A0A8V0XKS3
A0A0B4J1Y9	A0A8V0XA97
A0A0B4J1Y9	A0A8V0XE96
A0A0B4J1Y9	A0A8V0XE86
A0A0B4J1Y9	A0A8V0XDT2
A0A0B4J1Y9	A0A8V0XL67
A0A0B4J1Y9	A0A8V0XKX6
A0A0B4J1Y9	A0A8V0XL71
A0A0B4J1Y9	A0A8V0XKY1
P0DP03	A0A8V0XA79
P0DP03	A0A8V0XH58
P0DP03	A0A8V0XE11
P0DP03	A0A8V0XGU7
P0DP03	A0A8V0XL81
P0DP03	A0A8V0XKS3
P0DP03	A0A8V0XA97
P0DP03	A0A8V0XE96
P0DP03	A0A8V0XE86
P0DP03	A0A8V0XDT2
P0DP03	A0A8V0XL67
P0DP03	A0A8V0XKX6
P0DP03	A0A8V0XL71
P0DP03	A0A8V0XKY1
A0A0B4J1V6	A0A8V0XA79
A0A0B4J1V6	A0A8V0XH58
A0A0B4J1V6	A0A8V0XE11
A0A0B4J1V6	A0A8V0XGU7
A0A0B4J1V6	A0A8V0XL81
A0A0B4J1V6	A0A8V0XKS3
A0A0B4J1V6	A0A8V0XA97
A0A0B4J1V6	A0A8V0XE96
A0A0B4J1V6	A0A8V0XE86
A0A0B4J1V6	A0A8V0XDT2
A0A0B4J1V6	A0A8V0XL67
A0A0B4J1V6	A0A8V0XKX6
A0A0B4J1V6	A0A8V0XL71
A0A0B4J1V6	A0A8V0XKY1
A0A0A0MS15	A0A8V0XA79
A0A0A0MS15	A0A8V0XH58
A0A0A0MS15	A0A8V0XE11
A0A0A0MS15	A0A8V0XGU7
A0A0A0MS15	A0A8V0XL81
A0A0A0MS15	A0A8V0XKS3
A0A0A0MS15	A0A8V0XA97
A0A0A0MS15	A0A8V0XE96
A0A0A0MS15	A0A8V0XE86
A0A0A0MS15	A0A8V0XDT2
A0A0A0MS15	A0A8V0XL67
A0A0A0MS15	A0A8V0XKX6
A0A0A0MS15	A0A8V0XL71
A0A0A0MS15	A0A8V0XKY1
A0A075B7B8	A0A8V0XA79
A0A075B7B8	A0A8V0XH58
A0A075B7B8	A0A8V0XE11
A0A075B7B8	A0A8V0XGU7
A0A075B7B8	A0A8V0XL81
A0A075B7B8	A0A8V0XKS3
A0A075B7B8	A0A8V0XA97
A0A075B7B8	A0A8V0XE96
A0A075B7B8	A0A8V0XE86
A0A075B7B8	A0A8V0XDT2
A0A075B7B8	A0A8V0XL67
A0A075B7B8	A0A8V0XKX6
A0A075B7B8	A0A8V0XL71
A0A075B7B8	A0A8V0XKY1
P01767	A0A8V0XA79
P01767	A0A8V0XH58
P01767	A0A8V0XE11
P01767	A0A8V0XGU7
P01767	A0A8V0XL81
P01767	A0A8V0XKS3
P01767	A0A8V0XA97
P01767	A0A8V0XE96
P01767	A0A8V0XE86
P01767	A0A8V0XDT2
P01767	A0A8V0XL67
P01767	A0A8V0XKX6
P01767	A0A8V0XL71
P01767	A0A8V0XKY1
A0A075B7E8	A0A8V0XA79
A0A075B7E8	A0A8V0XH58
A0A075B7E8	A0A8V0XE11
A0A075B7E8	A0A8V0XGU7
A0A075B7E8	A0A8V0XL81
A0A075B7E8	A0A8V0XKS3
A0A075B7E8	A0A8V0XA97
A0A075B7E8	A0A8V0XE96
A0A075B7E8	A0A8V0XE86
A0A075B7E8	A0A8V0XDT2
A0A075B7E8	A0A8V0XL67
A0A075B7E8	A0A8V0XKX6
A0A075B7E8	A0A8V0XL71
A0A075B7E8	A0A8V0XKY1
P01920	P23068
P01920	A0A8V0XEW4
P01920	A0A8V0XHS9
P01920	A0A8V0X5I7
P01920	A0A8V0XF37
P01920	A0A8V0X9R3
P01920	A0A8V0X901
P13765	P23068
P13765	A0A8V0XEW4
P13765	A0A8V0XHS9
P13765	A0A8V0X5I7
P13765	A0A8V0XF37
P13765	A0A8V0X9R3
P13765	A0A8V0X901
P01911	P23068
P01911	A0A8V0XEW4
P01911	A0A8V0XHS9
P01911	A0A8V0X5I7
P01911	A0A8V0XF37
P01911	A0A8V0X9R3
P01911	A0A8V0X901
Q30154	P23068
Q30154	A0A8V0XEW4
Q30154	A0A8V0XHS9
Q30154	A0A8V0X5I7
Q30154	A0A8V0XF37
Q30154	A0A8V0X9R3
Q30154	A0A8V0X901
P79483	P23068
P79483	A0A8V0XEW4
P79483	A0A8V0XHS9
P79483	A0A8V0X5I7
P79483	A0A8V0XF37
P79483	A0A8V0X9R3
P79483	A0A8V0X901
P13762	P23068
P13762	A0A8V0XEW4
P13762	A0A8V0XHS9
P13762	A0A8V0X5I7
P13762	A0A8V0XF37
P13762	A0A8V0X9R3
P13762	A0A8V0X901
P05538	P23068
P05538	A0A8V0XEW4
P05538	A0A8V0XHS9
P05538	A0A8V0X5I7
P05538	A0A8V0XF37
P05538	A0A8V0X9R3
P05538	A0A8V0X901
P04440	P23068
P04440	A0A8V0XEW4
P04440	A0A8V0XHS9
P04440	A0A8V0X5I7
P04440	A0A8V0XF37
P04440	A0A8V0X9R3
P04440	A0A8V0X901
P02741	A0A8V1AFT9
P02741	A0A8V1AHG8
P02743	A0A8V1AFT9
P02743	A0A8V1AHG8
P02787	A0A8V0ZZF1
P02787	P02789
P02788	A0A8V0ZZF1
P02788	P02789
P03986	A0A8V0Z2S1
P03986	A0A1D5PLB4
P0CF51	A0A8V0Z2S1
P0CF51	A0A1D5PLB4
P04259	A0A8V0ZYC5
P04259	A0A8V0ZZX6
P13647	A0A8V0ZYC5
P13647	A0A8V0ZZX6
P02538	A0A8V0ZYC5
P02538	A0A8V0ZZX6
O95678	A0A8V0ZYC5
O95678	A0A8V0ZZX6
P48668	A0A8V0ZYC5
P48668	A0A8V0ZZX6
P04733	P68497
P04733	A4PBT0
P04731	P68497
P04731	A4PBT0
P02795	P68497
P02795	A4PBT0
Q8N339	P68497
Q8N339	A4PBT0
P80294	P68497
P80294	A4PBT0
P80297	P68497
P80297	A4PBT0
P04732	P68497
P04732	A4PBT0
P13640	P68497
P13640	A4PBT0
P07438	P68497
P07438	A4PBT0
P0DM35	P68497
P0DM35	A4PBT0
P05177	P79760
P05177	P79761
P05177	A0A8V0ZHR4
P05177	A0A8V0ZGB6
P04798	P79760
P04798	P79761
P04798	A0A8V0ZHR4
P04798	A0A8V0ZGB6
P05181	A0A8V0ZM72
P05181	A0A8V0ZUT1
P11712	A0A8V0ZM72
P11712	A0A8V0ZUT1
P10632	A0A8V0ZM72
P10632	A0A8V0ZUT1
P33260	A0A8V0ZM72
P33260	A0A8V0ZUT1
P33261	A0A8V0ZM72
P33261	A0A8V0ZUT1
P05388	A0A8V0ZQJ3
P05388	P47826
Q8NHW5	A0A8V0ZQJ3
Q8NHW5	P47826
P08183	A0A8V0XLR0
P08183	A0A8V0XJP5
P21439	A0A8V0XLR0
P21439	A0A8V0XJP5
P08684	A0A8V0Z1U6
P08684	A0A8V0Z524
P24462	A0A8V0Z1U6
P24462	A0A8V0Z524
Q9HB55	A0A8V0Z1U6
Q9HB55	A0A8V0Z524
P20815	A0A8V0Z1U6
P20815	A0A8V0Z524
P0C7N1	A0A8V0ZLW8
P0C7N1	P37068
P0C7N1	P37070
P0C7N1	P37067
P0C7N1	P37071
P0C7N1	P37072
P0C7N1	P37069
P0C7N1	Q5ISI0
P0C7N1	A0A8V0ZY33
P0C617	A0A8V0ZLW8
P0C617	P37068
P0C617	P37070
P0C617	P37067
P0C617	P37071
P0C617	P37072
P0C617	P37069
P0C617	Q5ISI0
P0C617	A0A8V0ZY33
Q8NH85	A0A8V0ZLW8
Q8NH85	P37068
Q8NH85	P37070
Q8NH85	P37067
Q8NH85	P37071
Q8NH85	P37072
Q8NH85	P37069
Q8NH85	Q5ISI0
Q8NH85	A0A8V0ZY33
Q8NGG0	A0A8V0ZLW8
Q8NGG0	P37068
Q8NGG0	P37070
Q8NGG0	P37067
Q8NGG0	P37071
Q8NGG0	P37072
Q8NGG0	P37069
Q8NGG0	Q5ISI0
Q8NGG0	A0A8V0ZY33
Q8NGG1	A0A8V0ZLW8
Q8NGG1	P37068
Q8NGG1	P37070
Q8NGG1	P37067
Q8NGG1	P37071
Q8NGG1	P37072
Q8NGG1	P37069
Q8NGG1	Q5ISI0
Q8NGG1	A0A8V0ZY33
Q8NGP2	A0A8V0ZLW8
Q8NGP2	P37068
Q8NGP2	P37070
Q8NGP2	P37067
Q8NGP2	P37071
Q8NGP2	P37072
Q8NGP2	P37069
Q8NGP2	Q5ISI0
Q8NGP2	A0A8V0ZY33
Q8NH10	A0A8V0ZLW8
Q8NH10	P37068
Q8NH10	P37070
Q8NH10	P37067
Q8NH10	P37071
Q8NH10	P37072
Q8NH10	P37069
Q8NH10	Q5ISI0
Q8NH10	A0A8V0ZY33
P0C7N5	A0A8V0ZLW8
P0C7N5	P37068
P0C7N5	P37070
P0C7N5	P37067
P0C7N5	P37071
P0C7N5	P37072
P0C7N5	P37069
P0C7N5	Q5ISI0
P0C7N5	A0A8V0ZY33
P0C7P4	Q5ZLR5
P0C7P4	A0A8V0ZUQ2
P47985	Q5ZLR5
P47985	A0A8V0ZUQ2
P0DJD9	P00793
P0DJD9	Q9PRG9
P0DJD7	P00793
P0DJD7	Q9PRG9
P0DJD8	P00793
P0DJD8	Q9PRG9
P0DN78	P22329
P0DN78	A0A8V0XAC7
P04000	P22329
P04000	A0A8V0XAC7
P0DN77	P22329
P0DN77	A0A8V0XAC7
P04001	P22329
P04001	A0A8V0XAC7
P15328	A0A8V0XDM2
P15328	A0A8V0XA45
P41439	A0A8V0XDM2
P41439	A0A8V0XA45
P14207	A0A8V0XDM2
P14207	A0A8V0XA45
P16402	P08286
P16402	P08284
P16402	P09987
P16402	P08285
P16402	A0A8V0YDC1
P16402	P08288
P16402	A0A8V0YP06
P16402	P08287
P10412	P08286
P10412	P08284
P10412	P09987
P10412	P08285
P10412	A0A8V0YDC1
P10412	P08288
P10412	A0A8V0YP06
P10412	P08287
P22492	P08286
P22492	P08284
P22492	P09987
P22492	P08285
P22492	A0A8V0YDC1
P22492	P08288
P22492	A0A8V0YP06
P22492	P08287
P16403	P08286
P16403	P08284
P16403	P09987
P16403	P08285
P16403	A0A8V0YDC1
P16403	P08288
P16403	A0A8V0YP06
P16403	P08287
P18440	F1P5U3
P18440	P13914
P18440	P13913
P11245	F1P5U3
P11245	P13914
P11245	P13913
P20591	B2X026
P20591	Q90597
P20592	B2X026
P20592	Q90597
P20742	A0A8V0ZSN0
P20742	A0A8V0ZYC1
P01023	A0A8V0ZSN0
P01023	A0A8V0ZYC1
P21266	P20136
P21266	A0A8V1AHJ8
P46439	P20136
P46439	A0A8V1AHJ8
Q03013	P20136
Q03013	A0A8V1AHJ8
P09488	P20136
P09488	A0A8V1AHJ8
P28161	P20136
P28161	A0A8V1AHJ8
P29017	A0A8V0XFV3
P29017	A0A8V0XHL4
P15812	A0A8V0XFV3
P15812	A0A8V0XHL4
P15813	A0A8V0XFV3
P15813	A0A8V0XHL4
P29016	A0A8V0XFV3
P29016	A0A8V0XHL4
P06126	A0A8V0XFV3
P06126	A0A8V0XHL4
P34096	P27043
P34096	A0A8V0X6Y3
P34096	P30374
P34096	P81476
P07998	P27043
P07998	A0A8V0X6Y3
P07998	P30374
P07998	P81476
P03950	P27043
P03950	A0A8V0X6Y3
P03950	P30374
P03950	P81476
P35030	Q90627
P35030	A0A8V0ZW57
P35030	A0A8V1A2H3
P35030	A0A8V0ZVQ2
P35030	A0A8V0ZPB4
P35030	Q90628
P07478	Q90627
P07478	A0A8V0ZW57
P07478	A0A8V1A2H3
P07478	A0A8V0ZVQ2
P07478	A0A8V0ZPB4
P07478	Q90628
Q8NHM4	Q90627
Q8NHM4	A0A8V0ZW57
Q8NHM4	A0A8V1A2H3
Q8NHM4	A0A8V0ZVQ2
Q8NHM4	A0A8V0ZPB4
Q8NHM4	Q90628
P07477	Q90627
P07477	A0A8V0ZW57
P07477	A0A8V1A2H3
P07477	A0A8V0ZVQ2
P07477	A0A8V0ZPB4
P07477	Q90628
P43353	A0A8V0ZW73
P43353	A0A8V0ZCN9
P48448	A0A8V0ZW73
P48448	A0A8V0ZCN9
P50502	Q5ZLF0
P50502	A0A8V0YGQ5
Q8NFI4	Q5ZLF0
Q8NFI4	A0A8V0YGQ5
P57059	A0A8V0YCV9
P57059	Q9IA88
A0A0B4J2F2	A0A8V0YCV9
A0A0B4J2F2	Q9IA88
P59535	A0A8V1ABD5
P59535	Q2AB83
P59534	A0A8V1ABD5
P59534	Q2AB83
P60508	A0A8V0X7N8
P60508	A0A8V0YJS4
P60508	A0A8V0Y859
B6SEH9	A0A8V0X7N8
B6SEH9	A0A8V0YJS4
B6SEH9	A0A8V0Y859
Q9UQF0	A0A8V0X7N8
Q9UQF0	A0A8V0YJS4
Q9UQF0	A0A8V0Y859
Q9N2K0	A0A8V0X7N8
Q9N2K0	A0A8V0YJS4
Q9N2K0	A0A8V0Y859
P60508	A0A8V0Y947
P60508	A0A8V0X7N8
P60508	A0A8V0Y859
B6SEH9	A0A8V0Y947
B6SEH9	A0A8V0X7N8
B6SEH9	A0A8V0Y859
Q9UQF0	A0A8V0Y947
Q9UQF0	A0A8V0X7N8
Q9UQF0	A0A8V0Y859
Q9N2K0	A0A8V0Y947
Q9N2K0	A0A8V0X7N8
Q9N2K0	A0A8V0Y859
P62684	A0A8V0ZY20
P62684	A0A8V0X993
P62684	A0A8V0ZEE5
P62684	A0A8V0X900
P62684	A0A8V0ZU19
P62684	A0A8V0XFW7
P62684	A0A8V0WZG5
P62684	A0A8V0XMG4
P62684	A0A8V0WZE5
P62684	A0A8V0XJX9
P62684	A0A8V0YEU5
P63128	A0A8V0ZY20
P63128	A0A8V0X993
P63128	A0A8V0ZEE5
P63128	A0A8V0X900
P63128	A0A8V0ZU19
P63128	A0A8V0XFW7
P63128	A0A8V0WZG5
P63128	A0A8V0XMG4
P63128	A0A8V0WZE5
P63128	A0A8V0XJX9
P63128	A0A8V0YEU5
Q9HDB9	A0A8V0ZY20
Q9HDB9	A0A8V0X993
Q9HDB9	A0A8V0ZEE5
Q9HDB9	A0A8V0X900
Q9HDB9	A0A8V0ZU19
Q9HDB9	A0A8V0XFW7
Q9HDB9	A0A8V0WZG5
Q9HDB9	A0A8V0XMG4
Q9HDB9	A0A8V0WZE5
Q9HDB9	A0A8V0XJX9
Q9HDB9	A0A8V0YEU5
P63145	A0A8V0ZY20
P63145	A0A8V0X993
P63145	A0A8V0ZEE5
P63145	A0A8V0X900
P63145	A0A8V0ZU19
P63145	A0A8V0XFW7
P63145	A0A8V0WZG5
P63145	A0A8V0XMG4
P63145	A0A8V0WZE5
P63145	A0A8V0XJX9
P63145	A0A8V0YEU5
P69891	P02127
P69891	P02112
P69891	P02128
P02100	P02127
P02100	P02112
P02100	P02128
P69892	P02127
P69892	P02112
P69892	P02128
P86790	Q5ZLN2
P86790	A0A8V0ZMS4
P86791	Q5ZLN2
P86791	A0A8V0ZMS4
Q13885	P09203
Q13885	P32882
Q9BVA1	P09203
Q9BVA1	P32882
Q15424	A0A8V1AD39
Q15424	H9L022
Q14151	A0A8V1AD39
Q14151	H9L022
Q16853	A0A1D5PTV1
Q16853	A0A8V1A8Q8
O75106	A0A1D5PTV1
O75106	A0A8V1A8Q8
Q1HG44	A0A8V0ZVI5
Q1HG44	A0A1D5PDQ9
Q1HG43	A0A8V0ZVI5
Q1HG43	A0A1D5PDQ9
Q2VIR3	Q5ZMS3
Q2VIR3	F1NPF0
P41091	Q5ZMS3
P41091	F1NPF0
Q5VUY0	F1P4H5
Q5VUY0	A0A8V0ZGR1
Q5VUY0	A0A8V0ZA21
Q5VUY0	A0A8V0ZH66
Q5VUY0	A0A8V0ZH30
Q5VUY2	F1P4H5
Q5VUY2	A0A8V0ZGR1
Q5VUY2	A0A8V0ZA21
Q5VUY2	A0A8V0ZH66
Q5VUY2	A0A8V0ZH30
Q6Q8B3	Q2YHT5
Q6Q8B3	Q2YHT7
Q6Q8B3	A0A8V0Y048
Q8TD46	Q2YHT5
Q8TD46	Q2YHT7
Q8TD46	A0A8V0Y048
Q86XF0	P00378
Q86XF0	A3RKL3
P00374	P00378
P00374	A3RKL3
Q8IZI9	A0A8V0YKJ0
Q8IZI9	B4ER10
Q8IZJ0	A0A8V0YKJ0
Q8IZJ0	B4ER10
Q8IU54	A0A8V0YKJ0
Q8IU54	B4ER10
Q8NEV1	A0A8V0YTX1
Q8NEV1	P21868
P68400	A0A8V0YTX1
P68400	P21868
Q8NHC5	A0A8V0X3J1
Q8NHC5	A0A8V0X6A6
Q8NHC5	A0A8V0XAF0
Q8NHC5	A0A8V0XBJ7
Q8NHC5	A0A8V0X887
Q8NHC5	A0A8V0X0K4
Q8NHC5	A0A8V0X8H5
Q8NHC5	A0A8V0XCU4
Q8NHC5	A0A8V0X661
Q8NHC5	A0A8V0XDT5
Q8NHC5	A0A8V0XBT6
Q8NHC5	A0A8V0XAZ5
Q8NHC5	A0A8V0XK09
Q8NHC5	A0A8V0XE88
Q8NHC5	A0A8V0XFA8
Q8NHC5	A0A8V0XCH8
Q8NHC5	A0A8V0XDV0
Q8NHC5	A0A8V0X5P0
Q8NHC5	A0A8V0X6W6
Q8NHC5	A0A8V0XEN2
Q8NHC5	A0A8V0XCE0
Q8NHC5	A0A8V0XE49
Q8NHC5	A0A3Q2TS57
Q8NHC5	A0A8V0XE75
Q8NHC5	A0A8V0X659
Q8NHC5	A0A8V0XCS6
Q8NHC5	A0A8V0X2A0
Q8NHC5	A0A8V0X5S6
Q8NHC5	A0A8V0X8D1
Q8NHC5	A0A8V0XBM6
Q8NHC5	A0A8V0XB39
Q8NHC5	A0A8V0X1Z3
Q8NHC5	A0A8V0X280
Q8NHC5	A0A8V0X2K3
Q8NHC5	A0A8V0XE08
Q8NHC5	A0A8V0X0G8
Q8NHC5	A0A8V0X9R0
Q8NHC5	A0A8V0XDM3
Q8NHC5	A0A8V0X8H9
Q8NHC5	A0A8V0XEE9
Q8NHC5	A0A8V0X482
Q8NHC5	A0A8V0X582
Q8NHC5	A0A8V0XEQ3
Q8NHC5	A0A8V0XAA0
Q8NHC5	A0A8V0XEX9
Q8NHC5	A0A8V0XAZ0
Q8NHC5	A0A8V0X8S2
Q8NHC5	A0A8V0X0L0
Q8NHC5	A0A8V0XCU9
Q8NHC5	A0A8V0XEF9
Q8NHC5	A0A8V0XDW5
Q8NHC5	A0A8V0X3E5
Q8NHC5	A0A8V0X3H0
Q8NHC5	A0A8V0XAY9
Q8NHC5	A0A8V0XDR1
Q8NHC5	A0A8V0X857
Q8NHC5	A0A8V0X2T4
Q8NHC5	A0A8V0XBU8
Q8NHC5	A0A8V0XF47
Q8NHC5	A0A8V0XE32
Q8NHC5	A0A8V0X4H7
Q8NHC5	A0A8V0X2H5
Q8NHC5	A0A8V0X226
Q8NHC5	A0A8V0XAR4
Q8NHC5	A0A8V0XDZ4
Q8NHC5	A0A8V0X7R0
Q8NHC5	A0A8V0X2F5
Q8NHC5	A0A8V0X8F1
Q8NHC5	A0A8V0X2F9
Q8NHC5	A0A8V0XEU6
Q8NHC5	A0A8V0X0S9
Q8NHC5	A0A8V0X554
Q8NHC5	A0A8V0X2T0
Q8NHC5	A0A8V0XAZ4
Q8NHC5	A0A8V0X4S5
Q8NHC5	A0A8V0XAQ8
Q8NHC5	A0A8V0XEL1
Q8NHC5	A0A8V0XBN1
Q8NHC5	A0A8V0XEB4
Q8NHC5	A0A8V0X4Z5
Q8NHC5	A0A8V0X4V3
Q8NHC5	A0A8V0X8J4
Q8NHC5	A0A8V0X847
Q8NHC5	A0A8V0XB25
Q8NHC5	A0A8V0XC55
Q8NHC5	A0A8V0XEX3
Q8NHC5	A0A8V0X7G5
Q8NHC5	A0A8V0XEG9
Q8NHC5	A0A8V0XFB8
Q8NHC5	A0A8V0XAT6
Q8NHC5	A0A8V0X5R0
Q8NHC5	A0A8V0XDG1
Q8NHC5	A0A8V0X7T7
Q8NHC5	A0A8V0X4W2
Q8NHC5	A0A8V0X4A0
Q8NHC5	A0A8V0XB75
Q8NHC5	A0A8V0X3G9
Q8NHC5	A0A8V0XAP6
Q8NHC5	A0A8V0X2C2
Q8NHC5	A0A8V0X5E3
Q8NHC5	A0A8V0XC75
Q8NHC5	A0A8V0X4V7
Q8NHC5	A0A8V0XD26
Q8NHC5	A0A8V0X4K8
Q8NHC5	A0A8V0X949
Q8NHC5	A0A8V0X8F7
Q8NHC5	A0A8V0XED9
Q8NHC5	A0A8V0X203
Q8NHC5	A0A8V0XAD4
Q8NHC5	A0A8V0XDJ3
Q8NHC5	A0A8V0XAP7
Q8NHC5	A0A8V0XB84
Q8NHC5	A0A8V0X5W8
Q8NHC5	A0A8V0WZT1
Q8NHC5	A0A8V0XEE3
Q8NHC5	A0A8V0XDU6
Q8NHC5	A0A8V0XDY8
Q8NHC5	A0A8V0XBT8
Q8NHC5	A0A8V0X875
Q8NHC5	A0A8V0X8B4
Q96R54	A0A8V0X3J1
Q96R54	A0A8V0X6A6
Q96R54	A0A8V0XAF0
Q96R54	A0A8V0XBJ7
Q96R54	A0A8V0X887
Q96R54	A0A8V0X0K4
Q96R54	A0A8V0X8H5
Q96R54	A0A8V0XCU4
Q96R54	A0A8V0X661
Q96R54	A0A8V0XDT5
Q96R54	A0A8V0XBT6
Q96R54	A0A8V0XAZ5
Q96R54	A0A8V0XK09
Q96R54	A0A8V0XE88
Q96R54	A0A8V0XFA8
Q96R54	A0A8V0XCH8
Q96R54	A0A8V0XDV0
Q96R54	A0A8V0X5P0
Q96R54	A0A8V0X6W6
Q96R54	A0A8V0XEN2
Q96R54	A0A8V0XCE0
Q96R54	A0A8V0XE49
Q96R54	A0A3Q2TS57
Q96R54	A0A8V0XE75
Q96R54	A0A8V0X659
Q96R54	A0A8V0XCS6
Q96R54	A0A8V0X2A0
Q96R54	A0A8V0X5S6
Q96R54	A0A8V0X8D1
Q96R54	A0A8V0XBM6
Q96R54	A0A8V0XB39
Q96R54	A0A8V0X1Z3
Q96R54	A0A8V0X280
Q96R54	A0A8V0X2K3
Q96R54	A0A8V0XE08
Q96R54	A0A8V0X0G8
Q96R54	A0A8V0X9R0
Q96R54	A0A8V0XDM3
Q96R54	A0A8V0X8H9
Q96R54	A0A8V0XEE9
Q96R54	A0A8V0X482
Q96R54	A0A8V0X582
Q96R54	A0A8V0XEQ3
Q96R54	A0A8V0XAA0
Q96R54	A0A8V0XEX9
Q96R54	A0A8V0XAZ0
Q96R54	A0A8V0X8S2
Q96R54	A0A8V0X0L0
Q96R54	A0A8V0XCU9
Q96R54	A0A8V0XEF9
Q96R54	A0A8V0XDW5
Q96R54	A0A8V0X3E5
Q96R54	A0A8V0X3H0
Q96R54	A0A8V0XAY9
Q96R54	A0A8V0XDR1
Q96R54	A0A8V0X857
Q96R54	A0A8V0X2T4
Q96R54	A0A8V0XBU8
Q96R54	A0A8V0XF47
Q96R54	A0A8V0XE32
Q96R54	A0A8V0X4H7
Q96R54	A0A8V0X2H5
Q96R54	A0A8V0X226
Q96R54	A0A8V0XAR4
Q96R54	A0A8V0XDZ4
Q96R54	A0A8V0X7R0
Q96R54	A0A8V0X2F5
Q96R54	A0A8V0X8F1
Q96R54	A0A8V0X2F9
Q96R54	A0A8V0XEU6
Q96R54	A0A8V0X0S9
Q96R54	A0A8V0X554
Q96R54	A0A8V0X2T0
Q96R54	A0A8V0XAZ4
Q96R54	A0A8V0X4S5
Q96R54	A0A8V0XAQ8
Q96R54	A0A8V0XEL1
Q96R54	A0A8V0XBN1
Q96R54	A0A8V0XEB4
Q96R54	A0A8V0X4Z5
Q96R54	A0A8V0X4V3
Q96R54	A0A8V0X8J4
Q96R54	A0A8V0X847
Q96R54	A0A8V0XB25
Q96R54	A0A8V0XC55
Q96R54	A0A8V0XEX3
Q96R54	A0A8V0X7G5
Q96R54	A0A8V0XEG9
Q96R54	A0A8V0XFB8
Q96R54	A0A8V0XAT6
Q96R54	A0A8V0X5R0
Q96R54	A0A8V0XDG1
Q96R54	A0A8V0X7T7
Q96R54	A0A8V0X4W2
Q96R54	A0A8V0X4A0
Q96R54	A0A8V0XB75
Q96R54	A0A8V0X3G9
Q96R54	A0A8V0XAP6
Q96R54	A0A8V0X2C2
Q96R54	A0A8V0X5E3
Q96R54	A0A8V0XC75
Q96R54	A0A8V0X4V7
Q96R54	A0A8V0XD26
Q96R54	A0A8V0X4K8
Q96R54	A0A8V0X949
Q96R54	A0A8V0X8F7
Q96R54	A0A8V0XED9
Q96R54	A0A8V0X203
Q96R54	A0A8V0XAD4
Q96R54	A0A8V0XDJ3
Q96R54	A0A8V0XAP7
Q96R54	A0A8V0XB84
Q96R54	A0A8V0X5W8
Q96R54	A0A8V0WZT1
Q96R54	A0A8V0XEE3
Q96R54	A0A8V0XDU6
Q96R54	A0A8V0XDY8
Q96R54	A0A8V0XBT8
Q96R54	A0A8V0X875
Q96R54	A0A8V0X8B4
Q9UGF5	A0A8V0X3J1
Q9UGF5	A0A8V0X6A6
Q9UGF5	A0A8V0XAF0
Q9UGF5	A0A8V0XBJ7
Q9UGF5	A0A8V0X887
Q9UGF5	A0A8V0X0K4
Q9UGF5	A0A8V0X8H5
Q9UGF5	A0A8V0XCU4
Q9UGF5	A0A8V0X661
Q9UGF5	A0A8V0XDT5
Q9UGF5	A0A8V0XBT6
Q9UGF5	A0A8V0XAZ5
Q9UGF5	A0A8V0XK09
Q9UGF5	A0A8V0XE88
Q9UGF5	A0A8V0XFA8
Q9UGF5	A0A8V0XCH8
Q9UGF5	A0A8V0XDV0
Q9UGF5	A0A8V0X5P0
Q9UGF5	A0A8V0X6W6
Q9UGF5	A0A8V0XEN2
Q9UGF5	A0A8V0XCE0
Q9UGF5	A0A8V0XE49
Q9UGF5	A0A3Q2TS57
Q9UGF5	A0A8V0XE75
Q9UGF5	A0A8V0X659
Q9UGF5	A0A8V0XCS6
Q9UGF5	A0A8V0X2A0
Q9UGF5	A0A8V0X5S6
Q9UGF5	A0A8V0X8D1
Q9UGF5	A0A8V0XBM6
Q9UGF5	A0A8V0XB39
Q9UGF5	A0A8V0X1Z3
Q9UGF5	A0A8V0X280
Q9UGF5	A0A8V0X2K3
Q9UGF5	A0A8V0XE08
Q9UGF5	A0A8V0X0G8
Q9UGF5	A0A8V0X9R0
Q9UGF5	A0A8V0XDM3
Q9UGF5	A0A8V0X8H9
Q9UGF5	A0A8V0XEE9
Q9UGF5	A0A8V0X482
Q9UGF5	A0A8V0X582
Q9UGF5	A0A8V0XEQ3
Q9UGF5	A0A8V0XAA0
Q9UGF5	A0A8V0XEX9
Q9UGF5	A0A8V0XAZ0
Q9UGF5	A0A8V0X8S2
Q9UGF5	A0A8V0X0L0
Q9UGF5	A0A8V0XCU9
Q9UGF5	A0A8V0XEF9
Q9UGF5	A0A8V0XDW5
Q9UGF5	A0A8V0X3E5
Q9UGF5	A0A8V0X3H0
Q9UGF5	A0A8V0XAY9
Q9UGF5	A0A8V0XDR1
Q9UGF5	A0A8V0X857
Q9UGF5	A0A8V0X2T4
Q9UGF5	A0A8V0XBU8
Q9UGF5	A0A8V0XF47
Q9UGF5	A0A8V0XE32
Q9UGF5	A0A8V0X4H7
Q9UGF5	A0A8V0X2H5
Q9UGF5	A0A8V0X226
Q9UGF5	A0A8V0XAR4
Q9UGF5	A0A8V0XDZ4
Q9UGF5	A0A8V0X7R0
Q9UGF5	A0A8V0X2F5
Q9UGF5	A0A8V0X8F1
Q9UGF5	A0A8V0X2F9
Q9UGF5	A0A8V0XEU6
Q9UGF5	A0A8V0X0S9
Q9UGF5	A0A8V0X554
Q9UGF5	A0A8V0X2T0
Q9UGF5	A0A8V0XAZ4
Q9UGF5	A0A8V0X4S5
Q9UGF5	A0A8V0XAQ8
Q9UGF5	A0A8V0XEL1
Q9UGF5	A0A8V0XBN1
Q9UGF5	A0A8V0XEB4
Q9UGF5	A0A8V0X4Z5
Q9UGF5	A0A8V0X4V3
Q9UGF5	A0A8V0X8J4
Q9UGF5	A0A8V0X847
Q9UGF5	A0A8V0XB25
Q9UGF5	A0A8V0XC55
Q9UGF5	A0A8V0XEX3
Q9UGF5	A0A8V0X7G5
Q9UGF5	A0A8V0XEG9
Q9UGF5	A0A8V0XFB8
Q9UGF5	A0A8V0XAT6
Q9UGF5	A0A8V0X5R0
Q9UGF5	A0A8V0XDG1
Q9UGF5	A0A8V0X7T7
Q9UGF5	A0A8V0X4W2
Q9UGF5	A0A8V0X4A0
Q9UGF5	A0A8V0XB75
Q9UGF5	A0A8V0X3G9
Q9UGF5	A0A8V0XAP6
Q9UGF5	A0A8V0X2C2
Q9UGF5	A0A8V0X5E3
Q9UGF5	A0A8V0XC75
Q9UGF5	A0A8V0X4V7
Q9UGF5	A0A8V0XD26
Q9UGF5	A0A8V0X4K8
Q9UGF5	A0A8V0X949
Q9UGF5	A0A8V0X8F7
Q9UGF5	A0A8V0XED9
Q9UGF5	A0A8V0X203
Q9UGF5	A0A8V0XAD4
Q9UGF5	A0A8V0XDJ3
Q9UGF5	A0A8V0XAP7
Q9UGF5	A0A8V0XB84
Q9UGF5	A0A8V0X5W8
Q9UGF5	A0A8V0WZT1
Q9UGF5	A0A8V0XEE3
Q9UGF5	A0A8V0XDU6
Q9UGF5	A0A8V0XDY8
Q9UGF5	A0A8V0XBT8
Q9UGF5	A0A8V0X875
Q9UGF5	A0A8V0X8B4
Q8NHC6	A0A8V0X3J1
Q8NHC6	A0A8V0X6A6
Q8NHC6	A0A8V0XAF0
Q8NHC6	A0A8V0XBJ7
Q8NHC6	A0A8V0X887
Q8NHC6	A0A8V0X0K4
Q8NHC6	A0A8V0X8H5
Q8NHC6	A0A8V0XCU4
Q8NHC6	A0A8V0X661
Q8NHC6	A0A8V0XDT5
Q8NHC6	A0A8V0XBT6
Q8NHC6	A0A8V0XAZ5
Q8NHC6	A0A8V0XK09
Q8NHC6	A0A8V0XE88
Q8NHC6	A0A8V0XFA8
Q8NHC6	A0A8V0XCH8
Q8NHC6	A0A8V0XDV0
Q8NHC6	A0A8V0X5P0
Q8NHC6	A0A8V0X6W6
Q8NHC6	A0A8V0XEN2
Q8NHC6	A0A8V0XCE0
Q8NHC6	A0A8V0XE49
Q8NHC6	A0A3Q2TS57
Q8NHC6	A0A8V0XE75
Q8NHC6	A0A8V0X659
Q8NHC6	A0A8V0XCS6
Q8NHC6	A0A8V0X2A0
Q8NHC6	A0A8V0X5S6
Q8NHC6	A0A8V0X8D1
Q8NHC6	A0A8V0XBM6
Q8NHC6	A0A8V0XB39
Q8NHC6	A0A8V0X1Z3
Q8NHC6	A0A8V0X280
Q8NHC6	A0A8V0X2K3
Q8NHC6	A0A8V0XE08
Q8NHC6	A0A8V0X0G8
Q8NHC6	A0A8V0X9R0
Q8NHC6	A0A8V0XDM3
Q8NHC6	A0A8V0X8H9
Q8NHC6	A0A8V0XEE9
Q8NHC6	A0A8V0X482
Q8NHC6	A0A8V0X582
Q8NHC6	A0A8V0XEQ3
Q8NHC6	A0A8V0XAA0
Q8NHC6	A0A8V0XEX9
Q8NHC6	A0A8V0XAZ0
Q8NHC6	A0A8V0X8S2
Q8NHC6	A0A8V0X0L0
Q8NHC6	A0A8V0XCU9
Q8NHC6	A0A8V0XEF9
Q8NHC6	A0A8V0XDW5
Q8NHC6	A0A8V0X3E5
Q8NHC6	A0A8V0X3H0
Q8NHC6	A0A8V0XAY9
Q8NHC6	A0A8V0XDR1
Q8NHC6	A0A8V0X857
Q8NHC6	A0A8V0X2T4
Q8NHC6	A0A8V0XBU8
Q8NHC6	A0A8V0XF47
Q8NHC6	A0A8V0XE32
Q8NHC6	A0A8V0X4H7
Q8NHC6	A0A8V0X2H5
Q8NHC6	A0A8V0X226
Q8NHC6	A0A8V0XAR4
Q8NHC6	A0A8V0XDZ4
Q8NHC6	A0A8V0X7R0
Q8NHC6	A0A8V0X2F5
Q8NHC6	A0A8V0X8F1
Q8NHC6	A0A8V0X2F9
Q8NHC6	A0A8V0XEU6
Q8NHC6	A0A8V0X0S9
Q8NHC6	A0A8V0X554
Q8NHC6	A0A8V0X2T0
Q8NHC6	A0A8V0XAZ4
Q8NHC6	A0A8V0X4S5
Q8NHC6	A0A8V0XAQ8
Q8NHC6	A0A8V0XEL1
Q8NHC6	A0A8V0XBN1
Q8NHC6	A0A8V0XEB4
Q8NHC6	A0A8V0X4Z5
Q8NHC6	A0A8V0X4V3
Q8NHC6	A0A8V0X8J4
Q8NHC6	A0A8V0X847
Q8NHC6	A0A8V0XB25
Q8NHC6	A0A8V0XC55
Q8NHC6	A0A8V0XEX3
Q8NHC6	A0A8V0X7G5
Q8NHC6	A0A8V0XEG9
Q8NHC6	A0A8V0XFB8
Q8NHC6	A0A8V0XAT6
Q8NHC6	A0A8V0X5R0
Q8NHC6	A0A8V0XDG1
Q8NHC6	A0A8V0X7T7
Q8NHC6	A0A8V0X4W2
Q8NHC6	A0A8V0X4A0
Q8NHC6	A0A8V0XB75
Q8NHC6	A0A8V0X3G9
Q8NHC6	A0A8V0XAP6
Q8NHC6	A0A8V0X2C2
Q8NHC6	A0A8V0X5E3
Q8NHC6	A0A8V0XC75
Q8NHC6	A0A8V0X4V7
Q8NHC6	A0A8V0XD26
Q8NHC6	A0A8V0X4K8
Q8NHC6	A0A8V0X949
Q8NHC6	A0A8V0X8F7
Q8NHC6	A0A8V0XED9
Q8NHC6	A0A8V0X203
Q8NHC6	A0A8V0XAD4
Q8NHC6	A0A8V0XDJ3
Q8NHC6	A0A8V0XAP7
Q8NHC6	A0A8V0XB84
Q8NHC6	A0A8V0X5W8
Q8NHC6	A0A8V0WZT1
Q8NHC6	A0A8V0XEE3
Q8NHC6	A0A8V0XDU6
Q8NHC6	A0A8V0XDY8
Q8NHC6	A0A8V0XBT8
Q8NHC6	A0A8V0X875
Q8NHC6	A0A8V0X8B4
Q8TC27	A0A8V0Z347
Q8TC27	A0A8V0YW20
Q8TC27	A0A8V0Z388
Q9Y3Q7	A0A8V0Z347
Q9Y3Q7	A0A8V0YW20
Q9Y3Q7	A0A8V0Z388
Q8TDB8	P28568
Q8TDB8	A0A8V0ZJJ7
P11169	P28568
P11169	A0A8V0ZJJ7
Q95460	A0A8V0XD73
Q95460	A0A8V0XJY8
Q95460	A0A8V0X9R8
Q95460	A0A8V0XLH9
Q95460	A0A8V0XLD0
Q95460	A0A8V0XEE7
Q95460	P15979
Q95460	A0A8V0XF73
Q95460	A0A8V0XA48
Q95460	A0A8V0X8Y6
Q95460	A0A089FKX6
Q95460	A0A8V0XFJ7
Q95460	A0A8V0XLL9
Q95460	A0A8V0XEM0
Q95460	A0A8V0XHA9
Q95460	A0ZXL5
Q95460	A0A8V0XLB8
P04439	A0A8V0XD73
P04439	A0A8V0XJY8
P04439	A0A8V0X9R8
P04439	A0A8V0XLH9
P04439	A0A8V0XLD0
P04439	A0A8V0XEE7
P04439	P15979
P04439	A0A8V0XF73
P04439	A0A8V0XA48
P04439	A0A8V0X8Y6
P04439	A0A089FKX6
P04439	A0A8V0XFJ7
P04439	A0A8V0XLL9
P04439	A0A8V0XEM0
P04439	A0A8V0XHA9
P04439	A0ZXL5
P04439	A0A8V0XLB8
Q96IZ6	Q5ZHP8
Q96IZ6	A0A8V0ZSV3
Q6P1Q9	Q5ZHP8
Q6P1Q9	A0A8V0ZSV3
Q96LA5	A0A8V1AHG1
Q96LA5	A0A8V1A4Q5
Q96RD9	A0A8V1AHG1
Q96RD9	A0A8V1A4Q5
Q96P31	A0A8V1AHG1
Q96P31	A0A8V1A4Q5
Q96PJ5	A0A8V1AHG1
Q96PJ5	A0A8V1A4Q5
Q96LI6	A0A8V0YRZ2
Q96LI6	A0A8V0YKD7
Q96LI6	A0A8V0YCE1
Q96LI6	A0A8V0Y1W3
Q96LI6	A0A8V0YM26
Q9UBD0	A0A8V0YRZ2
Q9UBD0	A0A8V0YKD7
Q9UBD0	A0A8V0YCE1
Q9UBD0	A0A8V0Y1W3
Q9UBD0	A0A8V0YM26
Q96PP9	A0A8V1ACN6
Q96PP9	A0A8V1AHS5
Q96PP9	A0A8V0YJ63
Q96PP9	A0A8V1ACQ5
P32455	A0A8V1ACN6
P32455	A0A8V1AHS5
P32455	A0A8V0YJ63
P32455	A0A8V1ACQ5
Q6ZN66	A0A8V1ACN6
Q6ZN66	A0A8V1AHS5
Q6ZN66	A0A8V0YJ63
Q6ZN66	A0A8V1ACQ5
Q9H0R5	A0A8V1ACN6
Q9H0R5	A0A8V1AHS5
Q9H0R5	A0A8V0YJ63
Q9H0R5	A0A8V1ACQ5
P32456	A0A8V1ACN6
P32456	A0A8V1AHS5
P32456	A0A8V0YJ63
P32456	A0A8V1ACQ5
Q8N8V2	A0A8V1ACN6
Q8N8V2	A0A8V1AHS5
Q8N8V2	A0A8V0YJ63
Q8N8V2	A0A8V1ACQ5
Q96PP8	A0A8V1ACN6
Q96PP8	A0A8V1AHS5
Q96PP8	A0A8V0YJ63
Q96PP8	A0A8V1ACQ5
Q99879	P0C1H3
Q99879	P0C1H5
Q99879	P0C1H4
Q99879	Q9PSW9
P57053	P0C1H3
P57053	P0C1H5
P57053	P0C1H4
P57053	Q9PSW9
Q5QNW6	P0C1H3
Q5QNW6	P0C1H5
Q5QNW6	P0C1H4
Q5QNW6	Q9PSW9
Q16778	P0C1H3
Q16778	P0C1H5
Q16778	P0C1H4
Q16778	Q9PSW9
P62807	P0C1H3
P62807	P0C1H5
P62807	P0C1H4
P62807	Q9PSW9
O60814	P0C1H3
O60814	P0C1H5
O60814	P0C1H4
O60814	Q9PSW9
P23527	P0C1H3
P23527	P0C1H5
P23527	P0C1H4
P23527	Q9PSW9
Q99880	P0C1H3
Q99880	P0C1H5
Q99880	P0C1H4
Q99880	Q9PSW9
Q99877	P0C1H3
Q99877	P0C1H5
Q99877	P0C1H4
Q99877	Q9PSW9
P06899	P0C1H3
P06899	P0C1H5
P06899	P0C1H4
P06899	Q9PSW9
P33778	P0C1H3
P33778	P0C1H5
P33778	P0C1H4
P33778	Q9PSW9
Q93079	P0C1H3
Q93079	P0C1H5
Q93079	P0C1H4
Q93079	Q9PSW9
P58876	P0C1H3
P58876	P0C1H5
P58876	P0C1H4
P58876	Q9PSW9
Q9BRJ9	A0A8V0YW07
Q9BRJ9	A0A8V0YVN8
Q0VG99	A0A8V0YW07
Q0VG99	A0A8V0YVN8
Q9BYQ8	A0A8V0X889
Q9BYQ8	A0A8V0XYA2
Q9BYQ7	A0A8V0X889
Q9BYQ7	A0A8V0XYA2
A0A0G2JLE6	A0A8V0X889
A0A0G2JLE6	A0A8V0XYA2
A8MXZ3	A0A8V0X889
A8MXZ3	A0A8V0XYA2
A0A140TA64	A0A8V0X889
A0A140TA64	A0A8V0XYA2
A8MUX0	A0A8V0X889
A8MUX0	A0A8V0XYA2
Q9BYQ6	A0A8V0X889
Q9BYQ6	A0A8V0XYA2
Q9BYR4	A0A8V0X889
Q9BYR4	A0A8V0XYA2
Q9BYR0	A0A8V0X889
Q9BYR0	A0A8V0XYA2
Q9H2X3	A0A8V0XAY7
Q9H2X3	P02707
Q9NNX6	A0A8V0XAY7
Q9NNX6	P02707
Q9H9S0	A0A8V0ZIA6
Q9H9S0	A7Y7W3
Q9H9S0	A0A8V0ZJW1
Q6NSW7	A0A8V0ZIA6
Q6NSW7	A7Y7W3
Q6NSW7	A0A8V0ZJW1
Q8N7R0	A0A8V0ZIA6
Q8N7R0	A7Y7W3
Q8N7R0	A0A8V0ZJW1
Q9P1W8	A0A8V0YSW1
Q9P1W8	A0A8V0YKX8
O00241	A0A8V0YSW1
O00241	A0A8V0YKX8
P78324	A0A8V0YSW1
P78324	A0A8V0YKX8
Q9UHE5	A0A8V0YU79
Q9UHE5	A0A8V0Z1K2
Q9UHF3	A0A8V0YU79
Q9UHF3	A0A8V0Z1K2
Q9UHP7	A0A8V0X4T0
Q9UHP7	A0A8V0XED4
Q9UHP7	A0A8V0XWV6
Q9UHP7	A0A8V0X5W6
Q9UHP7	A0A8V0X6W0
Q9UHP7	A0A8V0XFQ3
Q9UHP7	A0A8V0XU73
Q9UHP7	A0A8V0X6J6
Q9UHP7	A0A8V0XS33
Q9UHP7	A0A8V0XGU1
Q9UHP7	A0A8V0X6W5
Q9UHP7	A0A8V0XEW8
Q9UHP7	A0A8V0XA14
Q9UHP7	A0A8V0XEA0
Q9UHP7	A0A8V0XWW6
Q9UHP7	A0A8V0X4K5
Q9UHP7	A0A8V0XMV1
Q92478	A0A8V0X4T0
Q92478	A0A8V0XED4
Q92478	A0A8V0XWV6
Q92478	A0A8V0X5W6
Q92478	A0A8V0X6W0
Q92478	A0A8V0XFQ3
Q92478	A0A8V0XU73
Q92478	A0A8V0X6J6
Q92478	A0A8V0XS33
Q92478	A0A8V0XGU1
Q92478	A0A8V0X6W5
Q92478	A0A8V0XEW8
Q92478	A0A8V0XA14
Q92478	A0A8V0XEA0
Q92478	A0A8V0XWW6
Q92478	A0A8V0X4K5
Q92478	A0A8V0XMV1
Q9UN74	A0A8V0YEJ4
Q9UN74	A0A8V0YMH8
Q9UN74	A0A8V0Y304
Q9UN74	A0A8V0YHQ9
Q9UN74	A0A8V0Y9I1
Q9UN75	A0A8V0YEJ4
Q9UN75	A0A8V0YMH8
Q9UN75	A0A8V0Y304
Q9UN75	A0A8V0YHQ9
Q9UN75	A0A8V0Y9I1
Q9UN72	A0A8V0YEJ4
Q9UN72	A0A8V0YMH8
Q9UN72	A0A8V0Y304
Q9UN72	A0A8V0YHQ9
Q9UN72	A0A8V0Y9I1
Q9Y5I1	A0A8V0YEJ4
Q9Y5I1	A0A8V0YMH8
Q9Y5I1	A0A8V0Y304
Q9Y5I1	A0A8V0YHQ9
Q9Y5I1	A0A8V0Y9I1
Q9Y5H7	A0A8V0YEJ4
Q9Y5H7	A0A8V0YMH8
Q9Y5H7	A0A8V0Y304
Q9Y5H7	A0A8V0YHQ9
Q9Y5H7	A0A8V0Y9I1
Q9Y5I0	A0A8V0YEJ4
Q9Y5I0	A0A8V0YMH8
Q9Y5I0	A0A8V0Y304
Q9Y5I0	A0A8V0YHQ9
Q9Y5I0	A0A8V0Y9I1
Q9Y5H9	A0A8V0YEJ4
Q9Y5H9	A0A8V0YMH8
Q9Y5H9	A0A8V0Y304
Q9Y5H9	A0A8V0YHQ9
Q9Y5H9	A0A8V0Y9I1
Q9Y5H6	A0A8V0YEJ4
Q9Y5H6	A0A8V0YMH8
Q9Y5H6	A0A8V0Y304
Q9Y5H6	A0A8V0YHQ9
Q9Y5H6	A0A8V0Y9I1
Q9Y5I2	A0A8V0YEJ4
Q9Y5I2	A0A8V0YMH8
Q9Y5I2	A0A8V0Y304
Q9Y5I2	A0A8V0YHQ9
Q9Y5I2	A0A8V0Y9I1
Q9UN73	A0A8V0YEJ4
Q9UN73	A0A8V0YMH8
Q9UN73	A0A8V0Y304
Q9UN73	A0A8V0YHQ9
Q9UN73	A0A8V0Y9I1
Q9Y5H8	A0A8V0YEJ4
Q9Y5H8	A0A8V0YMH8
Q9Y5H8	A0A8V0Y304
Q9Y5H8	A0A8V0YHQ9
Q9Y5H8	A0A8V0Y9I1
Q9Y5H5	A0A8V0YEJ4
Q9Y5H5	A0A8V0YMH8
Q9Y5H5	A0A8V0Y304
Q9Y5H5	A0A8V0YHQ9
Q9Y5H5	A0A8V0Y9I1
Q9Y5I3	A0A8V0YEJ4
Q9Y5I3	A0A8V0YMH8
Q9Y5I3	A0A8V0Y304
Q9Y5I3	A0A8V0YHQ9
Q9Y5I3	A0A8V0Y9I1
Q9Y2C9	A0A8V0YUW8
Q9Y2C9	A0A8V0YR62
Q15399	A0A8V0YUW8
Q15399	A0A8V0YR62
Q9Y5E6	A0A8V0YBZ8
Q9Y5E6	A0A8V0Y9R8
Q9Y5E6	A0A8V0YGJ0
Q9Y5E6	A0A8V0Y8G2
Q9Y5E6	A0A8V0YBQ5
Q9Y5E6	A0A8V0YC21
Q9Y5E6	A0A8V0Y376
Q9Y5E6	A0A8V0Y9Z0
Q9Y5E6	A0A8V0Y9J7
Q9Y5E6	A0A8V0Y9G2
Q9Y5E7	A0A8V0YBZ8
Q9Y5E7	A0A8V0Y9R8
Q9Y5E7	A0A8V0YGJ0
Q9Y5E7	A0A8V0Y8G2
Q9Y5E7	A0A8V0YBQ5
Q9Y5E7	A0A8V0YC21
Q9Y5E7	A0A8V0Y376
Q9Y5E7	A0A8V0Y9Z0
Q9Y5E7	A0A8V0Y9J7
Q9Y5E7	A0A8V0Y9G2
Q96TA0	A0A8V0YBZ8
Q96TA0	A0A8V0Y9R8
Q96TA0	A0A8V0YGJ0
Q96TA0	A0A8V0Y8G2
Q96TA0	A0A8V0YBQ5
Q96TA0	A0A8V0YC21
Q96TA0	A0A8V0Y376
Q96TA0	A0A8V0Y9Z0
Q96TA0	A0A8V0Y9J7
Q96TA0	A0A8V0Y9G2
Q9Y5E1	A0A8V0YBZ8
Q9Y5E1	A0A8V0Y9R8
Q9Y5E1	A0A8V0YGJ0
Q9Y5E1	A0A8V0Y8G2
Q9Y5E1	A0A8V0YBQ5
Q9Y5E1	A0A8V0YC21
Q9Y5E1	A0A8V0Y376
Q9Y5E1	A0A8V0Y9Z0
Q9Y5E1	A0A8V0Y9J7
Q9Y5E1	A0A8V0Y9G2
Q9Y5F0	A0A8V0YBZ8
Q9Y5F0	A0A8V0Y9R8
Q9Y5F0	A0A8V0YGJ0
Q9Y5F0	A0A8V0Y8G2
Q9Y5F0	A0A8V0YBQ5
Q9Y5F0	A0A8V0YC21
Q9Y5F0	A0A8V0Y376
Q9Y5F0	A0A8V0Y9Z0
Q9Y5F0	A0A8V0Y9J7
Q9Y5F0	A0A8V0Y9G2
Q9Y5F3	A0A8V0YBZ8
Q9Y5F3	A0A8V0Y9R8
Q9Y5F3	A0A8V0YGJ0
Q9Y5F3	A0A8V0Y8G2
Q9Y5F3	A0A8V0YBQ5
Q9Y5F3	A0A8V0YC21
Q9Y5F3	A0A8V0Y376
Q9Y5F3	A0A8V0Y9Z0
Q9Y5F3	A0A8V0Y9J7
Q9Y5F3	A0A8V0Y9G2
Q9Y5E2	A0A8V0YBZ8
Q9Y5E2	A0A8V0Y9R8
Q9Y5E2	A0A8V0YGJ0
Q9Y5E2	A0A8V0Y8G2
Q9Y5E2	A0A8V0YBQ5
Q9Y5E2	A0A8V0YC21
Q9Y5E2	A0A8V0Y376
Q9Y5E2	A0A8V0Y9Z0
Q9Y5E2	A0A8V0Y9J7
Q9Y5E2	A0A8V0Y9G2
Q9Y5E5	A0A8V0YBZ8
Q9Y5E5	A0A8V0Y9R8
Q9Y5E5	A0A8V0YGJ0
Q9Y5E5	A0A8V0Y8G2
Q9Y5E5	A0A8V0YBQ5
Q9Y5E5	A0A8V0YC21
Q9Y5E5	A0A8V0Y376
Q9Y5E5	A0A8V0Y9Z0
Q9Y5E5	A0A8V0Y9J7
Q9Y5E5	A0A8V0Y9G2
Q9Y5E4	A0A8V0YBZ8
Q9Y5E4	A0A8V0Y9R8
Q9Y5E4	A0A8V0YGJ0
Q9Y5E4	A0A8V0Y8G2
Q9Y5E4	A0A8V0YBQ5
Q9Y5E4	A0A8V0YC21
Q9Y5E4	A0A8V0Y376
Q9Y5E4	A0A8V0Y9Z0
Q9Y5E4	A0A8V0Y9J7
Q9Y5E4	A0A8V0Y9G2
Q9Y5F2	A0A8V0YBZ8
Q9Y5F2	A0A8V0Y9R8
Q9Y5F2	A0A8V0YGJ0
Q9Y5F2	A0A8V0Y8G2
Q9Y5F2	A0A8V0YBQ5
Q9Y5F2	A0A8V0YC21
Q9Y5F2	A0A8V0Y376
Q9Y5F2	A0A8V0Y9Z0
Q9Y5F2	A0A8V0Y9J7
Q9Y5F2	A0A8V0Y9G2
Q9Y5E9	A0A8V0YBZ8
Q9Y5E9	A0A8V0Y9R8
Q9Y5E9	A0A8V0YGJ0
Q9Y5E9	A0A8V0Y8G2
Q9Y5E9	A0A8V0YBQ5
Q9Y5E9	A0A8V0YC21
Q9Y5E9	A0A8V0Y376
Q9Y5E9	A0A8V0Y9Z0
Q9Y5E9	A0A8V0Y9J7
Q9Y5E9	A0A8V0Y9G2
Q9UN67	A0A8V0YBZ8
Q9UN67	A0A8V0Y9R8
Q9UN67	A0A8V0YGJ0
Q9UN67	A0A8V0Y8G2
Q9UN67	A0A8V0YBQ5
Q9UN67	A0A8V0YC21
Q9UN67	A0A8V0Y376
Q9UN67	A0A8V0Y9Z0
Q9UN67	A0A8V0Y9J7
Q9UN67	A0A8V0Y9G2
Q9UN66	A0A8V0YBZ8
Q9UN66	A0A8V0Y9R8
Q9UN66	A0A8V0YGJ0
Q9UN66	A0A8V0Y8G2
Q9UN66	A0A8V0YBQ5
Q9UN66	A0A8V0YC21
Q9UN66	A0A8V0Y376
Q9UN66	A0A8V0Y9Z0
Q9UN66	A0A8V0Y9J7
Q9UN66	A0A8V0Y9G2
Q9Y5E3	A0A8V0YBZ8
Q9Y5E3	A0A8V0Y9R8
Q9Y5E3	A0A8V0YGJ0
Q9Y5E3	A0A8V0Y8G2
Q9Y5E3	A0A8V0YBQ5
Q9Y5E3	A0A8V0YC21
Q9Y5E3	A0A8V0Y376
Q9Y5E3	A0A8V0Y9Z0
Q9Y5E3	A0A8V0Y9J7
Q9Y5E3	A0A8V0Y9G2
Q9NRJ7	A0A8V0YBZ8
Q9NRJ7	A0A8V0Y9R8
Q9NRJ7	A0A8V0YGJ0
Q9NRJ7	A0A8V0Y8G2
Q9NRJ7	A0A8V0YBQ5
Q9NRJ7	A0A8V0YC21
Q9NRJ7	A0A8V0Y376
Q9NRJ7	A0A8V0Y9Z0
Q9NRJ7	A0A8V0Y9J7
Q9NRJ7	A0A8V0Y9G2
Q9Y5F1	A0A8V0YBZ8
Q9Y5F1	A0A8V0Y9R8
Q9Y5F1	A0A8V0YGJ0
Q9Y5F1	A0A8V0Y8G2
Q9Y5F1	A0A8V0YBQ5
Q9Y5F1	A0A8V0YC21
Q9Y5F1	A0A8V0Y376
Q9Y5F1	A0A8V0Y9Z0
Q9Y5F1	A0A8V0Y9J7
Q9Y5F1	A0A8V0Y9G2
Q9Y5E8	A0A8V0YBZ8
Q9Y5E8	A0A8V0Y9R8
Q9Y5E8	A0A8V0YGJ0
Q9Y5E8	A0A8V0Y8G2
Q9Y5E8	A0A8V0YBQ5
Q9Y5E8	A0A8V0YC21
Q9Y5E8	A0A8V0Y376
Q9Y5E8	A0A8V0Y9Z0
Q9Y5E8	A0A8V0Y9J7
Q9Y5E8	A0A8V0Y9G2
Q9Y5H3	A0A8V0YI29
Q9Y5H3	A0A8V0Y9A2
Q9Y5H3	A0A8V0YB18
Q9Y5H3	A0A8V0Y4J3
Q9Y5H3	A0A8V0YHX4
Q9Y5H3	A0A8V0Y963
Q9Y5H3	A0A8V0Y4Q0
Q9Y5H2	A0A8V0YI29
Q9Y5H2	A0A8V0Y9A2
Q9Y5H2	A0A8V0YB18
Q9Y5H2	A0A8V0Y4J3
Q9Y5H2	A0A8V0YHX4
Q9Y5H2	A0A8V0Y963
Q9Y5H2	A0A8V0Y4Q0
Q9Y5G1	A0A8V0YI29
Q9Y5G1	A0A8V0Y9A2
Q9Y5G1	A0A8V0YB18
Q9Y5G1	A0A8V0Y4J3
Q9Y5G1	A0A8V0YHX4
Q9Y5G1	A0A8V0Y963
Q9Y5G1	A0A8V0Y4Q0
Q9Y5G9	A0A8V0YI29
Q9Y5G9	A0A8V0Y9A2
Q9Y5G9	A0A8V0YB18
Q9Y5G9	A0A8V0Y4J3
Q9Y5G9	A0A8V0YHX4
Q9Y5G9	A0A8V0Y963
Q9Y5G9	A0A8V0Y4Q0
Q9Y5G4	A0A8V0YI29
Q9Y5G4	A0A8V0Y9A2
Q9Y5G4	A0A8V0YB18
Q9Y5G4	A0A8V0Y4J3
Q9Y5G4	A0A8V0YHX4
Q9Y5G4	A0A8V0Y963
Q9Y5G4	A0A8V0Y4Q0
Q9Y5F8	A0A8V0YI29
Q9Y5F8	A0A8V0Y9A2
Q9Y5F8	A0A8V0YB18
Q9Y5F8	A0A8V0Y4J3
Q9Y5F8	A0A8V0YHX4
Q9Y5F8	A0A8V0Y963
Q9Y5F8	A0A8V0Y4Q0
Q9Y5G0	A0A8V0YI29
Q9Y5G0	A0A8V0Y9A2
Q9Y5G0	A0A8V0YB18
Q9Y5G0	A0A8V0Y4J3
Q9Y5G0	A0A8V0YHX4
Q9Y5G0	A0A8V0Y963
Q9Y5G0	A0A8V0Y4Q0
Q9Y5H1	A0A8V0YI29
Q9Y5H1	A0A8V0Y9A2
Q9Y5H1	A0A8V0YB18
Q9Y5H1	A0A8V0Y4J3
Q9Y5H1	A0A8V0YHX4
Q9Y5H1	A0A8V0Y963
Q9Y5H1	A0A8V0Y4Q0
Q9UN71	A0A8V0YI29
Q9UN71	A0A8V0Y9A2
Q9UN71	A0A8V0YB18
Q9UN71	A0A8V0Y4J3
Q9UN71	A0A8V0YHX4
Q9UN71	A0A8V0Y963
Q9UN71	A0A8V0Y4Q0
O60330	A0A8V0YI29
O60330	A0A8V0Y9A2
O60330	A0A8V0YB18
O60330	A0A8V0Y4J3
O60330	A0A8V0YHX4
O60330	A0A8V0Y963
O60330	A0A8V0Y4Q0
Q9Y5H0	A0A8V0YI29
Q9Y5H0	A0A8V0Y9A2
Q9Y5H0	A0A8V0YB18
Q9Y5H0	A0A8V0Y4J3
Q9Y5H0	A0A8V0YHX4
Q9Y5H0	A0A8V0Y963
Q9Y5H0	A0A8V0Y4Q0
Q9Y5F9	A0A8V0YI29
Q9Y5F9	A0A8V0Y9A2
Q9Y5F9	A0A8V0YB18
Q9Y5F9	A0A8V0Y4J3
Q9Y5F9	A0A8V0YHX4
Q9Y5F9	A0A8V0Y963
Q9Y5F9	A0A8V0Y4Q0
Q9Y5G3	A0A8V0YI29
Q9Y5G3	A0A8V0Y9A2
Q9Y5G3	A0A8V0YB18
Q9Y5G3	A0A8V0Y4J3
Q9Y5G3	A0A8V0YHX4
Q9Y5G3	A0A8V0Y963
Q9Y5G3	A0A8V0Y4Q0
Q9Y5H4	A0A8V0YI29
Q9Y5H4	A0A8V0Y9A2
Q9Y5H4	A0A8V0YB18
Q9Y5H4	A0A8V0Y4J3
Q9Y5H4	A0A8V0YHX4
Q9Y5H4	A0A8V0Y963
Q9Y5H4	A0A8V0Y4Q0
Q9Y5G6	A0A8V0YI29
Q9Y5G6	A0A8V0Y9A2
Q9Y5G6	A0A8V0YB18
Q9Y5G6	A0A8V0Y4J3
Q9Y5G6	A0A8V0YHX4
Q9Y5G6	A0A8V0Y963
Q9Y5G6	A0A8V0Y4Q0
Q9Y5G8	A0A8V0YI29
Q9Y5G8	A0A8V0Y9A2
Q9Y5G8	A0A8V0YB18
Q9Y5G8	A0A8V0Y4J3
Q9Y5G8	A0A8V0YHX4
Q9Y5G8	A0A8V0Y963
Q9Y5G8	A0A8V0Y4Q0
Q9Y5G2	A0A8V0YI29
Q9Y5G2	A0A8V0Y9A2
Q9Y5G2	A0A8V0YB18
Q9Y5G2	A0A8V0Y4J3
Q9Y5G2	A0A8V0YHX4
Q9Y5G2	A0A8V0Y963
Q9Y5G2	A0A8V0Y4Q0
Q9Y5G7	A0A8V0YI29
Q9Y5G7	A0A8V0Y9A2
Q9Y5G7	A0A8V0YB18
Q9Y5G7	A0A8V0Y4J3
Q9Y5G7	A0A8V0YHX4
Q9Y5G7	A0A8V0Y963
Q9Y5G7	A0A8V0Y4Q0
Q9Y5G5	A0A8V0YI29
Q9Y5G5	A0A8V0Y9A2
Q9Y5G5	A0A8V0YB18
Q9Y5G5	A0A8V0Y4J3
Q9Y5G5	A0A8V0YHX4
Q9Y5G5	A0A8V0Y963
Q9Y5G5	A0A8V0Y4Q0
Q9Y623	P02565
Q9Y623	P13538
Q9Y623	A0A8V1ADM3
Q9Y623	A0A8V1AML2
Q9UKX2	P02565
Q9UKX2	P13538
Q9UKX2	A0A8V1ADM3
Q9UKX2	A0A8V1AML2
P12882	P02565
P12882	P13538
P12882	A0A8V1ADM3
P12882	A0A8V1AML2
A0A075B6K5	A0A8V0ZZ28
A0A075B6K5	A0A8V0ZVP0
A0A075B6K5	A0A8V0ZZD4
A0A075B6K5	A0A8V1A3D7
A0A075B6K5	A0A8V0ZZS5
A0A075B6K5	P04210
A0A075B6K5	A0A8V0ZZJ1
P01718	A0A8V0ZZ28
P01718	A0A8V0ZVP0
P01718	A0A8V0ZZD4
P01718	A0A8V1A3D7
P01718	A0A8V0ZZS5
P01718	P04210
P01718	A0A8V0ZZJ1
P01717	A0A8V0ZZ28
P01717	A0A8V0ZVP0
P01717	A0A8V0ZZD4
P01717	A0A8V1A3D7
P01717	A0A8V0ZZS5
P01717	P04210
P01717	A0A8V0ZZJ1
P01715	A0A8V0ZZ28
P01715	A0A8V0ZVP0
P01715	A0A8V0ZZD4
P01715	A0A8V1A3D7
P01715	A0A8V0ZZS5
P01715	P04210
P01715	A0A8V0ZZJ1
A0A075B6K2	A0A8V0ZZ28
A0A075B6K2	A0A8V0ZVP0
A0A075B6K2	A0A8V0ZZD4
A0A075B6K2	A0A8V1A3D7
A0A075B6K2	A0A8V0ZZS5
A0A075B6K2	P04210
A0A075B6K2	A0A8V0ZZJ1
A0A0A0MS00	A0A8V0ZZ28
A0A0A0MS00	A0A8V0ZVP0
A0A0A0MS00	A0A8V0ZZD4
A0A0A0MS00	A0A8V1A3D7
A0A0A0MS00	A0A8V0ZZS5
A0A0A0MS00	P04210
A0A0A0MS00	A0A8V0ZZJ1
P80748	A0A8V0ZZ28
P80748	A0A8V0ZVP0
P80748	A0A8V0ZZD4
P80748	A0A8V1A3D7
P80748	A0A8V0ZZS5
P80748	P04210
P80748	A0A8V0ZZJ1
P01714	A0A8V0ZZ28
P01714	A0A8V0ZVP0
P01714	A0A8V0ZZD4
P01714	A0A8V1A3D7
P01714	A0A8V0ZZS5
P01714	P04210
P01714	A0A8V0ZZJ1
A0A075B6K0	A0A8V0ZZ28
A0A075B6K0	A0A8V0ZVP0
A0A075B6K0	A0A8V0ZZD4
A0A075B6K0	A0A8V1A3D7
A0A075B6K0	A0A8V0ZZS5
A0A075B6K0	P04210
A0A075B6K0	A0A8V0ZZJ1
A0A075B6K4	A0A8V0ZZ28
A0A075B6K4	A0A8V0ZVP0
A0A075B6K4	A0A8V0ZZD4
A0A075B6K4	A0A8V1A3D7
A0A075B6K4	A0A8V0ZZS5
A0A075B6K4	P04210
A0A075B6K4	A0A8V0ZZJ1
A0A0A0MS01	A0A8V0Z2S1
A0A0A0MS01	A0A1D5PLB4
A0A075B6L2	A0A8V0Z2S1
A0A075B6L2	A0A1D5PLB4
Q99603	A0A8V0Z2S1
Q99603	A0A1D5PLB4
A0A0A0MS01	A0A8V0ZAI7
A0A0A0MS01	A0A8V0Z2S1
A0A075B6L2	A0A8V0ZAI7
A0A075B6L2	A0A8V0Z2S1
Q99603	A0A8V0ZAI7
Q99603	A0A8V0Z2S1
