P52824	A0A0B4KHZ4
Q14CB8	A1ZAW3
Q6NTE8	M9NDA3
P20042	P41375
P30084	Q7JR58
Q9Y2U8	Q7JRE4
Q13823	Q7JXU4
P52298	Q9V3L6
Q9NRW7	Q9VHB5
Q9NVS2	Q9VHQ0
Q5T5A4	Q9VK88
O00303	Q9VN50
Q2TB10	Q9VNI5
O75381	Q9VPB8
Q149N8	Q9VRV2
Q3B7T1	Q9VSP0
P55263	Q9VU38
P28288	Q9VWC8
Q8WUX2	Q9VYK7
Q9Y5B0	Q9W147
P37837	Q9W1G0
P43378	Q9W323
Q8NCN5	Q9W4K8
Q96CW5	Q9XYP8
Q9UPQ8	A1ZAI1
Q7Z3F1	M9PFK5
P62140	P48462
Q13526	P54353
P38117	Q0KHZ6
Q6SZW1	Q6IDD9
Q13561	Q7K2D2
Q86YS7	Q8IMW9
Q9H0R3	Q8IPG2
Q86WC4	Q95SH7
Q9BPZ7	Q9V719
Q9H9C1	Q9VAG4
Q14493	Q9VAN6
Q9BRT9	Q9VBI1
O60502	Q9VDC9
Q8NI22	Q9VDI5
Q9BRA2	Q9VMQ9
Q96SK2	Q9VVF4
Q330K2	Q9VYS5
Q9H1A3	Q9W1H1
Q9NYH9	Q9W397
Q86YB7	A1Z934
P23919	A1ZB29
O00444	O97143
Q15269	Q5U0X8
P14868	Q7K0E6
Q96EY9	Q7K157
O60733	Q7KUD4
Q6NVY1	Q86BP1
P22314	Q8T0L3
O43581	Q9V4C4
Q13569	Q9V4D8
Q9Y3C1	Q9V9U9
Q9P272	Q9VBJ3
Q9H2Y9	Q9VLB3
Q3B726	Q9VM72
O60870	Q9VPH4
Q13889	Q9VPX4
Q9BTW9	Q9VQ78
Q9HAF1	Q9VRN3
P61221	Q9VSS1
Q7Z3V4	Q9VSS9
Q13371	Q9VUR7
O14737	Q9VUZ8
Q8TBB6	Q9VWD3
Q8WYP5	Q9VWE6
Q8TDN6	Q9VZE6
Q53FT3	Q9W0C7
Q16342	Q9W1A3
P25205	Q9XYU1
H3BMG3	A0A0B4LH46
Q8N9W5	A1ZB91
A3KMH1	M9PHH0
Q8IY37	O46072
Q9Y5K1	Q7KPA5
Q08AI6	Q8MRD1
Q9NWX6	Q9V3N8
Q9HCC0	Q9V9A7
Q6UVJ0	Q9VAC8
P16519	Q9VBC7
Q9UH36	Q9VEB5
Q96CS3	Q9VJ58
Q8N6D5	Q9VQI1
Q9UQN3	Q9VRJ5
P55061	Q9VSH3
O94817	Q9VTU1
P13716	Q9VTV9
Q8IV01	Q9VYE1
Q8NEN9	Q9VYR9
Q92521	Q9VZM5
Q92575	Q9Y114
O60299	X2JD14
Q8IWZ8	A0A0B4KF34
Q9H2D1	A1Z7S4
O96015	A1Z8T9
Q8IYR0	A1ZBX0
Q8IZH2	E1JJR3
P05451	M9PFV8
O15067	P35421
Q9UIH9	Q0IGQ2
Q6UXN8	Q7JY62
Q9UHR5	Q7K0K1
Q9NPF5	Q7K3D8
P61964	Q9V3J8
Q8TCS8	Q9V9X7
Q96EW2	Q9VB06
Q92994	Q9VEL2
Q8N2H4	Q9VHP1
O95400	Q9VKV5
Q9Y672	Q9VKX7
P50579	Q9VL89
P47224	Q9VLP3
Q92499	Q9VNV3
Q96EN8	Q9VRA2
Q7L4I2	Q9VXU3
Q12962	Q9XZT7
Q9BQ70	Q9Y109
Q13610	A1Z8D0
Q63HQ2	A1ZA87
Q99622	A8DYT6
P39060	M9ND55
P61313	O17445
Q9Y3E5	O97067
P49848	P49847
P11172	Q01637
Q08945	Q05344
Q9NZJ0	Q24371
O43303	Q2PDW6
Q10471	Q6WV19
Q9UBF6	Q7JWH5
Q5W041	Q7JYM7
Q8TEB1	Q7JYQ4
Q96AB6	Q7KIS4
Q9BXW9	Q8MYL1
Q9Y4W6	Q8T4G5
O75063	Q95T10
Q9Y4X0	Q9VCF0
Q9UJK0	Q9VFA0
Q9NY33	Q9VHR8
P83731	Q9VJY6
Q99447	Q9VK25
Q9GZP4	Q9VK68
Q8N2A8	Q9VKD7
Q96MW5	Q9VKH0
P29692	Q9VL18
Q9NXW9	Q9VL81
P62304	Q9VLV5
Q6NUS6	Q9VMH0
Q9NWB7	Q9VQS5
P46977	Q9VRE0
Q6P3S6	Q9W281
Q9Y6N9	Q9W443
Q15363	Q9W4K0
P78344	A1Z968
O43242	P25161
P62753	P29327
Q8WVS4	Q7JR82
Q15631	Q7JVK6
Q9Y3D9	Q8IP62
Q6L8Q7	Q8IP91
Q9BYR4	Q8IRB2
O95995	Q8MT08
Q86SX6	Q8SXQ5
Q96IJ6	Q8SXU3
Q5VUA4	Q9V468
Q9Y3B8	Q9VCI0
O14981	Q9VF02
O75439	Q9VFF0
Q66K64	Q9VGZ4
P34949	Q9VH77
Q15287	Q9VHC0
A2RU49	Q9VJ68
Q96PV6	Q9VKP5
Q8N5T2	Q9VMT4
Q9NVE7	Q9VMU2
P18077	Q9VNB9
Q9BVG4	Q9VP29
O60725	Q9VU37
Q9NYK5	Q9VUJ0
Q9BYC5	Q9VYV5
Q9H6X4	Q9W073
Q9NRX2	Q9W0S6
Q5UIP0	Q9XZ34
Q6IAN0	Q9Y140
Q9BPX3	A1Z987
Q7Z624	A4V0X6
P0DJ07	Q4QPR8
Q13315	Q5EAK6
Q8IZL8	Q8MS38
Q9NRG7	Q8T0N5
Q09327	Q95RF3
Q07955	Q9V3W7
Q9Y255	Q9V579
P22830	Q9V9S8
P53680	Q9VDC3
Q8NDG6	Q9VF26
Q96KR4	Q9VH19
O15144	Q9VIM5
P07902	Q9VMA2
Q9BY32	Q9VMW7
Q17RS7	Q9VRJ0
Q8NHS3	Q9VS51
Q9H981	Q9VX09
Q9H741	Q9VXT6
Q96RS6	Q9VYT5
O43676	Q9W2E8
P30049	Q9W2X6
Q12882	Q9W374
Q8WVY7	Q9XZ16
Q9Y5P4	Q9Y128
Q9UL33	A1Z8I0
Q7Z410	A8DYG0
Q9NRP2	B7Z0J4
Q69YU5	B7Z0X7
Q68DK7	P50535
P62805	P84040
P04179	Q00637
Q9NRS4	Q7K1E3
Q9UNM6	Q7KMP8
Q86Y56	Q8INF7
Q9NTK5	Q8SWU7
Q70Z53	Q9V3M2
Q9H5V9	Q9V412
Q9Y512	Q9V784
Q9P2W9	Q9VC58
Q9Y2I8	Q9VE73
P40926	Q9VEB1
Q96BZ8	Q9VH00
Q9UP83	Q9VJD3
P49588	Q9VLM8
P30041	Q9VQI7
O96000	Q9VQR2
Q96SZ5	Q9VSD8
Q9H6P5	Q9VUX9
Q7KZF4	Q9W0S7
Q96FN5	A0A126GUN8
O75165	A1Z7S0
Q9BTX3	A1ZA77
Q71RS6	A8Y5A2
O60503	M9PEP2
O75528	M9PHZ1
Q96L03	Q4V459
Q6JEL2	Q6GKZ1
Q8NAV1	Q7JVL3
Q13099	Q7KRS6
Q53RE8	Q7KTP7
Q9BTM9	Q7KU86
Q3YBR2	Q8IMU0
Q8NE18	Q8IQN7
O75208	Q8MKN0
Q147X3	Q95RC0
Q9Y3S2	Q9VAU9
Q8IVF4	Q9VAV5
O75150	Q9VRP9
Q68CL5	Q9VTS1
O95394	Q9VTZ4
Q92665	Q9VUX1
Q53EL6	Q9VY91
P35244	Q9VYW3
Q5F1R6	Q9W0X8
P51398	Q9W253
Q13795	Q9W389
Q9BSF4	Q9W4R8
Q9BUE0	Q9XZT1
Q7Z6Z7	X2JF73
Q9UGK8	M9PAZ8
Q96CW1	O62530
P63220	O76927
Q6P1X5	Q24325
O75717	Q494K2
Q9BVC3	Q4V3Z5
Q9BQ52	Q8MKW7
O00267	Q9V460
Q9H0E9	Q9VAM5
Q9H173	Q9VBV5
Q92542	Q9VC27
Q5VTB9	Q9VCV3
Q9NXE4	Q9VGH0
Q9NVS9	Q9VHZ5
Q9P021	Q9VL77
Q6UXN9	Q9VLN1
Q9Y673	Q9VLQ1
Q9Y5Y2	Q9VPD2
O00429	Q9VQE0
Q8N9T8	Q9VTU0
Q7Z2W9	Q9VVX4
Q8NHV5	Q9VW61
Q96LU5	Q9VXR8
Q8IWW8	Q9W265
Q6HA08	A0A0B4K600
Q9UI46	A0A0B4LG18
Q5SZQ8	A0A6M3Q6L8
P00491	M9PE19
P62306	Q24297
Q9P225	Q5LJP0
Q8N511	Q8SXS0
Q8WVC0	Q94546
Q9NW64	Q95RB1
O76083	Q9I7S6
Q9NZJ5	Q9NIV1
Q96JK2	Q9V9T1
A6NED2	Q9VD63
Q8WWM9	Q9VF15
O00217	Q9VF27
Q8WTW3	Q9VGC3
O95396	Q9VLJ8
Q9ULM3	Q9VLL1
A1L167	Q9VM35
Q7L5D6	Q9VN19
P61962	Q9VR53
Q9UGP8	Q9VS57
Q6UVY6	Q9VUY0
Q16763	Q9VX25
Q9NPA8	Q9VYX1
Q8WZ42	D1YSG0
P00414	P00417
P61247	P55830
Q9NRH2	Q0E981
P27694	Q24492
Q96K76	Q24574
Q9NU23	Q6IGM9
Q96Q15	Q70PP2
Q9NRA8	Q8IH18
Q10469	Q961U0
Q96RK0	Q9U1H0
P40938	Q9U9Q1
Q9HCE9	Q9V416
Q7Z3B4	Q9V6B9
Q9UH92	Q9VB47
Q14181	Q9VB62
Q9BVS4	Q9VBU2
Q6PII3	Q9VEB6
Q53TQ3	Q9VFH4
Q99570	Q9VHH2
Q9H490	Q9VLK0
Q9NUY8	Q9VPW9
Q6ZNW5	Q9VSZ5
Q9NT62	Q9VVS6
Q9NXG2	Q9VZD8
Q9NQQ7	Q9VZP2
P38435	Q9W0C4
Q8N122	Q9W437
Q9NSK7	Q9W569
Q8TEQ8	A1ZB84
Q86VW0	B7Z0I2
Q12874	O46106
Q5TEU4	Q7K1S1
Q92616	Q7PLL6
Q8IUM7	Q9VBH3
Q96JC1	Q9VEA2
Q96GQ5	Q9VJ63
P42345	Q9VK45
O75506	Q9VK90
P29279	Q9VVK3
P55010	Q9VXK6
O43822	Q9VZI4
Q5JPI3	Q9W0T9
O43505	Q9W1A7
Q8IXS2	Q9W212
Q6ZV70	Q9Y0Y7
A3KN83	A8JUV0
O60573	E1JIV5
P56962	M9PEM1
Q13905	O77086
P15880	P31009
Q6V0I7	P33450
Q86WW8	Q4V429
Q5UCC4	Q8IPT0
Q9P2N4	Q8SXB0
Q5TGI0	Q95RI5
Q9BVK8	Q9V3I6
Q96H78	Q9VC40
Q15459	Q9VEP9
Q13228	Q9VFZ4
Q9C0B7	Q9VJ29
Q96SY0	Q9VPY0
Q9NPJ6	Q9VS38
Q96AG4	Q9VT05
P60602	Q9VUM2
Q92845	Q9VZ07
Q6ZUX7	Q9W0X9
Q8NFV4	Q9W3R8
P50750	O17432
P23921	P48591
O14617	P54362
Q8WVM8	Q24179
Q01831	Q24595
Q14739	Q8MLV1
Q9Y399	Q8MSS7
P49755	Q8SXY6
P36551	Q9V3D2
Q15528	Q9V439
Q9H4B6	Q9VCR6
Q86WA6	Q9VD00
Q8IYH5	Q9VM59
O60268	Q9VM87
Q9NUW8	Q9VQM4
Q96A33	Q9VQR9
Q9BQD3	Q9VTY4
P42694	Q9VUH9
O60613	Q9VVJ7
Q5BJD5	Q9VX39
Q96MH6	Q9VZ05
Q8N755	Q9VZF3
Q9BTE6	Q9W4R9
Q96QU8	X2J9Y4
O15228	A0A0B4KHK0
A8MTZ0	E1JIG6
P45985	O61444
Q9Y6V7	Q07886
Q92966	Q7JUY8
Q8N5M9	Q7K1V5
Q16186	Q7K2G1
Q13702	Q7K4Y8
Q9UL25	Q7PLE9
Q8IYB7	Q8IRJ7
O43502	Q8SZ30
P0C2W1	Q9V6L9
Q9H7B2	Q9VEB3
P49356	Q9VEV7
Q6UXV4	Q9VEY5
Q13217	Q9VHA8
Q9C0B9	Q9VJ08
P53384	Q9VJI9
Q6NUQ4	Q9VKM7
Q9BWS9	Q9VLS0
Q2TB18	Q9VPW1
Q9NXC5	Q9VQ89
Q9NPB8	Q9VQU3
O95847	Q9VX14
Q7KZN9	Q9W1F5
Q3T906	A1Z7S7
Q96EL3	A1Z9J6
P21953	Q7PLE6
Q9NVN8	Q8MT06
P82933	Q8SXF0
O75052	Q8SXX4
Q9NX14	Q9V3L7
O95835	Q9VA38
Q9NPE2	Q9VBR0
P16219	Q9VDT1
Q7Z6V5	Q9VEM0
Q9UPZ3	Q9VHN9
Q2M2I8	Q9VJ30
Q9P2J5	Q9VQR8
Q9Y3D0	Q9VTC4
Q53HC9	Q9VTY5
Q9Y3Z3	Q9VVY4
P55084	Q9W1H8
Q8WVK2	Q9W1I6
Q9NZQ3	Q9W3K6
Q52LA3	Q9W482
Q9UBB9	Q9Y103
Q9Y2B2	A0A0B4K6Q5
Q6P2H8	A1Z6G9
Q9P2D0	A1ZAE2
Q9H307	A8JQW3
Q8N9R8	M9PER3
Q5EBL4	O76878
P00846	P00850
P62987	P18101
O75976	P42787
Q07021	Q7JXC4
Q5T5J6	Q7KUW4
P41214	Q9NG60
O15146	Q9V6K3
Q13123	Q9VHH8
Q9Y3B2	Q9VKJ4
P35475	Q9VKJ8
O00255	Q9VM47
O14653	Q9VRL2
Q6NXT1	Q9VT59
Q9P086	Q9VVS4
Q8NFI3	Q9VX51
Q15386	Q9W196
Q8NEB9	Q9W1M7
Q96GC9	Q9W2S1
Q08J23	Q9W4M9
O75663	Q9W5W6
Q5SRE5	A0A0B4K859
P08708	P17704
Q96QK8	Q0E8W6
Q96HA8	Q7K2Y9
Q5QJ74	Q7K549
Q9Y6R4	Q8MSQ4
Q86UD1	Q9NLA6
Q9H7Z7	Q9V420
Q99633	Q9V437
Q9Y5J1	Q9V7P1
Q9BV20	Q9V9X4
Q9P0P8	Q9VAX9
O75934	Q9VAY6
P61353	Q9VBN5
P50336	Q9VC52
Q5SRE7	Q9VGY8
Q9Y3I0	Q9VIW7
O15033	Q9VQ67
Q9NY35	Q9VRM3
Q9Y5U9	Q9VTE1
Q6PCD5	Q9VV99
P35249	Q9VX15
Q9H0H0	Q9VX31
Q9NS69	Q9VZL1
Q9BTV6	Q9W3X3
Q9UBF8	A0A4D6K881
O95363	O16129
P61160	P45888
P08910	Q24093
A0PJW6	Q7JW07
P51798	Q7JZ25
P40855	Q8IP97
Q9H8V3	Q8IQ97
Q8WUW1	Q8MLQ0
Q7Z4G4	Q960G1
Q8N4P3	Q9VAM9
Q8WUM4	Q9VB05
Q9BTX1	Q9VCG4
O14521	Q9VCI5
Q9UJ70	Q9VF86
Q9BY78	Q9VIK5
Q9H8E8	Q9VJ73
Q7Z7K0	Q9VJJ1
Q96FW1	Q9VL00
Q9P0R6	Q9VNV2
Q99741	Q9VSM9
Q9UPV0	Q9VXK9
Q6PML9	A1Z935
A6NNL5	A4V381
Q7L273	B9A0N7
Q8IWB9	M9PHU7
P51149	O76742
P03891	P03896
P00439	P17276
P35232	P24156
P62829	P48159
O15294	Q7KJA9
P35998	Q7KMQ0
Q9UBQ7	Q8I725
Q49A26	Q8T079
O75907	Q960U8
O76075	Q9V3H0
P49756	Q9V3Y5
Q9BV79	Q9V6U9
Q02153	Q9VA09
Q6ZUK4	Q9VBE7
Q8TAT6	Q9VBP9
Q9Y291	Q9VEV5
Q96GW9	Q9VFL5
Q9H2M9	Q9VKB9
Q15906	Q9VKM6
Q53H82	Q9VLS9
Q14C86	Q9VZ08
O95905	Q9W032
Q8NHP7	Q9W1K4
P57772	Q9W2H0
Q9Y4D2	B7Z150
O14618	E1JH26
P18827	P49415
O75607	Q27415
P22061	Q27869
Q6ZXV5	Q7K4B6
P51948	Q7KPG8
Q9HCN4	Q9V3R3
Q9BRP1	Q9VG62
P49916	Q9VG84
O14530	Q9VGV8
Q6PHR2	Q9VHF6
Q96H96	Q9VHS7
Q8NEM2	Q9VIP0
Q96EB6	Q9VK34
Q9NXH9	Q9VK89
Q9NYP3	Q9VNA8
Q8IYS2	Q9VQ60
Q96EC8	Q9VQZ0
O14662	Q9VR90
O75448	Q9VSF2
Q8IUH3	Q9VZE4
Q9UIF3	Q9W1V2
Q96BT7	Q9W232
Q13503	Q9W5P1
Q96MB7	M9NGE9
Q15370	O44226
O43766	Q7JQW6
Q9UJW0	Q7K130
Q8N465	Q7K511
P63279	Q7KNM2
Q9UBE0	Q7KSM5
Q9Y4A5	Q8I8U7
Q9NWZ5	Q8MQK4
Q6FI81	Q9V3Y2
A0A1B0GV85	Q9V3Y3
P50748	Q9V9W7
Q96KG9	Q9VAH7
Q6IQ49	Q9VCE2
P78312	Q9VG05
Q5T440	Q9VHN4
P49915	Q9VIE7
Q8N4V1	Q9VJ25
Q9H9Y2	Q9VKB4
Q8IYA7	Q9VPL4
Q9Y5U2	Q9VT74
Q96NB2	Q9VVW3
Q9H8M7	Q9VWN5
Q5C9Z4	Q9W020
Q9NVM4	Q9W1V1
Q13111	Q9W3D1
Q99426	A1ZBM2
P0CG48	P0CG69
Q13416	Q24168
Q15024	Q29QQ9
Q86VZ6	Q9V9Z6
Q9NWW7	Q9VAL2
Q9BZB8	Q9VCN7
Q9HAC7	Q9VDL4
Q9BVL2	Q9VDV3
O15514	Q9VEA5
Q5XPI4	Q9VFC4
P30043	Q9VH72
Q8NEW7	Q9VIM4
P42695	Q9VMQ4
A6NK58	Q9VN27
Q9HAV4	Q9VWE7
Q96LW2	Q9VWQ2
Q96NG3	Q9W295
P51955	Q9W3N8
Q96AX1	Q9Y1I2
Q9HCS7	A1Z9G2
Q8IXW5	A8DYY5
Q7Z5L2	E1JIB4
Q92896	M9PIG4
P61218	Q24320
O43462	Q7JZ56
Q9NVU7	Q7KKH3
P14324	Q7KN61
Q4G176	Q7KVU5
Q96RQ3	Q9V9T5
Q96C90	Q9VKQ5
O60547	Q9VMW9
Q9Y3A5	Q9VRY5
Q9Y6A1	Q9VTK2
Q9Y266	Q9VVA6
P17568	Q9VXZ0
Q9NWH2	Q9VYX5
Q5XKL5	Q9W0D3
Q8N201	Q9W1C5
O75390	Q9W401
Q14872	A8JNP3
Q8N3R9	E2QD98
Q969G6	O76206
Q9NW08	P25167
P09132	P49963
Q9UHR6	Q7KSA2
Q9NZ42	Q86BE9
Q8NE86	Q8IQ70
P06132	Q9V595
O95872	Q9V7A7
Q99848	Q9V9Z9
Q9Y224	Q9VEG8
Q15435	Q9VEK8
Q86XA0	Q9VEZ4
Q8TBK6	Q9VF05
Q9NX38	Q9VFR1
Q9NQR4	Q9VHE4
Q6NW29	Q9VJ60
Q14197	Q9VKU3
Q6PJP8	Q9VND2
P61916	Q9VQ62
P49458	Q9VSC1
Q9Y262	Q9VTU4
Q9NTJ5	Q9W0I6
Q8TD08	Q9W354
Q7KZ85	Q9W420
Q93063	Q9Y169
P61960	A8DYH2
Q9UJ55	Q00725
Q6P5X5	Q4QPU3
P50990	Q7K3J0
Q15050	Q8I937
Q70IA6	Q8IQG1
P33316	Q9V3I1
O95926	Q9V5Q4
P31937	Q9V8M5
Q03014	Q9VDF0
P12955	Q9VG79
O43156	Q9VH80
Q3KRA9	Q9VKU5
Q05519	Q9VL71
Q92890	Q9VTF9
Q9GZR2	Q9VUC3
Q9NSE4	Q9VUY4
Q7L014	Q9VXW2
Q8NBT3	Q9W2B3
Q9H3L0	Q9W375
Q96C34	Q9W5C1
Q6Y288	X2JDC2
O76031	A0A0B4LID7
Q9UBT7	A0A0C4DHD7
Q2M1K9	A1Z9R4
Q9NU22	A8DYB0
Q9C0D6	A8JNM1
P36542	O01666
P27695	P27864
P11021	P29844
P25705	P35381
O75398	Q24180
Q9GZQ3	Q76NP9
O15355	Q7K4Q5
Q9H3P2	Q86NP2
Q8NCE0	Q8IP11
Q9Y2S7	Q8IPQ6
Q9Y530	Q8IPU1
P51553	Q8MT18
Q6ZWL3	Q9VA27
Q8WZ82	Q9VDL1
Q96T23	Q9VID9
Q562E7	Q9VKD0
O96005	Q9VQX6
O94812	Q9VS41
Q9NV70	Q9VVG4
Q14331	Q9VWA8
O77932	Q9VXA8
Q8IUZ0	Q9VZ81
Q13887	Q9VZN4
Q9UG01	Q9W040
Q8WY64	A0A0B4KFY0
Q04760	A1Z6X6
Q9NR50	A1ZA22
Q8IV35	B4F7L9
Q8NBH2	Q0E908
Q5BN46	Q0KI89
O43447	Q4V5H1
Q0P6D2	Q7KVC9
P49914	Q8MLS1
P25208	Q8ST61
Q96T58	Q8SX83
Q9UK41	Q9V359
Q15404	Q9V428
P57740	Q9V466
Q9Y375	Q9VAI1
O95249	Q9VE50
Q2KHT3	Q9VEV4
Q9NR45	Q9VG74
Q8WXX5	Q9VGR7
Q9Y6W6	Q9VHV8
Q5SXM2	Q9VHX0
Q9NZC7	Q9VLU5
Q96EK5	Q9VMX1
O15160	Q9VMX3
Q9UBQ0	Q9VPX5
Q8TE99	Q9VQ86
Q5THJ4	Q9VU08
Q5JPH6	Q9VV59
P57076	Q9VZH1
Q96QK1	Q9W277
O95169	Q9W3X7
Q13523	X2JAG8
Q6ZNF0	X2JB52
Q92546	A0A0C4DHA5
Q504Q3	A1Z7K9
Q96EY7	A1Z9A8
Q8N2U9	M9PEZ6
Q12872	P12297
Q15047	Q32KD2
Q86YW7	Q4V4C8
Q7L0Y3	Q7JUX9
Q96QE3	Q86BP6
P00505	Q8IPY3
P82914	Q8WTC1
Q99547	Q95PE4
Q9UHI6	Q9V3C4
P61011	Q9V3D9
Q9ULJ7	Q9VAU5
Q96RS0	Q9VEA4
O00233	Q9VFS8
Q8N357	Q9VGF5
Q9H9P8	Q9VJ28
Q9NQW7	Q9VJG0
Q14554	Q9VJZ1
O95619	Q9VM63
Q9UBX1	Q9VN93
Q9ULC3	Q9VNG6
Q9BRT3	Q9VRA0
Q9HC36	Q9VW14
O43427	Q9VW45
Q96KC8	Q9VWL4
Q96EY4	Q9VXY4
P62826	Q9VZ23
Q7L3T8	Q9VZY9
O75807	Q9W1E4
O15018	Q9W283
Q99807	Q9W3W4
P42766	Q9W499
O15297	Q9W4H8
Q6PHW0	E1JIB2
Q13347	O02195
Q16181	P40797
P13984	P41900
P78333	Q24114
Q05469	Q7JR83
Q9H0U6	Q7JVK1
P60484	Q7KMQ6
P48637	Q86B44
Q9BRA0	Q8IPZ7
Q9HCD5	Q9U9Q2
O43572	Q9V3I3
O95433	Q9V9Q4
Q6GMV2	Q9VDD0
Q9UHK6	Q9VIK0
O76003	Q9VJZ6
Q96N66	Q9VMD5
A0AVI4	Q9VN16
Q9Y253	Q9VNX1
Q3MIX3	Q9VTG5
Q8WWY3	Q9VUM1
O75643	Q9VUV9
Q16204	Q9VVC8
Q8TD57	Q9VZ77
O75691	Q9W246
Q8NCW5	Q9W2Y3
Q8WUJ1	Q9W376
Q6ULP2	A0A4D6K2J4
Q9H300	A1Z8R8
P46379	B7Z0D3
Q15397	O61345
P05387	P05389
P61086	P52486
P28340	P54358
Q9NWM3	Q8SZU6
P22570	Q9V3T9
Q9H204	Q9VBQ9
Q969U7	Q9VEC2
Q5TC12	Q9VES8
Q9Y5B8	Q9VH94
Q9Y676	Q9VIN9
Q53H12	Q9VL10
Q9Y276	Q9VL22
Q9P015	Q9VPF6
Q96M96	Q9VS45
Q86W42	Q9VTV1
Q9NR33	Q9W256
Q9P0J0	Q9W402
P54278	A1ZA03
Q9NVV4	O46102
Q13045	Q24020
Q96GQ7	Q7JQN4
Q14166	Q7JVG6
Q96FK6	Q7JZ37
Q9UBD5	Q7K2L1
P55786	Q8IRH1
Q5T9L3	Q95ST2
Q9Y230	Q9V3K3
Q8TB37	Q9V9M8
Q9P0N9	Q9VCC4
O76094	Q9VDK7
Q53H47	Q9VGW0
P42696	Q9VJG2
Q9NVA1	Q9VRZ7
Q9GZN8	Q9VSK4
Q96NC0	Q9VZF0
Q96EZ8	Q9VZJ3
Q96MU7	Q9VZQ1
Q13769	Q9W1F4
Q9BUZ4	Q9XYR0
Q96RN5	Q9Y149
Q15643	A0A4D6K5M0
Q66K66	A0A4D6K5P9
Q02543	P41093
Q96EP5	P48809
P23381	Q0KI98
O75822	Q7K550
Q9NRN7	Q8SXB3
Q9HCJ0	Q8SY33
Q86V81	Q9V3E7
Q13402	Q9V3Z6
O43776	Q9V434
Q5VWG9	Q9V4D4
Q8WV28	Q9VAA1
P37108	Q9VDL0
Q9H3G5	Q9VDT5
Q9BTE1	Q9VJQ6
P50991	Q9VK69
O14717	Q9VKB3
O15118	Q9VL24
Q8N1B4	Q9VMQ8
Q96A65	Q9VNH6
Q9BY44	Q9VNX8
O95876	Q9VQ36
Q5T197	Q9VU52
Q6PGQ7	Q9VVR2
P51687	Q9VWP4
P23786	Q9VZW7
Q9UBQ5	Q9W2D9
Q13144	Q9W541
Q9BW27	A1YK02
Q9C086	A1Z6E8
Q12931	A1Z6L9
O15229	A1Z746
Q9HCS5	A8JPC8
Q6ZS30	M9MRV7
P62318	O44437
A0AV02	O46100
P20711	P05031
O95238	P29775
Q5VU97	Q5BI42
Q15904	Q7JR49
Q9H8H2	Q86B47
Q6RW13	Q8IR72
Q96BP3	Q960Q8
P36405	Q9VD64
Q6NXT6	Q9VED0
Q5JTW2	Q9VFH6
Q6UVK1	Q9VJ82
Q8N9M1	Q9VK18
Q7L5Y6	Q9VKM4
O60519	Q9VL14
Q96E29	Q9VPD5
Q9NQP4	Q9VRL3
Q8NFG4	Q9VS33
O95707	Q9VSC6
Q8IV33	Q9VVY0
Q969S3	Q9VX08
Q96DV4	Q9VY48
Q96KA5	Q9VYG3
O60244	Q9W0P8
Q9HB71	Q9W3Y3
O14776	A0A0B4KFB8
Q12986	P40798
O95900	Q29QN4
Q86Y39	Q7JYH3
Q9NX58	Q7K0D3
A6NE02	Q7K187
Q96QC0	Q7KU01
Q8TEK3	Q8INR6
Q5QJE6	Q8STI6
Q9BVA6	Q8SWV6
Q5TFE4	Q961B3
P46100	Q9GQN5
O14744	Q9U6Y9
Q5T2R2	Q9V9Z3
P31939	Q9VC18
Q9NSD9	Q9VCA5
Q9NVM9	Q9VEX5
Q9Y6X3	Q9VFC0
Q9Y3B7	Q9VFJ2
Q8NI36	Q9VFV8
Q9NQ50	Q9VGP7
Q53F39	Q9VLR9
Q9H583	Q9VM75
Q8WW62	Q9VRU2
Q96G74	Q9VTK7
Q93009	Q9VYQ8
Q6P158	Q9VZ55
Q9BZE2	Q9W282
Q96ES7	Q9W2I4
Q9BQ90	Q9W3D5
P23025	P28518
P84098	P36241
Q13976	Q03043
O00743	Q27884
Q96GY3	Q7K159
Q96QF7	Q7KW09
P82675	Q8SYP9
Q9NW38	Q8T913
P22234	Q9I7S8
O75143	Q9VHR6
Q8NHQ9	Q9VHU1
Q9NY61	Q9VM95
Q8N7H5	Q9VN55
Q9BTD8	Q9VND7
P43308	Q9VUZ0
Q3KNV8	Q9VV77
Q9NP92	Q9VXP3
P35573	Q9W2H8
P78371	Q9W392
Q5RL73	A8DYB1
P20618	P40304
P62851	P48588
P0CG13	Q2PDX2
P30101	Q3YMU0
Q96GA3	Q7KN79
P31040	Q94523
O60645	Q9V8K2
P34981	Q9VDC4
Q86X55	Q9VH48
P53041	Q9VH81
P38919	Q9VHS8
Q9ULP9	Q9VIH7
Q9P1Q0	Q9VLC0
Q96F63	Q9VLP6
Q9UBS4	Q9VPQ2
Q9NUL7	Q9VPT3
Q9Y303	Q9VR81
Q9H9Y4	Q9VU67
Q9H2W6	Q9W086
Q7Z7L7	Q9W0E8
Q13868	Q9W1M9
Q9NX40	Q9W1X9
Q96JI7	Q9W1Y8
Q5T6V5	Q9W2I2
Q8TED0	Q9W4Z9
Q9UNE7	Q9XYW6
Q9H9L4	A0A0B4LHU7
Q9UBE8	A0A4D6K823
Q13112	A1Z898
Q9UK73	A1ZBY1
Q12968	A8JUV3
Q14642	B7Z0Q2
P13639	P13060
Q13895	P51406
Q8IY82	Q4V516
Q96IV0	Q7KRR5
Q32NB8	Q8SYL0
Q9UBL3	Q94545
P61201	Q94899
Q92530	Q9V637
Q13617	Q9V9R2
Q9BUX1	Q9VCI9
Q8IY95	Q9VEH2
Q9H6L4	Q9VEV6
Q9NQT4	Q9VGZ2
Q6UB28	Q9VKV9
Q9H0R4	Q9VLM9
Q969U6	Q9VMI1
P40429	Q9VNE9
Q9H9T3	Q9VQZ6
Q13057	Q9VRP4
Q8NFJ9	Q9VS19
Q9UHV9	Q9VTE5
P41250	Q9VUK8
O95232	Q9W3X8
P33981	A0A0B4KG66
P12270	A1Z8P9
Q9H598	A1Z9M6
Q5SY16	A1ZA92
Q9BXF3	M9PEI6
P47989	P10351
P82251	Q8IR48
Q9BUE6	Q8T3X9
Q05048	Q9V9V0
Q96HU1	Q9VFB6
Q99437	Q9VFE3
Q9H4L7	Q9VL72
Q9BVV7	Q9VMR0
O43257	Q9VMV7
Q6YI46	Q9VNR8
P26440	Q9VSL9
Q92759	Q9VUR1
O15155	Q9VVX6
Q9NXR8	Q9VWS0
Q9NY27	Q9W2U4
Q96M98	A1ZBM4
Q9Y606	E1JIR1
Q9GZN1	P45890
Q8N878	Q07436
Q6P1N9	Q7JUN9
O95352	Q7JY94
Q9Y6G3	Q7K0A0
Q6KC79	Q7PLI2
Q8WWV3	Q8IPZ3
Q8IWY9	Q8T626
O75592	Q9NB71
Q7Z7G8	Q9VAD3
P62316	Q9VI10
Q9UJ71	Q9VIX1
Q9NZC9	Q9VMX6
Q92696	Q9VN77
Q96PZ0	Q9VSK9
Q8N4H0	Q9VVW9
Q5TBB1	Q9VYA4
Q9NX62	Q9VYF2
Q0VDI3	Q9VZK9
O94967	Q9W1G4
Q8WUX9	Q9Y124
Q9UBX3	Q9Y166
Q8NDH3	A0A0C4FEI8
O15258	A0A140SRF8
P56277	B7YZN8
Q9H6L2	M9PB43
Q96MW1	M9PD03
O00244	M9PD88
P40616	P25160
Q9H694	Q24009
Q6NXE6	Q7K486
O75347	Q9V9U7
Q14232	Q9VAD4
Q9H4I3	Q9VG01
Q6P1J9	Q9VHI1
Q9UHW5	Q9VI70
O75380	Q9VMU0
Q86YH6	Q9VP87
Q13435	Q9VQK7
O95568	Q9VQK8
Q9HD45	Q9VRN1
A6NLP5	Q9VU70
Q6R327	Q9VWJ6
Q9H1X3	Q9VXT2
Q8NBK3	Q9W0U6
Q6P161	Q9W2M8
Q14118	A0A0C4DHF6
Q969L4	A1Z8C4
Q13608	A1Z8D1
Q04446	A1Z992
Q9NPA0	A1ZA83
Q16878	A1ZBA8
P50914	P55841
P36404	Q06849
P16435	Q27597
Q9NS56	Q9V8P9
Q8N5K1	Q9VAM6
Q9UBV7	Q9VBZ9
Q8IXM6	Q9VEG9
Q8N2K1	Q9VEJ4
Q8WVC6	Q9VI57
Q8NBA8	Q9VI85
Q8N594	Q9VKJ1
Q8IWG1	Q9VS90
Q9H6F5	Q9VWF8
Q99698	Q9W060
P62699	Q9XZF0
Q15007	Q9Y091
Q96G25	A1ZBT5
Q14657	E1JIY8
Q13573	P39736
P62330	P40946
P49736	P49735
Q9BRP8	P82804
Q9H2X0	Q24025
A8MTA8	Q7JRP4
Q9BZE0	Q7K0S9
Q13356	Q7K231
Q32P41	Q8IRE4
Q6DKK2	Q8SYD0
Q9P0J6	Q9I7Q9
P55769	Q9U3Z7
Q5T655	Q9VB72
Q6T4R5	Q9VE13
Q01658	Q9VJQ5
Q9HCE5	Q9VLP7
Q6UN15	Q9VN31
Q9C0J8	Q9VNG2
O43172	Q9VVI0
Q9NUQ8	Q9VW13
Q8WXG6	Q9VXY2
Q14061	Q9VXY5
Q96L92	Q9W486
Q96S15	Q9XZ25
P46087	A1Z909
Q96BH1	A1Z9I6
Q9Y618	M9PGZ8
P09958	P26016
O60760	P41043
P52732	P46863
P00441	P61851
Q9UM54	Q01989
P55884	Q0E940
Q96K21	Q4QQ70
Q53FP2	Q8T0T9
Q06265	Q8T4A9
Q13418	Q9V400
P42768	Q9VAT0
Q8N2C7	Q9VB11
A0AVF1	Q9VF41
A1L162	Q9VFH8
Q6P2E9	Q9VKK1
P54578	Q9VKZ8
Q5SZD4	Q9VLU3
Q8NFF2	Q9VN12
Q13535	Q9VXG8
O60942	Q9VY44
Q14694	Q9W0L7
Q6AI08	Q9W5D3
Q15061	A1Z7K2
O14802	A8JUY3
Q96AT1	B7Z0I5
O15431	M9NE97
O95071	P51592
Q96EY1	Q27237
Q9NWL6	Q5LJP9
Q92805	Q7K4K7
Q9NX70	Q7KBL8
Q9NVD3	Q7KVB0
Q86TD4	Q8I0D4
P30044	Q960M4
Q01664	Q9V406
Q8N5C7	Q9VAL1
Q96HY6	Q9VDD1
Q8N8R5	Q9VE69
O75486	Q9VGE2
Q9H098	Q9VIJ3
Q9Y2R9	Q9VKX4
Q8N0X7	Q9VN45
Q96ND0	Q9VR55
Q9H4Q3	Q9VRV0
P0DTL6	Q9VZV5
Q9H147	Q9VZY7
Q96HR3	Q9W0P3
Q9H3E2	Q9W3N0
Q8WUA2	Q9XYZ6
Q6PID8	A1ZB86
P54198	O17468
Q6ZRQ5	O46089
O14905	P40589
P25398	P80455
Q92990	Q7JRC9
Q96EE3	Q7K2X8
Q14894	Q8SY58
Q14566	Q9V461
P11279	Q9V9S0
O94941	Q9VA79
O95391	Q9VAQ7
Q9Y221	Q9VC28
Q96SB8	Q9VCB8
Q9HCE0	Q9VE34
Q9UJT9	Q9VF10
Q9Y265	Q9VH07
Q9UGI0	Q9VH90
Q99805	Q9VIK1
Q9NX31	Q9VKY0
O75533	Q9VPR5
Q9Y2W6	Q9VQ91
O94880	Q9VQZ8
Q7Z6M2	Q9VST7
Q8TBB5	Q9VTZ7
Q8IY81	Q9VXK5
Q9H0G5	Q9VYE3
Q15005	Q9VYY2
Q9P2L0	Q9W097
C9J069	M9PDE6
Q96RQ1	O76896
P05455	P40796
Q96SN8	P54623
Q9H0I2	Q6NMT8
Q9C0B0	Q86B79
Q9HB07	Q8INP9
Q96GX5	Q95TN8
Q96FX7	Q9VBH7
P21359	Q9VBJ2
Q86U86	Q9VC36
Q14247	Q9VDF4
Q9BV10	Q9VH78
O75716	Q9VI84
O00311	Q9VJ90
Q9Y4Z0	Q9VKW8
Q96QE5	Q9VNR9
Q96N11	Q9VPF9
O75792	Q9VPP5
P49591	Q9VQL1
Q96E11	Q9VSW4
O15212	Q9VW56
P24752	Q9W3N9
Q5SGD2	Q9XZ28
P60900	Q9XZJ4
Q01433	X2JEY5
Q9H9A6	A0A0B4KG03
Q69YN2	A1Z8J0
Q86WQ0	A2VEK1
Q9Y4D1	M9MSM5
Q8N5I2	Q0E8K8
Q8NCM8	Q0E8P6
Q9H0Y0	Q4V6A8
Q9BRG1	Q7JXV9
P60468	Q7JZN0
Q9BV19	Q8INX1
Q9NUP7	Q8SX24
Q9BYG3	Q9VCY1
Q9P1U0	Q9VD81
Q86VD7	Q9VDL7
Q5TC63	Q9VEY4
Q15543	Q9VIP1
Q9BRU9	Q9VQ40
Q8IVS8	Q9VQC4
O75083	Q9VU68
Q8IV42	Q9VWF7
Q9Y450	Q9W074
Q9NZ63	Q9W0A9
P53621	Q9W0B8
Q9BSG0	Q9W1W9
Q69YW2	Q9W2E1
O75394	Q9W4L1
Q9Y2I9	A0A0B4LH08
P17405	D6W4U0
Q9BPU9	M9MRD5
Q13485	O62609
P00403	P00408
Q9Y466	P18102
O75808	P27398
P19447	Q02870
Q9NZ56	Q24120
Q14137	Q7K0Y1
Q9UBT2	Q7KUA4
Q9BRN9	Q9U4H5
P83436	Q9VAD6
Q9UNX4	Q9VE98
Q14008	Q9VEZ3
Q6PJI9	Q9VKK2
P48728	Q9VKR4
Q14703	Q9VP10
Q9BR61	Q9VRG6
O60826	Q9VVB4
Q2M389	Q9VXH9
Q8IVN8	Q9VZ43
O75648	Q9W5B6
Q96JN8	A0A1L4AAD6
Q9Y5Q5	A1Z709
Q13685	M9NE98
Q96T52	Q4QQ12
Q9UMS4	Q7KLW9
P20155	Q8IPA4
Q0P651	Q8IQI5
O43324	Q8MKK1
Q9NWK9	Q8SX25
Q9Y256	Q9U1H8
Q15084	Q9V438
P30531	Q9V4E7
Q99598	Q9VF77
Q9BYD6	Q9VHT5
Q9H469	Q9VMY0
Q96SQ7	Q9VPI8
Q96K37	Q9VR50
Q6PKC3	Q9VSG9
Q05932	Q9VYL1
P18858	Q9W1H4
Q9H8X2	Q9W2Q7
Q9BVI4	Q9W4R1
Q14BN4	Q9W5R5
Q13867	X2JEJ0
Q9H330	A0A0B4K6B9
O75626	M9PBR0
P60510	O76932
P27708	P05990
Q16514	P49905
Q92600	Q7JVP2
Q8N9N2	Q7JW66
Q9Y5B9	Q8IRG6
Q9UJA5	Q8MS69
Q8N4V2	Q8SYM5
Q9NZN8	Q94547
Q58A45	Q95RR8
O95816	Q95RY2
Q15008	Q9V3G7
Q9NX24	Q9V3U2
O75694	Q9V463
P82650	Q9VAY9
Q8IZL9	Q9VD82
P78316	Q9VEJ2
P82912	Q9VEN6
Q9NQC8	Q9VJ72
O14672	Q9VJW9
Q6UWS5	Q9VPN3
P49354	Q9VR31
Q9NUP1	Q9VTC2
Q9BYC9	Q9VU36
Q6ICL3	Q9VYA8
Q16540	Q9W021
P62750	Q9W0A8
Q14376	Q9W0P5
Q92878	Q9W252
Q13637	A1Z7S3
Q5SNT2	A1ZBL2
Q96EK9	O46079
O43504	O96824
Q9Y2I7	O96838
Q96T76	Q95U54
Q14728	Q9V395
O75582	Q9V3I5
Q96DB2	Q9VC26
P62861	Q9VDH8
P51688	Q9VE24
Q9BT22	Q9VEE9
Q6TCH7	Q9VFG7
Q5RI15	Q9VG00
P0DPB6	Q9VIZ0
Q8TBP0	Q9VKV6
Q9H4K7	Q9VLN0
P52434	Q9VNZ3
O95831	Q9VQ79
Q15257	Q9VQQ0
Q8N442	Q9VRH6
Q8IV38	Q9VTB0
Q05086	Q9VTH1
Q9UGB7	Q9VTU9
Q92664	Q9VXB4
Q08379	Q9W289
P21549	Q9W3Z3
Q92858	Q9Y0A7
P17174	A1ZAA5
P35606	O62621
Q96RY5	O76906
Q9BW85	Q7JVH0
Q9BZV1	Q7K0S5
Q86U42	Q7KNF2
P53007	Q7KSQ0
Q8IXM2	Q8IPA8
Q15814	Q95TP0
Q9NPB0	Q9VBW0
Q9BY42	Q9VKR2
O60925	Q9VMH8
Q96A35	Q9VMY1
Q9Y394	Q9VQ39
Q9NRR6	Q9VTW2
Q07326	Q9VW21
Q9BSB4	Q9VWQ1
Q9UJ41	Q9W0H9
Q9NW13	Q9W124
P62312	Q9W2P5
Q9Y4K3	Q9W3I9
P0DPD5	O96395
O15235	P10735
Q9UQ84	Q24558
P37287	Q7JUM3
Q4ZIN3	Q7K4L9
O76024	Q8IMZ9
Q8NC60	Q8SZ15
Q9HD33	Q8T3V6
P24539	Q94516
Q96JB5	Q95SK3
Q9H9A5	Q9V3G6
Q9Y2V7	Q9V564
Q96NB3	Q9VBY5
Q9P2C4	Q9VD53
Q16585	Q9VG77
Q7Z4Q2	Q9VI15
Q9P2H3	Q9VII8
Q12789	Q9VJY7
Q8IVB5	Q9VKY1
Q8IYB8	Q9VN03
P50219	Q9VSC2
Q9BT30	Q9VTP1
Q9UGM6	Q9VVL8
Q8NBR0	Q9VZX8
Q9NQX5	Q9W0Z5
Q92541	Q9W261
Q5TB80	Q9W474
Q96LD8	E1JH43
P00395	P00399
P60953	P40793
O95202	P91927
P35240	Q24564
P51397	Q7JRC0
Q9UBP9	Q7JUY7
Q13686	Q7KUZ2
P49247	Q8MLS2
Q9Y3C5	Q8SX35
Q9P2W3	Q9NFZ3
Q10570	Q9V726
Q9H9F9	Q9VEC3
Q5W111	Q9VED7
Q2M3R5	Q9VGN6
Q96HH4	Q9VGV1
Q96FZ2	Q9VHI3
Q9Y296	Q9VLI9
P53999	Q9VLR5
Q9UMR3	Q9VMR2
Q9NX47	Q9VN18
Q9NW81	Q9VPC1
Q9UPT5	Q9VSJ8
Q9UKA2	Q9VY46
Q6ZNB6	Q9VZF2
P16930	Q9VZI8
P82673	Q9VZX6
Q8N6V9	Q9W144
Q9BVK2	Q9W3V8
O00471	Q9XTM1
P33993	Q9XYU0
Q8TCJ2	Q9XZ53
P42285	Q9Y134
Q9UL12	A1ZAZ2
Q96PH1	A8DWJ8
Q9NP50	A8JUX7
Q9NNZ3	P92029
Q6PGP7	Q6NNB2
Q6PD62	Q7K0X3
Q9Y6D9	Q7KND8
Q8TEA1	Q8IPS4
Q16775	Q8IPU3
Q9H1X1	Q8T3V7
P63272	Q9TVQ5
Q9BSC4	Q9V3P2
Q14CX7	Q9VDQ7
Q9H0S4	Q9VIF6
O60231	Q9VIZ3
P42765	Q9VL70
Q9H8P0	Q9VLP9
P32754	Q9VPF3
P62495	Q9VPH7
P31948	Q9VPN5
O43617	Q9VSY8
Q9NVH2	Q9VT41
Q8TES7	Q9VTN6
A5D8V7	Q9VTQ3
Q15428	Q9VU15
Q9Y282	Q9VUM3
Q13901	Q9VXL4
Q4AE62	Q9VXN0
Q96F25	Q9VXU7
Q96MC2	Q9W3J8
Q5VTH2	Q9W4I5
Q9BYV1	A8E6R2
O75396	M9PGI6
P61599	M9PI14
P25789	P18053
P23396	Q06559
P62256	Q7JW03
Q9Y2I1	Q7K490
Q96ER3	Q7K4H1
Q92560	Q7K5N4
P07949	Q7KT06
O43716	Q86BL4
P35659	Q8T0D3
P55735	Q9V3J4
P52948	Q9VCH5
Q9P2D8	Q9VDY5
Q9UPM9	Q9VF59
Q9NTM9	Q9VF71
P18583	Q9VHB0
Q3MIT2	Q9VPK7
Q96IC2	Q9VRX7
P49366	Q9VSF4
P22695	Q9VV75
P61927	Q9VXX8
O60763	Q9W3N6
P57081	Q9W415
Q9Y5K5	Q9XZ61
Q9NR09	A0A0B4KG50
P26367	A0A6H2EG63
Q8WVF1	A1Z8T6
Q99583	M9NGP0
P42356	M9PDM4
Q9UBN7	M9PJN5
Q86W56	O46043
P06493	P23572
Q02127	P32748
P36954	P36958
Q70EL1	Q1W9P9
Q9UNN5	Q7JUP3
P0C7P0	Q8SYQ8
Q9H7X0	Q95SX8
Q6PJT7	Q9V3H9
Q9BV81	Q9VBZ8
Q17RM4	Q9VCV8
Q6P587	Q9VDE2
Q99614	Q9VEV3
Q5T4D3	Q9VF81
Q32M88	Q9VKD9
Q9Y3C0	Q9VLT8
Q9Y2Z9	Q9VMQ5
O95714	Q9VR91
O14949	Q9VVH5
Q9NXF1	Q9W3K4
Q92506	Q9W4U2
Q9GZS3	Q9XZ19
Q96PE2	A0A0B4K6L3
O60313	A1Z9N0
Q3SYG4	B7YZM8
O43670	M9PBC6
O14512	M9PHY7
P03915	P18932
O43809	Q0E8G6
Q12824	Q24090
P62841	Q7JZW2
O43143	Q7K3M5
Q00341	Q7KN75
Q8IXL7	Q8INK9
Q9NRN9	Q8MSW4
Q92993	Q960X4
O14964	Q960X8
Q92504	Q9V3A4
Q8TBC4	Q9V6U8
Q9H488	Q9V6X7
Q5QP82	Q9VAT2
P49441	Q9VFP6
Q9UI95	Q9VNE1
Q9Y2E8	Q9VPJ1
Q07020	Q9VS34
Q8NBZ7	Q9VSE8
Q9H974	Q9VSZ6
Q07912	Q9VZI2
Q5SQH8	Q9W1F2
O95166	Q9W2S2
Q7L8L6	Q9W2T3
Q969N2	Q9W3G0
Q68CP4	Q9W4F7
P36578	P09180
P03897	P18930
P09874	P35875
P47914	Q24154
P48047	Q24439
P52429	Q7K579
Q9HCG7	Q7KT91
Q9BQ95	Q9U6M0
Q9UNP9	Q9V3G3
Q96NY9	Q9V3T1
Q9NQ40	Q9V9S9
Q6ZNE5	Q9VAP6
Q8TB61	Q9VEI3
O94889	Q9VGE5
Q96BW5	Q9VHF2
Q8N6R0	Q9VIK9
O75391	Q9VIL2
Q9HCU5	Q9VMH4
Q7Z7H8	Q9VPL3
O14681	Q9VR33
Q16851	Q9VSW1
Q86YT6	Q9VUX2
Q14692	Q9VVC9
Q96MF7	Q9VVH7
Q9BX74	Q9W2H1
Q9P2K8	A0A0B4KHX7
P83369	A1Z802
Q6TDU7	A8JUM9
Q9HAB8	E2QD26
O43542	O77135
Q9Y2R0	P0DKM0
P03886	P18929
P32929	Q7JXZ2
Q99836	Q7K105
Q9Y315	Q7K209
Q03426	Q7K2V9
Q96QU1	Q9VAF5
Q5BKU9	Q9VBA6
Q5JU00	Q9VEH4
Q6P9B9	Q9VFS6
P62273	Q9VH69
Q96JX3	Q9VJ64
O75531	Q9VLU0
Q96JY0	Q9VNS0
Q9UI30	Q9VP65
Q8WUQ7	Q9VR99
P30260	Q9VS37
Q9UK59	Q9VSD7
P23511	Q9VSY9
P56589	Q9VUL8
Q5JU67	Q9VWA6
P55081	Q9W062
O94923	A1Z6M8
Q9UPN4	A1Z7Z9
P58658	H1UUM0
Q9H7Z6	O02193
Q96DF8	O44424
P27797	P29413
Q02252	Q7KW39
Q9NQT5	Q8IPX7
Q9H2U1	Q8SWT2
Q15022	Q9NJG9
O15527	Q9V3I8
Q9Y617	Q9VAN0
Q9UNQ2	Q9VAQ5
O60524	Q9VBX1
P55039	Q9VDV2
Q8N1B3	Q9VE72
Q9NVM6	Q9VGR0
P33992	Q9VGW6
Q9GZL7	Q9VKQ3
Q16740	Q9VKY3
Q9ULT8	Q9VL06
Q5CZC0	Q9VPM3
Q8TCT9	Q9VPQ7
Q8N1V2	Q9VS00
P09417	Q9VSU6
Q9Y3A0	Q9VVG6
O43313	Q9VZU1
Q99459	Q9W0R0
Q8N5G2	A0A0B4KEW2
Q9UK39	A8JQX3
Q7RTS1	B6VQA1
Q9UBB4	B7YZJ4
P52594	E1JHR0
Q8N183	M9NEW0
Q49AR2	M9PI97
O00442	O77264
Q9NV31	Q7JZ53
Q9BW61	Q8IP73
Q8NEN0	Q8IR94
Q6ZNA5	Q8MSU3
P62266	Q8T3U2
Q15831	Q8T9L5
Q4ADV7	Q9V3C5
Q9UBS5	Q9V3Q9
Q9Y2L1	Q9VC93
Q7Z7F7	Q9VE04
Q7RTV0	Q9VMC8
Q9BUN8	Q9VQ57
Q9Y5L0	Q9VQG0
P0C870	Q9VU77
O75575	Q9VX99
Q8WWC4	Q9W0X3
P56134	Q9W141
P63173	Q9W5N2
O60832	O44081
Q7L211	O76462
O15230	Q00174
Q9HA77	Q7K3P0
P18074	Q7KVP9
Q6P5S7	Q8MSF5
Q8N5N7	Q9V3E3
Q9NZC3	Q9VEU9
Q96P70	Q9VGP4
Q8NEW0	Q9VGS1
Q9BQA1	Q9VIP8
Q96G46	Q9VIS4
P46060	Q9VIW3
Q9BUQ8	Q9VJ74
Q9UHN1	Q9VJV8
Q9HD20	Q9VKJ6
Q96FV9	Q9VNI8
Q9UQ80	Q9VRP2
P28328	Q9VSH8
Q6P1A2	Q9VVX5
Q6PL24	Q9VWD5
P46779	Q9VZS5
Q13630	Q9W1X8
P49959	Q9XYZ4
A5YKK6	A0A0B4LEZ3
Q9NQG7	A1ZAX8
Q3L8U1	B7Z002
Q96PU8	O01367
P11586	O96553
P38646	P29845
Q09028	Q24572
Q9NQS7	Q7JRJ9
O75844	Q7K172
Q9H6R4	Q8IH00
Q9UNS2	Q8SYG2
Q99567	Q9GYU8
Q8WWL7	Q9I7I0
P62875	Q9VC49
Q5MNZ6	Q9VHJ2
Q9Y6H3	Q9VJD0
Q7Z3U7	Q9VLT1
Q15291	Q9VPH8
O75554	Q9VPU4
Q9BXR0	Q9VPY8
Q9Y5N5	Q9VQF8
Q86UC2	Q9VRY7
Q86XP3	Q9VTC1
Q9NUQ7	Q9VUR0
Q6IAA8	Q9VW73
O60841	Q9VZP5
Q14667	Q9VZS7
O60683	Q9W0D7
O15116	Q9W2K2
Q9NZ71	Q9W484
Q8N957	X4YX01
Q969X6	M9PFG1
O14757	O61661
Q00535	P48609
Q86U38	Q7JX95
O43159	Q7K2B0
Q9NRF9	Q9V444
P25788	Q9V5C6
Q9BYD2	Q9VF89
Q8N6T7	Q9VH08
Q7L590	Q9VIE6
O76021	Q9VLK2
Q93100	Q9VLS1
P62341	Q9VMV6
Q96AJ1	Q9VR64
Q9Y4Y9	Q9VRT7
O43674	Q9VTU2
P80404	Q9VW68
Q8WTW4	Q9VXA0
A6NMT0	Q9W064
Q9BU61	Q9W1H9
Q15046	Q9W327
O43909	Q9XZ08
Q53S58	A1Z9W2
Q14686	A8DYV5
O75874	B7Z0E0
Q9Y3M2	B9A0M5
Q6UUV9	M9PFU2
Q6IA86	Q7K4B3
Q92667	Q7KVW1
Q9Y259	Q8IMF4
Q68D10	Q8IMP6
Q96EP0	Q8IPJ3
P57054	Q8MSE4
O00567	Q95WY3
Q9GZT8	Q9NK57
O14980	Q9TVM2
Q9P2I0	Q9V3D6
Q02978	Q9VAJ9
P46199	Q9VAV2
Q9H6U8	Q9VBV8
Q9GZV3	Q9VE46
Q86X83	Q9VEB2
Q9H1K1	Q9VHK6
Q15648	Q9VP05
P56282	Q9VRQ7
O95980	Q9VUJ2
Q53GS9	Q9VWP1
Q7Z7C8	Q9VWY6
Q8N4W6	Q9VX95
Q70CQ3	Q9W462
P61421	Q9W4P5
P12004	P17917
P30793	P48596
P52657	P52656
Q6NZY4	Q2PE14
Q10713	Q7K3W2
Q86XL3	Q8MQX9
P20674	Q94514
Q9BYD3	Q9V3D0
Q9NRG0	Q9V452
P51610	Q9V4C8
Q5JRX3	Q9V9E3
P46778	Q9V9M7
Q9NR71	Q9VA70
Q9Y573	Q9VK21
Q8N5A5	Q9VL59
Q9UL16	Q9VNU3
Q9Y6N5	Q9VZF6
Q969V5	Q9VZJ9
Q15286	Q9W5X0
Q8IWL3	A8JNT7
Q96TA2	F3YDF1
O60336	M9PB01
P61026	O15971
O95985	O96651
Q8N531	Q494G8
Q9P2R7	Q95U38
P29144	Q9V6K1
Q9H5X1	Q9V968
Q9Y3D5	Q9VA81
Q96EK6	Q9VAI0
P12694	Q9VHB8
Q9BRX9	Q9VJL9
Q96C86	Q9VNH5
Q8IY84	Q9VPW3
Q5NDL2	Q9VQB7
Q6UW68	Q9VRE4
O95749	Q9VS54
P52701	Q9VUM0
P45954	Q9VVU1
Q1RMZ1	Q9W138
O75312	Q9W379
P48506	Q9W3K5
Q92979	Q9W4J5
P01106	Q9W4S7
Q567U6	A1ZAC7
Q08211	P24785
P56706	P28465
Q9Y295	P32234
P39656	Q24319
Q9UI26	Q7K0Q2
Q6W5P4	Q868T3
Q92621	Q8IQV9
Q86U90	Q8SYJ9
O43513	Q9GYV9
P39210	Q9V492
Q969W1	Q9VB73
Q9H1D9	Q9VD25
Q96CT7	Q9VE08
Q9BQ65	Q9VHB3
Q8N766	Q9VHY6
P42704	Q9VJ86
Q8TEQ0	Q9VK31
Q96DZ1	Q9VKC7
Q7Z7M0	Q9VLT6
Q12981	Q9VNI9
Q96MR6	Q9W235
Q16595	Q9W385
Q8WVI0	Q9W3T5
Q8TBE9	Q9W481
Q9BS18	A0A0B4KEY8
Q96EV2	A0A6H2EEJ8
P00747	A1Z7M5
Q8NBZ0	A1Z8D5
O75534	B7Z0E2
P0DJ93	E1JI98
P54098	Q27607
Q9NVH1	Q7K0W1
Q9P0M9	Q86BM8
Q7L5Y9	Q8MSB1
O00258	Q8T481
Q9BTT4	Q9GYU7
P13010	Q9I7M8
Q9NQZ2	Q9I7W5
Q9NTJ3	Q9V3A7
Q8N653	Q9V410
O94762	Q9V433
Q9P2E3	Q9VCB7
Q86U44	Q9VCE6
Q9P032	Q9VH39
O00566	Q9VLK1
Q9BTE3	Q9VM60
Q5VIR6	Q9VQY8
O14730	Q9VR42
P11310	Q9VSA3
Q9BRS2	Q9VTL5
Q5D0E6	Q9VXT0
Q96IV6	Q9VYD2
P18887	Q9Y095
Q12904	A1Z7K8
P62328	O97428
P24863	P25008
P35251	P35600
P47756	P48603
P18615	P92204
Q16543	Q24276
Q9NV56	Q7K003
Q8IUR0	Q7K2Q8
Q92902	Q7K3N1
O95347	Q7KK96
Q96KF7	Q8IPS9
Q9UID3	Q8MSY4
Q9UJV9	Q9V3C0
Q9BZE4	Q9V411
O95861	Q9VAG9
Q14749	Q9VG42
Q96LL9	Q9VHW5
Q6PI26	Q9VI74
Q8N5M1	Q9VID7
Q63HM1	Q9VMC9
Q9ULD6	Q9VPH0
Q9NRP0	Q9VQP9
Q9BZE7	Q9VSS7
P14550	Q9VTL0
Q6UX04	Q9VTN7
Q99436	Q9VUJ1
Q9NV06	Q9VUN7
Q969H6	Q9VVE0
P04181	Q9VW26
Q8NFH5	Q9VWS2
Q96M20	Q9VXK3
Q9Y3F4	Q9W1N4
P22087	Q9W1V3
Q9BVC4	Q9W328
Q8IZE3	A1Z6G6
Q5T280	A1Z830
Q8WV07	A1Z8U7
O95478	O76994
P41223	O97454
Q71DI3	P02299
P08922	P13368
Q15542	P49846
Q15406	Q05192
P11177	Q7K5K3
Q9UKZ1	Q8MLP8
Q9H9E3	Q95TN4
Q9NQW6	Q9V4P1
Q96S52	Q9VC10
P23352	Q9VCC7
Q9H0D6	Q9VM71
Q8NDC4	Q9VN91
Q9HBG6	Q9VSJ6
Q7RTT9	Q9VU20
Q8NDM7	Q9VU57
Q9HBL7	Q9VY41
O43808	Q9VZD9
Q9HAU5	Q9W3L1
O15498	Q9W3M8
Q53GQ0	Q9W3N1
Q96PB1	Q9W4P0
Q9BRS8	A1Z9R1
P11413	P12646
Q15147	P13217
P07237	P54399
P12956	Q23976
Q92838	Q8MUJ1
Q7L8J4	Q9V785
Q9BU89	Q9V9U4
Q9Y6A9	Q9VAL0
Q9UIL1	Q9VB51
Q9BTY7	Q9VBG6
Q96T60	Q9VHS0
P55157	Q9VIH3
O00541	Q9VL96
Q9H3C7	Q9VNG1
O43246	Q9VPG2
Q8NFU5	Q9VPR6
Q14D04	Q9VS24
Q96AY4	Q9VSK6
Q9UJU6	Q9VU84
Q16821	Q9VVY3
Q9BYN0	Q9VX10
Q9Y2R5	Q9W199
Q5TH69	Q9W444
P26640	A0A0B4KF06
P49750	M9NGY4
P53350	P52304
Q9H7D7	Q7K0L4
Q7L8W6	Q8MRI4
Q5T160	Q8SXK2
Q96H20	Q9VD72
Q9NP81	Q9VF85
Q8WVQ1	Q9VGN8
Q86XK2	Q9VH60
Q8TDM6	Q9VKG8
O95251	Q9VM15
Q9NR19	Q9VP61
Q6XQN6	Q9VQX4
Q9Y496	Q9VRK9
O75027	Q9W0C5
Q9BR09	Q9W112
O94763	Q9W148
Q8NBI6	Q9W1D1
Q9UI10	Q9W1Q8
Q86TU7	Q9W3U1
Q8N9Q2	Q9W3Z5
Q8TEA7	Q9W4F8
Q8IVI9	X2JAX8
Q86XE3	A0A0B4KHF1
Q9NVI1	A1Z7L1
Q9BQA5	O77260
P78367	P22809
Q13309	Q7YZ95
P61106	Q86BK8
P62310	Q8IMX8
Q6P1X6	Q8MKL1
O75586	Q8MSX2
Q9NRP4	Q8SZ16
Q9HCC9	Q9VB70
Q969Y2	Q9VC87
P48507	Q9VCW6
Q9NQZ5	Q9VJZ2
Q8WVE0	Q9VMH7
Q8TAM2	Q9VPP9
O60783	Q9VWI3
Q9NQZ6	Q9VX94
Q7L266	Q9VXT7
O14841	Q9W247
Q9UJX3	Q9W3Y6
Q6P1L8	Q9W4Z2
Q9Y4E6	Q9W543
Q96IL0	Q9W549
P50747	A0A0B4LGM5
O00400	A0A4D6K3L8
Q9Y3D6	B7YZT2
Q9BWU0	E2QCZ5
Q96BW1	M9PHI7
P24534	O96827
P00156	P18935
Q16891	P91928
P11498	Q0E9E2
P84090	Q24337
P04844	Q7K110
Q9BWF2	Q7K2X1
P49754	Q7PL76
P49321	Q9I7K6
P61009	Q9VCA9
Q9Y284	Q9VRJ8
Q8WV74	Q9VY79
Q969H0	Q9VZF4
P49005	Q9W088
Q9Y2Z4	Q9W107
Q9Y285	Q9W3J5
Q9BRT2	A0A6H2EGA2
Q674X7	A8DYM0
Q9Y2H2	Q0KI33
Q8N9W6	Q24207
P11831	Q24535
Q9Y320	Q7JW12
P37198	Q7JXF5
P32780	Q960E8
Q9NZJ6	Q9VIF3
A6H8Y1	Q9VJZ3
Q9H1K0	Q9VLS5
Q9Y5Y5	Q9VPB9
O43396	Q9VRP3
Q8TB96	Q9VUQ7
Q8IZ69	Q9VVV7
Q9NWS8	Q9VXQ8
Q8TC29	Q9VZZ8
P08397	Q9W0G4
P62072	Q9W2D6
Q9Y3A2	Q9W3C0
Q9UQ90	Q9W4W8
P61978	A1ZBW0
P53618	P45437
O00178	Q0E931
Q14696	Q8T9B6
O75940	Q95RI7
Q13126	Q9V813
Q6ZVK1	Q9VCF1
Q96J01	Q9VHT2
P40937	Q9VKW3
Q9H7H0	Q9VL60
Q9UDR5	Q9VLX0
P10515	Q9VM14
P30038	Q9VNX4
Q9BSD7	Q9VP84
P48651	Q9VPD3
P53990	Q9VRY6
P62906	Q9VTP4
Q9Y2M5	Q9VUU5
Q7Z2Z2	Q9VV61
Q9H3S5	Q9W2E4
Q9NX20	Q9W547
Q9H089	Q9W590
Q8NCE2	A1ZAS8
Q6ZYL4	B7Z018
P00966	O97069
Q12788	Q7JQT9
Q86TS9	Q7JWG9
Q96I59	Q7JZR5
Q96DC8	Q7K1C3
Q9H875	Q7K1V1
Q9UJ83	Q7K3B7
P53396	Q7KN85
O95428	Q868Z9
O43818	Q8MSW9
Q8N137	Q9I7U5
Q9UKF6	Q9VE51
Q6NVV7	Q9VHN3
Q92947	Q9VMC6
Q96CM8	Q9VMR6
Q9BUU2	Q9VP86
Q5JR59	Q9VQM0
Q6P9G0	Q9VQY5
O95476	Q9VRG7
Q9Y5M8	Q9VSN9
Q92833	Q9VT00
A2VEC9	Q9VU94
A0JLT2	Q9VVL6
Q8IW45	Q9VVW8
Q9H7L9	Q9VWG2
Q9Y314	Q9VWV8
Q969J3	Q9VYT1
O75344	Q9W1I9
Q9ULK4	Q9W1X7
Q9H0A0	Q9W3C1
Q96AA3	Q9Y123
Q76MJ5	A8JR46
O76095	O96067
Q12834	Q24044
Q92685	Q27333
O60306	Q7KSN8
P62952	Q9V3L0
Q9Y3D3	Q9V6Y3
Q15477	Q9VCH8
O75787	Q9VHG4
Q5T3U5	Q9VLP5
Q96CB9	Q9VPX3
Q96IX5	Q9VR92
Q9UHB4	Q9VSJ5
Q9Y4C8	Q9VT19
Q5JVF3	Q9VTL1
Q7Z6L1	Q9VWB0
Q9NZ32	Q9VWE8
P19404	Q9VX36
P60604	Q9VXE8
P17735	Q9VY42
Q9UJX6	Q9W1E5
O15091	Q9W413
O14579	Q9Y0Y5
Q6UXV0	A0A0B4K7J4
Q6P2Q9	A1Z8U0
Q96B42	A1Z903
Q92738	A1Z9K4
Q8NAT2	A1Z9P1
Q8IZF0	A8JUW5
Q9NTX7	B7Z078
P61244	P91664
Q5U3C3	Q7JRB2
Q96FM1	Q7K0P4
Q6ZN18	Q7KHG2
Q8IYI6	Q7KRZ3
Q96RG2	Q95SH0
Q9BWJ5	Q9VHI4
O00399	Q9VIZ1
Q9UL45	Q9VTM0
Q9H6K1	Q9VX56
Q9NUT2	Q9VYL5
Q96CX6	Q9W2U2
Q16531	Q9XYZ5
Q5BJF6	R9PY49
Q9NRD5	X2JDZ1
Q9BSL1	A0A0B4KFW5
Q99766	A1ZAA9
Q13873	M9PE88
Q9NPH2	O97477
P22102	P00967
Q14774	P10035
P26196	P23128
O43913	Q24169
Q6ZVE7	Q59E43
O95178	Q7PL91
Q5VU57	Q8IMH9
Q9NZE8	Q8MS27
Q7Z6M4	Q8SXK0
Q5T3I0	Q9V9Z8
O43684	Q9VAJ2
O43633	Q9VBI3
Q9Y3T9	Q9VIF0
P78549	Q9VIH0
Q8TAE8	Q9VP13
O14972	Q9VPC3
O60934	Q9VT40
Q96MD7	Q9VX62
Q92733	Q9W0B6
Q96Q07	Q9W2S3
Q9Y2Q9	A1ZBA5
Q9Y2Y1	A1ZBX4
Q8IW19	A8JR14
Q9UIC8	M9NF32
P07741	P12426
Q9BZJ0	P17886
Q9Y5Q9	Q7JVW5
Q3KNS1	Q86P36
Q8N4J0	Q9I7X6
O95470	Q9V7Y2
Q9UM13	Q9V831
Q8WUD4	Q9VAC7
Q8N3J2	Q9VER8
Q8IXQ4	Q9VFF2
O95163	Q9VGK7
Q9H269	Q9VHG1
Q9Y5Q8	Q9VIZ2
Q9BQ83	Q9VN41
P78346	Q9VPM0
Q8N6M3	Q9VRJ2
O94761	Q9VSE6
Q9NZZ3	Q9VVI9
Q9NWU5	Q9VXB5
Q9BX73	Q9VY86
Q5VZE5	Q9W1A2
Q75T13	Q9W495
Q8WUU5	Q9W5E2
Q9UDW1	Q9XY35
Q5VT52	X2JAA3
P0C6T2	A1Z7U3
Q15649	A1ZA28
Q9UQ35	A8JNI2
Q8IYT3	M9NDT0
Q96D46	O46050
P62258	P92177
O15040	Q6NLL1
Q9UBU6	Q7JXC6
P13804	Q7KN94
P49773	Q8STA5
Q86TM6	Q95SP2
Q8WYQ5	Q9V9V7
Q6P3W7	Q9VAR0
Q86U28	Q9VC65
Q9NVP1	Q9VD51
Q53HV7	Q9VEM1
O00422	Q9VEX9
Q9NVH0	Q9VGN7
P61758	Q9VGP6
P36957	Q9VGQ1
Q8WYA6	Q9VHJ7
Q8NAG6	Q9VIE0
Q96S19	Q9VLF6
Q96RP9	Q9VM33
Q9UI09	Q9VQD7
Q99816	Q9VVA7
Q76FK4	Q9VWD4
Q99972	Q9VWZ7
P53370	Q9VXR9
O60888	Q9VY55
Q9NVR2	Q9VZM7
O60906	Q9VZS6
Q9H1Y0	Q9W3R7
Q9HC07	E1JIL1
O75943	O96532
P35269	Q05913
Q96QS3	Q06453
Q8IV36	Q0E9B5
P00540	Q1EC11
Q587I9	Q6II06
Q15369	Q7JWD6
Q16134	Q7JWF1
Q14257	Q7K1W8
P48643	Q7KKI0
O00764	Q7KUC2
Q9BUB7	Q95SS8
Q01415	Q95U34
O60318	Q9U3V9
P57088	Q9V447
Q9BXP5	Q9V9K7
P14625	Q9VAY2
Q9NP58	Q9VF20
Q9BZE1	Q9VGW9
Q9Y3B4	Q9VRV7
Q9BWH6	Q9VTX1
Q8IYE1	Q9VV90
Q9H237	Q9VWV9
P09001	Q9VXQ0
Q9UG63	Q9VXR5
Q7Z5W3	Q9VZD2
Q0VGL1	Q9VZL6
Q9BWD1	Q9W0H6
Q92905	Q9XZ58
Q9NRC6	A8JNJ6
P14384	B7Z0Z5
P57737	D6W4T8
Q8NI27	E2QCS8
O75417	O18475
Q3C1V8	Q04787
Q6GMR7	Q7K2E1
P43034	Q7KNS3
Q8TDY2	Q7KTS2
Q9UBP0	Q8I0P1
Q9H910	Q9I7K0
O95402	Q9V4F9
Q92917	Q9VES0
Q6ZUS6	Q9VF72
Q9P0S2	Q9VF98
Q8IVL1	Q9VIQ9
Q9UNL2	Q9VL69
Q8WVT3	Q9VPB6
Q96E22	Q9VPX8
Q16718	Q9VTB4
Q9Y2R4	Q9VVK8
A7E2V4	Q9VWN9
Q8NE71	Q9VYW4
O14907	Q9W0P4
Q12830	Q9W0T1
O95218	Q9W230
P10155	Q9W4R7
Q6P4R8	Q9Y0Z1
Q9Y5N6	Q9Y1B2
Q96H35	X2JBU2
Q9H0A8	A8E6W0
Q5T013	P36951
Q9BRX2	P48612
Q9NVR5	Q0E9G3
Q8TAF3	Q1LZ08
Q8TB22	Q5BIA9
Q8WU90	Q7JWR9
Q9NYG5	Q7KA43
Q8IY18	Q8IPT2
Q8TDD1	Q8SY39
Q9BQ67	Q8SYL1
Q9Y570	Q95R98
Q8N543	Q9I7H9
P62917	Q9V3G1
Q9NPE3	Q9V5P6
Q6YN16	Q9VB10
Q969E8	Q9VBI0
O43824	Q9VBQ7
Q8NA54	Q9VD15
Q9H7E9	Q9VE11
Q9P0P0	Q9VE61
P42785	Q9VIM0
Q5QJU3	Q9VIP7
O60762	Q9VIU7
Q13084	Q9VMX0
Q9Y2T3	Q9VMY9
O00623	Q9VPT5
Q96I51	Q9VPU0
O43678	Q9VR00
O94822	Q9VW09
Q9H1A4	Q9VXV3
Q9Y3C6	Q9W0Q2
Q9NP72	Q9W4A0
Q6XPR3	X2JF48
Q6AZZ1	A0A4D6K4B0
P26373	P41126
Q96B77	Q059A4
Q9BVA0	Q0KHS0
Q9UBV8	Q7K2L7
Q02040	Q7KTT0
P28066	Q95083
O75909	Q961D1
O60673	Q9GSR1
Q8IWT0	Q9VD92
Q6ZVK8	Q9VGM4
Q99832	Q9VHL2
Q7Z3J2	Q9VHM2
Q9Y244	Q9VIJ5
Q9Y6M9	Q9VJZ4
Q8WYR4	Q9VK29
Q8IZQ1	Q9VML2
Q8IZJ6	Q9VPE8
O95639	Q9VPT8
Q12767	Q9VQZ1
O00628	Q9VSN7
Q9NZ43	Q9VSU7
P61165	Q9VVA8
Q8N3Z6	Q9VVA9
Q8NBS9	Q9VYV3
Q8N371	Q9W0M3
Q86UK7	Q9W149
Q8TB73	Q9W192
Q9UJX5	Q9W395
P08195	A0A0B4KGE4
Q8N136	A0A0B4KI55
Q9H814	A1Z7P3
Q9H3K6	A1Z933
Q9BWL3	A1ZAM0
P49770	O76863
P08621	P17133
P23526	Q27580
Q9Y5U8	Q7KSC4
Q9NY12	Q7KVQ0
Q8N9N8	Q8IQ13
Q9H3S4	Q8T4A5
Q96JB2	Q961G1
P53701	Q9VD55
Q8NFH3	Q9VE85
P04424	Q9VLG9
P59998	Q9VMH2
Q9P1Y6	Q9VNE0
Q5J8M3	Q9VNQ3
Q9BZG8	Q9VTM2
Q6P988	Q9VUX3
Q13098	Q9VVU5
Q9H8Y8	Q9VW57
P82663	Q9VY28
Q8IZQ5	Q9VYB0
Q9BPX7	Q9W0M6
Q96DN5	Q9W0Z4
Q96QT6	Q9W410
P62877	Q9W5E1
Q4G0N4	A0A0B4KEG0
Q12797	A0A0B4KFS5
O15234	A0A0B4KH64
O96017	O61267
Q86X76	O76464
P17987	P12613
Q9NRX4	P20348
O76071	Q7K1Y4
A0A8Q3SIG1	Q7KTG2
Q00059	Q86BR8
Q9UGQ2	Q95T12
Q14139	Q9U4F8
Q8WVL7	Q9V3Y0
Q9H095	Q9VB28
Q96CB8	Q9VBB3
O96007	Q9VBX2
Q9UPY3	Q9VCU9
Q8IYD8	Q9VDA0
Q9NVH6	Q9VDM7
Q8IWE5	Q9VGI1
Q9Y366	Q9VMC0
P49821	Q9VMI3
Q96DI7	Q9VPL0
Q9P003	Q9VQL3
P32321	Q9VWA2
P50213	Q9VWH4
P49917	Q9VYA5
Q9Y6G5	Q9VYV9
Q9NW82	Q9W1J3
Q96NT3	Q9W4Y0
Q5HYA8	A0A0B4KGJ7
Q8TDP1	A1ZAW6
Q8IXL6	A4VCL2
P49368	P48605
Q9BV57	Q6AWN0
Q9BSY9	Q7K2B1
Q9C0E8	Q7K2N0
Q86W50	Q7K3B9
Q5T7V8	Q8IQQ4
Q9UEE9	Q8SXI2
P83876	Q8SZ87
P47972	Q9V3N9
Q5VYK3	Q9V677
Q9Y2Q5	Q9V8I2
Q9BZL1	Q9V998
Q9H446	Q9VCB9
Q15637	Q9VEJ1
Q86SQ7	Q9VF13
O43934	Q9VG64
P82979	Q9VHC8
O75880	Q9VMX4
Q9BSU1	Q9VSH9
Q9UHB9	Q9VSS2
Q03701	Q9VTE6
Q9BYW2	Q9VYD1
O43660	Q9VYQ9
Q9UBZ9	Q9W0P2
Q14919	Q9W2E3
Q92624	Q9W3Y7
P46777	Q9W5R8
Q9H0F7	A1ZBK9
A8MTT3	B7YZZ0
Q5TF21	M9PCE3
O43681	Q7JWD3
Q7L5A8	Q8SXY2
A4D1E9	Q9I7M2
Q9P013	Q9V3B6
O00232	Q9V3Z4
Q9BRJ2	Q9VCX3
Q16533	Q9VF25
Q99643	Q9VGS3
Q6DHV7	Q9VHH7
O43148	Q9VJQ4
Q5T2S8	Q9VM21
P55196	Q9VN82
Q15042	Q9VQ26
Q6P1Q0	Q9VSM4
Q9H1N7	Q9VVD9
Q8N983	Q9W1L1
Q96FZ7	Q9W236
O14775	Q9W3J1
Q13952	Q9W3V9
P11717	A0A0B4KH68
Q676U5	B7Z0R7
Q9P202	M9PF56
P30040	O44342
Q9Y2W2	O76861
P29084	O96881
Q03393	P48611
P06576	Q05825
Q8N0Z8	Q0E8K6
Q96J42	Q7JXE1
Q9H6W3	Q7K4H4
O60260	Q7KTX7
O75762	Q7Z020
Q9Y3C7	Q8IH24
O00487	Q9V3H2
P62081	Q9VA91
Q8WUM0	Q9VCW3
Q15041	Q9VES1
P19623	Q9VHA1
Q9P2Y5	Q9VK07
Q9Y263	Q9VPY2
P61081	Q9VSF3
Q9ULV3	Q9VT61
Q96RT7	Q9VTS3
Q96EV8	Q9VVT5
Q9H4B0	Q9VWD6
Q9BRJ6	Q9W019
A6NNA5	A0AVV3
P84243	C0HL66
Q9BT04	O16868
Q86TP1	O18399
P18206	O46037
Q04837	P54622
P17707	P91931
Q9UL63	Q0E9A5
Q96HJ9	Q0KI97
Q92968	Q7JRD4
Q96BW9	Q8INF2
Q15645	Q8SX76
Q9UI12	Q9V3J1
P42858	Q9V3N4
Q9Y5S9	Q9V535
Q15311	Q9VDG2
Q9BUL8	Q9VF70
Q15003	Q9VIP9
P62314	Q9VU02
Q9C0G6	Q9VWZ3
Q5JTH9	Q9VYA7
Q9H553	Q9VZU8
Q8N8U9	Q9W2H2
Q9NRG9	Q9W351
Q9HAE3	Q9W3K8
O75438	Q9W3N7
Q15813	A1Z6J5
Q6ZSS7	A1Z9U2
Q5GH73	M9PHA4
P43246	P43248
P32969	P50882
P53803	Q6IGE3
Q6PI78	Q8SYF7
Q8TBA6	Q8SZ63
Q9NRC8	Q9VAQ1
P78383	Q9VDD7
A4D1P6	Q9VE12
P62487	Q9VFB5
Q8N8R3	Q9VKZ5
P54802	Q9VLL5
Q9UER7	Q9VMD0
Q9Y3E7	Q9VN02
Q7Z589	Q9VQ58
Q6NUQ1	Q9VS46
Q6QNY1	Q9VTE0
Q13405	Q9VYI3
O15042	Q9W2N6
Q8N9N7	Q9W3T9
P18621	Q9W3W8
Q9UKY4	Q9W5D4
P53611	Q9XZ68
Q2LD37	X2JA38
Q5VZ66	A0A0B4JDD0
O75955	O61491
P16455	O76339
P29083	O96880
Q14203	P13496
P62380	Q07DP5
Q05586	Q24418
Q9NXN4	Q7JUR6
Q9Y5P6	Q7JZB4
Q9Y3A3	Q7K0E3
Q9Y3C8	Q7K1Z5
Q2TAC6	Q7KSK2
Q6ZP65	Q8SWR2
P52758	Q9V3W0
Q86UY6	Q9VAI4
Q14690	Q9VC94
Q13042	Q9VCN6
Q9NQ55	Q9VDE5
Q7L592	Q9VGR2
Q2VPK5	Q9VIV3
Q8WV22	Q9VMA0
Q96GC5	Q9VQ35
Q8NCU4	Q9VQL0
Q86VN1	Q9VU87
Q6ZW49	Q9VUB7
P54577	Q9VV60
Q9Y5J7	Q9VYD7
Q14691	Q9W0I7
Q15393	Q9W0M7
Q8WYB5	Q9W1A9
Q15131	A1Z840
Q96B02	A1Z8B5
Q15019	P42207
Q99835	P91682
P25963	Q03017
Q8IXH7	Q24134
Q9BZE9	Q6NL44
Q9Y2B0	Q7JXF7
P51809	Q7JYX5
Q8WU17	Q7KRW1
Q14145	Q7KSF5
Q9BV87	Q7PLT1
Q86TN4	Q86BH3
Q8NHG7	Q8IQC6
Q6I9Y2	Q8IRJ8
Q8N1S5	Q8SWW2
Q8NBL1	Q8T045
P08240	Q9U5L1
Q9UKG9	Q9VB02
Q8N3C0	Q9VF56
Q8TDR0	Q9VFL0
Q9UKV3	Q9VJ12
Q9Y2X3	Q9VM69
P10606	Q9VMB9
Q9BS91	Q9VMU8
P28070	Q9VNA5
Q9UQ10	Q9VQB4
Q9Y421	Q9VQZ5
Q9BYT1	Q9VQZ7
P35520	Q9VRD9
Q96MX6	Q9VVM7
O43181	Q9VWI0
Q9H040	Q9VXU6
P11182	Q9VXY3
Q5HYK3	Q9VYF8
Q13724	Q9VZ04
Q15070	Q9Y171
Q9BV94	M9PG98
O15260	O18405
Q9H501	O46307
Q8WY36	O61348
P24928	P04052
P46776	P41092
P62424	P46223
Q9Y3U8	P49630
P35250	P53034
Q96MT7	Q0E8T7
Q9BXM7	Q0KHV6
Q96EX1	Q6IGN6
Q9H211	Q7JVY2
Q7RTS9	Q7KNA0
Q13472	Q9NG98
P78536	Q9VAC5
O75937	Q9VCH9
Q01780	Q9VFF3
Q96CN9	Q9VGR1
Q9GZT4	Q9VHF0
Q2M296	Q9VN21
Q9BXJ7	Q9VPN2
Q96DM3	Q9VRX1
Q8N6T3	Q9VTX5
Q12768	Q9VUY8
P43119	Q9VVJ1
Q6YHU6	Q9VWB9
P30050	Q9W1B9
P78406	Q9W2E7
P52788	X2JGL7
Q8IY31	A1Z6F0
Q9UI14	A1Z823
Q8N1F8	M9PCP3
Q96HS1	O46084
Q9NQI0	P09052
P15104	P20478
Q8TF76	P83103
P28331	Q94511
Q9BTE0	Q9V9V9
Q6P9B6	Q9VM22
Q7Z4H3	Q9VMB3
P52815	Q9VSR5
Q9GZN7	Q9VVE2
P49815	Q9VW83
O95922	Q9VZ97
Q8WUR7	Q9VZT2
Q9Y2X0	Q9W278
Q86X10	X2JEC6
Q9BUK6	O01939
P09884	P26019
O14829	P40421
Q86VR8	P54360
P50613	Q24216
P28715	Q4U2Q5
Q8WXC6	Q7JVR7
P43304	Q7K569
Q86UA1	Q7KRW8
Q96RY7	Q7KTZ4
Q9P2R3	Q7PLP5
Q9UBI9	Q9N2M8
Q9BRD0	Q9VC60
P30566	Q9VEP6
Q9Y2Z0	Q9VHT3
Q2TAA5	Q9VP06
Q4AC94	Q9VPD7
O00411	Q9VPW4
Q9H2X3	Q9VQ53
Q9H611	Q9VQR3
Q6NSI8	Q9VT34
P51659	Q9VXJ0
Q5VTL8	Q9VYE9
O95600	Q9W1W2
P62847	Q9W229
Q9Y5W5	Q9W3W5
P55060	Q9XZU1
O75771	A1Z7R8
Q96BK5	A1ZBW6
Q02575	M9PH26
P35222	P18824
P04843	Q76NQ0
Q5VV42	Q7K4W1
P09172	Q86B61
Q9H3H1	Q8IMV0
Q68DH5	Q8MRQ4
Q15029	Q9VAX8
Q92574	Q9VCC9
P09234	Q9VE17
O15392	Q9VEM2
Q9BQC3	Q9VFE9
O75616	Q9VG07
Q9UBS9	Q9VIK7
Q14669	Q9VN58
Q6P2C8	Q9VNG0
O00584	Q9VSC3
P78330	Q9VSY6
O75600	Q9VTN9
Q9UHK0	Q9VVS5
Q86X95	Q9VVU4
Q8NDZ4	Q9W280
Q9NYJ1	A0A0B4KFX0
P54105	A1ZAW5
O60869	M9PFR6
Q9UBP6	O77263
P19387	O97183
P53609	Q24173
P08243	Q7KTW9
O94782	Q8I077
Q9Y234	Q8SX78
Q9H6Y2	Q8T088
O15372	Q9U9Q4
Q9NQ89	Q9VAU6
Q70CQ2	Q9VC56
Q6GMV3	Q9VET3
Q9NQR1	Q9VFK6
Q96G28	Q9VFS4
P54132	Q9VGI8
O43709	Q9VHW6
Q8WU10	Q9VIP2
P40925	Q9VKX2
Q12887	Q9VKZ1
Q9NWU1	Q9VNF5
Q5VVQ6	Q9VRJ9
Q7Z3E2	Q9VV40
Q2T9J0	Q9W106
P62333	Q9W414
Q9NRJ4	A0A0B4KI44
P56192	A1ZBE9
O75340	A8Y589
P61019	O18333
Q7LGA3	P25722
Q06330	P28159
P99999	P84029
P62280	Q0E9B6
Q9H2H8	Q8MKJ6
Q9H467	Q95T08
Q9GZZ1	Q9NHD5
A5PLL7	Q9V3B5
P43686	Q9V405
Q969S9	Q9VCX4
O95159	Q9VD26
Q96DM1	Q9VHL1
Q9BY12	Q9VJ35
Q6IPR1	Q9VJG4
O00238	Q9VMT1
Q6Y2X3	Q9VN28
Q9NVU0	Q9VP85
Q9NVG8	Q9VSM8
Q12980	Q9VUB4
O43933	Q9VUC7
O95447	Q9VVD0
Q14CW9	Q9VVR6
Q8TBQ9	Q9VWH8
Q14147	Q9VWI5
Q96AJ9	Q9W0N6
Q6UWH6	Q9W1R8
Q9C0C9	Q9XZ32
Q9Y5J6	Q9Y0V3
Q9NZM4	A0A0B4KI51
P51946	O76513
P56385	O77134
Q14204	P37276
P62913	P46222
Q9HCI7	P50534
P49023	Q2PDT4
O15379	Q7KTS4
Q9NQC7	Q8IPC5
Q9NRK6	Q8SWW9
O14735	Q8SX37
P49419	Q8SXQ1
Q8IWE4	Q8T8S1
Q8WTR2	Q9NGL1
Q99460	Q9V3P6
Q96HY7	Q9VA02
Q96RJ6	Q9VGJ5
Q15771	Q9VM50
Q96PM5	Q9VMD4
Q13601	Q9VPU8
Q8N8Q8	Q9VST8
Q96KB5	Q9VX24
O75096	Q9VXM0
Q5TKA1	Q9W542
Q96BR5	Q9W5N0
P49720	Q9XYN7
P47897	Q9Y105
Q9P2N6	A0A0B4KF25
Q8N6S4	A0A0B4KFB5
Q96B45	A1ZBV5
Q9BXS5	O62531
Q9H1I8	O76912
P14735	P22817
Q9P253	Q24314
Q9NUG6	Q4QQ01
Q8WUK0	Q86BN8
O95571	Q86PD3
Q5JSH3	Q8IMK1
Q8N6L1	Q8INQ7
Q9H270	Q8SX81
Q92643	Q8T4E1
P26641	Q9NJH0
Q9UKB3	Q9TVP3
Q9BT78	Q9V345
Q9Y5Z9	Q9V3R8
Q9ULG1	Q9VDY1
Q9H4G4	Q9VI35
Q96HA7	Q9VSA4
Q7Z4W1	Q9VWP2
Q8N1G2	Q9W4N2
Q7Z7A4	A1Z782
P78537	A1Z9S1
Q2QL34	A8JNT1
Q96I45	E1JIX4
P35270	O76752
Q16864	Q24583
Q06609	Q27297
O75478	Q7KSD8
Q96KP4	Q8MT58
Q9UHX1	Q8T6B9
P40939	Q9V397
Q9UG56	Q9VCE0
Q9BT17	Q9VCU5
Q8N5C6	Q9VCX7
Q9Y312	Q9VEA6
O15226	Q9VF83
Q8IWA0	Q9VIG1
Q96L50	Q9VKU0
Q12893	Q9VMD2
Q96Q11	Q9VNH2
Q9NVX2	Q9VPR4
Q9UHJ9	Q9VPT7
O00762	Q9VTY6
Q8WUB8	Q9VWF2
Q13206	Q9VX34
Q92547	Q9VY97
O43929	Q9W102
P51970	Q9W125
P82094	Q9W3V2
Q9Y5J9	Q9Y1A3
P40692	A1Z7C1
Q14562	A1Z9L3
Q8NEM0	E1JH39
Q8TCA0	H0RNK3
Q99714	O18404
P18754	P25171
Q6P4F2	P37193
O75175	Q7K126
P07992	Q7KMG7
Q5T2E6	Q7KSU3
Q96I25	Q7PL83
Q9P0J7	Q95RX5
Q16394	Q9V730
Q93034	Q9VAQ0
Q9H6R3	Q9VC92
O94829	Q9VEC5
Q8TEA8	Q9VGP0
Q9H6R0	Q9VL25
Q4L235	Q9VLL0
Q5JPI9	Q9VQJ8
Q9NPF4	Q9VV41
Q9H8H0	Q9VW10
Q6IPT4	Q9VWK8
Q9UDX5	Q9VX02
Q8N5U6	Q9W0D8
Q9ULX3	Q9W2Y4
Q6ZT12	Q9W3M3
Q15020	Q9W4D2
Q8WZA2	A1Z6P8
Q8WY98	A1Z7W3
Q9UJM8	A1Z8D3
Q8NEZ3	A1ZBM3
Q3T8J9	A8DYH1
P46781	P55935
Q9UKD2	Q7K1Q7
Q9UDW3	Q8IPW7
Q9BX10	Q960F7
Q96JJ7	Q961B9
Q96G97	Q9V3X4
Q96G21	Q9VBY2
P53582	Q9VC48
Q9H2G9	Q9VHE3
O60308	Q9VIU5
Q9P0I2	Q9VKR0
Q9H4A6	Q9VQ93
H3BPM6	Q9VQA8
Q8N461	Q9VTL8
Q9BUT9	Q9VUP0
Q9Y2L5	Q9VW22
Q15031	Q9VZ82
P43307	Q9W335
Q96AE7	Q9W4J6
Q8WX92	Q9Y113
Q9H8W4	O76902
Q14677	Q8IN05
Q9UNS1	Q8INH7
Q86VD9	Q8MT80
Q08623	Q94529
Q92544	Q9V3N6
P17980	Q9V3V6
Q86US8	Q9VBZ6
Q13395	Q9VD22
Q2TAY7	Q9VE18
P30048	Q9VEJ0
Q9P287	Q9VFR0
P30533	Q9VH64
Q14165	Q9VIG0
Q15126	Q9VIT2
Q9H9V9	Q9VJ97
Q9Y697	Q9VKD3
Q5T653	Q9VTF8
Q6PJ21	Q9VUW0
Q96F86	Q9VVI2
Q9NR48	Q9VW15
Q14019	Q9VWQ7
Q6PI98	Q9W3D4
O00488	Q9W3Y0
Q8NBF2	Q9W5T4
Q96SU4	A1Z814
Q8N5Y8	A1ZAG4
O14578	M9PI41
P60228	O77410
P11766	P46415
Q5U5X0	Q0KI15
Q16656	Q24312
Q9UKX7	Q7K0D8
Q8TCT6	Q86P97
Q9Y584	Q8IN78
Q8IXJ6	Q9I7I7
Q9UBI1	Q9I7W2
O00116	Q9V778
Q15185	Q9VH95
Q9HC77	Q9VI72
Q15843	Q9VJ33
Q9NRX1	Q9VR89
O95336	Q9VZ64
Q02241	Q9VZF5
Q9NQH7	Q9W5W7
Q13011	Q9W5W8
Q9H5U6	A1Z9S8
P62195	O18413
Q9UNY4	P34739
Q9NPL8	P81928
Q9BYB4	Q1WWB7
Q8IWX8	Q59E33
Q8NB15	Q9V574
Q9BYC8	Q9V9Z1
Q96H72	Q9VAF0
Q7L5N1	Q9VCY3
P48553	Q9VFB7
Q8IYL2	Q9VHB9
Q53HI1	Q9VHN5
Q9UK45	Q9VJI7
Q14152	Q9VN25
Q96S44	Q9VRJ6
Q9H0J4	Q9VTR6
E2RYF7	Q9VWK2
Q5SXM8	Q9VXR1
Q969S0	Q9W429
O43292	Q9W464
Q96BZ9	Q9W5H8
Q8TAD8	Q9W5Q1
Q8NDI1	A4UZL3
Q5JTJ3	B7Z107
P55789	C0PVB3
Q04900	M9PHX2
P62070	P04388
P21912	P21914
Q9NRP7	P23647
P62993	Q08012
Q9UGT4	Q0KHY3
O14936	Q24210
Q13616	Q24311
Q9P2X0	Q2PDR0
P50583	Q4V6M1
Q9ULU4	Q7KRS9
O95671	Q86BM0
A2A368	Q9I7L4
Q9NR20	Q9V3D5
P09661	Q9V4Q8
O60931	Q9VCR7
Q6P4H8	Q9VDC8
Q9UNA4	Q9VHV1
Q9Y6A4	Q9VKV8
Q15382	Q9VND8
Q9NY93	Q9VRI0
Q96DA6	Q9VTJ8
Q8IVF7	Q9VUC6
Q69YN4	Q9W1R5
Q16739	Q9W297
Q9BQC6	Q9W551
P35869	E1JIM6
P04818	O76511
P67870	P08182
P09471	P16378
P03905	P18931
Q9BUV8	Q7JXE4
P17152	Q8IQ56
Q9H0E3	Q8IQI0
Q9HBR0	Q8SY25
Q92545	Q9V7H4
Q9UKM7	Q9VAP8
O75879	Q9VCD0
O43837	Q9VD58
Q68DK2	Q9VGP1
Q5VWZ2	Q9VGV9
P62888	Q9VJ19
Q8N806	Q9VJE3
Q9Y6N1	Q9VMQ6
P09669	Q9VMS1
Q16795	Q9VPE2
Q9H5Z1	Q9VR29
Q8TBZ6	Q9VR56
Q9NQM4	Q9VUG3
P14854	Q9VWD1
Q16401	Q9VYG1
O95415	Q9VZP9
Q99501	Q9W3Y4
Q96FB5	A8DY65
O95628	M9PB92
P62269	P41094
O75947	Q24251
Q7Z7A3	Q7JWW5
P13994	Q7K0F0
Q68E01	Q7PLS8
Q9Y4X5	Q94981
Q9C0H5	Q9VDE9
Q9NVC6	Q9VEC1
P23378	Q9VH09
Q9ULR0	Q9VHV6
P14314	Q9VJD1
Q9P035	Q9VJX8
Q8ND04	Q9VKQ6
Q969V3	Q9VKZ7
A9UHW6	Q9VL73
Q96RR1	Q9VL76
Q9NPI0	Q9VMK8
Q9UHY7	Q9VN95
Q7L2J0	Q9VNH1
O43583	Q9VX98
O95164	Q9VXN1
Q92620	Q9VY54
Q9NXB0	Q9VYM3
Q9GZZ9	Q9VYY3
Q96C11	Q9VZJ8
P22304	Q9VZP8
Q9UGU5	Q9W3S4
Q9UM11	Q9W4H9
O95425	X2JAM4
Q7RTS3	A0A0B4KFD8
O75153	A1ZAB5
Q75QN2	A1ZAK1
Q8TCB7	A1ZAY5
Q15043	A4IJ72
P98164	A8JTM7
Q96ST2	A8JV07
P07101	P18459
Q8N8A6	P26802
Q06546	Q04688
Q9BQ48	Q0E959
Q93015	Q59DX8
Q3MII6	Q5BI03
O60930	Q7JY33
Q8IVD9	Q8IN95
Q9UJA2	Q8MZC4
Q504T8	Q8SXD4
Q99640	Q9NI63
Q16635	Q9V6G5
O94903	Q9VA97
Q08AM6	Q9VG59
O00462	Q9VMY5
Q04323	Q9VSC5
Q6ZN54	Q9VTT9
Q9NX74	Q9VY45
Q9Y2Z2	Q9W245
Q7Z569	A0A0B4KHR2
Q16572	O17444
P48775	P20351
Q9H944	P91641
P19113	Q05733
Q9BUR4	Q6NL34
Q8IVS2	Q8T3L6
P32119	Q9V3P0
Q13162	Q9V3Q4
Q5TA45	Q9VAH9
O43615	Q9VDZ7
Q14746	Q9VF78
O60678	Q9VFB3
Q96SW2	Q9VH36
Q8WTT2	Q9VI82
O95620	Q9VJ06
O43175	Q9VKI8
Q9BTV4	Q9VSB9
Q8N129	Q9VVW7
O43395	Q9VW52
Q92900	Q9VYS3
P82932	Q9VZD5
Q9UJZ1	Q9W1F7
Q68CQ4	Q9W1G1
Q13439	Q9W1R3
P50897	Q9W3C7
O43264	Q9W4X9
Q96L58	A1Z7G9
O95149	B7Z0I7
Q14974	O18388
Q9HD34	O46098
P06744	P52029
O14929	Q0KIB3
Q9BRV3	Q7JVE7
Q9H4I9	Q7JX57
Q9P0U1	Q7K036
P23434	Q9U616
Q9NUM3	Q9V4C6
Q96DP5	Q9V9Z0
P24387	Q9VA76
Q7Z4H7	Q9VAP2
Q8IYY4	Q9VC70
O75683	Q9VDS6
Q92609	Q9VFX6
Q9UBB6	Q9VI25
P42898	Q9VTI0
O14893	Q9VVX0
Q4VC31	Q9VW41
Q9H2L4	Q9W0B7
Q9BV38	Q9W550
Q68CP9	A1Z6M0
Q12756	A1ZAJ2
P62191	P48601
Q12791	Q03720
Q92889	Q24087
Q13190	Q24509
Q5VZI3	Q7KTB0
Q9Y4F3	Q7KWG9
Q8NEP3	Q8INT5
Q9H2C2	Q8SYH1
P10109	Q8SZA8
Q9UI40	Q9U6A0
Q99615	Q9V3W1
Q9BRK5	Q9VDY9
P23508	Q9VF73
Q9Y3B9	Q9VFE6
Q9UHA3	Q9VGN9
O95155	Q9VK44
Q9P258	Q9VMI5
O60671	Q9VQD4
Q8IXZ2	Q9VSK8
Q9UNI6	Q9VWF4
Q8NBF6	Q9VYB2
O75140	Q9W0E3
Q9P055	A0A0B4KHY1
Q6ICG6	A1ZAP1
Q99623	A8DYI6
O75864	M9PCB8
Q6PI48	M9PDL2
Q13415	O16810
P62979	P15357
P52209	P41572
P31645	P51905
P49642	Q24317
Q99575	Q7KVW2
Q9HAW4	Q8IRB5
Q92797	Q8MSU4
Q8N0V3	Q8SXX0
O43290	Q95TU2
O75306	Q9V4E0
P62899	Q9V597
Q07864	Q9VCN1
O60508	Q9VD52
Q96FT9	Q9VK67
Q9NWB6	Q9VL63
Q9Y5R4	Q9VMD3
P49643	Q9VPH2
Q96LT4	Q9VS60
Q8TBE0	Q9VWC0
P98160	Q9W4Y3
Q96RK4	A1Z8E9
Q7L1T6	A1ZBK6
O95260	O96539
P55036	P55035
O15269	Q6NR46
Q8N302	Q7K0W0
Q9UKF7	Q9U9P7
P49257	Q9V3A8
O43318	Q9V3Q6
Q9UPR3	Q9V414
Q96A29	Q9VHT4
Q9BXP2	Q9VJ75
Q9UMR5	Q9VKH6
Q99442	Q9VL49
A4D2B0	Q9VMI8
Q969F9	Q9VNX0
O95295	Q9VQF9
Q9UNK0	Q9VV76
Q13200	Q9VW54
P53602	Q9VXQ3
O95777	Q9W087
Q14254	O61492
Q9BW19	P20480
P51665	P26270
Q8NHU6	Q0E910
Q9GZU8	Q7JWU9
Q15398	Q7K3L1
Q9NNW5	Q86B53
P17861	Q8MLW7
Q9NV88	Q95TS5
Q53GS7	Q9V4W1
Q15021	Q9VAJ1
Q6EMB2	Q9VBX5
Q9UMX1	Q9VG38
O94826	Q9VKC8
Q9UFE4	Q9VN57
Q9H0I3	Q9VPL8
Q15650	Q9VRA1
Q14674	Q9VRN6
Q13257	Q9VRQ2
Q13564	Q9VTE9
O94906	Q9VVU6
Q6IA69	Q9VYA0
Q9H6V9	Q9W0H3
Q86TW2	Q9W133
Q9NRM2	Q9W1V7
Q9H9S5	Q9W2P2
Q9NZM5	Q9W3C2
Q5H8A4	A1Z705
P05090	M9PBN2
O95376	O76924
Q9UKN7	Q0KHU0
O14733	Q23977
P39748	Q7K7A9
P55072	Q7KN62
P49589	Q7KN90
Q9H2P9	Q8IN02
P20936	Q8IR23
Q969S6	Q8SXX5
P51649	Q9VBP6
Q9Y237	Q9VBU4
Q9Y3E2	Q9VC53
Q9HCG8	Q9VJ87
O43924	Q9VLJ0
Q8TCT0	Q9VNA6
Q8IYP9	Q9VQK9
P09622	Q9VVL7
Q5HYI8	Q9VXA9
Q9UQE7	Q9VXE9
Q969G3	Q9W384
O00142	Q9XZT6
Q96JG6	A1ZAY8
Q9Y4L1	O46067
Q92989	Q7K284
Q14318	Q7K3D4
Q8WV93	Q7K4T8
P10768	Q7KSB5
Q8N6Q8	Q86NX3
Q9NVQ4	Q8SWZ6
Q8N3I7	Q9I7P3
Q02878	Q9V9W3
Q96L93	Q9VB25
P82664	Q9VFB2
Q9NPD3	Q9VK19
Q9NXE8	Q9VQF5
Q8N5Z0	Q9VTD9
Q96BP2	Q9W114
Q92535	A0A2U8U156
Q12770	A1Z6J2
P49411	A1Z9E3
P63244	O18640
O75419	O96989
P60174	P29613
Q6RFH5	Q7K4B2
P35613	Q7KTJ7
Q13618	Q8IP45
Q7Z392	Q8IRE3
P51530	Q8IRL9
Q96CD2	Q8MKK3
P62241	Q8MLY8
Q8NCW6	Q8MVS5
Q96A49	Q960T2
Q53R41	Q960W0
Q15526	Q9U4F3
Q9BQT8	Q9V3T2
Q70HW3	Q9VBN7
Q66PJ3	Q9VCD4
Q9Y316	Q9VG04
Q9BUI4	Q9VG60
P49406	Q9VHN6
Q4U2R6	Q9VLJ9
Q9HD40	Q9VNE3
Q9Y248	Q9VQY9
Q9NVF7	Q9VT01
Q9Y333	Q9VTW6
Q13155	Q9VUR3
Q16637	Q9VV74
Q2TBE0	Q9VXT5
Q86UD0	Q9W115
Q9ULH0	Q9W2I0
O15213	Q9W3K3
Q86WR0	Q9W3T2
Q4G0X9	A0A0B7P7M6
Q8WXX0	A0A6H2EJG3
O60701	O02373
P05198	P41374
Q13227	Q7JQT8
Q7L2H7	Q7JVI3
P19388	Q7JZF5
O43719	Q7K204
O94888	Q7K4I5
Q8N5D0	Q7K7W5
Q96HH6	Q8IQJ7
P41252	Q8MSW0
Q96BD0	Q8SY02
A7XYQ1	Q95TY2
Q9NUD9	Q9V7W1
Q06136	Q9VBU5
Q96AX9	Q9VJ14
Q9NX36	Q9VM54
O75127	Q9VRJ7
Q9NWU2	Q9VWS1
P49902	Q9VWV5
Q9NP79	Q9W0B3
Q96GS4	Q9W0Q3
Q8TCC3	Q9W4I3
Q7Z5K2	Q9W517
P52306	A1Z6S7
Q92538	A1Z8W8
Q9H0H5	A1Z9I5
P49748	A1ZBJ2
P03901	P18934
A4D1B5	Q24118
Q9Y2G8	Q7PLG1
Q9H6U6	Q8SY41
Q9Y4W2	Q8SZY9
P63172	Q94524
O60266	Q9V9R3
P26885	Q9VGK3
Q96N46	Q9VGU5
O94874	Q9VI55
Q8N954	Q9VI83
Q8NEC7	Q9VJ34
Q9H3H5	Q9VK30
Q9BSH4	Q9VL11
Q99543	Q9VP77
Q96KP1	Q9VQQ9
O75800	Q9VU41
Q6P3X3	Q9VVM8
Q9Y4B6	Q9W2F2
Q9BXY0	Q9W3B2
P48444	Q9W555
Q9BPX6	A2VEI2
P62910	P04359
Q13813	P13395
P04035	P14773
Q9Y2P8	P56175
P15954	Q7JW00
Q9Y6E7	Q8IRR5
Q9UMS0	Q8SY96
A8K979	Q95RQ4
Q9GZY8	Q961C9
Q8N4Q1	Q9VAA6
O14645	Q9VGG6
Q96SZ6	Q9VGZ1
Q9Y388	Q9VIS0
Q9H8W5	Q9VLR7
O75352	Q9VMW8
Q9H4Z3	Q9VPB7
Q8NE00	Q9VPF8
O95298	Q9VQM2
Q8N3P4	Q9VRX2
Q9BVM2	Q9W0M5
P62249	Q9W237
Q6TDP4	A0A0B4KEU3
O95059	A8JRG8
O15254	B7Z028
P30876	P08266
Q9NQX3	P39205
Q14103	Q08473
O75817	Q2MGL3
Q9NRR4	Q7KNF1
P82921	Q8I0J3
Q8WVB6	Q8IQ05
O75319	Q8SX38
Q9NX07	Q8SXG7
Q96QG7	Q8SZY7
Q8N9A8	Q8T0B1
Q6ZRS2	Q9NDJ2
Q9H0R6	Q9VE09
Q8NEJ9	Q9VMM7
Q08752	Q9VT21
P07858	Q9VY87
Q96EH3	Q9W0F9
Q5VW36	Q9W1Q5
Q92766	Q9W4J1
Q9Y2G5	Q9W589
Q9P203	A0A4D6K4K0
P07814	P28668
Q08828	P32870
Q9BSV6	Q0E8E7
P15586	Q5BIL9
Q8N0U4	Q7K1W5
Q86V15	Q7M3M8
Q86TJ2	Q8I8V0
Q9BVW5	Q8INX3
P05423	Q8SYM9
O14561	Q94519
Q9NZL4	Q95RI2
Q9BQ61	Q9I7R7
Q8IYT2	Q9UAS6
Q9BZZ5	Q9V431
Q8IZT6	Q9VC45
Q6ZMI0	Q9VC66
Q5BKX5	Q9VCE8
Q9UM00	Q9VJ11
Q9UHA4	Q9VJD2
Q93099	Q9VKJ0
Q7Z6J9	Q9VTV4
O75414	Q9VY27
O75489	Q9VZU4
Q96HW7	Q9W3E1
O43312	A0A0B4JCZ8
Q9NWV4	A1Z9A2
O94913	A1Z9W4
Q8WU66	A8DQW8
Q9H0W8	O46080
O95096	P22808
P25787	P40301
P56537	P56538
P57768	Q7JR96
Q09161	Q7K4N3
Q99627	Q7KTH8
Q14847	Q8I7C3
A5PLN9	Q95TN1
P61289	Q9V3P3
Q12972	Q9V7W9
Q9ULI1	Q9VEZ2
Q8IW35	Q9VQV7
Q86X45	Q9VR52
Q9Y4B4	Q9W1A8
Q7Z6K3	Q9W501
Q99797	A1Z6H6
Q49B96	E1JGR4
P78381	O76865
P62277	Q03334
Q8IU60	Q5U127
Q9H063	Q7PL26
Q8NFW8	Q8IQV0
Q9BRB3	Q8IR17
Q96FH0	Q8IR45
Q7LBR1	Q95SH2
Q9NRL2	Q9V9T4
Q9Y5R8	Q9VA95
O60287	Q9VD07
P84101	Q9VEW2
Q96EU6	Q9VFJ1
Q12905	Q9VG73
Q8N9H8	Q9VIF1
P43897	Q9VJC7
Q2NL82	Q9VP47
Q6P1R4	Q9VPM1
Q9BRX5	Q9W2V7
Q8N1E6	A0A0B4KF28
O75899	A0A0B4LHR4
Q9H3J6	A1ZAD7
Q9UEU0	B7Z0M0
Q8N4S7	B7Z0R3
Q9GZS0	M9PC80
Q9NVA4	M9PD30
Q9UJ68	P08761
O43272	Q04499
P26368	Q24562
P26572	Q60GL7
Q9GZR7	Q6NQY9
Q9Y3D8	Q7JYV7
P56556	Q7JZK1
Q5T8I9	Q7K175
Q7Z2E3	Q8MSG8
Q86SF2	Q8MV48
Q96I99	Q9V470
Q6NSJ0	Q9VBR6
Q8NFH4	Q9VBU8
Q99471	Q9VCZ8
Q9UI43	Q9VDT6
Q8WVB3	Q9VEB8
Q9UBR1	Q9VI04
Q9UGJ1	Q9VKU7
Q8TCX1	Q9VLB9
Q5T4S7	Q9VLT5
Q9H4P4	Q9VUV7
Q9BW91	Q9VV83
Q13286	Q9VVL0
Q7Z6E9	Q9XZ21
Q9H9Y6	P20028
P13928	P22465
Q12996	P25991
O95299	P91929
Q8WV83	Q7K3M9
P51571	Q7KLX3
Q9NZB8	Q8IQF1
P54819	Q9U915
P42685	Q9V9J3
P30085	Q9VBI2
Q9NX55	Q9VFN9
Q9H9J2	Q9VNC1
Q9BUK0	Q9VPC2
Q16774	Q9VTB3
Q8WVM0	Q9VTM5
Q9H7E2	Q9VUH8
Q9Y2V0	Q9VUU6
Q13467	Q9VVX3
Q8IYG6	Q9VW77
O60341	Q9VW97
Q96GX9	Q9VY93
Q6ZS86	Q9VZV9
O95721	Q9W1I8
P35658	Q9W1X4
Q9BSJ2	Q9XYP7
Q658Y4	Q9XZ12
O95801	A1Z6M6
Q9P2F6	B7Z058
P05386	P08570
P60866	P55828
Q5XKR4	P56672
P33991	Q26454
P05408	Q59E04
Q9H074	Q7K581
O00231	Q7KLV9
Q96SC8	Q9VAI8
Q96EL2	Q9VCC3
Q9UK97	Q9VG61
P36915	Q9VIJ9
Q12769	Q9VKJ3
Q9Y324	Q9VL75
P61803	Q9VLM5
Q96EB1	Q9VMQ7
P30536	Q9VPR1
Q92562	Q9VR06
Q9HC38	Q9VRD4
Q9Y535	Q9VTL6
Q00403	P29052
P18124	P32100
Q8IXM3	Q7JZM8
P36776	Q7KUT2
Q6NYC1	Q9VD28
P40818	Q9VDD8
Q9UQ13	Q9VEK6
Q96Q05	Q9VIL0
Q9BYD1	Q9VJ38
P09960	Q9VJ39
Q9UBK9	Q9VJP9
Q9BZQ6	Q9VK27
Q14498	Q9VM49
Q96PC5	Q9VMA7
P54886	Q9VNW6
Q8TDG4	Q9VSE2
Q6PD74	Q9VU04
Q9BRR6	Q9VUB9
Q9BTA9	Q9VX88
P54136	Q9VXN4
O60337	Q9W023
Q86SQ9	Q9W3M6
Q86VM9	Q9W3R9
Q8IZ02	A1Z7N0
Q92698	O76460
Q96HR8	Q9VJ62
Q96G04	Q9VWJ9
Q9UJX4	Q9VZL2
Q6SPF0	Q9W4W7
Q5VXD3	Q9W4W7
P0C860	P50536
Q8N5Y2	P50536
O14817	M9PDV2
O75954	M9PDV2
P19397	M9PDV2
P05091	Q9VLC5
P30837	Q9VLC5
Q96GF1	Q8IR26
Q96GF1	Q9VXP1
Q9Y2S2	Q5U1B0
Q9Y2S2	Q9VXI1
Q9Y4I1	A1Z6Z8
Q9NQX4	A1Z6Z8
P14866	A0A0B4K7I2
Q8WVV9	A0A0B4K7I2
Q9P0N5	Q9VHN0
Q9P0N5	Q8INQ3
P45844	Q9VL61
Q9H172	Q9VL61
P62491	O18335
Q15907	O18335
P54868	Q7K4Q9
Q01581	Q7K4Q9
P51572	Q9W0M4
Q9UHQ4	Q9W0M4
Q9UP38	P18537
Q14332	P18537
O75084	P18537
Q05084	Q9VP78
Q8NDH6	Q9VP78
P81274	Q9VB22
Q86YR5	Q9VB22
Q5T5C0	Q9VYK6
Q9Y2K9	Q9VYK6
A6NKT7	A0A0B4K7J2
O14715	A0A0B4K7J2
Q7Z3J3	A0A0B4K7J2
Q8IWJ2	A0A0B4K7J2
P0DJD1	A0A0B4K7J2
P0DJD0	A0A0B4K7J2
Q99666	A0A0B4K7J2
Q6PIY7	Q9VYS4
Q6PIY7	Q9VD44
O14529	P10180
P39880	P10180
Q9H444	Q8T0Q4
Q9BY43	Q8T0Q4
Q9Y297	A0A0B4KHK1
Q9UKB1	A0A0B4KHK1
Q8TDJ6	Q9W425
Q9Y485	Q9W425
P34896	Q9W457
P34897	Q9W457
Q07954	A0A0B4KFD1
Q9NZR2	A0A0B4KFD1
P49674	O76324
P48730	O76324
Q9UHY1	Q9Y0Y6
Q9NSY0	Q9Y0Y6
Q99689	Q9W525
Q9UHY8	Q9W525
P05771	P05130
P17252	P05130
P0DJD9	Q9VLK3
P14091	Q9VLK3
P0DJD7	Q9VLK3
P20142	Q9VLK3
P0DJD8	Q9VLK3
Q5XXA6	Q76NS2
Q5XXA6	A0A0B4JCY1
O14782	P46867
O15066	P46867
Q60I27	Q9VNZ8
Q96Q42	Q9VNZ8
O60506	A0A0B4KHI4
O43390	A0A0B4KHI4
Q9HBW9	A1Z7G7
O95490	A1Z7G7
Q9HAR2	A1Z7G7
O94910	A1Z7G7
P48960	A1Z7G7
Q2VIR3	Q24208
P41091	Q24208
Q969T3	Q9VQG1
Q7Z614	Q9VQG1
Q8WUM9	Q9VTG0
Q08357	Q9VTG0
P35711	Q59DN5
P35712	Q59DN5
Q9UN79	Q59DN5
P62263	C0HKA1
P62263	C0HKA0
Q96A54	Q9VCY8
Q86V24	Q9VCY8
Q9H6R6	Q9VSV3
Q9H6R6	Q9VG80
P49768	O02194
P49810	O02194
P55317	P14734
Q9Y261	P14734
Q8NEV1	P08181
P68400	P08181
Q9UKI8	B7Z126
Q86UE8	B7Z126
O95140	Q7YU24
Q8IWA4	Q7YU24
P11387	P30189
Q969P6	P30189
P84085	P40945
P18085	P40945
P36969	Q4V6H2
P36969	Q8IRD3
P54253	Q9W3V7
P0C7T5	Q9W3V7
Q8TF66	Q9VZ84
P22792	Q9VZ84
P40197	Q9VZ84
Q05513	A1Z9X0
P41743	A1Z9X0
P55316	P32031
P55316	P32030
Q9H6T3	Q9V3E9
Q15785	Q9V3E9
A1KZ92	Q9VZZ4
Q92626	Q9VZZ4
O95848	F3YD80
O95848	Q9VB64
Q9UI36	Q8IP19
Q96NX9	Q8IP19
Q00839	E1JGL8
Q9BUJ2	E1JGL8
O15014	A0A0B4KEU2
Q9ULD9	A0A0B4KEU2
P31689	Q9VFV9
Q8WW22	Q9VFV9
P98082	P98081
O75553	P98081
Q14157	Q86S05
Q5T6F2	Q86S05
Q96T21	Q9VSH1
Q93073	Q9VSH1
Q9GZV5	Q45VV3
P46937	Q45VV3
Q53GD3	Q9VAP3
Q8NCS7	Q9VAP3
Q8IWA5	Q9VAP3
Q8IZN3	A2VEY9
Q9NUE0	A2VEY9
P55055	P34021
Q13133	P34021
Q6NUI2	Q9Y137
Q9HCL2	Q9Y137
Q6PH85	Q9VUQ8
Q96GG9	Q9VUQ8
Q8N7R7	Q9VKF0
Q8ND76	Q9VKF0
P21127	Q9VPC0
Q9UQ88	Q9VPC0
P20226	P20227
Q6SJ96	P20227
O43741	A1Z7Q8
Q9Y478	A1Z7Q8
Q8WYP3	Q8MQW8
Q8TB24	Q8MQW8
Q13671	Q8MQW8
Q93050	Q9XZ10
Q9HBG4	Q9XZ10
Q96NZ1	Q9XTP7
O15353	Q9XTP7
O15056	Q5U0V7
O43426	Q5U0V7
Q9BU70	A1Z759
Q9BU70	A1Z758
O94804	Q9W179
Q9H2G2	Q9W179
Q9P241	Q7KTG6
O60312	Q7KTG6
O94823	Q7KTG6
Q9Y219	P18168
P78504	P18168
Q12907	Q9VCC2
Q9H0V9	Q9VCC2
Q99683	Q9VDS9
Q6ZN16	Q9VDS9
O95382	Q9VDS9
Q6ZRY4	Q01617
Q93062	Q01617
Q86W92	Q9VU88
Q8ND30	Q9VU88
Q9UN76	Q9W1J0
Q9Y345	Q9W1J0
O43679	Q7KVG9
Q86U70	Q7KVG9
Q92901	O16797
P39023	O16797
Q9NRX3	Q8SYJ2
O00483	Q8SYJ2
Q13596	Q9VQQ6
O60749	Q9VQQ6
P43699	Q7PL95
Q9H2Z4	Q7PL95
Q9UIA9	Q9GQN0
Q9H2T7	Q9GQN0
Q14558	Q9VA53
O60256	Q9VA53
P25391	Q8IP51
P24043	Q8IP51
Q9P0U4	Q8T3Y1
Q9P0U4	Q9W352
Q63HM9	Q9VIP3
Q0VAA5	Q9VIP3
Q96F81	Q9VNJ5
A7MBM2	Q9VNJ5
Q99638	A8JNV5
Q6WBX8	A8JNV5
Q9C0H9	Q7KW14
Q5T5P2	Q7KW14
O14753	P51521
Q9BRP0	P51521
Q9Y6B6	Q9VD29
Q9NR31	Q9VD29
Q8TEW0	Q0KHR3
Q8TEW8	Q0KHR3
Q96DT6	Q9VF80
Q86TL0	Q9VF80
Q9ULJ6	A0A6J3SHB9
Q8NF64	A0A6J3SHB9
Q8IZN3	A2VEY9
Q9Y397	A2VEY9
O14602	Q9VEA1
P47813	Q9VEA1
O15400	Q7K0X9
Q86Y82	Q7K0X9
O94925	Q1RL13
Q9UI32	Q1RL13
O75061	Q9VMY8
O14976	Q9VMY8
Q5T2W1	Q7K5M6
A8MUH7	Q7K5M6
O14745	Q7K5M6
Q15599	Q7K5M6
Q86UT5	Q7K5M6
Q16644	P49071
P49137	P49071
O15020	Q00963
Q01082	Q00963
P11277	Q00963
Q01850	Q9VIK6
Q86X02	Q9VIK6
O15266	A8DYR8
O60902	A8DYR8
O76050	P29503
A8MQ27	P29503
Q8IWU9	Q9W0K2
P17752	Q9W0K2
Q9HCC6	Q26263
Q14469	Q26263
Q9UJX2	E1JHM5
Q9UJX2	Q9I7L8
Q9UBC2	Q9W111
P42566	Q9W111
Q8TDF5	G4LU05
Q8NC67	G4LU05
P15941	X2JBD0
P15941	Q8IR52
O75333	Q9W3F4
O43435	Q9W3F4
O94868	X2JAU8
Q86WN1	X2JAU8
P26639	Q9VKB0
A2RTX5	Q9VKB0
P48067	Q9W1J0
Q9Y345	Q9W1J0
Q09019	Q9VBC4
Q8TBZ3	Q9VBC4
Q9UNZ2	Q7K3Z3
Q14CS0	Q7K3Z3
Q15910	P42124
Q92800	P42124
Q9BVJ6	Q9VUR2
Q5TAP6	Q9VUR2
Q8IXI1	Q8IMX7
Q8IXI2	Q8IMX7
Q8N335	P13706
P21695	P13706
Q7L5N7	Q0KHU5
Q8NF37	Q0KHU5
Q8WZ74	Q8SX68
Q9P2B4	Q8SX68
P63104	P29310
P31946	P29310
Q92995	Q9VZU7
P45974	Q9VZU7
Q03828	P06602
P49640	P06602
P53667	Q8IR79
P53671	Q8IR79
O60512	Q7KN92
P15291	Q7KN92
O60909	Q7KN92
O60513	Q7KN92
Q9NQ66	P25455
Q01970	P25455
Q00722	P25455
Q8NEA6	Q962I0
Q8NBF1	Q962I0
Q15785	Q9VBA1
Q07617	Q9VBA1
Q9P2J9	Q9W3Q1
Q9P0J1	Q9W3Q1
Q8TD30	Q9VYD9
P24298	Q9VYD9
Q9Y6Q2	Q24212
Q8WXE9	Q24212
Q92785	Q7K3G5
Q92782	Q7K3G5
Q92784	Q7K3G5
Q06945	P40656
O15370	P40656
P12268	Q07152
P20839	Q07152
Q96JY6	B7YZE5
Q96JY6	Q9VT49
P46108	Q9XYM0
P46109	Q9XYM0
Q07890	P26675
Q07889	P26675
P20265	P16241
P49335	P16241
P20264	P16241
Q9P246	P83094
Q13586	P83094
O75317	Q9VCT9
P62068	Q9VCT9
Q8TC92	Q9VU18
Q16206	Q9VU18
Q9UIY3	Q4QQ93
P57060	Q4QQ93
Q96KR6	A1Z6G4
Q96KR6	Q4V6K4
Q8TCX5	Q9XYY9
Q8IUC4	Q9XYY9
Q9Y619	Q7KVQ8
Q9BXI2	Q7KVQ8
Q8IUG5	Q8INC3
Q92614	Q8INC3
Q9UPN3	A1Z9J3
Q03001	A1Z9J3
Q96D21	Q9VS10
Q9Y272	Q9VS10
Q8TEM1	A1Z6H7
Q5VU65	A1Z6H7
P11047	P15215
Q9Y6N6	P15215
A6NFY4	Q9VXD6
O14524	Q9VXD6
P32320	Q9VLR2
P32320	Q9VLR3
P06276	P07140
P22303	P07140
P59768	P38040
P59768	A0A0B4K838
Q9UBI6	P38040
Q9UBI6	A0A0B4K838
P07339	Q7K485
P07339	A1Z9Q9
Q5T0B9	Q9VI93
Q8TF68	Q9VI93
Q6UX71	Q9W2V9
Q8IUK5	Q9W2V9
Q8IXF0	Q24119
Q99742	Q24119
Q8N8I0	Q8ML92
Q9BYL1	Q8ML92
Q6ZQY3	Q24062
Q9Y600	Q24062
P61513	Q9VMU4
A6NKH3	Q9VMU4
Q9BQJ4	A0A0B4LHK8
Q96FX8	A0A0B4LHK8
Q8N5L8	Q0E9N4
Q9BUL9	Q0E9N4
Q9H0Q0	Q7K1H0
Q9NUQ9	Q7K1H0
Q9NP97	Q7KMS3
Q8TF09	Q7KMS3
Q8N4C6	P11929
Q9Y2I6	P11929
Q9Y5P8	Q9I7J1
Q06190	Q9I7J1
A8MTL3	Q8IMM9
A8MTL3	Q9VWI4
Q5H9L4	Q9VHY5
Q15545	Q9VHY5
Q86X27	Q0E949
Q5JS13	Q0E949
Q9UHD1	Q9VCC0
Q9UKP3	Q9VCC0
Q96LD1	O76892
Q92629	O76892
Q13326	O76892
Q9BZM3	Q7KUL4
Q9H4S2	Q7KUL4
Q75N03	M9PBE2
Q8N7E2	M9PBE2
Q8NFD5	Q8IN94
O14497	Q8IN94
Q7Z6J0	Q7K4D1
Q8TEC5	Q7K4D1
Q8TEJ3	Q7K4D1
O15173	Q9VXM4
O00264	Q9VXM4
Q13268	Q9VRJ4
Q6PKH6	Q9VRJ4
Q9BTZ2	Q9VRJ4
P0CG22	Q9VRJ4
Q9NZD2	Q9VXV1
O95397	Q9VXV1
Q96JA3	Q9VXV1
P13861	P81900
P31323	P81900
O15438	Q7KTC0
P33527	Q7KTC0
P33402	Q07093
Q02108	Q07093
Q9NYA1	Q9VZW0
Q9NYA1	Q9VYY8
Q12837	P24350
Q15319	P24350
Q1KMD3	E1JGL8
Q9BUJ2	E1JGL8
Q8NF50	Q9VPI9
Q96N67	Q9VPI9
Q96HP0	Q9VPI9
Q9GZT5	Q9VM25
O00744	Q9VM25
Q96P53	Q9VKW1
Q8IWB7	Q9VKW1
Q99684	Q9VM77
Q5VTD9	Q9VM77
Q9H3Z4	Q03751
Q9UF47	Q03751
Q8TAC2	Q9W422
Q15040	Q9W422
Q8N2W9	A1Z7P5
O75925	A1Z7P5
Q9Y6X2	A1Z7P5
O75928	A1Z7P5
Q92523	Q9V3K9
P50416	Q9V3K9
Q8TCG5	Q9V3K9
B0I1T2	Q23978
O94832	Q23978
O43439	A0A0B4KEZ2
O75081	A0A0B4KEZ2
Q06455	A0A0B4KEZ2
O75122	Q9NBD7
Q7Z460	Q9NBD7
P30419	O61613
O60551	O61613
Q96F07	Q9VF87
Q7L576	Q9VF87
Q5TCQ9	Q9W2L2
Q86UL8	Q9W2L2
Q96QZ7	Q9W2L2
Q01851	P24350
Q15319	P24350
P62837	P25867
P61077	P25867
Q03112	Q8I7Z8
Q9HAZ2	Q8I7Z8
Q9Y4G2	Q9W293
Q6ZWE6	Q9W293
O95069	Q94526
Q96T54	Q94526
Q96T55	Q94526
P57789	Q94526
O95279	Q94526
Q9NYG8	Q94526
Q9Y257	Q94526
Q6DN12	A1ZBD6
Q6DN14	A1ZBD6
Q9HCE7	Q9V853
Q9HAU4	Q9V853
Q8N142	Q9Y0Y2
P30520	Q9Y0Y2
O14787	Q9VRV8
Q92973	Q9VRV8
O75192	Q7JZE1
O96011	Q7JZE1
O14519	M9PEA2
O75956	M9PEA2
Q9ULC4	Q9W445
A0A3B3IRV3	Q9W445
Q14541	P49866
P41235	P49866
Q99811	Q9W1U7
P54821	Q9W1U7
P49459	P25153
P63146	P25153
Q9H2U2	O77460
Q15181	O77460
Q6IN85	Q9VFS5
Q5MIZ7	Q9VFS5
P98077	Q9V3C8
Q92529	Q9V3C8
P29353	Q9V3C8
Q6S5L8	Q9V3C8
Q99470	Q9VNA3
Q9HCN8	Q9VNA3
Q5VTY9	Q9VZU2
Q9HCP6	Q9VZU2
Q7Z5M8	A1ZBH3
Q8N2K0	A1ZBH3
P0C7V9	Q9VGY5
A6NJ78	Q9VGY5
Q9NXF8	Q7K3T4
Q9NYG2	Q7K3T4
Q6ZVH7	Q0KHR2
B1AK53	Q0KHR2
Q6ZTR7	Q9VK91
A1XBS5	Q9VK91
Q6V1P9	Q24292
Q96JQ0	Q24292
O75400	Q9VQK5
Q6NWY9	Q9VQK5
O43772	Q9VQG4
O43772	Q9VM51
P29350	P29349
Q06124	P29349
P22736	P49869
Q92570	P49869
P43354	P49869
P49758	Q9VXA3
P49802	Q9VXA3
O15120	Q9VYJ4
Q99943	Q9VYJ4
Q96KE9	A0A0B4KGU2
Q9Y2F9	A0A0B4KGU2
O14511	Q94918
Q02297	Q94918
O14511	Q9VVJ6
Q02297	Q9VVJ6
O15121	Q94515
Q6QHC5	Q94515
Q9BWH2	Q9VL16
Q8IVP5	Q9VL16
Q8IXZ3	M9PJG1
P0CG40	M9PJG1
Q9H6K4	Q0KI22
Q9H6K4	Q9VCG3
Q9H6K4	Q9VCG2
Q5SRI9	Q9VMQ2
Q5VSG8	Q9VMQ2
Q05329	P20228
Q99259	P20228
Q9BZD2	Q9VPP0
Q99808	Q9VPP0
Q96MN9	M9PEQ7
Q9NQV8	M9PEQ7
Q9H069	Q95V50
Q9H069	Q9VL65
Q9UBJ2	Q7JUN3
P33897	Q7JUN3
Q9UHH9	Q9W2E9
Q92551	Q9W2E9
Q96PC2	Q9W2E9
Q8N394	Q9VQE9
Q8N394	Q9V3X5
O43151	M9NEY8
Q6N021	M9NEY8
Q8NFU7	M9NEY8
P04062	Q9VCJ4
P04062	Q8IMY3
Q8TEU7	Q9VMF3
Q9Y4G8	Q9VMF3
P0C7P4	Q9VQ29
P47985	Q9VQ29
Q8TE12	Q9VTW5
O60663	Q9VTW5
P26045	Q9W0R3
P29074	Q9W0R3
Q9NQ69	P29673
P50458	P29673
P14927	Q9VXI6
P14927	Q9VAW7
Q08AE8	Q9U1K1
Q8WWL2	Q9U1K1
P54727	Q9V3W9
P54725	Q9V3W9
Q8TB72	P25822
Q14671	P25822
Q9NVF9	P54352
Q9HBU6	P54352
Q9UPN6	A8DYK5
O95104	A8DYK5
Q96JN0	A0A0B4KHV1
Q8N3X6	A0A0B4KHV1
P0DMQ5	A8JUS1
C9JVW0	A8JUS1
Q9Y680	A0A0B4K7C5
Q9NWM8	A0A0B4K7C5
Q8TB40	Q5U191
Q8WTS1	Q5U191
Q96AX2	Q9VP48
Q9ULW5	Q9VP48
Q9H9E1	Q9VL58
O14593	Q9VL58
Q96AQ7	A8DY77
O60543	A8DY77
Q9UHD4	A8DY77
Q58EX7	Q7KU89
Q96PX9	Q7KU89
O60911	Q95029
P07711	Q95029
Q9NSN8	A1ZAH3
Q9NY99	A1ZAH3
Q96JF0	Q9GU23
P15907	Q9GU23
A6NIH7	Q9XYQ2
Q13432	Q9XYQ2
Q93052	Q9N675
Q15654	Q9N675
Q13547	Q94517
Q92769	Q94517
O95613	Q400N2
Q99996	Q400N2
Q9P2N5	Q9VIV2
Q5T8P6	Q9VIV2
P08134	P48148
P61586	P48148
Q9BXI6	Q9VGL8
Q8IV04	Q9VGL8
Q4KMP7	Q9VGL8
Q8NFB2	Q9VWK7
Q9H7F4	Q9VWK7
O15541	Q9VDP8
Q8IZP6	Q9VDP8
Q9UHR4	Q8IQE6
Q6UXY1	Q8IQE6
Q9UQB8	Q8IQE6
Q92783	Q9XTL2
O75886	Q9XTL2
Q96PX1	Q9VY98
O60291	Q9VY98
Q8N4M1	Q9VZE7
Q8WWI5	Q9VZE7
P83881	Q9VLT7
Q969Q0	Q9VLT7
P23443	Q94533
Q9UBS0	Q94533
P11171	Q9V8R9
Q9H4G0	Q9V8R9
Q9Y2J2	Q9V8R9
O43491	Q9V8R9
P35914	Q9VM58
Q8TB92	Q9VM58
P45877	Q9W227
P23284	Q9W227
P33552	Q24152
P61024	Q24152
Q05940	Q8IH57
P54219	Q8IH57
P10244	P04197
P10243	P04197
P10242	P04197
O60682	Q0IGU7
O43680	Q0IGU7
Q2M238	Q9V9M6
Q9NYV6	Q9V9M6
Q9NZ01	Q9VZL3
Q5HYJ1	Q9VZL3
Q9H6Z4	Q9VCI7
Q86VV4	Q9VCI7
Q9BSK4	Q9VFD5
Q96JP0	Q9VFD5
Q8IWP9	M9PB06
Q9BUN5	M9PB06
Q13009	P91621
Q8IVF5	P91621
Q92613	Q7YZH1
Q6IE81	Q7YZH1
Q9NQC1	Q7YZH1
Q8WUN7	Q9VNB2
Q9HAC8	Q9VNB2
P22307	Q9VJ43
P22307	Q9VJ44
P50851	Q9W4E2
Q8NFP9	Q9W4E2
Q96T49	Q8SY34
Q96I34	Q8SY34
Q9H2K2	Q9VBP3
O95271	Q9VBP3
C9JRZ8	M9PF61
O60218	M9PF61
P15121	M9PF61
P51857	M9PF61
Q8IYB5	A1Z7K6
Q8WU79	A1Z7K6
P48739	A0A0B4KGG5
Q00169	A0A0B4KGG5
O75444	M9PG80
P54845	M9PG80
Q8NHW3	M9PG80
Q9Y5Q3	M9PG80
Q01974	Q24488
Q01973	Q24488
Q14344	P25157
Q03113	P25157
Q49AH0	Q9XZ63
P55145	Q9XZ63
Q5GLZ8	E8NHA2
Q15034	E8NHA2
O75882	Q9VB20
Q5VV63	Q9VB20
O43307	Q9W0S2
Q9NR80	Q9W0S2
Q8TCU6	Q9W0S2
Q96N96	Q9W0S2
Q70Z35	Q9W0S2
Q7L804	Q9VWS3
Q6WKZ4	Q9VWS3
Q9BXF6	Q9VWS3
Q9BW72	Q9VXH4
Q4VC39	Q9VXH4
O94886	Q6NP91
Q5T3F8	Q6NP91
Q9P1W3	Q6NP91
O15516	O61735
Q99743	O61735
Q8IWE2	Q9VF39
Q9NRY5	Q9VF39
Q8N6M0	Q9VUN9
Q7L8S5	Q9VUN9
O15047	Q5LJZ2
Q9UPS6	Q5LJZ2
Q8TDC3	Q9VUV4
Q8IWQ3	Q9VUV4
Q9Y4K4	A1ZBH7
Q12851	A1ZBH7
Q8IVH8	A1ZBH7
Q8NF91	M9MRD1
Q8WXH0	M9MRD1
Q16649	Q9VMS4
A0A5F9ZHS7	Q9VMS4
Q96LR5	P52485
Q969T4	P52485
P51965	P52485
Q13433	Q9VSL7
Q9ULF5	Q9VSL7
Q9Y2G1	A0A0B4LGG8
Q96LU7	A0A0B4LGG8
Q13574	Q09103
O75912	Q09103
O95782	P91926
O94973	P91926
Q96A47	Q9VJ37
P61371	Q9VJ37
P09017	P07548
Q00056	P07548
P09016	P07548
Q13367	Q9W4K1
O00203	Q9W4K1
P86790	Q9VZL5
P86791	Q9VZL5
Q8NB12	Q9W4X8
Q9NRG4	Q9W4X8
Q9H7B4	Q9W4X8
P48147	Q9VKW5
P48147	Q9V9P5
Q96BY7	Q9VZX7
Q2TAZ0	Q9VZX7
Q96C01	Q7JVK8
Q96C01	Q7JY26
Q0IIM8	Q9VP46
Q6ZT07	Q9VP46
O95759	Q9VP46
Q66K14	Q9VP46
Q8IUW3	Q9W1A4
Q9UM82	Q9W1A4
Q8N6N7	Q9VLS4
P07108	Q9VLS4
Q9HBZ2	O15945
P27540	O15945
Q96Q80	Q9VEU2
Q9GZP9	Q9VEU2
A6NDV4	Q9VBW1
Q9HCN3	Q9VBW1
P51003	A0A0B4KG96
Q9NRJ5	A0A0B4KG96
Q9BWT3	A0A0B4KG96
Q8N140	Q9VKV4
Q9NXX6	Q9VKV4
Q8TDX6	A1Z863
Q8N6G5	A1Z863
Q8WV99	Q9VQQ7
Q8N6M9	Q9VQQ7
Q8WV19	Q9VPD4
O95562	Q9VPD4
O14558	P82147
P02489	P82147
P02511	P82147
Q86SQ0	Q9VX80
Q86UU1	Q9VX80
Q6NSJ2	Q9VX80
Q9NPI1	Q9VLX2
Q9H8M2	Q9VLX2
Q92945	A1ZAK8
Q96AE4	A1ZAK8
Q96I24	A1ZAK8
Q5U5Z8	Q9VY99
Q8NEM8	Q9VY99
Q9H4G8	Q9VGQ9
Q96FX2	Q9VGQ9
O60229	Q7KVD1
O75962	Q7KVD1
O60264	Q24368
P28370	Q24368
P28065	A0AQH0
P28072	A0AQH0
Q8IUD2	A0A0B4K7K9
O15083	A0A0B4K7K9
Q86SQ6	Q7KV24
Q96PE1	Q7KV24
Q8IWK6	Q7KV24
Q96A72	P49028
P61326	P49028
P15531	P08879
P22392	P08879
P14621	Q4V6I0
P07311	Q4V6I0
Q12809	Q7JPB9
Q9NS40	Q7JPB9
Q9H252	Q7JPB9
Q12955	M9MRX4
Q01484	M9MRX4
O15198	P42003
Q15797	P42003
Q99717	P42003
Q8N3R3	Q9W4Z5
Q8N3R3	Q9VRT6
Q5VWQ8	Q8T498
Q96PV0	Q8T498
Q9UJF2	Q8T498
P50221	Q9VCY0
P50222	Q9VCY0
P36956	Q9VW37
Q12772	Q9VW37
Q14623	Q02936
O43323	Q02936
Q15465	Q02936
Q5JXB2	P35128
P61088	P35128
Q8WY41	P25724
P60321	P25724
P60323	P25724
Q12946	Q9VS05
Q12947	Q9VS05
Q9Y3B3	Q9VYT6
Q9Y3Q3	Q9VYT6
P05388	P19889
Q8NHW5	P19889
Q92747	O97182
O15143	O97182
P49903	O18373
Q99611	O18373
Q92572	Q9W1E8
P59780	Q9W1E8
Q9BSU3	Q9VT75
P41227	Q9VT75
P02730	Q9VT48
P04920	Q9VT48
P48751	Q9VT48
P29474	Q27571
P29475	Q27571
P35228	Q27571
Q9UKP5	Q9W493
P58397	Q9W493
Q9UKP4	Q9W493
Q8TE57	Q9W493
Q9H324	Q9W493
Q8TE60	Q9W493
Q92928	O18332
Q9H0U4	O18332
P62820	O18332
P61204	P61209
P84077	P61209
Q6P9H4	Q7KNQ9
G9CGD6	Q7KNQ9
Q8WXI2	Q7KNQ9
P56945	A4IJ58
Q14511	A4IJ58
Q8IZX4	P51123
P21675	P51123
Q9UM73	Q7KJ08
P29376	Q7KJ08
Q9BYG4	O97111
Q9NPB6	O97111
Q9BYG5	O97111
Q9NPF2	Q9VJG5
Q8NET6	Q9VJG5
Q8NHG8	Q9W3V3
Q8ND25	Q9W3V3
Q8IYD1	Q9VK85
P15170	Q9VK85
O95886	Q7K1T1
O14490	Q7K1T1
Q9Y2H0	Q7K1T1
Q9P1A6	Q7K1T1
Q99661	Q960Z0
O00139	Q960Z0
Q8TF64	Q7JX82
Q8TF65	Q7JX82
O14908	Q7JX82
Q6P3S1	A1Z7Q5
Q8TEH3	A1Z7Q5
Q8IV53	A1Z7Q5
Q8WWN8	Q9VX92
Q96P48	Q9VX92
Q8WZ64	Q9VX92
Q96CN4	Q9VYY9
O60447	Q9VYY9
Q00325	Q0E8E8
Q00325	Q7JUS9
Q01085	Q8IMX4
P31483	Q8IMX4
Q12778	Q95V55
A8MYZ6	Q95V55
P98177	Q95V55
O43524	Q95V55
Q13490	Q24307
P98170	Q24307
Q13489	Q24307
P20339	Q9V3I2
P61020	Q9V3I2
P51148	Q9V3I2
P07942	P11046
P55268	P11046
Q86VI4	Q7KGU6
Q15012	Q7KGU6
Q9NZN4	Q8T8W3
Q9NZN3	Q8T8W3
Q9H4M9	Q8T8W3
Q9H223	Q8T8W3
Q9Y3P9	A8JNN5
Q5R372	A8JNN5
Q93074	Q9VW47
Q86YW9	Q9VW47
P78368	A0A0B4KHL4
Q9Y6M4	A0A0B4KHL4
Q9HCP0	A0A0B4KHL4
Q96JW4	A8JV32
Q8IVJ1	A8JV32
Q96GZ6	A8JV32
Q9NZN9	A0A6H2EG45
O00170	A0A6H2EG45
O15442	Q9VT29
Q15777	Q9VT29
Q6FIF0	Q9VHF4
O76080	Q9VHF4
P25800	M9PI02
Q8TAP4	M9PI02
O95633	Q86NV3
P19883	Q86NV3
Q9UNN4	P52654
P52655	P52654
Q96FV3	Q9VMJ6
P62079	Q9VMJ6
Q8NG11	Q9VMJ6
Q9UL03	Q9W485
Q5JSJ4	Q9W485
Q5VZY2	Q8IGV3
Q8NEB5	Q8IGV3
Q9BRV8	Q9VM65
Q9NVK5	Q9VM65
Q9UNF0	A0A0B4KH28
Q9UKS6	A0A0B4KH28
Q9BY11	A0A0B4KH28
Q6PCB5	B7YZX6
Q5VWQ0	B7YZX6
O14810	Q8IPM8
Q6PUV4	Q8IPM8
Q9Y6M1	M9NF14
O00425	M9NF14
Q9NZI8	M9NF14
Q7Z745	Q9W350
A6NES4	Q9W350
Q8NDA8	Q9W350
Q8N2U0	B7Z137
Q8N2U0	Q9VDT4
Q5M9Q1	Q9VB74
Q8N5F7	Q9VB74
Q9Y651	M9PCG2
P48431	M9PCG2
O95416	M9PCG2
Q86WG3	Q9VZJ4
Q12982	Q9VZJ4
Q7Z465	Q9VZJ4
Q8WUY3	Q9VZJ4
P05089	O76895
P78540	O76895
Q96S79	Q9VNB7
Q92737	Q9VNB7
Q96SB3	M9NFI9
Q9ULJ8	M9NFI9
Q4G0A6	Q9VTG6
A8MYZ0	Q9VTG6
Q9BQF6	Q9VYJ5
Q9BQF6	Q9VRY4
Q9GZR1	Q9VYJ5
Q9GZR1	Q9VRY4
P22681	Q9VSK2
Q13191	Q9VSK2
P50281	Q9W122
P51511	Q9W122
Q9Y5R2	Q9W122
P51512	Q9W122
Q9ULZ9	Q9W122
Q9NPA2	Q9W122
Q9H2I8	Q8IMQ4
Q9H2I8	Q9GU54
P30153	P36179
P30154	P36179
Q00613	P22813
Q03933	P22813
Q9ULV5	P22813
P54750	B7YZV4
Q14123	B7YZV4
Q01064	B7YZV4
Q9Y2J0	Q9W2R9
Q14184	Q9W2R9
Q14183	Q9W2R9
Q96D15	Q9W0H8
Q15293	Q9W0H8
O43852	Q9W0H8
O43736	Q9VPT9
Q9NQX7	Q9VPT9
Q9Y287	Q9VPT9
Q3SX64	Q9VCJ6
A8MYP8	Q9VCJ6
Q8IXM7	Q9VCJ6
Q96PU9	Q9VCJ6
P62854	P13008
Q5JNZ5	P13008
Q5T9C2	Q9VID5
Q5T8I3	Q9VID5
Q9BZX2	Q9VC99
Q9HA47	Q9VC99
Q96T66	Q9VC03
Q9HAN9	Q9VC03
Q9P219	Q9VZT7
Q3V6T2	Q9VZT7
Q9UIF9	A8DYA3
Q9UIF8	A8DYA3
Q9UPM6	Q8IRC7
Q68G74	Q8IRC7
Q6ZMG9	Q9W423
Q96G23	Q9W423
Q8N5B7	Q9W423
Q7Z6J6	Q9VKY7
A2A2Y4	Q9VKY7
Q9Y2A7	P55162
P55160	P55162
Q2V2M9	E1JI78
Q9Y613	E1JI78
Q8NBN7	Q8MZG9
Q8NBN7	A1Z729
Q8NBN7	Q7JYX2
Q8NBN7	A0A0B4KFB3
Q8NBN7	Q7JUS1
A6NKD9	Q9VQK1
Q96PX6	Q9VQK1
Q9H2B4	Q9VVM6
P50443	Q9VVM6
P58743	Q9VVM6
P40879	Q9VVM6
Q9BXS9	Q9VVM6
O43511	Q9VVM6
O00482	P33244
Q13285	P33244
Q8N0Z2	Q9VZW6
Q8N0Z2	O46052
O60583	O96433
O60563	O96433
O43280	A1ZAE9
O43280	Q9W2M2
Q7Z4S6	Q9VKW4
O75037	Q9VKW4
Q8IUH2	Q9VEK7
O75629	Q9VEK7
P18031	Q9W0G1
P17706	Q9W0G1
P24522	A1Z6W5
O75293	A1Z6W5
O95257	A1Z6W5
P49716	Q02637
P53567	Q02637
P49715	Q02637
Q15744	Q02637
P08238	P02828
P07900	P02828
Q13153	Q9VI13
Q13177	Q9VI13
O75914	Q9VI13
O00499	Q7KLE5
Q9UBW5	Q7KLE5
P49418	Q7KLE5
Q15057	Q9VCQ6
Q15027	Q9VCQ6
Q96P50	Q9VCQ6
Q8IXS8	Q7K1C5
Q9BYI3	Q7K1C5
Q6ZN17	Q9VRN5
Q9H9Z2	Q9VRN5
Q9NRF8	Q9VUL1
P17812	Q9VUL1
Q8NHY5	Q9VN60
O60921	Q9VN60
P16383	Q9VI54
Q9Y5B6	Q9VI54
Q9P2E5	Q9VYH2
Q8IZ52	Q9VYH2
O60941	A8DYB7
Q9Y4J8	A8DYB7
Q70CQ4	Q9W117
Q70EL4	Q9W117
Q96MC6	Q6NLL3
Q5SR56	Q6NLL3
A0A1B0GUS4	Q7K738
P68036	Q7K738
O14607	Q9VL07
O15054	Q9VL07
O15550	Q9VL07
A6QL63	M9PFY3
Q8N961	M9PFY3
Q9Y6C5	P18502
Q13635	P18502
Q9BTT6	Q7KRY7
Q14160	Q7KRY7
O00507	P55824
Q93008	P55824
Q99747	Q9VH25
Q99747	Q9U6R9
O43827	Q5BIB8
O95841	Q5BIB8
Q15389	Q5BIB8
O15123	Q5BIB8
Q9Y264	Q5BIB8
O60234	Q9VJL6
P60983	Q9VJL6
Q16586	M9PF78
O43556	M9PF78
Q9UMX9	Q9VSV1
Q9UMX9	A0A0S0WGX2
P13196	O18680
P22557	O18680
P21281	P31409
P15313	P31409
Q9BXJ8	Q9U1M2
A0PK00	Q9U1M2
Q8N6R1	Q8SYY6
Q9Y6X1	Q8SYY6
P15882	Q9W4A9
P52757	Q9W4A9
Q9H0W9	Q9W0J9
Q9H0W9	Q8SXQ8
Q01968	O46094
P32019	O46094
P42679	Q8INJ8
P41240	Q8INJ8
O95544	Q6IDH2
O95544	A1Z9F4
P27361	P40417
P28482	P40417
P29992	P23625
P50148	P23625
O95837	P23625
P49747	Q9VM97
P49746	Q9VM97
P35443	Q9VM97
P63208	O77430
P63208	Q7KJ69
Q3KR16	Q9VW85
O94827	Q9VW85
Q9H9S4	P91891
Q9Y376	P91891
Q13506	Q59E55
Q15742	Q59E55
Q3SY17	Q7K483
Q9H1U9	Q7K483
Q14684	Q9VJZ7
P56182	Q9VJZ7
P42677	Q9VBU9
Q71UM5	Q9VBU9
Q6WCQ1	Q27421
Q9H2D6	Q27421
Q9H596	Q9VAB0
Q8NEJ0	Q9VAB0
O95147	Q9VAB0
O60343	E1JJ52
Q86TI0	E1JJ52
Q86XS8	Q06003
Q8TEB7	Q06003
Q9ULK6	Q06003
Q8NC42	Q06003
Q8TCT1	Q9VWF0
Q8TCD6	Q9VWF0
Q14721	P17970
Q92953	P17970
Q13308	Q7JXW8
Q13308	Q6AWJ9
O95573	A0A0B4KFE4
O60488	A0A0B4KFE4
O43306	A8JNU1
O95622	A8JNU1
Q9P2H5	Q7JQI1
Q8NB14	Q7JQI1
Q9Y696	Q9VY78
O00299	Q9VY78
Q9NZA1	Q9VY78
O15247	Q9VY78
O95833	Q9VY78
Q96NY7	Q9VY78
Q9H3Z7	Q9VZF1
O95870	Q9VZF1
Q9H3U5	Q9VS47
Q9H3U5	E1JHT4
Q9NQE7	Q8SXS7
Q9NQE7	Q9VS02
A6NI28	X2JDY8
A1A4S6	X2JDY8
O60890	X2JDY8
Q9UNA1	X2JDY8
Q15334	P08111
Q6P1M3	P08111
Q9BUH8	Q9VZP0
Q5JTD0	Q9VZP0
O95857	Q9VB99
Q12999	Q9VB99
O43739	Q0E8N2
Q15438	Q0E8N2
Q99418	Q0E8N2
Q9UIA0	Q0E8N2
P62244	P48149
P62244	Q7KR04
Q9UBV2	Q9V415
Q5TEA6	Q9V415
Q9Y6E2	Q9VNE2
Q7L1Q6	Q9VNE2
Q8TF40	E3CTN7
Q9P278	E3CTN7
Q9NUL3	P25159
O95793	P25159
Q9H3N1	A0A0B4LHC9
Q9H1E5	A0A0B4LHC9
Q9Y534	Q9VVA0
Q9Y2V2	Q9VVA0
Q5VZ89	Q9W3D3
Q7Z401	Q9W3D3
O75064	Q9W3D3
Q02962	O16117
Q06710	O16117
Q02548	O16117
Q49AJ0	M9PGQ5
Q9P2D6	M9PGQ5
Q8IVW6	Q24573
Q99856	Q24573
A6NKF2	Q24573
Q86WB7	Q9Y115
Q86WB7	B7YZU1
Q86XH1	Q9VHB4
A6NCM1	Q9VHB4
P62633	Q8T8R1
Q8WW36	Q8T8R1
Q2M3G0	Q5BI62
P08183	Q5BI62
O95342	Q5BI62
P21439	Q5BI62
Q01130	Q9V3T8
Q9BRL6	Q9V3T8
P12755	Q00G30
P12757	Q00G30
P04049	P11346
P15056	P11346
P10398	P11346
P98095	Q9V4B8
P23142	Q9V4B8
P0C1S8	P54350
P30291	P54350
O95772	Q9W145
Q14849	Q9W145
Q8IYR2	Q7KMH5
Q8IYR2	A1Z8L3
Q8IYS8	A0A0B4KHZ9
Q8NFC6	A0A0B4KHZ9
Q96IK1	A0A0B4KHZ9
Q70E73	Q9VWB7
Q7Z5R6	Q9VWB7
Q9NQB0	Q8IMA8
Q9HCS4	Q8IMA8
Q9UJU2	Q8IMA8
P36402	Q8IMA8
Q8WW52	Q9VLU9
Q6UXP7	Q9VLU9
Q96S90	Q961C8
Q8IV50	Q961C8
Q14241	Q9VCP0
Q8IYF1	Q9VCP0
Q9H477	Q9VK96
Q9H477	O77425
P39019	Q7KS38
P39019	P39018
Q96FV2	Q9VI64
Q0VDG4	Q9VI64
Q12765	Q9VI64
Q9NQL2	Q7K519
Q9HB90	Q7K519
Q96MY1	A0A1W5PXH3
O94818	A0A1W5PXH3
Q9BV68	Q9VHI7
Q9Y4L5	Q9VHI7
Q9BVI0	Q9VGA4
A8MW92	Q9VGA4
Q9UN37	Q9Y162
O75351	Q9Y162
O95372	M9PEW1
O75608	M9PEW1
Q7Z4Y8	Q9VKM3
O75964	Q9VKM3
P0DP24	P62152
P0DP25	P62152
P0DP23	P62152
P45379	P19351
P13805	P19351
P45378	P19351
O43715	A1ZAX2
O43715	Q6NLJ9
Q14416	P91685
Q14832	P91685
Q7Z3D4	Q7K4J7
Q5XG99	Q7K4J7
Q7Z699	A0A0B4KG11
Q7Z698	A0A0B4KG11
Q96NU1	Q9VKL0
Q7Z3H4	Q9VKL0
Q06587	Q9VB08
Q99496	Q9VB08
Q32MH5	Q7JXG9
Q7L5A3	Q7JXG9
Q86VX9	Q9VR38
Q7L1V2	Q9VR38
Q5T4T1	Q7JV61
Q8WVE7	Q7JV61
Q9UDT6	Q9VJE5
P30622	Q9VJE5
Q13615	Q7YU03
Q9NYA4	Q7YU03
A4IF30	A4V362
Q8IY50	A4V362
Q9BZ23	Q9NHN2
Q9H999	Q9NHN2
Q8TE04	Q9NHN2
Q8ND23	A0A0B4KEE7
Q5VZK9	A0A0B4KEE7
Q96CQ1	Q9VQ37
Q9BSK2	Q9VQ37
Q9UFH2	A0A0B4KHJ4
Q9NYC9	A0A0B4KHJ4
A8MPP1	Q9XZS9
Q96FC9	Q9XZS9
Q92771	Q9XZS9
Q8WZ73	A1Z971
Q969K3	A1Z971
Q6UXM1	A1ZAB1
O94898	A1ZAB1
Q96JA1	A1ZAB1
O14647	Q7KU24
O14646	Q7KU24
O96019	Q7K012
O94805	Q7K012
P02787	Q9VTZ5
P02788	Q9VTZ5
P08582	Q9VTZ5
Q16658	Q24524
O14926	Q24524
Q9H334	A0A0B4K6N2
Q8IVH2	A0A0B4K6N2
O15409	A0A0B4K6N2
Q9Y2T1	Q9V407
O15169	Q9V407
Q92879	Q8IP90
O95319	Q8IP90
Q9BQT9	Q9V498
O94985	Q9V498
Q9H4D0	Q9V498
Q7Z419	Q7JR34
P50876	Q7JR34
Q16537	A0A6F7R657
Q15172	A0A6F7R657
Q9UPU9	Q23972
Q5PRF9	Q23972
Q04771	A0A0B4K7J3
P37023	A0A0B4K7J3
Q8TCJ0	Q9VTM4
Q969P5	Q9VTM4
Q719H9	D5SHR0
Q96SI1	D5SHR0
Q8IZ07	Q7K4M9
Q86YJ7	Q7K4M9
Q6ZTN6	Q7K4M9
Q9UGH3	Q9VH02
Q9UHI7	Q9VH02
P61254	Q9VVU2
Q9UNX3	Q9VVU2
Q13454	Q8SY53
Q9H0U3	Q8SY53
Q8NBV4	Q8T8T9
Q8IY26	Q8T8T9
Q9Y4Z2	O16867
Q9H2A3	O16867
Q92886	O16867
O43768	Q9VUB8
P56211	Q9VUB8
O94921	M9PE01
Q96Q40	M9PE01
Q9NQT8	A0A0B4KFR5
Q9H1H9	A0A0B4KFR5
Q6YHK3	Q9NFV8
Q6YHK3	Q9VLY7
Q6YHK3	Q9NFV7
Q6YHK3	M9PDR0
O75970	Q9NB04
Q8NI35	Q9NB04
O75838	Q9W2Q5
Q96Q77	Q9W2Q5
Q3B8N5	P29617
Q92786	P29617
Q5SQI0	Q9W5X9
Q5SQI0	Q9VSY4
O60476	P53624
P33908	P53624
Q9NR34	P53624
P21918	P41596
P21728	P41596
Q9H115	Q23983
P54920	Q23983
P55197	A0A0B4KGP1
P55198	A0A0B4KGP1
Q5T1R4	A0A0B4KFC0
P15822	A0A0B4KFC0
P31629	A0A0B4KFC0
Q9UNW9	A0A0B4KGY6
P51513	A0A0B4KGY6
P18846	Q9VWW0
Q03060	Q9VWW0
P16220	Q9VWW0
O94855	M9PC99
P53992	M9PC99
Q13387	Q9W0K0
Q9UQF2	Q9W0K0
Q13541	Q9XZ56
Q13542	Q9XZ56
O60516	Q9XZ56
Q96KS0	Q8SX21
Q9GZT9	Q8SX21
Q9H6Z9	Q8SX21
Q9H8N7	A0A0B4KFN3
Q6ZNC4	A0A0B4KFN3
Q9NR83	A0A0B4KFN3
P10809	O02649
P10809	Q9VMN5
Q6ZMB5	A1A714
Q9Y519	A1A714
Q96S65	Q9U4G5
Q8WYN3	Q9U4G5
Q9H175	Q9U4G5
Q9Y2G0	Q8IGJ0
Q14156	Q8IGJ0
O14925	Q8MRW1
Q5SRD1	Q8MRW1
Q13148	Q8SXP8
Q13148	Q9VUN2
O43490	P82295
Q8N271	P82295
O43490	B7YZQ3
Q8N271	B7YZQ3
Q96KQ7	M9PGH7
Q9H9B1	M9PGH7
Q15911	P28167
Q9C0A1	P28167
Q86UP3	P28167
Q92804	Q27294
Q01844	Q27294
Q68J44	X2JEB8
Q5VZP5	X2JEB8
Q9UII6	X2JEB8
Q9BV47	X2JEB8
Q0JRZ9	Q6AWD5
Q9BQI5	Q6AWD5
P46976	A0A0B4LFW5
O15488	A0A0B4LFW5
O95153	A0A0B4JDC9
O15034	A0A0B4JDC9
P08579	P43332
P09012	P43332
P11142	P11147
P54652	P11147
P0DMV9	P11147
P0DMV8	P11147
P11142	P29843
P54652	P29843
P0DMV9	P29843
P0DMV8	P29843
O43248	P09087
P31270	P09087
P28358	P09087
Q9NYD6	P09087
P31277	P09087
P31260	P09087
P17482	P09087
P31269	P09087
P01116	P08646
P01111	P08646
P01112	P08646
Q13464	Q9VXE3
O75116	Q9VXE3
O00291	Q8MQJ8
O75146	Q8MQJ8
P12980	Q9W4X2
P17542	Q9W4X2
Q16559	Q9W4X2
O00329	P91634
P42338	P91634
P42336	P91634
P51114	Q9NFU0
P51116	Q9NFU0
Q06787	Q9NFU0
P21128	Q9VZ49
P21128	Q9VF14
P61296	Q9VL05
O96004	Q9VL05
Q96SB4	A0A6M3Q7C8
P78362	A0A6M3Q7C8
Q9UPE1	A0A6M3Q7C8
P78563	Q9NII1
Q9NS39	Q9NII1
Q13085	A1Z784
O00763	A1Z784
P29597	Q24592
P23458	Q24592
P52333	Q24592
O60674	Q24592
Q9NX18	Q4V5I9
Q9NX18	A1Z897
Q16629	Q9V3V0
P84103	Q9V3V0
Q9C0I1	Q9VY15
Q9NXD2	Q9VY15
Q96EX2	Q9VCD3
Q5M7Z0	Q9VCD3
Q96RU3	A8JNK4
Q5T0N5	A8JNK4
Q15642	A8JNK4
Q9BXW6	A0A0B4LGH8
Q9H1P3	A0A0B4LGH8
Q9NR22	Q9VGW7
Q99873	Q9VGW7
Q6MZP7	A1Z9E2
Q9Y4I5	A1Z9E2
O75223	Q9VVP9
O75223	Q8IQT0
Q9P2K1	A1ZAV1
Q6DHV5	A1ZAV1
Q01081	Q94535
Q8WU68	Q94535
Q8N1F7	Q9XZ06
Q8N1F7	Q9VFE7
Q9Y6R0	P16554
P49757	P16554
Q6XR72	M9PEG6
Q9Y6M5	M9PEG6
Q9BQ15	Q9VM17
Q96AH0	Q9VM17
Q96DH6	Q9VVE5
O43347	Q9VVE5
Q96P47	Q9NGC3
Q9UPQ3	Q9NGC3
Q99490	Q9NGC3
Q14129	P22468
Q9BY27	P22468
P61970	Q9VJ85
P61970	Q9VRD6
O43759	Q7JYV2
O43760	Q7JYV2
A8MWL6	Q7JYV2
O43761	Q7JYV2
Q8NBT0	Q9VU65
Q8TC44	Q9VU65
Q8WXH5	Q8INY1
O75159	Q8INY1
Q13188	Q8T0S6
Q13043	Q8T0S6
P21579	P21521
Q8N9I0	P21521
P23945	Q9VEG4
P16473	Q9VEG4
P22888	Q9VEG4
P08754	P20353
P04899	P20353
P63096	P20353
P14653	P10105
Q9GZZ0	P10105
P49639	P10105
P42229	Q24151
P42226	Q24151
P51692	Q24151
Q86XW9	M9PHK6
Q86XW9	Q9VYR5
Q9H9S3	Q8STG9
P61619	Q8STG9
P13284	Q95RA9
P13284	A0A0C4DHN2
Q9BY50	O97066
P67812	O97066
Q5VUJ9	Q9W2L0
Q5VUJ9	A1ZBR3
Q9C0K7	P83098
Q7RTN6	P83098
Q9NQ11	A8DZ26
Q4VNC0	A8DZ26
Q4VNC1	A8DZ26
Q9H7F0	A8DZ26
P27635	O61231
Q96L21	O61231
O00548	P10041
Q9NR61	P10041
Q8N1G1	Q2PDP6
Q8IX06	Q2PDP6
Q9H0K1	Q9W532
P57059	Q9W532
A0A0B4J2F2	Q9W532
Q8TAG9	Q9VDE6
Q9Y2D4	Q9VDE6
Q8WXR4	P10676
Q8NEV4	P10676
P49207	Q9VHE5
P49207	Q9VBH8
Q9NRF2	A0A0B4LHY5
O14492	A0A0B4LHY5
O43497	M9PGH9
O95180	M9PGH9
Q9P0X4	M9PGH9
P27449	P23380
P27449	Q8IQG3
Q96ST3	A0A0B4K765
O75182	A0A0B4K765
O60346	Q9VJ07
Q6ZVD8	Q9VJ07
Q99497	Q9VA37
Q99497	A1Z9J4
O95340	Q8IQV1
O43252	Q8IQV1
Q9UII2	E1JGT3
Q9UII2	Q0E8X8
Q76I76	Q6NN85
Q8TE77	Q6NN85
Q8WYL5	Q6NN85
P58546	Q9VWM3
P58546	Q8MYY7
P24844	P40423
P19105	P40423
O14950	P40423
P04406	P07487
P04406	P07486
P58005	Q9W1K5
P58004	Q9W1K5
Q9Y6P5	Q9W1K5
P62701	P41042
P22090	P41042
Q8TD47	P41042
Q13451	Q9VL78
Q02790	Q9VL78
P02462	Q9VMV5
P02462	P08120
Q14031	Q9VMV5
Q14031	P08120
Q4FZB7	Q9W5E0
Q86Y97	Q9W5E0
Q9NRR3	Q9VNE7
Q9NRR8	Q9VNE7
Q8NHP6	Q9VRR3
Q8NHP6	M9PBR6
Q8TAA5	P48604
Q9HAV7	P48604
Q9NR64	Q7K0L2
Q96PQ7	Q7K0L2
Q9C0H6	Q7K0L2
P49427	Q9VUR4
Q712K3	Q9VUR4
P61604	Q9VU35
P61604	Q9VFN5
A6NFH5	Q8INK3
P05413	Q8INK3
Q0Z7S8	Q8INK3
P02689	Q8INK3
Q01469	Q8INK3
O15540	Q8INK3
P15090	Q8INK3
Q6P1J6	Q9VW80
Q6P1J6	Q9VMM8
P57052	Q9VPK4
Q9Y580	Q9VPK4
Q9UNW1	Q9W438
Q9UNW1	Q9VV72
Q96HU8	Q9VH66
O95057	Q9VH66
Q9NP08	Q9VEI9
A6NHT5	Q9VEI9
Q8NFR3	A8DYH6
Q969W0	A8DYH6
O94979	A0A0B4LEZ1
Q9NQW1	A0A0B4LEZ1
O95343	Q95RW8
O95475	Q95RW8
O00443	Q7K3H0
O00750	Q7K3H0
Q8WXH2	Q7JV09
Q9BR39	Q7JV09
Q9HDC5	Q7JV09
Q96JJ6	Q7JV09
O75449	A0A0B4KFL3
Q9BW62	A0A0B4KFL3
P35052	Q9VUG1
Q8N158	Q9VUG1
Q9Y625	Q9VUG1
O75487	Q9VUG1
Q99758	Q9VVJ9
Q99758	Q9VRG4
O00757	A0A0U1RVK6
P09467	A0A0U1RVK6
P42892	Q9W5Y0
P0DPD6	Q9W5Y0
P0DPD8	Q9W5Y0
P23467	Q9W4F5
P23467	P35992
P23416	Q94900
O75311	Q94900
P48167	Q94900
P23415	Q94900
Q5JST6	Q9VXP5
Q5JST6	Q7K2N1
P67775	P23696
P62714	P23696
P11802	Q7K306
Q00534	Q7K306
P53675	P29742
Q00610	P29742
Q15768	Q9V4E1
P52799	Q9V4E1
P98172	Q9V4E1
P30405	P25007
P30405	Q7K2I4
Q969R5	Q9VK33
Q05BQ5	Q9VK33
Q5TGZ0	Q9W1B2
Q5TGZ0	Q8SY69
Q5TGZ0	Q9VY65
P78424	A0A0B4JD55
Q14863	A0A0B4JD55
Q8IY49	Q9W3S5
Q15546	Q9W3S5
Q9NZM3	M9ND00
Q15811	M9ND00
Q14573	P29993
Q14643	P29993
Q14571	P29993
Q96D71	Q8MQS4
Q8NFH8	Q8MQS4
Q96JE7	X2JEM2
O15027	X2JEM2
Q53EP0	B7YZW3
Q9Y2H6	B7YZW3
Q6ZNC8	Q6NN55
Q6ZWT7	Q6NN55
Q9P0L0	Q9W4N8
O95292	Q9W4N8
P61923	Q9VV89
Q9P299	Q9VV89
O60422	Q9NJB5
Q9UBC0	Q9NJB5
O95948	Q9NJB5
Q9ULV0	A1Z6Z8
Q9Y4I1	A1Z6Z8
Q68CJ9	P29747
Q70SY1	P29747
Q8TEY5	P29747
Q96BA8	P29747
Q6ZV29	Q9U969
Q8IY17	Q9U969
Q9H3U1	Q9VHW4
Q8IWX7	Q9VHW4
Q96FA3	O77237
Q8N2H9	O77237
Q9HAT8	O77237
Q8N573	A0A0B4K620
Q8NI08	A0A0B4K620
Q9H4F8	Q0E9E0
Q9H3U7	Q0E9E0
Q8NFA0	M9PD06
P35125	M9PD06
P33121	Q9VVT8
Q9ULC5	Q9VVT8
Q9UKU0	Q9VVT8
Q96MZ0	Q9VRJ3
Q8TB36	Q9VRJ3
P61457	O76454
Q9H0N5	O76454
Q96EY5	Q9VWY7
Q9H7P6	Q9VWY7
O75746	Q9VA73
Q9UJS0	Q9VA73
Q5T1A1	Q9W0V0
Q5T1A1	Q8IRH3
Q14957	Q9W581
Q13224	Q9W581
O15399	Q9W581
Q12879	Q9W581
Q9UGC6	Q8T017
O76081	Q8T017
O94983	B7YZU4
Q9Y6Y1	B7YZU4
Q96NS1	Q9W2X7
O60688	Q9W2X7
Q96QA6	Q9W2X7
P61236	Q9W2X7
O00629	Q9V455
O00505	Q9V455
Q4G148	Q9VBY3
A0PJZ3	Q9VBY3
P0DPB3	A8DYY6
B3KU38	A8DYY6
Q14112	A1Z877
P14543	A1Z877
P23975	Q7K4Y6
Q01959	Q7K4Y6
P62166	Q9VWX8
P62166	P37236
O00294	Q86PC9
O75386	Q86PC9
P50607	Q86PC9
Q14106	Q9VXJ9
P50616	Q9VXJ9
P30301	Q9V5Z7
P29972	Q9V5Z7
P55087	Q9V5Z7
P55064	Q9V5Z7
P41181	Q9V5Z7
P06737	Q9XTL9
P11217	Q9XTL9
P11216	Q9XTL9
Q6ZVM7	Q9VSZ1
O60784	Q9VSZ1
P49619	Q01583
Q9Y6T7	Q01583
P23743	Q01583
Q76L83	Q9V727
Q8IXJ9	Q9V727
Q9C0F0	Q9V727
P42126	Q9VL67
P42126	Q9VL66
P42126	Q9VL68
Q14320	Q9VAY7
Q9Y247	Q9VAY7
Q75V66	M9PI24
Q4KMQ2	M9PI24
Q32M45	M9PI24
Q9BYT9	M9PI24
Q5M775	Q0KHX7
Q69YQ0	Q0KHX7
Q53TN4	Q9I7U1
Q8NBI2	Q9I7U1
Q5SVS4	Q7K566
O95258	Q7K566
Q969T7	Q9W197
Q9H0P0	Q9W197
Q6ZU65	P25992
Q9NPG3	P25992
Q3MHD2	Q9VYR0
Q3MHD2	Q9VT67
O00506	Q9VEN3
Q9Y6E0	Q9VEN3
Q9P289	Q9VEN3
Q9UHQ1	Q8SYS7
Q9H6Q4	Q8SYS7
Q9Y662	Q9VWJ7
Q96QI5	Q9VWJ7
Q9Y278	Q9VWJ7
Q9Y661	Q9VWJ7
Q9Y663	Q9VWJ7
Q96QB1	A8JR05
Q92502	A8JR05
Q9Y3M8	A8JR05
Q92536	A0A0B4KHK8
Q9UM01	A0A0B4KHK8
Q969G2	M9PD53
Q9UBR4	M9PD53
A4GXA9	A1Z8C0
Q96AY2	A1Z8C0
Q9Y6Z7	B7YZU7
Q9BWP8	B7YZU7
Q13627	P49657
Q9Y463	P49657
Q6ZTA4	M9MRI4
Q9C026	M9MRI4
Q9NNW7	P91938
Q9NNW7	Q9VNT5
P27144	Q9VGU6
Q9UIJ7	Q9VGU6
A0A8I5KW96	Q9VGU6
P11234	P48555
P11233	P48555
P09497	Q9VWA1
P09496	Q9VWA1
P19174	Q9VXH3
P16885	Q9VXH3
Q8NBX0	Q9VN86
Q8NBX0	Q9VG81
P22459	P08510
P16389	P08510
Q09470	P08510
P22001	P08510
Q9UEY8	Q02645
P35612	Q02645
P35611	Q02645
Q13705	A0A0B4KG59
P27037	A0A0B4KG59
P25098	P32865
P35626	P32865
O60315	P28166
P37275	P28166
Q96GW7	Q8IRH8
Q96GW7	Q9W3D8
P52597	Q9VGH5
Q12849	Q9VGH5
P31943	Q9VGH5
P55795	Q9VGH5
Q9HC35	Q9VUI3
O95834	Q9VUI3
Q32P44	Q9VUI3
O00423	Q9VUI3
Q9BT88	Q9U6P7
Q9H2B2	Q9U6P7
Q14444	Q9I7D3
Q6IMN6	Q9I7D3
Q9Y5K8	Q9V7D2
Q9Y5K8	Q9NEF6
P60059	Q9VWE9
P60059	Q9V668
Q86T03	Q9VT69
Q8N4L2	Q9VT69
O43314	Q9VR59
Q6PFW1	Q9VR59
Q14679	Q9VQV6
Q14679	Q8IPB2
Q8NDB2	Q9VFI0
Q6ZUJ8	Q9VFI0
Q9Y678	Q8I0G5
Q9UBF2	Q8I0G5
Q9UPY6	F2FB81
Q9Y6W5	F2FB81
Q92558	F2FB81
O95373	Q9VSD6
O15397	Q9VSD6
P54792	P51140
O14641	P51140
O14640	P51140
Q92997	P51140
Q96MH2	Q8INF6
O94992	Q8INF6
P38405	P20354
Q5JWF2	P20354
Q04671	Q9VR48
Q04671	Q9VR47
P22676	P41044
P05937	P41044
Q9UHF1	Q95RQ1
Q99944	Q95RQ1
P08173	P16395
P20309	P16395
P11229	P16395
P08912	P16395
P08172	P16395
Q9NQR9	Q9VQH1
Q9BUM1	Q9VQH1
P35575	Q9VQH1
Q16816	Q9I7D0
P15735	Q9I7D0
P22670	A0A0B4K653
P48380	A0A0B4K653
P48378	A0A0B4K653
Q16623	Q24547
P61266	Q24547
Q9Y4P9	Q9VT31
Q9Y4P9	Q9VXK2
P49711	Q9VS55
Q8NI51	Q9VS55
Q9GZU3	A1Z9L5
Q9NV64	A1Z9L5
Q9HBV1	Q9VRE2
Q9HBU9	Q9VRE2
Q8NE79	Q9VRE2
O94776	A0A0B4KG70
Q9BTC8	A0A0B4KG70
Q13330	A0A0B4KG70
Q9UPR6	Q86BI3
Q96KR1	Q86BI3
Q9NQE9	Q6IIA4
Q9NQE9	Q9VQ59
Q9C0K0	A0A499JF18
Q9H165	A0A499JF18
Q9HCM4	Q9VFU8
Q9H329	Q9VFU8
Q9C040	B7YZK8
O75382	B7YZK8
Q2Q1W2	B7YZK8
Q8N4E4	Q8MR62
Q9H2J4	Q8MR62
Q96J92	M9PGC5
Q9BYP7	M9PGC5
Q9Y3S1	M9PGC5
Q9H4A3	M9PGC5
Q5T5U3	X2JEI9
Q9P227	X2JEI9
Q9NVI7	Q9VEX6
Q5T9A4	Q9VEX6
Q2WGN9	Q9VZZ9
Q9UQC2	Q9VZZ9
Q13480	Q9VZZ9
Q8WWW8	Q9VZZ9
Q9Y2X7	Q95RG8
Q14161	Q95RG8
Q9Y644	Q24342
O00587	Q24342
Q8NES3	Q24342
Q5VSL9	Q8IRD5
Q9ULQ0	Q8IRD5
O75155	Q9VKY2
Q86VP6	Q9VKY2
Q8N2R8	Q9VHA6
Q6ZT52	Q9VHA6
Q9Y6Y8	Q9VLS7
O94830	Q9VLS7
Q6PIL6	Q8IR92
Q9Y2W7	Q8IR92
Q9NZI2	Q8IR92
Q9NS61	Q8IR92
Q6PIL6	Q9VBL2
Q9Y2W7	Q9VBL2
Q9NZI2	Q9VBL2
Q9NS61	Q9VBL2
Q70IA8	Q9VL13
Q96BX8	Q9VL13
Q86TA1	Q9VL13
Q96BY6	M9PCG3
Q9BZ29	M9PCG3
Q5JSL3	M9PCG3
O15391	Q8ST83
P25490	Q8ST83
Q96MM3	Q8ST83
O43399	A0A0B4K897
Q16890	A0A0B4K897
P55327	A0A0B4K897
Q96J77	A0A0B4K897
Q8IWF6	Q9W4D1
Q8NEG7	Q9W4D1
P20933	A1ZBI7
P20933	Q8MR45
Q96LB4	Q9XZH6
O95670	Q9XZH6
O75348	Q9XZH6
Q9UBB5	A0A0B4KGZ0
O95983	A0A0B4KGZ0
P10070	P19538
P10071	P19538
P08151	P19538
Q9Y2D1	Q9VID3
P18848	Q9VID3
P40424	P40427
P40425	P40427
P40426	P40427
P24386	Q9V8W3
P26374	Q9V8W3
Q9HCR9	Q9VFI9
Q9HCR9	Q9VJ79
Q9H3R1	Q9V3L1
P52848	Q9V3L1
O95803	Q9V3L1
P52849	Q9V3L1
Q12798	M9PGG8
P41208	M9PGG8
Q9Y216	Q8MLR7
Q96EF0	Q8MLR7
Q9Y217	Q8MLR7
P0DME0	P53997
Q01105	P53997
Q12967	M9PCE9
Q9NZL6	M9PCE9
Q13424	Q9VNY2
Q13425	Q9VNY2
Q13884	Q9VNY2
Q14839	O97159
Q8TDI0	O97159
Q12873	O97159
Q15437	A0A0B4K5Z8
Q15436	A0A0B4K5Z8
O14910	Q8IMT8
Q9NUP9	Q8IMT8
Q9HAP6	Q8IMT8
Q9NRR5	Q9VWD9
Q9UMX0	Q9VWD9
Q9UHD9	Q9VWD9
Q8IY33	Q9VU34
Q8N3F8	Q9VU34
O43251	M9NFQ7
Q9NWB1	M9NFQ7
A6NFN3	M9NFQ7
Q9NPJ8	Q9V3H8
Q9UKK6	Q9V3H8
Q8TE73	A0A0B4LH20
Q96JB1	A0A0B4LH20
Q8TE73	A8Y5B7
Q96JB1	A8Y5B7
O43567	Q9VI20
Q8WWF5	Q9VI20
Q9H6Y7	Q9VI20
Q9P2J2	Q967D7
Q9UPX0	Q967D7
Q8N488	Q9W215
Q8IY57	Q9W215
Q6ICB4	Q9VMI6
Q8N4B1	Q9VMI6
Q9UPI3	Q7K1D7
Q9Y5Y0	Q7K1D7
P19021	Q9V5E1
P19021	Q9W1L5
Q9Y4P1	Q9VPW2
Q8WYN0	Q9VPW2
Q96A56	M9NFM7
Q8IXH6	M9NFM7
C4AMC7	Q7JW27
A8K0Z3	Q7JW27
Q6VEQ5	Q7JW27
A8MWX3	Q7JW27
Q9NQA3	Q7JW27
Q86UF1	A0A0B4KFQ5
Q86UF1	Q9W4X6
P58215	Q9W2C9
Q9Y4K0	Q9W2C9
Q96JB6	Q9W2C9
P78337	O18400
Q99697	O18400
O75364	O18400
Q86UW9	Q23985
Q9Y2E6	Q23985
Q86Y01	Q23985
Q96B97	A0A0B4KI34
Q9Y5K6	A0A0B4KI34
P22694	P12370
P17612	P12370
P56557	Q9VZE2
O95807	Q9VZE2
A8MXD5	Q9W4S1
A8MXD5	Q9VNL4
Q3B7J2	Q9Y153
Q9NXC2	Q9Y153
P14406	Q9VHS2
O60397	Q9VHS2
O14548	Q9VHS2
P24310	Q9VHS2
P24864	P54733
O96020	P54733
Q08999	Q24472
P28749	Q24472
P10589	P16376
P24468	P16376
P49281	P49283
P49279	P49283
P20248	P14785
P78396	P14785
Q14289	B7YZL9
Q05397	B7YZL9
P27815	Q9W4T4
Q08499	Q9W4T4
Q08493	Q9W4T4
Q07343	Q9W4T4
P23634	Q59DP9
P20020	Q59DP9
Q16720	Q59DP9
Q01814	Q59DP9
O43707	P18091
P12814	P18091
Q08043	P18091
P35609	P18091
Q13131	O18645
P54646	O18645
Q9UN86	Q9VFT4
Q13283	Q9VFT4
P11441	Q9VEC8
Q8N7F7	Q9VEC8
Q9BX40	M9PF20
Q8ND56	M9PF20
O75473	Q7KTA0
Q9HBX8	Q7KTA0
Q9BXB1	Q7KTA0
Q15695	Q9VR26
Q15696	Q9VR26
Q6PJG2	Q9VHD1
Q96PN7	Q9VHD1
Q9H0D2	Q9VHD1
Q8WTU0	Q9VXF9
Q5TDH0	Q9VXF9
Q6NUK1	Q0E8F2
Q9BV35	Q0E8F2
Q6KCM7	Q0E8F2
Q9Y3L3	Q9VDS5
Q68EM7	Q9VDS5
Q17R89	Q9VDS5
Q6ZT62	Q9VDS5
Q9BV86	Q6NN40
Q5VVY1	Q6NN40
P54259	M9PHT1
Q9P2R6	M9PHT1
Q9ULL5	Q9VWA0
Q2KHR3	Q9VWA0
Q9Y4E1	A1ZBW7
Q641Q2	A1ZBW7
Q9H7P9	A1ZBA1
Q9ULL1	A1ZBA1
A1L390	A1ZBA1
O60271	Q9GQF1
Q9UPT6	Q9GQF1
Q14012	Q7JMV3
Q6P2M8	Q7JMV3
Q96NX5	Q7JMV3
Q8IU85	Q7JMV3
Q02224	Q9VKH9
Q02224	Q9VKI0
Q9BTU6	Q9VND3
Q8TCG2	Q9VND3
O14657	O77277
Q5JU69	O77277
O14656	O77277
Q9H497	O77277
Q9UQR0	Q9VHA0
Q96GD3	Q9VHA0
Q7RTU7	Q59E67
Q12870	Q59E67
Q71RC2	Q9I7T7
Q92615	Q9I7T7
O15126	Q9VXV6
O15127	Q9VXV6
O14828	Q9VXV6
P0DI82	Q9VUZ1
P0DI81	Q9VUZ1
Q13303	M9PHI0
O43448	M9PHI0
Q14722	M9PHI0
Q9UEE5	Q0KHT7
O94768	Q0KHT7
Q5VZ52	Q9VT14
Q5VZ52	Q9VT16
Q9NZK5	Q7KGG1
Q9NZK5	Q9VVK5
Q9NZK5	Q9VVK4
P14652	P31264
O43364	P31264
P60660	P54357
P05976	P54357
P08590	P54357
P14649	P54357
P12829	P54357
Q5HY92	Q9VQN8
Q6PIW4	Q9VQN8
P09936	P35122
P15374	P35122
Q15853	Q9W4J8
P22415	Q9W4J8
P56177	P20009
O60479	P20009
P56179	P20009
P62873	P26308
Q9HAV0	P26308
P62879	P26308
P85037	M9PF47
Q01167	M9PF47
O60500	Q0E9F2
O60500	A1Z9X4
Q9BWU1	Q9VT57
P49336	Q9VT57
Q9NZ20	Q9W3I8
Q9NZ20	Q9W4I0
Q15366	M9NEH9
Q15365	M9NEH9
P57723	M9NEH9
P57721	M9NEH9
P51531	P25439
P51532	P25439
Q6UWP2	Q9VU92
Q6UWP2	Q6NNV7
Q6UWP2	Q9VMH9
Q6UWP2	Q9VZ19
Q6UWP2	Q8IRN0
Q6UWP2	Q9VYU9
Q6UWP2	Q9VDC0
Q6UWP2	Q5LJT3
Q8WV92	Q8MLV2
Q8WV92	Q9VZK1
Q5H9F3	Q8IQT4
Q6W2J9	Q8IQT4
Q9HBI1	Q9VWD0
Q9NVD7	Q9VWD0
Q9BSH5	Q94915
Q9BSH5	Q9W4J7
P34925	Q9V422
P34925	Q27324
Q9NQW8	Q9W2D5
Q14028	Q9W2D5
O43865	Q9VZX9
Q96HN2	Q9VZX9
Q9UQK1	Q9VUF3
Q86XI6	Q9VUF3
Q8NFJ8	Q9VJC1
Q8NDY6	Q9VJC1
Q86XF0	P17719
P00374	P17719
Q86YM7	Q0E8S7
Q9NSB8	Q0E8S7
Q9NSC5	Q0E8S7
Q9NUJ3	Q9W461
Q8WWU5	Q9W461
Q5H9J9	Q9W461
Q8N4U5	Q9W461
Q9GZX9	Q9W494
Q9GZX9	P54356
Q07075	Q8INH6
Q07075	Q9VFW9
Q07075	Q9VFX0
P24666	P82890
P24666	P82891
Q8NI60	Q9VYI6
Q96D53	Q9VYI6
Q9NXW2	Q9VFP0
Q8TBM8	Q9VFP0
A6BM72	Q9W0A0
Q96KG7	Q9W0A0
Q5VY43	Q9W0A0
P40227	Q9VXQ5
Q92526	Q9VXQ5
Q9H714	Q9W3C9
Q92622	Q9W3C9
P25786	Q9VK14
P25786	P12881
Q9ULM6	Q8IMX1
Q96LI5	Q8IMX1
O75410	A0A0B4JD97
O95359	A0A0B4JD97
Q9Y6A5	A0A0B4JD97
Q8WVP5	Q7KVH9
Q6P589	Q7KVH9
O95379	Q7KVH9
Q5GJ75	Q7KVH9
Q96GD4	Q9VGF9
Q9UQB9	Q9VGF9
O14965	Q9VGF9
Q8NBU5	Q9VL02
Q8NBU5	Q9V3Q1
P55103	O61643
P58166	O61643
P08476	O61643
P09529	O61643
P00918	Q9V396
Q8N1Q1	Q9V396
P43166	Q9V396
Q9Y2D0	Q9V396
P35218	Q9V396
P07451	Q9V396
P00915	Q9V396
P13349	P22816
P15172	P22816
P29371	P30975
P21452	P30975
P25103	P30975
P60201	M9PGC0
Q13491	M9PGC0
P51674	M9PGC0
Q99733	Q9W1G7
P55209	Q9W1G7
O43526	A1Z856
O43525	A1Z856
P56696	A1Z856
Q9NR82	A1Z856
Q13698	Q24270
O60840	Q24270
Q01668	Q24270
Q13936	Q24270
B0YJ81	Q9VKD2
Q6Y1H2	Q9VKD2
Q7RTX9	Q9W0L6
Q7RTX9	Q9W509
Q7RTX9	Q8T043
P07602	Q9Y125
Q6NUJ1	Q9Y125
Q14249	Q7JXB9
Q14249	Q8IPZ0
O95427	Q9VCV7
O95427	A1Z838
Q6P4D5	Q9VM36
Q96E09	Q9VM36
Q7Z309	Q9VM36
Q92859	A1Z920
P43146	A1Z920
Q9H1H1	Q9VMU7
Q8WW33	Q9VMU7
Q9H5J4	Q9VV87
Q9HB03	Q9VV87
O43566	Q9VCX1
O14924	Q9VCX1
Q86VW1	Q961R9
Q86VW1	Q9VCA2
Q86VW1	Q95R48
Q9UQ26	A0A0B4K6M2
Q86UR5	A0A0B4K6M2
Q9UJD0	A0A0B4K6M2
Q9H426	A0A0B4K6M2
P29973	Q24278
Q16280	Q24278
Q16281	Q24278
Q8IV77	Q24278
O75179	Q9VCA8
Q8IWZ3	Q9VCA8
Q8N5Z5	Q9W579
Q9NXV2	Q9W579
Q14681	Q9W579
Q9UMN6	P20659
Q03164	P20659
P31350	P48592
Q7LG56	P48592
Q7Z5Q1	Q9VSR3
Q8NE35	Q9VSR3
Q17RY0	Q9VSR3
O96013	Q9VXE5
Q9P286	Q9VXE5
Q9H4D5	Q9U1H9
Q9H1B4	Q9U1H9
Q9UBU9	Q9U1H9
Q9GZY0	Q9U1H9
Q15006	Q9VEQ2
Q15006	Q9VEQ1
O95406	P49858
Q8TBE1	P49858
Q6PI25	P49858
Q92830	Q9VTZ1
Q92831	Q9VTZ1
Q8N8V4	Q7JQL2
Q495M9	Q7JQL2
P78318	Q9VJZ5
A0A1W2PR95	Q9VJZ5
O15439	A0A0B4KGI0
O15439	Q9VJ21
O15439	Q9VGM1
O15439	Q9VLN6
O15439	Q8MT77
O15439	P91660
O15439	Q7KT22
O15394	P34082
P13591	P34082
Q9UPN9	A0A0B4KGE5
Q13263	A0A0B4KGE5
O15164	A0A0B4KGE5
Q8N635	Q9W3M9
H3BU10	Q9W3M9
P15144	Q0KI00
P15144	Q7KRW4
P15144	Q95SR0
P15144	Q9VAM2
P35221	P35220
P26232	P35220
Q02447	A0A0B4KHC8
Q02446	A0A0B4KHC8
P08047	A0A0B4KHC8
O95947	Q9VST0
O95947	Q9VST2
O95947	Q9U8L5
P28702	P20153
P48443	P20153
P19793	P20153
P48556	Q9VUJ4
P48556	Q9V436
Q9HDC9	Q9VAQ9
Q9HDC9	Q9VB46
Q8WTU2	Q9VSU2
P56730	Q9VSU2
Q9NR16	Q9VSU2
Q86VB7	Q9VSU2
Q9UGM3	Q9VSU2
P61966	B8A403
P56377	B8A403
Q38SD2	A0A0B4KHT3
Q5S007	A0A0B4KHT3
O00458	Q9VQI5
Q12894	Q9VQI5
O75191	Q9VPT2
O75191	Q9VEQ0
A0A7P0TBJ1	Q9VXB1
Q14CZ0	Q9VXB1
Q96HA9	A1Z891
Q96HA9	A0A0B4K701
Q9H8T0	Q7K4V4
Q9H8T0	A1ZBR5
Q56UQ5	Q9VGS2
P13693	Q9VGS2
Q9HAU6	Q9VGS2
Q96IZ6	Q86BS6
Q9H825	Q86BS6
Q6P1Q9	Q86BS6
Q9NT68	O61307
Q9UKZ4	O61307
Q9P273	O61307
Q6N022	O61307
Q6UB99	Q8IQI3
Q6UB98	Q8IQI3
Q76EJ3	Q95YI5
Q9NTN3	Q95YI5
Q86TM3	Q7K4L8
Q9NXZ2	Q7K4L8
Q8IYX7	Q9VE97
Q658L1	Q9VE97
Q15555	A1Z6P3
Q9UPY8	A1Z6P3
Q15691	A1Z6P3
Q17RD7	A0A0B4KF61
Q8NB59	A0A0B4KF61
Q9GZY4	Q8IPK2
Q9GZY4	Q9W2M9
Q86Y91	Q9VSW5
Q8NI77	Q9VSW5
P36021	C8VV48
Q8TF71	C8VV48
P46934	Q9VVI3
Q96PU5	Q9VVI3
P63098	P48451
P63098	Q24214
O43683	A1Z6I7
O43683	Q9VMS5
Q5T0T0	Q9VSX7
Q8TCQ1	Q9VSX7
Q15560	P20232
O75764	P20232
P23193	P20232
O60237	M9NEB2
O14974	M9NEB2
P07205	Q01604
P00558	Q01604
P61225	O96692
Q9Y3L5	O96692
P10114	O96692
P28838	Q9VSM7
P28838	Q9VSM6
Q9UBH6	Q9VWZ2
Q9UBH6	Q9VRR2
P46019	Q9W391
P46020	Q9W391
P68371	Q24560
Q9BVA1	Q24560
P09486	O97365
Q14515	O97365
Q15434	Q8MSV2
P29558	Q8MSV2
Q6XE24	Q8MSV2
O15145	Q9VX82
O15145	Q9VF28
Q96AT9	Q95RV5
Q2QD12	Q95RV5
Q9BTC0	A0A0B4K6G3
Q6ZMY3	A0A0B4K6G3
Q92576	A0A0B4K6G3
Q9HB40	Q8IRI8
Q9HB40	Q8IP31
Q9HB40	Q9W0N8
Q9HB40	Q9VJN0
Q9H8M1	Q8MLL3
Q96MF6	Q8MLL3
Q6ZVD7	Q9VP79
Q9P2F5	Q9VP79
Q9NWH9	Q8IMV6
Q15424	Q8IMV6
Q14151	Q8IMV6
Q15035	Q9W5C2
Q8N609	Q9W5C2
Q15629	Q9W5C2
Q96IG2	A8DYA6
Q9UKC9	A8DYA6
O95182	O97418
O95182	Q9VNT3
Q86SG6	Q9VC32
Q8TD19	Q9VC32
P08236	Q9V9T9
P08236	A1ZBG9
Q9UJW2	Q7JWQ7
Q9GZM7	Q7JWQ7
Q8IZ40	Q59E36
Q9UKL0	Q59E36
Q9P2K3	Q59E36
Q9UIV1	X2JCC3
Q9UFF9	X2JCC3
Q9NUK0	O16011
Q5VZF2	O16011
Q9NR56	O16011
Q9P2P5	Q9W326
Q76N89	Q9W326
Q9H009	Q94518
O15069	Q94518
Q9BZK3	Q94518
E9PAV3	Q94518
Q9Y2Q0	B7YZF8
Q9NTI2	B7YZF8
Q9H993	Q9W299
Q9H993	Q9W298
Q9H993	Q9V3Z7
Q9H993	Q9W2A0
Q8WXD0	Q9VBP0
Q9HBX9	Q9VBP0
P0CG08	Q3ZAN1
B7ZAQ6	Q3ZAN1
P36871	Q9VUY9
Q15124	Q9VUY9
Q9BUP0	Q9VJ26
Q96C19	Q9VJ26
O14901	Q9VPQ5
Q13118	Q9VPQ5
Q9Y2Y9	Q9VPQ5
Q15723	P11536
Q99607	P11536
P32519	P11536
O15021	Q9VUQ9
Q9Y2H9	Q9VUQ9
O60307	Q9VUQ9
Q6P0Q8	Q9VUQ9
Q92539	Q8SXP0
Q14693	Q8SXP0
Q9BQK8	Q8SXP0
O75078	X2JE21
Q9P0K1	X2JE21
O75077	X2JE21
O95429	A8JNS4
O95817	A8JNS4
O95487	A1Z813
O95486	A1Z813
P14921	P51023
P15036	P51023
P22003	P27091
P18075	P27091
P22004	P27091
Q7Z5Y6	P27091
P34820	P27091
P28360	Q03372
P35548	Q03372
P35670	Q9VYT4
Q04656	Q9VYT4
Q9BT43	Q86BI8
O15318	Q86BI8
P55822	Q9NFP5
Q9UJC5	Q9NFP5
O75368	Q9NFP5
Q96DU7	Q7KV26
P27987	Q7KV26
P23677	Q7KV26
Q684P5	A8DYW8
P47736	A8DYW8
O43548	Q9VLU2
P22735	Q9VLU2
P49221	Q9VLU2
P00488	Q9VLU2
P46821	Q9W596
Q66K74	Q9W596
P78559	Q9W596
Q12908	Q9VXV4
Q12908	Q9VXF5
Q6A1A2	Q9W0V1
O15530	Q9W0V1
P56545	O46036
Q13363	O46036
Q8TF42	Q9VCE9
P57075	Q9VCE9
P31153	P40320
Q00266	P40320
Q5T7N3	A8DYE0
Q14678	A8DYE0
Q63ZY3	A8DYE0
Q6NY19	A8DYE0
P35713	P40657
Q9H6I2	P40657
Q9BT81	P40657
Q9BRK0	A0A0B4JCU3
Q6NUK4	A0A0B4JCU3
Q9H902	A0A0B4JCU3
Q9H6H4	A0A0B4JCU3
Q9BWM7	Q9VN13
Q9H9B4	Q9VN13
Q9NSU2	Q9VQJ7
Q9BQ50	Q9VQJ7
Q2PPJ7	Q9VB98
Q6GYQ0	Q9VB98
Q9BQI7	E1JIT7
Q9NYI0	E1JIT7
Q8NDX1	E1JIT7
A5PKW4	E1JIT7
Q9NVJ2	Q9VHV5
Q96BM9	Q9VHV5
Q8NDV3	Q9VCD8
Q14683	Q9VCD8
Q8IV13	Q9VZP3
Q5T5M9	Q9VZP3
Q6DT37	Q9W1B0
Q9Y5S2	Q9W1B0
Q5VT25	Q9W1B0
Q9HCE6	M9PHU0
O15013	M9PHU0
Q8IXT5	Q9W0D6
Q9NTZ6	Q9W0D6
Q8N4F7	Q9VX13
Q9H920	Q9VX13
Q5VU92	Q9VGE3
Q5T6F0	Q9VGE3
Q5VW00	Q9VGE3
A4D256	Q9VLW7
Q9UNH5	Q9VLW7
O60729	Q9VLW7
Q9Y305	Q9VMA4
Q9Y305	Q9V9W5
Q9Y305	Q9V9W4
Q9Y305	Q95TK5
O43402	Q9W1Y1
Q9Y3B6	Q9W1Y1
Q9Y5X1	Q9NCC3
Q8WV41	Q9NCC3
Q96T83	Q8IPJ4
Q92581	Q8IPJ4
Q8IVB4	Q8IPJ4
Q9Y232	Q9W0M0
Q9Y6F8	Q9W0M0
Q8N8U2	Q9W0M0
O75521	Q9W0M0
Q9Y6F7	Q9W0M0
P56915	P54366
O15499	P54366
Q9UQ05	A1ZB14
Q9ULD8	A1ZB14
Q96L42	A1ZB14
Q96LT9	A0A0B4LGA2
Q96IZ5	A0A0B4LGA2
Q9UET6	Q9VDD9
Q9UET6	Q9VEP1
Q8N1T3	Q23979
O00159	Q23979
P08069	P09208
P06213	P09208
P14616	P09208
O43815	D3DML3
Q13033	D3DML3
Q9NRL3	D3DML3
Q9BTV7	A0A0B4KF19
Q8TDN4	A0A0B4KF19
Q8NBN3	Q9VQ34
Q96K49	Q9VQ34
O00341	A0A6H2EJK0
P43005	A0A6H2EJK0
P43004	A0A6H2EJK0
P48664	A0A6H2EJK0
P43003	A0A6H2EJK0
P48729	P54367
Q8N752	P54367
P43268	Q8MRW5
P50549	Q8MRW5
P41161	Q8MRW5
P51449	P31396
Q92753	P31396
P35398	P31396
P06733	P15007
P13929	P15007
P09104	P15007
Q8WXH6	Q8IR80
Q12829	Q8IR80
P0C0E4	Q8IR80
Q96S21	Q8IR80
P18859	Q9VZ72
P18859	Q24407
Q92824	P30432
P29122	P30432
Q9Y5A7	Q9VRF3
Q9Y5A7	Q9VBQ3
P58340	Q9NKV0
Q15773	Q9NKV0
P60842	Q02748
Q14240	Q02748
Q9BY77	Q9VWQ3
Q9BY77	Q9VWQ6
P20594	Q9VF17
P16066	Q9VF17
P32242	P22810
O43186	P22810
P32243	P22810
P23229	Q24247
P26006	Q24247
Q13683	Q24247
Q8NER5	A1Z7L8
P36896	A1Z7L8
P36897	A1Z7L8
P40123	Q9VPX6
Q01518	Q9VPX6
P51841	A0A4D6K026
Q02846	A0A4D6K026
Q8TBX8	Q8SXX1
P48426	Q8SXX1
P78356	Q8SXX1
P53814	M9PDW8
Q2TAL5	M9PDW8
A8MU46	M9PDW8
Q15078	Q9V3H5
Q13319	Q9V3H5
P09067	P09077
P20719	P09077
Q00444	P09077
Q9Y3R5	A1ZBE8
Q5JWR5	A1ZBE8
P15927	Q9VIH1
Q13156	Q9VIH1
Q14964	Q9W3Q0
Q96DA2	Q9W3Q0
Q96RV3	P18490
Q9H6A9	P18490
A6NKB5	P18490
Q8IZA0	Q9VSC9
Q5VV43	Q9VSC9
Q9ULU8	Q9NHE5
Q86UW7	Q9NHE5
P21399	Q9VGZ3
P21399	Q9VCV4
Q658N2	Q9VXV9
Q2TBF2	Q9VXV9
Q9C005	Q9VKQ9
Q9C005	Q9VZJ1
Q9UMS5	Q9V9A8
Q8N3S3	Q9V9A8
Q8IZQ8	B7Z043
Q969V6	B7Z043
Q9ULH7	B7Z043
Q8IVE3	Q9W5D0
Q9ULM0	Q9W5D0
O75452	Q7K3N4
Q9BPW9	Q7K3N4
P37059	Q7K3N4
Q8NEX9	Q7K3N4
Q02338	Q7K3N4
O14756	Q7K3N4
Q8TDW4	Q9VPB1
Q9NRC1	Q9VPB1
P46782	Q24186
P46782	Q9VFE4
Q8IUZ5	Q9VU95
Q8TBG4	Q9VU95
Q96C24	A0A0B4K657
Q8TDW5	A0A0B4K657
P07954	Q9VTI5
P07954	Q9W3X6
P07954	Q9W3X5
Q96ET8	Q8IQC1
A6NH52	Q8IQC1
Q9NYZ1	Q8IQC1
Q96N28	Q9V3U9
Q9Y3B1	Q9V3U9
P43694	P52168
Q9BWX5	P52168
Q92908	P52168
Q96A19	Q9VMC7
Q68D86	Q9VMC7
Q99453	Q9W1H7
O14813	Q9W1H7
A8MXV4	Q9VIV9
A8MXV4	Q9VIV5
A8MXV4	Q9VIV6
Q8NFF5	Q9VJY1
Q8NFF5	Q9VYI5
Q99613	A1ZAX1
B5ME19	A1ZAX1
O95755	Q9W0A7
Q9BZG1	Q9W0A7
O75581	A1Z9D7
O75197	A1Z9D7
Q5BJH7	Q8IMR4
O95070	Q8IMR4
Q8TAV4	Q9VZA4
P27105	Q9VZA4
Q9HC21	Q9W0Y9
Q9HC21	Q7K0L7
P54687	Q9VYD5
O15382	Q9VYD5
Q5T6X4	Q9VW12
Q96A26	Q9VW12
O95865	Q9VYF0
O94760	Q9VYF0
Q96BN2	Q8IP99
Q96BN2	Q8IPA1
O95239	Q9XZ29
Q2VIQ3	Q9XZ29
O15417	Q3LHL9
Q9P281	Q3LHL9
P20813	Q95078
P11509	Q95078
P51589	Q95078
P11712	Q95078
P10632	Q95078
Q16696	Q95078
P10635	Q95078
A0A087X1C5	Q95078
P20853	Q95078
P33261	Q95078
Q7Z449	Q95078
Q6VVX0	Q95078
P10636	Q9VB15
P11137	Q9VB15
P27816	Q9VB15
Q02218	A8JNU6
Q9ULD0	A8JNU6
P23470	P35832
P23471	P35832
Q9H3D4	Q8IMZ4
O15350	Q8IMZ4
P04637	Q8IMZ4
O75564	Q7JR24
Q9Y4A0	Q7JR24
Q8IY51	Q7JR24
P07199	Q7JR24
Q96MW7	Q7JR24
Q4W5G0	Q7JR24
Q6NT04	Q7JR24
Q17RP2	Q7JR24
Q53EQ6	Q7JR24
P51816	Q9VQI9
Q9UHB7	Q9VQI9
P51826	Q9VQI9
P19237	P36188
P19429	P36188
P48788	P36188
Q9NWT1	Q9VXW3
Q9NWT1	Q9VXW4
Q00532	Q9VMN3
Q5MAI5	Q9VMN3
Q13474	Q9VDW6
P11532	Q9VDW6
P46939	Q9VDW6
Q9UKV0	M9PHQ2
P56524	M9PHQ2
Q9UQL6	M9PHQ2
Q8WUI4	M9PHQ2
P51159	O76901
O00194	O76901
P68106	P48375
Q5VVH2	P48375
P62942	P48375
Q969F2	Q9VVV9
Q969G9	Q9VVV9
Q9BSE4	Q9VLW9
Q15011	Q9VLW9
Q14CZ7	Q9VD14
Q969Z0	Q9VD14
P03952	Q7KVM3
P03952	Q9VUF0
P03952	Q9VR15
P03952	Q9W2C8
P03952	Q9VUG2
P03952	A0A4D6K1E7
P03952	Q9I7V4
P03952	Q9VW19
Q9H4A9	Q9VJ94
Q9H4A9	X2JCU8
Q9H4A9	Q9VBG1
Q93096	O61722
Q12974	O61722
O75365	O61722
Q9Y2N7	Q24167
Q99814	Q24167
Q16665	Q24167
P16118	Q9VWH7
Q16877	Q9VWH7
O60825	Q9VWH7
Q16875	Q9VWH7
Q99700	Q8SWR8
Q8WWM7	Q8SWR8
Q9BX93	Q9VUV6
Q9BZM1	Q9VUV6
Q9H857	A1Z7V9
Q86UY8	A1Z7V9
Q9NP71	Q9VID4
Q9HAP2	Q9VID4
P57057	Q8MLW5
Q8TED4	Q8MLW5
O60216	O96689
Q9H4I0	O96689
O43182	H9XVN1
Q6ZRI8	H9XVN1
Q9H9Q2	Q9V4S8
Q9UBW8	Q9V4S8
Q5VST6	A0A4D6K2Q0
Q6PCB6	A0A4D6K2Q0
Q96GS6	A0A4D6K2Q0
Q7L9L4	Q95RA8
Q9H8S9	Q95RA8
Q99986	Q7KRY6
Q86Y07	Q7KRY6
Q5MNZ9	M9PER1
Q9Y4P8	M9PER1
Q9NPJ3	Q9VZZ6
Q9NPJ3	Q9VZZ5
Q9Y2V3	Q9W2Q1
Q96IS3	Q9W2Q1
Q9NUV7	Q9V3F2
O15270	Q9V3F2
Q9BV73	Q9VCD1
Q5TZA2	Q9VCD1
H7BZ55	Q9VCD1
P13674	Q9VA69
O15460	Q9VA69
Q13625	Q86BG1
Q96KQ4	Q86BG1
Q8IYT8	Q8MQJ7
O75385	Q8MQJ7
Q9Y3Q8	Q24523
Q15714	Q24523
Q99576	Q24523
O75157	Q24523
Q9BTT0	Q9V895
O95626	Q9V895
O43423	Q9V895
P39687	Q9V895
Q92688	Q9V895
O94875	A0A6M3QH40
O60504	A0A6M3QH40
O75915	Q9VJ59
O60831	Q9VJ59
P16333	Q9VPU1
O43639	Q9VPU1
Q14410	Q9W0U0
P32189	Q9W0U0
Q14409	Q9W0U0
Q07869	P13055
Q03181	P13055
P37231	P13055
P20338	Q7KY04
P61018	Q7KY04
Q15056	X2JC79
Q15056	Q9VA45
Q9UHC6	Q94887
Q96NU0	Q94887
P78357	Q94887
Q9C0A0	Q94887
Q8WYK1	Q94887
Q9BZ76	Q94887
Q02750	Q24324
P36507	Q24324
Q05655	P83099
Q04759	P83099
P62253	Q9VFR8
P62253	Q8SYG3
Q16825	Q9V3V3
Q15678	Q9V3V3
A8MW95	Q9VCE1
Q14457	Q9VCE1
Q9H4M7	A8JR01
Q9HAU0	A8JR01
Q9Y2H5	A8JR01
Q6IQ23	A8JR01
Q5VZM2	Q9VHJ4
Q7L523	Q9VHJ4
Q6PKG0	Q9VAW5
Q659C4	Q9VAW5
Q8NHH9	Q9VC57
Q6DD88	Q9VC57
Q8WXF7	Q9VC57
Q6IQ16	Q9VFP2
O43791	Q9VFP2
O43597	O44783
O43610	O44783
O43609	O44783
Q9C004	O44783
Q14766	M9PB30
P35555	M9PB30
Q8N2S1	M9PB30
Q75N90	M9PB30
P35556	M9PB30
Q14767	M9PB30
Q9NS15	M9PB30
Q9Y5V0	Q9VUU7
Q9Y5V0	Q9VUU8
P26599	A0A0B4K6W9
O95758	A0A0B4K6W9
Q9UKA9	A0A0B4K6W9
Q9Y4H2	Q9XTN2
O14654	Q9XTN2
P35568	Q9XTN2
Q86TI2	Q9VC19
Q6V1X1	Q9VC19
Q8WXI9	M9PF79
Q86YP4	M9PF79
Q8N336	Q9VI65
Q8IZ81	Q9VI65
P40222	Q9VBL3
Q8N3L3	Q9VBL3
Q9NUQ3	Q9VBL3
Q8WUF8	Q95RN0
A6NC97	Q95RN0
Q9BZI7	Q9W1H3
Q9H1J1	Q9W1H3
Q08289	M9PD84
Q02641	M9PD84
O00305	M9PD84
Q9BQE9	O76857
Q4VC05	O76857
Q8WUZ0	O76857
Q6UX01	Q9VC35
Q8WVP7	Q9VC35
Q9Y6D6	Q9VJW1
Q9Y6D5	Q9VJW1
Q9BXF9	Q8I0K9
Q96M29	Q8I0K9
Q14315	Q9VEN1
O75369	Q9VEN1
P21333	Q9VEN1
Q8N3U4	Q9VM62
Q8WVM7	Q9VM62
Q9UJ98	Q9VM62
Q9Y6K8	Q8IQG9
P00568	Q8IQG9
Q96KC2	Q9VSG8
Q9Y689	Q9VSG8
P35625	Q9VH14
P01033	Q9VH14
Q99727	Q9VH14
P16035	Q9VH14
Q04721	P07207
P46531	P07207
Q16706	Q24451
P49641	Q24451
P20337	P25228
Q96E17	P25228
P20336	P25228
P21108	Q9VT33
P11908	Q9VT33
P60891	Q9VT33
P23769	P91623
P23771	P91623
P24385	Q7KUZ5
P30279	Q7KUZ5
P30281	Q7KUZ5
P45984	P92208
P53779	P92208
P45983	P92208
Q15833	Q07327
P61764	Q07327
P11388	P15348
Q02880	P15348
Q8WUY1	Q9W440
Q8WUY1	Q9W439
Q9ULW3	A8QI32
Q9ULW3	A8QI13
Q9ULW3	Q9W394
Q9ULW3	Q8IRM9
Q9ULW3	Q9W393
Q9ULW3	Q9VY84
Q7Z4T9	Q9VJC5
Q7Z4T9	Q9VJC4
Q7Z4T9	Q9VJC3
Q9HBH1	Q8INL3
Q9HBH1	Q9VGY2
Q14155	A8DZ19
Q15052	A8DZ19
Q9H5I1	P45975
O43463	P45975
Q92820	Q9VV00
Q92820	Q8IQM9
Q15532	Q9W3G1
O75177	Q9W3G1
Q9UHA2	Q9W3G1
Q9Y5X5	Q8IN35
Q9GZQ6	Q8IN35
Q1HG44	Q9VJQ7
Q1HG43	Q9VJQ7
Q9NQ29	Q9VVI1
Q9Y383	Q9VVI1
Q5H9R7	M9PEH8
O75170	M9PEH8
Q9UPN7	M9PEH8
Q9H2J7	A0A0B4K7V4
Q9H1V8	A0A0B4K7V4
Q96K78	Q8SZ78
Q96K78	Q9VA10
Q9UDX3	Q8SYC4
O76054	Q8SYC4
B5MCN3	Q8SYC4
Q9UDX4	Q8SYC4
Q8IUH5	Q9VUW9
Q8IUH4	Q9VUW9
Q9H6F2	Q9VXG9
Q9NVV0	Q9VXG9
Q6ZSG1	A0A0B4KFN6
Q6ZNA4	A0A0B4KFN6
Q9UIU6	Q9Y1P6
Q8N196	Q9Y1P6
Q9ULI4	Q9VLW2
Q2KJY2	Q9VLW2
Q8TAA9	A0A0B4KEN4
Q9ULK5	A0A0B4KEN4
Q9NS18	Q9W2D1
Q9NS18	Q9VVT6
Q5VTE6	Q24239
Q9UNK9	Q24239
Q9NUH8	Q9W1K0
A8MWL7	Q9W1K0
Q9P0S9	Q9W1K0
Q9H4W6	P56721
Q9HAK2	P56721
Q9UH73	P56721
Q9BQW3	P56721
Q9P2K5	Q9VHC7
P52272	Q9VHC7
Q8NEZ4	Q8IRW8
O14686	Q8IRW8
A0FGR9	A0A0B4K6F9
A0FGR8	A0A0B4K6F9
Q9BSJ8	A0A0B4K6F9
Q96NN9	Q960D4
Q96NN9	Q9VJ03
Q96CU9	A1Z6N5
Q96CU9	Q9VJ10
Q9C0A6	Q9VUB5
Q8IZD2	Q9VUB5
Q92930	O18338
P61006	O18338
Q92556	Q9VKB2
Q96BJ8	Q9VKB2
Q96JJ3	Q9VKB2
Q6UX98	Q9VBM7
Q6UX98	Q0IGS7
Q6UX98	Q8IQN9
Q6UX98	Q9VBM4
Q6UX98	Q9VBM8
Q6UX98	Q9VBM6
Q6UX98	Q9W251
Q6UX98	Q9VBM5
P00367	P54385
P49448	P54385
Q5VW38	Q9W366
Q9NPR9	Q9W366
Q96C23	Q9VRU1
Q96C23	Q9VY83
Q96C23	Q9VKF7
Q96C23	Q8MR63
Q96C23	Q9VP02
Q8IZ73	Q9VKV0
Q8IZ73	Q9VKU8
O14513	F0JAQ8
Q9HCH0	F0JAQ8
O60927	Q9VRC5
O60927	Q9VMI2
O14559	Q9VIS1
A7KAX9	Q9VIS1
Q7L622	Q9VKW2
Q9BWX1	Q9VKW2
Q7L622	Q9W5W9
Q9BWX1	Q9W5W9
B5MCY1	P25823
O60522	P25823
Q9BXT4	P25823
O95390	Q9V4F4
O14793	Q9V4F4
P08962	Q9VLH0
P41732	Q9VLH0
O43657	Q9VLH0
O95631	Q24567
O00634	Q24567
O95677	Q05201
Q99502	Q05201
O00167	Q05201
Q99504	Q05201
O95757	M9MSL3
P34932	M9MSL3
Q92598	M9MSL3
P28472	Q08832
P18505	Q08832
P47870	Q08832
Q7Z6J2	Q9VRT8
O60759	Q9VRT8
Q9UGC7	Q9VK20
O75570	Q9VK20
P15311	P46150
P35241	P46150
P26038	P46150
Q13613	Q9VMI9
Q13614	Q9VMI9
Q13496	Q9VMI9
P11474	Q8WS79
O95718	Q8WS79
P62508	Q8WS79
Q9UPW6	Q9W268
Q01826	Q9W268
Q04724	P16371
Q04727	P16371
Q04725	P16371
Q04726	P16371
Q05DH4	Q9VQK0
Q8N612	Q9VQK0
Q13185	Q9W396
P45973	Q9W396
P83916	Q9W396
Q13951	Q24040
Q13951	Q24039
P80192	Q95UN8
Q16584	Q95UN8
Q5TCX8	Q95UN8
Q02779	Q95UN8
Q16654	P91622
Q15118	P91622
Q15119	P91622
Q15120	P91622
Q6IQ55	Q8IMC6
Q5TCY1	Q8IMC6
A6NJY1	Q9VM74
Q4ZJI4	Q9VM74
Q86UD5	Q9VM74
Q5TD94	Q9W1D3
Q9H0K4	Q9W1D3
Q6J4K2	A1Z7I2
Q6J4K2	A1Z7I1
Q6J4K2	Q8SZV0
Q6J4K2	A1Z8H3
Q6J4K2	A1ZAJ4
P39086	Q9VDH5
Q13002	Q9VDH5
Q13003	Q9VDH5
Q9BWF3	Q94901
Q9BQ04	Q94901
Q9BRI3	Q9VKA3
Q8IWU4	Q9VKA3
Q99726	Q9VKA3
Q8IWV7	Q9VX91
Q8IWV8	Q9VX91
Q8N128	Q9W3S3
A6PVY3	Q9W3S3
Q8N608	A0A0C4DHM8
P27487	A0A0C4DHM8
Q12884	A0A0C4DHM8
P42658	A0A0C4DHM8
Q8NE31	Q0E938
Q9NYF5	Q0E938
O94988	Q0E938
Q9NP61	A8JNX0
Q8N6H7	A8JNX0
Q9H871	Q9W2N5
Q96G75	Q9W2N5
Q63HR2	Q9VHC3
Q68CZ2	Q9VHC3
Q8IZW8	Q9VHC3
Q9HBL0	Q9VHC3
Q6P4A8	Q9VRK8
Q8NHP8	Q9VRK8
Q9P0W2	Q9W2K8
Q9NP66	Q9W2K8
Q6ZMN7	Q8MR31
Q9UPQ7	Q8MR31
Q76G19	Q8MR31
Q9UKJ5	Q0KI06
Q5VXU3	Q0KI06
Q8WWQ0	Q9VC96
Q9NSI6	Q9VC96
Q6RI45	Q9VC96
Q9H6T0	Q9BJZ5
Q6NXG1	Q9BJZ5
Q8NBQ7	Q7KY01
A6NM10	Q7KY01
Q8IXF9	Q7KY01
Q8IYB4	O46085
P50542	O46085
Q9HC10	B7Z0E5
Q2WGJ9	B7Z0E5
Q9NZM1	B7Z0E5
A0AVI2	B7Z0E5
O75923	B7Z0E5
A9Z1Z3	B7Z0E5
Q9NYB9	A0A0B4K774
Q8IZP0	A0A0B4K774
Q93084	P22700
P16615	P22700
O14983	P22700
Q9C0E4	Q9W450
Q9Y3R0	Q9W450
Q16621	P20482
Q16236	P20482
Q9Y4A8	P20482
Q14494	P20482
Q8IUQ4	P21461
O43255	P21461
Q9NQ87	Q7KM13
Q9UBP5	Q7KM13
Q9Y5J3	Q7KM13
Q00005	P36872
P63151	P36872
Q9Y2T4	P36872
Q66LE6	P36872
Q8N108	A1Z6Z7
Q8N344	A1Z6Z7
Q7Z3K6	A1Z6Z7
O43559	Q9VLL4
Q8WU20	Q9VLL4
Q96A44	A1Z6E0
Q96BD6	A1Z6E0
Q96CC6	Q76NQ1
Q6PJF5	Q76NQ1
Q5JR12	Q9VR62
Q9ULR3	Q9VR62
Q96MI6	Q9VR62
Q8TDY4	A1Z7A6
Q9ULH1	A1Z7A6
O43150	A1Z7A6
Q04637	A8DZ29
O43432	A8DZ29
P31314	Q7KS72
O43763	Q7KS72
O43711	Q7KS72
O95263	Q6NNF2
O60658	Q6NNF2
B7ZW38	Q7KU81
Q9UKM9	Q7KU81
P07910	Q7KU81
B2RXH8	Q7KU81
O60812	Q7KU81
P0DMR1	Q7KU81
Q86SE5	Q7KU81
P49721	Q9VJJ0
P49721	Q9VQE5
Q9C0D9	Q9VIU4
Q9C0D9	Q8T0S3
Q8NB66	H9XVP2
Q9UPW8	H9XVP2
O14795	H9XVP2
Q99653	Q9VNF9
O43745	Q9VNF9
P16233	Q9W448
P54317	Q9W448
P54315	Q9W448
Q17RR3	Q9W448
Q99941	Q8SX87
P18850	Q8SX87
P32418	A0A0B4K6E2
Q9UPR5	A0A0B4K6E2
P57103	A0A0B4K6E2
Q7Z4I7	Q8INQ9
P48059	Q8INQ9
Q9BR76	A0A0B4KEJ7
Q6QEF8	A0A0B4KEJ7
P31146	A0A0B4KEJ7
Q9ULV4	A0A0B4KEJ7
O75431	Q8T4F2
O75431	Q9VW58
Q9Y3D7	Q9W3P5
Q9Y3D7	Q9VF08
P35523	Q9VGH7
P51788	Q9VGH7
Q13591	Q9VTT0
Q9P283	Q9VTT0
Q96FJ2	O96860
Q96FJ2	Q24117
P56559	H9XVM3
P49703	H9XVM3
P40617	H9XVM3
Q5JPE7	A1Z843
P69849	A1Z843
Q15155	A1Z843
Q86YH2	A0A0B4KER0
Q7Z3K3	A0A0B4KER0
Q8ND82	A0A0B4KER0
P59817	A0A0B4KER0
Q6N043	A0A0B4KER0
Q92793	M9MS40
Q09472	M9MS40
Q96AG3	Q9VXK8
Q96AG3	Q9VJA5
Q13247	P26686
Q08170	P26686
Q6YP21	Q8SXC2
Q16773	Q8SXC2
P11940	P21187
Q9H361	P21187
Q4VXU2	P21187
Q13310	P21187
Q06203	Q27601
Q06203	Q967S0
Q9HCU4	Q9V5N8
Q9NYQ7	Q9V5N8
Q9NYQ6	Q9V5N8
Q9UBU7	Q9NK54
Q8NFT6	Q9NK54
P15923	P11420
P15884	P11420
Q99081	P11420
Q8IYK4	Q8IPK4
Q8NBJ5	Q8IPK4
Q5T4B2	Q8IPK4
Q8IXX5	A1Z9A5
Q1AE95	A1Z9A5
Q9Y2C9	Q9VPH1
Q9BXR5	Q9VPH1
O60603	Q9VPH1
Q15399	Q9VPH1
Q6P996	Q9VRG8
Q6P474	Q9VRG8
Q6ZW31	Q9V9S7
Q5VT97	Q9V9S7
Q12792	Q9VFM9
Q6IBS0	Q9VFM9
Q8WU08	Q9VN23
Q86UX6	Q9VN23
Q9NY57	Q9VN23
Q86WT1	Q9VK41
Q8N4P2	Q9VK41
Q9UK58	Q9W526
Q96S94	Q9W526
Q8TEX9	Q9I7R5
Q8TEX9	M9PFR8
Q9ULC8	Q9W345
Q9C0B5	Q9W345
Q9NRD8	Q9VQH2
Q9NRD9	Q9VQH2
B2RPK0	Q24537
O15347	Q24537
P09429	Q24537
P26583	Q24537
Q96BI3	Q9VQG2
Q8WW43	Q9VQG2
O15371	Q9VGC7
O15371	Q9VCK0
O95049	A0A0B4K6Y7
Q9UDY2	A0A0B4K6Y7
Q07157	A0A0B4K6Y7
O43189	Q24459
Q5T6S3	Q24459
Q9Y483	Q24459
P10746	Q9VF38
P10746	Q9W3B3
Q9C056	A0A6J3T5M5
A6NJ46	A0A6J3T5M5
P78426	A0A6J3T5M5
P49593	Q9VJ61
Q8WY54	Q9VJ61
Q8IZK6	Q9VW35
Q9GZU1	Q9VW35
Q8TDD5	Q9VW35
O15327	Q9VY47
Q96PE3	Q9VY47
Q9HCD6	Q9VTS9
Q9C0D5	Q9VTS9
O95214	Q8MMD0
O15243	Q8MMD0
O94900	Q9W0D2
O94842	Q9W0D2
O15405	Q9W0D2
Q15036	Q9VL28
Q8N9S9	Q9VL28
Q9UGP4	Q9VY77
A6NIX2	Q9VY77
Q9BRG2	Q9VMJ4
Q8N5H7	Q9VMJ4
O75815	Q9VMJ4
O75530	Q9VKD5
O75530	Q24338
Q9ULD4	Q7JVP4
O95696	Q7JVP4
P55201	Q7JVP4
Q7Z7B1	Q9VQB8
Q7Z7B1	Q9W096
P49407	Q9V393
P32121	Q9V393
P12074	Q9W1N3
Q02221	Q9W1N3
P14618	O62619
P30613	O62619
Q8NEA9	Q01820
Q96IK5	Q01820
Q9NR12	A1ZA47
Q96HC4	A1ZA47
O75112	A1ZA47
Q10472	Q6WV17
Q8IUC8	Q6WV17
Q16594	Q27272
Q9HBM6	Q27272
Q15014	Q9Y0I1
Q9UBU8	Q9Y0I1
O14948	C3KGP2
P19532	C3KGP2
O75030	C3KGP2
P19484	C3KGP2
P00519	P00522
P42684	P00522
Q9Y4F4	Q9VPK5
Q6ZUX3	Q9VPK5
O75051	Q9V491
P51805	Q9V491
Q9HCM2	Q9V491
Q9UIW2	Q9V491
Q5TG30	Q8T0G4
Q8N392	Q8T0G4
Q9P2N2	Q8T0G4
Q6EEV6	O97102
P61956	O97102
P55854	O97102
Q6UX65	O77262
Q8N682	O77262
Q8N8F6	Q9VK46
Q969M3	Q9VK46
P04040	P17336
P04040	Q9VLI6
P43353	A0A0C4DHC8
P30838	A0A0C4DHC8
P51648	A0A0C4DHC8
Q9BQ87	Q95RJ9
O60907	Q95RJ9
Q9BZK7	Q95RJ9
Q5T8D3	Q9VQI6
Q8NC06	Q9VQI6
Q13555	Q00168
Q9UQM7	Q00168
Q13557	Q00168
Q7Z2K6	Q058X1
Q7Z2K6	Q4U2G8
Q7Z2K6	A1ZBK1
Q7Z2K6	Q8MKL0
Q7Z2K6	A1Z8X5
Q7Z2K6	A0A0B4KEL4
Q7Z2K6	A0A0B4KEU8
Q7Z2K6	Q4V5E4
Q7Z2K6	Q8MT48
Q7Z2K6	A0A0B4KFC9
Q7Z2K6	A1Z8X9
P35858	Q9VPF0
P35858	Q9VAD1
P35858	Q0KHN6
P35858	A1Z9N6
O60243	Q9VDR6
Q8IZP7	Q9VDR6
Q96MM7	Q9VDR6
Q86VE3	Q8MRT7
Q96F10	Q8MRT7
P21673	Q8MRT7
Q96SE0	A1Z7Q7
Q8WU67	A1Z7Q7
O75604	Q8IQ27
Q9UK80	Q8IQ27
Q6PF18	Q8MLN3
Q6PF18	A1ZB08
Q08AD1	A1ZAU8
Q9P1Y5	A1ZAU8
Q5T5Y3	A1ZAU8
Q9Y2K6	Q7JW61
Q8TEY7	Q7JW61
Q9Y490	Q9VSL8
Q9Y4G6	Q9VSL8
O00472	Q9VW51
P55199	Q9VW51
Q9HB65	Q9VW51
Q70EK9	Q9VVR1
A6NNY8	Q9VVR1
Q9UPT9	Q9VVR1
P35580	Q99323
Q7Z406	Q99323
P35749	Q99323
P35579	Q99323
Q70JA7	Q7KUZ9
Q86X52	Q7KUZ9
Q14738	Q8IN89
Q13362	Q8IN89
Q8N8R7	Q5LJQ3
P0DKL9	Q5LJQ3
Q96DN6	A0A0B4KHZ2
Q9P267	A0A0B4KHZ2
Q96HD1	Q9VPJ0
Q6UXH1	Q9VPJ0
O14627	P09085
Q99626	P09085
P47902	P09085
Q9NRY4	Q9VX32
Q13017	Q9VX32
Q8WZ19	Q7JZ62
Q9H3F6	Q7JZ62
Q13829	Q7JZ62
Q9NS00	Q7K237
Q9NS00	Q7JRF9
Q8IVT5	Q24171
Q6VAB6	Q24171
Q969R2	Q9VC05
P22059	Q9VC05
Q9H1B5	Q7KVA1
Q86Y38	Q7KVA1
Q13136	M9PCD4
O75335	M9PCD4
O75145	M9PCD4
O75334	M9PCD4
Q4LDG9	A1Z7U2
Q4LDG9	Q9V3Q0
Q14004	Q9VP22
Q9NYV4	Q9VP22
Q8N3T6	X2JEB0
Q6IEE7	X2JEB0
Q24JP5	X2JEB0
Q14C87	X2JEB0
Q14DG7	X2JEB0
Q96LQ0	Q8INL4
Q96LQ0	Q9VGY1
Q96LQ0	Q8MSL1
Q9UMX3	Q9V9C8
Q9UMX3	Q8T8Y5
P35227	P35820
P35226	P35820
P54764	Q9V4E5
P54753	Q9V4E5
P29320	Q9V4E5
P29323	Q9V4E5
Q5JZY3	Q9V4E5
P54762	Q9V4E5
Q15375	Q9V4E5
Q9UF33	Q9V4E5
P29317	Q9V4E5
P29322	Q9V4E5
P54760	Q9V4E5
P54756	Q9V4E5
O60494	Q9VTP0
O60494	Q9W332
Q02094	A0A6M3Q9I2
Q9UBD6	A0A6M3Q9I2
Q9H310	A0A6M3Q9I2
P14678	Q05856
P63162	Q05856
P07099	Q7KB18
P07099	Q7K1W4
P07099	Q7JRC3
O95747	A0A126GUV7
Q9UEW8	A0A126GUV7
P53677	O76928
Q9Y2T2	O76928
Q99798	Q8T4D6
Q99798	Q9VIE8
O60296	Q960V3
Q9UPV9	Q960V3
Q9Y3Q4	A1Z9N7
Q9P1Z3	A1Z9N7
Q9UL51	A1Z9N7
Q5BKT4	Q8T8L8
Q5I7T1	Q8T8L8
Q5HYM0	Q8T0D9
Q5D1E8	Q8T0D9
A2A288	Q8T0D9
Q9C0D7	Q8T0D9
Q9HCU9	Q9VYI2
Q5PSV4	Q9VYI2
P08473	Q9W436
Q495T6	Q9W436
Q15063	Q86B94
Q15582	Q86B94
Q9BWQ6	Q9VYI1
Q9Y548	Q9VYI1
Q66GS9	M9MSL4
Q9BZW7	M9MSL4
Q5TBA9	Q9VT28
O94915	Q9VT28
Q9UBW7	A8JRE3
Q5VZL5	A8JRE3
Q14202	A8JRE3
Q9NYU2	Q09332
Q9NYU1	Q09332
Q15569	Q9VE06
Q96S53	Q9VE06
Q14517	Q9VW71
Q8TDW7	Q9VW71
Q9NYQ8	Q9VW71
Q9BXA9	Q9VKH3
Q9NSC2	Q9VKH3
Q9Y467	Q9VKH3
Q9UJQ4	Q9VKH3
P15428	Q9VV47
P15428	Q9I7R3
P15428	P54398
P15428	Q9VV42
Q9GZM8	Q9VT70
Q9NXR1	Q9VT70
P50053	Q9VTI3
P50053	Q8T4I0
P50053	Q9VW84
Q9UMY4	Q9VG51
O60493	Q9VG51
Q9H2V7	Q9GQQ0
Q8IVW8	Q9GQQ0
Q6ZMD2	Q9GQQ0
Q8TBC3	A0A6H2EG81
Q9Y597	A0A6H2EG81
Q86WA9	Q7K4I4
Q86WA9	Q9VAC2
Q15032	Q8MSX1
Q9Y2K5	Q8MSX1
Q9UBL0	Q8MSX1
P16989	Q95RE4
P67809	Q95RE4
Q9Y2T7	Q95RE4
Q16526	Q0E8P0
Q49AN0	Q0E8P0
Q9Y2S6	Q6IHK7
Q9Y2S6	Q9XZS3
P78317	Q9VNJ0
P78317	X2J791
P38398	Q9VNJ0
P38398	X2J791
A6PVC2	Q9VM91
Q9Y4R7	Q9VM91
Q8WVJ9	P10627
Q15672	P10627
O43708	Q9VHD2
O43708	Q9VHD3
Q9BSF8	Q0E8K5
Q7Z5Y7	Q0E8K5
Q8WZ79	Q9VED8
O00115	Q9VED8
O94856	P20241
O00533	P20241
P32004	P20241
Q92823	P20241
Q7Z3C6	A0A0B4KF86
Q674R7	A0A0B4KF86
O00257	P26017
O95503	P26017
Q14781	P26017
O95931	P26017
Q9HC52	P26017
O75843	Q7KVR8
O43747	Q7KVR8
P62857	Q9W334
P62857	Q9VAB9
Q9P1V8	Q9VMJ2
Q9P1V8	Q9VR43
P09629	P02833
P31268	P02833
Q9Y6R1	Q8IPI3
Q6U841	Q8IPI3
Q2Y0W8	Q8IPI3
Q02930	Q2PE13
P15336	Q2PE13
P17544	Q2PE13
O14920	Q9VEZ5
O15111	Q9VEZ5
P43250	P32866
P32298	P32866
P34947	P32866
Q96A05	P54611
P36543	P54611
P52907	Q9W2N0
P47755	Q9W2N0
Q9BXS1	Q9VDC2
Q13907	Q9VDC2
O43930	P16912
P51817	P16912
A8MWD9	Q9VXE0
P62308	Q9VXE0
Q9Y2E4	Q9W0S9
Q9P265	Q9W0S9
Q14689	Q9W0S9
Q15413	Q24498
P21817	Q24498
Q92736	Q24498
A6NEL2	B7Z0B0
Q2M3V2	B7Z0B0
A6NJG2	B7Z0B0
Q53LP3	B7Z0B0
Q8NEM7	Q9VU86
Q3ZLR7	Q9VU86
P0C7V6	Q9VU86
Q9BRQ6	Q9VA18
Q9NX63	Q9VA18
A6NJT0	O77215
A6NJT0	Q9VX20
Q9H227	Q9VV98
Q6UWM7	Q9VV98
P09848	Q9VV98
Q9NSQ0	Q9VMJ1
Q9Y3A4	Q9VMJ1
Q6VN20	Q4Z8K6
Q96S59	Q4Z8K6
Q9UJC3	Q24185
Q96ED9	Q24185
Q86VS8	Q24185
Q9Y468	Q9VB52
Q96JM7	Q9VB52
Q8NA19	Q9VB52
Q96RU8	Q9V3Z1
Q96RU7	Q9V3Z1
Q92519	Q9V3Z1
Q0VAM2	Q7KTU3
Q8N431	Q7KTU3
Q8N9B8	Q7KTU3
O00327	O61734
Q8WYA1	O61734
A0AUZ9	E2QD16
Q7Z3B3	E2QD16
Q86YB8	Q9V3A6
Q96HE7	Q9V3A6
Q8WYQ3	Q9VX77
Q9Y6H1	Q9VX77
Q5T1J5	Q9VX77
Q969Z3	A1Z803
Q5VT66	A1Z803
P21283	Q9V7N5
Q8NEY4	Q9V7N5
Q96T51	A0A0B4LHR8
Q7L099	A0A0B4LHR8
Q8WXA3	A0A0B4LHR8
Q9HCF6	A8DYE2
Q9BX84	A8DYE2
Q96QT4	A8DYE2
O43304	Q9VMD6
Q92503	Q9VMD6
Q8IU81	B7Z143
Q7Z5L9	B7Z143
Q9H1B7	B7Z143
Q99569	Q7PLI0
O00192	Q7PLI0
Q9UQB3	Q7PLI0
Q5TAQ9	Q9W091
A6NGE4	Q9W091
P0C7V8	Q9W091
Q9BXJ9	Q9VWI2
Q6N069	Q9VWI2
O96028	Q8MT36
Q96L73	Q8MT36
Q9BZ95	Q8MT36
Q9NRW4	M9PI51
Q9H1R2	M9PI51
P24390	O76767
P33947	O76767
P30414	Q9VAW1
Q13427	Q9VAW1
P32322	Q9VEJ3
Q53H96	Q9VEJ3
Q96C36	Q9VEJ3
Q9NVV5	Q9VTI1
Q9NVV5	Q9VPN0
Q9NVV5	Q9VPM9
P51693	P14599
P05067	P14599
Q06481	P14599
P08574	Q9VAM8
P08574	Q9VRL0
P50395	Q9VLB7
P31150	Q9VLB7
P34903	Q9VXL9
P14867	Q9VXL9
P47869	Q9VXL9
Q16445	Q9VXL9
P31644	Q9VXL9
P18507	Q9VXL9
Q99928	Q9VXL9
Q8N1C3	Q9VXL9
P48169	Q9VXL9
Q8WYH8	Q9VJY8
Q9UNL4	Q9VJY8
P43155	P07668
P28329	P07668
Q5FWF5	Q9VS50
Q56NI9	Q9VS50
Q6STE5	Q9VYG2
Q96GM5	Q9VYG2
Q92925	Q9VYG2
P84550	D1YSG4
Q2VWA4	D1YSG4
P53805	Q9XZL8
Q14206	Q9XZL8
Q9UKA8	Q9XZL8
Q14938	Q86P06
Q12857	Q86P06
O00712	Q86P06
P08651	Q86P06
Q96CP6	R9PY62
Q3KR37	R9PY62
Q8IYS0	R9PY62
Q9H2F5	A0A0B4KFP2
Q52LR7	A0A0B4KFP2
Q71F56	Q7KTX8
Q9UHV7	Q7KTX8
Q9HAY6	Q9VFS2
Q9BYV7	Q9VFS2
Q16518	Q9VFS2
Q8IVV8	A6MHQ4
Q5VXU1	A6MHQ4
Q4KMZ8	A6MHQ4
Q8N8D7	A6MHQ4
Q8N0U8	A1ZAJ5
Q9BQB6	A1ZAJ5
Q9NV92	Q9VVJ5
Q9BT67	Q9VVJ5
Q15464	M9PEE4
Q5VZ18	M9PEE4
Q7M4L6	M9PEE4
Q96IW2	M9PEE4
Q5XG87	Q7KVS9
Q8NDF8	Q7KVS9
Q96P11	Q9VDZ4
Q63ZY6	Q9VDZ4
Q3KNT7	Q9VDZ4
P21589	Q7K0L5
P21589	A1ZAU0
P21589	Q8SZY4
P59282	Q9VV43
O94811	Q9VV43
Q9BW30	Q9VV43
Q9ULE0	Q9VFG8
Q8IX03	Q9VFG8
Q6AWC2	Q9VFG8
Q9UQ16	P27619
Q05193	P27619
P50570	P27619
Q9UMX2	P54361
P54368	P54361
O95190	P54361
Q8NHQ8	Q9VBP2
Q02833	Q9VBP2
Q8TC07	Q9VPL5
Q9HA65	Q9VPL5
Q9UPX8	A1Z9K8
Q9Y566	A1Z9K8
Q9BYB0	A1Z9K8
Q86XE0	M9NDI3
Q9Y5X3	M9NDI3
Q9UNH7	M9NDI3
Q9NYS0	Q9V4L4
Q9NYR9	Q9V4L4
Q8N4C8	Q9W002
O95819	Q9W002
Q9UKE5	Q9W002
P53597	Q94522
P53597	Q9VDW7
Q9H201	Q9VS85
O95208	Q9VS85
Q9Y6I3	Q9VS85
Q9NY46	P35500
Q9UI33	P35500
Q9Y5Y9	P35500
P35499	P35500
Q99250	P35500
Q9UQD0	P35500
Q14524	P35500
P35498	P35500
Q15858	P35500
Q96PZ7	Q9VYR4
Q7Z407	Q9VYR4
Q7Z408	Q9VYR4
Q4LDE5	Q9VYR4
Q96QR8	Q9V4D9
Q9UJV8	Q9V4D9
Q00577	Q9V4D9
Q9UQ53	Q9VUH4
Q9UM21	Q9VUH4
Q8TAK5	M9NFF9
Q06547	M9NFF9
O95674	P56079
Q92903	P56079
O95563	Q9VHB2
O95563	Q9VHB1
Q99757	Q9W022
Q99757	Q7K037
Q9BPX5	Q9VQD8
O15511	Q9VQD8
O75323	Q9VXK0
Q9BPW8	Q9VXK0
O75901	Q9W0U4
A6NK89	Q9W0U4
Q12802	M9PBE1
Q92974	M9PBE1
Q8N1W1	M9PBE1
A0A590UK10	M9PBE1
Q6ZSZ5	M9PBE1
P14635	P20439
O95067	P20439
P09327	Q07171
P06396	Q07171
O75366	Q07171
Q9Y6U3	Q07171
O15195	Q07171
Q86UB9	Q9VHQ4
Q86UB9	Q9VHQ5
Q86UB9	Q8INQ8
A0A8I5KQE6	P38979
P08865	P38979
P10644	P16905
P31321	P16905
P12081	Q8IQX8
P49590	Q8IQX8
P17275	P18289
P17535	P18289
P05412	P18289
Q01543	P29774
P11308	P29774
Q9BY66	Q9VMJ7
P29375	Q9VMJ7
P41229	Q9VMJ7
Q9UGL1	Q9VMJ7
Q9H0L4	Q9VE52
P33240	Q9VE52
O60739	Q9VZS3
P41567	Q9VZS3
Q6P656	Q4V4V0
Q6P656	Q8T3R9
O43187	Q05652
Q9NWZ3	Q05652
Q9Y616	Q05652
P51617	Q05652
P15863	P23757
P55771	P23757
P46926	Q9VMP9
Q8TDQ7	Q9VMP9
P61163	P45889
P42025	P45889
P98194	M9PG15
O75185	M9PG15
O00469	Q9VTH0
Q02809	Q9VTH0
O60568	Q9VTH0
P10586	P16621
P23468	P16621
Q13332	P16621
Q32MZ4	Q9VXN3
Q9Y608	Q9VXN3
Q14117	Q8IPQ2
Q16555	Q8IPQ2
O14531	Q8IPQ2
Q14194	Q8IPQ2
Q9BPU6	Q8IPQ2
Q14195	Q8IPQ2
Q9H0X4	A0A0C4FEI3
A2RU67	A0A0C4FEI3
Q9NRU3	A0A0B7P9G0
Q6P4Q7	A0A0B7P9G0
Q9H8M5	A0A0B7P9G0
Q9NYL9	A0A0B4K6N4
Q9NZQ9	A0A0B4K6N4
Q9NZR1	A0A0B4K6N4
P28289	A0A0B4K6N4
Q96P88	Q7KTL9
P30968	Q7KTL9
Q6VMQ6	Q7KMH9
Q5U623	Q7KMH9
Q9UGI6	Q7KVW5
Q9H2S1	Q7KVW5
Q92952	Q7KVW5
Q8N443	Q9VTP5
Q9H4K1	Q9VTP5
Q5T0F9	Q9VKJ9
Q6P1N0	Q9VKJ9
Q5T2T1	A1Z8G0
Q96JB8	A1Z8G0
Q13368	A1Z8G0
Q9ULT0	Q7KN74
Q86TV6	Q7KN74
Q86XN8	Q9V4F3
Q6ZN04	Q9V4F3
Q5U5Q3	Q9V4F3
Q9H0X9	A0A0B4JCZ0
Q9BZF1	A0A0B4JCZ0
Q9UP95	A0A0B4LGD3
Q9Y666	A0A0B4LGD3
Q9H2X9	A0A0B4LGD3
Q9UHW9	A0A0B4LGD3
Q9HAJ7	Q9VXB3
O75446	Q9VXB3
Q9NU39	Q02361
Q8WXT5	Q02361
Q6VB84	Q02361
Q3SYB3	Q02361
Q5VV16	Q02361
Q12950	Q02361
Q9NPQ8	Q9W358
Q9NVN3	Q9W358
P49146	Q9VW75
P49146	Q9VNM1
Q14CM0	Q9VFD3
Q5SYB0	Q9VFD3
Q5JV73	Q9VFD3
O60675	A0A0B4LH09
O15525	A0A0B4LH09
Q9ULX9	A0A0B4LH09
Q9UPZ9	Q9VL64
P20794	Q9VL64
P48509	Q7JZI2
A1L157	Q7JZI2
Q9Y4C0	A0A0B4KGL0
Q9P2S2	A0A0B4KGL0
Q9ULB1	A0A0B4KGL0
Q96G01	P16568
Q8TD16	P16568
Q86UW6	Q9XZ11
Q92802	Q9XZ11
Q5TBK1	Q9XZ11
Q969T9	Q9VU19
Q6ICG8	Q9VU19
Q8NEK8	A0A4P7VA97
Q96A09	A0A4P7VA97
Q96IP4	A0A4P7VA97
Q5VWP2	A0A4P7VA97
Q9GZU7	M9PFN0
O15194	M9PFN0
O14595	M9PFN0
Q8WUS8	Q9VVE3
P14060	Q9VVE3
A6NKP2	Q9VVE3
Q9H2F3	Q9VVE3
P26439	Q9VVE3
P02794	Q9VYH1
Q8N4E7	Q9VYH1
Q9BXU8	Q9VYH1
P02792	Q9VYH1
P0C7X4	Q9VYH1
O75356	M9PBV2
O75354	M9PBV2
O95197	E1JHT6
Q9NQC3	E1JHT6
Q16799	E1JHT6
P17844	Q8MZI3
Q92841	Q8MZI3
Q9BZ72	P43125
O00562	P43125
P16591	P18106
P07332	P18106
P29274	Q9VAA2
P30542	Q9VAA2
P29275	Q9VAA2
P0DMS8	Q9VAA2
P32314	Q9W3Q5
O00409	Q9W3Q5
P51793	Q9VUY1
P51790	Q9VUY1
P51795	Q9VUY1
Q9P232	Q9VN14
Q02246	Q9VN14
Q12860	Q9VN14
Q9UQ52	Q9VN14
Q8IWV2	Q9VN14
O94779	Q9VN14
Q00796	O96299
Q00796	O97479
P42681	P08630
P51813	P08630
P42680	P08630
Q08881	P08630
Q06187	P08630
P62891	O16130
Q96EH5	O16130
Q59GN2	O16130
P48764	B7YZY2
Q14940	B7YZY2
P62995	P19018
Q13595	P19018
Q02818	Q9VVK7
P80303	Q9VVK7
Q06889	A0A0B4KGW2
P18146	A0A0B4KGW2
P46459	P54351
P46459	P46461
P85298	Q9VTU3
Q07960	Q9VTU3
O15119	Q24432
Q13207	Q24432
Q9P0L9	Q9VK95
Q9NZM6	Q9VK95
Q13563	Q9VK95
O75541	Q9W3X2
O75541	Q9W3X1
Q9Y2H1	Q9NBK5
Q15208	Q9NBK5
Q5JUK3	A8DY93
Q6UVM3	A8DY93
P60002	Q8MQI6
P60002	Q7KUN6
Q96CX2	Q9VDH3
Q68DU8	Q9VDH3
Q6ZWB6	Q9VDH3
Q9H9L7	Q9VS59
Q53H80	Q9VS59
Q7Z739	Q9VBZ5
Q9BYJ9	Q9VBZ5
Q9Y5A9	Q9VBZ5
Q9BZ68	Q9VBX0
Q9BZ67	Q9VBX0
Q70EL2	Q9W4C3
Q9Y5T5	Q9W4C3
Q7KZI7	A1ZBL9
P27448	A1ZBL9
Q9P0L2	A1ZBL9
Q8IWU6	Q9VEX0
Q8IWU5	Q9VEX0
Q8IZJ1	Q95TU8
Q6ZN44	Q95TU8
Q6UXZ4	Q95TU8
O95185	Q95TU8
Q8N5S9	A4V2C3
Q96RR4	A4V2C3
Q9NWY4	Q9VNI3
A8MVJ9	Q9VNI3
Q29RF7	A1Z8S6
Q9NTI5	A1Z8S6
Q6P4F1	Q9VLC1
Q495W5	Q9VLC1
P07195	Q95028
P07864	Q95028
Q6ZMR3	Q95028
Q9BYZ2	Q95028
P00338	Q95028
P41134	P18491
Q02363	P18491
Q02535	P18491
P47928	P18491
Q8TC59	Q7PLK0
Q96J94	Q7PLK0
Q7Z3Z4	Q7PLK0
P49327	M9PB21
P49327	Q7PLB8
P49327	B7Z001
Q9NQS5	Q9W534
Q9NQS5	Q9NDM2
Q9NQS5	Q9W533
P48039	Q9W534
P48039	Q9NDM2
P48039	Q9W533
Q9UL54	Q0KHQ5
Q9H2K8	Q0KHQ5
Q7L7X3	Q0KHQ5
Q6DN90	Q9VP80
Q9UPP2	Q9VP80
Q5JU85	Q9VP80
Q6ZPD9	Q9VWR8
Q2PZI1	Q9VWR8
Q6NUT2	Q9VWR8
Q7Z388	Q9VWR8
Q8N684	Q9VSH4
Q16630	Q9VSH4
Q9UHD2	Q9V3Y8
Q14164	Q9V3Y8
Q9H422	A0A6M3Q6U2
Q9H2X6	A0A6M3Q6U2
Q86Z02	A0A6M3Q6U2
P45880	Q94920
Q9Y277	Q94920
P21796	Q94920
Q9Y2K7	Q9VHH9
Q8NHM5	Q9VHH9
P16949	M9NEA1
Q9H169	M9NEA1
Q9NZ72	M9NEA1
Q93045	M9NEA1
P55809	Q9W058
Q9BYC2	Q9W058
Q9BS26	Q9VI96
Q9BS26	Q95TL8
Q8N2M4	Q9VAJ0
Q8N661	Q9VAJ0
Q92484	Q8IQD3
Q92485	Q8IQD3
Q92888	A1ZAN6
Q9NZN5	A1ZAN6
O15085	A1ZAN6
Q9NZV8	P17971
Q9UK17	P17971
Q9NSA2	P17971
Q9H2C1	Q9V472
P48742	Q9V472
P48547	P17972
Q14003	P17972
Q96PR1	P17972
Q03721	P17972
Q9BPZ3	Q9VG13
Q9ULR5	Q9VG13
A0A1W2PQJ5	Q9VWE4
Q9NP77	Q9VWE4
A0A1W2PQ64	Q9VWE4
A0A1W2PR75	Q9VWE4
A0A1W2PQD8	Q9VWE4
A0A1W2PQ27	Q9VWE4
A0A1W2PQC6	Q9VWE4
Q6BDS2	M9PEM2
A0JNW5	M9PEM2
Q9BWG4	A0A0B4KGW6
Q9BWW4	A0A0B4KGW6
P81877	A0A0B4KGW6
A0PJY2	Q9VQ56
Q8TBJ5	Q9VQ56
Q13838	Q27268
O00148	Q27268
Q96CJ1	Q7JRJ1
Q96JC9	Q7JRJ1
O43765	Q9VJD4
Q96EQ0	Q9VJD4
O43781	P83102
Q92630	P83102
O75325	A0A0S0WP14
O75325	A0A6M3Q7U5
O75325	M9PFH7
O75154	M9ND89
Q86YS3	M9ND89
O75908	Q8MYW9
P35610	Q8MYW9
Q3ZCQ8	Q9W0S3
Q3ZCQ8	Q9W4V8
Q3ZCQ8	Q9V9P3
Q8TDI8	A0A0U1QT59
Q7Z5M5	A0A0U1QT59
Q8TDI7	A0A0U1QT59
P53365	Q9VGQ8
P53367	Q9VGQ8
P49116	Q24142
P13056	Q24142
Q02078	P40791
Q14814	P40791
Q06413	P40791
P08237	P52034
P17858	P52034
Q01813	P52034
Q9NRW1	O18334
P20340	O18334
Q14188	Q24318
Q14186	Q24318
Q5H9I0	Q24318
Q6UXB8	Q9VFY2
P48060	Q9VFY2
O43692	Q9VFY2
P16562	Q9VFY2
Q6UWM5	Q9VFY2
P54108	Q9VFY2
Q15562	P30052
Q99594	P30052
P28347	P30052
Q15561	P30052
P31751	Q8INB9
Q9Y243	Q8INB9
P31749	Q8INB9
Q2KHR2	A0A0B4KGM5
P48382	A0A0B4KGM5
Q3SY69	Q9VIC9
O75891	Q9VIC9
Q9H013	Q6QU65
Q9BZ11	Q6QU65
Q9UKQ2	Q6QU65
O43184	Q6QU65
P78325	Q6QU65
Q13444	Q6QU65
Q13443	Q6QU65
Q8WW35	Q9VH45
Q8WW35	Q7KUM9
P78352	P31007
Q92796	P31007
Q12959	P31007
Q9NR46	Q8SYD9
Q9Y371	Q8SYD9
Q99819	Q9VW59
P52565	Q9VW59
P52566	Q9VW59
P11274	X2JC00
Q12979	X2JC00
P13995	Q04448
Q9H903	Q04448
P06280	Q7K127
P06280	Q9VL27
P17050	Q7K127
P17050	Q9VL27
A6NFU8	Q8SZB7
Q9NXJ5	Q8SZB7
Q9Y5L4	Q0E8V7
Q9Y5L4	Q9VTN3
Q7Z5P4	Q9VIG6
Q8IZV5	Q9VIG6
Q8NBQ5	Q9VIG6
Q8N3Y7	Q9VIG6
Q7Z5P4	Q9VR28
Q8IZV5	Q9VR28
Q8NBQ5	Q9VR28
Q8N3Y7	Q9VR28
Q9NVZ3	Q9VXB0
Q8NC96	Q9VXB0
Q9H9G7	Q32KD4
Q9UKV8	Q32KD4
Q9UL18	Q32KD4
Q9HCK5	Q32KD4
Q9UGJ0	Q9VDD2
P54619	Q9VDD2
Q9UGI9	Q9VDD2
Q86UL3	A0A0B4LGJ9
Q53EU6	A0A0B4LGJ9
Q8NFU3	Q9VG33
Q8NFU3	P22978
Q8NFU3	Q9VCD9
O43169	Q9V4N3
P00167	Q9V4N3
Q9Y6G9	Q9VZ20
O43237	Q9VZ20
Q9UGV2	Q9GU50
Q92597	Q9GU50
Q9UN36	Q9GU50
Q9ULP0	Q9GU50
Q13442	Q9VLC4
Q13442	Q9W4J4
Q5HYJ3	Q9VSW7
Q8TAV0	Q9VSW7
C9JE40	Q9VEN9
Q86TB9	Q9VEN9
Q96GY0	A0A0B4KGL2
Q5TFG8	A0A0B4KGL2
Q12800	A1Z851
Q9NZI6	A1Z851
Q9NZI7	A1Z851
Q96RL7	A1Z713
Q709C8	A1Z713
O43283	Q9VW24
Q12852	Q9VW24
O00754	Q9VLI1
O00754	Q9VKV2
O00754	Q9VLI0
O00754	Q9VLH9
O00754	Q8IPB7
O00754	Q9VLI2
Q06055	Q6NN09
P05496	Q6NN09
P48201	Q6NN09
Q86WG5	Q9VGH9
O95248	Q9VGH9
O60518	Q9VN44
O00410	Q9VN44
Q4G0F5	Q9W552
O75436	Q9W552
P12821	Q9VLJ6
P12821	Q10714
Q9HCB6	Q7KN04
Q9HCB6	Q7K3Y9
P25440	P13709
Q15059	P13709
Q58F21	P13709
O60885	P13709
P26010	P11584
P18084	P11584
P05107	P11584
P05106	P11584
P05556	P11584
P18564	P11584
O15068	Q7K4E0
P10911	Q7K4E0
Q86YR7	Q7K4E0
Q9UPT8	P22293
P61129	P22293
Q8N5P1	P22293
P01100	P21525
P15407	P21525
P15408	P21525
P53539	P21525
Q92569	Q7KTZ2
P27986	Q7KTZ2
O00459	Q7KTZ2
Q9H1A7	Q9VJE4
Q9GZM3	Q9VJE4
P52435	Q9VJE4
Q92750	P47825
O00268	P47825
O94851	Q86BA1
Q7RTP6	Q86BA1
Q01538	M9PJ12
Q9UL68	M9PJ12
O60284	M9PJ12
Q7Z3T8	Q7K9H6
O95405	Q7K9H6
Q4LE39	Q9VWP5
P29374	Q9VWP5
O43663	Q9VZ62
O43663	Q9VZ61
Q9H2L5	Q9VCQ7
P50749	Q9VCQ7
Q6ZTQ3	Q9VCQ7
P21926	A0A0B4KH03
P60033	A0A0B4KH03
O60636	A0A0B4KH03
Q16760	A8JQ65
Q86XP1	A8JQ65
Q03154	Q9VCQ8
Q03154	Q8T490
Q03154	Q9I7K3
Q03154	Q9VCR0
Q03154	Q9VCR2
Q03154	Q9VCQ9
Q53FV1	Q9VP04
Q8N138	Q9VP04
Q9P0S3	Q9VP04
Q07352	P47980
P47974	P47980
Q92608	A0A0B4K7Q6
Q14185	A0A0B4K7Q6
Q9H7D0	A0A0B4K7Q6
Q12948	P32027
Q99958	P32027
Q99879	P02283
P57053	P02283
Q5QNW6	P02283
Q16778	P02283
P62807	P02283
O60814	P02283
P23527	P02283
Q99880	P02283
Q99877	P02283
P06899	P02283
P33778	P02283
Q96A08	P02283
Q93079	P02283
P58876	P02283
Q8N257	P02283
Q9H5N1	Q9W2M0
Q15276	Q9W2M0
Q9HBH9	Q9VGI4
Q9BUB5	Q9VGI4
P21860	P04412
P00533	P04412
Q15303	P04412
P04626	P04412
Q15633	Q9VJY9
O75569	Q9VJY9
Q9NX61	Q9VTF5
Q8NDZ6	Q9VTF5
Q6ZMT1	A0A0B4KEV7
Q99469	A0A0B4KEV7
Q96MF2	A0A0B4KEV7
Q7Z5N4	O97394
Q58EX2	O97394
Q9H9H4	Q9VN88
A5D8V6	Q9VN88
Q86XT2	Q9VN88
Q99963	Q8T390
Q99962	Q8T390
Q99961	Q8T390
Q13404	Q9VRL1
Q15819	Q9VRL1
Q86XA9	A0A0B4KGF6
Q9P2D3	A0A0B4KGF6
Q9UHQ9	X2JGK6
P00387	X2JGK6
Q6BCY4	X2JGK6
Q9Y294	Q9V464
Q9NVP2	Q9V464
P68402	Q9VXP4
Q15102	Q9VXP4
Q8TE67	H9ZYQ1
Q8TE68	H9ZYQ1
Q12929	H9ZYQ1
Q9H6S3	H9ZYQ1
Q8TE67	Q8IPW1
Q8TE68	Q8IPW1
Q12929	Q8IPW1
Q9H6S3	Q8IPW1
A8MV65	Q26366
Q8N8G2	Q26366
Q8N1I0	Q9VAS8
Q8IZD9	Q9VAS8
Q9H3K2	Q9VIB2
Q9H3K2	Q9VZ34
Q99719	Q0KHR7
O43236	Q0KHR7
Q8WYJ6	Q0KHR7
Q99956	Q9VVW5
Q16828	Q9VVW5
Q16829	Q9VVW5
Q9BTY2	Q9VTJ4
P04066	Q9VTJ4
Q9BRQ0	Q9V9W8
Q9Y3Y4	Q9V9W8
Q8WUD6	A0A0B4K7Y4
Q9Y6K0	A0A0B4K7Y4
O43752	Q7JY00
O60499	Q7JY00
O43464	Q9VFJ3
Q92743	Q9VFJ3
P83110	Q9VFJ3
P30086	Q9VK60
P30086	Q9VI09
P30086	Q9VI08
O75132	Q9VM61
O96006	Q9VM61
P86452	Q9VM61
Q8WVX9	A1ZAI5
Q96K12	A1ZAI5
O75069	E1JJ71
O94876	E1JJ71
Q9ULS5	E1JJ71
O94901	A0A0B4KEE4
Q9UH99	A0A0B4KEE4
P81133	P05709
Q14190	P05709
Q99704	Q9W3R6
Q7L591	Q9W3R6
O60496	Q9W3R6
Q6NVV3	M9PD12
Q8N8Q9	M9PD12
Q0D2K0	M9PD12
P21291	Q24400
P50461	Q24400
Q16527	Q24400
P08684	Q9VG82
P24462	Q9VG82
Q9HB55	Q9VG82
P20815	Q9VG82
P24557	Q9VG82
P30519	Q9VGJ9
P09601	Q9VGJ9
P37235	P42325
P84074	P42325
P61601	P42325
Q12774	Q9VVC6
Q5VV41	Q9VVC6
Q96DR7	Q9VVC6
Q8N5V2	Q9VVC6
Q8IW93	Q9VVC6
P17600	Q24546
O14994	Q24546
Q92777	Q24546
Q8TAQ2	Q9VF03
Q92922	Q9VF03
P0C0S5	P08985
Q71UI9	P08985
P56645	P07663
O15534	P07663
P41212	Q01842
Q9Y603	Q01842
Q08629	Q9VCR3
Q9BQ16	Q9VCR3
Q92563	Q9VCR3
Q9UI08	Q8T4F7
P50552	Q8T4F7
Q8N8S7	Q8T4F7
Q32P51	P07909
Q32P51	P48810
P52564	O62602
P46734	O62602
O15075	Q7PLI7
O43602	Q7PLI7
Q8N568	Q7PLI7
Q99489	Q7JZB1
P14920	Q7JZB1
Q8NI37	Q9W0E2
Q8NI37	Q9W3R1
O75936	Q7K4A8
O75936	Q9W5B5
O75936	Q9VY24
P58872	Q9W0E9
O75783	Q9W0E9
Q16512	A1Z7T0
Q6P5Z2	A1Z7T0
Q16513	A1Z7T0
P51959	Q95TJ9
Q14094	Q95TJ9
Q16589	Q95TJ9
Q8TET4	Q7KMM4
Q14697	Q7KMM4
Q07837	A1Z7E8
Q07837	Q9VKE6
Q07837	P07191
Q07837	P07190
Q07837	Q5U124
Q07837	P07192
Q07837	A1Z7F1
Q07837	A1Z7F3
Q07837	A1Z7F2
Q07837	A0A4P1SA55
Q7Z5G4	A0A0B4KH14
Q2TAP0	A0A0B4KH14
O75167	Q9VZN0
Q9C0D0	Q9VZN0
Q8IZ21	Q9VZN0
Q96KR7	Q9VZN0
Q13888	Q9VNP8
Q6P1K8	Q9VNP8
Q9NQ34	Q9VNA4
Q9P0T7	Q9VNA4
P0DW13	P49906
Q15544	P49906
A0A1W2PPE2	P49906
A0A1W2PR64	P49906
P0DW12	P49906
A0A1W2PQ09	P49906
A6NLC8	P49906
A0A1W2PPL8	P49906
A0A1W2PPH5	P49906
A0A1W2PPW3	P49906
A0A1W2PRV1	P49906
A0A1W2PP81	P49906
P0DW14	P49906
P0DW11	P49906
A0A1W2PRN6	P49906
Q3KQV9	Q9Y0Z0
Q16222	Q9Y0Z0
Q8TAF8	Q9W068
Q7Z7J7	Q9W068
Q86UP9	Q9W068
Q6VY07	Q9VCE7
Q86VP3	Q9VCE7
P10620	Q86B54
P10620	Q8SY19
P10620	X2JF29
Q7L0R7	Q9VHC2
Q9H0F5	Q9VHC2
Q9NZR4	X2JDS9
P58304	X2JDS9
Q9NPI5	Q9VZR0
Q9NWW6	Q9VZR0
Q9NU19	Q95RC5
Q8WUA7	Q95RC5
O75594	Q9VYX7
Q96LB9	Q9VYX7
Q9UIJ5	A0A0B4LF16
Q5W0Z9	A0A0B4LF16
Q96MV8	A0A0B4LF16
Q6ISB3	P13002
Q9NZI5	P13002
Q8TE85	P13002
Q13796	A1Z9P3
Q8TF72	A1Z9P3
Q9ULL8	A1Z9P3
Q14168	Q7KT16
Q9NZW5	Q7KT16
Q8NDT2	Q7KMJ6
Q96T37	Q7KMJ6
Q8TDB8	Q8IRI6
P11166	Q8IRI6
P14672	Q8IRI6
P11169	Q8IRI6
P11168	Q8IRI6
Q8WVN8	Q29R09
Q7Z7E8	Q29R09
Q9NYZ2	Q9VAY3
Q96A46	Q9VAY3
Q9Y2L9	Q960C5
Q5VUJ6	Q960C5
Q96II8	Q960C5
O75427	Q960C5
Q9Y4F1	A8JQT5
Q6ZUT3	A8JQT5
O94887	A8JQT5
Q15388	Q9VGX9
Q15388	Q95RF6
Q7Z6R9	M9PIH9
Q92754	M9PIH9
Q6VUC0	M9PIH9
Q92481	M9PIH9
P05549	M9PIH9
O60704	Q9VYB7
O60507	Q9VYB7
O60879	P48608
O60610	P48608
Q9NSV4	P48608
Q5TGI4	A0A0B4KHV7
Q5TGI4	A0A0B4KGJ9
P04085	Q9VWP6
P01127	Q9VWP6
O15523	Q9VHP0
O00571	Q9VHP0
O15105	A0A6H2EEY2
O43541	A0A6H2EEY2
Q3SXM5	Q8INZ8
Q3SXM5	Q8IGQ3
Q3SXM5	Q9VJG8
Q3SXM5	Q8SX47
O00470	O46339
A8K0S8	O46339
O14770	O46339
A6NDR6	O46339
Q99687	O46339
Q14209	Q27368
Q01094	Q27368
O75461	Q27368
O00716	Q27368
Q9H093	A0A6H2EG35
O60285	A0A6H2EG35
P12643	P07713
P12644	P07713
Q9H892	Q9VC34
Q9H892	A8JQU5
Q9H892	A2VEQ2
Q9H892	Q8IND4
P54840	Q9VFC8
P13807	Q9VFC8
Q86SZ2	Q9VF82
O75865	Q9VF82
O75093	P24014
O75094	P24014
O94813	P24014
Q9HBD1	Q9VV48
Q5TC82	Q9VV48
Q14651	Q8IQZ7
P13797	Q8IQZ7
P13796	Q8IQZ7
P49760	P49762
P49761	P49762
Q9HAZ1	P49762
P49759	P49762
P52735	Q9NHV9
P15498	Q9NHV9
Q9UKW4	Q9NHV9
Q9GZV4	Q9GU68
P63241	Q9GU68
Q6IS14	Q9GU68
Q5VUM1	Q9VLU6
Q5VUM1	Q9VJS6
Q10567	Q24253
P63010	Q24253
Q14549	Q4V5A3
P52951	Q4V5A3
Q5IJ48	P10040
P82279	P10040
Q10587	Q8SZT1
Q10586	Q8SZT1
Q16534	Q8SZT1
O60641	Q9VI75
Q13492	Q9VI75
Q9NPI6	Q9W1H5
Q8IZD4	Q9W1H5
Q15493	H8F4T3
Q15493	Q76NR6
Q9NRX5	M9PFR2
Q96SA4	M9PFR2
Q13530	M9PFR2
O94766	O97422
Q9P2W7	O97422
Q9NQG5	Q9W039
Q96P16	Q9W039
Q5HYI7	Q9VHB6
Q13505	Q9VHB6
Q9NWM0	Q9VHN8
Q6QHF9	Q9VHN8
Q3MIR4	Q9VXG0
Q9NV96	Q9VXG0
Q9Y4C1	Q9VHC5
Q7LBC6	Q9VHC5
Q15652	Q9VHC5
P35030	A1ZA64
Q9UBX7	A1ZA64
Q92876	A1ZA64
P07288	A1ZA64
P07478	A1ZA64
Q9Y337	A1ZA64
P20151	A1ZA64
Q8NHM4	A1ZA64
O60259	A1ZA64
P06870	A1ZA64
Q9H2R5	A1ZA64
P07477	A1ZA64
Q9UKR3	A1ZA64
Q9P0G3	A1ZA64
Q8NHU2	Q9W206
Q8NHU2	Q7KVK5
Q9Y2K3	P05661
P12883	P05661
Q9Y623	P05661
P13535	P05661
Q9UKX2	P05661
A7E2Y1	P05661
P13533	P05661
P12882	P05661
P11055	P05661
Q9UKX3	P05661
Q6IQ26	Q9W0E1
Q6ZUT9	Q9W0E1
Q9UH77	Q04652
O95198	Q04652
Q9UMR2	O61305
Q9UHL0	O61305
Q9NUU7	O61305
Q9H305	Q8IRE5
Q9H305	Q9W1P0
C9JJH3	Q9VRP5
C9JVI0	Q9VRP5
D6RBQ6	Q9VRP5
Q0WX57	Q9VRP5
A8MUK1	Q9VRP5
D6RCP7	Q9VRP5
Q9H9J4	Q9VRP5
A6NCW7	Q9VRP5
P0C7I0	Q9VRP5
D6RJB6	Q9VRP5
P0C7H9	Q9VRP5
C9J2P7	Q9VRP5
Q6QN14	Q9VRP5
C9JLJ4	Q9VRP5
Q6R6M4	Q9VRP5
Q9P275	Q9VRP5
D6R901	Q9VRP5
D6R9N7	Q9VRP5
Q7RTZ2	Q9VRP5
C9JPN9	Q9VRP5
A6NCW0	Q9VRP5
D6RA61	Q9VRP5
Q7L4E1	Q9W3F7
Q8NAN2	Q9W3F7
P12034	Q9VDT9
P10767	Q9VDT9
O15520	Q9VDT9
P21781	Q9VDT9
Q9HCT0	Q9VDT9
P05230	Q9VDT9
P08620	Q9VDT9
P11487	Q9VDT9
O43320	Q9VDT9
Q9NP95	Q9VDT9
Q92914	Q9VDT9
P31371	Q9VDT9
P61328	Q9VDT9
Q92915	Q9VDT9
Q92913	Q9VDT9
Q16849	Q9VPV8
Q92932	Q9VPV8
Q9Y241	A0A0B4KEI1
A8MV81	A0A0B4KEI1
Q9P298	A0A0B4KEI1
Q96J02	Q9Y0H4
O00308	Q9Y0H4
Q9H0M0	Q9Y0H4
Q13393	B7YZT5
O14939	B7YZT5
Q13620	Q5BI50
Q13619	Q5BI50
O15305	Q9VTZ6
Q92871	Q9VTZ6
O60282	P17210
P33176	P17210
Q12840	P17210
O60684	O76521
P52294	O76521
O15131	O76521
O75821	Q9W4X7
O75821	Q9VDM6
Q15139	A0A0B4KHC3
O94806	A0A0B4KHC3
Q9BZL6	A0A0B4KHC3
Q96PF2	Q9VE58
Q96PN8	Q9VE58
Q9BXA7	Q9VE58
O94844	M9PG08
Q9BYZ6	M9PG08
O15178	P55965
O60806	P55965
O43861	Q9VK06
O75110	Q9VK06
Q6Y7W6	Q7KQM6
O75420	Q7KQM6
Q8NCM2	Q02280
O95259	Q02280
Q96D31	Q9U6B8
Q9BRQ5	Q9U6B8
Q96SN7	Q9U6B8
P07333	E1JHB7
P35968	E1JHB7
P36888	E1JHB7
P09619	E1JHB7
P16234	E1JHB7
P35916	E1JHB7
P17948	E1JHB7
P10721	E1JHB7
Q9NSK0	P46824
Q07866	P46824
Q9H0B6	P46824
Q92564	Q9VWB1
Q9BTE7	Q9VWB1
Q86U10	Q9VH61
Q86U10	Q9W4N6
P05023	P13607
P13637	P13607
P50993	P13607
P08908	P20905
P28221	P20905
P28566	P20905
P28222	P20905
P30939	P20905
Q6V702	Q9VQD0
Q6V702	Q9VFY6
Q6V702	Q9VMP6
Q6V702	Q9VMP5
Q03111	A0A0B4KG69
P42568	A0A0B4KG69
Q99612	Q8MR37
O75840	Q8MR37
O95630	Q9VA71
Q96FJ0	Q9VA71
P24723	P13678
Q02156	P13678
P62834	P08645
P61224	P08645
A6NIZ1	P08645
P49841	P18431
P49840	P18431
P08648	P12080
P53708	P12080
P06756	P12080
P08514	P12080
P48436	Q9VA17
P56693	Q9VA17
P57073	Q9VA17
Q496Y0	Q9VSB2
Q17RB8	Q9VSB2
Q1L5Z9	Q9VSB2
Q567V2	Q9VZM6
Q567V2	Q8IRC8
Q5TA50	Q8MLW4
A6NH11	Q8MLW4
Q5VV67	Q8IPM1
Q86YN6	Q8IPM1
Q9UBK2	Q8IPM1
Q8NFP7	Q7JVG2
A0A024RBG1	Q7JVG2
Q96G61	Q7JVG2
O95989	Q7JVG2
Q9NZJ9	Q7JVG2
Q15283	P48423
Q14644	P48423
P32238	Q7M3J6
P32238	A8JUP8
Q7Z4V5	Q9VAA9
P51858	Q9VAA9
Q9Y3E1	Q9VAA9
Q5TGJ6	Q9VAA9
O75475	Q9VAA9
P0C7U3	Q9VPM2
Q9H8X9	Q9VPM2
Q8WTX9	Q9VPM2
Q92963	Q7JMZ0
Q99578	Q7JMZ0
Q9HCE1	Q6J5K9
Q9BXT6	Q6J5K9
Q86YS6	O18339
A4D1S5	O18339
Q71RH2	Q9V3S7
Q8TBR7	Q9V3S7
Q9UHM6	P04950
Q9UHM6	P08099
Q9UHM6	O01668
Q9UHM6	P91657
Q9UHM6	P08255
Q9UHM6	P06002
O75251	Q9VAK5
O75251	Q9VXK7
O43847	Q9VP94
O43847	Q9VYT3
Q9UJY4	Q9W329
Q9NZ52	Q9W329
Q9UJY5	Q9W329
Q8NDX2	Q9VQC0
Q9P2U7	Q9VQC0
Q9P2U8	Q9VQC0
Q9P1U1	P32392
P61158	P32392
Q8N9L1	P39768
Q15915	P39768
O60481	P39768
O95409	P39768
Q96T25	P39768
Q8NE62	Q9VY06
Q8NE62	Q9VY00
Q8NE62	Q9VY02
Q8NE62	Q9VY11
Q8NE62	Q9VY08
Q8NE62	Q9VY04
Q8NE62	Q9VY09
Q8NE62	Q9VBG8
Q8NE62	Q8SXY8
Q8NE62	Q9VY10
Q8NE62	Q8MQY9
Q8NE62	P18173
Q8NE62	Q9VY05
Q9NPC8	Q27350
Q15475	Q27350
P38606	Q27331
P38606	P48602
Q15349	Q9VR61
Q15418	Q9VR61
P51812	Q9VR61
Q9UK32	Q9VR61
Q9BVM4	Q9W0Y1
Q9BVM4	Q9W0Y2
P17031	O61360
Q5TYW1	O61360
Q96JF6	O61360
Q9HCL3	O61360
Q6ZNH5	O61360
O75820	O61360
Q06730	O61360
Q147U1	O61360
Q8NHY6	O61360
Q14584	O61360
A8MQ14	O61360
Q06732	O61360
Q14585	O61360
Q8N823	O61360
Q03923	O61360
Q5JVG2	O61360
Q9HCX3	O61360
Q8N8Z8	O61360
Q8NB50	O61360
P35789	O61360
Q7Z3V5	O61360
Q0VGE8	O61360
B7Z6K7	O61360
A6NN14	O61360
Q8N4W9	O61360
Q9Y473	O61360
Q8IZ26	O61360
P17014	O61360
Q96LW1	O61360
Q96NL3	O61360
Q8NEP9	O61360
Q8NB42	O61360
P17027	O61360
C9JN71	O61360
O14709	O61360
Q96MU6	O61360
Q86V71	O61360
Q494X3	O61360
Q9UJU3	O61360
Q6PDB4	O61360
A0A7P0TAN4	O61360
Q6ZMW2	O61360
Q99676	O61360
P17039	O61360
Q86T29	O61360
P52740	O61360
P52742	O61360
Q4V348	O61360
Q52M93	O61360
Q96IR2	O61360
P51523	O61360
Q6ZN08	O61360
A6NDX5	O61360
Q6ZNA1	O61360
Q8TD23	O61360
P51508	O61360
Q96MR9	O61360
O60765	O61360
Q9Y2A4	O61360
Q96NJ6	O61360
Q6ZR52	O61360
Q5JNZ3	O61360
Q6ZNG1	O61360
Q9UK13	O61360
Q9Y2P0	O61360
Q8N972	O61360
Q8TF47	O61360
Q9BRH9	O61360
Q9NYT6	O61360
Q86UD4	O61360
Q86WZ6	O61360
Q7Z7L9	O61360
A8MTY0	O61360
O43296	O61360
Q8N184	O61360
Q68DY1	O61360
Q5SXM1	O61360
P17035	O61360
Q9UK10	O61360
Q08ER8	O61360
Q9C0F3	O61360
Q9NYW8	O61360
Q96N22	O61360
Q6P9A1	O61360
Q8TBZ5	O61360
Q9UEG4	O61360
P15622	O61360
Q8N7K0	O61360
Q9P0L1	O61360
Q9Y2G7	O61360
Q3ZCT1	O61360
A8MXY4	O61360
Q96RE9	O61360
P51522	O61360
P52736	O61360
Q9UJW8	O61360
Q9NZL3	O61360
O43345	O61360
Q05481	O61360
Q9UJW7	O61360
Q9P255	O61360
Q3ZCX4	O61360
Q6ZN19	O61360
Q76KX8	O61360
B4DU55	O61360
Q02386	O61360
Q03936	O61360
Q6ECI4	O61360
Q96GE5	O61360
Q9HCZ1	O61360
Q14586	O61360
Q6P9A3	O61360
Q9BY31	O61360
Q9UII5	O61360
O43361	O61360
P0CJ79	O61360
Q96SE7	O61360
Q9H7R5	O61360
Q8N141	O61360
P17019	O61360
Q5MCW4	O61360
Q9NQZ8	O61360
Q3MIS6	O61360
Q8WXB4	O61360
O94892	O61360
P17025	O61360
O75373	O61360
O75290	O61360
Q5CZA5	O61360
Q8TF20	O61360
Q6IV72	O61360
Q5HYK9	O61360
P17038	O61360
Q8TAQ5	O61360
Q9P2J8	O61360
O75123	O61360
Q8TF32	O61360
Q96SK3	O61360
Q03938	O61360
Q86YE8	O61360
Q9HCG1	O61360
Q9Y6R6	O61360
Q6ZN57	O61360
Q8TBZ8	O61360
Q96ND8	O61360
Q8NDQ6	O61360
A6NK75	O61360
Q9H0M5	O61360
Q8IYB9	O61360
P0DKX0	O61360
O75437	O61360
Q86XN6	O61360
Q2M218	O61360
Q08AN1	O61360
Q7Z340	O61360
Q3KP31	O61360
A6NHJ4	O61360
Q9Y3M9	O61360
Q32M78	O61360
B4DXR9	O61360
P51814	O61360
P17097	O61360
Q6ZN06	O61360
Q14593	O61360
Q9Y6Q3	O61360
Q6NX49	O61360
Q8N9F8	O61360
P17020	O61360
P17021	O61360
Q9NQV7	O61360
Q8WTR7	O61360
Q96JC4	O61360
P17017	O61360
Q14587	O61360
Q8N8J6	O61360
P0CG24	O61360
Q86UE3	O61360
Q9BX82	O61360
A6NNF4	O61360
Q8N7M2	O61360
Q8TF45	O61360
Q6ZMS4	O61360
Q9HBT7	O61360
Q9Y2P7	O61360
Q14590	O61360
Q6P3V2	O61360
Q8N7Q3	O61360
Q6PG37	O61360
Q14588	O61360
O75830	Q8SZF4
O75830	Q7K8Y5
O75830	Q7JV69
O75830	Q7YTY6
Q99574	Q8SZF4
Q99574	Q7K8Y5
Q99574	Q7JV69
Q99574	Q7YTY6
P07093	Q8SZF4
P07093	Q7K8Y5
P07093	Q7JV69
P07093	Q7YTY6
Q5T848	A8DY43
Q5T848	Q9VKA4
Q6PRD1	A8DY43
Q6PRD1	Q9VKA4
Q96BZ4	Q9VIF2
Q96BZ4	Q9VIE9
Q8IV08	Q9VIF2
Q8IV08	Q9VIE9
Q16822	P20007
Q16822	Q7JXB5
P35558	P20007
P35558	Q7JXB5
P19622	P02836
P19622	P05527
Q05925	P02836
Q05925	P05527
O00161	P36975
O00161	Q9VH76
P60880	P36975
P60880	Q9VH76
P36222	Q9W5U2
P36222	Q9VZV2
Q9BZP6	Q9W5U2
Q9BZP6	Q9VZV2
Q15782	Q9W5U2
Q15782	Q9VZV2
Q13231	Q9W5U2
Q13231	Q9VZV2
O00337	Q7K4A1
O00337	A1Z7N3
Q9HAS3	Q7K4A1
Q9HAS3	A1Z7N3
O43868	Q7K4A1
O43868	A1Z7N3
A0A096LP55	Q4QPY6
A0A096LP55	A8Y535
P07919	Q4QPY6
P07919	A8Y535
P63261	P10987
P63261	P02572
P60709	P10987
P60709	P02572
Q9NVA2	P54359
Q9NVA2	Q7KLG8
Q92599	P54359
Q92599	Q7KLG8
Q14141	P54359
Q14141	Q7KLG8
Q9P0V9	P54359
Q9P0V9	Q7KLG8
Q9BZE3	Q24255
Q9BZE3	Q24256
Q9NY43	Q24255
Q9NY43	Q24256
P27824	Q9VXF6
P27824	Q9I7S9
P27824	Q9VAL7
O14967	Q9VXF6
O14967	Q9I7S9
O14967	Q9VAL7
Q92911	Q8SWV5
Q92911	P83740
Q1EHB4	Q8SWV5
Q1EHB4	P83740
Q8N695	Q8SWV5
Q8N695	P83740
Q9Y289	Q8SWV5
Q9Y289	P83740
P23763	Q9W0C1
P23763	P18489
P63027	Q9W0C1
P63027	P18489
P46059	X2JCG8
P46059	P91679
Q16348	X2JCG8
Q16348	P91679
Q9BVK6	Q9I7K5
Q9BVK6	Q86BA5
Q7Z7H5	Q9I7K5
Q7Z7H5	Q86BA5
P55210	O01382
P55210	O02002
P42574	O01382
P42574	O02002
O15162	Q9VZW1
O15162	Q9VT88
A0PG75	Q9VZW1
A0PG75	Q9VT88
Q9NRY7	Q9VZW1
Q9NRY7	Q9VT88
P04075	P07764
P04075	Q9VBF5
P05062	P07764
P05062	Q9VBF5
P09972	P07764
P09972	Q9VBF5
Q9BT40	Q7K161
Q9BT40	M9PHS8
Q15735	Q7K161
Q15735	M9PHS8
P34998	E2QCM9
P34998	A1Z9Q8
Q13324	E2QCM9
Q13324	A1Z9Q8
P48544	A0A0B4KH86
P48544	A0A0B4LHI9
Q92806	A0A0B4KH86
Q92806	A0A0B4LHI9
B7U540	A0A0B4KH86
B7U540	A0A0B4LHI9
P63252	A0A0B4KH86
P63252	A0A0B4LHI9
Q14500	A0A0B4KH86
Q14500	A0A0B4LHI9
P48051	A0A0B4KH86
P48051	A0A0B4LHI9
P48050	A0A0B4KH86
P48050	A0A0B4LHI9
Q495M3	M9PEU1
Q495M3	Q9VLM3
Q495M3	Q9VTD7
Q495M3	Q7K2W3
Q6YBV0	M9PEU1
Q6YBV0	Q9VLM3
Q6YBV0	Q9VTD7
Q6YBV0	Q7K2W3
Q7Z2H8	M9PEU1
Q7Z2H8	Q9VLM3
Q7Z2H8	Q9VTD7
Q7Z2H8	Q7K2W3
Q495N2	M9PEU1
Q495N2	Q9VLM3
Q495N2	Q9VTD7
Q495N2	Q7K2W3
Q9H2E6	Q24322
Q9H2E6	Q7KK54
Q9H3T3	Q24322
Q9H3T3	Q7KK54
Q9H3T2	Q24322
Q9H3T2	Q7KK54
Q8NFY4	Q24322
Q8NFY4	Q7KK54
Q9BZV2	Q9VGV5
Q9BZV2	Q9VK64
Q9BZV2	Q9VGV6
P41440	Q9VGV5
P41440	Q9VK64
P41440	Q9VGV6
O60779	Q9VGV5
O60779	Q9VK64
O60779	Q9VGV6
Q9H313	Q9U6L4
Q9H313	Q9W5A5
Q9C0H2	Q9U6L4
Q9C0H2	Q9W5A5
Q9BSA4	Q9U6L4
Q9BSA4	Q9W5A5
O43623	P25932
O43623	Q9VJP2
Q3KNW1	P25932
Q3KNW1	Q9VJP2
Q96A70	P40807
Q96A70	P40808
P11926	P40807
P11926	P40808
O14977	P40807
O14977	P40808
Q9HCK4	Q9W213
Q9HCK4	Q9VPZ7
Q96MS0	Q9W213
Q96MS0	Q9VPZ7
Q9Y6N7	Q9W213
Q9Y6N7	Q9VPZ7
O75688	Q961C5
O75688	Q9VBF9
P35813	Q961C5
P35813	Q9VBF9
P23759	P09083
P23759	P09082
P23759	P06601
P23760	P09083
P23760	P09082
P23760	P06601
P78417	Q9VSL2
P78417	Q9VSL5
P78417	Q9VSL6
P78417	Q9VSL3
Q9H4Y5	Q9VSL2
Q9H4Y5	Q9VSL5
Q9H4Y5	Q9VSL6
Q9H4Y5	Q9VSL3
O15528	Q9VGZ0
O15528	Q9VVR9
O15528	Q9VE00
O15528	Q9V6D6
O15528	Q9V8M2
O15528	Q7KR10
O15528	Q9V5L3
O15528	Q9VE01
O15528	P82712
Q02318	Q9VGZ0
Q02318	Q9VVR9
Q02318	Q9VE00
Q02318	Q9V6D6
Q02318	Q9V8M2
Q02318	Q7KR10
Q02318	Q9V5L3
Q02318	Q9VE01
Q02318	P82712
Q07973	Q9VGZ0
Q07973	Q9VVR9
Q07973	Q9VE00
Q07973	Q9V6D6
Q07973	Q9V8M2
Q07973	Q7KR10
Q07973	Q9V5L3
Q07973	Q9VE01
Q07973	P82712
Q4G0S4	Q9VGZ0
Q4G0S4	Q9VVR9
Q4G0S4	Q9VE00
Q4G0S4	Q9V6D6
Q4G0S4	Q9V8M2
Q4G0S4	Q7KR10
Q4G0S4	Q9V5L3
Q4G0S4	Q9VE01
Q4G0S4	P82712
P05108	Q9VGZ0
P05108	Q9VVR9
P05108	Q9VE00
P05108	Q9V6D6
P05108	Q9V8M2
P05108	Q7KR10
P05108	Q9V5L3
P05108	Q9VE01
P05108	P82712
Q9H1H1	Q8SWX0
Q9H1H1	A8JR38
Q9H1H1	Q8IR64
Q8WW33	Q8SWX0
Q8WW33	A8JR38
Q8WW33	Q8IR64
P36873	P48461
P36873	P12982
P62136	P48461
P62136	P12982
P16298	Q27889
P16298	Q9VXF1
P48454	Q27889
P48454	Q9VXF1
Q08209	Q27889
Q08209	Q9VXF1
O95497	P83548
O95497	Q9W430
O95497	Q8IRR1
O95497	Q9NFP1
P43251	P83548
P43251	Q9W430
P43251	Q8IRR1
P43251	Q9NFP1
O95498	P83548
O95498	Q9W430
O95498	Q8IRR1
O95498	Q9NFP1
Q07666	A0A0B4KFT9
Q07666	O44434
Q07666	Q9W224
Q07666	Q9W240
Q07666	Q9W255
Q07666	Q9W254
Q07666	Q9W2D0
O75525	A0A0B4KFT9
O75525	O44434
O75525	Q9W224
O75525	Q9W240
O75525	Q9W255
O75525	Q9W254
O75525	Q9W2D0
Q5VWX1	A0A0B4KFT9
Q5VWX1	O44434
Q5VWX1	Q9W224
Q5VWX1	Q9W240
Q5VWX1	Q9W255
Q5VWX1	Q9W254
Q5VWX1	Q9W2D0
Q04741	Q9VFQ3
Q04741	P18488
Q04743	Q9VFQ3
Q04743	P18488
Q96K17	Q7KM15
Q96K17	Q9VPR2
P20290	Q7KM15
P20290	Q9VPR2
Q9NP73	P10383
Q9NP73	Q9VR20
Q01804	P10383
Q01804	Q9VR20
Q5VTU8	Q9VH24
Q5VTU8	Q9VXN2
P56381	Q9VH24
P56381	Q9VXN2
Q96HR9	A1Z9M2
Q96HR9	Q9VBM3
Q00765	A1Z9M2
Q00765	Q9VBM3
Q96M63	Q9VCN4
Q96M63	Q9VES4
Q8NA47	Q9VCN4
Q8NA47	Q9VES4
Q8TAA3	Q24178
Q8TAA3	P22769
O14818	Q24178
O14818	P22769
P49585	Q9W0D9
P49585	Q7K4C7
Q9Y5K3	Q9W0D9
Q9Y5K3	Q7K4C7
P0DPH7	P06603
P0DPH7	P06605
Q71U36	P06603
Q71U36	P06605
P0DPH8	P06603
P0DPH8	P06605
Q16769	Q86PD7
Q16769	Q9VTH7
Q9NXS2	Q86PD7
Q9NXS2	Q9VTH7
P13073	Q8T4H8
P13073	Q9VIQ8
Q96KJ9	Q8T4H8
Q96KJ9	Q9VIQ8
P0C263	Q9VM90
P0C263	A1ZAH6
Q52WX2	Q9VM90
Q52WX2	A1ZAH6
Q7RTU5	P10083
Q7RTU5	P09774
Q7RTU5	P10084
Q6XD76	P10083
Q6XD76	P09774
Q6XD76	P10084
Q9NQ33	P10083
Q9NQ33	P09774
Q9NQ33	P10084
P14621	A1A6Q5
P14621	P56544
P14621	Q9VHX3
P07311	A1A6Q5
P07311	P56544
P07311	Q9VHX3
Q01201	P15330
Q01201	P98149
Q04206	P15330
Q04206	P98149
Q04864	P15330
Q04864	P98149
Q86YD1	Q9VCB1
Q86YD1	Q9VDR1
Q71SY5	Q9VCB1
Q71SY5	Q9VDR1
Q9P0U3	Q9VWK5
Q9P0U3	Q8IQH8
Q9HC62	Q9VWK5
Q9HC62	Q8IQH8
Q8IZP2	Q86DS1
Q8IZP2	C4NYP8
P50502	Q86DS1
P50502	C4NYP8
Q8NFI4	Q86DS1
Q8NFI4	C4NYP8
Q7L0J3	Q9W3W9
Q7L0J3	Q9V3J5
Q7L0J3	Q9VGX6
Q496J9	Q9W3W9
Q496J9	Q9V3J5
Q496J9	Q9VGX6
Q7L1I2	Q9W3W9
Q7L1I2	Q9V3J5
Q7L1I2	Q9VGX6
O00391	Q9VD61
O00391	Q7JQR3
O00391	Q9VD62
Q6ZRP7	Q9VD61
Q6ZRP7	Q7JQR3
Q6ZRP7	Q9VD62
Q9HB89	Q9VFW6
Q9HB89	Q9VFW5
Q9HB89	Q8ITC9
Q9GZQ4	Q9VFW6
Q9GZQ4	Q9VFW5
Q9GZQ4	Q8ITC9
P30825	Q9VVM0
P30825	Q9VNP7
Q8WY07	Q9VVM0
Q8WY07	Q9VNP7
P52569	Q9VVM0
P52569	Q9VNP7
P01130	A8JRD0
P01130	Q7YU01
Q14114	A8JRD0
Q14114	Q7YU01
P98155	A8JRD0
P98155	Q7YU01
Q9HB89	Q8ITC7
Q9HB89	Q9VFW5
Q9HB89	Q8ITC9
Q9GZQ4	Q8ITC7
Q9GZQ4	Q9VFW5
Q9GZQ4	Q8ITC9
Q13938	Q9VG26
Q13938	Q86PF4
Q8WWF8	Q9VG26
Q8WWF8	Q86PF4
O75603	Q9VLA2
O75603	Q27403
Q9NP62	Q9VLA2
Q9NP62	Q27403
Q99755	Q9W2R3
Q99755	A0A6M3Q9L5
A2A3N6	Q9W2R3
A2A3N6	A0A6M3Q9L5
O60331	Q9W2R3
O60331	A0A6M3Q9L5
O14986	Q9W2R3
O14986	A0A6M3Q9L5
P30307	P20483
P30307	Q03019
P30305	P20483
P30305	Q03019
P30304	P20483
P30304	Q03019
O14639	Q8INN6
O14639	E1JIH3
O94929	Q8INN6
O94929	E1JIH3
Q6H8Q1	Q8INN6
Q6H8Q1	E1JIH3
Q9GZN2	A1Z913
Q9GZN2	A1Z916
Q15583	A1Z913
Q15583	A1Z916
Q99595	Q7PLT4
Q99595	Q9VRF6
Q99595	Q9VJP1
O60830	Q7PLT4
O60830	Q9VRF6
O60830	Q9VJP1
Q8N2R0	Q9VQS7
Q8N2R0	Q9VQU9
Q8TAX0	Q9VQS7
Q8TAX0	Q9VQU9
Q3KQZ1	Q7JZE8
Q3KQZ1	A1Z9M0
Q3KQZ1	A1Z9L9
Q6PIV7	Q7JZE8
Q6PIV7	A1Z9M0
Q6PIV7	A1Z9L9
P32745	Q9VVQ1
P32745	A0A0S0WMT8
P30874	Q9VVQ1
P30874	A0A0S0WMT8
P35346	Q9VVQ1
P35346	A0A0S0WMT8
P31391	Q9VVQ1
P31391	A0A0S0WMT8
P30872	Q9VVQ1
P30872	A0A0S0WMT8
Q99707	Q9VJ31
Q99707	Q9VJ32
Q93088	Q9VJ31
Q93088	Q9VJ32
P30988	Q9VYH9
P30988	A0A0B4KF12
Q16602	Q9VYH9
Q16602	A0A0B4KF12
Q92625	Q9VCM6
Q92625	Q9VC09
Q7Z6G8	Q9VCM6
Q7Z6G8	Q9VC09
P36544	E1JJR2
P36544	A0A499GGQ3
P36544	Q7KTF8
Q494W8	E1JJR2
Q494W8	A0A499GGQ3
Q494W8	Q7KTF8
Q12926	M9PBZ2
Q12926	Q9VYI0
Q15717	M9PBZ2
Q15717	Q9VYI0
P26378	M9PBZ2
P26378	Q9VYI0
Q14576	M9PBZ2
Q14576	Q9VYI0
P52954	Q7KS77
P52954	A0A0B4KH37
Q6XYB7	Q7KS77
Q6XYB7	A0A0B4KH37
P0C0S8	P84051
P0C0S8	Q4AB57
Q6FI13	P84051
Q6FI13	Q4AB57
P04908	P84051
P04908	Q4AB57
P20671	P84051
P20671	Q4AB57
Q96QV6	P84051
Q96QV6	Q4AB57
Q9BTM1	P84051
Q9BTM1	Q4AB57
Q8IUE6	P84051
Q8IUE6	Q4AB57
Q99878	P84051
Q99878	Q4AB57
Q7L7L0	P84051
Q7L7L0	Q4AB57
P16104	P84051
P16104	Q4AB57
Q93077	P84051
Q93077	Q4AB57
Q96KK5	P84051
Q96KK5	Q4AB57
Q16777	P84051
Q16777	Q4AB57
Q9BW60	Q95T98
Q9BW60	A0A0B4KF65
Q9BW60	Q9VHX7
A1L3X0	Q95T98
A1L3X0	A0A0B4KF65
A1L3X0	Q9VHX7
Q5VYV0	P32028
Q5VYV0	P32029
Q99853	P32028
Q99853	P32029
P50995	P22464
P50995	Q9VXG4
P09525	P22464
P09525	Q9VXG4
P20073	P22464
P20073	Q9VXG4
Q02410	X2JE74
Q02410	Q9W2S5
O96018	X2JE74
O96018	Q9W2S5
Q99767	X2JE74
Q99767	Q9W2S5
Q16819	Q9V445
Q16819	Q9VC98
Q16819	Q9VCN5
Q16819	Q9VWR6
Q16820	Q9V445
Q16820	Q9VC98
Q16820	Q9VCN5
Q16820	Q9VWR6
Q9H0I9	Q9VHN7
Q9H0I9	Q9VVP4
P29401	Q9VHN7
P29401	Q9VVP4
Q9NQF3	O18391
Q9NQF3	Q9VP50
Q9NQF3	Q9W045
Q9NQF3	Q9W047
Q9NQF3	Q9VP51
Q9NQF3	Q9W048
Q9H4I8	O18391
Q9H4I8	Q9VP50
Q9H4I8	Q9W045
Q9H4I8	Q9W047
Q9H4I8	Q9VP51
Q9H4I8	Q9W048
Q9BTX7	Q9VM12
Q9BTX7	Q9VM11
Q9BTX7	Q9VIW5
Q5SYC1	Q9VM12
Q5SYC1	Q9VM11
Q5SYC1	Q9VIW5
Q8IUQ0	Q9VM12
Q8IUQ0	Q9VM11
Q8IUQ0	Q9VIW5
P12271	Q9VM12
P12271	Q9VM11
P12271	Q9VIW5
P12236	O62526
P12236	Q26365
P05141	O62526
P05141	Q26365
P12235	O62526
P12235	Q26365
Q9Y586	Q9Y106
Q9Y586	Q9U3W6
Q13394	Q9Y106
Q13394	Q9U3W6
Q9Y3A6	Q8INX8
Q9Y3A6	Q9VXY9
Q13445	Q8INX8
Q13445	Q9VXY9
Q9H1K4	Q8INJ3
Q9H1K4	Q9VGF7
Q9H936	Q8INJ3
Q9H936	Q9VGF7
Q9H427	Q9VFS9
Q9H427	Q9VHE0
O14649	Q9VFS9
O14649	Q9VHE0
Q9NPC2	Q9VFS9
Q9NPC2	Q9VHE0
Q6NXS1	A8JNP7
Q6NXS1	Q9VJE7
P41236	A8JNP7
P41236	Q9VJE7
Q96PQ5	A8JNP7
Q96PQ5	Q9VJE7
O14990	A8JNP7
O14990	Q9VJE7
Q9Y281	P45594
Q9Y281	Q9VWR1
P23528	P45594
P23528	Q9VWR1
P60981	P45594
P60981	Q9VWR1
Q9NRZ7	Q9VV49
Q9NRZ7	D5AEK7
Q9NRZ5	Q9VV49
Q9NRZ5	D5AEK7
P11362	Q09147
P11362	Q07407
P22607	Q09147
P22607	Q07407
P21802	Q09147
P21802	Q07407
P22455	Q09147
P22455	Q07407
P08559	Q9W4H4
P08559	Q7KVX1
P29803	Q9W4H4
P29803	Q7KVX1
Q9BX51	M9NFP5
Q9BX51	Q9VWT3
P36268	M9NFP5
P36268	Q9VWT3
A6NGU5	M9NFP5
A6NGU5	Q9VWT3
B5MD39	M9NFP5
B5MD39	Q9VWT3
P19440	M9NFP5
P19440	Q9VWT3
Q14390	M9NFP5
Q14390	Q9VWT3
Q7Z3S7	A0A0B4K866
Q7Z3S7	Q8IP22
Q7Z3S7	X2J9Z3
Q8IZS8	A0A0B4K866
Q8IZS8	Q8IP22
Q8IZS8	X2J9Z3
Q96QH8	A1ZBX7
Q96QH8	A1ZBX6
Q96QH8	Q9W4C2
Q8IXA5	A1ZBX7
Q8IXA5	A1ZBX6
Q8IXA5	Q9W4C2
P61626	A1ZBX7
P61626	A1ZBX6
P61626	Q9W4C2
Q96KX0	A1ZBX7
Q96KX0	A1ZBX6
Q96KX0	Q9W4C2
Q6UWQ5	A1ZBX7
Q6UWQ5	A1ZBX6
Q6UWQ5	Q9W4C2
O75951	A1ZBX7
O75951	A1ZBX6
O75951	Q9W4C2
Q7Z4W2	A1ZBX7
Q7Z4W2	A1ZBX6
Q7Z4W2	Q9W4C2
P28074	Q9W1S5
P28074	Q7K148
P28074	Q8INY4
P28062	Q9W1S5
P28062	Q7K148
P28062	Q8INY4
Q9UL40	Q9VKS7
Q9UL40	Q9W0R2
Q9H898	Q9VKS7
Q9H898	Q9W0R2
Q5H9K5	Q9VKS7
Q5H9K5	Q9W0R2
Q9HA38	Q9VKS7
Q9HA38	Q9W0R2
O75493	Q9W316
O75493	Q9W3P7
Q9NS85	Q9W316
Q9NS85	Q9W3P7
Q9UHC7	Q9VY20
Q9UHC7	Q9VP20
Q13434	Q9VY20
Q13434	Q9VP20
Q13064	Q9VY20
Q13064	Q9VP20
Q9H000	Q9VY20
Q9H000	Q9VP20
Q969M1	A1Z6L1
Q969M1	Q9U4L6
O96008	A1Z6L1
O96008	Q9U4L6
Q6P2I3	Q9VU50
Q6P2I3	Q95SI7
Q96GK7	Q9VU50
Q96GK7	Q95SI7
Q14108	Q9W0X0
Q14108	A8JNI3
Q8WTV0	Q9W0X0
Q8WTV0	A8JNI3
P16671	Q9W0X0
P16671	A8JNI3
P04180	Q9Y168
P04180	Q9I7L9
Q8NCC3	Q9Y168
Q8NCC3	Q9I7L9
O43147	Q8IQ30
O43147	Q8IQ31
Q2NKQ1	Q8IQ30
Q2NKQ1	Q8IQ31
Q9NZJ7	Q9W3P6
Q9NZJ7	Q9V3Y4
Q9Y6C9	Q9W3P6
Q9Y6C9	Q9V3Y4
P15309	Q8I0P9
P15309	B7Z080
P15309	Q9VW01
P11117	Q8I0P9
P11117	B7Z080
P11117	Q9VW01
Q9BZG2	Q8I0P9
Q9BZG2	B7Z080
Q9BZG2	Q9VW01
Q08345	R9PY37
Q08345	Q59DZ7
Q16832	R9PY37
Q16832	Q59DZ7
Q9NX09	Q9VTI8
Q9NX09	Q9VTH4
Q96D03	Q9VTI8
Q96D03	Q9VTH4
P25054	Q9Y1T2
P25054	Q9VAS9
O95996	Q9Y1T2
O95996	Q9VAS9
Q15759	O62618
Q15759	O61443
Q16539	O62618
Q16539	O61443
P0DTE7	P08144
P0DTE7	O18408
P0DTE7	P81641
P0DUB6	P08144
P0DUB6	O18408
P0DUB6	P81641
P0DTE8	P08144
P0DTE8	O18408
P0DTE8	P81641
P19961	P08144
P19961	O18408
P19961	P81641
P04746	P08144
P04746	O18408
P04746	P81641
Q92982	Q8MPP0
Q92982	A8JQY7
Q9NZG7	Q8MPP0
Q9NZG7	A8JQY7
Q3SYC2	Q7K1C2
Q3SYC2	A1Z739
Q3SYC2	Q7JYK2
Q86VF5	Q7K1C2
Q86VF5	A1Z739
Q86VF5	Q7JYK2
Q96PD6	Q7K1C2
Q96PD6	A1Z739
Q96PD6	Q7JYK2
Q6E213	Q7K1C2
Q6E213	A1Z739
Q6E213	Q7JYK2
Q6ZPD8	Q7K1C2
Q6ZPD8	A1Z739
Q6ZPD8	Q7JYK2
Q58HT5	Q7K1C2
Q58HT5	A1Z739
Q58HT5	Q7JYK2
Q96PD7	Q7K1C2
Q96PD7	A1Z739
Q96PD7	Q7JYK2
P10599	Q8IFW4
P10599	Q9V429
Q86VQ3	Q8IFW4
Q86VQ3	Q9V429
Q9NST1	Q9VXY8
Q9NST1	E1JI03
Q96AD5	Q9VXY8
Q96AD5	E1JI03
Q7Z6Z6	Q9VXY8
Q7Z6Z6	E1JI03
Q9NQA5	Q9W3W0
Q9NQA5	M9PI57
Q8NER1	Q9W3W0
Q8NER1	M9PI57
Q9HBA0	Q9W3W0
Q9HBA0	M9PI57
Q8NET8	Q9W3W0
Q8NET8	M9PI57
Q9H1D0	Q9W3W0
Q9H1D0	M9PI57
Q8NFZ3	Q9VIC6
Q8NFZ3	Q9NGK5
Q8NFZ4	Q9VIC6
Q8NFZ4	Q9NGK5
Q9NZ94	Q9VIC6
Q9NZ94	Q9NGK5
Q8N0W4	Q9VIC6
Q8N0W4	Q9NGK5
Q8N2Q7	Q9VIC6
Q8N2Q7	Q9NGK5
P48163	E1JIZ4
P48163	Q9VG31
Q16798	E1JIZ4
Q16798	Q9VG31
P78364	Q9W523
P78364	P39769
Q8NDX5	Q9W523
Q8NDX5	P39769
Q8IXK0	Q9W523
Q8IXK0	P39769
Q16831	Q9VBA0
Q16831	Q8T8S2
O95045	Q9VBA0
O95045	Q8T8S2
P15153	P48554
P15153	P40792
P63000	P48554
P63000	P40792
Q13621	Q9VNC7
Q13621	M9PI37
P55017	Q9VNC7
P55017	M9PI37
P55011	Q9VNC7
P55011	M9PI37
Q9BWW7	Q29R14
Q9BWW7	Q9VZK2
Q9NQ03	Q29R14
Q9NQ03	Q9VZK2
Q9UL62	P19334
Q9UL62	P48994
Q9UL62	Q9VJJ7
Q9UBN4	P19334
Q9UBN4	P48994
Q9UBN4	Q9VJJ7
Q7Z3G6	Q9U1I1
Q7Z3G6	A1Z6W3
Q96MT3	Q9U1I1
Q96MT3	A1Z6W3
Q9NY64	Q9VU17
Q9NY64	Q7K3P6
Q9NY64	Q8MKK4
Q9NY64	A1Z8N1
Q9NY64	Q7K2U8
Q9NY64	A8JQU1
Q9UGQ3	Q9VU17
Q9UGQ3	Q7K3P6
Q9UGQ3	Q8MKK4
Q9UGQ3	A1Z8N1
Q9UGQ3	Q7K2U8
Q9UGQ3	A8JQU1
O60240	Q9VCI3
O60240	Q9VXY7
Q99541	Q9VCI3
Q99541	Q9VXY7
Q00G26	Q9VCI3
Q00G26	Q9VXY7
O60664	Q9VCI3
O60664	Q9VXY7
Q96AB3	Q9W127
Q96AB3	Q9V9X3
Q96CN7	Q9W127
Q96CN7	Q9V9X3
Q8NC51	Q9V426
Q8NC51	D2A6L8
Q8NC51	Q9VBX3
Q5JVS0	Q9V426
Q5JVS0	D2A6L8
Q5JVS0	Q9VBX3
P02545	P08928
P02545	Q03427
P20700	P08928
P20700	Q03427
Q03252	P08928
Q03252	Q03427
Q13950	M9PI08
Q13950	Q9VRA9
Q13761	M9PI08
Q13761	Q9VRA9
Q01196	M9PI08
Q01196	Q9VRA9
Q99424	Q9W3U0
Q99424	Q9W2G8
Q99424	Q9W2G9
Q99424	Q7KML2
Q15067	Q9W3U0
Q15067	Q9W2G8
Q15067	Q9W2G9
Q15067	Q7KML2
Q6P1M0	Q7KVJ6
Q6P1M0	E1JHE4
Q6PCB7	Q7KVJ6
Q6PCB7	E1JHE4
A6NDG6	Q9VVL5
A6NDG6	Q8SXC9
A6NDG6	Q9VZW4
Q96GD0	Q9VVL5
Q96GD0	Q8SXC9
Q96GD0	Q9VZW4
Q9NQ39	Q9VWG3
Q9NQ39	Q9VB14
P46783	Q9VWG3
P46783	Q9VB14
P32247	A1ZAX0
P32247	Q4V622
P28336	A1ZAX0
P28336	Q4V622
P30550	A1ZAX0
P30550	Q4V622
Q06210	Q7PLC7
Q06210	Q9VAW3
O94808	Q7PLC7
O94808	Q9VAW3
Q96NT5	Q961H2
Q96NT5	Q9VA14
Q96NT5	Q9VY22
Q96NT5	A1Z7R6
Q96NT5	Q1EC10
Q96NT5	B7YZU3
Q96NT5	Q0E8E1
Q7Z3Q1	Q961H2
Q7Z3Q1	Q9VA14
Q7Z3Q1	Q9VY22
Q7Z3Q1	A1Z7R6
Q7Z3Q1	Q1EC10
Q7Z3Q1	B7YZU3
Q7Z3Q1	Q0E8E1
P09086	P31368
P09086	Q9VK71
P14859	P31368
P14859	Q9VK71
Q9UKI9	P31368
Q9UKI9	Q9VK71
Q8N841	A1ZBN5
Q8N841	Q9VB58
A6NNM8	A1ZBN5
A6NNM8	Q9VB58
Q96J84	Q9W4T9
Q96J84	Q08180
Q8IZU9	Q9W4T9
Q8IZU9	Q08180
Q6UWL6	Q9W4T9
Q6UWL6	Q08180
P09131	Q9VXV4
P09131	Q9VXF5
Q3KNW5	Q9VXV4
Q3KNW5	Q9VXF5
Q5PT55	Q9VXV4
Q5PT55	Q9VXF5
Q9H015	Q961R9
Q9H015	Q9VCA2
Q9H015	Q95R48
O76082	Q961R9
O76082	Q9VCA2
O76082	Q95R48
Q9Y226	Q961R9
Q9Y226	Q9VCA2
Q9Y226	Q95R48
Q4U2R8	Q961R9
Q4U2R8	Q9VCA2
Q4U2R8	Q95R48
A6NK97	Q961R9
A6NK97	Q9VCA2
A6NK97	Q95R48
Q11130	P83088
Q11130	Q9VUL9
Q11128	P83088
Q11128	Q9VUL9
Q9Y231	P83088
Q9Y231	Q9VUL9
P21217	P83088
P21217	Q9VUL9
P51993	P83088
P51993	Q9VUL9
P22083	P83088
P22083	Q9VUL9
P07951	P49455
P07951	P09491
P09493	P49455
P09493	P09491
P06753	P49455
P06753	P09491
P67936	P49455
P67936	P09491
Q9NRE2	P22265
Q9NRE2	Q9U3V5
Q6ZSZ6	P22265
Q6ZSZ6	Q9U3V5
Q63HK5	P22265
Q63HK5	Q9U3V5
Q5FVE4	Q9V3U0
Q5FVE4	Q9V3S9
Q96GR2	Q9V3U0
Q96GR2	Q9V3S9
Q9BWQ8	Q7JRM9
Q9BWQ8	Q8T8W2
Q9BWQ8	Q9VFM3
Q7Z429	Q7JRM9
Q7Z429	Q8T8W2
Q7Z429	Q9VFM3
Q7LGC8	Q9VMC4
Q7LGC8	Q9VMC3
Q9GZS9	Q9VMC4
Q9GZS9	Q9VMC3
Q9Y4C5	Q9VMC4
Q9Y4C5	Q9VMC3
Q8NCG5	Q9VMC4
Q8NCG5	Q9VMC3
O43916	Q9VMC4
O43916	Q9VMC3
Q9NS84	Q9VMC4
Q9NS84	Q9VMC3
Q9GZX3	Q9VMC4
Q9GZX3	Q9VMC3
P15085	Q0E9F9
P15085	Q9VLZ2
P15085	Q9VL87
P15085	Q9VRZ3
P15085	Q9VLZ1
P15085	Q9VL86
Q9UI42	Q0E9F9
Q9UI42	Q9VLZ2
Q9UI42	Q9VL87
Q9UI42	Q9VRZ3
Q9UI42	Q9VLZ1
Q9UI42	Q9VL86
Q8WXQ8	Q0E9F9
Q8WXQ8	Q9VLZ2
Q8WXQ8	Q9VL87
Q8WXQ8	Q9VRZ3
Q8WXQ8	Q9VLZ1
Q8WXQ8	Q9VL86
P15088	Q0E9F9
P15088	Q9VLZ2
P15088	Q9VL87
P15088	Q9VRZ3
P15088	Q9VLZ1
P15088	Q9VL86
Q8IVL8	Q0E9F9
Q8IVL8	Q9VLZ2
Q8IVL8	Q9VL87
Q8IVL8	Q9VRZ3
Q8IVL8	Q9VLZ1
Q8IVL8	Q9VL86
P15086	Q0E9F9
P15086	Q9VLZ2
P15086	Q9VL87
P15086	Q9VRZ3
P15086	Q9VLZ1
P15086	Q9VL86
Q8N4T0	Q0E9F9
Q8N4T0	Q9VLZ2
Q8N4T0	Q9VL87
Q8N4T0	Q9VRZ3
Q8N4T0	Q9VLZ1
Q8N4T0	Q9VL86
Q96IY4	Q0E9F9
Q96IY4	Q9VLZ2
Q96IY4	Q9VL87
Q96IY4	Q9VRZ3
Q96IY4	Q9VLZ1
Q96IY4	Q9VL86
P48052	Q0E9F9
P48052	Q9VLZ2
P48052	Q9VL87
P48052	Q9VRZ3
P48052	Q9VLZ1
P48052	Q9VL86
Q01954	P23792
Q01954	Q9VXJ5
Q6ZN30	P23792
Q6ZN30	Q9VXJ5
P42263	Q03445
P42263	M9PHV5
P42262	Q03445
P42262	M9PHV5
P48058	Q03445
P48058	M9PHV5
P42261	Q03445
P42261	M9PHV5
Q8N539	Q95SM8
Q8N539	Q9VME7
Q8N539	Q4V4U2
Q8N539	A1Z7G6
Q8N539	A0A0B4K7T3
O95841	Q95SM8
O95841	Q9VME7
O95841	Q4V4U2
O95841	A1Z7G6
O95841	A0A0B4K7T3
Q9UKU9	Q95SM8
Q9UKU9	Q9VME7
Q9UKU9	Q4V4U2
Q9UKU9	A1Z7G6
Q9UKU9	A0A0B4K7T3
Q08830	Q95SM8
Q08830	Q9VME7
Q08830	Q4V4U2
Q08830	A1Z7G6
Q08830	A0A0B4K7T3
P55083	Q95SM8
P55083	Q9VME7
P55083	Q4V4U2
P55083	A1Z7G6
P55083	A0A0B4K7T3
Q6PCE3	A1Z9V3
Q6PCE3	A1Z7P1
Q96G03	A1Z9V3
Q96G03	A1Z7P1
Q8NFU0	A0A0B4K651
Q8NFU0	Q9VUM7
Q8NFU0	Q9VUM6
O76090	A0A0B4K651
O76090	Q9VUM7
O76090	Q9VUM6
Q8N1M1	A0A0B4K651
Q8N1M1	Q9VUM7
Q8N1M1	Q9VUM6
Q8NFU1	A0A0B4K651
Q8NFU1	Q9VUM7
Q8NFU1	Q9VUM6
P31513	Q9W1E9
P31513	Q7K3U4
P31512	Q9W1E9
P31512	Q7K3U4
Q01740	Q9W1E9
Q01740	Q7K3U4
Q99518	Q9W1E9
Q99518	Q7K3U4
P49326	Q9W1E9
P49326	Q7K3U4
O60774	Q9W1E9
O60774	Q7K3U4
P35030	Q9VLF5
P35030	Q8IQ10
Q9UBX7	Q9VLF5
Q9UBX7	Q8IQ10
Q92876	Q9VLF5
Q92876	Q8IQ10
P07288	Q9VLF5
P07288	Q8IQ10
P07478	Q9VLF5
P07478	Q8IQ10
Q9Y337	Q9VLF5
Q9Y337	Q8IQ10
P20151	Q9VLF5
P20151	Q8IQ10
Q8NHM4	Q9VLF5
Q8NHM4	Q8IQ10
O60259	Q9VLF5
O60259	Q8IQ10
P06870	Q9VLF5
P06870	Q8IQ10
Q9H2R5	Q9VLF5
Q9H2R5	Q8IQ10
P07477	Q9VLF5
P07477	Q8IQ10
Q9UKR3	Q9VLF5
Q9UKR3	Q8IQ10
Q9P0G3	Q9VLF5
Q9P0G3	Q8IQ10
Q9UNA3	Q9VQK4
Q9UNA3	Q9VBL5
Q9NPC4	Q9VQK4
Q9NPC4	Q9VBL5
Q5FYB1	Q9VVM4
Q5FYB1	Q9VVM1
Q5FYB1	Q8SZ72
Q5FYB1	Q8IQS4
P15848	Q9VVM4
P15848	Q9VVM1
P15848	Q8SZ72
P15848	Q8IQS4
Q5FYB0	Q9VVM4
Q5FYB0	Q9VVM1
Q5FYB0	Q8SZ72
Q5FYB0	Q8IQS4
Q9Y6L7	Q9VC47
Q9Y6L7	P25723
P13497	Q9VC47
P13497	P25723
O43897	Q9VC47
O43897	P25723
P17540	P48610
P17540	Q9VST4
P17540	Q9VF23
P06732	P48610
P06732	Q9VST4
P06732	Q9VF23
P12277	P48610
P12277	Q9VST4
P12277	Q9VF23
P12532	P48610
P12532	Q9VST4
P12532	Q9VF23
P06865	Q8WSF3
P06865	Q0E8H9
P06865	Q9W3C4
P07686	Q8WSF3
P07686	Q0E8H9
P07686	Q9W3C4
P35268	Q9W1T1
P35268	P50887
Q6P5R6	Q9W1T1
Q6P5R6	P50887
Q9H5I5	A0A126GUQ2
Q9H5I5	M9MSG8
Q92508	A0A126GUQ2
Q92508	M9MSG8
P14415	M9PDX8
P14415	Q24048
P14415	Q24046
P05026	M9PDX8
P05026	Q24048
P05026	Q24046
P54709	M9PDX8
P54709	Q24048
P54709	Q24046
Q9UN42	M9PDX8
Q9UN42	Q24048
Q9UN42	Q24046
P51164	M9PDX8
P51164	Q24048
P51164	Q24046
P37802	Q9VZI1
P37802	P14318
P37802	Q9I7J0
Q9UI15	Q9VZI1
Q9UI15	P14318
Q9UI15	Q9I7J0
Q15417	Q9VZI1
Q15417	P14318
Q15417	Q9I7J0
Q01995	Q9VZI1
Q01995	P14318
Q01995	Q9I7J0
P51911	Q9VZI1
P51911	P14318
P51911	Q9I7J0
O14732	Q7KTW5
O14732	Q9VP62
P29218	Q7KTW5
P29218	Q9VP62
P43681	A0A0S0WNY8
P43681	Q9W3G6
P43681	P25162
P43681	P17644
P43681	P09478
Q15822	A0A0S0WNY8
Q15822	Q9W3G6
Q15822	P25162
Q15822	P17644
Q15822	P09478
Q15825	A0A0S0WNY8
Q15825	Q9W3G6
Q15825	P25162
Q15825	P17644
Q15825	P09478
P32297	A0A0S0WNY8
P32297	Q9W3G6
P32297	P25162
P32297	P17644
P32297	P09478
Q9Y5Y6	Q05319
Q9Y5Y6	A1Z7M3
O15393	Q05319
O15393	A1Z7M3
Q96AC1	Q9VVD2
Q96AC1	Q9VZI3
Q86UX7	Q9VVD2
Q86UX7	Q9VZI3
Q9BQL6	Q9VVD2
Q9BQL6	Q9VZI3
P18669	Q9VAN7
P18669	Q9VGB6
Q8N0Y7	Q9VAN7
Q8N0Y7	Q9VGB6
P15259	Q9VAN7
P15259	Q9VGB6
Q13409	Q24246
Q13409	Q7KWG3
Q13409	T2FGB0
Q13409	B5RJJ8
Q13409	Q9W5W4
Q13409	Q8IRZ3
O14576	Q24246
O14576	Q7KWG3
O14576	T2FGB0
O14576	B5RJJ8
O14576	Q9W5W4
O14576	Q8IRZ3
Q9UMQ6	Q11002
Q9UMQ6	Q9VT65
P07384	Q11002
P07384	Q9VT65
A6NHC0	Q11002
A6NHC0	Q9VT65
O14815	Q11002
O14815	Q9VT65
P20807	Q11002
P20807	Q9VT65
P17655	Q11002
P17655	Q9VT65
Q16515	Q86LG7
Q16515	Q9VS73
Q16515	Q9VME9
Q16515	O61365
Q16515	A0A0B4K691
Q16515	Q0KHW3
Q16515	Q86LG1
Q16515	Q9W250
Q16515	Q7KT94
Q96FT7	Q86LG7
Q96FT7	Q9VS73
Q96FT7	Q9VME9
Q96FT7	O61365
Q96FT7	A0A0B4K691
Q96FT7	Q0KHW3
Q96FT7	Q86LG1
Q96FT7	Q9W250
Q96FT7	Q7KT94
Q9NY37	Q86LG7
Q9NY37	Q9VS73
Q9NY37	Q9VME9
Q9NY37	O61365
Q9NY37	A0A0B4K691
Q9NY37	Q0KHW3
Q9NY37	Q86LG1
Q9NY37	Q9W250
Q9NY37	Q7KT94
P78348	Q86LG7
P78348	Q9VS73
P78348	Q9VME9
P78348	O61365
P78348	A0A0B4K691
P78348	Q0KHW3
P78348	Q86LG1
P78348	Q9W250
P78348	Q7KT94
P51170	Q86LG7
P51170	Q9VS73
P51170	Q9VME9
P51170	O61365
P51170	A0A0B4K691
P51170	Q0KHW3
P51170	Q86LG1
P51170	Q9W250
P51170	Q7KT94
Q9UHC3	Q86LG7
Q9UHC3	Q9VS73
Q9UHC3	Q9VME9
Q9UHC3	O61365
Q9UHC3	A0A0B4K691
Q9UHC3	Q0KHW3
Q9UHC3	Q86LG1
Q9UHC3	Q9W250
Q9UHC3	Q7KT94
P51168	Q86LG7
P51168	Q9VS73
P51168	Q9VME9
P51168	O61365
P51168	A0A0B4K691
P51168	Q0KHW3
P51168	Q86LG1
P51168	Q9W250
P51168	Q7KT94
P0CG29	Q7K0B6
P0CG29	E1JJS1
P0CG29	Q8MRM0
P30711	Q7K0B6
P30711	E1JJS1
P30711	Q8MRM0
P0CG30	Q7K0B6
P0CG30	E1JJS1
P0CG30	Q8MRM0
A0A1W2PR19	Q7K0B6
A0A1W2PR19	E1JJS1
A0A1W2PR19	Q8MRM0
A0A1W2PRG0	Q7K0B6
A0A1W2PRG0	E1JJS1
A0A1W2PRG0	Q8MRM0
P06730	Q9VRY0
P06730	Q9VSG1
P06730	Q9W5B3
P06730	Q9VSB6
P06730	P48598
A6NMX2	Q9VRY0
A6NMX2	Q9VSG1
A6NMX2	Q9W5B3
A6NMX2	Q9VSB6
A6NMX2	P48598
Q6B0I6	Q9V333
Q6B0I6	Q9V6L0
O94953	Q9V333
O94953	Q9V6L0
Q9H3R0	Q9V333
Q9H3R0	Q9V6L0
A0A1W2PPD8	Q9V333
A0A1W2PPD8	Q9V6L0
O75164	Q9V333
O75164	Q9V6L0
B2RXH2	Q9V333
B2RXH2	Q9V6L0
Q7Z3B1	Q9VAR6
Q7Z3B1	Q9W4R3
Q7Z3B1	A4IJ70
Q7Z3B1	Q7PLL7
Q7Z3B1	B7Z153
Q7Z3B1	Q9VMN9
Q7Z3B1	Q4V3F0
Q7Z3B1	A8JNC7
Q7Z3B1	Q9VLF0
Q7Z3B1	Q9VMN6
Q7Z3B1	Q8IP70
Q14982	Q9VAR6
Q14982	Q9W4R3
Q14982	A4IJ70
Q14982	Q7PLL7
Q14982	B7Z153
Q14982	Q9VMN9
Q14982	Q4V3F0
Q14982	A8JNC7
Q14982	Q9VLF0
Q14982	Q9VMN6
Q14982	Q8IP70
A6NGN9	Q9VAR6
A6NGN9	Q9W4R3
A6NGN9	A4IJ70
A6NGN9	Q7PLL7
A6NGN9	B7Z153
A6NGN9	Q9VMN9
A6NGN9	Q4V3F0
A6NGN9	A8JNC7
A6NGN9	Q9VLF0
A6NGN9	Q9VMN6
A6NGN9	Q8IP70
Q9P121	Q9VAR6
Q9P121	Q9W4R3
Q9P121	A4IJ70
Q9P121	Q7PLL7
Q9P121	B7Z153
Q9P121	Q9VMN9
Q9P121	Q4V3F0
Q9P121	A8JNC7
Q9P121	Q9VLF0
Q9P121	Q9VMN6
Q9P121	Q8IP70
Q13449	Q9VAR6
Q13449	Q9W4R3
Q13449	A4IJ70
Q13449	Q7PLL7
Q13449	B7Z153
Q13449	Q9VMN9
Q13449	Q4V3F0
Q13449	A8JNC7
Q13449	Q9VLF0
Q13449	Q9VMN6
Q13449	Q8IP70
Q96B67	Q9VI00
Q96B67	A0A0B4KGD9
Q96B67	Q9I7L1
Q96B67	Q8SYU5
Q96B67	Q9I7K8
Q96B67	A8JQV1
Q96B67	Q9VI53
Q96B67	Q9I7L0
Q8TBH0	Q9VI00
Q8TBH0	A0A0B4KGD9
Q8TBH0	Q9I7L1
Q8TBH0	Q8SYU5
Q8TBH0	Q9I7K8
Q8TBH0	A8JQV1
Q8TBH0	Q9VI53
Q8TBH0	Q9I7L0
Q8NCT1	Q9VI00
Q8NCT1	A0A0B4KGD9
Q8NCT1	Q9I7L1
Q8NCT1	Q8SYU5
Q8NCT1	Q9I7K8
Q8NCT1	A8JQV1
Q8NCT1	Q9VI53
Q8NCT1	Q9I7L0
Q9H3M7	Q9VI00
Q9H3M7	A0A0B4KGD9
Q9H3M7	Q9I7L1
Q9H3M7	Q8SYU5
Q9H3M7	Q9I7K8
Q9H3M7	A8JQV1
Q9H3M7	Q9VI53
Q9H3M7	Q9I7L0
Q86YT5	Q9VVT2
Q86YT5	E1JIQ7
Q86YT5	Q9VDQ0
Q13183	Q9VVT2
Q13183	E1JIQ7
Q13183	Q9VDQ0
Q8WWT9	Q9VVT2
Q8WWT9	E1JIQ7
Q8WWT9	Q9VDQ0
Q9BZW2	Q9VVT2
Q9BZW2	E1JIQ7
Q9BZW2	Q9VDQ0
Q9UKG4	Q9VVT2
Q9UKG4	E1JIQ7
Q9UKG4	Q9VDQ0
Q86SR1	Q6WV16
Q86SR1	Q8IA42
Q49A17	Q6WV16
Q49A17	Q8IA42
P23258	P23257
P23258	P42271
Q9NRH3	P23257
Q9NRH3	P42271
Q9H7S9	Q9VJS8
Q9H7S9	Q24423
Q96F45	Q9VJS8
Q96F45	Q24423
Q9NSI8	A0A0B4KHV7
Q9NSI8	A0A0B4KGJ9
O75995	A0A0B4KHV7
O75995	A0A0B4KGJ9
O94885	A0A0B4KHV7
O94885	A0A0B4KGJ9
P50225	Q9W1L8
P50225	Q9VHH0
P49888	Q9W1L8
P49888	Q9VHH0
O43704	Q9W1L8
O43704	Q9VHH0
O75897	Q9W1L8
O75897	Q9VHH0
O00338	Q9W1L8
O00338	Q9VHH0
Q9BR01	Q9W1L8
Q9BR01	Q9VHH0
P50226	Q9W1L8
P50226	Q9VHH0
P0DMN0	Q9W1L8
P0DMN0	Q9VHH0
P0DMM9	Q9W1L8
P0DMM9	Q9VHH0
Q6IMI6	Q9W1L8
Q6IMI6	Q9VHH0
P52756	A0A023GRW3
P52756	Q9VPY4
P98175	A0A023GRW3
P98175	Q9VPY4
Q96T92	A0A0B4KH20
Q96T92	Q9V3B8
Q01101	A0A0B4KH20
Q01101	Q9V3B8
Q86SK9	Q9VTD4
Q86SK9	Q7K4Y0
Q86SK9	Q9VG68
Q86SK9	Q9VFX5
O00767	Q9VTD4
O00767	Q7K4Y0
O00767	Q9VG68
O00767	Q9VFX5
Q15233	Q24113
Q15233	Q04047
P23246	Q24113
P23246	Q04047
Q8WXF1	Q24113
Q8WXF1	Q04047
P05187	M9PD70
P05187	Q9VRM8
P05187	Q9VDG4
P05187	Q7K3X8
P05187	Q9VHD0
P05187	Q9VRM9
P05186	M9PD70
P05186	Q9VRM8
P05186	Q9VDG4
P05186	Q7K3X8
P05186	Q9VHD0
P05186	Q9VRM9
P10696	M9PD70
P10696	Q9VRM8
P10696	Q9VDG4
P10696	Q7K3X8
P10696	Q9VHD0
P10696	Q9VRM9
P09923	M9PD70
P09923	Q9VRM8
P09923	Q9VDG4
P09923	Q7K3X8
P09923	Q9VHD0
P09923	Q9VRM9
P43155	Q9VI16
P43155	Q9VK40
P43155	Q9VEM4
P28329	Q9VI16
P28329	Q9VK40
P28329	Q9VEM4
P08588	Q4LBB6
P08588	Q4LBB9
P08588	Q9VCZ3
P13945	Q4LBB6
P13945	Q4LBB9
P13945	Q9VCZ3
P07550	Q4LBB6
P07550	Q4LBB9
P07550	Q9VCZ3
Q9BYG0	Q9VLT0
Q9BYG0	Q9VLS8
O43825	Q9VLT0
O43825	Q9VLS8
Q9Y5Z6	Q9VLT0
Q9Y5Z6	Q9VLS8
Q6ZMB0	Q9VLT0
Q6ZMB0	Q9VLS8
Q9Y2A9	Q9VLT0
Q9Y2A9	Q9VLS8
Q8NFL0	Q9VLT0
Q8NFL0	Q9VLS8
Q9Y2C3	Q9VLT0
Q9Y2C3	Q9VLS8
Q9BZJ4	Q8IQW4
Q9BZJ4	Q9VWG0
Q9BZJ4	Q9VI05
Q8TBP6	Q8IQW4
Q8TBP6	Q9VWG0
Q8TBP6	Q9VI05
O75953	Q24133
O75953	Q9VPY9
Q9UDY4	Q24133
Q9UDY4	Q9VPY9
P25685	Q24133
P25685	Q9VPY9
P36952	Q8SZF4
P36952	Q7K8Y5
P36952	Q7JV69
P36952	Q7YTY6
P48594	Q8SZF4
P48594	Q7K8Y5
P48594	Q7JV69
P48594	Q7YTY6
P30740	Q8SZF4
P30740	Q7K8Y5
P30740	Q7JV69
P30740	Q7YTY6
O75635	Q8SZF4
O75635	Q7K8Y5
O75635	Q7JV69
O75635	Q7YTY6
P35237	Q8SZF4
P35237	Q7K8Y5
P35237	Q7JV69
P35237	Q7YTY6
P29508	Q8SZF4
P29508	Q7K8Y5
P29508	Q7JV69
P29508	Q7YTY6
Q96P63	Q8SZF4
Q96P63	Q7K8Y5
Q96P63	Q7JV69
Q96P63	Q7YTY6
P05120	Q8SZF4
P05120	Q7K8Y5
P05120	Q7JV69
P05120	Q7YTY6
P50452	Q8SZF4
P50452	Q7K8Y5
P50452	Q7JV69
P50452	Q7YTY6
P48595	Q8SZF4
P48595	Q7K8Y5
P48595	Q7JV69
P48595	Q7YTY6
P50453	Q8SZF4
P50453	Q7K8Y5
P50453	Q7JV69
P50453	Q7YTY6
Q9UIV8	Q8SZF4
Q9UIV8	Q7K8Y5
Q9UIV8	Q7JV69
Q9UIV8	Q7YTY6
Q96P15	Q8SZF4
Q96P15	Q7K8Y5
Q96P15	Q7JV69
Q96P15	Q7YTY6
O14494	Q9VNT9
O14494	Q9V576
O14494	Q9VNU1
O14494	Q7KGH1
O43688	Q9VNT9
O43688	Q9V576
O43688	Q9VNU1
O43688	Q7KGH1
O14495	Q9VNT9
O14495	Q9V576
O14495	Q9VNU1
O14495	Q7KGH1
P06133	Q9VDA5
P06133	Q9VGT4
P06133	Q9VGT0
P06133	Q9VGT5
P06133	Q9VGT1
P06133	Q9VGT3
P06133	Q9VGT2
P06133	Q9VJ45
P06133	Q9VGS9
P06133	Q9W2J4
P06133	Q9W2J3
P06133	Q9VJ81
P06133	Q9VGT8
Q9BY64	Q9VDA5
Q9BY64	Q9VGT4
Q9BY64	Q9VGT0
Q9BY64	Q9VGT5
Q9BY64	Q9VGT1
Q9BY64	Q9VGT3
Q9BY64	Q9VGT2
Q9BY64	Q9VJ45
Q9BY64	Q9VGS9
Q9BY64	Q9W2J4
Q9BY64	Q9W2J3
Q9BY64	Q9VJ81
Q9BY64	Q9VGT8
O60656	Q9VDA5
O60656	Q9VGT4
O60656	Q9VGT0
O60656	Q9VGT5
O60656	Q9VGT1
O60656	Q9VGT3
O60656	Q9VGT2
O60656	Q9VJ45
O60656	Q9VGS9
O60656	Q9W2J4
O60656	Q9W2J3
O60656	Q9VJ81
O60656	Q9VGT8
Q9HAW9	Q9VDA5
Q9HAW9	Q9VGT4
Q9HAW9	Q9VGT0
Q9HAW9	Q9VGT5
Q9HAW9	Q9VGT1
Q9HAW9	Q9VGT3
Q9HAW9	Q9VGT2
Q9HAW9	Q9VJ45
Q9HAW9	Q9VGS9
Q9HAW9	Q9W2J4
Q9HAW9	Q9W2J3
Q9HAW9	Q9VJ81
Q9HAW9	Q9VGT8
O75310	Q9VDA5
O75310	Q9VGT4
O75310	Q9VGT0
O75310	Q9VGT5
O75310	Q9VGT1
O75310	Q9VGT3
O75310	Q9VGT2
O75310	Q9VJ45
O75310	Q9VGS9
O75310	Q9W2J4
O75310	Q9W2J3
O75310	Q9VJ81
O75310	Q9VGT8
O75795	Q9VDA5
O75795	Q9VGT4
O75795	Q9VGT0
O75795	Q9VGT5
O75795	Q9VGT1
O75795	Q9VGT3
O75795	Q9VGT2
O75795	Q9VJ45
O75795	Q9VGS9
O75795	Q9W2J4
O75795	Q9W2J3
O75795	Q9VJ81
O75795	Q9VGT8
Q6UWM9	Q9VDA5
Q6UWM9	Q9VGT4
Q6UWM9	Q9VGT0
Q6UWM9	Q9VGT5
Q6UWM9	Q9VGT1
Q6UWM9	Q9VGT3
Q6UWM9	Q9VGT2
Q6UWM9	Q9VJ45
Q6UWM9	Q9VGS9
Q6UWM9	Q9W2J4
Q6UWM9	Q9W2J3
Q6UWM9	Q9VJ81
Q6UWM9	Q9VGT8
P22310	Q9VDA5
P22310	Q9VGT4
P22310	Q9VGT0
P22310	Q9VGT5
P22310	Q9VGT1
P22310	Q9VGT3
P22310	Q9VGT2
P22310	Q9VJ45
P22310	Q9VGS9
P22310	Q9W2J4
P22310	Q9W2J3
P22310	Q9VJ81
P22310	Q9VGT8
Q16880	Q9VDA5
Q16880	Q9VGT4
Q16880	Q9VGT0
Q16880	Q9VGT5
Q16880	Q9VGT1
Q16880	Q9VGT3
Q16880	Q9VGT2
Q16880	Q9VJ45
Q16880	Q9VGS9
Q16880	Q9W2J4
Q16880	Q9W2J3
Q16880	Q9VJ81
Q16880	Q9VGT8
P0DTE5	Q9VDA5
P0DTE5	Q9VGT4
P0DTE5	Q9VGT0
P0DTE5	Q9VGT5
P0DTE5	Q9VGT1
P0DTE5	Q9VGT3
P0DTE5	Q9VGT2
P0DTE5	Q9VJ45
P0DTE5	Q9VGS9
P0DTE5	Q9W2J4
P0DTE5	Q9W2J3
P0DTE5	Q9VJ81
P0DTE5	Q9VGT8
P36537	Q9VDA5
P36537	Q9VGT4
P36537	Q9VGT0
P36537	Q9VGT5
P36537	Q9VGT1
P36537	Q9VGT3
P36537	Q9VGT2
P36537	Q9VJ45
P36537	Q9VGS9
P36537	Q9W2J4
P36537	Q9W2J3
P36537	Q9VJ81
P36537	Q9VGT8
P16662	Q9VDA5
P16662	Q9VGT4
P16662	Q9VGT0
P16662	Q9VGT5
P16662	Q9VGT1
P16662	Q9VGT3
P16662	Q9VGT2
P16662	Q9VJ45
P16662	Q9VGS9
P16662	Q9W2J4
P16662	Q9W2J3
P16662	Q9VJ81
P16662	Q9VGT8
P35503	Q9VDA5
P35503	Q9VGT4
P35503	Q9VGT0
P35503	Q9VGT5
P35503	Q9VGT1
P35503	Q9VGT3
P35503	Q9VGT2
P35503	Q9VJ45
P35503	Q9VGS9
P35503	Q9W2J4
P35503	Q9W2J3
P35503	Q9VJ81
P35503	Q9VGT8
P19224	Q9VDA5
P19224	Q9VGT4
P19224	Q9VGT0
P19224	Q9VGT5
P19224	Q9VGT1
P19224	Q9VGT3
P19224	Q9VGT2
P19224	Q9VJ45
P19224	Q9VGS9
P19224	Q9W2J4
P19224	Q9W2J3
P19224	Q9VJ81
P19224	Q9VGT8
P35504	Q9VDA5
P35504	Q9VGT4
P35504	Q9VGT0
P35504	Q9VGT5
P35504	Q9VGT1
P35504	Q9VGT3
P35504	Q9VGT2
P35504	Q9VJ45
P35504	Q9VGS9
P35504	Q9W2J4
P35504	Q9W2J3
P35504	Q9VJ81
P35504	Q9VGT8
P22309	Q9VDA5
P22309	Q9VGT4
P22309	Q9VGT0
P22309	Q9VGT5
P22309	Q9VGT1
P22309	Q9VGT3
P22309	Q9VGT2
P22309	Q9VJ45
P22309	Q9VGS9
P22309	Q9W2J4
P22309	Q9W2J3
P22309	Q9VJ81
P22309	Q9VGT8
P54855	Q9VDA5
P54855	Q9VGT4
P54855	Q9VGT0
P54855	Q9VGT5
P54855	Q9VGT1
P54855	Q9VGT3
P54855	Q9VGT2
P54855	Q9VJ45
P54855	Q9VGS9
P54855	Q9W2J4
P54855	Q9W2J3
P54855	Q9VJ81
P54855	Q9VGT8
Q9HAW8	Q9VDA5
Q9HAW8	Q9VGT4
Q9HAW8	Q9VGT0
Q9HAW8	Q9VGT5
Q9HAW8	Q9VGT1
Q9HAW8	Q9VGT3
Q9HAW8	Q9VGT2
Q9HAW8	Q9VJ45
Q9HAW8	Q9VGS9
Q9HAW8	Q9W2J4
Q9HAW8	Q9W2J3
Q9HAW8	Q9VJ81
Q9HAW8	Q9VGT8
Q9HAW7	Q9VDA5
Q9HAW7	Q9VGT4
Q9HAW7	Q9VGT0
Q9HAW7	Q9VGT5
Q9HAW7	Q9VGT1
Q9HAW7	Q9VGT3
Q9HAW7	Q9VGT2
Q9HAW7	Q9VJ45
Q9HAW7	Q9VGS9
Q9HAW7	Q9W2J4
Q9HAW7	Q9W2J3
Q9HAW7	Q9VJ81
Q9HAW7	Q9VGT8
P0DTE4	Q9VDA5
P0DTE4	Q9VGT4
P0DTE4	Q9VGT0
P0DTE4	Q9VGT5
P0DTE4	Q9VGT1
P0DTE4	Q9VGT3
P0DTE4	Q9VGT2
P0DTE4	Q9VJ45
P0DTE4	Q9VGS9
P0DTE4	Q9W2J4
P0DTE4	Q9W2J3
P0DTE4	Q9VJ81
P0DTE4	Q9VGT8
O60469	Q9VS29
O60469	Q7KSE9
O60469	M9PHS6
O60469	A0A0B4K6Z6
Q8TD84	Q9VS29
Q8TD84	Q7KSE9
Q8TD84	M9PHS6
Q8TD84	A0A0B4K6Z6
Q2TB90	Q7JYW9
Q2TB90	Q9W330
Q2TB90	Q9NFT7
P52789	Q7JYW9
P52789	Q9W330
P52789	Q9NFT7
P52790	Q7JYW9
P52790	Q9W330
P52790	Q9NFT7
P35557	Q7JYW9
P35557	Q9W330
P35557	Q9NFT7
P19367	Q7JYW9
P19367	Q9W330
P19367	Q9NFT7
P78412	Q24248
P78412	P54269
P78412	M9PI45
P78413	Q24248
P78413	P54269
P78413	M9PI45
Q7RTS6	Q9VQN3
Q7RTS6	B7Z0W9
Q7RTS6	E1JJE6
Q7RTM1	Q9VQN3
Q7RTM1	B7Z0W9
Q7RTM1	E1JJE6
Q7RTS5	Q9VQN3
Q7RTS5	B7Z0W9
Q7RTS5	E1JJE6
Q9NY26	A1Z6P0
Q9NY26	Q7JZR2
Q9NY26	Q9VEX1
Q9BRY0	A1Z6P0
Q9BRY0	Q7JZR2
Q9BRY0	Q9VEX1
Q9NP94	A1Z6P0
Q9NP94	Q7JZR2
Q9NP94	Q9VEX1
O15342	Q9VZG7
O15342	Q9VP18
O15342	Q9VZE9
Q8NHE4	Q9VZG7
Q8NHE4	Q9VP18
Q8NHE4	Q9VZE9
P16278	Q9VMJ5
P16278	Q9VGE7
Q6UWU2	Q9VMJ5
Q6UWU2	Q9VGE7
Q3B8N2	Q9VPI7
Q3B8N2	Q9VPI6
Q6DKI2	Q9VPI7
Q6DKI2	Q9VPI6
P56470	Q9VPI7
P56470	Q9VPI6
O00214	Q9VPI7
O00214	Q9VPI6
O00182	Q9VPI7
O00182	Q9VPI6
O60755	Q9U721
O60755	Q9NBC8
P47211	Q9U721
P47211	Q9NBC8
O43603	Q9U721
O43603	Q9NBC8
Q5VXJ0	O46108
Q5VXJ0	Q9VKT8
Q5VXJ0	Q4V6L4
Q5VXJ0	Q9VKS5
Q5VXJ0	Q9VKT2
Q5VXJ0	M9PCU5
P07098	O46108
P07098	Q9VKT8
P07098	Q4V6L4
P07098	Q9VKS5
P07098	Q9VKT2
P07098	M9PCU5
Q5W064	O46108
Q5W064	Q9VKT8
Q5W064	Q4V6L4
Q5W064	Q9VKS5
Q5W064	Q9VKT2
Q5W064	M9PCU5
P38571	O46108
P38571	Q9VKT8
P38571	Q4V6L4
P38571	Q9VKS5
P38571	Q9VKT2
P38571	M9PCU5
Q5VYY2	O46108
Q5VYY2	Q9VKT8
Q5VYY2	Q4V6L4
Q5VYY2	Q9VKS5
Q5VYY2	Q9VKT2
Q5VYY2	M9PCU5
Q5VXI9	O46108
Q5VXI9	Q9VKT8
Q5VXI9	Q4V6L4
Q5VXI9	Q9VKS5
Q5VXI9	Q9VKT2
Q5VXI9	M9PCU5
O75594	C0HK99
O75594	Q9V4X2
O75594	C0HK98
Q96LB9	C0HK99
Q96LB9	Q9V4X2
Q96LB9	C0HK98
P68104	P05303
P68104	P08736
Q5VTE0	P05303
Q5VTE0	P08736
Q05639	P05303
Q05639	P08736
