X6R8D5	Q8K168
Q9UPV9	Q6PD31
Q9UPW0	Q8BUR3
Q9UPW5	Q641K1
Q9UPW6	Q8VI24
Q9UPW8	Q4KUS2
Q9UPX0	E9PZ19
Q9UPX6	Q8K3V7
Q9UPX8	Q80Z38
Q9UPY3	Q8R418
Q9UPY5	Q9WTR6
Q9UPY6	Q8VHI6
Q9UPY8	Q6PER3
Q9UPZ3	P59438
Q9UPZ6	Q69ZU6
Q9UPZ9	Q9JKV2
Q9UQ03	Q8BH44
Q9UQ05	A2A5F7
Q9UQ07	Q9WVS4
Q9UQ10	Q9DBB8
Q9UQ13	O88520
Q9UQ16	Q8BZ98
Q9UQ26	Q9EQZ7
Q9UQ35	Q8BTI8
Q9UQ49	Q9JMH7
Q9UQ52	Q9JMB8
Q9UQ53	Q812F8
Q9UQ80	P50580
Q9UQ84	Q9QZ11
Q9UQ90	Q3ULF4
Q9UQB3	O35927
Q9UQB8	Q8BKX1
Q9UQC2	Q9Z1S8
Q9UQC9	Q8BG22
Q9UQD0	Q9WTU3
Q9UQE7	Q9CW03
Q9UQF2	Q9WVI9
Q9UQK1	Q7TMB3
Q9UQL6	Q9Z2V6
Q9UQM7	P11798
Q9UQN3	Q8BJF9
Q9UQP3	Q80Z71
Q9UQQ1	Q7M758
Q9UQQ2	O09039
Q9UQR1	Q61624
Q9UQV4	Q7TST5
Q9Y210	Q61143
Q9Y215	O35348
Q9Y216	Q9Z2C9
Q9Y217	Q8VE11
Q9Y219	Q9QYE5
Q9Y221	Q9CXK8
Q9Y222	Q8CE22
Q9Y223	Q91WG8
Q9Y224	Q9CQE8
Q9Y225	Q8BGI1
Q9Y226	Q6A4L0
Q9Y227	Q9DBT4
Q9Y228	Q8C0G2
Q9Y230	Q9WTM5
Q9Y231	O88819
Q9Y232	Q9WTK2
Q9Y233	Q8CA95
Q9Y234	Q8VCM4
Q9Y235	Q9WV35
Q9Y236	Q3TEE9
Q9Y237	Q9CWW6
Q9Y238	Q8BLA1
Q9Y239	Q8BHB0
Q9Y240	O88200
Q9Y241	Q9JLR9
Q9Y242	Q99KJ5
Q9Y243	Q9WUA6
Q9Y244	Q9CQT5
Q9Y247	Q9WTJ8
Q9Y248	Q9D600
Q9Y250	P60853
Q9Y251	Q6YGZ1
Q9Y252	Q9DBU5
Q9Y253	Q9JJN0
Q9Y255	Q8R107
Q9Y256	P57791
Q9Y257	Q3TBV4
Q9Y258	F8VQM2
Q9Y259	O55229
Q9Y261	P35583
Q9Y262	Q8QZY1
Q9Y263	P27612
Q9Y264	Q9WVH6
Q9Y265	P60122
Q9Y266	O35685
Q9Y267	Q497L9
Q9Y271	Q99JA4
Q9Y272	O35626
Q9Y274	Q8VIB3
Q9Y275	Q9WU72
Q9Y276	Q9CZP5
Q9Y277	Q60931
Q9Y278	Q673U1
Q9Y279	F6TUL9
Q9Y281	P45591
Q9Y282	Q9CQE7
Q9Y283	O89019
Q9Y284	Q6ZWX0
Q9Y285	Q8C0C7
Q9Y287	O89051
Q9Y289	Q5U4D8
Q9Y291	Q9D2R8
Q9Y294	Q9CQE6
Q9Y295	P32233
Q9Y296	Q9ES56
Q9Y297	Q3ULA2
Q9Y2A7	P28660
Q9Y2A9	Q5JCS9
Q9Y2B0	Q9QXT0
Q9Y2B1	Q8VDX6
Q9Y2B2	Q5SX19
Q9Y2B4	Q9D976
Q9Y2B5	Q8C190
Q9Y2B9	O70139
Q9Y2C2	Q8BUB6
Q9Y2C3	Q9JI67
Q9Y2C4	Q8C163
Q9Y2C5	Q5NCM1
Q9Y2C9	Q9EPW9
Q9Y2D0	Q9QZA0
Q9Y2D1	O70191
Q9Y2D2	Q8R1T4
Q9Y2D4	A6H5Z3
Q9Y2D5	O54931
Q9Y2D8	Q8VC66
Q9Y2D9	Q5DU09
Q9Y2E4	E9PWR4
Q9Y2E5	O54782
Q9Y2E6	Q6PDK8
Q9Y2E8	Q8R4D1
Q9Y2F5	E9Q286
Q9Y2F9	P58545
Q9Y2G0	Q6ZQ18
Q9Y2G1	Q3UR85
Q9Y2G3	Q6DFW5
Q9Y2G4	Q69ZU8
Q9Y2G5	Q8VHI3
Q9Y2G7	Q60585
Q9Y2G8	Q80TN4
Q9Y2G9	Q7TNB8
Q9Y2H0	B1AZP2
Q9Y2H1	Q7TSE6
Q9Y2H2	Q8CDA1
Q9Y2H5	Q7TQG1
Q9Y2H6	Q8BX90
Q9Y2H9	Q9R1L5
Q9Y2I1	Q80TM9
Q9Y2I2	Q8R4G0
Q9Y2I6	Q6ZQ12
Q9Y2I7	Q9Z1T6
Q9Y2I8	Q8CBE3
Q9Y2I9	Q69ZT9
Q9Y2J0	P47708
Q9Y2J2	Q9WV92
Q9Y2J4	Q8K371
Q9Y2J8	Q08642
Q9Y2K1	Q91VL9
Q9Y2K2	Q6P4S6
Q9Y2K3	E9Q264
Q9Y2K5	Q80TM6
Q9Y2K6	Q8C6M1
Q9Y2K7	P59997
Q9Y2K9	Q5DQR4
Q9Y2L1	Q9CSH3
Q9Y2L5	A0A286YCX6
Q9Y2L6	Q920B0
Q9Y2L8	Q9Z1D8
Q9Y2L9	P62046
Q9Y2M0	Q69ZT1
Q9Y2M2	Q8C3L1
Q9Y2M5	Q8VCK5
Q9Y2N7	Q0VBL6
Q9Y2P4	E9Q9W4
Q9Y2P5	Q4LDG0
Q9Y2P8	Q9JJT0
Q9Y2Q0	P70704
Q9Y2Q3	Q9DCM2
Q9Y2Q5	Q9JHS3
Q9Y2Q9	Q9CY16
Q9Y2R0	Q9D2R6
Q9Y2R2	P29352
Q9Y2R4	Q8K301
Q9Y2R5	Q9CQE3
Q9Y2R9	Q80X85
Q9Y2S2	Q99KP3
Q9Y2S6	Q8K003
Q9Y2S7	Q91VA6
Q9Y2T1	O88566
Q9Y2T2	Q9JKC8
Q9Y2T3	Q9R111
Q9Y2T4	Q8BG02
Q9Y2T5	P0C5J4
Q9Y2T6	Q3UJF0
Q9Y2T7	Q9Z2C8
Q9Y2U2	Q9Z2T1
Q9Y2U5	Q61083
Q9Y2U8	Q9WU40
Q9Y2U9	Q4G5Y1
Q9Y2V0	Q3U4G0
Q9Y2V2	Q9CR86
Q9Y2V3	O35602
Q9Y2V7	Q8R3I3
Q9Y2W1	Q569Z6
Q9Y2W2	Q923D5
Q9Y2W3	Q8BIV7
Q9Y2W6	Q80VL1
Q9Y2W7	Q9QXT8
Q9Y2X0	Q6PGF3
Q9Y2X3	Q6DFW4
Q9Y2X7	Q68FF6
Q9Y2X9	Q99LI5
Q9Y2Y0	Q9D385
Q9Y2Y1	Q9CQZ7
Q9Y2Y4	Q9JKD9
Q9Y2Y6	Q91X86
Q9Y2Y8	Q9JL95
Q9Y2Y9	Q9JJZ6
Q9Y2Z0	Q9CX34
Q9Y2Z2	Q923Z3
Q9Y2Z4	Q8BYL4
Q9Y2Z9	Q8R1S0
Q9Y303	Q8JZV7
Q9Y312	Q9D2V5
Q9Y314	Q9D6T0
Q9Y315	Q91YP3
Q9Y316	Q91VH6
Q9Y320	Q9D710
Q9Y324	Q9CTH6
Q9Y328	P47759
Q9Y330	Q9Z150
Q9Y333	O35900
Q9Y334	Q9JHA8
Q9Y337	Q9D140
Q9Y342	Q9DCU2
Q9Y343	Q9CRB0
Q9Y345	Q761V0
Q9Y365	Q9JMD3
Q9Y366	Q62559
Q9Y371	Q9JK48
Q9Y375	Q9CWX2
Q9Y376	Q06138
Q9Y383	Q7TNC4
Q9Y385	Q9JJZ4
Q9Y388	Q8R0F5
Q9Y394	Q9CXR1
Q9Y397	P59268
Q9Y399	Q924T2
Q9Y3A0	Q8BGB8
Q9Y3A2	Q9CZJ1
Q9Y3A3	Q6PEB6
Q9Y3A4	Q9D1C9
Q9Y3A5	P70122
Q9Y3A6	Q9CXE7
Q9Y3B1	Q9CYY7
Q9Y3B2	Q9DAA6
Q9Y3B3	D3YZZ5
Q9Y3B4	P59708
Q9Y3B6	Q9DB76
Q9Y3B7	Q9CQF0
Q9Y3B8	Q9D8S4
Q9Y3B9	Q9CYX7
Q9Y3C0	Q9CR27
Q9Y3C1	Q9CPT5
Q9Y3C4	Q8QZZ7
Q9Y3C5	Q9QYK7
Q9Y3C6	Q9D0W5
Q9Y3C7	Q9CXU1
Q9Y3C8	Q9CR09
Q9Y3D0	Q9D187
Q9Y3D2	Q78J03
Q9Y3D3	Q9CPX7
Q9Y3D5	Q8R2L5
Q9Y3D6	Q9CQ92
Q9Y3D7	Q9CQV1
Q9Y3D8	Q8VCP8
Q9Y3D9	Q8VE22
Q9Y3E0	Q9CR60
Q9Y3E1	Q9JMG7
Q9Y3E2	Q9D8S9
Q9Y3E5	Q8R2Y8
Q9Y3E7	Q9CQ10
Q9Y3F4	Q9Z1Z2
Q9Y3I0	Q99LF4
Q9Y3I1	Q3U7U3
Q9Y3L5	Q8BU31
Q9Y3M2	Q9D1C2
Q9Y3M8	Q923Q2
Q9Y3P4	Q8BP97
Q9Y3P8	Q8C503
Q9Y3P9	A2AWA9
Q9Y3Q0	Q9CZR2
Q9Y3Q3	Q78IS1
Q9Y3Q4	O70507
Q9Y3Q7	Q9R157
Q9Y3Q8	Q9EQN3
Q9Y3R0	Q925T6
Q9Y3R4	Q9JMH3
Q9Y3R5	Q3UHQ6
Q9Y3S1	Q3UH66
Q9Y3S2	Q922H9
Q9Y3T6	Q8BSI6
Q9Y3T9	Q9WV70
Q9Y3U8	P47964
Q9Y3V2	Q8VIL2
Q9Y3X0	Q8VC31
Q9Y3Y2	Q9CY57
Q9Y3Y4	Q9D0P5
Q9Y3Z3	Q60710
Q9Y421	Q9CR80
Q9Y426	E9Q3C1
Q9Y446	Q9QY23
Q9Y448	Q9D9Z1
Q9Y450	Q69ZS7
Q9Y458	Q8K402
Q9Y462	A2ANX9
Q9Y463	Q9Z188
Q9Y466	Q64104
Q9Y467	Q9QX96
Q9Y468	A2A5N8
Q9Y471	Q61419
Q9Y478	Q9R078
Q9Y483	Q02395
Q9Y484	Q91VM3
Q9Y485	Q6PNC0
Q9Y487	P15920
Q9Y490	P26039
Q9Y493	O88799
Q9Y496	P28741
Q9Y4A0	B2RRL2
Q9Y4A5	Q80YV3
Q9Y4A8	Q9WTM4
Q9Y4B4	Q99NG0
Q9Y4B5	Q3UHU5
Q9Y4B6	Q80TR8
Q9Y4C0	Q6P9K9
Q9Y4C1	Q6PCM1
Q9Y4C2	Q8BNE1
Q9Y4C4	Q3V1N1
Q9Y4C5	Q80WV3
Q9Y4C8	Q8R3C6
Q9Y4D1	Q8BPM0
Q9Y4D2	Q6WQJ1
Q9Y4D7	Q3UH93
Q9Y4D8	E9Q2E4
Q9Y4E5	Q8C0P7
Q9Y4E6	Q920I9
Q9Y4E8	Q8R5H1
Q9Y4F1	F8VPU2
Q9Y4F3	Q8BJ34
Q9Y4F4	Q6A070
Q9Y4F5	Q80U49
Q9Y4F9	Q80U16
Q9Y4G2	Q7TSI1
Q9Y4G6	Q71LX4
Q9Y4G8	Q8CHG7
Q9Y4H2	P81122
Q9Y4H4	Q3U1Z5
Q9Y4I1	Q99104
Q9Y4I5	Q9WTJ6
Q9Y4J8	Q9D2N4
Q9Y4K0	P58022
Q9Y4K1	A0A0G2JG52
Q9Y4K3	P70196
Q9Y4K4	Q8BPM2
Q9Y4L1	Q9JKR6
Q9Y4L5	Q9D0C1
Q9Y4P1	Q8BGE6
Q9Y4P3	Q9R099
Q9Y4P8	Q80W47
Q9Y4P9	Q99JL1
Q9Y4R7	A4Q9E5
Q9Y4R8	Q9DC40
Q9Y4U1	Q9CZD0
Q9Y4W2	A2BE28
Q9Y4W6	Q8JZQ2
Q9Y4X0	Q9JHT5
Q9Y4X3	Q9Z1X0
Q9Y4X4	O35738
Q9Y4X5	Q9Z1K5
Q9Y4Y9	P62322
Q9Y4Z0	Q9QXA5
Q9Y4Z2	P70661
Q9Y508	Q9ET26
Q9Y512	Q8BGH2
Q9Y519	Q8BG09
Q9Y520	Q3TLH4
Q9Y530	Q8R5F3
Q9Y534	Q91YQ3
Q9Y535	Q9D2C6
Q9Y543	O54792
Q9Y546	Q8R2U7
Q9Y547	Q9D6H2
Q9Y548	Q91VU1
Q9Y561	Q8BUJ9
Q9Y566	D3YZU1
Q9Y570	Q8BVQ5
Q9Y572	Q9QZL0
Q9Y573	P28575
Q9Y574	Q9WV71
Q9Y575	Q9WV72
Q9Y576	Q9WV74
Q9Y577	Q7TPM3
Q9Y580	Q9CQT2
Q9Y581	Q9QY05
Q9Y584	Q9CQ85
Q9Y586	Q8BPP1
Q9Y587	Q9WVL1
Q9Y592	Q9D5R3
Q9Y597	Q8BFX3
Q9Y5A6	Q07231
Q9Y5A7	P54729
Q9Y5A9	Q91YT7
Q9Y5B0	Q7TSG2
Q9Y5B6	P58501
Q9Y5B8	Q9QXL8
Q9Y5B9	Q920B9
Q9Y5C1	Q9R182
Q9Y5E2	Q91Y04
Q9Y5E3	Q91Y06
Q9Y5E8	Q91XZ8
Q9Y5E9	Q91XZ9
Q9Y5F3	Q91Y08
Q9Y5F6	Q91XW9
Q9Y5F7	Q91XX0
Q9Y5F8	Q91XX3
Q9Y5F9	Q91XX4
Q9Y5G2	Q91XX7
Q9Y5G3	Q91XX8
Q9Y5G4	Q91XX9
Q9Y5G5	Q91XY0
Q9Y5G6	Q6DD96
Q9Y5G7	Q91XY2
Q9Y5G8	Q91XY3
Q9Y5G9	Q91XY4
Q9Y5H0	Q91XY5
Q9Y5H1	Q91XY6
Q9Y5H2	Q91XY8
Q9Y5H3	Q91XY9
Q9Y5H4	Q91XZ0
Q9Y5H7	Q91Y15
Q9Y5H8	Q91Y16
Q9Y5H9	Q91Y17
Q9Y5I0	Q91Y18
Q9Y5I1	Q91Y19
Q9Y5I2	Q91Y11
Q9Y5I3	Q91Y21
Q9Y5I4	Q91Y09
Q9Y5I7	Q925N4
Q9Y5J1	Q5SSI6
Q9Y5J3	Q9WV93
Q9Y5J5	Q9WV95
Q9Y5J6	Q9WV96
Q9Y5J7	Q9WV98
Q9Y5J9	P62077
Q9Y5K1	Q9WTK8
Q9Y5K2	Q9Z0M1
Q9Y5K3	Q811Q9
Q9Y5K5	Q9WUP7
Q9Y5K6	Q9JLQ0
Q9Y5K8	P57746
Q9Y5L0	Q6P2B1
Q9Y5L2	Q9JLS0
Q9Y5L3	O55026
Q9Y5L4	P62075
Q9Y5L5	Q9WVB6
Q9Y5M8	P47758
Q9Y5N1	P58406
Q9Y5N5	Q6SKR2
Q9Y5N6	Q9WUJ8
Q9Y5P3	Q9QVY8
Q9Y5P4	Q9EQG9
Q9Y5P6	Q8BTZ7
Q9Y5Q0	Q9JJE7
Q9Y5Q3	P54841
Q9Y5Q5	Q9Z319
Q9Y5Q6	Q9WUG6
Q9Y5Q8	Q8R2T8
Q9Y5Q9	Q3TMP1
Q9Y5R2	Q9R0S2
Q9Y5R4	Q921L7
Q9Y5R5	Q8BG36
Q9Y5R6	Q9QZ59
Q9Y5R8	Q5NCF2
Q9Y5S1	Q9WTR1
Q9Y5S2	Q7TT50
Q9Y5S8	Q8CIZ9
Q9Y5S9	Q9CWZ3
Q9Y5T4	Q78YY6
Q9Y5T5	Q99LG0
Q9Y5U2	Q9JHE7
Q9Y5U4	Q91WG1
Q9Y5U5	O35714
Q9Y5U8	P63030
Q9Y5U9	Q9CR20
Q9Y5V0	Q9D115
Q9Y5V3	Q9QYH6
Q9Y5W3	Q60843
Q9Y5W5	Q9WUA1
Q9Y5W7	Q8BHY8
Q9Y5W8	Q6PHS6
Q9Y5W9	Q91WL6
Q9Y5X0	Q9CWT3
Q9Y5X1	Q91VH2
Q9Y5X2	Q8CFD4
Q9Y5X3	Q9D8U8
Q9Y5X4	Q9QXZ7
Q9Y5X5	Q924H0
Q9Y5X9	Q9WVG5
Q9Y5Y0	B2RXV4
Q9Y5Y2	Q9R061
Q9Y5Y3	Q9EQQ4
Q9Y5Y4	Q9Z2J6
Q9Y5Y5	Q91XC9
Q9Y5Y6	P56677
Q9Y5Y7	Q8BHC0
Q9Y5Y9	Q6QIY3
Q9Y5Z0	Q9JL18
Q9Y5Z4	Q9WU63
Q9Y5Z6	O54904
Q9Y5Z7	Q9D968
Q9Y5Z9	Q9DC60
Q9Y600	Q9DBE0
Q9Y606	Q9WU56
Q9Y608	Q91WK0
Q9Y613	Q6P9Q4
Q9Y614	Q9QY83
Q9Y615	Q9QY84
Q9Y616	Q8K4B2
Q9Y617	Q99K85
Q9Y618	Q9WU42
Q9Y619	Q9WVD5
Q9Y620	Q6PFE3
Q9Y623	Q5SX39
Q9Y624	O88792
Q9Y625	Q9R087
Q9Y639	P97300
Q9Y644	O09009
Q9Y646	Q9WVJ3
Q9Y651	Q811W0
Q9Y653	Q8K209
Q9Y657	Q61142
Q9Y661	D3YVV6
Q9Y662	Q9QZS6
Q9Y663	Q8BKN6
Q9Y664	Q8VCX6
Q9Y666	Q9WVL3
Q9Y672	Q3TAE8
Q9Y673	Q9DB25
Q9Y675	Q9WU12
Q9Y676	Q99N84
Q9Y678	Q9QZE5
Q9Y679	P70295
Q9Y680	O54998
Q9Y689	Q80ZU0
Q9Y691	Q9CZM9
Q9Y692	Q9JL60
Q9Y693	Q8BM86
Q9Y694	Q91WU2
Q9Y696	Q9QYB1
Q9Y697	Q9Z1J3
Q9Y698	O88602
Q9Y6A1	Q8R2R1
Q9Y6A2	Q9WVK8
Q9Y6A4	Q8BTU1
Q9Y6A5	Q9JJ11
Q9Y6A9	Q9D958
Q9Y6B2	Q9DCR4
Q9Y6B6	Q9CQC9
Q9Y6B7	Q9WV76
Q9Y6C2	Q99K41
Q9Y6C5	O35595
Q9Y6C9	Q791V5
Q9Y6D0	Q9JLJ1
Q9Y6D5	A2A5R2
Q9Y6D6	G3X9K3
Q9Y6D9	Q9WTX8
Q9Y6E0	Q99KH8
Q9Y6E2	Q91VK1
Q9Y6E7	Q8R216
Q9Y6F1	Q3ULW8
Q9Y6F6	Q9WUX5
Q9Y6F9	P22727
Q9Y6G1	P56983
Q9Y6G3	Q9CPV3
Q9Y6G5	Q8JZY2
Q9Y6G9	Q8R1Q8
Q9Y6H1	Q9D1L0
Q9Y6H3	Q9CWQ3
Q9Y6H5	Q99ME3
Q9Y6H6	Q9WTW2
Q9Y6H8	Q64448
Q9Y6I3	Q80VP1
Q9Y6I4	Q91W36
Q9Y6I7	O54927
Q9Y6I8	Q9JJW0
Q9Y6I9	E9Q137
Q9Y6J0	G3X8Q1
Q9Y6J6	Q9D808
Q9Y6J8	Q9DAR2
Q9Y6J9	Q8R2K4
Q9Y6K0	Q8BGS7
Q9Y6K1	O88508
Q9Y6K5	Q8VI93
Q9Y6K8	Q920P5
Q9Y6K9	O88522
Q9Y6L7	Q9WVM6
Q9Y6M0	Q9JHJ7
Q9Y6M1	Q5SF07
Q9Y6M4	Q8C4X2
Q9Y6M5	Q60738
Q9Y6M9	Q9CQJ8
Q9Y6N1	Q6P8I6
Q9Y6N5	Q9R112
Q9Y6N6	Q9R0B6
Q9Y6N7	O89026
Q9Y6N8	P70408
Q9Y6N9	Q9ES64
Q9Y6P5	P58006
Q9Y6Q1	O35646
Q9Y6Q2	Q8CDJ8
Q9Y6Q3	P17141
Q9Y6Q5	Q9WVP1
Q9Y6Q6	O35305
Q9Y6Q9	O09000
Q9Y6R0	O08919
Q9Y6R1	O88343
Q9Y6R4	O08648
Q9Y6R9	Q3UJV1
Q9Y6S9	Q8R2S1
Q9Y6T7	Q6NS52
Q9Y6U3	Q60604
Q9Y6U7	Q5SPX3
Q9Y6V0	Q9QYX7
Q9Y6V7	Q4FZF3
Q9Y6W3	Q9R1S8
Q9Y6W5	Q8BH43
Q9Y6W6	Q9ESS0
Q9Y6W8	Q9WVS0
Q9Y6X0	Q9Z180
Q9Y6X1	Q9Z1W5
Q9Y6X2	O54714
Q9Y6X3	Q9D2X5
Q9Y6X4	Q5XG69
Q9Y6X5	Q8BTJ4
Q9Y6X8	Q8C0C0
Q9Y6X9	Q69ZX6
Q9Y6Y0	Q920Q8
Q9Y6Y1	A2A891
Q9Y6Y8	Q6NZC7
Q9Y6Y9	Q9JHF9
Q9Y6Z7	Q8CF98
U3KPV4	Q3V1N9
V9GZ13	A0A2I3BRA8
W5XKT8	E9Q8Q8
A0A075B6H9	A0A0B4J1K5
A0A075B6L2	A0A0B4J1J8
A0A075B6W1	A0A0G2JFW2
A0A075B6W3	A0A0G2JDY8
A0A075B6W9	A0A0G2JGM9
A0A087WT02	A0A075B603
A0A087WTH1	E9Q8G3
A0A087WWA1	B1AUF7
A0A087WXM9	Q5F2C3
A0A087WZ39	A0A140T8P8
A0A096LP01	Q3V460
A0A096LP49	Q8C5V8
A0A0B4J1T7	Q8K1T6
A0A0B4J240	A0A0B4J1J9
A0A0B4J263	A0A0G2JG17
A0A0B4J265	A0A075B6C4
A0A0B4J268	Q5R1I9
A0A0B4J2F0	A0A5F8MPY0
A0A0D9SF12	A2AGD7
A0A0J9YXV3	A0A0J9YVH6
A0A0K0K1B3	A0A075B5J5
A0A0U1RQF7	A0A2I3BPW5
A0A0U1RQG5	A2A3U9
A0A0U1RQI7	A0A0N4SUM5
A0A0U1RQS6	A0A0U1RQ45
A0A0U1RR37	A0A0U1RNT7
A0A0U1RRA0	A0A0U1RNU5
A0A0U1RRE5	A0A0N4SUI7
A0A0U1RRK4	G3UW55
A0A0U1RRL7	A0A0N4SW31
A0A0U1RRN3	Q8C5Y2
A0A140TA62	Q9D646
A0A183	D3YV94
A0A1B0GTB2	A0A1B0GQX2
A0A1B0GTC6	A0A1D5RM98
A0A1B0GTD5	Q8CDT5
A0A1B0GTH6	Q8CH19
A0A1B0GTH9	Q9D2T6
A0A1B0GTI1	A0A1B0GS61
A0A1B0GTK4	A0A1Z4VJI9
A0A1B0GTL2	A0A140LIA7
A0A1B0GTQ4	Q2Q5T5
A0A1B0GTR0	E9Q7F5
A0A1B0GTU2	A0A1B0GST9
A0A1B0GTW7	A0A286YEC0
A0A1B0GTY4	Q9D5B7
A0A1B0GTZ2	A0A1B0GRJ3
A0A1B0GU71	G3UW36
A0A1B0GUA5	A0A1B0GSF6
A0A1B0GUA6	A0A1B0GSP6
A0A1B0GUA7	A0A140LIV7
A0A1B0GUA9	E9PY36
A0A1B0GUC4	Q3UWS6
A0A1B0GUI7	A0A1B0GRB6
A0A1B0GUJ8	A0A1B0GT27
A0A1B0GUS0	A0A1B0GS00
A0A1B0GUT2	Q9CX25
A0A1B0GUV1	A0A1B0GT39
A0A1B0GUV7	Q9DA81
A0A1B0GUV8	A0A1B0GSM6
A0A1B0GUW6	A0A1B0GT45
A0A1B0GUW7	A0A140LHV9
A0A1B0GUX0	B9EJX3
A0A1B0GUY1	A0A1D5RLC8
A0A1B0GUZ9	A0A1D5RM44
A0A1B0GV90	A0A1B0GQX3
A0A1B0GV96	A0A1B0GSF9
A0A1B0GVD1	Q3UQ24
A0A1B0GVG4	A0A140LIT1
A0A1B0GVG6	G3UW99
A0A1B0GVH4	A0A286YDY8
A0A1B0GVH6	A0A140LJ24
A0A1B0GVH7	Q149I8
A0A1B0GVK7	J3QNP9
A0A1B0GVM6	Q9DAE7
A0A1B0GVN3	A0A140LIP3
A0A1B0GVQ0	A0A1B0GSZ0
A0A1B0GVQ3	A0A1B0GSX1
A0A1B0GVS7	B2RVL9
A0A1B0GVT2	A0A1B0GRQ0
A0A1B0GVV1	E9Q2Z6
A0A1B0GVX0	A0A0J9YTU8
A0A1B0GVY2	Q8BUR5
A0A1B0GVY4	Q3V2G4
A0A1B0GVZ2	J3QMB3
A0A1B0GVZ9	Q9D4Y8
A0A1B0GW15	A0A286YCQ8
A0A1B0GW35	B9EK06
A0A1B0GW54	A0A1B0GST8
A0A1B0GW64	Q3TS39
A0A1B0GWB2	A0A140LJJ2
A0A1B0GWG4	A0A1B0GSN8
A0A1B0GX68	A0A0A6YYE2
A0A1W2PP97	A0A1L1STL9
A0A1W2PPF3	Q7TNE6
A0A1W2PPG7	B2RVA4
A0A1W2PQ72	Q3UDN3
A0A1W2PQ73	A0A140LIR9
A0A1W2PQU2	A0A1W2P7I0
A0A1W2PR48	A0A1W2P7S4
A0A1W2PR82	A0A286YDK6
A0A1W2PRP0	J3QP53
A0A1W2PS18	Q8CES1
A0A286YEU6	Q8VFY0
A0A286YF18	A0A1Y7VJ29
A0A286YF58	A0A1Y7VLQ2
A0A286YFK9	A0A1L1SR87
A0A2R8Y4L6	A0A2I3BPX0
A0A2R8Y4M2	A0A0G2JFF0
A0A2R8Y556	A0A2I3BR05
A0A2R8Y7D0	A0A1B0GRQ3
A0A2R8Y7Y5	J3QMQ6
A0A2R8YED5	A0A286YDM5
A0A2R8YEH3	Q8VFS3
A0A494BZU2	A0A494B999
A0A494BZU4	E9PWY5
A0A494C0I6	A0A494B9I6
A0A494C1I1	Q8VBZ2
A0A576	A0A075B5I2
A0A5B7	A0A075B5J2
A0A5F9ZHS7	A0A5F8MPM5
A0A669KB60	A0A668KLB6
A0A6I8PU40	A0A6I8MX38
A0A7P0TBJ1	A0A804C8T0
A0A8I5KY20	Q5SUE3
A0A8V8TPW1	A0A8V5KY98
A0AUZ9	Q5DTI6
A0AV02	Q8VI23
A0AV96	Q91WT8
A0AVF1	Q8BS45
A0AVI2	P0DM40
A0AVI4	Q8K304
A0AVK6	Q58FA4
A0AVT1	Q8C7R4
A0FGR8	Q3TZZ7
A0FGR9	Q5DTI8
A0JD36	Q5R1A3
A0JD37	A0A075B661
A0JLT2	Q8C1S0
A0JNW5	A2RSJ4
A0MZ66	Q8K2Q9
A0PG75	J3QM92
A0PJK1	Q5SWY8
A0PJW6	Q9CQE2
A0PJW8	Q9D757
A0PJX0	Q9D9N5
A0PJX2	A2ACG1
A0PJX4	Q3UPR0
A0PJX8	Q8R115
A0PJY2	Q0VDQ9
A0PJZ3	Q810K9
A0PK00	Q3TA38
A0PK05	Q8C3K5
A0PK11	B2RVW2
A1A4G5	A0A1B0GSK3
A1A4S6	Q6Y5D8
A1A4V9	Q6NZQ0
A1A519	Q66LM6
A1A5B4	P86044
A1A5C7	Q3UHH2
A1A5D9	Q8CHW5
A1E959	A1E960
A1IGU5	A1IGU4
A1KXE4	Q80XQ8
A1L020	G3UYU0
A1L0T0	Q8BU33
A1L157	Q9D1D1
A1L162	E9Q1A6
A1L167	A0PJN4
A1L168	A0A571BEE7
A1L170	J3QNH8
A1L188	A2AMZ4
A1L190	B5KM66
A1L1A6	B2RTN2
A1L390	Q4VAC9
A1L3X0	Q9D2Y9
A1L453	Q3UKY7
A1L4H1	Q8BV57
A1L4K1	Q8BZ52
A1L4L8	Q08EJ0
A1X283	A2AAY5
A1XBS5	Q8BP22
A1YPR0	Q8VCZ7
A1Z1Q3	Q3UYG8
A2A288	Q8BIY3
A2A2V5	Q8CD78
A2A2Y4	Q8BHD4
A2A368	Q9CWV4
A2A3K4	Q6NZK8
A2A3L6	Q8BYG0
A2AJT9	A2AG58
A2CJ06	A2CI98
A2IDD5	D3Z5T1
A2PYH4	D3Z4R1
A2RRH5	Q8C5V5
A2RRL7	Q08EA8
A2RRP1	E9Q411
A2RTX5	Q8BLY2
A2RTY3	Q5QNV8
A2RU14	Q9CQ44
A2RU30	Q3U132
A2RU48	Q8BQM7
A2RU49	Q5U5V2
A2RU54	P43687
A2RU67	Q8BYI8
A2RUB1	A2AG06
A2RUB6	Q6NS45
A2RUC4	A2RSX7
A2RUH7	Q5FW53
A2RUS2	A2RT67
A2RUT3	Q9DA04
A2VCK2	J3KML0
A2VDF0	Q8R2K1
A2VDJ0	Q3U3D7
A2VEC9	Q8CG65
A3KMH1	Q8CC88
A3KN83	Q689Z5
A4D0T7	F2Z3Y9
A4D0V7	B2RX70
A4D126	Q5RJG7
A4D161	Q8C790
A4D1B5	Q3TCV3
A4D1E1	A0A0G2JGH6
A4D1E9	Q8K013
A4D1F6	Q8C0R9
A4D1P6	Q7TMQ7
A4D1S0	Q3UM83
A4D1S5	P35294
A4D1T9	Q9DAA4
A4D1U4	Q3UHG7
A4D1Z8	Q9D1U0
A4D263	Q5NC83
A4D2B0	Q8BWY4
A4D2P6	Q0QWG9
A4FU01	Q3V1L6
A4FU49	Q7TSG5
A4FU69	A0JP43
A4GXA9	Q56A04
A4IF30	Q8BZK4
A4QMS7	Q9DAR0
A4UGR9	Q4U4S6
A5D6W6	Q91V79
A5D8V6	Q8R105
A5D8V7	Q8BSN3
A5D8W1	Q8BH53
A5LHX3	Q8BG41
A5PKW4	Q5DTT2
A5PL33	Q6NXZ1
A5PLK6	H3BL40
A5PLL1	Q3UUF8
A5PLL7	Q99LQ7
A5PLN7	Q8CFV2
A5PLN9	Q3TIR1
A5YKK6	Q6ZQ08
A5YM72	Q6ZPS2
A6BM72	Q80T91
A6H8M9	H3BJZ2
A6H8Y1	Q571C7
A6H8Z2	Q8C627
A6NC05	Q9CWB7
A6NC51	Q8R218
A6NC86	Q9CQD7
A6NC98	Q4QRL3
A6NCF5	A0A2I3BRZ3
A6NCI4	Q3UVV9
A6NCJ1	A6H6Q4
A6NCL1	Q3URY2
A6NCL2	Q3URS3
A6NCL7	Q3U0L2
A6NCM1	A6H690
A6NCN8	Q3TTI8
A6NCQ9	Q8CEF8
A6NCS4	P43688
A6NCS6	Q9CYS6
A6NCV1	Q8VG45
A6ND01	Q9EQF4
A6ND36	Q5SWY7
A6ND91	Q9DCQ2
A6NDA9	Q6PFC5
A6NDB9	A2TJV2
A6NDD5	Q3USQ7
A6NDG6	Q8CHP8
A6NDL7	Q8CDZ2
A6NDL8	Q8VEU0
A6NDP7	Q08AU7
A6NDU8	Q8BR90
A6NDV4	B1AWJ5
A6NDY0	Q5XFR0
A6NE01	Q9D9R9
A6NE02	Q9DB72
A6NE52	A0A140LHH9
A6NED2	Q8BTU7
A6NEE1	B2RPU2
A6NEH6	Q497K7
A6NEK1	Q497K5
A6NEL2	Q8BZW2
A6NEN9	Q3V2K1
A6NEQ2	Q80VF6
A6NES4	D3Z750
A6NET4	Q8VGQ6
A6NEY8	Q9D820
A6NF34	Q8BVM2
A6NF36	Q9D9C6
A6NF83	Q497P3
A6NFA0	Q80YD3
A6NFA1	B1ATG9
A6NFC5	B1AQL3
A6NFD8	Q7TS99
A6NFE2	Q9DA21
A6NFE3	Q9D581
A6NFH5	Q9DAK4
A6NFI3	Q6PGE4
A6NFK2	Q3TYR5
A6NFN3	Q8BIF2
A6NFN9	Q3UUE9
A6NFT4	J3QPZ5
A6NFU0	Q9D3R5
A6NFU8	Q9CWB5
A6NFX1	Q3T9M1
A6NFY4	Q8CB65
A6NFY7	Q3U276
A6NG13	Q9D4R2
A6NGA9	Q80W35
A6NGB7	Q8K071
A6NGB9	P0C7L0
A6NGC4	Q8VC26
A6NGE7	Q283N4
A6NGG8	Q6PAC4
A6NGH7	Q3UYG1
A6NGH8	Q9CQM6
A6NGN9	Q8HW98
A6NGQ2	Q9CWE6
A6NGR9	V9GX81
A6NGS2	Q3UNU4
A6NGY3	Q9CR34
A6NGZ8	Q3V0X1
A6NH11	Q8K0R6
A6NH21	Q5XK03
A6NH52	Q6NVH0
A6NH57	Q6P068
A6NHA9	Q8VGN6
A6NHC0	Q91VA3
A6NHL2	Q3UX10
A6NHM9	Q7TT41
A6NHN0	Q4ZJM7
A6NHQ2	Q80WS3
A6NHQ4	Q7TNS8
A6NHR9	Q6P5D8
A6NHS7	Q3UU94
A6NHT5	P42581
A6NHX0	Q8CAB8
A6NHY2	Q14DN9
A6NHZ5	Q3UJB3
A6NI15	Q9JK54
A6NI28	B2RQE8
A6NI56	Q6RUT8
A6NI61	Q9D1N4
A6NI73	D3Z7A9
A6NI79	Q3TCJ8
A6NI87	Q9CVN6
A6NIE9	Q99MS4
A6NIH7	Q8C4B4
A6NIK2	G3XA50
A6NIM6	Q8CBB2
A6NIN4	Q9DCB3
A6NIV6	A6H6A4
A6NIX2	Q7TQJ8
A6NJ46	Q3UHX8
A6NJ69	A0A1B0GR74
A6NJ78	Q9DCL4
A6NJB7	B2RW88
A6NJG2	Q8BY98
A6NJI1	Q8VC23
A6NJI9	A0A1Y7VMI0
A6NJJ6	Q8CF25
A6NJT0	O08934
A6NJV1	Q9DAS2
A6NJW4	A0A1B0GRI5
A6NJZ3	Q8VGI8
A6NK02	Q3UWZ0
A6NK06	P54987
A6NK44	Q9D8I3
A6NK58	Q9D009
A6NK59	Q8C6Y6
A6NK89	Q8BL43
A6NK97	Q80UJ1
A6NKB5	Q5DU28
A6NKC9	Q8BI17
A6NKD9	E9Q6B2
A6NKF1	A6H687
A6NKF2	A6PWV5
A6NKF7	Q3TYP4
A6NKG5	Q7M732
A6NKL6	J3QK46
A6NKN8	Q6W8Q3
A6NKP2	A0A140LI11
A6NKW6	Q9D1Y9
A6NL08	Q7TRI0
A6NL26	Q8VFX2
A6NL88	Q8C3Q5
A6NLC5	Q6GQU0
A6NLE4	Q9DAL0
A6NLP5	Q8VBW8
A6NLU5	Q9JME9
A6NLX4	Q9D2F0
A6NM28	Q62396
A6NM36	Q3UV48
A6NMA1	Q3UHV4
A6NMB9	J3QK54
A6NMD0	Q8BR26
A6NMK7	E9Q2N0
A6NMK8	Q6GQV1
A6NML5	Q8C6V3
A6NMN3	E9PXT9
A6NMT0	P52950
A6NMX2	Q3UTA9
A6NMZ2	Q8C9X1
A6NMZ7	Q8C6K9
A6NN90	Q9DAQ4
A6NN92	Q9CX92
A6NNA2	Q80WV7
A6NNA5	Q8BYH0
A6NNB3	O88728
A6NNE9	Q8CBH7
A6NNL5	Q0VG49
A6NNM8	A4Q9F6
A6NNN8	Q5HZH7
A6NNP5	Q8BXX9
A6NNS2	Q8CHS7
A6NNT2	E9QMW4
A6NNW6	Q8C042
A6NNX1	Q3KNY5
A6NNY8	Q8CEG8
A6NP61	C3VD30
A6PVC2	A4Q9F1
A6PVL3	Q307W7
A6PVS8	Q14DL3
A6QL63	Q6GQW0
A6XGL0	F6W8I0
A7E2U8	Q3U1D9
A7E2V4	Q3UHH1
A7E2Y1	A2AQP0
A7KAX9	Q811P8
A7MBM2	Q8CIP5
A7MCY6	A2A9T0
A7MD48	Q8BKA3
A7XYQ1	Q0P5V2
A8K0R7	E9PUU5
A8K4G0	Q3U497
A8K5M9	Q8CE97
A8K7I4	Q9D7Z6
A8K830	F8VPY8
A8K855	Q8VDY4
A8K8P3	Q3UZY0
A8K979	Q5BKS4
A8MPS7	Q14BV6
A8MPX8	Q8BVT6
A8MPY1	B2RXA8
A8MQ03	Q9D1E4
A8MQ27	Q0MW30
A8MSI8	Q3UN90
A8MT33	Q5D525
A8MT69	Q8C4X1
A8MT70	Q0P5X5
A8MTA8	A2AIP0
A8MTB9	Q9D871
A8MTI9	A0A0N4SVQ0
A8MTJ3	Q3V3I2
A8MTJ6	E0CZH3
A8MTL0	Q9DAL7
A8MTL3	D3Z423
A8MTQ0	Q5TIS6
A8MTT3	Q8BTE5
A8MTZ0	J3QMK2
A8MTZ7	Q80W69
A8MU46	Q99LM3
A8MU93	Q8BGJ3
A8MUP6	M0QWL6
A8MUX0	A2A5X5
A8MV23	E9Q6A2
A8MV24	Q9DAQ5
A8MV65	P85442
A8MV81	Q76I25
A8MVM7	Q3TNU4
A8MVS5	Q75VT8
A8MVW0	A2A699
A8MVW5	Q4VAH7
A8MVX0	Q8BW86
A8MVZ5	Q9JK39
A8MW92	Q8CCJ9
A8MW99	Q8BRM6
A8MWE9	Q8C9R9
A8MWK0	Q0VAX3
A8MWY0	Q3UZV7
A8MX34	A2A5X4
A8MXD5	Q50H32
A8MXE2	A0A1L1SR01
A8MXK1	Q9D806
A8MXQ7	Q3TYL0
A8MXV4	P11930
A8MY62	S4R213
A8MYB1	Q80X59
A8MYJ7	Q8C0Q3
A8MYP8	Q5M8M2
A8MYU2	O54982
A8MYV0	Q9D1B8
A8MYZ0	A0A1W2P7H6
A8MYZ5	G3UWF2
A8MYZ6	Q70KY4
A8MZ26	Q9DAM2
A8MZ97	Q810S2
A8MZF0	Q8C494
A8MZG2	Q8BT88
A8MZH6	Q925U0
A8TX70	A6H584
A9QM74	C0LLJ0
A9UHW6	Q3UBZ5
A9YTQ3	Q3U1U7
A9Z1Z3	A3KGK3
B0I1T2	Q5SUA5
B0L3A2	Q2QKR2
B0YJ81	Q9QY80
B1AJZ9	A6PWD2
B1AK53	Q9ET47
B1AKI9	A2ATD1
B1AL88	Q8CCS2
B1ANS9	Q9D565
B1ATL7	A2AFE9
B2RN74	Q8VFT6
B2RTY4	Q8C170
B2RUY7	Q505H4
B2RUZ4	P0C8K7
B2RV13	Q9DAN9
B2RXF0	B9EJI9
B2RXF5	Q811H0
B2RXH4	A0A0A6YY25
B3GLJ2	B3GLJ3
B3KS81	A0A3Q4EGK1
B3SHH9	Q9D563
B4DJY2	D3Z1U7
B4DS77	Q9CZN4
B4DU55	Q8BI99
B4E2M5	J3QNN4
B6A8C7	B6A8R8
B7Z1M9	P0CG09
B7Z3J9	L7N244
B7Z8K6	A0A0G2JEU3
B7ZBB8	Q9CW07
B7ZC32	D3YXS5
B7ZLF3	Q8BIN3
B8ZZ34	J3QNX5
B9A014	Q8CDS7
B9EJG8	Q8C8S3
C9J069	A2AJA9
C9J302	Q9DAF8
C9J3I9	A0A286YDB2
C9J3V5	Q9D9U4
C9J6K1	D3Z070
C9J7I0	E0CX23
C9JCN9	B2RXB2
C9JE40	A2ARM1
C9JH25	B2RU40
C9JI98	A9JSM3
C9JJ37	S4R1I0
C9JL84	Q3TYV2
C9JLR9	Q4VA45
C9JLW8	Q3UGS4
C9JQI7	Q5K6N0
C9JR72	Q8C828
C9JSJ3	A0A5K7RLP0
C9JTQ0	A2ARS0
C9JVW0	E9PV59
C9JXX5	Q8CF31
D0EPY3	A0A1B0GRQ9
D6REC4	A0A140LIX9
D6RGH6	Q3UZ45
D6RIA3	E0CYV9
E0CX11	P0DP99
E5RG02	Q5M8S2
E5RJM6	F6YK91
E7ERA6	Q3UV31
E7EW31	A0A087WR45
E9PAV3	P70670
E9PB15	Q9D9A7
E9PQX1	D3Z338
E9PRG8	Q9D937
F2Z333	A2A9Q0
F5GYI3	G3UW59
F5H4A9	E9Q0B3
F5H4B4	Q9D3V8
H0UI37	Q9D0B5
H0YL14	A0A571BES4
H3BNL1	Q80ZQ7
H3BNL8	A0A286YCZ6
H3BPM6	D3Z393
H3BQB6	Q6P3A1
H3BQJ8	H3BJG9
H3BQW9	B2KGE5
H3BR10	J3QMJ4
H3BRN8	V9GXK1
H3BS89	A0A5F8MQ13
H3BTG2	Q9CPU3
H3BU77	J3QM76
H3BV60	D3YZZ2
H7BZ55	F6XLV1
H7C350	A0A338P6G2
I3L1E1	H3BKT1
I3L273	J3KML8
I3L3R5	J3QPU5
K7EJ46	J3QP37
L0R819	A0A494BB10
M0QZC1	Q9D7D1
O00110	D3YYM0
O00115	P56542
O00116	Q8C0I1
O00124	Q9QZ49
O00139	P28740
O00141	Q9WVC6
O00142	Q9R088
O00144	Q9R216
O00148	Q8VDW0
O00151	O70400
O00154	Q91V12
O00155	P0C5I1
O00159	Q9WTI7
O00160	P70248
O00161	O09044
O00165	O35387
O00167	O08575
O00168	Q9Z239
O00170	O08915
O00175	Q9JKC0
O00178	O08582
O00180	O08581
O00186	Q60770
O00187	Q91WP0
O00189	Q9JKC7
O00192	P98203
O00193	Q9R0P4
O00194	Q99P58
O00198	P62816
O00203	Q9Z1T1
O00204	O35400
O00206	Q9QUK6
O00212	P97348
O00213	Q9QXJ1
O00214	Q9JL15
O00217	Q8K3J1
O00219	O08650
O00221	O54910
O00222	P47743
O00230	P56469
O00231	Q8BG32
O00232	Q9D8W5
O00233	Q9CR00
O00237	Q9R1W3
O00238	P36898
O00244	O08997
O00253	P56473
O00254	O08675
O00255	O88559
O00257	O55187
O00258	Q8K0D7
O00264	O55022
O00267	O55201
O00268	E9QAP7
O00270	F8VQN3
O00273	O54786
O00287	Q8VCG9
O00291	Q8VD75
O00294	Q9Z273
O00295	P46686
O00299	Q9Z1Q5
O00300	O08712
O00303	Q9DCH4
O00305	Q8R0S4
O00308	Q9DBH0
O00311	Q9Z0H0
O00321	P41163
O00322	Q9D132
O00327	Q9WTL8
O00329	O35904
O00330	Q8BKZ9
O00337	E9PXX9
O00338	Q9D939
O00339	O08746
O00341	Q8JZR4
O00358	Q8R2I0
O00370	P11369
O00391	Q8BND5
O00398	Q8BFU7
O00399	Q9WUB4
O00400	Q99J27
O00401	Q91YD9
O00408	Q922S4
O00409	Q499D0
O00410	Q8BKC5
O00411	Q8BKF1
O00418	O08796
O00421	O35457
O00422	O55128
O00423	Q05BC3
O00425	Q9CPN8
O00429	Q8K1M6
O00442	Q9D7H3
O00443	Q61194
O00444	Q64702
O00445	Q9R0N5
O00451	O08842
O00453	O08843
O00458	P19182
O00459	O08908
O00461	Q8BXA1
O00462	Q8K2I4
O00463	P70191
O00468	A2ASQ1
O00469	Q9R0B9
O00470	Q60954
O00471	Q3TPX4
O00472	Q3UKU1
O00476	G3UWD9
O00482	P45448
O00483	Q62425
O00487	O35593
O00488	Q9DB42
O00499	O08539
O00501	O54942
O00505	O35344
O00506	Q9Z2W1
O00512	Q9D219
O00515	P57016
O00519	O08914
O00522	Q6S5J6
O00526	P38575
O00533	P70232
O00534	Q99KC8
O00541	Q9EQ61
O00548	Q61483
O00555	P97445
O00559	Q9D0V7
O00560	O08992
O00562	O35954
O00566	Q810V0
O00567	Q9D6Z1
O00570	P53783
O00571	Q62167
O00574	Q9EQ16
O00587	O09008
O00590	O08707
O00591	Q8QZW7
O00592	Q9R0M4
O00602	O70497
O00622	P18406
O00623	Q8VC48
O00624	Q5SZA1
O00625	Q9D711
O00626	O88430
O00628	P97865
O00629	O35343
O00631	Q9CQD6
O00634	Q9R1A3
O00635	Q5SZ99
O00712	P97863
O00716	O35261
O00743	Q9CQR6
O00744	P48614
O00746	Q9WV84
O00748	F6Z9B9
O00750	E9QAN8
O00754	O09159
O00755	P24383
O00757	P70695
O00762	Q9D1C1
O00763	E9Q4Z2
O00764	Q8K183
O14490	Q9D415
O14492	Q9JID9
O14493	O35054
O14494	Q61469
O14495	Q99JY8
O14497	A2BH40
O14498	Q6GU68
O14503	O35185
O14508	O35717
O14511	P56974
O14512	Q8VHQ2
O14513	E9QAE1
O14514	Q3UHD1
O14519	O35207
O14521	Q9CXV1
O14522	Q99M80
O14523	Q80X80
O14524	Q6ZQE4
O14525	Q61137
O14526	Q8K285
O14529	P70298
O14530	Q9CQ79
O14531	O35098
O14543	O35718
O14544	Q9JLY0
O14545	Q3UDK1
O14548	Q61387
O14556	Q64467
O14558	Q5EBG6
O14559	Q80YF9
O14561	Q9CR21
O14562	Q78JW9
O14569	Q9WUE3
O14576	O88485
O14578	P49025
O14579	O89079
O14593	Q9Z205
O14594	P55066
O14595	Q8BX07
O14610	Q61017
O14613	Q8JZX9
O14617	O54774
O14618	Q9WU84
O14625	Q9JHH5
O14626	Q8BG55
O14627	Q07424
O14638	Q6DYE8
O14639	Q8K4G5
O14640	P51141
O14641	Q60838
O14645	Q8BVN8
O14646	P40201
O14647	E9PZM4
O14649	O35111
O14653	O35166
O14654	Q9Z0Y7
O14656	Q9ER39
O14657	Q9ER41
O14662	Q8BVI5
O14668	A2BFE8
O14669	Q8R182
O14672	O35598
O14678	O89016
O14681	Q61070
O14682	O35709
O14683	Q4QQM4
O14684	Q9JM51
O14686	Q6PDK2
O14713	O35671
O14717	O55055
O14718	O35214
O14727	O88879
O14730	Q9DBU3
O14732	Q91UZ5
O14733	Q8CE90
O14734	P58137
O14735	Q8VDP6
O14737	P56812
O14744	Q8CIG8
O14745	P70441
O14746	O70372
O14753	Q9WTJ2
O14756	Q9R092
O14757	O35280
O14764	P22933
O14770	P97367
O14771	E9QAW0
O14772	G5E8F4
O14773	O89023
O14775	P62881
O14776	Q8CGF7
O14777	Q9D0F1
O14782	O35066
O14786	P97333
O14787	Q99LG2
O14788	O35235
O14792	O35310
O14793	O08689
O14795	Q9Z1N9
O14802	B2RXC6
O14804	Q5QD14
O14807	O08989
O14810	P63040
O14813	Q62066
O14815	Q9D805
O14817	Q9DCK3
O14818	Q9Z2U0
O14827	P70392
O14828	O35609
O14829	O35655
O14830	O35385
O14832	O35386
O14836	Q9ET35
O14841	Q8K010
O14842	Q76JU9
O14862	Q91VJ1
O14863	O35149
O14867	P97302
O14874	O55028
O14880	Q9CPU4
O14893	Q9CQQ4
O14894	Q91XF2
O14896	P97431
O14901	Q8K1S5
O14904	Q8R5M2
O14905	O35468
O14907	Q9DBG9
O14908	Q9Z0G0
O14910	Q8JZS0
O14917	E9PXF0
O14920	O88351
O14921	Q8K443
O14924	Q8CGE9
O14925	Q9WTQ8
O14926	Q32M02
O14929	Q8BY71
O14933	Q9QZU9
O14936	O70589
O14939	P97813
O14944	Q61521
O14948	Q9WTW4
O14949	Q9CQ69
O14950	Q3THE2
O14957	Q9CPX8
O14958	O09161
O14960	O88803
O14964	Q99LI8
O14965	P97477
O14966	Q91YQ1
O14967	P52194
O14972	O35075
O14974	Q9DBR7
O14975	O35488
O14976	Q99KY4
O14977	O35484
O14978	Q8CF60
O14979	Q9Z130
O14980	Q6P5F9
O14981	E9QAE3
O14983	Q8R429
O14986	P70181
O14994	Q8JZP2
O15013	Q8C033
O15014	Q8BZ47
O15015	Q6NV66
O15016	Q924W6
O15018	E9Q1M1
O15020	Q68FG2
O15021	Q811L6
O15027	E9QAT4
O15031	B2RXS4
O15033	Q8CHG5
O15034	Q80U40
O15037	Q80U38
O15040	Q3UH45
O15041	P70275
O15042	Q6NV83
O15047	E9PYH6
O15049	Q8C7U1
O15050	Q8BV79
O15054	Q5NCY0
O15055	O54943
O15056	Q9D2G5
O15060	Q6PDK0
O15061	Q70IV5
O15062	Q7TQG0
O15063	Q8C5X1
O15066	Q61771
O15067	Q5SUR0
O15068	Q64096
O15069	Q5SWP3
O15072	E9Q287
O15075	Q9JLM8
O15078	Q6A078
O15079	Q80U23
O15083	Q6PH08
O15084	Q505D1
O15085	Q68FM7
O15090	Q8K083
O15091	Q8JZY4
O15105	O35253
O15111	Q60680
O15116	Q8VC85
O15117	O35601
O15118	O35604
O15119	P70324
O15120	Q8K3K7
O15121	O09005
O15123	O35608
O15126	Q8K021
O15127	Q9ERN0
O15130	Q9WVA8
O15143	Q9WV32
O15144	Q9CVB6
O15145	Q9JM76
O15146	Q61006
O15151	O35618
O15155	O35623
O15156	Q64321
O15160	P52432
O15162	Q9DCW2
O15164	Q64127
O15165	Q8BWJ4
O15169	O35625
O15173	Q80UU9
O15178	P20293
O15182	O35648
O15194	P58465
O15195	Q91YD6
O15197	O08644
O15198	Q9JIW5
O15204	Q9R0X2
O15205	P63072
O15209	Q9Z0G7
O15211	Q61193
O15212	Q03958
O15213	Q9Z0H1
O15218	P43142
O15226	Q8BY02
O15228	P98192
O15229	Q91WN4
O15230	Q61001
O15231	Q62394
O15232	O35701
O15234	Q8K3W3
O15235	O35680
O15239	O35683
O15240	Q0VGU4
O15243	O89013
O15244	O70577
O15245	O08966
O15254	Q9EPL9
O15258	Q9CQU3
O15259	Q9QY53
O15260	Q64310
O15264	Q9Z1B7
O15265	Q8R4I1
O15269	O35704
O15270	P97363
O15273	O70548
O15287	Q9EQR6
O15294	Q8CGY8
O15296	O35936
O15297	Q9QZ67
O15303	Q5NCH9
O15304	O54926
O15305	Q9Z2M7
O15315	O35719
O15318	Q6NXY9
O15321	Q9DBU0
O15327	Q6P1Y8
O15335	O55226
O15342	Q9CQD8
O15344	O70583
O15347	O54879
O15350	Q9JJP2
O15353	Q61575
O15354	Q9QY42
O15355	Q61074
O15357	Q6P549
O15360	Q9JL70
O15370	Q04890
O15371	O70194
O15372	Q91WK2
O15374	Q8R0M8
O15375	G5E8K6
O15379	O88895
O15381	Q9DBY8
O15382	O35855
O15391	Q3TTC2
O15392	O70201
O15393	Q9JIQ8
O15394	O35136
O15397	Q7TMY7
O15399	Q03391
O15400	O70439
O15403	B1AT66
O15405	Q80W03
O15409	P58463
O15417	Q80WC3
O15427	P57787
O15431	Q8K211
O15432	Q9CPU9
O15438	B2RX12
O15439	E9Q236
O15440	Q9R1X5
O15442	Q91ZG2
O15444	O35903
O15446	Q76KJ5
O15455	Q99MB1
O15457	Q99MT2
O15460	Q60716
O15466	P70126
O15482	B1AYN9
O15484	O08688
O15492	P97428
O15496	Q9QXX3
O15498	Q9CQW1
O15499	P56916
O15503	Q8BGI3
O15504	Q8CIC2
O15511	Q9CPW4
O15514	Q9D7M8
O15516	O08785
O15519	O35732
O15520	O35565
O15522	O70584
O15523	Q62095
O15524	O35716
O15525	O54790
O15527	O08760
O15528	O35084
O15530	Q9Z2A0
O15533	Q9R233
O15534	O35973
O15537	Q9Z1L4
O15539	O08850
O15540	P51880
O15541	Q14B01
O15547	O54803
O15550	O70546
O15551	Q9Z0G9
O15552	Q8VCK6
O15553	Q9JJ26
O15554	O89109
O43143	O35286
O43147	Q80U12
O43148	Q9D0L8
O43149	Q5SSH7
O43150	Q7SIG6
O43151	Q8BG87
O43155	Q8BLU0
O43156	Q91V83
O43157	Q8CJH3
O43159	Q9DB85
O43164	Q80U04
O43166	Q8C0T5
O43167	Q80X44
O43169	Q9CQX2
O43172	Q9DAW6
O43173	Q64689
O43174	O55127
O43175	Q61753
O43181	Q9CXZ1
O43182	O54834
O43184	Q61824
O43186	O54751
O43187	Q8CFA1
O43189	Q9Z1B8
O43194	Q5U431
O43196	Q9QUM7
O43236	P28661
O43237	Q6PDL0
O43240	Q99M20
O43242	P14685
O43246	Q8BLQ7
O43247	Q9D9J2
O43248	P31313
O43251	Q8BP71
O43252	Q60967
O43255	Q06986
O43257	Q8R331
O43264	O54692
O43272	Q9WU79
O43278	Q9R097
O43280	Q9JLT2
O43281	Q64355
O43283	Q1HKZ5
O43286	Q9JMK0
O43290	Q9Z315
O43291	Q9WU03
O43292	Q9WTK3
O43293	O54784
O43294	Q62219
O43295	Q812A2
O43298	Q9DAI4
O43299	Q3U829
O43300	Q8BGA3
O43301	Q8K0U4
O43303	Q7TSH4
O43304	B2RXM5
O43306	Q01341
O43307	Q3UTH8
O43309	Q9Z1D7
O43310	Q6PEE2
O43312	Q8R1S4
O43313	Q6P9S1
O43314	Q6ZQB6
O43315	Q9JJJ3
O43316	P32115
O43318	Q62073
O43320	Q9ESL8
O43323	Q61488
O43324	Q9D1M4
O43325	Q9CQB7
O43347	Q61474
O43353	P58801
O43364	P31245
O43365	P02831
O43379	Q3U3T8
O43390	Q8VHM5
O43395	Q922U1
O43396	Q8CDN6
O43399	Q9CYZ2
O43402	O70378
O43405	Q62507
O43414	Q8C460
O43422	Q9CUX1
O43424	Q61625
O43426	Q8CHC4
O43427	Q9JI19
O43432	Q80XI3
O43435	P70323
O43439	O70374
O43447	Q9D868
O43451	A0A571BF69
O43462	Q8CHX6
O43463	O54864
O43464	Q9JIY5
O43474	Q60793
O43482	A2AQ14
O43488	Q8CG76
O43490	O54990
O43491	O70318
O43497	Q5SUF7
O43502	Q924H5
O43504	Q9D1L9
O43505	Q8BWP8
O43508	O54907
O43511	Q9R155
O43513	Q9CZB6
O43516	Q8K1I7
O43520	Q148W0
O43521	O54918
O43524	Q9WVH4
O43525	Q8K3F6
O43526	Q9Z351
O43529	Q6PGK7
O43541	O35182
O43542	Q9CXE6
O43543	Q9CX47
O43548	Q9D7I9
O43556	O70258
O43557	Q9QYH9
O43559	Q91WJ0
O43561	O54957
O43566	P97492
O43567	O54965
O43570	Q8CI85
O43572	O88845
O43581	Q9R0N7
O43583	Q9CQJ6
O43586	P97814
O43592	Q9CRT8
O43593	Q61645
O43597	Q9QXV8
O43598	Q80VJ3
O43602	O88809
O43603	O88854
O43609	Q9QXV9
O43610	Q3UUD2
O43612	O55241
O43613	P58307
O43614	P58308
O43615	O35857
O43617	O55013
O43623	P97469
O43633	Q9DB34
O43638	Q61574
O43639	O55033
O43653	P57096
O43657	O70401
O43660	Q922V4
O43663	Q99K43
O43665	Q9CQE5
O43670	Q9JMD0
O43674	Q9CQH3
O43676	Q9CQZ6
O43677	Q9CQY9
O43678	Q9CQ75
O43679	O55203
O43680	O35437
O43681	O54984
O43683	O08901
O43684	Q9WVA3
O43688	Q9DAX2
O43692	Q8BS03
O43704	Q9QWG7
O43707	P57780
O43708	Q9WVL0
O43709	Q9CY21
O43711	O55144
O43715	Q9D8Z2
O43716	Q8CBY0
O43719	Q8BGC0
O43731	Q8R1L4
O43734	Q8N7N6
O43736	Q61500
O43739	O08967
O43741	Q6PAM0
O43745	Q9D869
O43747	P22892
O43752	Q9JKK1
O43759	O55100
O43761	Q8R191
O43763	Q61663
O43765	Q8BJU0
O43766	Q99M04
O43768	P60840
O43772	Q9Z2Z6
O43776	Q8BP47
O43781	Q922Y0
O43791	Q6ZWS8
O43795	P46735
O43805	Q9JJ94
O43808	O70579
O43809	Q9CQF3
O43813	O89112
O43815	O55106
O43818	Q91WM3
O43819	Q8VCL2
O43820	Q8VEI3
O43822	Q8C6G1
O43823	Q9DBR0
O43824	Q3U6U5
O43825	O54905
O43826	Q9D1F9
O43827	Q8R1Q3
O43829	Q08376
O43837	Q91VA7
O43847	Q8BHG1
O43852	O35887
O43854	O35474
O43861	P98195
O43865	Q80SW1
O43866	Q9QWK4
O43869	E9Q3K2
O43889	Q61817
O43895	B1AVD1
O43896	O35071
O43897	Q62381
O43900	Q80VL3
O43903	P11862
O43909	Q9WVL6
O43913	Q9WUV0
O43914	O54885
O43915	P97946
O43916	Q9EQC0
O43918	Q9Z0E3
O43920	Q99LY9
O43921	P52801
O43924	O55057
O43927	O55038
O43929	O88708
O43933	Q5BL07
O43934	Q8BJ51
O60216	Q61550
O60220	Q9WVA2
O60229	A2CG49
O60231	G3X8X0
O60232	P56873
O60234	Q9ERL7
O60235	Q8VHK8
O60237	Q8BG95
O60238	Q9Z2F7
O60239	Q9Z131
O60240	Q8CGN5
O60241	Q8CGM1
O60242	Q80ZF8
O60243	Q9QYK5
O60244	A2ABV5
O60245	A2RS43
O60248	P43267
O60256	Q8R574
O60258	P63075
O60259	Q61955
O60260	Q9WVS6
O60262	Q61016
O60264	Q91ZW3
O60266	Q8VHH7
O60268	Q8R0A7
O60269	A0A2I3BRN2
O60271	Q58A65
O60279	G3UW60
O60281	Q9Z2U2
O60282	P28738
O60284	Q80TY4
O60285	Q641K5
O60287	Q571H0
O60291	Q9D074
O60292	G3X9J0
O60293	B2RT41
O60294	Q8BYR1
O60296	Q6P9N8
O60299	A2AHG0
O60303	Q8C753
O60306	Q8CFQ3
O60307	Q3U214
O60308	Q80V31
O60312	O54827
O60313	P58281
O60315	Q9R0G7
O60318	Q9WUU9
O60320	Q6A044
O60330	Q91XY7
O60331	O70161
O60333	Q60575
O60336	Q6NS57
O60337	Q6ZQ89
O60341	Q6ZQ88
O60343	Q8BYJ6
O60346	Q8CHE4
O60347	Q6A039
O60353	Q61089
O60356	Q9WTK0
O60359	Q9JJV5
O60381	Q8R316
O60383	Q07105
O60391	Q91ZU9
O60393	Q8VIH1
O60423	Q6UQ17
O60427	Q920L1
O60431	Q7TQU7
O60437	Q9R269
O60443	Q9Z2D3
O60447	P97366
O60449	Q60767
O60462	O35375
O60469	Q9ERC8
O60476	P39098
O60477	Q920P3
O60478	Q8BNQ3
O60479	Q64205
O60481	Q62521
O60486	Q9QZC2
O60487	O70255
O60488	Q9QUJ7
O60493	O70492
O60494	Q9JLB4
O60496	O70469
O60500	Q9QZS7
O60502	Q9EQQ9
O60503	P51830
O60504	Q9R1Z8
O60506	Q7TMK9
O60507	O70281
O60508	Q9DC48
O60512	Q91YY2
O60513	Q9JJ04
O60516	Q80VV3
O60518	Q8BIV3
O60519	Q32M00
O60522	P61407
O60524	Q8CCP0
O60542	O70300
O60543	O70302
O60547	Q8K0C9
O60548	O35392
O60551	O70311
O60563	Q9QWV9
O60565	O70326
O60566	Q9Z1S0
O60568	Q9R0E1
O60573	Q8BMB3
O60575	O35679
O60583	Q7TQK0
O60602	Q9JLF7
O60603	Q9QUN7
O60609	O35118
O60610	O08808
O60613	Q9ERR7
O60635	Q99J59
O60636	Q922J6
O60637	Q9QY33
O60641	Q61548
O60645	Q6KAR6
O60658	O88502
O60662	A2AUC9
O60663	O88609
O60664	Q9DBG5
O60667	A1KXC4
O60669	O70451
O60671	Q9QWZ1
O60673	Q61493
O60674	Q62120
O60675	Q61827
O60676	P32766
O60678	Q922H1
O60682	O88940
O60683	B1AUE5
O60684	O35345
O60687	Q8R054
O60688	Q9ESC7
O60701	O70475
O60704	O88856
O60706	P70170
O60711	Q99N69
O60716	P30999
O60721	Q91WD8
O60725	Q9EQK7
O60733	P97819
O60739	Q9CXU9
O60741	O88704
O60749	Q9CWK8
O60755	O88853
O60759	Q91VY6
O60760	Q9JHF7
O60762	O70152
O60763	Q9Z1Z0
O60774	J3QMN6
O60779	Q9EQN9
O60783	Q9CR88
O60784	O88746
O60806	Q99ME7
O60825	P70265
O60826	Q9JIG7
O60828	Q91VJ5
O60830	Q9Z0V7
O60831	Q9JIG8
O60832	Q9ESX5
O60840	Q9JIS7
O60841	Q05D44
O60844	Q8K0C5
O60858	Q9CYB0
O60861	Q60780
O60869	Q9JMG1
O60870	Q8K339
O60880	O88890
O60882	P57748
O60883	Q99JG2
O60884	Q9QYJ0
O60885	Q9ESU6
O60888	Q9CQ89
O60890	Q99J31
O60894	Q9WTJ5
O60895	Q9WUP0
O60896	Q9WUP1
O60902	P70390
O60906	O70572
O60907	Q9QXE7
O60909	Q9Z2Y2
O60921	Q8BQY8
O60925	Q9CWM4
O60927	Q8K1L5
O60928	P86046
O60930	O70338
O60931	P57757
O60934	Q9R207
O60936	Q9D1X0
O60938	O35367
O60939	Q56A07
O60941	O70585
O60942	O55236
O75027	Q61102
O75030	Q08874
O75031	Q9D4G2
O75037	Q9QXL1
O75038	A2AP18
O75044	Q91Z67
O75051	P70207
O75052	Q9D3A8
O75054	Q6ZQA6
O75056	Q64519
O75061	Q80TZ3
O75063	Q8VCS3
O75064	Q3U1Y4
O75069	Q80W04
O75071	Q8BGQ6
O75072	Q8R507
O75074	E9Q711
O75077	Q9R1V7
O75078	Q9R1V4
O75081	O54972
O75083	O88342
O75084	Q61090
O75093	Q80TR4
O75094	Q9WVB4
O75095	Q80V70
O75096	Q8VI56
O75106	Q812C9
O75110	O70228
O75112	Q9JKS4
O75113	Q6A037
O75116	P70336
O75121	Q9D3X9
O75122	Q8BRT1
O75123	Q9CY99
O75127	Q8C2E4
O75128	Q5NBX1
O75129	Q80Z10
O75131	Q8BT60
O75132	Q80WQ9
O75140	P61460
O75143	Q91YI1
O75144	Q9JHJ8
O75145	P60469
O75146	Q9JKY5
O75147	D3YYU8
O75150	Q3U319
O75151	Q9WTU0
O75153	Q5SW19
O75154	Q8CHD8
O75155	Q6ZQ73
O75157	E9Q7M2
O75159	O54928
O75161	P59240
O75164	Q8BW72
O75165	D4AFX7
O75167	B1AVP0
O75170	Q8R3Q2
O75173	Q8BNJ2
O75175	Q8K0V4
O75177	Q8BW22
O75179	Q99NH0
O75182	Q62141
O75185	A7L9Z8
O75190	O54946
O75191	Q3TNA1
O75192	Q9Z211
O75197	Q91VN0
O75204	Q8BGP5
O75208	Q8K1Z0
O75223	Q9D7X8
O75251	Q9DC70
O75264	Q0VG18
O75293	P22339
O75298	O70622
O75306	Q91WD5
O75309	O88338
O75311	Q91XP5
O75312	Q62384
O75317	Q9D9M2
O75319	Q6NXK5
O75323	O55126
O75324	P61807
O75325	Q6PHP6
O75326	Q9QUR8
O75330	Q00547
O75333	Q810F8
O75334	Q8BSS9
O75335	B8QI36
O75339	Q66K08
O75340	P12815
O75342	O70582
O75343	Q8BXH3
O75344	Q91XW8
O75347	P48428
O75348	Q9CR51
O75351	P46467
O75352	Q9R0Q9
O75354	Q3U0P5
O75355	Q8BFW6
O75356	Q9WUZ9
O75360	P97458
O75362	Q3U0X6
O75363	Q80YN3
O75364	O35160
O75365	Q9D658
O75366	O88398
O75367	Q9QZQ8
O75368	Q9JJU8
O75369	Q80X90
O75376	Q60974
O75379	O70480
O75380	P52503
O75381	Q9R0A0
O75382	Q9R1R2
O75385	O70405
O75386	O88413
O75387	Q8BSM7
O75390	Q9CZU6
O75391	Q7TNE3
O75394	Q9CQP0
O75396	O08547
O75398	Q9Z1T5
O75400	Q9R1C7
O75409	Q9CR04
O75410	Q6Y685
O75414	O88425
O75417	Q8CGS6
O75419	Q9Z1X9
O75420	Q99MR1
O75425	Q8BGG6
O75426	Q9D417
O75427	Q921G6
O75431	O88441
O75436	P40336
O75438	P0DN34
O75439	Q9CXT8
O75443	O08523
O75444	P54843
O75445	Q2QI47
O75446	O88574
O75448	Q99K74
O75449	Q9WV86
O75460	Q9EQY0
O75461	O54917
O75462	Q9JM58
O75469	O54915
O75473	Q9Z1P4
O75474	Q8K025
O75475	Q99JF8
O75477	Q91X78
O75478	Q8CHV6
O75486	Q8BVY4
O75487	P51655
O75489	Q9DCT2
O75493	O70354
O75494	Q9R0U0
O75496	O88513
O75503	Q3UMW8
O75506	Q9CQZ1
O75508	Q60771
O75509	Q9EPU5
O75521	Q9WUR2
O75525	Q9R226
O75526	Q9DAE2
O75528	Q8R0L9
O75529	Q91WQ5
O75530	Q921E6
O75531	O54962
O75533	Q99NB9
O75534	Q91W50
O75541	Q6PD05
O75553	P97318
O75554	Q61048
O75558	Q9D3G5
O75563	Q3UND0
O75564	Q60976
O75569	Q9WTX2
O75570	Q8K126
O75575	O35427
O75578	E9Q6R1
O75581	O88572
O75586	Q921D4
O75592	Q7TPH6
O75593	O88621
O75594	O88593
O75596	Q9EPW4
O75600	O88986
O75602	Q9JLI7
O75603	O09102
O75604	O88623
O75607	Q9CPP0
O75608	P97823
O75616	Q9CZU4
O75618	Q9Z1L3
O75626	Q60636
O75628	O35929
O75629	O88668
O75631	Q9JKX8
O75635	Q9D695
O75643	Q6P4T2
O75648	Q9DAT5
O75663	Q8BH58
O75665	Q80Z25
O75674	Q923U0
O75676	Q9Z2B9
O75683	P70279
O75688	P36993
O75689	E9PY16
O75691	Q5XG71
O75694	Q99P88
O75695	Q9EPK2
O75711	O88745
O75712	P28231
O75715	P21765
O75716	O88697
O75717	P59328
O75718	Q9CYD3
O75746	Q8BH59
O75747	O70167
O75751	Q9WTW5
O75752	Q920V1
O75762	Q8BLA8
O75764	P23881
O75771	O55230
O75781	Q9Z0P4
O75783	Q8VC82
O75787	Q9CYN9
O75791	O89100
O75792	Q9CWY8
O75794	Q8CII2
O75800	Q99ML0
O75807	P17564
O75808	Q9JLG8
O75815	Q9QZK2
O75817	Q9DCH2
O75818	Q8R1F9
O75820	Q8BKP2
O75821	Q9Z1D1
O75828	Q8K354
O75829	Q9Z1F6
O75830	Q9JK88
O75832	Q9Z2X2
O75838	Q9Z309
O75840	Q99JB0
O75841	Q9Z2C6
O75843	O88512
O75844	Q80W54
O75845	O88822
O75864	Q8BKR5
O75865	Q78XR0
O75874	O88844
O75879	Q99JT1
O75880	Q5SUC9
O75881	Q60991
O75882	Q9WU60
O75884	O88851
O75886	O88811
O75888	Q9D777
O75891	Q8R0Y6
O75896	Q9WVF8
O75899	Q80T41
O75900	O88676
O75901	Q8K342
O75907	Q9Z2A7
O75908	O88908
O75909	O88874
O75911	O88876
O75912	D3YWQ0
O75914	Q61036
O75915	Q8R5J9
O75916	O54828
O75923	Q9ESD7
O75925	O88907
O75928	Q8C5D8
O75934	Q9D287
O75935	Q9Z0Y1
O75936	Q924Y0
O75937	Q6NZB0
O75940	Q8BGT7
O75943	Q6NXW6
O75947	Q9DCX2
O75949	A2BDP1
O75951	Q9DA11
O75952	Q9D424
O75953	O89114
O75954	Q8BJU2
O75955	O08917
O75956	Q9CPY4
O75962	Q0KL02
O75969	O88987
O75970	Q8VBX6
O75971	Q8R2K7
O75973	O88992
O75976	O89001
O75995	Q8K352
O76003	Q9CQM9
O76013	B1AQ75
O76021	Q8BVY0
O76024	P56695
O76027	Q9JHQ0
O76031	Q9JHS4
O76036	Q8C567
O76038	Q91WD9
O76039	Q3UTQ8
O76041	Q0II04
O76050	Q923S6
O76054	Q99J08
O76061	O88452
O76062	Q71KT5
O76064	Q8VC56
O76070	Q9Z0F7
O76071	Q99KN2
O76074	Q8CG03
O76075	O54788
O76076	Q9Z0G4
O76080	O88878
O76081	Q9QZB1
O76082	Q9Z0E8
O76083	O70628
O76090	O88870
O76093	O89101
O76094	F8VQC1
O76095	O88824
O76096	O89098
O77932	O70348
O94759	Q91YD4
O94760	Q9CWS0
O94761	Q75NR7
O94762	Q8VID5
O94763	Q3TLD5
O94766	P58158
O94768	Q8BG48
O94769	Q5FW85
O94772	Q9WUC3
O94776	Q9R190
O94777	Q9Z324
O94778	P56404
O94779	P68500
O94782	Q8BJQ2
O94788	Q62148
O94804	O55098
O94805	Q99MR0
O94806	Q8K1Y2
O94808	Q9Z2Z9
O94810	Q9Z2H1
O94811	Q7TQD2
O94812	Q80TT2
O94813	Q9R1B9
O94817	Q9CQY1
O94818	P60954
O94819	Q8BNW9
O94822	Q6A009
O94823	B1AWN4
O94826	Q9CZW5
O94827	Q66T02
O94829	Q8K0C1
O94830	Q80Y98
O94832	Q5SYD0
O94842	Q8BU11
O94844	Q9DAK3
O94850	Q80TS7
O94851	Q8BML1
O94855	Q6NXL1
O94856	Q810U3
O94864	Q9CZV5
O94868	Q3USJ8
O94874	Q8CCJ3
O94875	Q3UTJ2
O94876	Q69ZZ6
O94880	Q9D4H9
O94885	P59808
O94886	Q91YT8
O94887	Q91VS8
O94888	Q6P5G6
O94889	E9Q4F2
O94898	Q52KR2
O94900	Q66JW3
O94901	Q9D666
O94903	Q9Z2Y8
O94905	Q8BFZ9
O94906	Q91YR7
O94907	O54908
O94910	Q80TR1
O94911	Q8K440
O94913	G3X9Z4
O94915	F8VQ05
O94916	Q9WV30
O94919	Q8C522
O94921	O35495
O94923	Q9EPS3
O94925	D3Z7P3
O94927	Q9D786
O94929	Q69ZX8
O94933	Q810B9
O94941	Q925F4
O94952	Q8VDH1
O94953	Q91VY5
O94955	Q9CTN4
O94956	Q8BXB6
O94964	E1U8D0
O94966	Q3UJD6
O94967	Q8CGF6
O94972	Q6PCX9
O94973	P17427
O94979	Q3UPL0
O94983	Q80Y50
O94985	Q9EPL2
O94986	A2AUM9
O94988	Q8BGI4
O94989	Q5FWH6
O94991	Q810B7
O94992	Q8R409
O94993	Q8CGW4
O95007	Q8VGW8
O95025	Q8BH34
O95045	Q8CGR7
O95049	Q9QXY1
O95050	P40936
O95057	Q91Z61
O95059	Q9CQH8
O95067	P30276
O95069	P97438
O95070	Q91XB7
O95071	Q80TP3
O95072	Q8C5S7
O95073	Q8BKE5
O95076	O70137
O95081	Q80WC7
O95084	Q9D6X6
O95096	P42586
O95104	Q7TSH6
O95125	Q8C879
O95136	P52592
O95139	Q3UIU2
O95140	Q80U63
O95147	Q9JLY7
O95149	Q80W37
O95150	Q5UBV8
O95153	Q7TNF8
O95155	Q9ES00
O95156	Q61199
O95157	Q91VX5
O95158	G3X9N5
O95159	Q9DB43
O95163	Q7TT37
O95164	Q9Z2M6
O95166	Q9DCD6
O95167	Q9CQ91
O95168	Q9CQC7
O95169	Q9D6J5
O95171	Q9EQG3
O95178	Q9CPU2
O95180	O88427
O95182	Q9Z1P6
O95183	Q9Z2P8
O95185	O08747
O95190	O08608
O95196	Q71M36
O95197	Q9ES97
O95198	Q8JZP3
O95199	Q99LJ7
O95201	P10754
O95202	Q9Z2I0
O95206	Q7TSK3
O95208	Q8CHU3
O95210	Q8C7E7
O95214	Q9CQ74
O95218	Q9R020
O95219	Q91YJ2
O95222	Q9QWU6
O95229	Q9CQU5
O95232	Q5SUF2
O95235	P97329
O95237	Q9JI60
O95238	Q9WTP3
O95243	Q9Z2D7
O95248	Q6ZPE2
O95249	O88630
O95251	Q5SVQ0
O95255	Q9R1S7
O95256	Q9Z2B1
O95257	Q9Z111
O95258	Q9Z2B2
O95259	Q60603
O95260	Q9Z2A5
O95263	E9Q4S1
O95264	Q9JHJ5
O95267	Q9Z1S3
O95271	Q6PFX9
O95273	Q3TVC7
O95274	Q91YK8
O95279	Q9JK62
O95292	Q9QY76
O95294	Q9Z268
O95295	Q9Z266
O95297	Q3TEW6
O95299	Q99LC3
O95302	Q9Z247
O95319	Q9Z0H4
O95336	Q9CQ60
O95340	O88428
O95342	Q9QY30
O95343	Q62233
O95347	Q8CG48
O95352	Q9D906
O95359	Q9JJG0
O95361	Q99PP9
O95363	Q99M01
O95365	O88939
O95371	P23275
O95372	Q9WTL7
O95373	Q9EPL8
O95376	Q9Z1K6
O95377	Q02739
O95379	Q921Z5
O95382	Q9WTR2
O95388	O54775
O95389	D3Z5L9
O95390	Q9Z1W4
O95391	Q8BHJ9
O95393	Q9R229
O95394	Q9CYR6
O95395	Q5JCT0
O95396	A2BDX3
O95398	Q8VCC8
O95399	Q9QZQ3
O95400	Q9CWK3
O95402	Q7TN02
O95405	A2A8R0
O95406	O35372
O95409	Q62520
O95415	P28662
O95416	Q04892
O95424	Q9WUQ7
O95425	Q8K4L3
O95427	Q9R1S3
O95428	Q9EPX2
O95429	Q8CI61
O95433	Q8BK64
O95436	Q9DBP0
O95445	Q9Z1R3
O95447	Q8C0X0
O95450	Q8C9W3
O95452	P70689
O95453	Q8VDG3
O95455	Q8VDR7
O95456	Q9JK23
O95460	O89029
O95461	Q9Z1M7
O95466	Q9JL26
O95470	Q8R0X7
O95471	Q9Z261
O95473	Q9Z1L2
O95475	Q9QZ28
O95476	Q3TP92
O95477	P41233
O95478	Q9CR47
O95479	Q8CFX1
O95484	Q9Z0S7
O95486	Q3U2P1
O95487	Q80ZX0
O95490	Q8JZZ7
O95497	Q9Z0K8
O95500	Q9Z0S3
O95502	Q99J85
O95503	Q9DBY5
O95528	Q8VHD6
O95544	P58058
O95551	Q9JJX7
O95561	E0CXC6
O95562	Q8VD57
O95563	Q9D023
O95568	Q9CZ09
O95571	Q9DCM0
O95573	Q9CZW4
O95600	Q8BLM0
O95602	O35134
O95613	P48725
O95619	Q9CR11
O95620	Q32M08
O95622	P84309
O95625	G5E8B9
O95628	Q8BT14
O95630	Q9CQ26
O95631	O09118
O95633	Q9EQC7
O95639	Q8BQZ5
O95644	O88942
O95665	P70310
O95670	Q9WTT4
O95672	Q9JMI0
O95674	Q99L43
O95677	Q9Z191
O95678	Q8BGZ7
O95684	Q66JX5
O95685	A2AJW4
O95696	G5E8P1
O95704	Q8R1C9
O95707	Q9CR08
O95711	O88188
O95714	Q4U2R1
O95715	Q9WUQ5
O95716	P35276
O95718	Q61539
O95721	Q9ERB0
O95727	Q149L7
O95741	Q9Z140
O95747	Q6P9R2
O95749	Q9WTN0
O95750	O35622
O95751	Q7TPY9
O95754	Q9Z123
O95755	Q8CAM5
O95757	P48722
O95758	Q8BHD7
O95759	Q9Z1A9
O95760	Q8BVZ5
O95772	Q9DCI3
O95777	Q6ZWM4
O95782	P17426
O95785	O88286
O95786	Q6Q899
O95789	Q8BS54
O95793	Q9Z108
O95800	Q6X632
O95801	Q8R3H9
O95803	Q9EQH7
O95807	Q9CXL1
O95810	Q63918
O95813	O55233
O95816	Q91YN9
O95817	Q9JLV1
O95819	P97820
O95822	Q99J39
O95825	Q921W4
O95831	Q9Z0X1
O95832	O88551
O95833	Q9D7P7
O95834	Q7TNG5
O95835	Q8BYR2
O95837	P30677
O95838	Q5IXF8
O95841	Q640P2
O95847	Q9D6D0
O95848	Q9D142
O95857	Q9D8C2
O95858	F7BWT7
O95859	Q8BKT6
O95861	Q9Z0S1
O95863	Q02085
O95864	Q9Z0R9
O95865	Q99LD8
O95866	D7PDD4
O95867	Q9Z1Q4
O95868	Q9Z1Q3
O95870	Q9Z1Q2
O95872	Q61858
O95873	Q9Z1R4
O95876	Q8C456
O95881	Q9CQU0
O95886	Q6PFD5
O95897	Q8BM13
O95900	Q91WG3
O95905	Q9CS74
O95907	O35308
O95922	Q91V51
O95925	Q9DA01
O95926	Q9D198
O95931	Q8VDS3
O95932	Q8BM11
O95935	Q9EPZ6
O95936	O54839
O95947	P70327
O95948	Q6XBJ3
O95954	Q91XD4
O95965	Q8VDV0
O95967	Q9WVJ9
O95970	Q9JIA1
O95971	O88875
O95972	Q9Z0L4
O95976	P0C6B7
O95977	Q9Z0L1
O95980	Q9Z0J1
O95983	Q9Z2D8
O95985	Q9Z321
O95989	Q9JI46
O95990	Q78TU8
O95992	Q9Z0F5
O95994	O88312
O95995	Q60779
O95996	Q9Z1K7
O95998	Q9Z0M9
O95999	Q9Z0H7
O96000	Q9DCS9
O96001	Q9Z2E4
O96004	Q64279
O96005	Q8VBZ3
O96007	Q9Z223
O96008	Q9QYA2
O96009	O09043
O96011	Q9Z210
O96013	Q8BTW9
O96014	P48615
O96015	Q9DCM4
O96017	Q9Z265
O96018	O88888
O96019	Q9Z2N8
O96020	Q9Z238
O96024	Q9Z0F0
O96028	Q8BVE8
P00156	P00158
P00167	P56395
P00338	P06151
P00367	P26443
P00374	P00375
P00387	Q9DCN2
P00390	P47791
P00395	P00397
P00403	P00405
P00414	P00416
P00439	P16331
P00441	P08228
P00450	Q61147
P00451	Q06194
P00480	P11725
P00488	Q8BH61
P00492	P00493
P00505	P05202
P00519	P00520
P00533	Q01279
P00540	P00536
P00558	P09411
P00568	Q9R0Y5
P00709	P29752
P00734	P19221
P00740	P16294
P00742	O88947
P00746	P03953
P00747	P20918
P00748	Q80YC5
P00749	P06869
P00750	P11214
P00751	P04186
P00813	P03958
P00846	P00848
P00915	P13634
P00918	P00920
P00966	P16460
P00995	P09036
P01008	P32261
P01019	P11859
P01024	P01027
P01031	P06684
P01033	P12032
P01034	P21460
P01100	P01101
P01106	P01108
P01111	P08556
P01112	Q61411
P01116	P32883
P01127	P31240
P01130	P35951
P01133	P01132
P01135	P48030
P01137	P04202
P01138	P01139
P01148	P13562
P01160	P05125
P01178	P35454
P01185	P35455
P01189	P01193
P01210	P22005
P01213	O35417
P01215	P01216
P01222	P12656
P01225	Q60687
P01236	P06879
P01258	P70160
P01266	O08710
P01270	Q9Z0L6
P01275	P55095
P01282	P32648
P01286	P16043
P01298	P10601
P01303	P57774
P01344	P09535
P01350	P48757
P01374	P09225
P01375	P06804
P01574	P01575
P01579	P01580
P01583	P01582
P01584	P10749
P01588	P07321
P01589	P01590
P01591	P01592
P01730	P06332
P01732	P01731
P01833	O70570
P01834	P01837
P01848	P01849
P01854	P06336
P01871	P01872
P02008	P06467
P02100	P02104
P02144	P04247
P02452	P11087
P02458	P28481
P02461	P08121
P02462	P02463
P02489	P24622
P02511	P23927
P02533	Q61781
P02545	P48678
P02549	P08032
P02585	P20801
P02647	Q00623
P02649	P08226
P02652	P09813
P02654	P34928
P02655	Q05020
P02656	P33622
P02671	E9PV24
P02675	Q8K0E8
P02679	Q8VCM7
P02686	P04370
P02689	P24526
P02708	P04756
P02724	P14220
P02730	P04919
P02741	P14847
P02743	P12246
P02745	P98086
P02746	P14106
P02747	Q02105
P02748	P06683
P02749	Q01339
P02750	Q91XL1
P02751	P11276
P02753	Q00724
P02760	Q07456
P02765	P29699
P02766	P07309
P02768	P07724
P02771	P02772
P02774	P21614
P02778	P17515
P02786	Q62351
P02787	Q921I1
P02788	P08071
P02790	Q91X72
P02794	P09528
P03372	P19785
P03886	P03888
P03891	P03893
P03897	P03899
P03901	P03903
P03905	P03911
P03915	P03921
P03923	P03925
P03928	P03930
P03951	Q91Y47
P03952	P26262
P03971	P27106
P03973	P97430
P03999	P51491
P04003	Q60736
P04004	P29788
P04035	Q01237
P04040	P24270
P04049	Q99N57
P04053	P09838
P04054	Q9Z0Y2
P04062	P17439
P04066	Q99LJ1
P04070	P33587
P04075	P05064
P04080	Q62426
P04083	P10107
P04085	P20033
P04114	E9Q414
P04118	Q9CQC2
P04141	P01587
P04150	P06537
P04155	Q08423
P04156	P04925
P04179	P09671
P04180	P16301
P04181	P29758
P04183	P04184
P04196	Q9ESB3
P04198	P03966
P04201	P30554
P04216	P01831
P04217	Q19LI2
P04233	P04441
P04234	P04235
P04264	P04104
P04271	P50114
P04275	Q8CIZ8
P04278	P97497
P04350	Q9D6F9
P04424	Q91YI0
P04437	A0A0B4J1K4
P04626	P70424
P04628	P04426
P04629	Q3UFB7
P04632	O88456
P04637	P02340
P04792	P14602
P04798	P00184
P04818	P07607
P04839	Q61093
P04843	Q91YQ5
P04844	Q9DBG6
P04899	P08752
P04908	C0HKE4
P04920	P13808
P04921	Q78HU7
P05019	P05017
P05023	Q8VDN2
P05026	P14094
P05060	P16014
P05062	Q91Y97
P05067	P12023
P05089	Q61176
P05090	P51910
P05091	P47738
P05093	P27786
P05106	O54890
P05107	P11835
P05108	Q9QZ82
P05109	P27005
P05111	Q04997
P05112	P07750
P05113	P04401
P05114	P18608
P05120	P12388
P05121	P22777
P05129	P63318
P05141	P51881
P05154	P70458
P05155	P97290
P05156	Q61129
P05160	Q07968
P05161	Q64339
P05162	Q9CQW5
P05164	P11247
P05165	Q91ZA3
P05166	Q99MN9
P05177	P00186
P05181	Q05421
P05186	P09242
P05198	Q6ZWX6
P05204	P09602
P05230	P61148
P05231	P08505
P05305	P22387
P05362	P13597
P05386	P47955
P05387	P99027
P05388	P14869
P05408	P12961
P05412	P05627
P05413	P11404
P05423	Q91WD1
P05452	P43025
P05455	P32067
P05496	Q9CR84
P05543	P61939
P05546	P49182
P05549	P34056
P05556	P09055
P05771	P68404
P05783	P05784
P05787	P11679
P05813	P02525
P05814	P10598
P05937	P12658
P05976	P05977
P05981	O35453
P05997	Q3U962
P06127	P13379
P06132	P70697
P06213	P15208
P06239	P06240
P06241	P39688
P06276	Q03311
P06280	P51569
P06307	P09240
P06340	Q9QWV1
P06396	P13020
P06400	P13405
P06401	Q00175
P06454	P26350
P06493	P11440
P06576	P56480
P06681	P21180
P06702	P31725
P06703	P14069
P06727	P06728
P06729	P08920
P06730	P63073
P06732	P07310
P06733	P17182
P06734	P20693
P06737	Q9ET01
P06744	P06745
P06746	Q8K409
P06748	Q61937
P06753	P21107
P06756	P43406
P06850	Q8CIT0
P06858	P11152
P06865	P29416
P07093	Q07235
P07098	Q9CPP7
P07099	Q9D379
P07101	P24529
P07108	P31786
P07148	P12710
P07195	P16125
P07196	P08551
P07197	P08553
P07199	P27790
P07202	P35419
P07203	P11352
P07204	P15306
P07225	Q08761
P07237	P09103
P07305	P10922
P07306	P34927
P07307	P24721
P07311	P56376
P07315	Q61597
P07316	P04344
P07332	P16879
P07333	P09581
P07339	P18242
P07357	Q8K182
P07358	Q8BH35
P07359	O35930
P07360	Q8VCG4
P07384	O35350
P07437	P99024
P07451	P16015
P07476	P48997
P07492	Q8R1I2
P07498	P06796
P07510	P04760
P07550	P18762
P07585	P28654
P07602	Q61207
P07686	P20060
P07737	P62962
P07738	P15327
P07741	P08030
P07766	P22646
P07814	Q8CGC7
P07858	P10605
P07900	P07901
P07902	Q03249
P07910	Q9Z204
P07911	Q91X17
P07942	P02469
P07947	Q04736
P07948	P25911
P07949	P35546
P07951	P58774
P07954	P97807
P07988	P50405
P07992	P07903
P07996	P35441
P07998	P00683
P08034	P28230
P08047	O89090
P08069	Q60751
P08100	P15409
P08118	O08540
P08123	Q01149
P08133	P14824
P08134	Q62159
P08138	Q9Z0W1
P08151	P47806
P08172	Q9ERZ4
P08173	P32211
P08183	P21447
P08185	Q06770
P08195	P10852
P08235	Q8VII8
P08236	P12265
P08237	P47857
P08238	P11499
P08240	Q9DBG7
P08243	Q61024
P08246	Q3UP87
P08247	Q62277
P08253	P33434
P08254	P28862
P08294	O09164
P08311	P28293
P08319	Q9QYY9
P08397	P22907
P08473	Q61391
P08476	Q04998
P08493	P19788
P08514	Q9QUM0
P08559	P35486
P08567	Q9JHK5
P08571	P10810
P08572	P08122
P08574	Q9D0M3
P08575	P06800
P08579	Q9CQI7
P08581	P16056
P08582	Q9R0R1
P08588	P34971
P08590	P09542
P08603	P06909
P08620	P11403
P08621	Q62376
P08631	P08103
P08648	P11688
P08651	P70255
P08670	P20152
P08686	P03940
P08697	Q61247
P08708	P63276
P08709	P70375
P08727	P19001
P08729	Q9DCV7
P08754	Q9DC51
P08758	P48036
P08779	Q9Z2K1
P08833	P47876
P08842	P50427
P08865	P14206
P08887	P22272
P08908	Q64264
P08910	Q9QXM0
P08912	Q920H4
P08913	Q01338
P08922	Q78DX7
P08949	Q9CR53
P08962	P41731
P08F94	E9PZ36
P09001	Q99N95
P09012	Q62189
P09016	P10628
P09017	Q08624
P09038	P15655
P09067	P09079
P09086	Q00196
P09104	P17183
P09131	P21129
P09132	Q9D7A6
P09172	Q64237
P09234	Q62241
P09237	Q10738
P09238	O55123
P09326	P18181
P09327	Q62468
P09382	P16045
P09417	Q8BVI4
P09429	P63158
P09430	P10856
P09455	Q00915
P09467	Q9QXD6
P09471	P18872
P09486	P07214
P09493	P58771
P09496	O08585
P09497	Q6IRU5
P09525	P97429
P09529	Q04999
P09543	P16330
P09544	P21552
P09564	P50283
P09601	P14901
P09603	P07141
P09619	P05622
P09622	O08749
P09629	P09024
P09630	P10629
P09661	P57784
P09668	P49935
P09669	Q9CPQ1
P09681	P48756
P09683	Q08535
P09693	P11942
P09758	Q8BGV3
P09769	P14234
P09848	F8VPT3
P09874	P11103
P09884	P33609
P09913	Q64112
P09917	P48999
P09919	P09920
P09936	Q9R0P9
P09958	P23188
P09960	P24527
P09972	P05063
P0C024	Q99P30
P0C025	Q9CWD3
P0C091	Q5H8B9
P0C0P6	P0C0P8
P0C0S5	P0C0S6
P0C1S8	Q66JT0
P0C1Z6	Q3U1J1
P0C221	E9PVB3
P0C263	P0C5K1
P0C264	P0C5K0
P0C2L3	Q8BUM6
P0C2S0	Q3URE8
P0C2W1	Q8K3B1
P0C626	Q8VF76
P0C628	Q7TS40
P0C671	Q8CC96
P0C6A0	Q1WG82
P0C6C1	Q8BLB8
P0C6S8	Q6GQU6
P0C6T2	Q99LX8
P0C7I6	Q8C963
P0C7L1	Q09TK9
P0C7M7	Q80W40
P0C7M8	P0C7M9
P0C7N1	Q8VFL0
P0C7P0	B1AR13
P0C7P3	V9GXG1
P0C7T5	P0C7T6
P0C7T8	Q3UNB8
P0C7U0	Q8C8T7
P0C7W0	B1ARI9
P0C7W6	Q810N9
P0C7X2	E9Q5M9
P0C851	Q8BFY0
P0C869	P0C871
P0C870	P0C872
P0C875	Q497Q6
P0C8F1	Q09098
P0CAP1	Q3UIJ9
P0CAP2	Q6P6I6
P0CB38	G5E8X2
P0CG01	Q9D0T7
P0CG12	P0CG14
P0CG13	P0CG15
P0CG20	E0CXQ2
P0CG21	Q3UP44
P0CG40	Q64HY3
P0CG48	P0CG50
P0CJ74	J3QJY3
P0CJ78	Q3U3I9
P0CK96	Q8C811
P0CW18	F2YMG0
P0CW23	G3UWD5
P0CW27	S4R181
P0DH78	Q3UIW8
P0DI80	Q3U0I6
P0DJ07	P0DJE0
P0DJ93	E9Q942
P0DJG4	Q9DA15
P0DJH9	B2RV38
P0DJR0	E9PW74
P0DKB5	Q8C013
P0DKL9	Q3UKZ7
P0DKX4	J3QNP2
P0DL12	A0A504
P0DMC3	P0DMC4
P0DMQ5	A0A1L1STD6
P0DMQ9	D3YUR1
P0DMS8	Q61618
P0DMS9	G3X8R9
P0DMT0	Q9CV60
P0DMW3	E9Q3K4
P0DN84	P0DN83
P0DO92	A0A1D5RM53
P0DO97	E9PYL8
P0DP57	P0DP59
P0DP58	P0DP60
P0DP72	A0A140LHF2
P0DPA2	Q6P3A4
P0DPB6	P97304
P0DPD7	P0DPE0
P0DPD8	P0DPD9
P0DPE3	A0A1Y7VIT9
P0DTE4	Q80X89
P0DTE5	Q6PDD0
P0DTF9	D3YUK8
P0DTL5	P0DW86
P0DTL6	P0DW87
P0DV60	A0A0A6YVV1
P10070	Q0VGT2
P10071	Q61602
P10073	Q8BGS5
P10074	Q1H9T6
P10082	Q9EPS2
P10092	Q99MP3
P10109	P46656
P10114	Q80ZJ1
P10124	P13609
P10144	P04187
P10155	O08848
P10176	Q64445
P10242	P06876
P10243	P51960
P10244	P48972
P10253	P70699
P10275	P19091
P10276	P11416
P10301	P10833
P10323	P23578
P10398	P04627
P10415	P10417
P10451	P10923
P10515	Q8BMF4
P10523	P20443
P10586	A2A8L5
P10588	P43136
P10589	Q60632
P10599	P10639
P10600	P17125
P10606	P19536
P10619	P16675
P10620	Q91VS7
P10636	P10637
P10643	D3YXF5
P10644	Q9DBC7
P10645	P26339
P10646	O54819
P10721	P05532
P10745	P49194
P10746	P51163
P10747	P31041
P10767	P21658
P10768	Q9R0P3
P10809	P63038
P10826	P22605
P10827	P63058
P10828	P37242
P10909	Q06890
P10911	Q8BLE2
P10912	P16882
P10914	P15314
P10915	Q9QUP5
P10916	P51667
P10997	P12968
P11021	P20029
P11047	P02468
P11049	Q61470
P11055	P13541
P11086	P40935
P11117	P24638
P11137	P20357
P11142	P63017
P11150	P27656
P11161	P08152
P11166	P17809
P11168	P14246
P11171	P48193
P11172	P13439
P11177	Q9D051
P11182	P53395
P11215	P05555
P11216	Q8CI94
P11217	Q9WUB3
P11226	P41317
P11229	P12657
P11230	P09690
P11233	P63321
P11234	Q9JIW9
P11274	Q6PAJ1
P11277	P15508
P11279	P11438
P11308	P81270
P11309	P06803
P11310	P45952
P11362	P16092
P11387	Q04750
P11388	Q01320
P11413	Q00612
P11441	P21126
P11473	P48281
P11474	O08580
P11487	P05524
P11488	P20612
P11498	Q05920
P11511	P28649
P11532	P11531
P11586	Q922D8
P11678	P49290
P11684	Q06318
P11686	P21841
P11717	Q07113
P11766	P28474
P11801	Q91YA2
P11802	P30285
P11831	Q9JM73
P11836	P19437
P11844	P04345
P11908	Q9CS42
P11912	P11911
P11926	P00860
P11940	P29341
P12004	P17918
P12034	P15656
P12036	P19246
P12074	P43024
P12081	Q61035
P12104	P55050
P12107	Q61245
P12109	Q04857
P12110	Q02788
P12111	E9PWQ3
P12235	P48962
P12259	O88783
P12268	P24547
P12270	F6ZDS4
P12271	Q9Z275
P12272	P22858
P12273	P02816
P12277	Q04447
P12314	P26151
P12319	P20489
P12429	O35639
P12524	P10166
P12532	P30275
P12544	P11032
P12643	P21274
P12644	P21275
P12645	Q8BHE5
P12694	P50136
P12755	Q60698
P12757	Q60665
P12814	Q7TPR4
P12821	P09470
P12829	P09541
P12830	P09803
P12882	Q5SX40
P12883	Q91Z83
P12931	P05480
P12955	Q11136
P12956	P23475
P12980	P27792
P13010	P27641
P13051	P97931
P13056	Q505F1
P13073	P19783
P13196	Q8VC19
P13224	P56400
P13232	P10168
P13284	Q9ESY9
P13349	P24699
P13378	P23463
P13473	P17047
P13489	Q91VI7
P13497	P98063
P13498	Q61462
P13500	Q62401
P13501	P30882
P13521	Q03517
P13533	Q02566
P13535	P13542
P13569	P26361
P13584	Q64462
P13591	P13595
P13598	P35330
P13611	Q62059
P13612	Q00651
P13631	P18911
P13637	Q6PIC6
P13639	P58252
P13645	P02535
P13646	P08730
P13647	Q922U2
P13667	P08003
P13671	E9Q6D8
P13674	Q60715
P13682	G3X9I0
P13686	Q05117
P13693	P63028
P13716	P10518
P13725	P53347
P13726	P20352
P13727	Q61878
P13765	O35424
P13796	Q61233
P13797	Q99K51
P13798	Q8R146
P13804	Q99LC5
P13805	O88346
P13807	Q9Z1E4
P13861	P12367
P13866	Q8C3K6
P13929	P21550
P13942	Q64739
P13945	P25962
P13984	Q8R0A0
P13994	Q9D516
P13995	P18155
P14061	P51656
P14091	P70269
P14136	P03995
P14138	P48299
P14151	P18337
P14174	P34884
P14210	Q08048
P14222	P10820
P14314	O08795
P14316	P23906
P14317	P49710
P14324	Q920E5
P14373	Q62158
P14384	Q80V42
P14410	F8VQM5
P14415	P14231
P14416	P61168
P14543	P10493
P14550	Q9JII6
P14555	P31482
P14616	Q9WTL4
P14618	P52480
P14621	P56375
P14625	P08113
P14635	P24860
P14649	Q8CI43
P14651	P09026
P14652	P0C1T1
P14653	P17919
P14672	P14142
P14678	P27048
P14679	P11344
P14735	Q9JHR7
P14770	O88186
P14778	P13504
P14780	P41245
P14784	P16297
P14854	P56391
P14859	P25425
P14866	Q8R081
P14867	P62812
P14868	Q922B2
P14902	P28776
P14920	P18894
P14921	P27577
P14923	Q02257
P14927	Q9D855
P15018	P09056
P15036	P15037
P15056	P28028
P15085	Q7TPZ8
P15086	B2RS76
P15088	P15089
P15090	P04117
P15104	P15105
P15121	P45376
P15144	P97449
P15153	Q05144
P15169	Q9JJN5
P15172	P10085
P15173	P12979
P15248	P15247
P15259	O70250
P15260	P15261
P15289	P50428
P15291	P15535
P15309	Q8CE08
P15311	P26040
P15313	Q91YH6
P15328	P35846
P15336	P16951
P15374	Q9JKB1
P15391	P25918
P15407	P48755
P15408	P47930
P15428	Q8VCC1
P15498	P27870
P15509	Q00941
P15514	P31955
P15529	O88174
P15531	P15532
P15559	Q64669
P15586	Q8BFR4
P15622	Q7TNU6
P15692	Q00731
P15735	Q9DB30
P15822	Q03172
P15848	P50429
P15863	P09084
P15880	P25444
P15882	Q91V57
P15884	Q60722
P15907	Q64685
P15918	P15919
P15923	P15806
P15924	E9Q557
P15927	Q62193
P15941	Q02496
P15954	P17665
P15976	P17679
P16035	P25785
P16050	P39654
P16066	P18293
P16070	P15379
P16083	Q9JI75
P16104	P27661
P16109	Q01102
P16112	Q61282
P16118	P70266
P16144	A2A863
P16150	P15702
P16152	P48758
P16157	Q02357
P16219	Q07417
P16220	Q01147
P16233	Q6P8U6
P16234	P26618
P16260	Q8C0K5
P16278	P23780
P16284	Q08481
P16298	P48453
P16333	Q99M51
P16383	Q8BKT3
P16389	P63141
P16410	P09793
P16422	Q99JW5
P16435	P37040
P16442	P38649
P16444	P31428
P16452	P49222
P16455	P26187
P16471	Q08501
P16473	P47750
P16499	P27664
P16519	P21661
P16520	Q61011
P16562	P16563
P16581	Q00690
P16591	P70451
P16615	O55143
P16671	Q08857
P16870	Q00493
P16871	P16872
P16885	Q8CIH5
P16930	P35505
P16949	P54227
P16989	Q9JKB3
P17010	P17012
P17014	Q7TSI0
P17022	Q810A1
P17025	Q6P560
P17026	Q9ERU3
P17027	A0A1D5RMC2
P17028	Q91VN1
P17029	Q8BGS3
P17030	Q8BIS1
P17036	Q8C689
P17040	B2KFW1
P17041	Q80V23
P17050	Q9QWR8
P17081	Q8R527
P17096	P17095
P17097	Q3TFZ4
P17098	Q8BGV5
P17152	Q8BK08
P17174	P05201
P17181	P33896
P17213	Q67E05
P17252	P20444
P17275	P09450
P17301	Q62469
P17302	P23242
P17342	P70180
P17405	Q04519
P17480	P25976
P17481	P09632
P17482	P20615
P17483	P10284
P17509	P09023
P17535	P15066
P17540	Q6P8J7
P17542	P22091
P17544	Q8R0S1
P17568	Q9CR61
P17600	O88935
P17612	P05132
P17643	P07147
P17655	O08529
P17658	Q61923
P17661	P31001
P17676	P28033
P17677	P06837
P17706	Q06180
P17735	Q8QZR1
P17752	P17532
P17787	Q9ERK7
P17812	P70698
P17813	Q63961
P17844	Q61656
P17858	P12382
P17861	O35426
P17900	Q60648
P17931	P16110
P17936	P47878
P17947	P17433
P17948	P35969
P17980	O88685
P17987	P11983
P18031	P35821
P18054	P39655
P18065	P47877
P18074	O08811
P18075	P23359
P18077	O55142
P18084	O70309
P18085	P61750
P18089	P30545
P18124	P14148
P18146	P08046
P18206	Q64727
P18283	Q9JHC0
P18405	Q68FF9
P18428	Q61805
P18433	P18052
P18440	P50295
P18505	P50571
P18507	P22723
P18509	O70176
P18510	P25085
P18545	P09174
P18564	Q9Z0T9
P18583	Q9QX47
P18615	P19426
P18621	Q9CPR4
P18627	Q61790
P18669	Q9DBJ1
P18754	Q8VE37
P18825	Q01337
P18827	P18828
P18846	P81269
P18847	Q60765
P18848	Q06507
P18850	F6VAN0
P18858	P37913
P18859	P97450
P18887	Q60596
P19012	Q61414
P19013	P07744
P19021	P97467
P19022	P15116
P19075	Q8R3G9
P19086	O70443
P19087	P50149
P19113	P23738
P19174	Q62077
P19235	P14753
P19237	Q9WUZ5
P19320	P29533
P19338	P09405
P19367	P17710
P19387	P97760
P19388	Q80UW8
P19397	Q61451
P19404	Q9D6J6
P19419	P41969
P19429	P48787
P19438	P25118
P19447	P49135
P19474	Q62191
P19484	Q9R210
P19525	Q03963
P19526	O09160
P19532	Q64092
P19544	P22561
P19622	P09066
P19623	Q64674
P19634	Q61165
P19784	O54833
P19793	P28700
P19801	Q8JZQ5
P19823	Q61703
P19827	Q61702
P19835	Q64285
P19838	P25799
P19878	O70145
P19883	P47931
P19971	Q99N42
P20020	G5E829
P20023	P19070
P20042	Q99L45
P20062	O88968
P20073	Q07076
P20132	Q8VBT2
P20138	Q63994
P20142	Q9D7R7
P20155	Q8BMY7
P20226	P29037
P20248	P51943
P20264	P31361
P20265	P31360
P20273	P35329
P20290	Q64152
P20292	P30355
P20309	Q9ERZ3
P20333	P25119
P20336	P63011
P20337	Q9CZT8
P20338	P56371
P20339	Q9CQD1
P20340	P35279
P20366	P41539
P20382	P56942
P20393	Q3UV55
P20396	Q62361
P20472	P32848
P20585	P13705
P20591	Q9WVP9
P20594	Q6VVW5
P20618	O09061
P20645	P24668
P20648	Q64436
P20674	P12787
P20700	P14733
P20701	P24063
P20702	Q9QXH4
P20711	O88533
P20719	P09021
P20749	Q9Z2F6
P20774	Q62000
P20783	P20181
P20794	Q04859
P20800	P22389
P20807	Q64691
P20809	P47873
P20810	P51125
P20823	P22361
P20827	P52793
P20839	P50096
P20849	Q05722
P20908	O88207
P20916	P20917
P20929	A0A571BF58
P20933	Q64191
P20936	E9PYG6
P20941	Q9QW08
P20962	Q9D0J8
P20963	P24161
P21128	Q3V188
P21145	O09198
P21246	P63089
P21266	P48774
P21281	P62814
P21283	Q9Z1G3
P21291	P97315
P21333	Q8BTM8
P21359	Q04690
P21397	Q64133
P21399	P28271
P21439	P21440
P21452	P30549
P21453	O08530
P21462	P33766
P21549	O35423
P21554	P47746
P21579	P46096
P21580	Q60769
P21583	P20826
P21589	Q61503
P21673	P48026
P21675	Q80UV9
P21695	P13707
P21709	Q60750
P21728	Q61616
P21730	P30993
P21731	P30987
P21741	P12025
P21754	P10761
P21757	P30204
P21781	P36363
P21796	Q60932
P21802	P21803
P21810	P28653
P21815	Q61711
P21817	E9PZQ0
P21854	P21855
P21860	Q61526
P21912	Q9CQA3
P21917	P51436
P21918	Q8BLD9
P21926	P40240
P21941	P51942
P21953	Q6P3A8
P21964	O88587
P21980	P21981
P22001	P16390
P22003	P49003
P22004	P20722
P22033	P16332
P22059	Q3B7Z2
P22061	P23506
P22079	Q5SW46
P22083	Q11127
P22087	P35550
P22102	Q64737
P22105	A0A5F8MPH8
P22223	P10287
P22234	Q9DCL9
P22301	P18893
P22303	P21836
P22304	Q08890
P22307	P32020
P22309	Q63886
P22314	Q02053
P22352	P46412
P22362	P10146
P22392	Q01768
P22413	P06802
P22415	Q61069
P22455	Q03142
P22459	Q61423
P22460	Q61762
P22466	P47212
P22492	Q07133
P22557	P08680
P22570	Q61578
P22607	Q61851
P22626	O88569
P22670	P48377
P22674	P0C242
P22676	Q08331
P22680	Q64505
P22681	P22682
P22692	P47879
P22694	P68181
P22695	Q9DB77
P22732	Q9WV38
P22735	Q9JLF6
P22736	P12813
P22748	Q64444
P22760	Q99PG0
P22792	Q9DBB9
P22794	P20934
P22830	P22315
P22888	P30730
P22891	Q9CQW3
P22894	O70138
P22897	Q61830
P22914	O35486
P23025	Q64267
P23109	Q3V1D3
P23141	Q8VCT4
P23142	Q08879
P23193	P10711
P23219	P22437
P23229	Q61739
P23246	Q8VIJ6
P23258	P83887
P23276	Q9EQF2
P23280	P18761
P23284	P24369
P23297	P56565
P23327	G5E8J6
P23368	Q99KE1
P23378	Q91W43
P23381	P32921
P23396	P62908
P23409	P15375
P23415	Q64018
P23416	Q7TNC8
P23434	Q91WK5
P23435	Q9R171
P23443	Q8BSK8
P23458	P52332
P23467	B2RU80
P23468	Q64487
P23469	P49446
P23470	Q05909
P23471	B9EKR1
P23508	G3UW40
P23510	P43488
P23511	P23708
P23515	Q63912
P23526	P50247
P23528	P18760
P23560	P21237
P23582	Q61839
P23588	Q8BGD9
P23610	Q00558
P23634	Q6Q477
P23677	Q8R071
P23743	O88673
P23759	P47239
P23760	P24610
P23763	Q62442
P23769	O09100
P23771	P23772
P23786	P52825
P23919	P97930
P23921	P07742
P23942	P15499
P23945	P35378
P23946	P21844
P23975	O55192
P24043	Q60675
P24046	P56475
P24158	Q61096
P24278	G3UW50
P24298	Q8QZR5
P24310	P56392
P24311	P56393
P24347	Q02853
P24385	P25322
P24386	Q9QXG2
P24387	Q60571
P24390	Q99JH8
P24394	P16382
P24468	P43135
P24522	P48316
P24530	P48302
P24534	O70251
P24539	Q9CQQ7
P24557	P36423
P24588	D3YVF0
P24592	P47880
P24593	Q07079
P24666	Q9D358
P24723	P23298
P24752	Q8QZT1
P24821	Q80YX1
P24844	Q9CQ19
P24855	P49183
P24863	Q62447
P24864	Q61457
P24903	P33267
P24928	P08775
P24941	P97377
P25021	P97292
P25025	P35343
P25054	Q61315
P25063	P24807
P25067	P25318
P25092	Q3UWA6
P25098	Q99MK8
P25100	P97714
P25101	Q61614
P25103	P30548
P25105	Q62035
P25106	P56485
P25116	P30558
P25189	P27573
P25205	P25206
P25208	P63139
P25311	Q64726
P25325	Q99J99
P25391	P19137
P25398	P63323
P25440	Q7JJ13
P25445	P25446
P25490	Q00899
P25685	Q9QYJ3
P25686	Q9QYI5
P25705	Q03265
P25713	P28184
P25774	O70370
P25786	Q9R1P4
P25787	P49722
P25788	O70435
P25789	Q9R1P0
P25791	P25801
P25800	Q924W9
P25874	P12242
P25929	Q04573
P25940	Q9JLI2
P25942	P27512
P25963	Q9Z1E3
P26006	Q62470
P26010	P26011
P26012	Q0VBD0
P26022	P48759
P26038	P26041
P26045	A2ALK8
P26196	P54823
P26232	Q61301
P26358	P13864
P26367	P63015
P26368	P26369
P26373	P47963
P26374	Q9QZD5
P26378	Q61701
P26436	P50289
P26440	Q9JHI5
P26441	P51642
P26447	P07091
P26572	P27808
P26583	P30681
P26599	P17225
P26639	Q9D0R2
P26640	Q9Z1Q9
P26641	Q9D8N0
P26651	P22893
P26678	P61014
P26718	O54709
P26842	P41272
P26885	P45878
P26927	P26928
P26951	P26952
P26992	O88507
P26998	Q9JJU9
P27037	P27038
P27105	P54116
P27169	P52430
P27216	Q99JG3
P27338	Q8BW75
P27348	P68254
P27352	P52787
P27361	Q63844
P27448	Q03141
P27449	P63082
P27469	Q61585
P27482	Q9D6P8
P27487	P28843
P27539	P20863
P27540	P53762
P27544	P27545
P27635	Q6ZWV3
P27658	Q00780
P27694	Q8VEE4
P27695	P28352
P27701	P40237
P27707	P43346
P27708	B2RQC6
P27797	P14211
P27815	O89084
P27816	P27546
P27824	P35564
P27918	P11680
P27930	P27931
P27986	P26450
P27987	B2RXC2
P28039	O35298
P28062	P28063
P28065	P28076
P28066	Q9Z2U1
P28067	P28078
P28069	Q00286
P28070	P99026
P28072	Q60692
P28074	O55234
P28221	Q61224
P28222	P28334
P28223	P35363
P28288	P55096
P28289	P49813
P28290	Q922B9
P28300	P28301
P28324	P41158
P28328	P55098
P28329	Q03059
P28330	P51174
P28331	Q91VD9
P28335	P34968
P28336	O54799
P28340	P52431
P28347	P30051
P28356	P28357
P28358	P28359
P28360	P13297
P28370	Q6PGB8
P28472	P63080
P28476	P56476
P28482	P63085
P28562	P28563
P28676	Q8VC88
P28698	A1L358
P28702	P28704
P28715	P35689
P28749	Q64701
P28799	P28798
P28827	P28828
P28838	Q9CPY7
P28845	P50172
P28906	Q64314
P28907	P56528
P28908	Q60846
P29033	Q00977
P29074	Q9WU22
P29083	Q9D0D5
P29084	Q9D902
P29120	P63239
P29122	F6XJP7
P29144	Q64514
P29218	O55023
P29274	Q60613
P29275	Q60614
P29279	P29268
P29317	Q03145
P29320	P29319
P29322	O09127
P29323	P54763
P29350	P29351
P29353	P98083
P29371	P47937
P29372	Q04841
P29373	P22935
P29374	F8VPQ2
P29375	Q3UXZ9
P29376	P08923
P29377	P97816
P29400	Q63ZW6
P29401	P40142
P29459	P43431
P29460	P43432
P29466	P29452
P29474	P70313
P29475	Q9Z0J4
P29536	Q8BVA4
P29558	Q91W59
P29590	Q60953
P29597	Q9R117
P29692	P57776
P29728	E9Q9A9
P29762	P62965
P29965	P27548
P29966	P26645
P29972	Q02013
P29973	P29974
P29992	P21278
P30038	Q8CHT0
P30040	P57759
P30041	O08709
P30043	Q923D2
P30044	P99029
P30047	P99025
P30048	P20108
P30049	Q9D3D9
P30050	P35979
P30084	Q8BH95
P30085	Q9DBP5
P30086	P70296
P30101	P27773
P30153	Q76MZ3
P30154	Q7TNP2
P30203	Q61003
P30260	A2A6Q5
P30273	P20491
P30279	P30280
P30281	P30282
P30291	P47810
P30301	P51180
P30304	P48964
P30305	P30306
P30307	P48967
P30405	Q99KR7
P30408	Q64302
P30411	P32299
P30414	P30415
P30419	O70310
P30518	O88721
P30519	O70252
P30520	P46664
P30530	Q00993
P30531	P31648
P30532	Q2MKA5
P30533	P55302
P30536	P50637
P30542	Q60612
P30550	P21729
P30556	P29754
P30559	P97926
P30566	P54822
P30613	P53657
P30622	Q922J3
P30626	Q6P069
P30679	P30678
P30711	Q64471
P30793	Q05915
P30825	Q09143
P30837	Q9CZS1
P30838	P47739
P30872	P30873
P30874	P30875
P30876	Q8CFI7
P30926	Q8R493
P30939	Q02284
P30954	A0A140T8J6
P30968	Q01776
P30988	Q60755
P30989	O88319
P30990	Q9D3P9
P31040	Q8K2B3
P31146	O89053
P31150	P50396
P31152	Q6P5G0
P31153	Q3THS6
P31213	Q99N99
P31249	P09027
P31260	P31310
P31267	P09092
P31268	P02830
P31269	P09631
P31270	P31311
P31271	Q62424
P31273	P09025
P31274	P09633
P31275	Q8K5B8
P31276	P50207
P31277	P23813
P31314	P43345
P31321	P12849
P31323	P31324
P31327	Q8C196
P31350	P11157
P31371	P54130
P31391	P49660
P31415	O09165
P31431	O35988
P31483	P52912
P31512	Q8VHG0
P31513	P97501
P31629	Q3UHF7
P31639	Q923I7
P31641	O35316
P31644	Q8BHJ7
P31645	Q60857
P31689	P63037
P31749	P31750
P31751	Q60823
P31785	P34902
P31930	Q9CZ13
P31937	Q99L13
P31939	Q9CWJ9
P31942	D3Z3N4
P31943	O35737
P31944	O89094
P31946	Q9CQV8
P31947	O70456
P31948	Q60864
P31949	P50543
P32004	P11627
P32019	Q8K337
P32119	Q61171
P32121	Q91YI4
P32189	Q64516
P32238	O08786
P32239	P56481
P32241	P97751
P32242	P80205
P32243	P80206
P32245	P56450
P32246	P51675
P32247	O54798
P32248	P47774
P32249	Q3U6B2
P32297	Q8R4G9
P32298	O70291
P32302	Q04683
P32314	E9Q7L6
P32320	P56389
P32321	Q8K2D6
P32322	Q922W5
P32418	P70414
P32519	Q60775
P32745	P30935
P32754	P49429
P32780	Q9DBA9
P32856	Q00262
P32926	O35902
P32929	Q8VCN5
P32970	O55237
P32971	P32972
P33032	P41149
P33076	P79621
P33121	P41216
P33151	P55284
P33176	Q61768
P33240	Q8BIQ5
P33241	P19973
P33316	Q9CQ43
P33402	F8VQK3
P33527	O35379
P33552	P56390
P33681	Q00609
P33763	P63084
P33764	P62818
P33897	P48410
P33908	P45700
P33947	Q9CQM2
P33981	P35761
P33991	P49717
P33992	P49718
P33993	Q61881
P34059	Q571E4
P34096	Q9JJH1
P34130	Q80VU4
P34741	P43407
P34810	P31996
P34896	P50431
P34897	Q9CZN7
P34903	P26049
P34910	Q8VD58
P34913	P34914
P34925	Q01887
P34931	P16627
P34932	Q61316
P34947	Q8VEB1
P34949	Q924M7
P34969	P32304
P34972	P47936
P34981	P21761
P34982	Q7TRW7
P34995	P35375
P34998	P35347
P35052	Q9QZF2
P35070	Q05928
P35080	Q9JJV2
P35212	P28235
P35218	P23589
P35219	P28651
P35221	P26231
P35222	Q02248
P35225	P20109
P35226	P25916
P35227	P23798
P35228	P29477
P35232	P67778
P35236	Q8BUM3
P35240	P46662
P35241	P26043
P35243	P34057
P35244	Q9CQ71
P35247	P50404
P35249	Q99J62
P35250	Q9WUK4
P35251	P35601
P35268	P67984
P35269	Q3THK3
P35270	Q64105
P35318	P97297
P35346	O08858
P35348	P97718
P35354	Q05769
P35367	P70174
P35368	P97717
P35372	P42866
P35398	P51448
P35408	P32240
P35414	Q9WV08
P35442	Q03350
P35443	Q9Z1T2
P35452	P23812
P35453	P70217
P35462	P30728
P35475	P48441
P35498	A2APX8
P35499	Q9ER60
P35520	Q91WT9
P35523	Q64347
P35527	Q6RHW0
P35542	P31532
P35548	Q03358
P35555	Q61554
P35556	Q61555
P35557	P52792
P35558	Q9Z2V4
P35568	P35569
P35573	F8VPN4
P35575	P35576
P35579	Q8VDD5
P35580	Q61879
P35590	Q06806
P35606	O55029
P35609	Q9JI91
P35610	Q61263
P35611	Q9QYC0
P35612	Q9QYB8
P35613	P18572
P35625	P39876
P35626	Q3UYH7
P35637	P56959
P35638	P35639
P35658	Q80U93
P35659	Q7TNV0
P35663	A0A1B0GR13
P35670	Q64446
P35680	P27889
P35711	P35710
P35712	P40645
P35713	P43680
P35716	Q7M6Y2
P35749	O08638
P35754	Q9QUH0
P35790	O54804
P35813	P49443
P35858	P70389
P35869	P30561
P35900	Q9D312
P35913	P23440
P35914	P38060
P35916	P35917
P35968	P35918
P35998	P46471
P36021	O70324
P36222	Q61362
P36269	Q9Z2A9
P36382	Q01231
P36383	P28229
P36402	Q00417
P36404	Q9D0J4
P36405	Q9WUL7
P36406	Q8BGX0
P36507	Q63932
P36508	Q8BMU0
P36542	Q91VR2
P36543	P50518
P36544	P49582
P36551	P36552
P36575	Q9EQP6
P36578	Q9D8E6
P36639	P53368
P36776	Q8CGK3
P36871	Q9D0F9
P36873	P63087
P36888	Q00342
P36894	P36895
P36896	Q61271
P36897	Q64729
P36915	P36916
P36941	P50284
P36952	P70124
P36954	P60898
P36955	P97298
P36956	Q9WTN3
P36957	Q9D2G2
P36959	Q9DCZ1
P36969	O70325
P37023	Q61288
P37058	P70385
P37059	P51658
P37088	Q61180
P37108	P16254
P37173	Q62312
P37198	Q63850
P37231	P37238
P37235	P62748
P37268	P53798
P37275	Q64318
P37287	Q64323
P37288	Q62463
P37802	Q9WVA4
P37837	Q93092
P37840	O55042
P38117	Q9DCW4
P38159	Q9WV02
P38398	P48754
P38405	Q8CGK7
P38432	Q5SU73
P38435	Q9QYC7
P38484	Q63953
P38567	Q812F3
P38570	Q60677
P38571	Q9Z0M5
P38606	P50516
P38646	P38647
P38919	Q91VC3
P38935	P40694
P38936	P39689
P39019	Q9CZX8
P39023	P27659
P39059	O35206
P39060	P39061
P39086	Q60934
P39210	P19258
P39656	O54734
P39748	P39749
P39877	P97391
P39880	P53564
P39900	P34960
P39905	P48540
P40121	P24452
P40123	Q9CYT6
P40126	P29812
P40145	P97490
P40189	Q00560
P40197	O08742
P40200	Q3U0X8
P40222	Q6PAM1
P40225	P40226
P40227	P80317
P40238	Q08351
P40259	P15530
P40261	O55239
P40305	Q8C6G0
P40306	O35955
P40313	Q9ER05
P40337	P40338
P40394	Q64437
P40424	P41778
P40425	O35984
P40426	O35317
P40429	P19253
P40616	P61211
P40617	P61213
P40692	Q9JK91
P40763	P42227
P40818	Q80U87
P40855	Q8VCI5
P40879	Q9WVC8
P40925	P14152
P40926	P08249
P40933	P48346
P40937	Q9D0F6
P40938	Q8R323
P40939	Q8BMS1
P40967	Q60696
P41002	P51944
P41091	Q9Z0N1
P41134	P20067
P41143	P32300
P41145	P33534
P41146	P35377
P41159	P41160
P41161	Q9CXC9
P41162	Q8R4Z4
P41180	Q9QY96
P41181	P56402
P41182	P41183
P41208	Q9R1K9
P41212	P97360
P41214	Q61211
P41217	O54901
P41219	P15331
P41220	O08849
P41221	P22725
P41222	O09114
P41223	Q6PGH1
P41225	P53784
P41226	Q9DBK7
P41227	Q9QY36
P41229	P41230
P41231	P35383
P41235	P49698
P41238	P51908
P41240	P41241
P41250	Q9CZD3
P41252	Q8BU30
P41271	Q61477
P41273	P41274
P41279	Q07174
P41440	P41438
P41567	P48024
P41586	P70205
P41587	P41588
P41594	Q3UVX5
P41595	Q02152
P41597	P51683
P41732	Q62283
P41743	Q62074
P41968	P33033
P41970	P41971
P42025	Q8R5C5
P42081	P42082
P42126	P42125
P42127	Q03288
P42166	Q61033
P42224	P42225
P42226	P52633
P42229	P42230
P42261	P23818
P42262	P23819
P42263	Q9Z2W9
P42285	Q9CZU3
P42331	Q8BYW1
P42336	P42337
P42338	Q8BTI9
P42345	Q9JLN9
P42356	E9Q3L2
P42357	P35492
P42566	P42567
P42568	A2AM29
P42574	P70677
P42575	P29594
P42658	Q9Z218
P42677	Q6ZWU9
P42679	P41242
P42680	P24604
P42681	P42682
P42684	Q4JIM5
P42685	Q922K9
P42694	Q6DFV5
P42695	Q6ZQK0
P42696	Q8C5L7
P42701	Q60837
P42702	P42703
P42704	Q6PB66
P42765	Q8BWT1
P42766	Q6ZWV7
P42768	P70315
P42772	P55271
P42773	Q60772
P42785	Q7TMR0
P42857	Q62092
P42858	P42859
P42892	Q4PZA2
P42898	Q9WU20
P43003	P56564
P43004	P43006
P43005	P51906
P43007	O35874
P43026	P43027
P43034	P63005
P43080	P43081
P43088	P43117
P43115	P30557
P43116	Q62053
P43119	P43252
P43121	Q8R2Y2
P43146	P70211
P43155	P47934
P43166	Q9ERQ8
P43220	O35659
P43234	Q8BM88
P43235	P55097
P43243	Q8K310
P43246	P43247
P43250	O70293
P43251	Q8CIF4
P43268	P28322
P43304	Q64521
P43307	Q9CY50
P43308	Q9CPW5
P43320	P62696
P43351	P43352
P43353	Q80VQ0
P43354	Q06219
P43378	O35239
P43403	P43404
P43405	P48025
P43487	P34022
P43489	P47741
P43490	Q99KQ4
P43652	O89020
P43657	Q8BMC0
P43681	O70174
P43686	P54775
P43694	Q08369
P43699	P50220
P43897	Q9CZR8
P45378	Q9QZ47
P45379	P50752
P45381	Q8R3P0
P45452	P33435
P45844	Q64343
P45877	P30412
P45880	Q60930
P45954	Q9DBL1
P45973	Q61686
P45974	P56399
P45984	Q9WTU6
P45985	P47809
P46013	E9PVX6
P46019	Q8BWJ3
P46020	P18826
P46059	Q9JIP7
P46060	P46061
P46063	Q9Z129
P46087	Q922K7
P46089	P35413
P46091	Q8K087
P46092	Q9JL21
P46093	Q8BUD0
P46094	Q9R0M1
P46095	Q6YNI2
P46098	P23979
P46100	Q61687
P46108	Q64010
P46109	P47941
P46199	Q91YJ5
P46379	Q9Z1R2
P46459	P46460
P46527	P46414
P46531	Q01705
P46597	D3KU66
P46663	Q61125
P46695	P46694
P46734	O09110
P46736	P46737
P46776	P14115
P46777	P47962
P46778	O09167
P46779	P41105
P46781	Q6ZWN5
P46782	P97461
P46783	P63325
P46821	P14873
P46926	O88958
P46934	P46935
P46937	P46938
P46939	E9Q6R7
P46940	Q9JKF1
P46952	Q78JT3
P46976	Q9R062
P46977	P46978
P47211	P56479
P47224	Q91X96
P47710	P19228
P47712	P47713
P47736	A2ALS5
P47755	P47754
P47756	P47757
P47775	P35412
P47804	Q9Z2B3
P47813	Q8BMJ3
P47869	P26048
P47870	P63137
P47871	Q61606
P47872	Q5FWI2
P47874	Q64288
P47883	Q7TRX3
P47895	Q9JHW9
P47897	Q8BML9
P47898	P30966
P47900	P49650
P47901	Q9WU02
P47902	P18111
P47928	P41139
P47929	O54974
P47944	P47945
P47972	O70340
P47974	P23949
P47989	Q00519
P48023	P41047
P48029	Q8VBW1
P48039	Q61184
P48047	Q9DB20
P48048	O88335
P48050	P52189
P48051	P48542
P48052	Q504N0
P48058	Q9Z2W8
P48059	Q99JW4
P48060	Q9CWG1
P48061	P40224
P48065	P31651
P48066	P31650
P48067	P28571
P48145	P49681
P48147	Q9QUR6
P48163	P06801
P48165	P28236
P48167	P48168
P48169	Q9D6F4
P48200	Q811J3
P48201	P56384
P48230	Q91XD3
P48307	O35536
P48357	P48356
P48378	P48379
P48380	P48381
P48426	O70172
P48431	P48432
P48436	Q04887
P48443	P28705
P48444	Q5XJY5
P48449	Q8BLN5
P48454	P48455
P48506	P97494
P48507	O09172
P48509	O35566
P48539	P63054
P48544	P48545
P48546	Q0P543
P48547	P15388
P48549	P63250
P48551	O35664
P48552	Q8CBD1
P48553	Q3TLI0
P48556	Q9CX56
P48595	Q8K1K6
P48634	Q7TSC1
P48637	P51855
P48643	P80316
P48645	Q9QXK8
P48651	Q99LH2
P48664	O35544
P48681	Q6P5H2
P48723	Q8BM72
P48728	Q8CFA2
P48729	Q8BK63
P48730	Q9DC28
P48735	P54071
P48736	Q9JHG7
P48739	P53811
P48740	P98064
P48742	P63006
P48745	Q64299
P48751	P16283
P48764	G3X939
P48775	P48776
P48788	P13412
P48995	Q61056
P49005	O35654
P49006	P28667
P49023	Q8VI36
P49069	P49070
P49116	P49117
P49137	P49138
P49146	P97295
P49184	Q9D7J6
P49189	Q9JLJ2
P49190	Q91V95
P49207	Q9D1R9
P49221	Q8BZH1
P49238	Q9Z0D9
P49247	P47968
P49257	Q9D0F3
P49279	P41251
P49281	P49282
P49286	Q8CIQ6
P49321	Q99MD9
P49326	P97872
P49327	P19096
P49335	P62515
P49336	Q8R3L8
P49354	Q61239
P49356	Q8K2I1
P49366	Q3TXU5
P49368	P80318
P49406	Q9D338
P49407	Q8BWG8
P49411	Q8BFR5
P49418	Q7TQF7
P49419	Q9DBF1
P49427	Q8CFI2
P49441	P49442
P49447	Q60720
P49450	O35216
P49454	E9Q3P4
P49458	P49962
P49459	Q9Z255
P49585	P49586
P49588	Q8BGQ7
P49589	Q9ER72
P49590	Q99KK9
P49591	P26638
P49593	Q8CGA0
P49619	Q91WG7
P49638	Q8BWP5
P49639	P09022
P49640	P23683
P49641	Q8BRK9
P49642	P20664
P49643	P33610
P49674	Q9JMK2
P49675	P51557
P49682	O88410
P49683	Q6VMN6
P49685	Q0VDU3
P49703	Q99PE9
P49711	Q61164
P49715	P53566
P49716	Q00322
P49720	Q9R1P1
P49721	Q9R1P3
P49736	P97310
P49746	Q05895
P49747	Q9R0G6
P49748	P50544
P49750	Q9R0I7
P49754	Q5KU39
P49755	Q9D1D4
P49756	B2RY56
P49757	Q9QZS3
P49758	Q9Z2H2
P49759	P22518
P49760	O35491
P49761	O35492
P49763	P49764
P49765	P49766
P49767	P97953
P49768	P49769
P49770	Q99LD9
P49771	P49772
P49773	P70349
P49788	F6ZIS7
P49789	O89106
P49790	E9Q3G8
P49792	Q9ERU9
P49795	Q9CX84
P49796	Q9DC04
P49798	O08899
P49802	O54829
P49810	Q61144
P49815	Q61037
P49821	Q91YT0
P49840	Q2NL51
P49841	Q9WV60
P49842	Q9JHN8
P49848	Q62311
P49862	Q91VE3
P49863	O35205
P49888	P49891
P49895	Q61153
P49902	Q3V1L4
P49903	Q8BH69
P49908	P70274
P49913	P51437
P49915	Q3THK7
P49916	P97386
P49917	Q8BTF7
P49918	P49919
P49959	Q61216
P49961	P55772
P50052	P35374
P50053	P97328
P50120	Q08652
P50135	Q91VF2
P50148	P21279
P50150	P50153
P50151	Q9CXP8
P50213	Q9D6R2
P50219	Q9QZW9
P50221	P32442
P50222	P32443
P50238	P63254
P50281	P53690
P50336	P51175
P50395	Q61598
P50402	O08579
P50406	Q9R1C8
P50416	P97742
P50440	Q9D964
P50443	Q62273
P50452	O08800
P50454	P19324
P50458	Q9Z0S2
P50461	P50462
P50479	P70271
P50539	P50540
P50542	O09012
P50548	P70459
P50549	P41164
P50552	P70460
P50553	Q02067
P50570	P39054
P50579	O08663
P50583	P56380
P50591	P50592
P50607	P50586
P50613	Q03147
P50616	Q61471
P50747	Q920N2
P50748	Q8C3Y4
P50749	Q8BMS9
P50750	Q99J95
P50851	Q9ESE1
P50876	Q925F3
P50895	Q9R069
P50897	O88531
P50914	Q9CR57
P50990	P42932
P50991	P80315
P50993	Q6PIE5
P50995	P97384
P51003	Q61183
P51114	Q61584
P51116	Q9WVR4
P51124	O08643
P51148	P35278
P51149	P51150
P51151	Q9R0M6
P51153	Q9DD03
P51157	Q99KL7
P51159	Q9ERI2
P51160	Q91ZQ1
P51161	P51162
P51164	P50992
P51168	Q9WU38
P51170	Q9WU39
P51178	Q8R3B1
P51397	Q91XC8
P51398	Q9ER88
P51449	P51450
P51451	P16277
P51452	Q9D7X3
P51460	O09107
P51511	O54732
P51512	Q9WTR0
P51513	Q9JKN6
P51530	Q6ZQJ5
P51531	Q6DIC0
P51532	Q3TKT4
P51553	P70404
P51570	Q9R0N0
P51571	Q62186
P51572	Q61335
P51575	P51576
P51580	O55060
P51582	Q9JJS7
P51587	P97929
P51606	P82343
P51608	Q9Z2D6
P51610	Q61191
P51617	Q62406
P51636	Q9WVC3
P51648	P47740
P51649	Q8BWF0
P51654	Q8CFZ4
P51659	P51660
P51665	P26516
P51668	P61080
P51671	P48298
P51674	P35802
P51677	P51678
P51679	P51680
P51681	P51682
P51684	O54689
P51685	P56484
P51686	Q9WUT7
P51687	Q8R086
P51688	Q9EQ08
P51692	P42232
P51693	Q03157
P51784	Q99K46
P51787	P97414
P51788	Q9R0A1
P51790	P51791
P51793	Q61418
P51795	Q9WVD4
P51797	O35454
P51798	O70496
P51805	P70208
P51808	P56387
P51809	P70280
P51810	P70259
P51811	Q9QXY7
P51812	P18654
P51813	P97504
P51816	O55112
P51817	Q922R0
P51825	O88573
P51826	P51827
P51828	P51829
P51841	Q5SDA5
P51843	Q61066
P51857	Q8VCX1
P51858	P51859
P51884	P51885
P51888	Q9JK53
P51911	Q08091
P51946	Q61458
P51948	P51949
P51955	O35942
P51956	Q9R0A5
P51957	Q9Z1J2
P51959	P51945
P51965	P52482
P51970	Q9DCJ5
P51991	Q8BG05
P52179	Q62234
P52198	Q9QYM5
P52209	Q9DCD0
P52272	Q9D0E1
P52292	P52293
P52294	Q60960
P52298	Q9CQ49
P52306	E9Q912
P52333	Q62137
P52429	Q9R1C6
P52434	Q923G2
P52435	O08740
P52564	P70236
P52565	Q99PT1
P52566	Q61599
P52569	P18581
P52594	Q8K2K6
P52597	Q9Z2X1
P52630	Q9WVL2
P52655	Q99PM3
P52657	Q80ZM7
P52701	P54276
P52732	Q6P9P6
P52735	Q60992
P52739	Q8K3J5
P52746	G5E869
P52747	O70230
P52756	Q91YE7
P52758	P52760
P52788	P97355
P52789	O08528
P52790	Q3TRM8
P52797	O08545
P52798	O08542
P52799	P52800
P52803	O08543
P52815	Q9DB15
P52823	O55183
P52824	Q6P5E8
P52848	Q3UHN9
P52849	P52850
P52888	Q8C1A5
P52907	P47753
P52926	P52927
P52943	Q9DCT8
P52945	P52946
P52948	Q6PFD9
P52951	P48031
P52952	P42582
P52954	P52955
P52961	Q60935
P53004	Q9CY64
P53007	Q8JZU2
P53041	Q60676
P53350	Q07832
P53355	Q80YE7
P53365	Q8K221
P53367	G5E8V9
P53370	Q8CH40
P53384	Q9R060
P53396	Q91V92
P53420	Q9QZR9
P53539	P13346
P53567	P53568
P53582	Q8BP48
P53597	Q9WUM5
P53602	Q99JF5
P53609	Q8BUY9
P53611	P53612
P53618	Q9JIF7
P53621	Q8CIE6
P53634	P97821
P53667	P53668
P53671	O54785
P53672	Q9JJV1
P53673	Q9JJV0
P53674	Q9WVJ5
P53677	Q8R2R9
P53680	P62743
P53701	P53702
P53708	A2ARA8
P53778	O08911
P53779	Q61831
P53794	Q9JKZ2
P53801	Q8R143
P53803	Q63871
P53804	O88196
P53805	Q9JHG6
P53814	Q921U8
P53816	Q8R3U1
P53985	P53986
P53990	Q9CX00
P53992	G3X972
P53999	P11031
P54098	P54099
P54105	Q61189
P54107	E9PVG4
P54132	O88700
P54136	Q9D0I9
P54198	Q61666
P54219	Q8R090
P54252	Q9CVD2
P54253	P54254
P54257	O35668
P54259	O35126
P54274	P70371
P54277	Q8K119
P54278	P54279
P54284	P54285
P54289	O08532
P54296	Q14BI5
P54315	Q5BKQ4
P54317	P17892
P54368	P54369
P54577	Q91WQ3
P54578	Q9JMA1
P54619	O54950
P54646	Q8BRK8
P54652	P17156
P54687	P24288
P54707	Q9Z1W8
P54709	P97370
P54710	Q04646
P54725	P54726
P54727	P54728
P54750	Q61481
P54753	P54754
P54760	P54761
P54762	Q8CBF3
P54764	Q03137
P54802	O88325
P54803	P54818
P54819	Q9WTP6
P54821	P63013
P54826	Q01721
P54829	P54830
P54840	Q8VCB3
P54845	P54846
P54849	P47801
P54851	O88662
P54852	O35912
P54868	P54869
P54886	Q9Z110
P54920	Q9DB05
P54922	P54923
P55000	Q9Z0K7
P55001	P55002
P55008	O70200
P55010	P59325
P55011	P55012
P55017	P59158
P55036	O35226
P55039	Q9QXB9
P55040	P55041
P55042	O88667
P55055	Q60644
P55056	Q61268
P55058	P55065
P55060	Q9ERK4
P55061	Q9D2C7
P55064	Q9WTY4
P55072	Q01853
P55073	Q91ZI8
P55075	P37237
P55082	Q922T2
P55083	Q9D1H9
P55084	Q99JY0
P55085	P55086
P55087	P55088
P55089	P81615
P55103	P55104
P55107	P97737
P55145	Q9CXI5
P55157	O08601
P55160	Q8K1X4
P55196	Q9QZQ1
P55197	O54826
P55198	B1AR10
P55199	O08856
P55201	B2RRD7
P55209	P28656
P55210	P97864
P55211	Q8C3Q9
P55212	O08738
P55259	Q9D733
P55263	P55264
P55265	Q99MU3
P55268	Q61292
P55273	Q60773
P55283	P39038
P55285	P97326
P55286	P97291
P55287	P55288
P55289	Q5RJH3
P55290	Q9WTR5
P55291	P33146
P55316	Q60987
P55317	P35582
P55318	P35584
P55327	Q62393
P55344	P56563
P55345	Q9R144
P55347	O70477
P55735	Q9D1M0
P55769	Q9D0T1
P55771	P47242
P55786	Q11011
P55789	P56213
P55795	P70333
P55809	Q9D0K2
P55822	Q9WUZ7
P55851	P70406
P55854	Q9Z172
P55884	Q8JZQ9
P55895	P21784
P55899	Q61559
P55916	P56501
P55957	P70444
P56134	P56135
P56159	P97785
P56177	Q64317
P56178	P70396
P56179	P70397
P56181	Q8BK30
P56182	P56183
P56192	Q68FL6
P56199	Q3V3R4
P56202	P56203
P56211	P56212
P56270	P56671
P56277	Q61908
P56278	Q60945
P56279	P56280
P56282	O54956
P56373	Q3UR32
P56377	Q9DB50
P56378	P56379
P56385	Q06185
P56524	Q6NZM9
P56537	O55135
P56539	P51637
P56545	P56546
P56556	Q9CQZ5
P56557	Q9D1X9
P56559	P61208
P56589	Q9QXY9
P56597	Q99MH5
P56645	O70361
P56693	Q04888
P56696	Q9JK97
P56703	P17553
P56704	P27467
P56705	P22724
P56706	P28047
P56715	P56716
P56730	O08762
P56746	Q9Z0S5
P56747	Q9Z262
P56748	Q9Z260
P56749	Q9ET43
P56750	Q8BXA6
P56817	P56818
P56856	P56857
P56915	Q02591
P56937	O88736
P56945	Q61140
P56962	Q9D0I4
P56975	O35181
P57052	Q80YT9
P57054	Q9JHG1
P57055	Q924S9
P57057	Q8R070
P57058	O88866
P57060	Q99M03
P57071	E9Q8T2
P57073	Q04886
P57075	Q3V3E1
P57076	Q8BL95
P57077	P58500
P57078	Q9ERK0
P57081	Q9EP82
P57082	P70325
P57086	Q2M4I6
P57087	Q9JI59
P57088	Q9CR67
P57103	S4R2P9
P57105	Q9D6K5
P57678	Q6P6L6
P57679	P57680
P57682	Q60980
P57721	P57722
P57723	P57724
P57727	Q8K1T0
P57729	Q8QZZ8
P57735	Q9WTL2
P57737	Q9D2V7
P57738	Q8VEA7
P57739	O88552
P57740	Q8BH74
P57764	Q9D8T2
P57768	Q8C080
P57771	Q8BXT1
P57772	Q9JHW4
P57775	Q9JMJ2
P57789	Q8BUW1
P57796	Q8VHC5
P58004	P58043
P58005	Q9CYP7
P58012	O88470
P58062	Q6IE32
P58107	Q8R0W0
P58166	O08717
P58173	Q60890
P58215	Q9Z175
P58294	Q14A28
P58304	Q61412
P58335	Q6DFX2
P58340	Q9QWV4
P58397	Q811B3
P58417	Q61200
P58418	Q8K445
P58499	Q9D309
P58505	G5E8K1
P58511	Q99J19
P58546	P62774
P58549	P59648
P58557	Q8CAV0
P58658	P58659
P58743	Q99NH7
P58753	Q99JY1
P58872	P58873
P58876	P10854
P59025	Q8C8C1
P59044	Q91WS2
P59046	E9Q5R7
P59047	Q9R1M5
P59095	P59096
P59190	Q8K386
P59282	Q0P5Y3
P59510	P59511
P59533	Q7TQA6
P59534	Q7TQA5
P59535	Q7TQB8
P59536	P59532
P59551	Q7TQA9
P59768	P63213
P59773	Q8C4X7
P59780	Q8BSZ2
P59796	Q91WR8
P59797	D3YXG1
P59826	Q80ZU7
P59827	A2BGH0
P59910	Q80Y75
P59923	Q8R2V3
P59998	P59999
P60002	P60003
P60006	P60007
P60008	Q9QYL0
P60022	P56386
P60033	P35762
P60059	P60060
P60153	P60154
P60174	P17751
P60201	P60202
P60228	P60229
P60321	P60322
P60323	P60324
P60468	Q9CQS8
P60484	O08586
P60510	P97470
P60520	P60521
P60568	P04351
P60602	P60603
P60604	P60605
P60606	Q8K129
P60660	Q60605
P60673	Q9DAD6
P60709	P60710
P60763	P60764
P60842	P60843
P60852	Q62005
P60866	P60867
P60880	P60879
P60891	Q9D7G0
P60893	P60894
P60900	Q9QUM9
P60903	P08207
P60953	P60766
P60981	Q9R0P5
P60983	Q9CQI3
P60985	Q3V2T4
P61006	P55258
P61009	Q6ZWQ7
P61011	P14576
P61018	Q91ZR1
P61019	P53994
P61020	P61021
P61024	P61025
P61026	P61027
P61073	P70658
P61077	P61079
P61081	P61082
P61086	P61087
P61088	P61089
P61106	Q91V41
P61129	Q8BYK8
P61158	Q99JY9
P61160	P61161
P61163	P61164
P61165	P61166
P61201	P61202
P61204	P61205
P61218	P61219
P61221	P61222
P61224	Q99JI6
P61225	P61226
P61236	P61237
P61244	P28574
P61247	P97351
P61254	P61255
P61266	P61264
P61278	P60041
P61289	P61290
P61296	Q61039
P61313	Q9CZM2
P61326	P61327
P61328	P61329
P61353	P61358
P61366	P61364
P61371	P61372
P61421	P51863
P61457	P61458
P61513	P61514
P61586	Q9QUI0
P61587	P61588
P61599	P61600
P61601	Q91X97
P61619	P61620
P61647	Q8K4T1
P61758	P61759
P61764	O08599
P61769	P01887
P61803	P61804
P61812	P27090
P61916	Q9Z0J0
P61923	P61924
P61925	P63248
P61927	Q9D823
P61952	P61953
P61956	P61957
P61960	P61961
P61962	P61963
P61964	P61965
P61966	P61967
P61968	P61969
P61970	P61971
P61978	P61979
P61981	P61982
P62068	P62069
P62070	P62071
P62072	P62073
P62079	P62080
P62081	P62082
P62136	P62137
P62140	P62141
P62166	Q8BNY6
P62191	P62192
P62195	P62196
P62241	P62242
P62244	P62245
P62249	P14131
P62253	P62254
P62256	P62257
P62258	P62259
P62263	P62264
P62266	P62267
P62269	P62270
P62273	P62274
P62277	P62301
P62280	P62281
P62304	P62305
P62306	P62307
P62308	P62309
P62310	P62311
P62312	P62313
P62314	P62315
P62316	P62317
P62318	P62320
P62324	P62325
P62328	P20065
P62330	P62331
P62333	P62334
P62341	P62342
P62380	P62340
P62424	P12970
P62487	P62488
P62491	P62492
P62495	Q8BWY3
P62502	A2AJB9
P62508	P62509
P62633	P53996
P62699	P62700
P62701	P62702
P62714	P62715
P62736	P62737
P62745	P62746
P62750	P62751
P62753	P62754
P62760	P62761
P62805	P62806
P62807	Q6ZWY9
P62820	P62821
P62826	P62827
P62829	P62830
P62834	P62835
P62837	P62838
P62841	P62843
P62847	P62849
P62851	P62852
P62854	P62855
P62857	P62858
P62861	P35545
P62873	P62874
P62875	P62876
P62877	P62878
P62879	P62880
P62888	P62889
P62891	P62892
P62899	P62900
P62906	P53026
P62910	P62911
P62913	Q9CXW4
P62917	P62918
P62937	P17742
P62942	P26883
P62945	P62947
P62952	P62951
P62955	P62956
P62979	P62983
P62987	P62984
P62993	Q60631
P62995	P62996
P63000	P63001
P63010	Q9DBG3
P63027	P63044
P63096	B2RSH2
P63098	Q63810
P63104	P63101
P63146	P63147
P63151	Q6P1F6
P63162	P63163
P63165	P63166
P63167	P63168
P63172	P51807
P63173	Q9JJI8
P63208	Q9WTX5
P63211	Q61012
P63215	P63216
P63218	Q80SZ7
P63220	Q9CQR2
P63241	P63242
P63244	P68040
P63252	P35561
P63261	P63260
P63267	P63268
P63272	P63271
P63279	P63280
P63302	P63300
P63313	Q6ZWY8
P63316	P19123
P67775	P63330
P67809	P62960
P67812	Q9R0P6
P67870	P67871
P67936	Q6IRU2
P68032	P68033
P68036	P68037
P68104	P10126
P68106	Q9Z2I2
P68133	P68134
P68363	P05213
P68366	P68368
P68371	P68372
P68400	Q60737
P68402	Q61206
P68431	P68433
P68543	Q99KJ0
P69905	P01942
P78310	P97792
P78312	Q8CGI1
P78314	Q06649
P78316	Q8R3N1
P78317	Q9QZS2
P78324	P97797
P78325	Q05910
P78330	Q99LS3
P78332	S4R1W5
P78333	Q8CAL5
P78334	A2AMW3
P78337	P70314
P78344	Q62448
P78345	Q80UU2
P78346	O88796
P78347	Q9ESZ8
P78348	Q6NXK8
P78352	Q62108
P78356	Q80XI4
P78357	O54991
P78362	O54781
P78363	O35600
P78364	Q64028
P78367	P97503
P78368	Q8BVP5
P78369	Q9Z0S6
P78371	P80314
P78380	Q9EQ09
P78381	Q9R0M8
P78382	Q61420
P78383	P97858
P78386	Q9Z2T6
P78396	Q61456
P78406	Q8C570
P78411	Q9JKQ4
P78412	Q9ER75
P78413	Q9QY61
P78414	P81068
P78415	P81067
P78417	O09131
P78423	O35188
P78424	Q8BJI4
P78426	Q99MA9
P78504	Q9QXX0
P78508	Q9JM63
P78509	Q60841
P78524	Q924W7
P78527	P97313
P78536	Q9Z0F8
P78537	O55102
P78539	Q9R0M3
P78540	O08691
P78543	Q04211
P78545	Q3UPW2
P78549	O35980
P78552	O09030
P78556	O89093
P78559	Q9QYR6
P78560	O88843
P78562	P70669
P78563	Q91ZS8
P79522	Q811B5
P80108	O70362
P80188	P11672
P80192	Q3U1V8
P80217	Q9D8C4
P80303	P81117
P80365	P51661
P80370	Q09163
P80404	P61922
P80723	Q91XV3
P81133	Q61045
P81274	Q8VDU0
P81277	G3UWC3
P81408	Q5HZJ5
P81534	Q7TNV9
P81877	Q9CYZ8
P82094	B9EKI3
P82251	Q9QXA6
P82279	Q8VHS2
P82650	Q9CXW2
P82663	Q9D125
P82664	Q80ZK0
P82673	Q8BJZ4
P82675	Q99N87
P82909	Q9CQX8
P82912	Q9DCA2
P82914	Q9DC71
P82921	P58059
P82930	Q9JIK9
P82932	P58064
P82933	Q9D7N3
P82970	Q9JL35
P82979	Q9D1J3
P82987	G3UXC7
P83105	A2RT60
P83110	Q9D236
P83111	Q9EP89
P83369	Q8BUV6
P83436	Q3UM29
P83731	Q8BP67
P83859	Q8CE23
P83876	P83877
P83881	P83882
P83916	P83917
P84022	Q8BUN5
P84074	P84075
P84077	P84078
P84085	P84084
P84090	P84089
P84095	P84096
P84098	P84099
P84101	P84102
P84103	P84104
P84157	Q9CZH7
P84243	P84244
P84550	Q8BX46
P85037	P42128
P85298	Q9CXP4
P85299	Q812A5
P86452	D2EAC2
P98066	O08859
P98073	P97435
P98077	Q8BMC3
P98082	P98078
P98088	E9QAQ8
P98095	P37889
P98153	P98154
P98155	P98156
P98160	Q05793
P98161	O08852
P98164	A2ARV4
P98170	Q60989
P98171	B1AUY3
P98172	P52795
P98173	Q9D8T0
P98174	P52734
P98175	Q99KG3
P98177	Q9WVH3
P98179	O89086
P98194	Q80XR2
P98196	P98197
P98198	P98199
P99999	P62897
Q00005	Q6ZWR4
Q00013	P70290
Q00056	P06798
Q00059	P40630
Q00169	P53810
Q00266	Q91X83
Q00325	Q8VEM8
Q00341	Q8VDJ3
Q00403	P62915
Q00444	P32043
Q00526	Q80YP0
Q00532	Q8CEQ0
Q00534	Q64261
Q00535	P49615
Q00536	Q04735
Q00537	Q8K0D0
Q00577	P42669
Q00587	Q91W92
Q00597	P50652
Q00604	P48744
Q00610	Q68FD5
Q00613	P38532
Q00653	Q9WTK5
Q00688	Q62446
Q00722	A3KGF7
Q00765	Q60870
Q00796	Q64442
Q00839	Q8VEK3
Q00872	A0A571BEN1
Q008S8	A0A140LIP2
Q00973	Q09200
Q00975	O55017
Q00978	Q61179
Q00987	P23804
Q00994	Q9WTZ9
Q00G26	Q8BVZ1
Q00LT1	Q00LT2
Q01064	Q01065
Q01081	Q9D883
Q01082	Q62261
Q01085	P70318
Q01094	Q61501
Q01101	Q63ZV0
Q01113	Q01114
Q01118	B1AYL1
Q01130	Q62093
Q01151	O88324
Q01167	Q3UCQ1
Q01196	Q03347
Q01201	Q04863
Q01344	P21183
Q01362	P20490
Q01415	Q68FH4
Q01432	O08739
Q01433	Q9DBT5
Q01449	Q9QVP4
Q01453	P16646
Q01459	Q8R242
Q01469	Q05816
Q01484	Q8C8R3
Q01518	P40124
Q01538	Q8CFC2
Q01543	P26323
Q01546	Q3UV17
Q01581	Q8JZK9
Q01638	P14719
Q01650	Q9Z127
Q01658	Q91WV0
Q01664	Q9JIZ5
Q01668	Q99246
Q01718	Q64326
Q01726	Q01727
Q01740	P50285
Q01780	P56960
Q01804	B2RRE7
Q01813	Q9WUA3
Q01814	Q9R0K7
Q01826	Q60611
Q01831	P51612
Q01844	Q61545
Q01850	P97817
Q01851	P17208
Q01892	O35906
Q01954	O35914
Q01955	Q9QZS0
Q01959	Q61327
Q01968	Q6NVF0
Q01970	P51432
Q01973	Q9Z139
Q01974	Q9Z138
Q01995	P37804
Q02040	A2A3V1
Q02078	Q60929
Q02080	O55087
Q02083	Q9D7V9
Q02086	Q9D2H6
Q02094	Q9QUT0
Q02108	Q9ERL9
Q02127	O35435
Q02153	O54865
Q02156	P16054
Q02218	Q60597
Q02221	P43023
Q02223	O88472
Q02224	Q6RT24
Q02241	E9Q5G3
Q02246	Q61330
Q02252	Q9EQ20
Q02297	Q6DR98
Q02318	Q9DBG1
Q02338	Q80XN0
Q02363	P41136
Q02388	Q63870
Q02410	B2RUJ5
Q02446	Q62445
Q02447	O70494
Q02487	P55292
Q02509	Q9Z0L3
Q02535	P41133
Q02543	P62717
Q02548	Q02650
Q02556	P23611
Q02575	Q02576
Q02577	Q64221
Q02641	Q8R3Z5
Q02643	P32082
Q02742	Q09324
Q02747	P33680
Q02750	P31938
Q02763	Q02858
Q02779	Q66L42
Q02790	P30416
Q02809	Q9R0E2
Q02817	Q80Z19
Q02818	Q02819
Q02833	Q9DD19
Q02846	P52785
Q02878	P47911
Q02880	Q64511
Q02930	Q8K1L0
Q02952	Q9WTQ5
Q02962	P32114
Q02978	Q9CR62
Q03001	Q91ZU6
Q03014	P43120
Q03052	P21952
Q03060	P27699
Q03111	Q9ERL0
Q03112	P14404
Q03113	P27600
Q03135	P49817
Q03154	Q99JW2
Q03164	P55200
Q03167	O88393
Q03169	Q61333
Q03181	P35396
Q03188	P49452
Q03252	P21619
Q03393	Q9R1Z7
Q03395	P32958
Q03403	Q03404
Q03405	P35456
Q03426	Q9R008
Q03431	P41593
Q03468	F8VPZ5
Q03518	P21958
Q03519	P36371
Q03591	Q61406
Q03692	Q05306
Q03701	P53569
Q03721	Q8R1C0
Q03828	P49749
Q03933	P38533
Q03989	Q3U108
Q04206	Q04207
Q04323	Q922Y1
Q04446	Q9D6Y9
Q04609	O35409
Q04637	Q6NZJ6
Q04656	Q64430
Q04671	Q62052
Q04695	Q9QWL7
Q04721	O35516
Q04724	Q62440
Q04725	Q9WVB2
Q04726	Q08122
Q04727	Q62441
Q04741	Q04742
Q04743	Q04744
Q04756	Q9R098
Q04759	Q02111
Q04760	Q9CPU0
Q04771	P37172
Q04837	Q9CYR0
Q04844	P20782
Q04864	P15307
Q04900	Q9R0L9
Q04912	Q62190
Q04917	P68510
Q04941	Q9R1Q7
Q05048	Q99LC2
Q05066	Q05738
Q05084	P97411
Q05086	O08759
Q05193	P39053
Q05195	P50538
Q05209	P35831
Q05215	Q9WUF2
Q05329	P48320
Q05397	P34152
Q05469	P54310
Q05513	Q02956
Q05516	Q3UQ17
Q05519	Q3UIX4
Q05586	P35438
Q05639	P62631
Q05655	P28867
Q05682	E9QA15
Q05707	Q80X19
Q05823	Q05921
Q05901	Q8BMN3
Q05923	Q05922
Q05925	P09065
Q05932	P48760
Q05940	Q8BRU6
Q05996	P20239
Q05BQ5	Q6P5G3
Q05BV3	Q8BQM8
Q05C16	A6H694
Q05D32	Q8BG15
Q05D60	Q7M6Y5
Q05DH4	Q505K2
Q06033	Q61704
Q06055	P56383
Q06124	P35235
Q06136	Q6GV12
Q06187	P35991
Q06190	B2RXC8
Q06203	Q8CIH9
Q06210	P47856
Q06265	Q9JHI7
Q06278	O54754
Q06323	P97371
Q06330	P31266
Q06413	Q8CFN5
Q06418	P55144
Q06432	O70578
Q06455	Q61909
Q06481	Q06335
Q06495	Q60825
Q06546	Q00422
Q06547	Q00420
Q06587	O35730
Q06609	Q08297
Q06643	P41155
Q06710	Q00288
Q06787	P35922
Q06828	P50608
Q06830	P35700
Q06889	P43300
Q06945	Q06831
Q07001	P02716
Q07002	Q04899
Q07011	P20334
Q07020	P35980
Q07021	O35658
Q07065	Q8BMK4
Q07075	P16406
Q07092	Q8BLX7
Q07108	P37217
Q07157	P39447
Q07325	P18340
Q07326	O09101
Q07343	B1AWC9
Q07352	P23950
Q07507	Q9QZZ6
Q075Z2	Q3UW26
Q07617	Q80ZX8
Q07654	Q62395
Q07666	Q60749
Q07687	P40764
Q07699	P97952
Q07812	Q07813
Q07817	Q64373
Q07820	P97287
Q07837	Q91WV7
Q07864	Q9WVF7
Q07866	O88447
Q07869	P23204
Q07889	Q62245
Q07890	Q02384
Q07912	O54967
Q07954	Q91ZX7
Q07955	Q6PDM2
Q07960	Q5FWK3
Q07973	Q64441
Q08043	O88990
Q08050	O08696
Q08116	Q9JL25
Q08117	P63002
Q08170	Q8VE97
Q08174	Q8CFX3
Q08188	Q08189
Q08209	P63328
Q08211	O70133
Q08257	P47199
Q08289	Q8CC27
Q08334	Q61190
Q08345	Q03146
Q08357	Q80UP8
Q08378	P55937
Q08379	Q921M4
Q08380	Q07797
Q08397	P97873
Q08426	Q9DBM2
Q08431	P21956
Q08462	Q80TL1
Q08493	Q3UEI1
Q08495	Q9WV69
Q08499	Q01063
Q08554	P55849
Q08623	Q9D5U5
Q08629	Q62288
Q08722	Q61735
Q08752	Q9CR16
Q08828	O88444
Q08830	Q71KU9
Q08881	Q03526
Q08945	Q08943
Q08999	Q64700
Q08AD1	Q8C1B1
Q08AE8	Q52KF3
Q08AF3	Q8CBA2
Q08AG7	Q8BUR9
Q08AH1	Q91VA0
Q08AI6	Q3USY0
Q08AI8	Q8CEZ4
Q08AM6	Q80WQ2
Q08J23	Q1HFZ0
Q09013	P54265
Q09019	Q08274
Q09028	Q60972
Q09161	Q3UYV9
Q09327	Q10470
Q09328	Q8R4G6
Q09428	B2RUS7
Q09470	P16388
Q09472	B2RWS6
Q09666	E9Q616
Q09MP3	G3UW63
Q0D2I5	Q8BXL9
Q0D2K0	Q8BZF2
Q0D2K2	Q8C3F7
Q0D2K3	Q2WG77
Q0GE19	Q5PT53
Q0IIM8	A3KGB4
Q0JRZ9	Q3UQN2
Q0P5N6	B1ATY8
Q0P5P2	Q3V3I5
Q0P641	Q8C3M9
Q0P651	Q8C1A9
Q0P670	Q8C5U4
Q0P6D2	Q8BQT2
Q0P6D6	Q8C9M2
Q0P6H9	Q8BXJ9
Q0PNE2	Q8BK75
Q0VAA2	A0A1Y7VMD6
Q0VAA5	B2RXA1
Q0VAF6	Q8VCK7
Q0VAK6	E9QA62
Q0VAM2	Q8JZL7
Q0VAQ4	Q99KC7
Q0VD83	Q8VBT6
Q0VD86	Q6PKN7
Q0VDD7	Q6DIA7
Q0VDE8	Q8R400
Q0VDF9	Q99M31
Q0VDG4	Q3TMH2
Q0VDI3	Q8VDR5
Q0VF49	E9Q295
Q0VF96	Q6AW69
Q0VFZ6	A0JLY1
Q0VG06	A2ACJ2
Q0VG99	O08574
Q0VGL1	Q8CF66
Q0Z7S8	O08716
Q0ZGT2	Q7TPW1
Q0ZLH3	Q0ZLH2
Q10469	Q921V5
Q10471	Q6PB93
Q10472	O08912
Q10567	O35643
Q10570	Q9EPU4
Q10571	D3YWE6
Q10586	Q60925
Q10587	Q9JLC6
Q10588	Q64277
Q10589	Q8R2Q8
Q10713	Q9DC61
Q10981	Q9JL27
Q11130	Q11131
Q11201	P54751
Q11203	P97325
Q11206	Q91Y74
Q12756	P33173
Q12765	Q9CZC8
Q12766	Q6AXF8
Q12767	Q7TSH8
Q12768	Q8C2E7
Q12769	Q9Z0W3
Q12770	Q6GQT6
Q12772	Q3U1N2
Q12778	Q9R1E0
Q12788	Q8C4J7
Q12789	Q8K284
Q12791	Q08460
Q12792	Q91YR1
Q12794	Q91ZJ9
Q12796	Q3TWH3
Q12797	Q8BSY0
Q12798	P41209
Q12800	Q9ERA0
Q12802	E9Q394
Q12805	Q8BPB5
Q12809	O35219
Q12815	B7ZNG4
Q12816	Q6DIC6
Q12824	Q9Z0H3
Q12829	Q8VHP8
Q12830	A2A654
Q12834	Q9JJ66
Q12837	Q63934
Q12840	P33175
Q12841	Q62356
Q12846	P70452
Q12849	Q8C5Q4
Q12851	Q61161
Q12852	Q60700
Q12857	Q02780
Q12860	P12960
Q12864	Q9R100
Q12866	Q60805
Q12870	Q60756
Q12872	Q3USH5
Q12873	B1AR17
Q12874	Q9D554
Q12879	P35436
Q12882	Q8CHR6
Q12884	P97321
Q12887	Q8CFY5
Q12888	P70399
Q12889	Q62010
Q12891	O35632
Q12893	Q9WUH1
Q12894	Q9D8U0
Q12899	Q99PN3
Q12904	P31230
Q12905	Q9CXY6
Q12906	Q9Z1X4
Q12907	Q9DBH5
Q12908	P70172
Q12912	Q60664
Q12913	Q64455
Q12923	Q64512
Q12926	Q60899
Q12929	Q08509
Q12931	Q9CQN1
Q12933	P39429
Q12934	A2AMT1
Q12946	Q61080
Q12947	O54743
Q12948	Q61572
Q12951	Q922I5
Q12952	Q64731
Q12955	G5E8K5
Q12959	Q811D0
Q12962	Q8K0H5
Q12965	E9Q634
Q12967	Q03385
Q12968	P97305
Q12972	Q8R3G1
Q12974	O70274
Q12979	Q5SSL4
Q12980	Q8VIJ8
Q12981	Q6QD59
Q12982	O54940
Q12983	O55003
Q12986	B1AY10
Q12988	Q9QZ57
Q12996	Q99LI7
Q12999	Q9CQ88
Q13002	P39087
Q13003	B1AS29
Q13007	Q925S4
Q13009	Q60610
Q13011	O35459
Q13015	P97783
Q13017	P97393
Q13018	Q62028
Q13021	Q91X49
Q13023	E9Q9K8
Q13029	A2A7B5
Q13033	Q9ERG2
Q13042	Q8R349
Q13043	Q9JI11
Q13045	Q9JJ28
Q13049	Q8CH72
Q13057	Q9DBL7
Q13061	E9Q9K5
Q13064	Q60764
Q13077	P39428
Q13084	Q9D1B9
Q13085	Q5SWU9
Q13087	D3Z6P0
Q13093	Q60963
Q13094	Q60787
Q13098	Q99LD4
Q13099	Q61371
Q13103	Q8K1I3
Q13105	Q60821
Q13107	P35123
Q13111	Q9QWF0
Q13112	Q9D0N7
Q13113	Q9CQH0
Q13114	Q60803
Q13115	Q8BFV3
Q13118	O89091
Q13123	Q9Z1M8
Q13126	Q9CQ65
Q13127	Q8VIG1
Q13129	A2A7F4
Q13131	Q5EG47
Q13133	Q9Z0Y9
Q13136	B2RXQ2
Q13137	A2A6M5
Q13144	Q8CHW4
Q13145	Q9D0L6
Q13148	Q921F2
Q13151	Q9CX86
Q13153	O88643
Q13155	Q8R010
Q13158	Q61160
Q13162	O08807
Q13163	Q9WVS7
Q13164	Q9WVS8
Q13177	Q8CIN4
Q13183	Q9ES88
Q13185	P23198
Q13188	Q9JI10
Q13190	Q8K1E0
Q13191	Q3TTA7
Q13200	Q8VDM4
Q13201	B2RPV6
Q13202	O09112
Q13203	P70402
Q13206	Q80Y44
Q13207	Q60707
Q13214	Q62177
Q13216	Q8CFD5
Q13217	Q91YW3
Q13219	Q8R4K8
Q13224	Q01097
Q13227	Q921N8
Q13231	Q9D7Q1
Q13232	Q9WV85
Q13233	P53349
Q13237	Q61410
Q13239	Q60898
Q13241	O54707
Q13242	Q9D0B0
Q13243	O35326
Q13247	Q3TWW8
Q13253	P97466
Q13255	P97772
Q13257	Q9Z1B5
Q13258	P70263
Q13261	Q60819
Q13263	Q62318
Q13268	Q149L0
Q13275	O88632
Q13277	Q64704
Q13283	P97855
Q13285	P33242
Q13286	Q61124
Q13287	O35309
Q13291	Q9QUM4
Q13303	P62482
Q13304	Q6NS65
Q13308	Q8BKG3
Q13309	Q9Z0Z3
Q13310	Q6PHQ9
Q13315	Q62388
Q13316	O55188
Q13319	O35926
Q13322	Q60760
Q13323	O70337
Q13324	Q60748
Q13326	P82348
Q13330	Q8K4B0
Q13332	B0V2N1
Q13336	Q8VHL0
Q13347	Q9QZD9
Q13349	Q3V0T4
Q13351	P46099
Q13352	Q9CQ82
Q13356	Q9D787
Q13361	Q9QZJ6
Q13362	Q60996
Q13363	O88712
Q13367	Q9JME5
Q13368	O88910
Q13370	Q61409
Q13371	Q9DBX2
Q13387	Q9ERE9
Q13393	Q9Z280
Q13394	O70299
Q13395	E9Q368
Q13402	P97479
Q13404	Q9CZY3
Q13405	Q9CQ40
Q13409	O88487
Q13410	Q62556
Q13415	Q9Z1N2
Q13416	Q60862
Q13418	O55222
Q13421	Q61468
Q13422	Q03267
Q13423	Q61941
Q13424	Q61234
Q13425	Q61235
Q13426	Q924T3
Q13427	A2AR02
Q13428	O08784
Q13432	Q9Z2R6
Q13433	Q8C145
Q13435	Q3UJB0
Q13438	Q8K2C7
Q13439	Q91VW5
Q13442	Q3UHX2
Q13443	Q61072
Q13444	O88839
Q13445	Q3V009
Q13449	Q8BLK3
Q13451	Q64378
Q13454	Q8BTV1
Q13459	Q9QY06
Q13461	Q9QY14
Q13464	P70335
Q13467	Q9EQD0
Q13469	Q60591
Q13470	Q99ML2
Q13472	O70157
Q13474	Q05AA6
Q13477	Q61826
Q13478	Q61098
Q13480	Q9QYY0
Q13485	P97471
Q13487	Q91XA5
Q13488	Q9JHF5
Q13489	O08863
Q13490	Q62210
Q13491	P35803
Q13492	Q7M6Y3
Q13495	P0C6A2
Q13496	Q9Z2C5
Q13501	Q64337
Q13503	Q9CQ39
Q13505	P47802
Q13506	Q61122
Q13507	Q9QZC1
Q13508	Q8R2G4
Q13509	Q9ERD7
Q13510	Q9WV54
Q13515	Q6NVD9
Q13516	Q9EQW6
Q13519	Q64387
Q13520	Q8C4A0
Q13522	Q9ERT9
Q13523	Q61136
Q13526	Q9QUR7
Q13530	Q9QZI9
Q13535	Q9JKK8
Q13541	Q60876
Q13542	P70445
Q13546	Q60855
Q13547	O09106
Q13555	Q923T9
Q13557	Q6PHZ2
Q13561	Q99KJ8
Q13562	Q60867
Q13563	O35245
Q13564	Q8VBW6
Q13568	P56477
Q13569	P56581
Q13571	Q61168
Q13572	Q8BYN3
Q13573	Q9CSN1
Q13574	Q80UP3
Q13576	Q3UQ44
Q13585	O88495
Q13586	P70302
Q13588	Q9CX99
Q13591	Q62217
Q13595	Q6PFR5
Q13596	Q9WV80
Q13601	Q8BGA5
Q13606	G3X9L8
Q13608	Q99LC9
Q13609	O55070
Q13610	Q99LL5
Q13613	Q9Z2C4
Q13614	Q9Z2D1
Q13615	Q8K296
Q13616	Q9WTX6
Q13617	Q9D4H8
Q13618	Q9JLV5
Q13619	Q3TCH7
Q13620	A2A432
Q13621	P55014
Q13625	Q8CG79
Q13627	Q61214
Q13630	P23591
Q13634	E9Q9Q6
Q13635	Q61115
Q13636	Q921E2
Q13637	Q9CZE3
Q13639	P97288
Q13641	Q9Z0L0
Q13642	P97447
Q13643	Q9R059
Q13651	Q61727
Q13671	Q921Q7
Q13683	Q61738
Q13685	Q3TJ22
Q13686	P0CB42
Q13698	Q02789
Q13702	P12672
Q13705	P27040
Q13724	Q80UM7
Q13733	Q9WV27
Q13740	Q61490
Q13751	Q61087
Q13753	Q61092
Q13761	Q64131
Q13769	Q8BKT7
Q13772	Q5U4H9
Q13790	Q91V80
Q13794	Q9JM54
Q13795	Q8BXL7
Q13796	A2ALU4
Q13797	B8JK39
Q13813	P16546
Q13822	Q9R1E6
Q13823	Q99LH1
Q13825	Q9JLZ3
Q13829	O70479
Q13835	P97350
Q13838	Q9Z1N5
Q13867	Q8R016
Q13868	Q8VBV3
Q13873	O35607
Q13875	Q9D2P8
Q13882	Q64434
Q13884	Q99L88
Q13885	Q7TMM9
Q13886	O35739
Q13887	Q9Z0Z7
Q13889	Q8VD76
Q13895	O54825
Q13901	O35473
Q13905	A0A5F8MPI9
Q13907	P58044
Q13936	Q01815
Q13939	Q8CDE2
Q13946	P70453
Q13950	Q08775
Q13951	Q08024
Q13952	P70353
Q13956	P61249
Q13972	P27671
Q13976	P0C605
Q14003	Q63959
Q14004	Q69ZA1
Q14005	O54824
Q14008	A2AGT5
Q14011	P60824
Q14012	Q91YS8
Q14019	Q9CQI6
Q14028	E1AZ71
Q14031	B1AVK5
Q14032	Q91X34
Q14050	A2ACT7
Q14055	Q07643
Q14061	P56394
Q14088	P97950
Q14094	Q9Z2V9
Q14103	Q60668
Q14106	Q9JM55
Q14108	O35114
Q14112	O88322
Q14114	Q924X6
Q14116	P70380
Q14117	Q9EQF5
Q14118	Q62165
Q14119	Q5SXC4
Q14123	Q64338
Q14126	O55111
Q14134	Q8R2Q0
Q14135	Q80V24
Q14137	P97452
Q14139	E9Q735
Q14140	Q9JJG5
Q14141	Q9R1T4
Q14142	Q8BVW3
Q14145	Q9Z2X8
Q14146	E9Q7L1
Q14147	Q9DBV3
Q14149	F7BJB9
Q14151	Q80YR5
Q14152	P23116
Q14153	Q8BGR5
Q14154	Q9DCV6
Q14155	Q9ES28
Q14156	Q8BG67
Q14157	Q80X50
Q14159	Q8BGX7
Q14160	Q80U72
Q14161	Q9JLQ2
Q14162	Q5ND28
Q14164	Q9R0T8
Q14165	Q6ZQI3
Q14166	Q3UDE2
Q14168	Q9WV34
Q14181	P33611
Q14183	Q7TNF0
Q14184	P70169
Q14185	Q8BUR4
Q14186	Q08639
Q14188	Q64163
Q14190	Q61079
Q14191	O09053
Q14192	O70433
Q14194	P97427
Q14195	Q62188
Q14197	Q8R035
Q14201	P50615
Q14202	Q9JLM4
Q14203	O08788
Q14204	Q9JHU4
Q14206	Q9JHG2
Q14207	Q8BMA5
Q14209	P56931
Q14210	P35459
Q14213	O35228
Q14232	Q99LC8
Q14240	P10630
Q14241	Q8CB77
Q14242	Q62170
Q14244	O88735
Q14246	Q61549
Q14247	Q60598
Q14249	O08600
Q14254	Q60634
Q14257	Q8BP92
Q14258	Q61510
Q14289	Q9QVP9
Q14296	Q9JIX9
Q14314	P12804
Q14315	Q8VHX6
Q14318	O35465
Q14320	Q9WV03
Q14324	Q5XKE0
Q14330	Q8K1Z6
Q14331	P97376
Q14332	Q9JIP6
Q14344	P27601
Q14353	O35969
Q14376	Q8R059
Q14392	G3XA59
Q14393	Q61592
Q14397	Q91X44
Q14416	Q14BI2
Q14432	Q9Z0X4
Q14435	P70419
Q14439	Q80WT4
Q14442	Q5M9N4
Q14444	Q60865
Q14449	Q9JLM9
Q14451	Q03160
Q14457	O88597
Q14469	P35428
Q14493	P97440
Q14494	Q61985
Q14498	Q8VH51
Q14508	Q9DAU7
Q14511	O35177
Q14512	O70514
Q14515	P70663
Q14517	A0A087WRT4
Q14520	Q8K0D2
Q14524	Q9JJV9
Q14526	Q9R1Y5
Q14527	Q6PCN7
Q14532	Q62168
Q14534	P52019
Q14541	Q9WUU6
Q14542	Q61672
Q14549	P82976
Q14554	Q921X9
Q14558	Q9D0M1
Q14562	A2A4P0
Q14563	O08665
Q14565	Q61880
Q14566	P97311
Q14571	Q9Z329
Q14573	P70227
Q14574	P55850
Q14576	Q60900
Q14582	Q60948
Q14590	Q499D5
Q14596	P97432
Q14623	P97812
Q14624	A6X935
Q14627	O88786
Q14642	Q7TNC9
Q14643	P11881
Q14644	Q60790
Q14651	Q3V0K9
Q14653	P70671
Q14654	Q61743
Q14657	Q9CR70
Q14667	Q5SYL3
Q14669	G5E870
Q14671	Q80U78
Q14674	P60330
Q14676	Q5PSV9
Q14677	Q99KN9
Q14678	E9Q238
Q14679	Q80UG8
Q14680	Q61846
Q14683	Q9CU62
Q14684	Q91YK2
Q14686	Q9JL19
Q14687	Q3U3C9
Q14689	Q8BWT5
Q14690	Q6NS46
Q14691	Q9CZ15
Q14692	Q6PGF5
Q14693	Q91ZP3
Q14694	P52479
Q14696	Q9ERE7
Q14697	Q8BHN3
Q14699	Q6A0D4
Q14703	Q9WTZ2
Q14714	Q62147
Q14721	Q03717
Q14722	P63143
Q14728	Q9D2V8
Q14738	Q7TNL5
Q14739	Q3U9G9
Q14746	Q921L5
Q14749	Q9QXF8
Q14761	Q64697
Q14764	Q9EQK5
Q14765	P42228
Q14766	Q8CG19
Q14767	O08999
Q14773	Q9ERM2
Q14774	Q61670
Q14781	P30658
Q14789	E9PVZ8
Q14790	O89110
Q147U7	Q8CEZ1
Q147X3	Q8CES0
Q14802	Q61835
Q14807	Q3V300
Q14814	Q63943
Q14831	Q68ED2
Q14832	Q9QYS2
Q14833	Q68EF4
Q14839	Q6PDQ2
Q14847	Q61792
Q14849	Q61542
Q14863	Q07916
Q14865	Q8BM75
Q14872	Q07243
Q14894	O54983
Q14896	O70468
Q14914	Q91YR9
Q14916	Q61983
Q14919	Q9D6N5
Q14929	E9Q3R6
Q14934	Q8K120
Q14938	P70257
Q14940	B2RXE2
Q14956	Q99P91
Q14957	Q01098
Q14964	Q8BHD0
Q14966	Q61464
Q14973	O08705
Q14974	P70168
Q14978	E9Q5C9
Q14980	E9Q7G0
Q14982	G5E8G3
Q14990	Q61999
Q14993	Q0VF58
Q14994	O35627
Q14995	Q60674
Q14997	Q5SSW2
Q14999	Q8VE73
Q149M9	A6H603
Q149N8	Q7TPQ3
Q14BN4	Q3URD3
Q14C86	Q6PAR5
Q14C87	Q76HP3
Q14CB8	Q8BRH3
Q14CM0	A2AFR3
Q14CN4	Q6IME9
Q14CS0	Q0KL01
Q14CW9	A2AWT3
Q14CX5	Q6PDE8
Q14CX7	Q8BWZ3
Q14CZ0	Q14AM7
Q14CZ7	Q8BSN9
Q14CZ8	Q640R3
Q14D04	A1A535
Q14DG7	F7BAB2
Q15003	Q8C156
Q15004	Q9CQX4
Q15005	Q9CYN2
Q15006	Q9CRD2
Q15007	Q9ER69
Q15008	Q99JI4
Q15011	Q9JJK5
Q15012	Q60961
Q15013	Q9DCX1
Q15014	Q9R0Q4
Q15018	Q3TCJ1
Q15019	P42208
Q15020	Q9JLI8
Q15021	Q8K2Z4
Q15022	Q80U70
Q15024	Q9D0M0
Q15025	Q9WUU8
Q15027	Q8K2H4
Q15029	O08810
Q15031	Q8VDC0
Q15032	E9Q9Q2
Q15034	A6H6S0
Q15035	Q924Z5
Q15036	Q8BVL3
Q15038	Q9DCP9
Q15040	Q9DBJ6
Q15041	Q9JKW0
Q15042	Q80UJ7
Q15043	Q75N73
Q15046	Q99MN1
Q15047	O88974
Q15048	Q8VC16
Q15049	Q8VHK5
Q15050	Q9CYH6
Q15051	Q8BP00
Q15052	Q8K4I3
Q15053	E9Q2T4
Q15054	Q9EQ28
Q15056	Q9WUK2
Q15057	Q6ZQK5
Q15058	L0N7N1
Q15059	Q8K2F0
Q15061	Q6ZQL4
Q15063	Q62009
Q15067	Q9R0H0
Q15070	Q8BGA9
Q15072	Q8BQN6
Q15075	Q8BL66
Q15077	Q9ERK9
Q15078	P61809
Q15080	P97369
Q15084	Q922R8
Q15102	Q61205
Q15109	Q62151
Q15111	Q3USB7
Q15113	Q61398
Q15116	Q02242
Q15118	Q8BFP9
Q15119	Q9JK42
Q15120	Q922H2
Q15121	Q62048
Q15124	Q8BZF8
Q15125	P70245
Q15126	Q9D1G2
Q15131	Q3UMM4
Q15139	Q62101
Q15147	Q91UZ1
Q15149	Q9QXS1
Q15154	Q9R0L6
Q15165	Q62086
Q15166	Q62087
Q15170	Q921P9
Q15172	Q6PD03
Q15173	Q6PD28
Q15181	Q9D819
Q15185	Q9R0Q7
Q15198	Q6PE55
Q15208	Q91VJ4
Q15223	Q9JKF6
Q15233	Q99K48
Q15256	Q62132
Q15257	P58389
Q15262	P35822
Q15269	Q8BU03
Q15270	G3UXB3
Q15274	Q91X91
Q15276	O35551
Q15283	P58069
Q15286	Q6PHN9
Q15287	Q99M28
Q15291	Q8BX09
Q15293	Q05186
Q15303	Q61527
Q15306	Q64287
Q15311	Q62172
Q15319	Q63955
Q15326	Q8R5C8
Q15327	Q9CR42
Q15329	Q61502
Q15334	Q80Y17
Q15345	Q8K1C9
Q15349	Q9WUT3
Q15361	Q62187
Q15363	Q9R0Q3
Q15365	P60335
Q15366	Q61990
Q15369	P83940
Q15370	P62869
Q15375	Q61772
Q15382	Q921J2
Q15386	Q80U95
Q15388	Q9DCC8
Q15389	O08538
Q15390	Q99MB2
Q15391	Q9ESG6
Q15392	Q8VCH6
Q15393	Q921M3
Q15397	Q8BKS9
Q15398	Q8K4R9
Q15399	Q9EPQ1
Q15404	Q01730
Q15406	Q64249
Q15413	A2AGL3
Q15417	Q9DAW9
Q15418	P18653
Q15424	D3YXK2
Q15427	Q8QZY9
Q15428	Q62203
Q15431	Q62209
Q15434	Q8VC70
Q15435	Q3UM45
Q15436	Q01405
Q15437	Q9D662
Q15438	Q9QX11
Q15459	Q8K4Z5
Q15464	Q6PD21
Q15465	Q62226
Q15466	Q62227
Q15468	Q60988
Q15475	Q62231
Q15477	Q6NZR5
Q15493	Q64374
Q15506	Q62252
Q15517	Q7TPC1
Q15526	P09925
Q15527	P09926
Q15528	Q62276
Q15532	Q62280
Q15542	Q8C092
Q15543	P61216
Q15544	Q99JX1
Q15545	Q9R1C0
Q15546	Q9CQY7
Q15554	O35144
Q15555	Q8R001
Q15560	Q9QVN7
Q15561	Q62296
Q15562	P48301
Q15569	O70146
Q15572	Q6PDZ2
Q15573	P97357
Q15582	P82198
Q15583	P70284
Q15596	Q61026
Q15599	Q9JHL1
Q155Q3	Q80Y83
Q15612	Q8VFP4
Q15615	Q5SW48
Q15628	Q3U0V2
Q15629	Q91V04
Q15631	Q62348
Q15633	P97473
Q15637	Q64213
Q15642	Q8CJ53
Q15643	E9Q512
Q15645	Q3UA06
Q15646	Q8VI94
Q15648	Q925J9
Q15649	Q9CQK1
Q15650	Q9QXN3
Q15651	Q9DCB1
Q15652	Q69ZK6
Q15653	Q60778
Q15654	Q9Z1Y4
Q15669	Q9D3G9
Q15672	P26687
Q15678	Q62130
Q15691	Q61166
Q15697	B9EJW5
Q15699	Q8C8B0
Q15700	Q91XM9
Q15714	P62500
Q15717	P70372
Q15722	O88855
Q15723	Q9JHC9
Q15726	Q6Y4S4
Q15735	P59644
Q15738	Q9R1J0
Q15742	Q61127
Q15743	Q8BFQ3
Q15744	Q6PZD9
Q15746	Q6PDN3
Q15750	Q8CF89
Q15751	E9PZP8
Q15758	P51912
Q15759	Q9WUI1
Q15760	Q61121
Q15761	O70342
Q15762	Q8K4F0
Q15768	O35393
Q15771	Q923S9
Q15772	Q62407
Q15773	Q99KX1
Q15776	Q8BSL0
Q15777	Q9CZJ0
Q15784	Q62414
Q15785	Q9CYG7
Q15788	P70365
Q15796	Q62432
Q15797	P70340
Q15800	Q9CRA4
Q15811	Q9Z0R4
Q15813	Q8CIV8
Q15814	Q8VCN9
Q15818	Q62443
Q15819	Q9D2M8
Q15822	Q91X60
Q15825	Q9R0W9
Q15828	Q9D1B1
Q15831	Q9WTK7
Q15833	Q64324
Q15834	Q6PDY0
Q15835	Q9WVL4
Q15836	P63024
Q15842	P97794
Q15843	P29595
Q15846	Q3ZRW6
Q15848	Q60994
Q15849	Q8R4T9
Q15853	Q64705
Q15858	Q62205
Q15878	Q61290
Q15884	Q4FZH1
Q15904	Q9R1Q9
Q15906	Q62481
Q15907	P46638
Q15910	Q61188
Q15911	Q61329
Q15915	P46684
Q15916	Q8K088
Q15942	Q62523
Q16082	Q99PR8
Q16099	Q8BMF5
Q16134	Q921G7
Q16143	Q91ZZ3
Q16181	O55131
Q16204	D3YZP9
Q16206	Q8R0Z2
Q16222	Q91YN5
Q16236	Q60795
Q16254	Q8R0K9
Q16270	Q61581
Q16280	Q62398
Q16281	Q9JJZ8
Q16288	Q6VNS1
Q16322	B2RQA1
Q16342	P46718
Q16348	Q9ES07
Q16352	P46660
Q16363	P97927
Q16394	P97464
Q16401	Q8BJY1
Q16445	P16305
Q16478	Q61626
Q16512	P70268
Q16513	Q8BWW9
Q16514	Q8VE65
Q16515	Q925H0
Q16517	Q61979
Q16518	Q91ZQ5
Q16520	O35284
Q16526	P97784
Q16527	P97314
Q16531	Q3U1J4
Q16533	Q8K0S9
Q16534	Q8BW74
Q16537	Q61151
Q16538	Q3UN16
Q16539	P47811
Q16540	O35972
Q16543	Q61081
Q16549	Q61139
Q16552	Q62386
Q16553	Q64253
Q16555	O08553
Q16558	Q8CAE3
Q16559	Q62282
Q16560	Q9D384
Q16563	O09117
Q16566	P08414
Q16568	P56388
Q16570	Q9QUI6
Q16572	O35304
Q16576	Q60973
Q16581	O09047
Q16584	Q80XI6
Q16585	P82349
Q16586	P82350
Q16589	O08918
Q16594	Q8VI33
Q16595	O35943
Q16600	P24399
Q16602	Q9R1W5
Q16610	Q61508
Q16611	O08734
Q16612	Q07475
Q16613	O88816
Q16617	Q99PA5
Q16619	Q60753
Q16620	P15209
Q16621	Q07279
Q16623	O35526
Q16625	Q61146
Q16626	Q64327
Q16629	Q8BL97
Q16630	Q6NVF9
Q16633	Q64693
Q16635	Q91WF0
Q16637	P97801
Q16643	Q9QXS6
Q16644	Q3UMW7
Q16647	O35074
Q16649	O08750
Q16650	Q64336
Q16651	Q9ESD1
Q16653	Q61885
Q16654	O70571
Q16655	Q2TA50
Q16656	Q9WU00
Q16658	Q61553
Q16659	Q61532
Q16661	O09051
Q16665	Q61221
Q16667	Q810P3
Q16670	Q5RJ54
Q16671	Q8K592
Q16674	Q61865
Q16676	Q61345
Q16678	Q64429
Q16690	Q1HL35
Q16695	A0A8I4SYN6
Q16698	Q9CQ62
Q16706	P27046
Q16718	Q9CPP6
Q16719	Q9CXF0
Q16720	Q0VF55
Q16739	O88693
Q16740	O88696
Q16760	E9PUQ8
Q16762	P52196
Q16769	Q9CYK2
Q16773	Q8BTY1
Q16774	Q64520
Q16775	Q99KB8
Q16777	Q64523
Q16787	Q61789
Q16790	Q8VHB5
Q16795	Q9DC69
Q16798	Q8BMF3
Q16799	Q8K0T0
Q16816	P07934
Q16819	P28825
Q16820	Q61847
Q16821	Q99MR9
Q16822	Q8BH04
Q16825	Q62136
Q16827	E9Q612
Q16828	Q9DBB1
Q16829	Q91Z46
Q16831	P52624
Q16832	Q62371
Q16836	Q61425
Q16842	Q11204
Q16849	Q60673
Q16850	Q8K0C4
Q16851	Q91ZJ5
Q16853	O70423
Q16854	Q9QX60
Q16864	Q9D1K2
Q16873	Q60860
Q16875	A2AUP5
Q16877	Q6DTY7
Q16878	P60334
Q16880	Q64676
Q16881	Q9JMH6
Q16890	O54818
Q16891	Q8CAQ8
Q17R31	Q3U1C6
Q17R55	Q0VAY3
Q17R60	Q8R1W8
Q17R89	Q5SSM3
Q17R98	Q505G8
Q17RB8	D3YY23
Q17RC7	Q6DIA2
Q17RD7	Q7TN83
Q17RF5	J3QNT8
Q17RG1	Q562E2
Q17RM4	Q8CAI1
Q17RN3	E9PYD1
Q17RQ9	Q0VF94
Q17RS7	Q8BMI4
Q17RW2	Q30D77
Q17RY0	Q7TN98
Q17RY6	Q9CWP4
Q18PE1	Q18PE0
Q19AV6	Q9CWQ2
Q19T08	Q3TZW0
Q1A5X6	Q8BPW0
Q1ED39	Q9Z2Q2
Q1EHB4	Q49B93
Q1HG43	Q8VE49
Q1HG44	Q9D311
Q1KMD3	Q00PI9
Q1L5Z9	F6ZE64
Q1L6U9	B1AWI6
Q1MSJ5	B2RX88
Q1MX18	Q3HNM7
Q1RMZ1	Q8BXK4
Q1W4C9	Q3UTS8
Q1W6H9	Q8VE94
Q1X8D7	Q3V0M2
Q1XH10	Q80YR3
Q1ZYL8	D3Z690
Q1ZZU3	Q8K3D3
Q24JP5	Q922P8
Q24JQ0	Q3UME2
Q27J81	Q0GNC1
Q29RF7	Q6A026
Q2HXU8	Q149M0
Q2I0M4	Q91W20
Q2I0M5	Q8BJ73
Q2KHM9	Q6A000
Q2KHN1	Q9CQ29
Q2KHR2	F8VPJ6
Q2KHR3	A0A338P6K9
Q2KHT3	Q80U30
Q2KHT4	Q8R1W2
Q2KJY2	Q7TNC6
Q2L4Q9	Q571E5
Q2LD37	A2AAE1
Q2M1K9	Q80TS5
Q2M1P5	B7ZNG0
Q2M1V0	A1A546
Q2M1Z3	A6X8Z5
Q2M243	Q3V036
Q2M296	Q3URQ7
Q2M2E3	Q8VI88
Q2M2H8	A0A571BDS5
Q2M2I3	Q80XS7
Q2M2I5	A1L317
Q2M2I8	Q3UHJ0
Q2M2W7	Q08AU9
Q2M2Z5	Q3UXL4
Q2M329	Q9CR92
Q2M385	A1L314
Q2M389	Q3UMB9
Q2M3C6	Q8BZB3
Q2M3C7	Q6NSW3
Q2M3D2	D3YUP5
Q2M3G0	B5X0E4
Q2M3G4	Q5SX79
Q2M3M2	Q8VDT1
Q2M3R5	Q8BY79
Q2M3T9	Q05A56
Q2M3V2	Q8BLS7
Q2M5E4	V9GXQ3
Q2MJR0	Q6P6N5
Q2MKA7	Q9Z132
Q2MV58	Q8BZ64
Q2NKJ3	Q5SUQ9
Q2NKQ1	Q8BPQ7
Q2NKX8	Q8BHK9
Q2NKX9	Q149G0
Q2NL67	Q6P6P7
Q2NL68	Q7TSA6
Q2NL82	Q5SWD9
Q2NL98	Q8BP01
Q2PPJ7	A3KGS3
Q2PZI1	A6X919
Q2Q1W2	Q1PSW8
Q2QGD7	Q8C8V1
Q2QL34	Q99MS3
Q2T9J0	Q9DBA6
Q2T9K0	E9Q4M0
Q2T9L4	Q8CD60
Q2TAA2	Q9DB29
Q2TAA5	Q3TZM9
Q2TAA8	Q99P25
Q2TAC2	Q6PHN1
Q2TAC6	Q99PT9
Q2TAK8	Q6DID5
Q2TAL5	Q8CI12
Q2TAL6	Q8C8N3
Q2TAL8	Q3UA37
Q2TAM9	Q673H1
Q2TAP0	Q9D428
Q2TAY7	Q3UKJ7
Q2TAZ0	Q6P4T0
Q2TB10	Q0VEE6
Q2TB18	Q8BIR2
Q2TB90	Q91W97
Q2TBA0	Q9D783
Q2TBC4	F6ZPB0
Q2TBE0	Q8BG79
Q2TBF2	D4PHA7
Q2UY09	Q2UY11
Q2V2M9	Q76LL6
Q2VPB7	Q3TAP4
Q2VPJ9	Q7TPD7
Q2VPK5	Q3U308
Q2VWA4	A7M7C7
Q2VWP7	Q2EY15
Q2VYF4	Q7TNU7
Q2WEN9	E9QA28
Q2WGJ6	Q8BSF5
Q2WGJ8	A0A2R8VHF7
Q2WGJ9	E0CZ42
Q2Y0W8	Q8JZR6
Q2YD98	Q9D479
Q30201	P70387
Q30KP8	Q8BVB5
Q30KP9	Q30KN4
Q30KQ4	Q8BGW9
Q30KQ5	Q3V2L0
Q30KQ7	Q30KP5
Q30KQ9	Q30KP6
Q30KR1	Q3UW22
Q32M45	Q8C5H1
Q32M84	E9Q173
Q32M88	Q8BP56
Q32MH5	Q69ZK7
Q32MK0	Q3UIZ8
Q32MQ0	Q8BH05
Q32MZ4	Q3UZ39
Q32NB8	Q8BHF7
Q32NC0	Q5XFZ0
Q32P28	Q3V1T4
Q32P41	Q9D0C4
Q32P44	Q8VC03
Q32P51	P49312
Q32ZL2	Q8BJ52
Q330K2	A2AIL4
Q33E94	Q7TNK1
Q38SD2	Q3UHC2
Q3B726	Q78WZ7
Q3B7I2	Q4VAB4
Q3B7J2	Q9CYH5
Q3B7T1	Q6GQV7
Q3B7T3	Q9EQG5
Q3B820	Q8QZV6
Q3B8N5	Q8BII1
Q3C1V0	J3QN01
Q3C1V1	Q9D1Z2
Q3C1V8	Q810B3
Q3I5F7	Q32Q92
Q3KNS1	Q0EEE2
Q3KNT9	P0DJF3
Q3KNV8	Q8BTQ0
Q3KNW1	Q9QY31
Q3KNW5	Q9CXB2
Q3KP22	Q9D992
Q3KP31	Q497V9
Q3KP44	Q8BLD6
Q3KP66	Q7TN12
Q3KQU3	A2AJI0
Q3KQV9	Q3TW96
Q3KQZ1	Q5SWT3
Q3KR16	Q8R0J1
Q3KR37	Q80TI0
Q3KRA6	Q9CRW3
Q3KRA9	Q8K2U2
Q3L8U1	Q8BYH8
Q3LI76	Q9QZU5
Q3LI81	E9PX37
Q3LI83	G3X9A2
Q3LIE5	Q99KS6
Q3LXA3	Q8VC30
Q3MHD2	Q9D0R8
Q3MII6	A1A5B6
Q3MIN7	Q3UYI5
Q3MIP1	Q3UV16
Q3MIR4	Q8BHG3
Q3MIT2	Q9D3U0
Q3MIW9	Q3TNW5
Q3MIX3	Q80V03
Q3MJ13	D3YYM4
Q3MJ16	Q50L42
Q3MUY2	P0C1P0
Q3SX64	Q3TZ65
Q3SXM5	Q8BTX9
Q3SXP7	Q0VBP7
Q3SXY7	W8DXL4
Q3SXY8	Q640N2
Q3SXZ7	A2APC3
Q3SY00	A0A494BAR6
Q3SY52	Q80YP6
Q3SY56	Q9ESX2
Q3SY69	Q8K009
Q3SY84	Q9R0H5
Q3SYC2	Q80W94
Q3SYG4	Q811G0
Q3T8J9	Q9DB00
Q3T906	Q69ZN6
Q3V5L5	Q765H6
Q3V6T2	Q5SNZ0
Q3YBM2	Q9R1Q6
Q3YBR2	Q3UB74
Q3YEC7	Q5U3K5
Q3ZAQ7	Q78T54
Q3ZCN5	F7A4A7
Q3ZCQ2	Q3T9V6
Q3ZCQ3	Q8K064
Q3ZCQ8	Q9D880
Q3ZCT1	Q62513
Q3ZCT8	Q9D618
Q3ZCV2	A2AVQ5
Q3ZCW2	Q8VED9
Q400G9	Q8BVF9
Q460N5	Q2EMV9
Q494R4	P0C7Q1
Q494U1	Q8C886
Q494V2	Q80VN0
Q495A1	P86176
Q495B1	F8VQ39
Q495C1	F6TQD1
Q495M3	Q8BHK3
Q495M9	Q80T11
Q495N2	Q811P0
Q495T6	Q9JLI3
Q495W5	Q8BHC9
Q495X7	Q8VI40
Q496A3	A2RRY8
Q496F6	Q8K249
Q496H8	Q8C4W3
Q496J9	Q69ZS6
Q496Y0	Q9D4H7
Q499Z3	Q8BHW9
Q499Z4	Q99LH4
Q49A17	E5D8G1
Q49A26	Q922P9
Q49A88	Q8K2J4
Q49A92	Q8BZJ8
Q49AA0	A2A761
Q49AG3	B2RPU8
Q49AH0	Q8CC36
Q49AJ0	Q9DAI6
Q49AM1	Q8BKY8
Q49AN0	Q9R194
Q49AR2	Q8BGC1
Q49B96	Q8K0C8
Q49MG5	Q3TRR0
Q49MI3	A2AQH1
Q49SQ1	O88416
Q4AC94	Q52KB6
Q4AC99	Q3UX83
Q4ADV7	Q69ZJ7
Q4AE62	Q8BW56
Q4FZB7	Q3U8K7
Q4G0A6	Q3UQI9
Q4G0F5	Q8C0E2
Q4G0I0	Q6RUT7
Q4G0J3	Q05CL8
Q4G0M1	Q6PGN1
Q4G0N4	Q8C5H8
Q4G0N7	Q8CF36
Q4G0N8	Q6UJY2
Q4G0P3	Q80W93
Q4G0S7	E9PX14
Q4G0U5	A9Q751
Q4G0W2	Q8BTR5
Q4G0X4	Q3URF8
Q4G0X9	Q8BI79
Q4G0Z9	E9Q956
Q4G112	Q5ND04
Q4G148	Q3UHH8
Q4G163	Q8CDI2
Q4G176	Q3URE1
Q4G1C9	Q9CQ35
Q4J6C6	Q8C167
Q4JDL3	O55082
Q4KMG0	Q32MD9
Q4KMG9	Q0VBF2
Q4KMP7	Q8BHL3
Q4KMQ1	A2AI08
Q4KMQ2	Q6P9J9
Q4KMZ1	A2ADZ8
Q4KMZ8	Q9D035
Q4KWH8	Q4KWH5
Q4L180	Q6P6L0
Q4L235	Q80WC9
Q4LDE5	A2AVA0
Q4LDG9	Q05A62
Q4LDR2	Q8BXZ0
Q4LE39	A2CG63
Q4LEZ3	Q811W1
Q4U2R6	Q9CPY1
Q4U2R8	Q8VC69
Q4V328	Q8VD04
Q4V9L6	Q8R138
Q4VC05	Q9CXE2
Q4VC12	Q9D5Z5
Q4VC31	Q8R3Q6
Q4VC44	Q8CI03
Q4VCS5	Q8VHG2
Q4VNC0	Q3TYU2
Q4VNC1	Q5XF90
Q4VX76	Q99N48
Q4VXU2	A2A5N3
Q4W4Y0	Q4KL13
Q4W5G0	Q0VBL1
Q4W5P6	A0A286YD83
Q4ZG55	Q3UHK3
Q4ZHG4	A0A6I8MWX0
Q4ZIN3	Q8CIV2
Q4ZJI4	Q8C0X2
Q502W6	A0A571BE33
Q502W7	Q8CDN8
Q502X0	Q6UL01
Q504Q3	Q8BGF7
Q504T8	Q3TPJ7
Q504U0	Q3UUX7
Q504Y0	Q5FWH7
Q504Y2	Q5RJI4
Q504Y3	Q08EN7
Q50LG9	Q8BHA1
Q52LA3	Q8CD94
Q52LC2	D3Z5W0
Q52LD8	Q8CHX7
Q52LJ0	Q80VD1
Q52LR7	Q8C0I4
Q52LW3	Q8CGF1
Q52MB2	Q8BMK5
Q52WX2	Q8QZX0
Q537H7	Q9CVW4
Q53EL6	Q61823
Q53EL9	Q7TSK2
Q53EP0	Q6NWW9
Q53EQ6	Q499M4
Q53ET0	Q3U182
Q53EU6	Q8C0N2
Q53EV4	O35125
Q53EZ4	Q8BT07
Q53F19	Q8BZR9
Q53F39	Q80XL7
Q53FD0	Q8CCG1
Q53FE4	A0A5F8MPV9
Q53FP2	Q9D328
Q53FT3	Q9DD02
Q53FV1	Q9CQZ0
Q53FZ2	Q3UNX5
Q53G44	Q9BDB7
Q53G59	Q8BZM0
Q53GA4	O08969
Q53GD3	Q91VA1
Q53GG5	O70209
Q53GI3	Q9Z1D9
Q53GL0	Q9JIY0
Q53GL7	Q8CIE4
Q53GQ0	O70503
Q53GS7	Q8R322
Q53GS9	Q3TIX9
Q53GT1	Q99JN2
Q53H12	Q9ESW4
Q53H47	Q80UJ9
Q53H54	Q8BG71
Q53H64	A0A286YDN8
Q53H76	Q8VI78
Q53H80	B1AXD8
Q53H82	Q99KR3
Q53H96	Q9DCC4
Q53HC0	Q8VDN4
Q53HC5	Q8BGY4
Q53HC9	Q8K0G5
Q53HI1	Q9CQ61
Q53HL2	Q8BHX3
Q53HV7	Q6P5C5
Q53LP3	Q8C0J6
Q53QV2	Q9CX60
Q53QW1	Q9DA60
Q53QZ3	Q811M1
Q53R12	Q9CQY8
Q53R41	Q6DI86
Q53RD9	Q501P1
Q53RE8	Q9D2X0
Q53RT3	Q09PK2
Q53RY4	Q8K177
Q53S33	Q8CEI1
Q53S58	Q8BPE4
Q53SF7	Q3UMF0
Q53SZ7	Q9D9B7
Q53T59	Q3TC93
Q53T94	P97358
Q53TN4	Q925G2
Q53TQ3	Q66JY2
Q53TS8	A0A5F8MPU3
Q562E7	Q5ND34
Q562R1	Q8BFZ3
Q567U6	Q7TQK5
Q567V2	Q8VIK2
Q569G3	Q24JP4
Q569H4	A3KMN5
Q569K4	Q8BXJ8
Q569K6	Q5SPX1
Q56A73	Q8K1L2
Q56NI9	Q8CIB9
Q56P03	Q5BU09
Q56UN5	E9Q3S4
Q56VL3	Q9D8W7
Q587I9	Q9CSV6
Q587J7	Q9CWU0
Q587J8	Q9CWU5
Q58A45	Q640Q5
Q58DX5	A0A0N4SUJ3
Q58EX2	Q6V4S5
Q58EX7	A0A1L1SU27
Q58F21	Q91Y44
Q58HT5	A2ADU9
Q58WW2	Q9DC22
Q59EK9	O08576
Q59H18	Q5GIG6
Q5BIV9	Q8BWU1
Q5BJD5	Q8K1A5
Q5BJE1	Q8CDV0
Q5BJF2	Q8VD00
Q5BJF6	A3KGV1
Q5BJH2	Q9CZB9
Q5BJH7	Q9CX30
Q5BKU9	Q9CR10
Q5BKX5	J3QPC3
Q5BKX6	Q0P5V9
Q5BKX8	A2AMM0
Q5BKY1	Q8K3W2
Q5BKY9	Q9CVI2
Q5BKZ1	O88291
Q5BLP8	Q3UR78
Q5BN46	Q5BN45
Q5BVD1	Q8C5C9
Q5C9Z4	Q3UFM5
Q5CZC0	A2ARZ3
Q5D0E6	Q6PJN8
Q5D1E8	Q5D1E7
Q5D862	Q2VIS4
Q5DID0	Q5DID3
Q5DX21	P0C673
Q5EB52	Q07646
Q5EBL2	Q8CJ78
Q5EBL4	Q9JJC6
Q5EBL8	Q9CZG9
Q5EBM0	Q3U5Q7
Q5EE01	Q3URR0
Q5F1R6	E9Q8D0
Q5FBB7	Q9CXH7
Q5FVE4	Q2XU92
Q5FWE3	Q6PE13
Q5FWF4	Q6NZP1
Q5FWF5	Q69Z69
Q5FWF7	Q8CAT8
Q5FYB0	Q8BM89
Q5FYB1	Q32KI9
Q5GAN3	Q5GAM7
Q5GAN4	Q5GAM8
Q5GAN6	Q9D5A9
Q5GFL6	Q70UZ7
Q5GH70	Q5GH62
Q5GH72	Q5GH64
Q5GH73	E9Q6C8
Q5GH76	Q5GH67
Q5GJ75	Q3TBL6
Q5GLZ8	Q6PAV2
Q5H8A3	Q5H8A1
Q5H8A4	D3Z3Y1
Q5H8C1	Q684R7
Q5H913	Q9D416
Q5H9E4	E9PZF7
Q5H9F3	A2AQH4
Q5H9K5	Q3V0C1
Q5H9M0	Q4VA55
Q5H9R4	E9PWM3
Q5H9R7	Q922D4
Q5H9S7	Q3TUL7
Q5H9T9	A1EGX6
Q5HY92	Q9ERZ6
Q5HYA8	Q8BR76
Q5HYC2	H3BKP8
Q5HYI7	D3YTP3
Q5HYI8	Q9D4V7
Q5HYJ1	Q8BFZ1
Q5HYJ3	Q80XP8
Q5HYK3	Q9CXI0
Q5HYK7	Q91X43
Q5HYK9	Q2TL60
Q5HYL7	V9GX04
Q5HYM0	G3X9I7
Q5HYR2	Q9D9R7
Q5HYW2	B1AXH1
Q5HYW3	Q5DTT4
Q5I0G3	Q5F204
Q5I0X4	Q9D727
Q5I0X7	Q9DAC7
Q5IJ48	Q80YA8
Q5J8M3	Q9CZX9
Q5J8X5	Q5FWC3
Q5JPB2	A2ADM8
Q5JPH6	Q9CXJ1
Q5JPI3	Q3TTL0
Q5JPI9	Q9D853
Q5JQC9	Q60662
Q5JQS5	Q7TS30
Q5JR12	Q149T7
Q5JR59	Q3UHD3
Q5JR98	Q8CDY7
Q5JRA6	Q8BI84
Q5JRM2	E9QAS1
Q5JRV8	Q8BHW5
Q5JRX3	Q8K411
Q5JS13	A2AR50
Q5JS37	Q8CCH2
Q5JS54	P0C7N9
Q5JSH3	Q6NVE8
Q5JSJ4	Q8BND4
Q5JSL3	A2AF47
Q5JSP0	O88842
Q5JSS6	Q61845
Q5JST6	Q9D485
Q5JSZ5	Q7TPM1
Q5JT82	Q8CFA7
Q5JTB6	Q8K262
Q5JTC6	Q7TS75
Q5JTD0	Q9DCD5
Q5JTD7	B2RWC4
Q5JTH9	Q6P5B0
Q5JTJ3	Q8BGD8
Q5JTN6	Q9D994
Q5JTV8	Q921T2
Q5JTW2	Q6IRU7
Q5JTZ5	Q8K0M7
Q5JTZ9	Q14CH7
Q5JU00	A6H639
Q5JU67	Q0VFX2
Q5JU69	Q8R1J9
Q5JU85	Q5DU25
Q5JUK2	Q6IUP1
Q5JUK3	Q6ZPR4
Q5JUQ0	Q8C552
Q5JUR7	Q3TUU5
Q5JV73	A0A140LIW3
Q5JVF3	Q8BFV2
Q5JVL4	Q9D9T8
Q5JVS0	Q9JKS5
Q5JVX7	Q9D5Q8
Q5JW98	Q8CE93
Q5JWF2	Q6R0H7
Q5JWF8	A2AKE7
Q5JWR5	Q8BL99
Q5JXC2	A2A7Y5
Q5JXM2	Q8CCB5
Q5JY77	Q5U4C1
Q5JYT7	Q8BWG4
Q5JZY3	Q8BYG9
Q5K4E3	Q5K2P8
Q5K4L6	O88561
Q5KSL6	F6UUZ3
Q5KU26	Q8K4Q8
Q5M775	Q5SXY1
Q5M7Z0	Q9DCN7
Q5M8T2	Q8BGF8
Q5M9N0	Q8CDI6
Q5M9Q1	Q5SZT7
Q5MAI5	Q3TZA2
Q5MCW4	Q80W31
Q5MIZ7	Q922R5
Q5MJ70	Q5IBH7
Q5MNV8	A2A6H3
Q5MNZ6	Q9CR39
Q5MNZ9	Q8R3E3
Q5MY95	Q8K0L2
Q5NDL2	Q8BYW9
Q5NUL3	Q7TMA4
Q5PRF9	Q80XS6
Q5PSV4	Q3U1T3
Q5PT55	Q5PT54
Q5QGS0	Q5DTT1
Q5QGT7	Q80ZI2
Q5QGZ9	Q504P2
Q5QJ38	Q9D3P1
Q5QJ74	Q8C5W3
Q5QJE6	Q8R2M2
Q5QJU3	Q8VD53
Q5QNW6	Q64525
Q5QP82	A2AKB9
Q5R372	A6H6A9
Q5R387	P48076
Q5R3F8	Q68FM6
Q5R3I4	A3KMP2
Q5R3K3	Q8C9E8
Q5RHP9	F6QRE9
Q5RI15	Q9D7J4
Q5RKV6	Q8BTW3
Q5RL73	Q8K2X2
Q5S007	Q5S006
Q5SGD2	Q8BHN0
Q5SNT2	A2A8U2
Q5SQ64	B2RXM6
Q5SQH8	B8JJ69
Q5SQI0	Q8K341
Q5SQN1	Q8R570
Q5SQQ9	Q2NKI2
Q5SQS7	A6X942
Q5SQS8	Q8CDT9
Q5SR56	Q8CIA9
Q5SRE5	Q6ZQH8
Q5SRE7	Q9DB26
Q5SRH9	A2ACP1
Q5SRI9	Q6NXH2
Q5SRR4	Q8K1T5
Q5SSJ5	Q3TEA8
Q5SSQ6	Q9CY86
Q5ST30	Q3U2A8
Q5SV17	B2RWJ3
Q5SV97	Q149B8
Q5SVJ3	Q9DAA7
Q5SVQ8	Q811F1
Q5SVS4	Q9CR58
Q5SVZ6	Q3TJB1
Q5SW24	Q7TN08
Q5SW79	Q6A065
Q5SW96	Q8C142
Q5SWA1	Q8BFW3
Q5SWH9	Q3KQJ0
Q5SWX8	Q4PJX1
Q5SXH7	Q8BW88
Q5SXM2	Q8BP86
Q5SXM8	Q9D113
Q5SY16	Q3TZX8
Q5SYB0	A2AKB4
Q5SYC1	Q8BG92
Q5SYE7	Q8CAF4
Q5SZB4	A2APZ1
Q5SZD1	Q9D2Z6
Q5SZD4	E9Q5L8
Q5SZI1	A0A5F8MPH1
Q5SZJ8	Q6PFX2
Q5SZK8	Q6NVD0
Q5SZL2	A0A1W2P884
Q5SZQ8	Q8CIN6
Q5T011	A2A9C3
Q5T013	Q8R1F5
Q5T089	A2RTS7
Q5T0B9	B1ASA5
Q5T0D9	Q9DBS2
Q5T0F9	Q8BRN9
Q5T0J7	Q14BK3
Q5T0L3	Q4FZF2
Q5T0N1	D3YVL2
Q5T0N5	Q8K012
Q5T0T0	Q9DBD2
Q5T0U0	Q8BVN0
Q5T0W9	Q0VBM2
Q5T0Z8	Q91Z58
Q5T124	Q9D572
Q5T160	Q3U186
Q5T197	Q059Y8
Q5T1A1	A0A140LIJ0
Q5T1B0	Q3UZ57
Q5T1C6	Q3UUI3
Q5T1M5	Q6P9Q6
Q5T1N1	E9Q8N6
Q5T1Q4	Q8BGK5
Q5T1R4	A2A884
Q5T1S8	Q99JS0
Q5T1V6	Q9DBN9
Q5T200	E9Q784
Q5T215	Q4KL14
Q5T230	Q6J1H4
Q5T280	Q3UHX9
Q5T292	E9PVZ2
Q5T2D2	Q2LA85
Q5T2D3	B1AZ99
Q5T2E6	Q6PD19
Q5T2R2	Q33DR2
Q5T2S8	B2RY50
Q5T2T1	Q8BVD5
Q5T2W1	Q9JIL4
Q5T3F8	Q3TWI9
Q5T3I0	Q3TFK5
Q5T3J3	Q8CDD9
Q5T3U5	Q8R4P9
Q5T440	Q8CAK1
Q5T442	Q8BQU6
Q5T447	Q3U487
Q5T481	Q3UQS8
Q5T4B2	A3KGW5
Q5T4D3	Q8BG19
Q5T4F4	Q3TXX3
Q5T4F7	Q9WU66
Q5T4S7	A2AN08
Q5T4T1	P86050
Q5T4T6	A0A0M3U1B0
Q5T4W7	Q9Z0L2
Q5T5A4	Q9DAD0
Q5T5C0	Q8K400
Q5T5J6	Q9DBQ9
Q5T5M9	Q3TZI6
Q5T5N4	Q7TPG0
Q5T5P2	A2AQ25
Q5T5S1	A2AJB1
Q5T5U3	Q6DFV3
Q5T5X7	Q6PAL0
Q5T5Y3	A2AHC3
Q5T601	Q8VEC3
Q5T619	D3Z0W3
Q5T653	Q9D773
Q5T655	B2RW38
Q5T681	Q80Y39
Q5T686	Q9D7H4
Q5T6C5	Q8C8K6
Q5T6F0	Q8BGZ3
Q5T6F2	Q91VX2
Q5T6J7	Q8R0J8
Q5T6L9	E9Q048
Q5T6S3	Q9CXG9
Q5T6V5	G3X8U3
Q5T6X4	Q9CX19
Q5T6X5	Q8K4Z6
Q5T700	D3YYZ1
Q5T749	B2RUR4
Q5T750	G5E8Z3
Q5T7B8	Q6NWW5
Q5T7M4	Q8R2Z0
Q5T7M9	Q9D6I7
Q5T7N2	Q587J6
Q5T7N3	Q6P9J5
Q5T7P8	Q9R0N8
Q5T7R7	Q9CPZ3
Q5T7V8	Q8BRM2
Q5T7W0	Q80YY7
Q5T7W7	Q3U269
Q5T848	Q8C419
Q5T870	Q8BV84
Q5T871	Q9DAE3
Q5T890	Q9JIM3
Q5T8A7	Q6A025
Q5T8D3	Q5XG73
Q5T8I3	Q8BQS4
Q5T8I9	Q8CAE2
Q5T8P6	Q6NZN0
Q5T953	Q99J55
Q5T9C2	Q78T81
Q5T9C9	Q6U7H8
Q5T9G4	Q80X86
Q5T9L3	Q6DID7
Q5T9S5	Q640L5
Q5TA31	Q8BFX1
Q5TA45	Q9CWS4
Q5TA50	Q8BS40
Q5TA77	Q9CQM7
Q5TA89	P70120
Q5TAA0	Q8C159
Q5TAB7	Q2WG76
Q5TAQ9	Q8N7N5
Q5TAT6	Q9R1N9
Q5TAX3	B2RX14
Q5TB30	Q8CIG0
Q5TB80	Q6ZQ06
Q5TBA9	E9Q8I9
Q5TBB1	Q80ZV0
Q5TBC7	Q08ED0
Q5TBE3	Q8CET0
Q5TBK1	Q3V2Q8
Q5TC12	Q811I0
Q5TC63	Q9D3N8
Q5TC79	Q8C3U9
Q5TC82	Q4VGL6
Q5TC84	Q8VE52
Q5TCQ9	Q9EQJ9
Q5TCS8	G3UYQ4
Q5TCX8	Q8VDG6
Q5TCY1	Q6PCN3
Q5TCZ1	O89032
Q5TD94	Q8BYM7
Q5TD97	Q9WTX7
Q5TDH0	A2ADY9
Q5TDP6	Q8CIX8
Q5TEA3	Q7TT23
Q5TEA6	Q3V172
Q5TEC3	Q569E7
Q5TEJ8	Q91YX0
Q5TEU4	A2APY7
Q5TEZ5	Q3V037
Q5TF21	Q6NZL0
Q5TF58	Q8R2V2
Q5TFE4	Q8C5P5
Q5TFG8	Q9D534
Q5TG30	E9Q6X9
Q5TGI0	Q3UMF9
Q5TGI4	Q3V1H9
Q5TGL8	Q8JZU6
Q5TGP6	G5E8L9
Q5TGS1	Q61657
Q5TGU0	Q9CRZ8
Q5TGY1	Q91WU4
Q5TGY3	Q6PAL7
Q5TGZ0	Q7TNS2
Q5TH69	Q3UGY8
Q5TH74	Q9D2F5
Q5THJ4	B1ART2
Q5THK1	E9Q7C4
Q5THR3	Q6P1E8
Q5TIA1	Q9D4I2
Q5TID7	Q80ZU5
Q5TIE3	A9Z1V5
Q5TKA1	Q8C735
Q5TZA2	Q8CJ40
Q5TZF3	Q810N6
Q5U3C3	Q6PHN7
Q5U4N7	A6PWY0
Q5U4P2	Q2TA57
Q5U5Q3	Q05A36
Q5U5R9	Q8CDU6
Q5U5X0	Q9DA03
Q5U5X8	Q6PGH4
Q5U5Z8	Q8CDK2
Q5U623	Q3UL97
Q5U649	Q810N5
Q5U651	Q3U0S6
Q5UAW9	Q8C206
Q5UCC4	Q3TAS6
Q5UE93	Q3U6Q4
Q5UIP0	Q6PR54
Q5VIR6	Q8CCB4
Q5VSG8	Q6P1J0
Q5VSL9	Q8C079
Q5VST6	Q7M759
Q5VST9	A2AAJ9
Q5VSY0	Q9JMB0
Q5VT06	E9Q309
Q5VT25	Q3UU96
Q5VT40	Q8BQN5
Q5VT52	Q6NXI6
Q5VT66	Q9CW42
Q5VT97	E9PUP1
Q5VT99	A2VDH3
Q5VTB9	Q6PDX6
Q5VTD9	O70237
Q5VTE6	Q8K1C0
Q5VTH2	Q6P8X9
Q5VTH9	E9PYY5
Q5VTJ3	A2APT9
Q5VTL7	A2AED3
Q5VTL8	Q80SY5
Q5VTQ0	Q8BYY4
Q5VTR2	Q5DTM8
Q5VTT2	Q9CQC3
Q5VTT5	A2ABU4
Q5VTY9	Q8BMT9
Q5VU43	Q80YT7
Q5VU57	Q09LZ8
Q5VU65	Q9D2F7
Q5VU69	Q9D9D9
Q5VU97	Q6PDJ1
Q5VUA4	Q99PP2
Q5VUB5	A2ATK9
Q5VUD6	Q99ML4
Q5VUE5	A0A0A6YWI4
Q5VUG0	Q5DTW2
Q5VUJ6	Q3UMG5
Q5VUJ9	Q9CQ46
Q5VUM1	Q8BTE0
Q5VUY0	A2A7Z8
Q5VV17	Q9CUB6
Q5VV41	Q3U5C8
Q5VV42	Q91WE6
Q5VV43	Q5SZV5
Q5VV52	Q3TDE8
Q5VV63	Q6A051
Q5VV67	Q6NZN1
Q5VVC0	Q3KQP7
Q5VVH5	Q9ESJ7
Q5VVJ2	Q69Z66
Q5VVM6	Q8BVF4
Q5VVQ6	Q8CB27
Q5VVW2	Q3V0G7
Q5VVX9	B1AUC4
Q5VVY1	B2RXM4
Q5VW32	Q8K2Q7
Q5VW36	A2AKG8
Q5VW38	Q8BUV8
Q5VWC8	A2AKM2
Q5VWG9	Q5HZG4
Q5VWI1	Q3B807
Q5VWJ9	Q8CE50
Q5VWK5	Q8K4B4
Q5VWN6	Q5DTT3
Q5VWP2	Q5SSF7
Q5VWP3	Q5FW52
Q5VWQ0	Q80T69
Q5VWQ8	Q3UHC7
Q5VWT5	A2A995
Q5VWW1	Q9ESN4
Q5VWX1	Q9WU01
Q5VWZ2	Q3UFF7
Q5VX52	Q9D5R4
Q5VX71	Q8BH32
Q5VXD3	D3YUG0
Q5VXI9	Q3U4B4
Q5VXJ0	Q8BM14
Q5VXM1	Q8BQH6
Q5VXT5	O89104
Q5VXU1	Q4PNJ2
Q5VXU3	Q8CBW7
Q5VXU9	A2ALV5
Q5VY09	O89113
Q5VY43	Q8VIK5
Q5VYJ5	A2AJX4
Q5VYK3	Q6PDI5
Q5VYM1	Q3V0E1
Q5VYS4	Q14BA6
Q5VYS8	Q5BLK4
Q5VYV0	Q64733
Q5VYV7	Q9D7Y9
Q5VYX0	A7RDN6
Q5VYY1	Q9D3J5
Q5VYY2	Q8K2A6
Q5VZ03	Q9D531
Q5VZ18	Q8BSD5
Q5VZ46	A0A087WP46
Q5VZ52	Q9DAI9
Q5VZ66	Q5DTN8
Q5VZ72	A6PWV3
Q5VZ89	A6H8H2
Q5VZB9	Q8CFG4
Q5VZE5	Q6PHQ8
Q5VZF2	Q8C181
Q5VZI3	Q8R239
Q5VZK9	Q6EDY6
Q5VZL5	A2A791
Q5VZM2	Q6NTA4
Q5VZP5	Q148W8
Q5VZQ5	Q9D5N9
Q5VZV1	Q8BLU2
Q5VZY2	Q0VBU9
Q5W041	A2AU72
Q5W0A0	A0A571BEV3
Q5W0B1	Q8K2Y0
Q5W0B7	A2ARJ3
Q5W0Q7	Q3ULM6
Q5W0U4	Q80YW5
Q5W0V3	Q8CDM8
Q5W0Z9	Q5Y5T1
Q5W111	Q3TFQ1
Q5W5W9	P47939
Q5W5X9	Q8CHY7
Q5XG87	Q6PB75
Q5XG92	Q8R0W5
Q5XG99	Q8CC84
Q5XKE5	Q8VED5
Q5XKK7	Q14DQ1
Q5XKL5	D3YUB6
Q5XKP0	Q8R404
Q5XKR4	O09113
Q5XPI4	Q5XPI3
Q5XUX0	Q3TQF0
Q5XUX1	F8VPX2
Q5XX13	Q5SUS0
Q5XXA6	Q8BHY3
Q5YKI7	Q6K1E7
Q5ZPR3	Q8VE98
Q60I27	Q60I26
Q629K1	B2B9E1
Q63HK3	G3X952
Q63HK5	Q8CGV9
Q63HM1	Q8K4H1
Q63HM2	Q3UVY5
Q63HM9	Q8BLJ3
Q63HN8	E9Q555
Q63HQ0	E9PYF7
Q63HQ2	Q4VBE4
Q63HR2	Q8CGB6
Q63ZY3	Q8BX02
Q641Q3	Q8VE43
Q643R3	Q6NVG1
Q64LD2	E9Q349
Q658L1	Q8BQB6
Q658N2	Q80XH4
Q658P3	Q8CI59
Q658Y4	Q3UVG3
Q659A1	Q3UZ18
Q66GS9	Q6P5D4
Q66K14	Q5SVR0
Q66K41	A2A5E6
Q66K64	Q6PFH3
Q66K66	Q8BG75
Q66K74	Q8C052
Q66K79	Q8R4V4
Q66K89	Q8CCE9
Q66LE6	Q925E7
Q66PJ3	Q9JM93
Q674R7	Q6EBV9
Q674X7	Q69ZS8
Q676U5	Q8C0J2
Q67FW5	Q3U129
Q684P5	Q5SVL6
Q687X5	Q923B6
Q68BL7	Q8BHP7
Q68BL8	Q3V1G4
Q68CJ6	D3YWJ0
Q68CJ9	Q91XE9
Q68CL5	Q66JT5
Q68CP4	Q3UDW8
Q68CP9	E9Q7E2
Q68CQ1	A2AVR2
Q68CQ4	Q8BTT6
Q68CQ7	Q6NSU3
Q68CR1	Q80TS8
Q68CR7	Q8K0B3
Q68CZ1	Q8CG73
Q68CZ2	Q5SSZ5
Q68CZ6	Q8QZX2
Q68D10	Q68FG3
Q68D42	A7E1Z1
Q68D51	Q6P9P8
Q68D91	Q8BL86
Q68DA7	Q05860
Q68DC2	Q6GQX6
Q68DD2	Q50L41
Q68DE3	B2RUQ2
Q68DH5	Q8C561
Q68DK2	Q5DU37
Q68DK7	Q6PDM1
Q68DL7	A0A494BAC1
Q68DN1	A0A1W2P6U8
Q68DQ2	Q80W49
Q68DU8	Q5DTY9
Q68DV7	Q5NCP0
Q68DX3	A0A140LI67
Q68E01	Q7TPD0
Q68EM7	Q3UIA2
Q68EN5	Q810A5
Q68G74	O35652
Q68G75	Q14C37
Q68J44	Q8BK84
Q693B1	Q8K485
Q695T7	Q9D687
Q69YG0	Q9CR22
Q69YH5	Q14B71
Q69YI7	Q6PFD7
Q69YL0	A0A0J9YTR2
Q69YN2	Q8CI33
Q69YN4	A2AIV2
Q69YQ0	Q2KN98
Q69YU3	B2RW11
Q69YU5	Q8BTC1
Q69YW2	Q0VBF8
Q69YZ2	D3Z0P8
Q6A162	Q6IFX3
Q6A163	Q6IFX4
Q6A555	Q69AB2
Q6AHZ1	B2RRF6
Q6AI08	Q6P1G0
Q6AI12	Q5SUE8
Q6AI14	Q8BUE1
Q6AI39	Q8CHH5
Q6AWC2	Q6NXJ0
Q6AZY7	Q8C850
Q6AZZ1	Q8K243
Q6B0B8	Q7TM95
Q6B0I6	Q3U2K5
Q6BAA4	Q5DRQ8
Q6BCY4	Q3KNK3
Q6BDI9	Q9D7T1
Q6BDS2	B2KF50
Q6BEB4	Q9JHX2
Q6DCA0	Q8JZZ6
Q6DD87	Q8BIF9
Q6DD88	Q91YH5
Q6DHV7	Q80SY6
Q6DJT9	Q9QYE0
Q6DKI1	Q9D8M4
Q6DKI7	A0A1B0GS01
Q6DKJ4	P97346
Q6DKK2	Q8CC21
Q6DN12	Q5RJH2
Q6DN14	E9PV86
Q6DN72	A1YIY0
Q6DN90	Q8R0S2
Q6DT37	Q80UW5
Q6DWJ6	Q80UC8
Q6E0U4	Q6P253
Q6E213	Q6E1M8
Q6EBC2	Q6EAL8
Q6EIG7	Q9JKF4
Q6EMB2	Q8CHB8
Q6EMK4	Q9CZT5
Q6F5E8	Q3V3V9
Q6FHJ7	Q9Z1N6
Q6FI13	Q6GSS7
Q6FI81	Q8WTY4
Q6FIF0	Q9DCH6
Q6GMV2	Q3TYX3
Q6GMV3	D3Z4S3
Q6GPH4	Q5NBU8
Q6GPH6	A2ASA8
Q6GQQ9	B2RUR8
Q6GTS8	Q8C165
Q6GV28	Q9D9S2
Q6GYQ0	Q6GYP7
Q6H8Q1	Q8BL65
Q6H9L7	D3Z6A3
Q6HA08	Q6HA09
Q6I9Y2	Q7TMY4
Q6IA17	Q9JLZ8
Q6IA69	Q711T7
Q6IA86	Q91WG4
Q6IAA8	Q9CQ22
Q6IAN0	Q99J47
Q6IB77	Q91XE0
Q6IBS0	Q9Z0P5
Q6IBW4	Q8BSP2
Q6IC98	Q8CB44
Q6ICB0	Q9CQT7
Q6ICB4	Q14B98
Q6ICC9	Q505G4
Q6ICG6	Q3UE31
Q6ICG8	Q9D529
Q6ICH7	Q80VP9
Q6ICI0	Q3UUA0
Q6ICL3	P54797
Q6ICL7	Q8K3D6
Q6IE38	B9EJP9
Q6IE81	Q6ZPI0
Q6IEE7	Q6IEE6
Q6IEG0	Q9D361
Q6IF42	Q8VEV1
Q6IF63	Q7TRN5
Q6IF99	E9Q848
Q6IMI4	P0CC03
Q6IMI6	Q80VR3
Q6IMN6	Q05A80
Q6IN84	Q99J25
Q6IN85	Q6P2K6
Q6IPM2	Q6PCQ0
Q6IPR1	Q91V16
Q6IPR3	Q8BSA9
Q6IPT2	A1L3C1
Q6IPT4	B1AS42
Q6IPU0	Q9CZ92
Q6IPW1	Q91VN2
Q6IQ16	Q2M2N2
Q6IQ19	Q8QZT2
Q6IQ20	Q8BH82
Q6IQ21	Q8BIQ8
Q6IQ22	P35283
Q6IQ23	Q3UIL6
Q6IQ26	Q6PAL8
Q6IQ32	Q8CHC8
Q6IQ49	Q8K1J5
Q6IQ55	Q3UVR3
Q6IS24	Q7TT15
Q6ISB3	Q8K5C0
Q6ISU1	P0C6B2
Q6IWH7	Q14AT5
Q6J272	Q9D4K5
Q6J4K2	Q925Q3
Q6J9G0	Q6J9G1
Q6JBY9	Q3UZA1
Q6JEL2	Q9D5V2
Q6JQN1	Q8K370
Q6JVE5	Q6JVL5
Q6JVE6	Q810Z1
Q6JVE9	Q924P3
Q6KB66	Q0VBK2
Q6KC79	Q6KCD5
Q6KCM7	A2ASZ8
Q6KF10	P43028
Q6L8Q7	Q3TIU4
Q6L9W6	Q6L8S8
Q6MZM0	Q3V1H3
Q6MZM9	Q3SYJ2
Q6MZP7	Q571G4
Q6MZQ0	A2AVJ5
Q6MZT1	Q8BQP9
Q6MZW2	Q5STE3
Q6MZZ7	Q3UW68
Q6N021	Q4JK59
Q6N022	Q3UHK6
Q6N043	Q68FE8
Q6N063	Q9CQ04
Q6N069	Q9DBB4
Q6N075	Q921Y4
Q6NS38	Q6P6J4
Q6NSI3	E9PV82
Q6NSI4	Q8C779
Q6NSI8	Q68FF0
Q6NSJ0	Q69ZQ1
Q6NSJ2	E9QAF4
Q6NSJ5	Q66JT1
Q6NSX1	Q9D9B0
Q6NSZ9	B2RX31
Q6NT16	D3Z5L6
Q6NT32	Q6AW46
Q6NT55	Q8BGU0
Q6NT76	Q8BJA3
Q6NT89	Q80ZI1
Q6NTE8	Q9D1F5
Q6NTF9	Q8VEK2
Q6NUI2	Q14DK4
Q6NUI6	E9Q7T7
Q6NUJ1	Q8C1C1
Q6NUJ2	Q32M26
Q6NUJ5	E9Q9M8
Q6NUK1	Q8BMD8
Q6NUK4	Q99KK1
Q6NUM9	Q64FW2
Q6NUN0	Q8BGA8
Q6NUN7	E9Q793
Q6NUN9	Q3U133
Q6NUP7	Q8C0Y0
Q6NUQ1	Q8BZ36
Q6NUQ4	Q8BM55
Q6NUS6	Q8R2Q6
Q6NUT2	P0CW70
Q6NUT3	Q3U481
Q6NV74	E9Q3M9
Q6NV75	Q8K0Z9
Q6NVH7	Q8VCI7
Q6NVU6	Q9CZP0
Q6NVV3	Q8BMW7
Q6NVV7	Q8R3A2
Q6NVY1	Q8QZS1
Q6NW29	Q9CPR1
Q6NW34	Q8R2U2
Q6NW40	Q7TQ33
Q6NWY9	Q80W14
Q6NXE6	Q8BNU0
Q6NXG1	Q3US41
Q6NXP0	V9GXH0
Q6NXP2	B2RXB0
Q6NXP6	Q9D3S5
Q6NXR0	Q8C262
Q6NXR4	Q8BGV4
Q6NXT1	Q91WK7
Q6NXT4	Q8BJM5
Q6NXT6	Q4VBD2
Q6NY19	Q9Z1P7
Q6NYC1	Q9ERI5
Q6NYC8	Q8BQ30
Q6NZ36	Q3UN58
Q6NZI2	O54724
Q6NZY4	Q9CYA6
Q6NZY7	Q9Z0X0
Q6P047	Q80ZQ3
Q6P050	Q8C7B6
Q6P087	Q14AI6
Q6P093	B2RWD2
Q6P0N0	Q80WQ8
Q6P0Q8	Q60592
Q6P158	Q6P5D3
Q6P161	Q9CPW3
Q6P1A2	Q91V01
Q6P1J6	Q3TTY0
Q6P1J9	Q8JZM7
Q6P1K1	Q9D8M3
Q6P1K2	Q9CPV5
Q6P1L5	Q3U3E2
Q6P1L8	Q9D1I6
Q6P1M0	Q91VE0
Q6P1M3	Q3TJ91
Q6P1M9	Q3UZB0
Q6P1N0	Q8K1A6
Q6P1N9	Q6P8M1
Q6P1Q0	Q924L1
Q6P1R3	Q6NZR2
Q6P1R4	Q8C2P3
Q6P1S2	Q8BN57
Q6P1W5	B1AYM9
Q6P1X5	Q8C176
Q6P1X6	Q8VE95
Q6P2C0	Q402B2
Q6P2C8	Q9DB40
Q6P2D0	P08042
Q6P2D8	Q3U3V8
Q6P2E9	Q3UJB9
Q6P2H3	Q8BMK0
Q6P2H8	Q9D0Z3
Q6P2M8	Q9QYK9
Q6P2P2	Q3U3W5
Q6P2Q9	Q99PV0
Q6P2S7	Q692V3
Q6P387	Q8BHB7
Q6P3R8	Q7TSC3
Q6P3S1	Q3U1T9
Q6P3S6	Q6PDJ6
Q6P3W2	Q91ZF0
Q6P3W7	Q8CFE4
Q6P3X3	Q8CD92
Q6P444	Q8VED8
Q6P499	Q8BGN5
Q6P4A7	Q925N1
Q6P4A8	Q8VCI0
Q6P4E1	Q6P2L7
Q6P4F1	Q5F2L2
Q6P4F2	Q9CPW2
Q6P4F7	Q80Y19
Q6P4H8	Q9D1Z3
Q6P4I2	Q9CWR1
Q6P4Q7	Q69ZF7
Q6P4R8	Q6PIJ4
Q6P531	Q6PDE7
Q6P587	Q8R0F8
Q6P589	Q9D8Y7
Q6P597	Q91W40
Q6P5Q4	Q3UHZ5
Q6P5R6	Q9D7S7
Q6P5S2	Q8C6C9
Q6P5S7	Q8K3C0
Q6P5W5	Q78IQ7
Q6P5X5	Q3U595
Q6P5X7	Q149F5
Q6P5Z2	Q8K045
Q6P656	Q6P8Y0
Q6P6B1	Q8K0S2
Q6P6B7	A2AS55
Q6P6C2	Q3TSG4
Q6P7N7	Q9D5K1
Q6P988	Q8R116
Q6P995	Q14CH0
Q6P996	Q99K01
Q6P9A2	Q8K1B9
Q6P9B6	Q8K0P3
Q6P9B9	Q8CHT3
Q6P9F0	E9PVD1
Q6P9F5	Q3UWA4
Q6P9F7	Q5DU41
Q6P9G0	Q5NCY3
Q6P9G4	Q8C4Q9
Q6P9G9	Q8CB76
Q6P9H4	Q8BMA3
Q6P9H5	Q8K349
Q6PCB0	Q8R2Z5
Q6PCB5	D3Z0K6
Q6PCB6	Q8VCV1
Q6PCB7	Q60714
Q6PCB8	P21995
Q6PCD5	Q8CIK8
Q6PCE3	Q8CAA7
Q6PCT2	Q6PB97
Q6PD62	Q62018
Q6PD74	Q8R2R3
Q6PEV8	Q8K2D0
Q6PEW0	Q7M756
Q6PEX3	Q9D7N2
Q6PEX7	A2A8T7
Q6PEY1	Q9D0N8
Q6PEZ8	Q6P3Y9
Q6PF05	A6H6E9
Q6PF06	Q9D075
Q6PF15	Q9CZ49
Q6PF18	Q8C5T4
Q6PFW1	A2ARP1
Q6PGN9	Q9D0P7
Q6PGP7	F8VPK0
Q6PGQ7	Q8BS90
Q6PH81	Q9CR55
Q6PH85	Q8BZJ7
Q6PHR2	Q3U3Q1
Q6PHW0	Q9DCX8
Q6PI25	O35089
Q6PI26	Q7TMX5
Q6PI47	E0CZ26
Q6PI48	Q8BIP0
Q6PI77	Q6PB60
Q6PI78	Q4VAE3
Q6PI97	Q80Y73
Q6PI98	Q8BHA0
Q6PID6	Q9D6K7
Q6PID8	Q6PAR0
Q6PIF2	Q505B8
Q6PIF6	Q99MZ6
Q6PII3	Q3U155
Q6PII5	Q9DB32
Q6PIJ6	Q8BMI0
Q6PIL6	Q6PHZ8
Q6PIS1	Q60850
Q6PIU1	Q8BZN2
Q6PIU2	Q8BLF1
Q6PIV2	Q3UTB7
Q6PIV7	A2ADF7
Q6PIW4	Q8BPY9
Q6PIY5	E9Q963
Q6PIY7	Q91YI6
Q6PIZ9	Q3UU67
Q6PJ21	Q571F5
Q6PJ61	Q8BG80
Q6PJ69	Q8BFW4
Q6PJF5	Q80WQ6
Q6PJG2	E9Q2I4
Q6PJG6	Q8C3R1
Q6PJG9	Q80XU8
Q6PJI9	Q8C0M0
Q6PJP8	Q9JIC3
Q6PJQ5	Q3UM89
Q6PJT7	Q8BJ05
Q6PJW8	Q8CBC4
Q6PK04	Q8R0K4
Q6PK18	Q9D136
Q6PKC3	Q8K2W3
Q6PKG0	Q6ZQ58
Q6PKX4	Q2MHE5
Q6PL18	Q8CDM1
Q6PL24	Q3UHI4
Q6PL45	A0A5F8MPL8
Q6PML9	Q5IRJ6
Q6PP77	Q5GH68
Q6PRD1	E9PY61
Q6PUV4	P84086
Q6PXP3	P0C6A1
Q6Q0C0	Q922B6
Q6Q0C1	Q6IS41
Q6Q4G3	Q2KHK3
Q6Q6R5	Q6Q6R3
Q6Q759	Q5S003
Q6Q788	Q8C7G5
Q6QAJ8	Q8BP07
Q6QEF8	Q920M5
Q6QHC5	Q8R2F2
Q6QHF9	Q8C0L6
Q6QHK4	O55208
Q6QNK2	Q80T32
Q6QNY0	Q5U5M8
Q6QNY1	Q9CWG9
Q6R327	Q6QI06
Q6RFH5	Q8VCG3
Q6RI45	A2AHJ4
Q6RW13	Q9WVK0
Q6S5L8	Q6S5L9
Q6S9Z5	Q6V5K9
Q6SA08	Q9D411
Q6SJ96	Q6SJ95
Q6SPF0	D3YXK1
Q6STE5	Q6P9Z1
Q6SZW1	Q6PDS3
Q6T310	Q6IMB1
Q6T311	Q6IMB2
Q6T4P5	Q7TPB0
Q6T4R5	B9EJX2
Q6TCH4	Q6TCG5
Q6TCH7	Q6TCG8
Q6TDP4	Q6TDP3
Q6TDU7	Q6TDU8
Q6TFL3	E9Q1U1
Q6TFL4	Q8BRG6
Q6TGC4	Q8K3V4
Q6U736	Q6VZZ7
Q6U7Q0	Q8BZ89
Q6U841	Q5DTL9
Q6UB28	Q9CPW9
Q6UB35	Q3V3R1
Q6UB98	G5E893
Q6UB99	E9Q4F7
Q6UDR6	Q9D263
Q6UE05	Q6UJB9
Q6ULP2	Q80WT5
Q6UN15	Q9D824
Q6UQ28	Q8VEN2
Q6URK8	Q6IMH0
Q6UUV7	Q91X84
Q6UUV9	Q68ED7
Q6UVJ0	Q80UK7
Q6UVK1	Q8VHY0
Q6UVM3	D3Z649
Q6UVY6	Q9CXI3
Q6UW01	Q9JHG0
Q6UW02	Q8BKE6
Q6UW10	E9PXB6
Q6UW49	Q9D5A0
Q6UW56	Q6PGD0
Q6UW60	P29121
Q6UW63	Q9JHP7
Q6UW68	Q91XE8
Q6UW78	Q8K2T4
Q6UW88	Q924X1
Q6UWB1	O70394
Q6UWB4	Q14BX2
Q6UWD8	Q8C708
Q6UWE0	Q80ZI6
Q6UWE3	Q3UW21
Q6UWF3	Q3UU41
Q6UWF7	Q52KP5
Q6UWF9	Q8BR21
Q6UWH4	Q3UPI1
Q6UWH6	Q62302
Q6UWI2	Q923D3
Q6UWI4	Q8QZV2
Q6UWJ1	Q8BH01
Q6UWJ8	Q9D6W7
Q6UWK7	A0A0B4J1N3
Q6UWL2	E9Q3H4
Q6UWL6	Q7TSU7
Q6UWM7	Q8K1F9
Q6UWM9	Q8BWQ1
Q6UWN0	Q8BVP6
Q6UWN5	Q9D7Z7
Q6UWN8	Q8BT20
Q6UWP2	Q3U0B3
Q6UWP7	Q3UN02
Q6UWP8	Q8CIT9
Q6UWR7	Q8BGN3
Q6UWS5	P0DJF2
Q6UWT2	Q8K1D8
Q6UWT4	Q3V2D2
Q6UWU2	Q8VC60
Q6UWU4	Q99KU6
Q6UWV2	Q3V3F6
Q6UWV6	Q3TIW9
Q6UWV7	A2A9G7
Q6UWW9	P86045
Q6UWX4	Q9D2G9
Q6UWY0	Q9D2L1
Q6UWY2	Q14B24
Q6UWY5	Q8BSH2
Q6UWZ7	Q8BPZ8
Q6UX01	Q9D1E5
Q6UX04	Q3TKY6
Q6UX06	Q3UZZ4
Q6UX07	Q5SS80
Q6UX15	Q8C351
Q6UX34	Q9CXL7
Q6UX39	Q9D3J8
Q6UX40	Q9CPV0
Q6UX46	Q80UG6
Q6UX52	Q9CX63
Q6UX53	Q9DD20
Q6UX65	Q9CR48
Q6UX68	Q5GH66
Q6UX71	Q9DC11
Q6UX72	Q8VI16
Q6UX73	Q3UST5
Q6UX82	Q9D7S0
Q6UX98	Q6IR37
Q6UXA7	Q8BM15
Q6UXB0	Q8BWU3
Q6UXB2	Q5UW37
Q6UXB3	Q9DD23
Q6UXB4	Q8BNX1
Q6UXB8	Q9ET66
Q6UXC1	A2AJA7
Q6UXD1	Q9D6B9
Q6UXD5	Q4V9Z5
Q6UXD7	Q8CE47
Q6UXF1	Q8BHE4
Q6UXG2	A2AFS3
Q6UXG3	Q1ERP8
Q6UXG8	Q8BJE2
Q6UXH0	Q8R1L8
Q6UXH1	Q9CYA0
Q6UXH8	Q3MI99
Q6UXH9	Q8BU25
Q6UXI7	Q8VHI5
Q6UXI9	Q91V88
Q6UXK2	Q5RKR3
Q6UXK5	Q61809
Q6UXL0	E9Q9A6
Q6UXM1	Q6P1C6
Q6UXN2	Q3LRV9
Q6UXN7	Q9D4V6
Q6UXN8	Q8BRU4
Q6UXN9	Q8BFQ4
Q6UXP7	D3YUE4
Q6UXQ4	A0A5F8MPB3
Q6UXT8	J3QPP8
Q6UXT9	Q5F2F2
Q6UXU4	D3Z7H4
Q6UXU6	B7ZWI3
Q6UXV0	Q6SJE0
Q6UXV1	Q9DA16
Q6UXV4	Q78IK4
Q6UXX9	Q8BFU0
Q6UXY1	Q80Y61
Q6UXY8	Q32NZ6
Q6UXZ0	Q9D7L8
Q6UXZ4	Q8K1S2
Q6UY01	D3YY33
Q6UY09	Q9D2Z1
Q6UY11	Q8K1E3
Q6UY14	Q80T21
Q6UY18	Q149C3
Q6UY27	Q3UW31
Q6UYE1	Q8CHZ8
Q6V0I7	Q2PZL6
Q6V0L0	B2RXA7
Q6V1P9	A0A0A6YW72
Q6V1X1	Q80YA7
Q6V702	Q810M1
Q6VAB6	Q3UVC0
Q6VMQ6	Q7TT18
Q6VN20	Q6VN19
Q6VUC0	Q6VUP9
Q6VVB1	Q8BR37
Q6VVX0	Q6VVW9
Q6VY07	Q8K212
Q6W0C5	Q8QZY3
Q6W2J9	Q8CGN4
Q6W3E5	Q3TT99
Q6W4X9	Q80T03
Q6W5P4	Q8BZP8
Q6WBX8	Q6WBX7
Q6WCQ1	P97434
Q6WKZ4	Q9D620
Q6WN34	Q8VEA6
Q6WRI0	Q3V1M1
Q6WRX3	A2BFL2
Q6X4U4	Q9CQN4
Q6X4W1	Q99NF2
Q6X784	Q6X786
Q6XD76	M0QW46
Q6XE24	Q8BWL5
Q6XPR3	P97347
Q6XQN6	Q8CC86
Q6XR72	Q3UVU3
Q6XUX3	Q6XUX1
Q6XYB7	Q9WUN8
Q6XYQ8	Q9R0N4
Q6XZB0	F6YQT7
Q6XZF7	Q6TXD4
Q6Y1H2	Q9D3B1
Q6Y288	Q8BHT6
Q6Y2X3	Q921R4
Q6Y7W6	Q6Y7W8
Q6YBV0	Q8CH36
Q6YFQ2	Q80ZN9
Q6YHK3	Q8R422
Q6YHU6	A8C756
Q6YI46	Q3U145
Q6YN16	Q2TPA8
Q6YP21	Q71RI9
Q6ZMB0	Q3USF0
Q6ZMB5	Q3UFJ6
Q6ZMC9	A7E1W8
Q6ZMD2	Q9D232
Q6ZMG9	Q8C172
Q6ZMH5	Q9D856
Q6ZMI0	Q3TDD9
Q6ZMI3	Q8BMF8
Q6ZMJ2	Q8K299
Q6ZMJ4	Q8R1R4
Q6ZMM2	D3Z689
Q6ZMN7	E9PUZ9
Q6ZMP0	Q3UTY6
Q6ZMQ8	Q80YE4
Q6ZMR5	Q3UQ41
Q6ZMT1	Q8R1B0
Q6ZMT4	Q3UWM4
Q6ZMT9	A0A571BG01
Q6ZMU5	Q1XH17
Q6ZMV7	A0A571BF98
Q6ZMV9	E9PX57
Q6ZMW3	Q5SQM0
Q6ZMY3	B1ASB6
Q6ZMY6	A0A571BF50
Q6ZMZ0	A2A7Q9
Q6ZMZ3	Q4FZC9
Q6ZN01	Q0ZCJ7
Q6ZN04	Q69Z36
Q6ZN16	A2AQW0
Q6ZN17	Q45KJ6
Q6ZN18	Q9Z248
Q6ZN28	E9PXX8
Q6ZN30	Q8BMQ3
Q6ZN32	A0A5F8MPE2
Q6ZN44	Q8K1S4
Q6ZN54	Q99J78
Q6ZN55	Q8BY46
Q6ZN57	P08043
Q6ZN84	Q9D5W4
Q6ZNA4	Q99ML9
Q6ZNA5	Q8K385
Q6ZNB6	E9Q8I7
Q6ZNB7	Q8BS35
Q6ZNC4	Q9ERQ3
Q6ZNC8	Q8BH98
Q6ZNE5	Q8CDJ3
Q6ZNE9	Q3TYX8
Q6ZNF0	Q8BX37
Q6ZNG2	F8VQH7
Q6ZNI0	Q3V3K7
Q6ZNJ1	Q6ZQA0
Q6ZNK6	Q8JZM6
Q6ZNL6	Q80UZ0
Q6ZNM6	Q9D9I1
Q6ZNQ3	Q9D9Q0
Q6ZNR0	Q8C581
Q6ZNW5	Q3TLS3
Q6ZNX1	Q9CZV2
Q6ZP01	Q3V089
Q6ZP29	Q8C4N4
Q6ZP65	A0JNT9
Q6ZP80	B2RVY9
Q6ZP82	E9Q8Q6
Q6ZPD8	A2ADU8
Q6ZPD9	Q71B07
Q6ZQN5	Q3I5G5
Q6ZQN7	Q8BGD4
Q6ZQR2	A0A087WRI3
Q6ZQW0	Q8R0V5
Q6ZQX7	Q810M6
Q6ZQY2	Q14BP6
Q6ZQY3	Q80WP8
Q6ZR08	Q3V0Q1
Q6ZR62	Q3URY0
Q6ZR85	J3QK56
Q6ZRC1	A0A338P719
Q6ZRF8	Q3V3A7
Q6ZRI0	O55225
Q6ZRI6	Q3TEI4
Q6ZRI8	B1AUC7
Q6ZRK6	Q8CDM4
Q6ZRP7	Q3TMX7
Q6ZRQ5	B1AUR6
Q6ZRR5	Q3TYE7
Q6ZRR7	Q8CDN9
Q6ZRS2	A0A087WQ44
Q6ZRS4	Q14B48
Q6ZRV2	Q148V8
Q6ZRY4	Q8VC52
Q6ZS11	Q80UW3
Q6ZS17	Q68FE6
Q6ZS30	E9PYP2
Q6ZS81	E9Q2M9
Q6ZS82	Q148R9
Q6ZS86	Q8BX05
Q6ZSA7	Q3UY51
Q6ZSB9	Q8BXX2
Q6ZSC3	Q99J64
Q6ZSG1	E9QAU8
Q6ZSG2	Q3USH1
Q6ZSI9	Q9ER56
Q6ZSJ8	B1ARW8
Q6ZSJ9	Q3UH99
Q6ZSM3	Q8BGC3
Q6ZSR9	Q6PIU9
Q6ZSS7	Q8CBH5
Q6ZSY5	Q9JIG4
Q6ZSZ6	Q5DTH5
Q6ZT07	Q3UYK3
Q6ZT12	Q5U430
Q6ZT21	D3Z286
Q6ZT52	A2AM80
Q6ZT89	Q8BW66
Q6ZT98	A4Q9F0
Q6ZTA4	Q505D9
Q6ZTI6	Q7TS73
Q6ZTN6	Q6PD24
Q6ZTQ3	Q80UQ2
Q6ZTQ4	Q8BL00
Q6ZTR5	A0A0G2JEB6
Q6ZTR7	Q3V2J0
Q6ZTW0	Q99MS8
Q6ZTZ1	Q8BIL2
Q6ZU15	Q9DA97
Q6ZU35	Q5PR69
Q6ZU52	D3Z623
Q6ZU64	Q3V0B4
Q6ZU65	Q80WC1
Q6ZU67	P86174
Q6ZU80	Q8BI22
Q6ZUA9	A0A571BEG0
Q6ZUG5	A0A571BDQ7
Q6ZUI0	Q8CB49
Q6ZUJ4	Q9D9C7
Q6ZUJ8	Q9EQ32
Q6ZUK4	Q3UP23
Q6ZUM4	A2AB59
Q6ZUS6	F6V035
Q6ZUT1	E9PUQ3
Q6ZUT3	A2AD83
Q6ZUT6	A3KGF9
Q6ZUT9	A2RSQ0
Q6ZUX3	Q3TYG6
Q6ZUX7	Q8BGA2
Q6ZV29	A2AJ88
Q6ZV50	D3YU81
Q6ZV65	D3YWC7
Q6ZV70	Q8CD19
Q6ZV73	Q69ZL1
Q6ZV89	Q8JZW5
Q6ZVC0	Q6PFX7
Q6ZVD7	B2RQL2
Q6ZVD8	Q8BXA7
Q6ZVE7	Q9DCQ3
Q6ZVF9	Q8BWS5
Q6ZVH7	Q3UYR4
Q6ZVK1	Q8BHH9
Q6ZVK8	Q3U2V3
Q6ZVL6	A0A2R8VKG2
Q6ZVM7	Q5SRX1
Q6ZVN8	Q7TQ32
Q6ZVT0	A4Q9F3
Q6ZVT6	Q6P2K3
Q6ZVX7	G3X9C2
Q6ZVX9	Q6TCG2
Q6ZVZ8	Q8VHA6
Q6ZW05	B9EKX1
Q6ZW13	Q9D4A5
Q6ZW31	Q9DBZ9
Q6ZW49	Q6NZQ4
Q6ZW61	Q5SUD9
Q6ZW76	Q9CZK6
Q6ZWB6	Q50H33
Q6ZWE6	Q8BM47
Q6ZWH5	Q3UGM2
Q6ZWI9	J3QPR6
Q6ZWJ1	Q9WV89
Q6ZWJ8	Q3U492
Q6ZWK6	Q8BHM9
Q6ZWL3	Q9DBW0
Q6ZWT7	Q8R3I2
Q6ZXV5	Q8BRH0
Q6ZYL4	Q8K2X8
Q702N8	O70373
Q709C8	Q8BX70
Q709F0	Q80XL6
Q70CQ1	Q6P9L4
Q70CQ2	Q6ZQ93
Q70CQ3	Q3UN04
Q70CQ4	E9Q6Y8
Q70E73	F2Z3U3
Q70EK8	P15975
Q70EK9	B1AY15
Q70EL1	Q8BL06
Q70EL2	Q8K387
Q70EL3	Q6P8X6
Q70EL4	Q8BUM9
Q70HW3	Q5U680
Q70IA6	Q8VI63
Q70IA8	Q8BJG4
Q70J99	B2RUP2
Q70JA7	Q5DTK1
Q70SY1	Q8BH52
Q70UQ0	Q9DBZ1
Q70YC5	Q8BG89
Q70Z35	Q3LAC4
Q70Z53	Q8BP78
Q711Q0	D3Z1D3
Q712K3	Q6ZWZ2
Q717R9	Q8R4T1
Q719H9	Q5M956
Q719I0	Q8N9S3
Q71DI3	P84228
Q71F23	Q8C4M7
Q71F56	Q6JPI3
Q71H61	B5TVM2
Q71RC2	Q8BWW4
Q71RC9	Q8BT42
Q71RG4	Q3V209
Q71RH2	Q7TNV1
Q71RS6	Q8C261
Q71SY5	Q8VCB2
Q71U36	P68369
Q71UI9	Q3THW5
Q71UM5	Q6ZWY3
Q75N03	Q9JIY2
Q75QN2	Q80V86
Q75T13	Q3UUQ7
Q75V66	Q75UR0
Q75VX8	Q6PAJ3
Q75WM6	Q8CJI4
Q765I0	Q765I1
Q765P7	Q6P9S0
Q76B58	Q499E0
Q76EJ3	Q762D5
Q76FK4	Q3UHX0
Q76G19	Q9QY39
Q76I76	Q5SW75
Q76KD6	Q148B6
Q76KP1	Q766D5
Q76L83	Q8BZ32
Q76LX8	Q769J6
Q76M96	Q8R2G6
Q76MJ5	Q9Z2E3
Q76N32	Q8C0D9
Q76N89	Q8K4P8
Q76NI1	Q0KK55
Q7KZ85	Q62383
Q7KZF4	Q78PY7
Q7KZI7	Q05512
Q7KZN9	Q8BJ03
Q7L014	Q569Z5
Q7L099	Q9D394
Q7L0J3	Q9JIS5
Q7L0Q8	Q9EQT3
Q7L0R7	Q3UHJ8
Q7L0X0	Q9DBY4
Q7L0X2	D3Z6S9
Q7L0Y3	Q3UFY8
Q7L190	Q8CCG4
Q7L1I2	Q8BG39
Q7L1Q6	Q9CQC6
Q7L1S5	Q76EC5
Q7L1T6	Q3TDX8
Q7L1V2	Q8BMQ8
Q7L1W4	Q8BGR2
Q7L211	Q80UX8
Q7L266	Q8C0M9
Q7L273	Q80UN1
Q7L2E3	Q99PU8
Q7L2H7	Q99JX4
Q7L2J0	Q8K3A9
Q7L2K0	Q6GQV0
Q7L2Z9	Q9CPQ5
Q7L311	Q6A058
Q7L3B6	Q9CZP7
Q7L3S4	Q8BJ90
Q7L3T8	Q8CFI5
Q7L3V2	D3YWW5
Q7L4E1	Q8BK03
Q7L4I2	A2RTL5
Q7L4P6	Q8C6D4
Q7L4S7	Q8K3A6
Q7L513	Q920A9
Q7L523	Q80X95
Q7L576	Q7TMB8
Q7L590	Q0VBD2
Q7L591	Q9QZK7
Q7L592	Q9CWG8
Q7L5A3	Q8BR27
Q7L5A8	Q5MPP0
Q7L5D6	Q9D1H7
Q7L5L3	Q99LY2
Q7L5N1	O88545
Q7L5N7	Q8BYI6
Q7L5Y6	Q9D0A0
Q7L5Y9	Q4VC33
Q7L622	Q5RJY2
Q7L775	Q8VEH5
Q7L7L0	Q8BFU2
Q7L7V1	Q8BZS9
Q7L7X3	Q5F2E8
Q7L804	G3XA57
Q7L8A9	Q8C1W1
Q7L8C5	Q9EQT6
Q7L8J4	Q99LH9
Q7L8L6	Q7TMV3
Q7L8S5	Q6IE21
Q7L8W6	Q9CQ28
Q7L985	Q3URE9
Q7L9B9	Q3TGW2
Q7L9L4	Q8BPB0
Q7LBC6	Q6ZPY7
Q7LBE3	Q8BU91
Q7LBR1	Q99LU0
Q7LC44	Q9WV31
Q7LDG7	Q9QUG9
Q7LFL8	Q91WA4
Q7LFX5	Q91XQ5
Q7LG56	Q6PEE3
Q7LGA3	Q8R3H7
Q7LGC8	O88199
Q7M4L6	Q8CG80
Q7RTM1	Q80VM9
Q7RTN6	Q3UUJ4
Q7RTP0	Q8BHK1
Q7RTP6	Q8CJ19
Q7RTR2	Q5DU56
Q7RTR8	Q7M708
Q7RTS1	Q9QYC3
Q7RTS3	Q9QX98
Q7RTS5	Q80UF9
Q7RTS6	Q80SX5
Q7RTS9	Q8CHY3
Q7RTT9	Q8R139
Q7RTU0	V9GWT9
Q7RTU1	Q9JLR5
Q7RTU3	Q6PFG8
Q7RTU4	Q5RJB0
Q7RTU5	M0QWB7
Q7RTU7	Q64124
Q7RTV0	P83870
Q7RTV3	Q0VDT2
Q7RTV5	Q9D1A0
Q7RTW8	Q8K561
Q7RTX0	Q925D8
Q7RTX1	Q99PG6
Q7RTX7	Q8BVN3
Q7RTX9	Q8K1C7
Q7RTY0	Q8CE94
Q7RTY1	Q7TM99
Q7RTY3	Q8K4I7
Q7RTY5	Q14B25
Q7RTY8	Q8BIK6
Q7RTY9	Q920S2
Q7RTZ1	Q7M761
Q7Z2D5	Q7TME0
Q7Z2E3	Q7TQC5
Q7Z2H8	Q8K4D3
Q7Z2K6	Q3UVK0
Q7Z2K8	Q3UNH4
Q7Z2T5	A2RSY6
Q7Z2W4	Q3UPF5
Q7Z2W7	Q8R4D5
Q7Z2W9	Q9D1N9
Q7Z2X4	Q3UBG2
Q7Z2Y5	Q9R0G8
Q7Z2Y8	Q80SU7
Q7Z2Z1	Q8BQ33
Q7Z2Z2	Q8C0D5
Q7Z304	Q8CG85
Q7Z309	Q6NZE7
Q7Z333	A2AKX3
Q7Z340	B2RUI1
Q7Z353	Q14B70
Q7Z388	A2AJQ3
Q7Z392	B2RXC1
Q7Z3B0	Q3UTD9
Q7Z3B1	Q80Z24
Q7Z3B3	Q80TG1
Q7Z3B4	Q8BTS4
Q7Z3C6	Q68FE2
Q7Z3D4	Q99LE3
Q7Z3D6	Q8BH86
Q7Z3E1	Q8C1B2
Q7Z3E2	Q8C9S4
Q7Z3E5	Q9D2I5
Q7Z3F1	A2AWR3
Q7Z3G6	Q80Y24
Q7Z3H0	Q8BXP5
Q7Z3H4	Q8C8Y5
Q7Z3J2	Q8BWQ6
Q7Z3K3	Q8BZH4
Q7Z3K6	Q3UHF3
Q7Z3Q1	Q9DC26
Q7Z3S7	Q5RJF7
Q7Z3T8	Q80U44
Q7Z3U7	Q80TL7
Q7Z3V4	Q9ES34
Q7Z3Y7	A6BLY7
Q7Z3Y8	Q9Z320
Q7Z3Y9	Q3TRJ4
Q7Z3Z0	Q8VCW2
Q7Z3Z2	Q8BRE0
Q7Z3Z4	Q8CGT6
Q7Z401	E9Q8V6
Q7Z402	Q8C428
Q7Z403	Q7TN60
Q7Z404	Q7TQ65
Q7Z406	Q6URW6
Q7Z407	Q80T79
Q7Z408	V9GX34
Q7Z410	P69525
Q7Z412	Q8BGI5
Q7Z417	Q5F2E7
Q7Z418	Q6VV64
Q7Z419	Q8BKD6
Q7Z422	Q6NXN1
Q7Z429	Q9ESF4
Q7Z434	Q8VCF0
Q7Z442	Q7TN88
Q7Z443	Q2EG98
Q7Z444	Q7TN89
Q7Z449	Q9CX98
Q7Z460	Q80TV8
Q7Z465	Q99JU7
Q7Z478	Q6PGC1
Q7Z494	Q7TNH6
Q7Z4F1	Q7TQH7
Q7Z4G1	Q3V4B5
Q7Z4G4	Q9CWH5
Q7Z4H3	Q3SXD3
Q7Z4H4	Q7TNK8
Q7Z4H7	Q6NV99
Q7Z4H8	G5E897
Q7Z4I7	Q91XD2
Q7Z4J2	Q2NKH9
Q7Z4K8	Q7TNM2
Q7Z4L0	A6H666
Q7Z4L5	Q0HA38
Q7Z4L9	Q8R1Z4
Q7Z4M0	Q9CWH4
Q7Z4N2	Q2TV84
Q7Z4N8	Q6W3F0
Q7Z4P5	P43029
Q7Z4Q2	Q8BQM4
Q7Z4R8	Q9DAY5
Q7Z4S6	Q9QXL2
Q7Z4S9	Q9D413
Q7Z4T8	Q9D4M9
Q7Z4T9	Q8BRC6
Q7Z4V0	Q8BFX2
Q7Z4V5	Q3UMU9
Q7Z4W1	Q91X52
Q7Z553	P60755
Q7Z569	Q99MP8
Q7Z570	A2AKY4
Q7Z572	Q8BHW6
Q7Z589	Q8BMB0
Q7Z591	Q80VW7
Q7Z5A4	Q8VIF2
Q7Z5A7	Q91WE9
Q7Z5A8	Q7TPG6
Q7Z5A9	Q7TPG8
Q7Z5B4	Q8BPM6
Q7Z5G4	Q91W53
Q7Z5H3	Q8BL80
Q7Z5J4	Q61818
Q7Z5J8	A2RT91
Q7Z5K2	Q65Z40
Q7Z5L0	Q5SXG7
Q7Z5L2	Q8BJM3
Q7Z5L3	Q8CFR0
Q7Z5L4	Q9DAQ9
Q7Z5L7	Q7TQ62
Q7Z5L9	E9Q1P8
Q7Z5M5	Q7TQ69
Q7Z5M8	G3UZN6
Q7Z5N4	Q3UH53
Q7Z5P4	Q8VCR2
Q7Z5P9	Q6PZE0
Q7Z5Q1	Q812E0
Q7Z5Q5	Q7TQ07
Q7Z5R6	Q8R5A3
Q7Z5S9	Q8VEH0
Q7Z5U6	Q9DB94
Q7Z5V6	Q148A4
Q7Z5W3	Q91YP1
Q7Z5Y7	Q8CDD8
Q7Z601	Q7TQN9
Q7Z602	Q7TQP0
Q7Z614	Q9D2Y5
Q7Z624	Q3U2J5
Q7Z628	Q9Z206
Q7Z692	Q3TQ88
Q7Z695	Q6NSR3
Q7Z698	Q924S7
Q7Z699	Q924S8
Q7Z6A9	Q7TSA3
Q7Z6B0	Q9D8L5
Q7Z6B7	Q91Z69
Q7Z6E9	P97868
Q7Z6G3	Q91ZP9
Q7Z6G8	Q8BIZ1
Q7Z6I6	Q640N3
Q7Z6I8	Q80X32
Q7Z6J0	Q69ZI1
Q7Z6J2	Q9JJA9
Q7Z6J4	Q8BY35
Q7Z6J6	Q6P5H6
Q7Z6J8	Q8BX13
Q7Z6J9	Q8C2A2
Q7Z6K3	A0A494B9V8
Q7Z6K4	Q91ZA8
Q7Z6K5	Q9D0A3
Q7Z6L0	E9PUL5
Q7Z6L1	Q80VP0
Q7Z6M1	Q8VCH5
Q7Z6M2	Q8VE08
Q7Z6M3	Q3TB92
Q7Z6M4	Q8BVN4
Q7Z6P3	Q8CB87
Q7Z6R9	Q91ZK0
Q7Z6V5	Q6P6J0
Q7Z6W1	P0C1V4
Q7Z6W7	Q9QYI8
Q7Z6Z6	Q32LZ8
Q7Z6Z7	Q7TMY8
Q7Z713	Q569N2
Q7Z736	Q8VCE9
Q7Z739	Q8BYK6
Q7Z745	Q7M6Y6
Q7Z769	Q6PGC7
Q7Z794	Q6IFZ6
Q7Z7A1	A2AL36
Q7Z7A3	Q99J10
Q7Z7A4	Q8BX57
Q7Z7B0	Q9CS72
Q7Z7B1	Q8C398
Q7Z7B8	Q30KP3
Q7Z7C7	P70278
Q7Z7C8	Q9EQH4
Q7Z7D3	Q7TSP5
Q7Z7E8	Q7TSS2
Q7Z7F0	Q3TCX3
Q7Z7F7	Q9CZ83
Q7Z7G0	A0A338P6S8
Q7Z7G1	Q9QZE2
Q7Z7G2	Q80WM3
Q7Z7G8	Q80TY5
Q7Z7H3	B9EKE5
Q7Z7H5	Q8R1V4
Q7Z7H8	Q3TBW2
Q7Z7J5	Q9CWH0
Q7Z7J7	Q5U4E0
Q7Z7J9	Q6QWF9
Q7Z7K0	Q9CPZ8
Q7Z7K2	Q8JZL0
Q7Z7K6	Q9CXS4
Q7Z7L7	Q80ZJ6
Q7Z7L8	Q3UPL5
Q7Z7L9	Q07230
Q7Z7M0	P60882
Q7Z7M8	Q8R3I9
Q7Z7M9	Q8C102
Q7Z7N9	Q9CY24
Q86SE5	Q8BTF8
Q86SE8	Q80W85
Q86SE9	Q3UK78
Q86SF2	Q80VA0
Q86SG2	Q812A3
Q86SG6	Q91ZR4
Q86SG7	Q3V1I0
Q86SH2	Q80SU3
Q86SJ2	Q80ZD9
Q86SJ6	Q7TMD7
Q86SM5	Q91ZB5
Q86SM8	Q91ZB7
Q86SP6	Q3UVY1
Q86SQ0	Q8K1N2
Q86SQ3	Q91ZE5
Q86SQ4	Q6F3F9
Q86SQ6	Q8C4G9
Q86SQ7	Q80UF4
Q86SQ9	Q99KU1
Q86SR1	Q6P9S7
Q86SS6	Q9R0N9
Q86SU0	Q8CBR1
Q86SX3	Q3UK37
Q86SX6	Q80Y14
Q86SZ2	Q9D289
Q86T03	Q3TWL2
Q86T13	Q8VCP9
Q86T20	Q8R043
Q86T24	Q8BN78
Q86T26	Q14C59
Q86T29	E9QAH2
Q86T65	Q80U19
Q86T82	Q8C0R0
Q86T90	Q6NZK5
Q86T96	Q3U827
Q86TA1	Q8VE04
Q86TB3	Q91ZB0
Q86TB9	Q3TC46
Q86TC9	Q5DTJ9
Q86TD4	Q7TQ48
Q86TE4	Q8BGY3
Q86TG1	Q91WN2
Q86TG7	Q7TN75
Q86TH1	Q7TSK7
Q86TI0	Q60949
Q86TI2	Q8BVG4
Q86TI4	D3Z757
Q86TJ2	D3YW26
Q86TL0	Q8BGV9
Q86TL2	Q3UF25
Q86TM6	Q9DBY1
Q86TN4	Q8K3A2
Q86TP1	Q8BIW1
Q86TS9	Q9D0Y8
Q86TU7	Q91WC0
Q86TV6	E9Q6P5
Q86TW2	Q9D0L4
Q86TY3	Q8BT18
Q86TZ1	G3UYY4
Q86U10	A0JNU3
Q86U17	Q8CIE0
Q86U28	Q9DCB8
Q86U38	Q8BMC4
Q86U42	Q8CCS6
Q86U44	Q8C3P7
Q86U70	P70662
Q86U86	Q8BSQ9
Q86U90	Q3U5F4
Q86UA1	Q8K2Z2
Q86UA6	Q9CWY9
Q86UB2	Q8CBX9
Q86UB9	Q9CYV5
Q86UD0	Q9D818
Q86UD1	Q8QZR4
Q86UD3	Q8BRX9
Q86UD4	Q6GQR8
Q86UD5	Q5BKR2
Q86UE4	Q80WJ7
Q86UE6	Q8K377
Q86UE8	O55047
Q86UF1	Q8R3S2
Q86UF4	Q3URK1
Q86UK0	E9Q876
Q86UK5	Q8K1G2
Q86UK7	Q80YR4
Q86UL3	Q8K2C8
Q86UL8	Q9WVQ1
Q86UN2	Q8K0S5
Q86UN3	Q7M6Z0
Q86UN6	Q3V0I7
Q86UP0	Q6PFX6
Q86UP2	Q61595
Q86UP3	Q9JJN2
Q86UP6	P70412
Q86UP9	Q9CTN8
Q86UQ4	Q5SSE9
Q86UR1	Q8CJ00
Q86UR5	Q99NE5
Q86US8	P61406
Q86UT5	Q99MJ6
Q86UT6	Q3TL44
Q86UT8	Q4VA36
Q86UU0	Q67FY2
Q86UU1	Q6PDH0
Q86UU5	Q80WJ1
Q86UU9	Q99N14
Q86UV5	Q3V0C5
Q86UW1	Q8R000
Q86UW2	Q80WK2
Q86UW6	F8VQG7
Q86UW7	Q8BYR5
Q86UW8	Q80WM4
Q86UW9	Q8R3P2
Q86UX2	Q8BJD1
Q86UX6	Q8QZV4
Q86UX7	Q8K1B8
Q86UY5	Q8K2P2
Q86UY6	Q8VE10
Q86UY8	Q3UHB1
Q86UZ6	Q8BID6
Q86V15	Q9CWL2
Q86V20	Q3UEN2
Q86V21	Q9D2R0
Q86V24	Q8BQS5
Q86V25	Q8C5G2
Q86V35	Q91ZM8
Q86V42	D3Z5V4
Q86V48	Q8R4U7
Q86V59	Q80VM8
Q86V81	O08583
Q86V85	Q8BPS4
Q86V86	P58750
Q86V87	Q80YR2
Q86V88	Q9D967
Q86VB7	Q2VLH6
Q86VD1	Q9WVL5
Q86VD7	Q8R0Y8
Q86VD9	Q8BTP0
Q86VE0	Q8R4U1
Q86VE3	Q9D5N8
Q86VE9	Q8BHJ6
Q86VF2	Q3KNY0
Q86VF7	Q80XB4
Q86VG3	Q9CQI4
Q86VH2	Q7M6Z4
Q86VH4	Q80XG9
Q86VH5	Q8BZ81
Q86VI1	Q8BI71
Q86VI3	F8VQ29
Q86VI4	Q91XQ6
Q86VK4	Q8BKX7
Q86VM9	Q0P678
Q86VN1	Q91XD6
Q86VP1	Q3UKC1
Q86VP3	Q3V3Q7
Q86VP6	Q6ZQ38
Q86VQ0	Q80ST9
Q86VQ1	Q8K3I9
Q86VQ3	Q6P902
Q86VQ6	Q99MD6
Q86VR2	Q9CQV4
Q86VR7	D3YZF7
Q86VR8	Q8BQB4
Q86VS3	Q9D2K4
Q86VS8	Q8BUK6
Q86VU5	Q8BIG7
Q86VV4	Q6PDH4
Q86VV8	Q8R4Y8
Q86VW0	Q80UK0
Q86VW1	Q497L8
Q86VW2	Q9CWR0
Q86VX2	Q8BG94
Q86VX9	Q6PDG8
Q86VY4	Q69ZB3
Q86VY9	Q8C817
Q86VZ4	Q8CB67
Q86VZ5	Q8VCQ6
Q86VZ6	Q80ZQ5
Q86W24	Q6B966
Q86W26	Q8CCN1
Q86W33	Q99MU1
Q86W34	Q400C8
Q86W42	Q5U4D9
Q86W47	Q9JIN6
Q86W50	Q9CQG2
Q86W54	Q6P926
Q86W56	O88622
Q86W67	Q8CDW1
Q86W74	Q8BTZ5
Q86W92	Q8C8U0
Q86WA6	Q8R164
Q86WA8	Q9DBN5
Q86WA9	Q80ZD3
Q86WB0	Q80YV2
Q86WC4	Q8BGT0
Q86WC6	Q9D119
Q86WD7	Q9D7D2
Q86WG3	Q8BHE3
Q86WG5	E9PXF8
Q86WH2	Q99P51
Q86WI0	Q80SV1
Q86WI1	Q80ZA4
Q86WI3	C3VPR6
Q86WJ1	Q9CXF7
Q86WK6	Q80ZD8
Q86WK7	Q8C2S7
Q86WK9	Q80ZE4
Q86WN1	Q6PFY1
Q86WN2	Q80ZF2
Q86WP2	Q6NXH3
Q86WQ0	Q3TV70
Q86WR0	Q78PG9
Q86WR6	Q9D979
Q86WR7	Q8C5R2
Q86WS3	Q4FZG8
Q86WS4	A0A087WRU1
Q86WS5	Q3V0Q7
Q86WT6	Q80X56
Q86WU2	Q7TNG8
Q86WV1	Q3UUV5
Q86WV5	Q9D7K2
Q86WV6	Q3TBT3
Q86WW8	Q99M07
Q86WX3	Q8C6B9
Q86WZ0	E9Q357
Q86X02	A2A6T1
Q86X10	Q8BQZ4
Q86X19	Q8K0U3
Q86X24	Q9D5T7
Q86X27	Q9ERD6
Q86X29	Q99KG5
Q86X40	Q3TX51
Q86X45	O88978
Q86X52	Q6ZQ11
Q86X53	E9PY43
Q86X55	Q9WVG6
Q86X67	Q8JZU0
Q86X76	Q8VDK1
Q86X83	Q8BXC6
Q86X95	Q9DA19
Q86XA0	A2AA28
Q86XA9	Q5PRF0
Q86XD5	Q3TY60
Q86XD8	D3Z3C6
Q86XE0	Q80ZJ7
Q86XE3	Q9CTY5
Q86XE5	Q9DCU9
Q86XF7	Q3TXZ1
Q86XH1	Q9CUL5
Q86XI2	Q6DFV1
Q86XI6	Q8C767
Q86XI8	Q6DI92
Q86XJ0	J3QMI4
Q86XJ1	Q3UWW6
Q86XK2	Q7TPD1
Q86XK3	Q8BP27
Q86XK7	Q9D2J4
Q86XL3	Q6P1H6
Q86XM0	E9Q9F6
Q86XN7	Q5PRE5
Q86XN8	Q3UE17
Q86XP0	Q50L43
Q86XP1	D3YXJ0
Q86XP3	Q810A7
Q86XP6	Q9CQS6
Q86XQ3	Q80W99
Q86XR2	D3YZB0
Q86XR5	Q810F0
Q86XR7	Q8BJQ4
Q86XR8	Q8CEE0
Q86XS8	Q8VEM1
Q86XT2	Q810I0
Q86XT4	Q810I2
Q86XT9	Q9D123
Q86XW9	A0A1L1SUL6
Q86XX4	Q80T14
Q86XZ4	Q8K1N4
Q86Y01	Q61010
Q86Y07	Q8BN21
Q86Y13	Q7TPV2
Q86Y22	Q8K4G2
Q86Y25	Q571J5
Q86Y26	Q8BHP2
Q86Y33	D3Z3I0
Q86Y34	Q8R0T6
Q86Y37	Q8R0X2
Q86Y38	Q811B1
Q86Y39	Q9D8B4
Q86Y46	Q6NXH9
Q86Y56	B9EJR8
Q86Y78	Q8BPP5
Q86Y79	Q8BW00
Q86Y82	Q9ER00
Q86Y91	Q6PFD6
Q86Y97	Q6Q783
Q86YA3	Q0VGT4
Q86YB7	Q3TLP5
Q86YB8	Q8R2E9
Q86YC2	Q3U0P1
Q86YC3	Q8BMT4
Q86YD1	Q91VU8
Q86YD3	Q9DCF1
Q86YD5	A2AR95
Q86YF9	Q8BMD2
Q86YH2	Q505F4
Q86YH6	Q33DR3
Q86YI8	Q8K2W6
Q86YJ5	Q3TZ87
Q86YJ6	Q80W22
Q86YJ7	Q5F259
Q86YL5	Q8C5P7
Q86YL7	Q62011
Q86YM7	Q9Z2Y3
Q86YN1	Q9JMF7
Q86YN6	Q8VHJ7
Q86YP4	Q8CHY6
Q86YQ8	Q9DC53
Q86YR5	Q6IR34
Q86YS3	Q8BQP8
Q86YS6	Q8CG50
Q86YS7	Q7TPS5
Q86YT5	Q67BT3
Q86YT6	Q80SY4
Q86YT9	Q80UL9
Q86YV0	Q8C2K5
Q86YV5	Q571I4
Q86YV6	Q5SUV5
Q86YV9	Q8BLY7
Q86YW0	Q8K4D7
Q86YW5	Q8K558
Q86YW7	Q812B2
Q86YW9	Q8BQM9
Q86Z02	O88904
Q86Z14	Q99N32
Q86Z20	Q5U465
Q86Z23	Q4ZJM9
Q8HWS3	Q8C7R7
Q8IU57	Q8CGK5
Q8IU60	Q9CYC6
Q8IU68	Q7TN58
Q8IU80	Q9DBI0
Q8IU81	Q8R3Y8
Q8IU85	Q8BW96
Q8IU89	Q1A3B0
Q8IU99	D3Z291
Q8IUA0	Q4KUS1
Q8IUA7	Q8K449
Q8IUB2	Q14AE4
Q8IUB5	Q5DQQ6
Q8IUC1	E9Q2E9
Q8IUC2	O08633
Q8IUC3	Q9D3I6
Q8IUC4	Q8BWR8
Q8IUC6	Q80UF7
Q8IUC8	Q8CF93
Q8IUD2	Q99MI1
Q8IUD6	Q9CWS1
Q8IUE6	Q64522
Q8IUF8	Q8CD15
Q8IUG5	E9PV66
Q8IUH2	Q8BGC9
Q8IUH3	Q8BHN5
Q8IUH4	Q9CWU2
Q8IUH5	Q80TN5
Q8IUH8	A2A6C4
Q8IUI8	Q9Z2L7
Q8IUK5	Q91ZV7
Q8IUK8	Q8BGU2
Q8IUL8	D3Z7H8
Q8IUM7	Q8BGD7
Q8IUQ0	Q9D4C9
Q8IUQ4	P61092
Q8IUR0	Q9CQA1
Q8IUR5	Q3UV71
Q8IUR6	Q8CDG5
Q8IUR7	Q9DBR3
Q8IUS5	Q6IE26
Q8IUW3	Q8BNN1
Q8IUW5	Q8K2J7
Q8IUX1	Q9D1R1
Q8IUX7	Q640N1
Q8IUX8	Q9JJZ5
Q8IUY3	Q3V3G7
Q8IUZ0	Q91YK0
Q8IUZ5	Q8R1K4
Q8IV01	Q920N7
Q8IV03	Q8K2P1
Q8IV04	Q8C9V1
Q8IV08	O35405
Q8IV13	Q5SRT8
Q8IV16	Q9D1N2
Q8IV20	Q8BZT9
Q8IV31	E9PX92
Q8IV32	Q8VEG0
Q8IV33	Q3UPC7
Q8IV35	A0A0N4SUK7
Q8IV36	Q8R1F6
Q8IV38	Q3TPE9
Q8IV42	Q8BP74
Q8IV45	Q6R653
Q8IV48	Q7TMF2
Q8IV50	Q9D7V2
Q8IV53	Q8CFK6
Q8IV56	Q9D1T5
Q8IV61	Q6NZH9
Q8IV63	Q8K3G5
Q8IV77	Q3UW12
Q8IVA1	P12660
Q8IVB4	Q8BZ00
Q8IVB5	Q8BQ89
Q8IVD9	Q8R1N4
Q8IVE3	Q8C115
Q8IVF2	A0A7N9VR94
Q8IVF4	F7ABZ6
Q8IVF5	Q6ZPF3
Q8IVF7	Q6ZPF4
Q8IVG5	Q69Z37
Q8IVH2	Q9DBY0
Q8IVH4	Q8C7H1
Q8IVH8	Q99JP0
Q8IVI9	Q6WKZ7
Q8IVJ1	Q8BJA2
Q8IVL0	Q80TN7
Q8IVL1	E9Q842
Q8IVL5	Q8CG71
Q8IVL6	Q8CG70
Q8IVM0	Q810U5
Q8IVN3	Q99JI1
Q8IVN8	Q3UPR9
Q8IVP5	Q9DB70
Q8IVQ6	Q9D270
Q8IVS2	Q8R3F5
Q8IVS8	Q8QZY2
Q8IVT2	Q9D279
Q8IVT5	Q61097
Q8IVU1	Q8BQC3
Q8IVU3	F2Z461
Q8IVU9	Q8CDT7
Q8IVV2	C8YR32
Q8IVV7	Q9CPY6
Q8IVV8	Q9JMG4
Q8IVW4	Q8BLF2
Q8IVW6	Q9Z1N7
Q8IVW8	Q91VM4
Q8IVY1	Q9CQM1
Q8IW00	T1NXB5
Q8IW03	B2RWG3
Q8IW19	Q9D842
Q8IW35	Q9CZ62
Q8IW40	Q9D9P2
Q8IW41	O54992
Q8IW45	Q9CZ42
Q8IW50	Q9D772
Q8IW52	Q810B8
Q8IW70	Q68FE7
Q8IW75	Q7TMF5
Q8IW92	Q3UPY5
Q8IW93	Q8BWA8
Q8IWA0	Q3U821
Q8IWA4	Q811U4
Q8IWA5	Q8BY89
Q8IWA6	Q8C4J0
Q8IWB1	Q3TNL8
Q8IWB6	Q7M6U3
Q8IWB7	E9Q4P1
Q8IWB9	Q6ZPJ0
Q8IWC1	A2AEY4
Q8IWD4	Q6PB51
Q8IWD5	Q8R3N2
Q8IWE2	Q9D281
Q8IWE4	Q8K0V2
Q8IWE5	Q80TQ5
Q8IWF2	Q3USW5
Q8IWF6	Q8BH65
Q8IWF9	Q9D4V3
Q8IWG1	B2RY71
Q8IWI9	A2AWL7
Q8IWJ2	Q8CHG3
Q8IWK6	Q7TT36
Q8IWL3	Q8K3A0
Q8IWN7	Q8CGM2
Q8IWP9	Q8CEI3
Q8IWQ3	Q69Z98
Q8IWR0	E9PWW6
Q8IWR1	Q922Y2
Q8IWS0	Q9D4J7
Q8IWT0	Q505B7
Q8IWT1	Q7M729
Q8IWT3	Q80TT8
Q8IWT6	Q80WG5
Q8IWU2	Q3TYD6
Q8IWU4	Q8BGG0
Q8IWU5	Q8CFG0
Q8IWU6	Q8K007
Q8IWU9	Q8CGV2
Q8IWV1	Q8BHB3
Q8IWV2	Q69Z26
Q8IWV7	O70481
Q8IWV8	Q6WKZ8
Q8IWW6	Q8C0D4
Q8IWW8	Q8R0N6
Q8IWX5	Q810K3
Q8IWX7	Q8CGY6
Q8IWX8	Q8CGZ0
Q8IWY4	Q6NZL8
Q8IWY8	E9Q5B4
Q8IWY9	Q8CC12
Q8IWZ3	E9PUR0
Q8IWZ5	Q9D2H5
Q8IWZ6	Q8K2G4
Q8IWZ8	Q8CH02
Q8IX01	Q8CH09
Q8IX03	Q5SXA9
Q8IX04	Q3U1V6
Q8IX05	Q9DCG2
Q8IX07	O35615
Q8IX12	Q8CH18
Q8IX15	Q80W88
Q8IX18	Q6PE54
Q8IX19	Q9D8U6
Q8IX21	Q6P9P0
Q8IX29	Q9QZM9
Q8IX30	Q66PY1
Q8IX90	Q8C263
Q8IXA5	Q9D9X8
Q8IXB1	Q9DC23
Q8IXB3	Q8C838
Q8IXE1	Q8VFC8
Q8IXF0	Q9QZQ0
Q8IXH6	Q8CFU8
Q8IXH7	Q922L6
Q8IXH8	P59862
Q8IXI1	Q8JZN7
Q8IXI2	Q8BG51
Q8IXJ6	Q8VDQ8
Q8IXJ9	P59598
Q8IXK0	Q9QWH1
Q8IXK2	Q8BGT9
Q8IXL6	Q5MJS3
Q8IXL7	Q8BU85
Q8IXM2	Q9DCT6
Q8IXM3	Q9CQN7
Q8IXM6	Q8VC65
Q8IXM7	Q810P2
Q8IXN7	Q6PFX8
Q8IXP5	Q9D8Q6
Q8IXQ3	Q8VCE4
Q8IXQ4	Q69ZC8
Q8IXQ5	Q8BUL5
Q8IXQ6	Q8CAS9
Q8IXQ8	Q9D9M4
Q8IXQ9	Q80ZM3
Q8IXR5	Q24JP3
Q8IXR9	Q8CCC3
Q8IXS0	Q9D9W6
Q8IXS2	Q8VHI7
Q8IXS8	Q8C729
Q8IXT1	Q6NZG4
Q8IXT2	Q8CGW9
Q8IXU6	Q7TML3
Q8IXV7	Q9D2D9
Q8IXW0	Q0VET5
Q8IXW5	Q8VC34
Q8IXY8	Q9D6D8
Q8IXZ2	Q8CHP0
Q8IXZ3	Q8BMJ8
Q8IY17	Q3TRM4
Q8IY18	Q8CG46
Q8IY21	E9PZQ1
Q8IY22	Q9D486
Q8IY26	Q9D4F2
Q8IY31	Q61025
Q8IY33	Q3TN34
Q8IY34	Q8BPX9
Q8IY37	Q6NZL1
Q8IY42	Q99K99
Q8IY45	B8JKV0
Q8IY47	G3X9X1
Q8IY49	Q8R189
Q8IY50	Q1LZI2
Q8IY51	Q8BUZ3
Q8IY57	Q99LW6
Q8IY63	Q9D4H4
Q8IY67	Q9CW46
Q8IY81	Q9DBE9
Q8IY82	Q6V3W6
Q8IY84	Q8BHI9
Q8IY92	Q6P1D7
Q8IY95	Q9CXT7
Q8IYA6	Q7TS74
Q8IYA7	Q8BIA3
Q8IYA8	Q6PDM4
Q8IYB1	Q8C525
Q8IYB3	Q52KI8
Q8IYB4	Q8C437
Q8IYB5	Q91VZ6
Q8IYB7	Q8CI75
Q8IYB8	Q80YD1
Q8IYD1	Q149F3
Q8IYD2	Q91XA8
Q8IYD8	Q8BGE5
Q8IYD9	Q8CB14
Q8IYE0	E9Q9F7
Q8IYE1	D3YV10
Q8IYF3	Q14AT2
Q8IYG6	Q8K375
Q8IYH5	Q6KAQ7
Q8IYI0	Q9D112
Q8IYI6	Q6PGF7
Q8IYJ0	Q6P1B3
Q8IYJ1	Q1RLL3
Q8IYJ2	Q8CET2
Q8IYJ3	Q99N80
Q8IYK2	Q9D4K7
Q8IYK4	Q6NVG7
Q8IYK8	Q8VEL9
Q8IYL2	Q9D2Q2
Q8IYL3	Q80WR5
Q8IYL9	Q61038
Q8IYM0	D3Z420
Q8IYM1	A0A2R8VJU7
Q8IYN2	Q9CZY2
Q8IYN6	Q8BQH4
Q8IYP2	Q8BW11
Q8IYP9	Q5Y5T3
Q8IYQ7	Q8BH55
Q8IYR0	Q6PE87
Q8IYR2	Q8BTK5
Q8IYR6	Q6PFE7
Q8IYS0	Q8CI52
Q8IYS1	A3KG59
Q8IYS2	Q91X21
Q8IYS5	Q8VBT3
Q8IYT1	B7XG49
Q8IYT2	Q8BWQ4
Q8IYT3	D3YXL0
Q8IYT4	Q9D3R6
Q8IYT8	Q9QY01
Q8IYU2	Q3U0D9
Q8IYU4	Q14DL0
Q8IYU8	Q8CD10
Q8IYV9	Q9D9J7
Q8IYW2	E9Q2C0
Q8IYW4	E9Q1Z2
Q8IYW5	Q80XJ2
Q8IYX1	Q9D9D3
Q8IYX3	Q80X53
Q8IYX4	Q6VY05
Q8IYX7	B1AXP3
Q8IYX8	Q8VDS7
Q8IYY4	Q499E4
Q8IZ02	Q9DAM1
Q8IZ07	Q80UP5
Q8IZ08	Q7TQP2
Q8IZ20	I7HJS4
Q8IZ21	Q501J7
Q8IZ40	Q8C796
Q8IZ41	Q5RI75
Q8IZ52	Q6IQX7
Q8IZ57	P97799
Q8IZ63	F6TNE3
Q8IZ69	Q8BNV1
Q8IZ73	Q149F1
Q8IZ81	Q8BGF6
Q8IZ83	Q571I9
Q8IZ96	B7ZP21
Q8IZA0	Q8K135
Q8IZA3	Q8VIK3
Q8IZC4	Q14B46
Q8IZC6	Q5QNQ9
Q8IZD0	Q8K070
Q8IZD2	Q3UG20
Q8IZD4	Q3U564
Q8IZD6	Q504N2
Q8IZD9	Q8CIQ7
Q8IZE3	Q9DBQ7
Q8IZF0	Q8BXR5
Q8IZF2	G5E8Q8
Q8IZF3	Q9D2L6
Q8IZF4	Q3V3Z3
Q8IZF5	Q58Y75
Q8IZF6	B7ZCC9
Q8IZF7	E9Q4J9
Q8IZH2	P97789
Q8IZJ1	Q8K1S3
Q8IZJ6	Q8K3F7
Q8IZK6	Q8K595
Q8IZL2	F6U238
Q8IZL8	Q9DBD5
Q8IZL9	Q9JHU3
Q8IZM8	Q9DAU9
Q8IZM9	G3UVW3
Q8IZN3	Q8BQQ1
Q8IZN7	Q8R2I4
Q8IZP0	Q8CBW3
Q8IZP7	Q9QYK4
Q8IZP9	Q8CJ12
Q8IZQ1	Q6VNB8
Q8IZQ5	Q3UQA7
Q8IZQ8	Q8VIM5
Q8IZR5	Q8CJ61
Q8IZS5	Q8BGX4
Q8IZS6	P11985
Q8IZS8	Q9Z1L5
Q8IZT6	Q8CJ27
Q8IZT8	Q8BSL4
Q8IZU2	E9Q271
Q8IZU3	P70281
Q8IZU8	Q0VBN2
Q8IZU9	Q8BR86
Q8IZV2	Q9CZR4
Q8IZV5	Q8VCH7
Q8IZW8	Q8BZ33
Q8IZY2	Q91V24
Q8J025	Q3U128
Q8N0S2	Q9D495
Q8N0S6	Q3U3S3
Q8N0T1	Q0VG62
Q8N0U2	A0A5F8MQ20
Q8N0U4	Q7TPD2
Q8N0U7	A2AGB2
Q8N0U8	Q6TEK5
Q8N0V3	Q6P3B9
Q8N0V4	Q8K4Z0
Q8N0V5	P97402
Q8N0W3	Q7TMC8
Q8N0W5	E9PUC1
Q8N0W7	Q80ZA7
Q8N0X2	Q8K450
Q8N0X4	Q8R4N0
Q8N0X7	Q8R1X6
Q8N0Y2	Q3TDV8
Q8N0Y5	A2AVB5
Q8N0Z2	Q8BUZ1
Q8N0Z3	Q8C804
Q8N0Z6	Q99LG4
Q8N0Z8	A2ADA5
Q8N0Z9	D3YX43
Q8N100	Q9Z2E5
Q8N108	Q5UAK0
Q8N111	Q9JKC6
Q8N112	A0A571BE98
Q8N114	Q9D7I0
Q8N118	Q6A152
Q8N119	Q8K3F2
Q8N122	Q8K4Q0
Q8N123	Q3V0P1
Q8N126	Q99N28
Q8N127	Q7TR55
Q8N128	Q8BR63
Q8N129	Q8BQ47
Q8N130	Q80SU6
Q8N131	Q91Z22
Q8N135	Q8K1S1
Q8N136	D3Z7A5
Q8N137	Q8CB62
Q8N138	Q9CPZ6
Q8N139	Q8K441
Q8N140	Q3V124
Q8N141	Q6P9Y7
Q8N142	P28650
Q8N143	O88282
Q8N144	Q91YD1
Q8N145	Q8K406
Q8N157	Q8K3E5
Q8N158	Q8BKV1
Q8N159	Q8R4H7
Q8N163	Q8VDP4
Q8N165	Q8QZR7
Q8N183	Q59J78
Q8N187	Q8VHI4
Q8N196	P70178
Q8N1A0	Q8CCX5
Q8N1A6	Q8BGN2
Q8N1B3	Q8QZR8
Q8N1B4	Q8C754
Q8N1C3	Q9R0Y8
Q8N1D5	Q4KKZ1
Q8N1E2	Q9D7Q0
Q8N1E6	Q8BID8
Q8N1F7	Q8BJ71
Q8N1F8	Q3TAA7
Q8N1G0	Q9D2D7
Q8N1G1	Q7TT28
Q8N1G2	Q9DBC3
Q8N1G4	Q505F5
Q8N1H7	Q9CTN5
Q8N1I0	P59764
Q8N1K5	Q8BGW0
Q8N1L9	Q8R1H8
Q8N1M1	Q6H1V1
Q8N1N0	P70194
Q8N1N2	A0A5F8MPE7
Q8N1N4	E9Q0F0
Q8N1P7	A0A2I3BQG2
Q8N1Q1	Q9D6N1
Q8N1Q8	Q9CQJ0
Q8N1S5	Q8BWY7
Q8N1T3	Q9D6A1
Q8N1V2	Q5F201
Q8N1W1	P97433
Q8N1W2	Q3U288
Q8N201	Q6P4S8
Q8N205	Q8CII8
Q8N228	Q80VG1
Q8N239	A2AI76
Q8N257	Q8CGP0
Q8N264	Q8C4V1
Q8N271	Q3UUY6
Q8N283	E9Q9D8
Q8N292	Q8CB93
Q8N2A8	Q5SWZ9
Q8N2C7	Q8BLN6
Q8N2E2	Q6DFV8
Q8N2F6	Q9D0L7
Q8N2G4	Q8BLC3
Q8N2G6	B2RVL6
Q8N2G8	Q99J23
Q8N2H3	Q3U4I7
Q8N2H4	Q78S06
Q8N2H9	Q8BXR6
Q8N2I9	Q7TNL3
Q8N2K0	Q99LR1
Q8N2K1	Q6P073
Q8N2M4	Q9D8N3
Q8N2M8	Q8CFC7
Q8N2Q7	Q99K10
Q8N2R0	Q91ZD1
Q8N2R8	Q8BUP8
Q8N2U0	Q5F285
Q8N2U9	Q80XM9
Q8N2W9	Q9JM05
Q8N2Y8	Q80U22
Q8N2Z9	Q9D084
Q8N300	Q99LQ4
Q8N302	Q7TN31
Q8N307	Q8BUE7
Q8N309	Q3V0L5
Q8N335	Q3ULJ0
Q8N336	Q3V1U8
Q8N344	Q3U3N0
Q8N350	Q66L44
Q8N357	Q8VE96
Q8N365	Q3TQ03
Q8N370	Q8CGA3
Q8N371	Q9CXT6
Q8N386	Q8K1T1
Q8N387	Q8C6Z1
Q8N392	Q8K0Q5
Q8N393	Q8BV42
Q8N394	Q56A06
Q8N398	Q3UR50
Q8N3A8	Q3UD82
Q8N3C0	E9PZJ8
Q8N3C7	Q8CI96
Q8N3D4	Q99MS7
Q8N3E9	Q8K2J0
Q8N3F0	Q8CGA4
Q8N3F8	Q8BGT6
Q8N3F9	E9Q343
Q8N3G9	Q6NXM3
Q8N3H0	Q7TPG7
Q8N3I7	Q9CZQ9
Q8N3J2	Q3U034
Q8N3J3	Q32P12
Q8N3J5	Q8BXN7
Q8N3J6	Q8BLQ9
Q8N3J9	Q4VA44
Q8N3K9	Q70KF4
Q8N3L3	Q8VBT1
Q8N3P4	Q0P5W1
Q8N3R3	Q66JZ4
Q8N3R9	Q9JLB2
Q8N3S3	Q8CB19
Q8N3T1	Q9D2N8
Q8N3T6	Q8CEF9
Q8N3U4	O35638
Q8N3V7	Q8CC35
Q8N3X1	Q6ZQ03
Q8N3X6	Q3U285
Q8N3Y1	Q8BIA4
Q8N3Y3	Q5XPT3
Q8N3Y7	Q7TQA3
Q8N3Z0	Q8C0F9
Q8N3Z3	Q9CY28
Q8N3Z6	B1AX39
Q8N412	Q8C8J0
Q8N413	Q8CFJ7
Q8N414	D3YZI9
Q8N427	Q715T0
Q8N428	Q9JJ61
Q8N431	Q9D300
Q8N434	Q6PDF3
Q8N436	Q9D2L5
Q8N441	Q91V87
Q8N442	Q8C3X4
Q8N443	Q9D0B8
Q8N448	Q91XL2
Q8N456	Q9CQ07
Q8N461	A2RT62
Q8N465	Q8CIM3
Q8N468	Q6PDC8
Q8N474	Q8C4U3
Q8N475	Q8BFR2
Q8N485	Q6P566
Q8N488	Q8CCI5
Q8N490	Q69ZP3
Q8N4A0	O08832
Q8N4B1	Q8BH49
Q8N4B4	Q5NBU5
Q8N4B5	Q6PAN7
Q8N4C6	Q61043
Q8N4C7	Q8R1Q0
Q8N4C8	Q9JM52
Q8N4C9	Q5QR91
Q8N4E4	Q78Y63
Q8N4E7	Q9D5H4
Q8N4F0	Q8C1E1
Q8N4G2	Q3SXC5
Q8N4H0	B2RV46
Q8N4H5	B1AXP6
Q8N4J0	Q80UY1
Q8N4K4	Q3URD2
Q8N4L1	Q6GQT5
Q8N4L2	Q9CZX7
Q8N4L4	Q5F289
Q8N4M1	Q921V7
Q8N4N3	Q8R124
Q8N4N8	Q8C0N1
Q8N4P3	Q9D114
Q8N4P6	Q9D3W5
Q8N4Q0	Q8BGC4
Q8N4Q1	Q8VEA4
Q8N4S0	Q6PG04
Q8N4S7	Q9JJE4
Q8N4S9	Q3UZP0
Q8N4T0	Q5U901
Q8N4T4	Q66JY6
Q8N4T8	Q91VT4
Q8N4U5	Q8K1H7
Q8N4V1	Q8K273
Q8N4V2	Q8BFT9
Q8N4W6	Q8CHS2
Q8N4X5	Q5DTU0
Q8N4Y2	Q80ZJ8
Q8N4Z0	Q0PD08
Q8N511	Q5SYH2
Q8N531	Q9QXW0
Q8N539	A2AV25
Q8N543	Q3U0K8
Q8N554	Q8CE64
Q8N556	Q80YS6
Q8N565	Q6NVG5
Q8N567	Q8R1J3
Q8N568	Q6PGN3
Q8N573	Q4KMM3
Q8N584	Q8VE09
Q8N594	Q3TV65
Q8N5A5	Q8VDM1
Q8N5B7	Q9D6K9
Q8N5C1	Q8R100
Q8N5C6	Q497V5
Q8N5C7	Q9D8U7
Q8N5C8	Q571K4
Q8N5D0	Q80ZK9
Q8N5D6	Q8VI38
Q8N5G0	D3Z7Q2
Q8N5G2	Q7TQE6
Q8N5H3	Q9QUI1
Q8N5H7	Q9QZS8
Q8N5I2	Q99KN1
Q8N5I3	Q2TUM3
Q8N5I4	Q8VBZ0
Q8N5I9	Q9CX66
Q8N5J2	Q76LS9
Q8N5J4	Q6P3D7
Q8N5K1	Q9CQB5
Q8N5L8	Q99JH1
Q8N5M1	Q91YY4
Q8N5M4	Q810A3
Q8N5M9	Q5XKN4
Q8N5N4	Q8C5S3
Q8N5N7	Q8VDT9
Q8N5P1	Q9JJ48
Q8N5Q1	L7N480
Q8N5R6	Q3ULW6
Q8N5S1	Q8BVN7
Q8N5S3	Q5SPV6
Q8N5S9	Q8VBY2
Q8N5T2	Q8VDV7
Q8N5U0	D3YVJ1
Q8N5U1	Q3UPL6
Q8N5U6	Q3UIW5
Q8N5V2	Q8CHT1
Q8N5W9	Q5SVD0
Q8N5X7	Q9DBB5
Q8N5Y2	Q9WVG9
Q8N5Y8	Q7TMM8
Q8N5Z0	Q9WVM8
Q8N5Z5	E0CYQ0
Q8N608	Q6NXK7
Q8N609	Q8QZR0
Q8N612	Q3U2I3
Q8N614	A0A1D5RLR8
Q8N635	Q9D513
Q8N653	Q9CQ33
Q8N661	Q497J1
Q8N668	Q8K4M5
Q8N680	Q3V3W4
Q8N682	Q9DC58
Q8N684	Q8BTV2
Q8N687	Q30KN7
Q8N688	Q8K3U4
Q8N690	Q8K3I8
Q8N695	Q8BYF6
Q8N697	Q91W98
Q8N699	Q8R411
Q8N6C5	Q7TQA1
Q8N6D2	Q8C432
Q8N6D5	D3YVV3
Q8N6F1	Q9ET38
Q8N6F7	Q6RFH4
Q8N6F8	Q8BGM4
Q8N6G2	Q0VB26
Q8N6G5	Q8C1F4
Q8N6G6	Q8BLI0
Q8N6H7	Q99K28
Q8N6I1	Q6X7S9
Q8N6I4	Q8BH26
Q8N6K0	Q9DA77
Q8N6K7	Q8C4H2
Q8N6L0	Q80VJ8
Q8N6L1	Q5RL79
Q8N6L7	Q8C353
Q8N6M0	Q8K2H2
Q8N6M3	P59266
Q8N6M5	Q9JHX6
Q8N6M6	Q8BXQ6
Q8N6M8	Q9D9K8
Q8N6M9	Q9JII7
Q8N6N2	Q9D6E4
Q8N6N3	Q9CWU4
Q8N6N6	Q9DBW3
Q8N6N7	Q9D258
Q8N6P7	Q80XZ4
Q8N6Q1	Q9D9D5
Q8N6Q3	Q8R2S8
Q8N6Q8	Q6NXH8
Q8N6R0	Q91YR5
Q8N6R1	Q6TAW2
Q8N6S4	Q3UX43
Q8N6S5	Q8BH07
Q8N6T0	J3QMY9
Q8N6T3	Q9EPJ9
Q8N6T7	P59941
Q8N6U8	B2RPY5
Q8N6V4	Q3KNL4
Q8N6V9	Q9D845
Q8N6W0	A0A5F8MPH2
Q8N6Y0	Q8R370
Q8N6Y1	Q8BIZ0
Q8N6Y2	Q9CXD9
Q8N715	Q3V118
Q8N720	Q9CZP3
Q8N729	F7B5D6
Q8N755	Q8C6U2
Q8N766	Q8C7X2
Q8N7A1	Q80YG3
Q8N7B1	Q5SQP1
Q8N7B6	Q9D3X5
Q8N7C0	Q5M8M9
Q8N7C3	E9PW10
Q8N7C4	Q14AF1
Q8N7C7	G3X9R7
Q8N7F7	Q9CQ84
Q8N7G0	Q9DAC9
Q8N7H5	Q8K2T8
Q8N7J2	Q8CCJ4
Q8N7L0	Q8CC14
Q8N7M0	Q9D5I4
Q8N7P1	Q3UNN8
Q8N7R1	A0A1B0GSJ4
Q8N7R7	D3YUJ3
Q8N7S2	Q8C632
Q8N7U6	Q8CDU5
Q8N7W2	Q8BSV3
Q8N7X0	G3UZ78
Q8N7X2	A2RSX4
Q8N7X8	A2RSL7
Q8N7Z5	A0A140LI88
Q8N801	Q9DAG5
Q8N806	Q8BU04
Q8N807	Q9DAN1
Q8N815	Q9D995
Q8N819	Q8BGL1
Q8N841	A4Q9E8
Q8N865	Q9D5Y0
Q8N884	Q8C6L5
Q8N895	Q6NS86
Q8N8A2	B2RXR6
Q8N8A6	Q6P9R1
Q8N8A8	Q8CHT6
Q8N8B7	Q3US16
Q8N8D1	Q9WTY1
Q8N8D7	Q3URJ8
Q8N8E2	Q6PD29
Q8N8E3	Q5PR68
Q8N8F6	Q9JIM5
Q8N8F7	Q3UQS2
Q8N8G2	Q8BGW8
Q8N8I0	Q0VE29
Q8N8J7	Q9CZL2
Q8N8K9	Q8C4P0
Q8N8L6	Q9QXJ4
Q8N8N0	Q8BG47
Q8N8N7	Q8VDQ1
Q8N8Q1	A2AE42
Q8N8Q3	Q8C9A2
Q8N8Q8	Q8VC74
Q8N8Q9	Q9JJC8
Q8N8R3	Q8BL03
Q8N8R5	Q9D9H8
Q8N8R7	Q8BIX3
Q8N8S7	Q03173
Q8N8U2	Q9D5D8
Q8N8U3	Q6P1Y1
Q8N8U9	Q8CJ69
Q8N8V4	Q8K3X6
Q8N8W4	Q3V1D5
Q8N8X9	Q8CI17
Q8N8Y2	Q80SY3
Q8N8Y5	Q02526
Q8N8Z6	Q9D4J3
Q8N907	Q76LW6
Q8N912	Q8BNX7
Q8N944	Q6NS69
Q8N945	Q0VBB0
Q8N954	Q3UFS4
Q8N957	A0A571BF63
Q8N960	Q7TSG1
Q8N961	Q7TQI7
Q8N966	A0PK84
Q8N967	Q8BGX3
Q8N983	Q99N89
Q8N987	Q8BG18
Q8N998	Q9DA73
Q8N999	Q8BHN7
Q8N9A8	Q3UJ81
Q8N9B4	Q3V096
Q8N9B5	Q9QXM1
Q8N9B8	A0A0N4SVF2
Q8N9F0	Q3UGX3
Q8N9F7	Q9CRY7
Q8N9F8	Q80Y34
Q8N9H9	B1ARY8
Q8N9I0	P46097
Q8N9I5	Q80UG1
Q8N9I9	Q80V91
Q8N9L1	Q61467
Q8N9L9	Q8BWN8
Q8N9M1	Q8R3Y5
Q8N9M5	Q3UPR7
Q8N9N2	Q9D8Z1
Q8N9N5	Q8VBU8
Q8N9N7	Q9D1G5
Q8N9N8	Q3THJ3
Q8N9Q2	Q4V9W2
Q8N9R6	Q9DA64
Q8N9R8	Q8C8N2
Q8N9S9	Q6P8Y7
Q8N9T8	Q8VDQ9
Q8N9U0	Q91XT6
Q8N9V2	Q8BVP1
Q8N9V3	Q9D0I6
Q8N9V6	Q3V0J4
Q8N9V7	E5FYH1
Q8N9W5	Q3UYV8
Q8N9W6	Q924M5
Q8N9W8	D3YV92
Q8N9Y4	J3QNB7
Q8N9Z2	E9Q4T4
Q8N9Z9	Q9D4C1
Q8NA03	Q9D3V5
Q8NA19	B1B1A0
Q8NA23	Q9JHB4
Q8NA29	Q9DA75
Q8NA31	Q8C0V1
Q8NA42	A0A087WRR7
Q8NA47	Q8CDV6
Q8NA54	Q8CDK3
Q8NA56	Q80VM3
Q8NA57	D3YX67
Q8NA58	B2RXZ1
Q8NA61	Q32MG2
Q8NA66	B1AWM0
Q8NA69	G3XA23
Q8NA72	Q9DBS8
Q8NA82	E9PX79
Q8NAA4	Q6KAU8
Q8NAA5	Q7TSF4
Q8NAB2	Q8BHI4
Q8NAC3	Q8K4C2
Q8NAF0	Q80VM4
Q8NAG6	A8VU90
Q8NAN2	Q4QQM5
Q8NAP3	Q3LR78
Q8NAP8	Q8CII0
Q8NAT1	Q8BW41
Q8NAT2	Q5VCS6
Q8NAU1	Q8K4Z2
Q8NAV1	Q4FK66
Q8NAV2	Q66JV7
Q8NAX2	A2A9F4
Q8NB12	P97443
Q8NB14	Q8BW70
Q8NB15	Q6P0X2
Q8NB16	Q9D2Y4
Q8NB25	E9PW83
Q8NB37	Q8BFQ8
Q8NB46	Q8BTI7
Q8NB49	Q9QZW0
Q8NB50	Q8C827
Q8NB59	Q7TN84
Q8NB66	Q8K0T7
Q8NB78	Q8CIG3
Q8NB90	Q3UMC0
Q8NB91	Q5XJY6
Q8NBA8	Q9D0U1
Q8NBD8	Q8BFQ2
Q8NBE8	Q6GQU2
Q8NBF1	Q8K1M4
Q8NBF2	Q8BZW8
Q8NBF6	Q80U56
Q8NBH2	Q8C8H8
Q8NBI2	Q6P1H1
Q8NBI3	Q6PAL1
Q8NBI5	A2AVZ9
Q8NBI6	Q3U4G3
Q8NBJ4	Q91XA2
Q8NBJ5	Q8K297
Q8NBJ7	Q8BPG6
Q8NBJ9	Q8CIF6
Q8NBK3	Q8R0F3
Q8NBL1	Q8BYB9
Q8NBL3	Q9CZ16
Q8NBM4	Q8R1K1
Q8NBM8	Q8C7K6
Q8NBN3	Q8BXN9
Q8NBN7	Q8CEE7
Q8NBP0	A0A1L1SSC7
Q8NBP5	Q8C0T7
Q8NBP7	Q80W65
Q8NBQ5	Q9EQ06
Q8NBQ7	Q8BHH1
Q8NBR0	Q5F267
Q8NBR6	Q6PDI6
Q8NBS3	A2AJN7
Q8NBS9	Q91W90
Q8NBT0	Q8JZX3
Q8NBT2	Q9D083
Q8NBT3	Q8C4U2
Q8NBU5	Q9D5T0
Q8NBV4	Q91WB2
Q8NBV8	Q9R0N6
Q8NBW4	Q8BGD6
Q8NBX0	Q8R127
Q8NBZ0	D3Z3H0
Q8NBZ7	Q91XL3
Q8NC01	Q8BWY2
Q8NC06	E9Q289
Q8NC24	Q8BRJ3
Q8NC42	Q3U2C5
Q8NC44	Q6NS82
Q8NC51	Q9CY58
Q8NC54	Q8K201
Q8NC56	Q6DVA0
Q8NC60	Q9JJG9
Q8NC67	Q8BNJ6
Q8NC69	Q8BNL5
Q8NC74	A2ABX0
Q8NC96	Q9CR95
Q8NCA5	Q3TJZ6
Q8NCA9	Q8BI69
Q8NCB2	Q3UHL1
Q8NCC3	Q8VEB4
Q8NCC5	Q3TIT8
Q8NCD3	Q6PG16
Q8NCE0	Q6P7W5
Q8NCE2	Q8VEL2
Q8NCF5	O09130
Q8NCG5	Q9R1I1
Q8NCG7	Q91WC9
Q8NCH0	Q80V53
Q8NCI6	A2RSQ1
Q8NCJ5	E9Q9B3
Q8NCK7	Q5NC32
Q8NCL4	Q8C7U7
Q8NCL8	G3X9M9
Q8NCM2	Q920E3
Q8NCM8	Q45VK7
Q8NCN2	A2ATY4
Q8NCN4	E9Q7F2
Q8NCN5	Q7TSQ8
Q8NCP5	Q8R0A2
Q8NCQ5	Q9QZN0
Q8NCQ7	B0QZF7
Q8NCR0	Q8BG28
Q8NCR3	Q9D4W2
Q8NCR6	Q2MH31
Q8NCR9	Q8BHH8
Q8NCS4	Q3U0Y2
Q8NCS7	Q5RJI2
Q8NCT1	A0A0B4J1F4
Q8NCT3	Q7TQE7
Q8NCU4	J3QQ27
Q8NCU8	Q8BT35
Q8NCV1	Q9D5P4
Q8NCW0	Q8K1S7
Q8NCW5	Q8K4Z3
Q8NCW6	Q921L8
Q8NCX0	Q8CDI7
Q8NCY6	Q91YU3
Q8ND04	Q8VE18
Q8ND07	Q3V079
Q8ND23	Q3UFQ8
Q8ND24	Q8BFU3
Q8ND25	Q91V17
Q8ND30	O35711
Q8ND56	Q8K2F8
Q8ND61	Q8CDN1
Q8ND71	Q75N62
Q8ND76	Q8BGU5
Q8ND82	Q6P3Y5
Q8ND83	Q68FF7
Q8ND90	Q8C1C8
Q8ND94	Q3TYX2
Q8NDA2	A2AJ76
Q8NDA8	E0CZ22
Q8NDB2	Q80VH0
Q8NDB6	A2ANF5
Q8NDC0	Q8BH93
Q8NDC4	Q6PGF2
Q8NDD1	Q8CIL4
Q8NDF8	Q68ED3
Q8NDG6	Q14BI7
Q8NDH2	A0A571BEV2
Q8NDH3	Q6NSR8
Q8NDH6	Q3TY65
Q8NDI1	Q69ZW3
Q8NDL9	Q09M02
Q8NDM7	E9Q7R9
Q8NDN9	Q6NXM2
Q8NDT2	Q6PHZ5
Q8NDV1	Q9WUV2
Q8NDV2	Q8BZA7
Q8NDV3	Q920F6
Q8NDV7	Q3UHK8
Q8NDW4	Q640N4
Q8NDW8	Q8C0S4
Q8NDX1	Q8BLR5
Q8NDX2	Q8BFU8
Q8NDX5	Q8CHP6
Q8NDX6	Q6NZQ6
Q8NDX9	Q8K1T4
Q8NDY3	Q8BGK2
Q8NDY6	Q8BGW3
Q8NDY8	Q9D702
Q8NDZ0	A0A140LIQ5
Q8NDZ2	E9Q6E9
Q8NDZ4	Q3USZ8
Q8NDZ6	Q8C2L6
Q8NE00	Q3TB48
Q8NE01	Q32NY4
Q8NE09	G3UYX5
Q8NE18	Q14AW5
Q8NE28	Q80YS9
Q8NE31	Q9DBR2
Q8NE35	Q7TN99
Q8NE62	Q8BJ64
Q8NE63	Q3V016
Q8NE71	Q6P542
Q8NE79	Q9ES83
Q8NE86	Q3UMR5
Q8NEA4	Q9CQ24
Q8NEA5	Q5I0V9
Q8NEA6	Q6XP49
Q8NEB5	Q3UMZ3
Q8NEB7	Q3V140
Q8NEB9	Q6PF93
Q8NEC5	Q91ZR5
Q8NEC7	Q5RL51
Q8NEE6	Q8CDU4
Q8NEE8	Q8C1F5
Q8NEF3	A0AUP1
Q8NEF9	Q9CZ91
Q8NEG2	Q5SS90
Q8NEG4	Q3UKU4
Q8NEG5	Q9D9X6
Q8NEG7	Q9D9V7
Q8NEH6	Q61884
Q8NEJ0	Q8VE01
Q8NEJ9	Q9DB96
Q8NEK8	B1ATX6
Q8NEL0	Q9DAL3
Q8NEL9	Q80YA3
Q8NEM0	Q7TT79
Q8NEM2	Q9Z179
Q8NEM7	Q7TT00
Q8NEM8	Q8CDP0
Q8NEN0	Q3URY6
Q8NEN9	B9EJ80
Q8NEP3	Q9D2H9
Q8NEP7	Q3USL1
Q8NEQ5	Q3U7U4
Q8NEQ6	Q3ULG3
Q8NER1	Q704Y3
Q8NER5	Q8K348
Q8NES3	O09010
Q8NES8	Q30KN8
Q8NET4	Q32KG4
Q8NET5	Q8R4V1
Q8NET6	D3Z6E3
Q8NET8	Q8K424
Q8NEU8	Q8K3G9
Q8NEV4	Q8K3H5
Q8NEV8	Q0VAV2
Q8NEV9	Q8K3I6
Q8NEW0	Q9JKN1
Q8NEW7	Q8K467
Q8NEX5	Q3UW41
Q8NEX6	A2A5H7
Q8NEX9	Q8K3P0
Q8NEY1	Q8CH77
Q8NEY3	Q8K3V1
Q8NEY4	Q99L60
Q8NEY8	Q8K2H1
Q8NEZ2	Q8CHS8
Q8NEZ3	Q3UGF1
Q8NEZ4	Q8BRH4
Q8NEZ5	Q78JE5
Q8NF37	Q3TFD2
Q8NF50	Q8C147
Q8NF64	Q8CIE2
Q8NF86	Q80WM7
Q8NF91	Q6ZWR6
Q8NF99	Q7TNK4
Q8NFA0	F8VPZ3
Q8NFA2	Q8VCM2
Q8NFB2	A2AF53
Q8NFC6	E9Q6J5
Q8NFD2	Q8BZ25
Q8NFF2	Q8CGQ8
Q8NFF5	Q8R123
Q8NFG4	Q8QZS3
Q8NFH3	P59235
Q8NFH4	Q9CWU9
Q8NFH5	Q8R4R6
Q8NFH8	Q80XA6
Q8NFI3	Q8BX80
Q8NFJ5	Q8BHL4
Q8NFJ6	Q8K458
Q8NFJ8	Q8C6A8
Q8NFJ9	Q3V3N7
Q8NFK1	Q921C1
Q8NFL0	Q8K0J2
Q8NFM4	Q91WF3
Q8NFM7	Q8JZL1
Q8NFN8	Q6PCP7
Q8NFP0	Q8K459
Q8NFP4	Q0PMG2
Q8NFP9	Q9EPN1
Q8NFQ5	Q8BU51
Q8NFQ6	Q8C186
Q8NFQ8	Q8BYU6
Q8NFR3	Q925E8
Q8NFR7	Q6P5U8
Q8NFR9	Q8BH06
Q8NFT2	Q8BWB6
Q8NFT8	Q8JZM4
Q8NFU1	Q8BGM5
Q8NFU3	E9PY03
Q8NFU5	Q7TT16
Q8NFU7	Q3URK3
Q8NFV4	Q8K4F5
Q8NFW1	E9Q7P1
Q8NFW5	Q91ZK4
Q8NFW8	Q99KK2
Q8NFW9	Q8K3I4
Q8NFX7	Q8R3T5
Q8NFY4	Q76KF0
Q8NFY9	Q3UQV5
Q8NFZ0	Q8K2I9
Q8NFZ4	Q69ZK9
Q8NFZ5	Q99JG7
Q8NFZ8	Q8R464
Q8NG04	Q5EBI0
Q8NG06	Q5NCC9
Q8NG08	Q6NVF4
Q8NG11	Q8QZY6
Q8NG27	O55176
Q8NG31	Q66JQ7
Q8NG35	Q8K4N3
Q8NG41	Q8K4P1
Q8NG48	Q3U1D0
Q8NG50	Q9CQK3
Q8NG66	Q8C0Q4
Q8NG68	P38585
Q8NG98	Q8VG88
Q8NGA1	Q8VFM9
Q8NGB2	Q8VGN9
Q8NGB8	Q7TQW9
Q8NGB9	Q8VF85
Q8NGC0	B2RVX8
Q8NGC2	Q7TQQ0
Q8NGC7	Q7TRL9
Q8NGD2	A0A0U1RNX7
Q8NGD3	Q8VET4
Q8NGD4	Q7TRM6
Q8NGE3	Q8VGJ1
Q8NGE9	Q8VG11
Q8NGF3	E9Q550
Q8NGF4	Q8VFK7
Q8NGG5	Q7TR79
Q8NGH3	Q9EPG6
Q8NGH9	Q8VF06
Q8NGI4	Q8VFV0
Q8NGI7	Q8VF55
Q8NGI9	A0A140LHS9
Q8NGJ0	Q8VFV2
Q8NGJ1	Q0VDY1
Q8NGJ2	Q8VG19
Q8NGJ4	Q8VGV8
Q8NGJ8	E9Q407
Q8NGJ9	F8VQ18
Q8NGK0	Q8VH11
Q8NGK1	Q8VH17
Q8NGK4	E9Q545
Q8NGK5	E9Q546
Q8NGK9	Q8VFR3
Q8NGL6	A2AVK5
Q8NGL7	A0A1L1SRD7
Q8NGM9	Q8VGB4
Q8NGN0	Q8VFN1
Q8NGN2	Q8VGB3
Q8NGP6	Q7TR87
Q8NGP9	Q8VGS3
Q8NGQ1	A2ALD2
Q8NGQ5	Q7TQQ3
Q8NGR1	Q8VGH2
Q8NGR4	Q8VF22
Q8NGR6	Q8VGV7
Q8NGR8	Q8VFP6
Q8NGR9	Q8VGJ8
Q8NGS3	Q60879
Q8NGS4	Q7TS18
Q8NGS6	Q8VG87
Q8NGS7	Q8VGA0
Q8NGT1	A2AM35
Q8NGT2	Q9QZ18
Q8NGT7	Q8VEV0
Q8NGU2	Q8VF31
Q8NGU4	Q6UAH0
Q8NGU9	Q8BL07
Q8NGV5	Q7TS19
Q8NGW6	E9Q0M4
Q8NGX0	Q5NCD0
Q8NGX3	A0A2I3BRV4
Q8NGX8	E9Q050
Q8NGX9	E9Q5P8
Q8NGY1	E9Q0Y7
Q8NGY2	E9Q4G0
Q8NGY3	E9Q0Q2
Q8NGY5	Q7TRW1
Q8NGY6	E9Q5F1
Q8NGZ3	Q7TS01
Q8NGZ6	Q8VFP2
Q8NH05	Q7TRM4
Q8NH08	A0A0B4J1M2
Q8NH18	Q8VGR8
Q8NH37	Q9R0K2
Q8NH40	E9Q0Z1
Q8NH55	Q8VG26
Q8NH56	Q8VGU9
Q8NH57	Q8VGX9
Q8NH60	E9PYB3
Q8NH61	E9Q554
Q8NH63	E9Q547
Q8NH64	A0A0G2JFH3
Q8NH76	Q6W049
Q8NH79	Q8VFN6
Q8NH80	Q8VEY3
Q8NH81	Q8VEU2
Q8NH85	Q8VGS1
Q8NHA6	Q8VFH0
Q8NHA8	A0A1W2P740
Q8NHB1	Q8VGD6
Q8NHC4	Q62007
Q8NHC8	Q8VF37
Q8NHE4	Q91XE7
Q8NHG7	Q3UZP4
Q8NHG8	Q71FD5
Q8NHH1	A4Q9F4
Q8NHH9	Q6PA06
Q8NHM5	Q6P1G2
Q8NHP6	Q9CWP6
Q8NHP7	Q8CDF7
Q8NHP8	Q3TCN2
Q8NHQ1	Q6IQY5
Q8NHQ8	Q8CJ96
Q8NHQ9	Q6ZPL9
Q8NHR7	Q9D494
Q8NHR9	Q9D6I3
Q8NHS0	Q9QYI7
Q8NHS1	Q9D9H2
Q8NHS2	Q7TSV6
Q8NHS3	Q8BH31
Q8NHS4	Q5M6W3
Q8NHS9	Q5SV06
Q8NHU2	Q8CEL2
Q8NHU3	Q9D4B1
Q8NHU6	Q8K1H1
Q8NHV1	Q8R379
Q8NHV4	P33215
Q8NHV5	Q8C784
Q8NHW3	Q8CF90
Q8NHW6	Q8R448
Q8NHX4	Q9D9T6
Q8NHX9	Q8BWC0
Q8NHY0	Q09199
Q8NHY2	Q9R1A8
Q8NHY3	Q5SSG4
Q8NHY5	Q8K572
Q8NHY6	P10078
Q8NHZ8	Q99JP4
Q8NI08	Q6DFV7
Q8NI17	Q8K5B1
Q8NI22	Q8K5B2
Q8NI27	B1AZI6
Q8NI29	Q6DIA9
Q8NI32	Q9D7F2
Q8NI35	Q63ZW7
Q8NI36	Q3TAQ9
Q8NI37	Q6NVE9
Q8NI38	Q2TB02
Q8NI51	A2APF3
Q8NI60	Q60936
Q8NI77	Q91WD7
Q8NI99	Q8R0Z6
Q8TA86	P97762
Q8TAA1	Q5GAM9
Q8TAA3	Q9CWH6
Q8TAA5	O88396
Q8TAA9	Q80Z96
Q8TAB3	Q80TF3
Q8TAB5	Q8BP99
Q8TAC1	Q8K2P6
Q8TAC2	Q9CR30
Q8TAC9	Q9JKD3
Q8TAD2	A0A0B4J1G4
Q8TAD4	Q8R4H9
Q8TAD7	P0C913
Q8TAD8	Q8BIZ6
Q8TAE6	Q8R4S0
Q8TAE7	P59053
Q8TAE8	Q9CR59
Q8TAF3	Q8BH57
Q8TAF8	Q4KL25
Q8TAG5	Q8R0A6
Q8TAG6	Q8BG31
Q8TAG9	Q8R313
Q8TAI7	Q9D8T3
Q8TAK5	P81069
Q8TAK6	Q9JKN5
Q8TAL5	F6UZS4
Q8TAL6	Q9CQS3
Q8TAM1	Q9DBI2
Q8TAM2	Q8VD72
Q8TAM6	Q5EBJ4
Q8TAP4	Q8BZL8
Q8TAP6	Q0VEJ0
Q8TAP8	Q9D8C8
Q8TAQ2	Q6PDG5
Q8TAQ5	Q7TMN8
Q8TAQ9	Q5SS91
Q8TAS1	P97343
Q8TAT2	Q1HCM0
Q8TAT5	Q8K203
Q8TAT6	P60670
Q8TAU0	P97334
Q8TAV0	Q922G2
Q8TAV3	E9Q816
Q8TAV4	Q6PE84
Q8TAX0	Q9WVG7
Q8TAY7	Q80X91
Q8TB03	Q8C5K5
Q8TB05	Q6P3B2
Q8TB22	Q80YT5
Q8TB24	P59729
Q8TB36	O88741
Q8TB37	Q9CWD8
Q8TB40	Q8VD66
Q8TB45	Q570Y9
Q8TB52	Q8BJL1
Q8TB61	Q91ZN5
Q8TB68	Q3V0I2
Q8TB72	Q80U58
Q8TB73	Q8C119
Q8TB92	Q8JZS7
Q8TB96	Q99KW9
Q8TBA6	Q9QYE6
Q8TBB1	O70263
Q8TBB5	Q921I2
Q8TBB6	Q8BXR1
Q8TBC3	Q6P7W2
Q8TBC4	Q8C878
Q8TBC5	E9PUD6
Q8TBE0	Q497V6
Q8TBE1	Q6ZWS4
Q8TBE3	Q8BJN4
Q8TBE7	D3YVE8
Q8TBE9	Q9CPT3
Q8TBF2	Q9DB60
Q8TBF4	Q9CZ96
Q8TBF5	Q99LV7
Q8TBF8	Q3UXZ6
Q8TBG4	Q8BWU8
Q8TBG9	Q8BGN8
Q8TBH0	Q9D668
Q8TBJ4	Q8BFZ2
Q8TBJ5	Q9ESP5
Q8TBK2	Q9CWY3
Q8TBK6	Q9CX48
Q8TBM7	P0DN89
Q8TBM8	Q149L6
Q8TBN0	Q8VDV3
Q8TBP0	A2ABG4
Q8TBP5	Q9D3L0
Q8TBP6	Q8BGP6
Q8TBQ9	Q9CR64
Q8TBR7	Q5ND56
Q8TBX8	Q91XU3
Q8TBY0	P86049
Q8TBY8	Q9WVQ0
Q8TBY9	E9Q743
Q8TBZ0	Q3V125
Q8TBZ2	Q5SUV2
Q8TBZ3	Q3UWE6
Q8TBZ6	Q8C1Z8
Q8TBZ9	Q9D5W8
Q8TC05	Q9D067
Q8TC07	Q9CXF4
Q8TC12	Q9QYF1
Q8TC20	Q5IR70
Q8TC26	Q8C996
Q8TC27	Q8K410
Q8TC29	Q6SP97
Q8TC36	Q9DA32
Q8TC41	D3YYI7
Q8TC44	Q8BHD1
Q8TC56	Q5STT6
Q8TC57	Q9Z0E1
Q8TC59	Q8CDG1
Q8TC71	Q0P557
Q8TC76	Q8C739
Q8TC84	Q9DAM9
Q8TC90	Q9CQL2
Q8TC92	Q8BHR2
Q8TC94	Q8CG27
Q8TC99	Q9D2H8
Q8TCA0	Q8CI70
Q8TCB0	Q8BV66
Q8TCB6	Q8VGZ7
Q8TCB7	Q8BVH9
Q8TCC3	Q9D7N6
Q8TCC7	O88909
Q8TCD1	Q91WE4
Q8TCD5	Q9JM14
Q8TCD6	Q9D9M5
Q8TCF1	Q8BFR6
Q8TCG1	Q8BWY9
Q8TCG2	Q8CBQ5
Q8TCG5	Q8BGD5
Q8TCI5	Q9D9W1
Q8TCJ0	Q9D2Y6
Q8TCJ2	Q3TDQ1
Q8TCN5	Q6ZPY5
Q8TCQ1	Q6NZQ8
Q8TCS8	Q8K1R3
Q8TCT0	Q8K4Q7
Q8TCT1	Q8R2H9
Q8TCT6	Q9CUS9
Q8TCT7	Q3TD49
Q8TCT8	Q9JJF9
Q8TCT9	Q9D8V0
Q8TCU3	Q91WN3
Q8TCU4	Q8K4E0
Q8TCU5	A2AIR5
Q8TCU6	Q69ZK0
Q8TCV5	Q4KXB6
Q8TCW7	Q8BGZ8
Q8TCW9	Q9JKL1
Q8TCX1	Q8K0T2
Q8TCX5	Q61085
Q8TCY5	Q9D159
Q8TCY9	Q5NCI0
Q8TCZ2	Q8BIF0
Q8TD06	Q8R3W7
Q8TD08	Q80Y86
Q8TD10	Q9D9F8
Q8TD16	Q921C5
Q8TD17	Q8BV16
Q8TD19	Q8K1R7
Q8TD20	Q8BFW9
Q8TD22	Q925N0
Q8TD26	A3KFM7
Q8TD30	Q8BGT5
Q8TD31	Q8K2I2
Q8TD35	Q8BIG2
Q8TD43	Q7TN37
Q8TD55	Q8K124
Q8TD57	Q8BW94
Q8TD84	Q4VA61
Q8TD90	Q52KG3
Q8TD94	Q19A41
Q8TDB4	Q8VI64
Q8TDB6	Q3UIR3
Q8TDC0	Q8R4E4
Q8TDC3	Q5RJI5
Q8TDD1	Q8K4L0
Q8TDD2	Q8VI67
Q8TDD5	Q8R4F0
Q8TDF5	Q8R4I7
Q8TDF6	Q8BTM9
Q8TDG4	Q2VPA6
Q8TDH9	Q8R015
Q8TDI0	A2A8L1
Q8TDI7	Q8R4P4
Q8TDI8	Q8R4P5
Q8TDJ6	Q8BPN8
Q8TDL5	Q61114
Q8TDM5	Q80ZQ0
Q8TDM6	E9Q9R9
Q8TDN1	Q80XM3
Q8TDN2	Q8CFS6
Q8TDN4	Q9ESJ1
Q8TDN6	Q9DCA5
Q8TDN7	Q8R4X1
Q8TDP1	Q9CQ18
Q8TDQ0	Q8VIM0
Q8TDQ7	Q9CRC9
Q8TDR0	Q149C2
Q8TDR2	Q80ZW0
Q8TDS7	Q91ZB8
Q8TDT2	Q8BXS7
Q8TDU6	Q80SS6
Q8TDU9	Q7TQP4
Q8TDV0	Q7TSN6
Q8TDV5	Q7TQP3
Q8TDW0	Q8R502
Q8TDW4	Q8K4P7
Q8TDW5	Q80T23
Q8TDW7	Q8BNA6
Q8TDX5	Q8R519
Q8TDX6	Q8BJQ9
Q8TDX7	Q9ES74
Q8TDX9	Q8R526
Q8TDY2	Q9ESK9
Q8TDY3	Q9D9L5
Q8TDY4	Q5U464
Q8TDY8	Q9EQS9
Q8TDZ2	Q8VDP3
Q8TE02	Q99L85
Q8TE04	Q8K4K6
Q8TE12	Q9JKU8
Q8TE23	Q925I4
Q8TE49	Q8R554
Q8TE54	Q8R2Z3
Q8TE56	E9Q4D1
Q8TE57	Q69Z28
Q8TE58	P59384
Q8TE59	P59509
Q8TE60	Q4VC17
Q8TE67	Q91WL0
Q8TE68	Q8R5F8
Q8TE73	Q8VHE6
Q8TE76	Q8BMD7
Q8TE77	Q8K330
Q8TE82	G3X9F6
Q8TE85	Q5FWH3
Q8TE96	Q924H9
Q8TE99	Q8BHA9
Q8TEA1	Q7TS68
Q8TEA7	Q8BM85
Q8TEA8	Q9DD18
Q8TEB1	Q91VU6
Q8TEB7	Q9D304
Q8TEB9	Q8BHC7
Q8TEC5	Q8BZT2
Q8TED0	Q8C7V3
Q8TED1	Q9D7B7
Q8TED4	Q9WU81
Q8TED9	Q8BZI0
Q8TEE9	Q1EHW4
Q8TEF2	G3UW87
Q8TEH3	Q8K382
Q8TEJ3	Q8C120
Q8TEK3	Q6XZL8
Q8TEL6	Q9JLV2
Q8TEM1	Q9QY81
Q8TEP8	E9Q4Y4
Q8TEQ0	Q9D3S3
Q8TEQ6	Q8BX17
Q8TEQ8	Q9JJI6
Q8TER0	Q70E20
Q8TER5	Q3UPH7
Q8TES7	A2A870
Q8TET4	Q8BVW0
Q8TEU7	Q5NCJ1
Q8TEU8	Q7TQN3
Q8TEV9	Q3UMB5
Q8TEW0	Q99NH2
Q8TEW6	Q99KE3
Q8TEW8	Q9CSB4
Q8TEX9	Q8VI75
Q8TEY5	Q9D2A5
Q8TEY7	Q8R5K2
Q8TEZ7	Q80ZE5
Q8TF01	A2AJT4
Q8TF05	Q8K2V1
Q8TF09	Q9DAJ5
Q8TF17	Q80VA5
Q8TF21	Q80VM7
Q8TF30	Q571B6
Q8TF39	A2ALW2
Q8TF40	Q68FD7
Q8TF42	Q8BGG7
Q8TF44	Q5HZI2
Q8TF46	Q8C0S1
Q8TF47	Q61967
Q8TF50	Q8BI66
Q8TF61	Q6NS60
Q8TF62	A2ANX3
Q8TF64	Q8R5M0
Q8TF65	Q9Z2H7
Q8TF66	Q80X72
Q8TF68	E9Q1A5
Q8TF71	Q3U9N9
Q8TF72	Q9QXN0
Q8TF74	Q6PEV3
Q8TF76	Q9Z0R0
Q8WTP8	Q9CZI9
Q8WTQ4	Q8BHX0
Q8WTR2	Q8K4T5
Q8WTR4	Q640M6
Q8WTR7	Q8BI67
Q8WTR8	Q3UQ22
Q8WTS1	Q9DBL9
Q8WTS6	Q8VHL1
Q8WTT2	Q8VI84
Q8WTU0	Q9DAF3
Q8WTU2	A1L0T3
Q8WTV0	Q61009
Q8WTV1	Q8BJ25
Q8WTW3	Q9Z160
Q8WTW4	Q9WUE4
Q8WTX7	Q9CWQ8
Q8WTX9	Q8R0N9
Q8WU08	Q8BGW6
Q8WU10	Q3TMV7
Q8WU17	Q7TMV1
Q8WU20	Q8C180
Q8WU39	Q9D8I1
Q8WU58	Q6P539
Q8WU66	J3S6Y1
Q8WU67	Q91ZH7
Q8WU68	Q8BGJ9
Q8WU76	Q8BTY8
Q8WU79	Q7TN29
Q8WU90	Q3TIV5
Q8WUA2	Q9CXG3
Q8WUA4	Q8BL74
Q8WUA7	Q8R5A6
Q8WUA8	Q8CBR6
Q8WUB2	Q9DB54
Q8WUB8	Q9D8M7
Q8WUD1	P59279
Q8WUD4	Q8R344
Q8WUD6	Q8C025
Q8WUE5	Q14BQ3
Q8WUF5	Q5I1X5
Q8WUF8	Q3TNH5
Q8WUG5	Q9D9E0
Q8WUH1	Q6DG52
Q8WUH2	Q3UR70
Q8WUH6	Q9DAM7
Q8WUI4	Q8C2B3
Q8WUJ0	Q60969
Q8WUJ1	Q5SSH8
Q8WUJ3	Q8BI06
Q8WUK0	Q66GT5
Q8WUM0	Q8R0G9
Q8WUM4	Q9WU78
Q8WUM9	Q61609
Q8WUN7	Q6PGH0
Q8WUP2	Q71FD7
Q8WUQ7	Q9CS00
Q8WUR7	Q9CRC3
Q8WUS8	Q9D665
Q8WUT4	P59383
Q8WUT9	A2A3V2
Q8WUU4	E9Q6W4
Q8WUU5	Q920S3
Q8WUU8	Q9DCX7
Q8WUW1	Q91VR8
Q8WUX1	Q3U1J0
Q8WUX2	Q9CQG1
Q8WUX9	Q8R1T1
Q8WUY1	Q80ZW2
Q8WUY3	Q52KR3
Q8WUY8	Q8BVG8
Q8WUY9	Q8BH88
Q8WUZ0	O08664
Q8WV07	Q8CH62
Q8WV15	Q5FW56
Q8WV16	A0A1Y7VNZ0
Q8WV19	Q5SSN7
Q8WV22	Q9D720
Q8WV24	Q62392
Q8WV28	Q9QUN3
Q8WV41	Q4VAA7
Q8WV44	Q5NCC3
Q8WV48	Q9DCC3
Q8WV60	Q8R3K3
Q8WV74	Q9CR24
Q8WV83	Q8R314
Q8WV92	Q8VDV8
Q8WV93	Q3V384
Q8WV99	Q91X58
Q8WVB3	Q3U4H6
Q8WVB6	Q8BIW9
Q8WVC0	Q5XJE5
Q8WVC6	Q8BHC4
Q8WVD3	Q9CQE0
Q8WVD5	Q99MB7
Q8WVE0	Q9CY45
Q8WVE6	Q4KL18
Q8WVE7	Q9D342
Q8WVF1	Q8BHW2
Q8WVF2	Q14BU0
Q8WVF5	Q9D7X1
Q8WVH0	Q8R1B5
Q8WVI0	Q8C1Q6
Q8WVI7	Q8BKK4
Q8WVJ2	Q9CQ48
Q8WVJ9	Q9D030
Q8WVK2	Q8K194
Q8WVK7	Q9CR46
Q8WVL7	Q8VE42
Q8WVM0	Q8JZM0
Q8WVM7	Q9D3E6
Q8WVM8	Q8BRF7
Q8WVN6	Q921W8
Q8WVN8	Q8K2Z8
Q8WVP5	Q8K288
Q8WVP7	Q9JIT0
Q8WVQ1	Q8VCF1
Q8WVR3	Q3UTZ3
Q8WVS4	Q8C761
Q8WVT3	Q8K2L8
Q8WVV4	Q8K4L4
Q8WVV9	Q921F4
Q8WVX3	Q99M08
Q8WVX9	Q922J9
Q8WVY7	Q8BGR9
Q8WVZ1	Q810M5
Q8WVZ7	Q14B02
Q8WVZ9	G5E8C2
Q8WW01	Q8R3W5
Q8WW12	Q6P8I4
Q8WW14	Q9CQT6
Q8WW18	Q8C1R3
Q8WW22	Q9JMC3
Q8WW24	Q149S1
Q8WW27	Q497M3
Q8WW32	Q6P8W9
Q8WW33	Q9DAN6
Q8WW34	Q9DA47
Q8WW35	Q9CQ66
Q8WW38	Q8CCH7
Q8WW52	Q8QZW3
Q8WW59	Q91WK1
Q8WW62	Q9CQG0
Q8WWA1	Q4FJU9
Q8WWB3	Q9D9T0
Q8WWB5	Q8CHR9
Q8WWB7	Q9JHJ3
Q8WWC4	Q8BHE8
Q8WWF1	Q8R2K8
Q8WWF3	Q9D9Y8
Q8WWF5	Q9DAH2
Q8WWF8	Q6P8Y1
Q8WWG1	Q9WTX4
Q8WWG9	Q9WTW3
Q8WWH4	Q8VD46
Q8WWH5	Q8C0D0
Q8WWI1	E9PYF4
Q8WWI5	Q6X893
Q8WWK9	Q3V1H1
Q8WWL2	Q8K1S6
Q8WWL7	Q810T2
Q8WWM7	Q7TQH0
Q8WWM9	Q9CX80
Q8WWN8	Q8R5G7
Q8WWP7	P70224
Q8WWQ0	Q8VDD9
Q8WWQ2	B2RY83
Q8WWQ8	Q8R4U0
Q8WWR8	Q8BZL1
Q8WWT9	Q91Y63
Q8WWU5	Q01755
Q8WWV3	Q924D0
Q8WWV6	Q2TB54
Q8WWW0	Q5EBH1
Q8WWW8	Q8BSM5
Q8WWX0	Q9D1A4
Q8WWX8	Q8K0E3
Q8WWX9	Q8VHC3
Q8WWY3	Q8CCF0
Q8WWY6	Q9D9H3
Q8WWY7	Q9JHY3
Q8WWY8	Q8CIV3
Q8WWZ1	Q8R459
Q8WWZ3	Q8VHX2
Q8WWZ7	Q8K448
Q8WWZ8	Q8R4V5
Q8WX39	Q9D267
Q8WX77	Q80W15
Q8WX92	Q8C4Y3
Q8WX93	Q9ET54
Q8WXA2	E9Q658
Q8WXA3	Q8R4C2
Q8WXA9	Q8BZX4
Q8WXB1	Q9CQL0
Q8WXB4	Q7TSV0
Q8WXC6	Q3U898
Q8WXD0	Q91ZZ5
Q8WXD2	P47867
Q8WXD5	Q9CX53
Q8WXD9	Q6P9K8
Q8WXE0	Q8VHK1
Q8WXE1	Q8BMG1
Q8WXE9	Q8BZ60
Q8WXF1	Q8R326
Q8WXF3	Q8CHK2
Q8WXF5	Q8VHL5
Q8WXF7	Q8BH66
Q8WXF8	Q8QZV0
Q8WXG1	Q8CBB9
Q8WXG6	Q80U28
Q8WXG8	B9EJL3
Q8WXG9	Q8VHN7
Q8WXH0	Q6ZWQ0
Q8WXH2	Q9ET77
Q8WXH4	Q9CQ31
Q8WXH5	Q91ZA6
Q8WXI2	Q80YA9
Q8WXI3	Q91ZT7
Q8WXI4	Q8VHQ9
Q8WXI7	A0A140LJ72
Q8WXI8	Q9Z2H6
Q8WXI9	Q8VHR5
Q8WXJ9	Q8VHP9
Q8WXK1	Q8VHS6
Q8WXK3	Q8VBX0
Q8WXK4	Q9D738
Q8WXQ8	Q8R4H4
Q8WXR4	Q1EG27
Q8WXS3	Q8VHV1
Q8WXS4	Q9JJV3
Q8WXS5	Q8VHW2
Q8WXS8	E9PX39
Q8WXU2	Q8R368
Q8WXW3	E9Q6K3
Q8WXX5	Q91WN1
Q8WXX7	A0A087WPF7
Q8WY07	P70423
Q8WY21	Q9JLC4
Q8WY22	Q8BXV2
Q8WY36	Q8VBW5
Q8WY41	Q80WY3
Q8WY54	Q80TL0
Q8WY64	Q8BM54
Q8WY91	Q6P3Z3
Q8WY98	Q8R1E7
Q8WYA0	O35594
Q8WYA1	Q2VPD4
Q8WYA6	Q9CWL8
Q8WYB5	Q8BRB7
Q8WYH8	Q9D8Y8
Q8WYJ6	P42209
Q8WYK0	Q9DBK0
Q8WYK2	P97875
Q8WYL5	Q76I79
Q8WYN3	P59055
Q8WYP3	Q9D684
Q8WYP5	Q8CJF7
Q8WYQ3	Q7TNL9
Q8WYQ4	A0A1W2P7T4
Q8WYQ5	Q9EQM6
Q8WYQ9	Q8VIG0
Q8WYR1	Q5SW28
Q8WYR4	Q8VIG3
Q8WZ04	A1Y9I9
Q8WZ19	Q8BGV7
Q8WZ42	A2ASS6
Q8WZ55	Q8VIM4
Q8WZ59	Q9D2E9
Q8WZ60	Q6V595
Q8WZ64	Q8BZ05
Q8WZ71	Q6F5E0
Q8WZ73	Q6ZQM0
Q8WZ74	B9EJA2
Q8WZ75	Q8C310
Q8WZ79	Q9QY48
Q8WZ82	Q9D7E3
Q8WZA0	Q8K3C3
Q8WZA1	Q91X88
Q8WZA2	Q9EQZ6
Q8WZA9	Q8VIM9
Q92185	Q64687
Q92186	O35696
Q92187	Q64692
Q92466	Q99J79
Q92481	Q61313
Q92482	Q8R2N1
Q92484	P70158
Q92485	P58242
Q92499	Q91VR5
Q92502	Q8K031
Q92503	A8Y5H7
Q92504	Q31125
Q92506	P50171
Q92508	E2JF22
Q92519	Q8K4K3
Q92520	Q91VU0
Q92521	Q9JJQ0
Q92522	Q80ZM5
Q92523	Q924X2
Q92527	Q9D504
Q92529	Q61120
Q92530	Q8BHL8
Q92535	Q9CXR4
Q92536	Q8BGK6
Q92537	Q8BGE4
Q92538	Q6DFZ1
Q92539	Q99PI5
Q92540	Q5RJH6
Q92541	A2AQ19
Q92542	P57716
Q92543	Q6P4T1
Q92544	Q8BH24
Q92545	O70472
Q92546	Q8BHT7
Q92547	Q6ZQF0
Q92551	Q6PD10
Q92552	Q8BK72
Q92556	Q8BPU7
Q92558	Q8R5H6
Q92560	Q99PU7
Q92561	Q8K0S0
Q92562	Q91WF7
Q92563	Q9ER58
Q92564	Q8CCA0
Q92565	Q8C0Q9
Q92567	Q8BGZ2
Q92569	Q64143
Q92570	Q9QZB6
Q92572	Q9DCR2
Q92574	Q9EP53
Q92575	Q8VCH8
Q92576	B2RQG2
Q92581	A1L3P4
Q92583	F6R5P4
Q92585	Q6T264
Q92597	Q62433
Q92598	Q61699
Q92599	Q8CHH9
Q92600	Q9JKY0
Q92604	Q91YX5
Q92608	Q8C3J5
Q92609	Q80XQ2
Q92610	Q8BHZ4
Q92611	Q925U4
Q92613	Q6IE82
Q92614	Q9JMH9
Q92615	Q6A0A2
Q92616	E9PVA8
Q92618	Q7TSH3
Q92619	Q3TBD2
Q92620	Q80X98
Q92621	B9EJ54
Q92622	Q80U62
Q92623	Q3V038
Q92624	Q9DAX9
Q92625	P59672
Q92626	Q3UQ28
Q92628	Q80U59
Q92629	P82347
Q92630	Q5U4C9
Q92633	P61793
Q92636	O35242
Q92643	Q9CXY9
Q92664	Q8VHT7
Q92665	Q61733
Q92667	O08715
Q92673	O88307
Q92674	Q8K1K4
Q92681	Q9ER99
Q92685	Q8K2A8
Q92686	P60761
Q92688	Q9EST5
Q92692	P32507
Q92696	Q9JHK4
Q92698	P70270
Q92729	B1AUH1
Q92730	Q8BLR7
Q92731	O08537
Q92733	Q9EQC8
Q92734	Q9Z1A1
Q92736	E9Q401
Q92737	Q8K5A4
Q92738	Q80XC3
Q92743	Q9R118
Q92747	Q9R0Q6
Q92748	Q62264
Q92750	G5E8Z2
Q92752	Q8BYI9
Q92753	Q8R1B8
Q92754	Q61312
Q92759	O70422
Q92764	Q497I4
Q92765	P97401
Q92766	Q3UH06
Q92769	P70288
Q92772	Q9QUK0
Q92777	Q64332
Q92781	O55240
Q92782	Q9QX66
Q92783	P70297
Q92784	P58269
Q92785	Q61103
Q92786	P48437
Q92791	Q8K2B0
Q92793	P45481
Q92794	Q8BZ21
Q92796	P70175
Q92797	Q80X82
Q92800	P70351
Q92802	Q8JZS6
Q92804	Q8BQ46
Q92805	Q9CW79
Q92806	P48543
Q92813	Q9Z1Y9
Q92817	Q9D952
Q92819	P70312
Q92820	Q9Z0L8
Q92823	Q810U4
Q92824	Q04592
Q92826	P70321
Q92828	Q8C0P5
Q92830	Q9JHD2
Q92831	Q9JHD1
Q92832	Q2VWQ2
Q92833	Q62315
Q92834	Q9R0X5
Q92835	Q9ES52
Q92837	P70339
Q92838	O54693
Q92839	Q61647
Q92841	Q501J6
Q92843	P70345
Q92844	P70347
Q92845	P70188
Q92847	Q99P50
Q92854	O09126
Q92858	P48985
Q92859	P97798
Q92870	Q9DBR4
Q92871	O35621
Q92874	Q9D1G0
Q92876	Q91Y82
Q92878	P70388
Q92879	P28659
Q92882	Q62422
Q92886	P70660
Q92887	Q8VI47
Q92888	Q61210
Q92889	Q9QZD4
Q92890	P70362
Q92896	Q61543
Q92900	Q9EPU0
Q92901	E9PWZ3
Q92902	O08983
Q92903	P98191
Q92904	Q64368
Q92905	O35864
Q92908	Q61169
Q92911	Q99PN0
Q92913	P70377
Q92914	P70378
Q92915	P70379
Q92917	Q56A08
Q92918	P70218
Q92922	P97496
Q92925	Q99JR8
Q92930	P61028
Q92932	P80560
Q92934	Q61337
Q92935	Q9JKV7
Q92945	Q3U0V1
Q92947	Q60759
Q92949	Q61660
Q92952	Q9EQR3
Q92953	A6H8H5
Q92954	Q9JM99
Q92956	Q80WM9
Q92959	Q9EPT5
Q92963	P70426
Q92966	Q9D2C9
Q92968	Q9D0K1
Q92973	Q8BFY9
Q92974	Q60875
Q92979	O35130
Q92982	O70131
Q92985	P70434
Q92988	P70436
Q92989	Q99LI9
Q92990	Q8BZM1
Q92993	Q8CHK4
Q92994	Q8CFK2
Q92995	Q5BKP2
Q92997	Q61062
Q93008	P70398
Q93009	Q6A4J8
Q93015	Q9R123
Q93033	A8E0Y8
Q93034	Q9D5V5
Q93038	B1AWN9
Q93045	P55821
Q93050	Q9Z1G4
Q93052	Q8BFW7
Q93062	Q9WVB0
Q93063	P70428
Q93070	Q9CRA0
Q93073	Q6A098
Q93074	A2AGH6
Q93075	B7ZNL9
Q93084	Q64518
Q93086	Q3UYI1
Q93088	O35490
Q93091	Q9D244
Q93096	Q63739
Q93097	O70283
Q93098	Q9WUD6
Q93099	O09173
Q93100	Q7TSH2
Q95460	Q8HWB0
Q969D9	Q9JIE6
Q969E1	Q91V13
Q969E2	Q9JKV5
Q969E3	Q924A4
Q969E8	Q8C8T8
Q969F0	Q8CEK7
Q969F1	Q9D8P7
Q969F2	Q8VE28
Q969F8	Q91V45
Q969F9	Q91VB4
Q969G2	P53776
Q969G3	O54941
Q969G5	Q91VJ2
Q969G6	Q8CFV9
Q969G9	Q99MH6
Q969H0	Q8VBV4
Q969H4	A2A9K7
Q969H6	Q9DB28
Q969H8	Q9CPT4
Q969I6	Q8R1S9
Q969J3	Q9D920
Q969J5	Q80XF5
Q969K3	Q99KR6
Q969K4	Q99LJ2
Q969K7	Q9D7S1
Q969L2	Q8BI08
Q969L4	Q8QZX5
Q969M1	Q9CZR3
Q969M2	Q9WUS4
Q969M3	Q9EQQ2
Q969M7	Q9CY34
Q969N2	Q8BXQ2
Q969P0	Q8R366
Q969P5	Q9CPU7
Q969P6	Q8R4U6
Q969Q1	Q38HM4
Q969Q4	Q6P3A9
Q969Q5	P35290
Q969Q6	Q9JK24
Q969R2	Q5QNQ6
Q969R5	P59178
Q969R8	Q91WI7
Q969S0	Q8CIA5
Q969S2	Q6R2P8
Q969S3	Q91VY9
Q969S6	Q8R235
Q969S8	Q6P3E7
Q969S9	Q8R2Q4
Q969T3	Q3UR97
Q969T4	P52483
Q969T7	Q3UFY7
Q969T9	P97765
Q969U6	Q9QXW2
Q969U7	Q9EST4
Q969V3	Q8VCM8
Q969V4	Q9DAJ2
Q969V5	Q8VCM5
Q969V6	Q8K4J6
Q969W0	Q8R207
Q969W1	Q9ESG8
Q969W3	A2A6P4
Q969W8	Q8VCI1
Q969W9	Q9D7R2
Q969X0	Q99LE1
Q969X1	Q8BJZ3
Q969X2	Q9JM95
Q969X5	Q9DC16
Q969X6	Q8R2N2
Q969Y0	B9EKK6
Q969Y2	Q923K4
Q969Z0	Q91YM4
Q969Z3	Q922Q1
Q969Z4	Q8BX43
Q96A00	Q91VC7
Q96A04	Q9DA44
Q96A08	P70696
Q96A09	Q8C152
Q96A11	P61315
Q96A19	Q3TMW1
Q96A22	Q9D8L0
Q96A23	Q8BLR2
Q96A25	Q8VC04
Q96A26	Q9D6U8
Q96A28	Q9D780
Q96A29	Q8BLX4
Q96A32	P97457
Q96A33	Q9D024
Q96A35	Q9CQ06
Q96A37	Q3U9F6
Q96A44	Q8R5B6
Q96A46	Q8R0Z5
Q96A47	Q9CXV0
Q96A49	Q9D5V6
Q96A54	Q91VH1
Q96A56	Q9QXE4
Q96A57	Q8CIB6
Q96A58	Q8R367
Q96A59	Q9D956
Q96A65	O35382
Q96A70	Q8BVM4
Q96A73	Q9DBN4
Q96A83	Q91VF6
Q96A84	Q91VF5
Q96A98	Q91W27
Q96A99	Q6RUU0
Q96AA3	Q8C3B8
Q96AA8	D3YXK0
Q96AB3	P85094
Q96AB6	Q64311
Q96AC1	Q8CIB5
Q96AC6	O08672
Q96AD5	Q8BJ56
Q96AE4	Q91WJ8
Q96AE7	E9PVB5
Q96AG3	Q9CQS4
Q96AG4	Q922Q8
Q96AH0	Q8BGW5
Q96AH8	Q8VEA8
Q96AJ1	Q8R3P7
Q96AJ9	O89116
Q96AM1	Q8VCJ6
Q96AN5	Q8VD26
Q96AP0	Q5EE38
Q96AP4	Q3T9Z9
Q96AP7	Q925F2
Q96AQ2	Q8CHQ6
Q96AQ6	Q3TVI8
Q96AQ7	P56198
Q96AQ8	Q9CXD6
Q96AQ9	A2ADB2
Q96AT1	Q8K039
Q96AT9	Q8VEE0
Q96AV8	Q6S7F2
Q96AW1	Q8R1C3
Q96AX1	Q9D2N9
Q96AX2	Q9JKM7
Q96AX9	Q8R516
Q96AY2	Q8BJW7
Q96AY3	Q61576
Q96AY4	Q80XJ3
Q96AZ1	D3YWP0
Q96AZ6	Q9JL16
Q96B01	Q8C551
Q96B02	Q8VDW4
Q96B18	Q0PHV7
Q96B21	Q8VCZ2
Q96B23	Q8BH50
Q96B26	Q9D753
Q96B33	Q9D7D7
Q96B36	Q9D1F4
Q96B42	Q3TUD9
Q96B45	Q9CRC6
Q96B49	Q9CQN3
Q96B54	Q8C1M2
Q96B67	Q7TPQ9
Q96B70	Q8BTN6
Q96B77	Q9CR76
Q96B86	Q6PCX7
Q96B96	Q922Z1
Q96B97	Q8R550
Q96BA8	Q9Z125
Q96BD0	Q8K078
Q96BD5	Q6ZPK0
Q96BD6	Q9D5L7
Q96BD8	Q9CPV1
Q96BF6	Q9DCM7
Q96BH1	Q9QZR0
Q96BI1	Q78KK3
Q96BI3	Q8BVF7
Q96BJ3	Q8C4Q6
Q96BJ8	Q8BYZ7
Q96BK5	Q9CZX5
Q96BM1	Q8BH83
Q96BM9	Q8VEH3
Q96BN2	Q99LM9
Q96BN6	Q6NSV7
Q96BN8	Q3UCV8
Q96BP2	Q9CQA6
Q96BP3	Q8CEC6
Q96BQ1	P97805
Q96BQ5	Q3TC33
Q96BR1	Q9ERE3
Q96BR5	Q921H9
Q96BR9	Q9CWH1
Q96BS2	Q9JKL5
Q96BT1	A0A5F8MPS3
Q96BT3	Q3TJM4
Q96BT7	Q80Y20
Q96BU1	Q9D5K4
Q96BV0	Q8BI73
Q96BW1	B1AVZ0
Q96BW5	Q60866
Q96BW9	Q3TUH1
Q96BX8	Q8BSU7
Q96BY2	Q9ERH6
Q96BY6	Q8BZN6
Q96BY7	Q80XK6
Q96BY9	Q8R3Q0
Q96BZ4	Q8BG07
Q96BZ8	Q9DB98
Q96BZ9	Q9D9I4
Q96C00	Q8CDC7
Q96C01	Q9CR98
Q96C03	Q5NCS9
Q96C10	Q99J87
Q96C11	A2AJL3
Q96C12	Q5EBP3
Q96C19	Q9D8Y0
Q96C23	Q8K157
Q96C24	Q9R0Q1
Q96C28	D3Z445
Q96C34	Q0VDN7
Q96C36	Q922Q4
Q96C45	Q3V129
Q96C55	Q9D0B1
Q96C57	Q3UY34
Q96C74	Q9EQ00
Q96C86	Q9DAR7
Q96C90	Q62084
Q96C92	A2AIW0
Q96CA5	A2AWP0
Q96CB8	Q9D168
Q96CC6	Q6PIX5
Q96CD0	Q8CIG9
Q96CD2	Q8BZB2
Q96CF2	Q9D7F7
Q96CG3	Q793I8
Q96CG8	Q9D1D6
Q96CH1	Q99LE2
Q96CJ1	Q91ZD6
Q96CK0	Q6YND2
Q96CM3	Q9CWX4
Q96CM4	Q8VC33
Q96CM8	Q8VCW8
Q96CN4	H3BKQ3
Q96CN5	Q8CIM1
Q96CN7	Q91V64
Q96CN9	Q9D4H2
Q96CP2	Q9CQE9
Q96CP6	Q8VEF1
Q96CP7	Q99JT6
Q96CQ1	Q922G0
Q96CS2	Q8BHX1
Q96CS3	Q3TDN2
Q96CS4	Q8BKK5
Q96CS7	Q9QZC7
Q96CT2	Q80T74
Q96CT7	Q9D8X2
Q96CU9	Q3TQB2
Q96CV9	Q8K3K8
Q96CW1	P84091
Q96CW5	P58854
Q96CW6	Q7TPE5
Q96CW9	Q8R4F1
Q96CX2	Q6WVG3
Q96CX6	Q3UGP9
Q96D03	Q8VHZ5
Q96D05	Q9D882
Q96D09	Q8BUY8
Q96D15	Q8BH97
Q96D21	P63032
Q96D31	Q8BWG9
Q96D46	Q99L48
Q96D53	Q566J8
Q96D59	Q8QZS5
Q96D70	Q4VBF2
Q96D71	O54916
Q96D96	Q3U2S8
Q96D98	E9Q2Y0
Q96DA2	Q8BHC1
Q96DA6	Q9CQV7
Q96DB2	Q91WA3
Q96DB5	Q9DCV4
Q96DB9	P97808
Q96DC7	Q8BQX5
Q96DC8	Q9D7J9
Q96DC9	Q9CQX0
Q96DD0	Q8BGI7
Q96DD7	Q8CA71
Q96DE0	Q6P3D0
Q96DE5	Q9CPV2
Q96DF8	O70279
Q96DG6	Q8R1G2
Q96DH6	Q920Q6
Q96DI7	Q6PE01
Q96DL1	Q3U095
Q96DM3	Q8VC42
Q96DN0	Q9D8U3
Q96DN2	Q3U515
Q96DN5	Q6NXY1
Q96DN6	Q3TY92
Q96DP5	Q9D799
Q96DR4	Q99JV5
Q96DR5	P07743
Q96DR7	D3YYY8
Q96DT0	Q91VD1
Q96DT5	E9Q7N9
Q96DT6	Q811C2
Q96DT7	E9Q8X5
Q96DU3	Q9ET39
Q96DU7	Q7TS72
Q96DU9	Q8C7D3
Q96DV4	Q8K2M0
Q96DW6	Q91XD8
Q96DX4	Q8BVR6
Q96DX5	Q91ZT8
Q96DX7	Q9QXA7
Q96DX8	Q9ER80
Q96DY2	Q9D3V1
Q96DY7	Q8BJS8
Q96DZ1	Q8VEH8
Q96DZ5	B9EHT4
Q96DZ7	E9Q9H8
Q96DZ9	Q9D6G9
Q96E09	Q9DB52
Q96E11	Q9D6S7
Q96E14	Q3UPE3
Q96E16	Q80ZU4
Q96E17	P62823
Q96E22	Q99LJ8
Q96E29	Q8R3J4
Q96E35	Q9CQG3
Q96E40	Q7TPM5
Q96E52	Q9D8H7
Q96E66	Q9DAK8
Q96E93	O88713
Q96EA4	Q923A2
Q96EB1	Q9ER73
Q96EB6	Q923E4
Q96EC8	Q8BR70
Q96ED9	Q7TMK6
Q96EE3	Q8R2U0
Q96EE4	Q8BIS8
Q96EF6	Q9QZM8
Q96EG1	Q3TYD4
Q96EH3	Q9CWV0
Q96EH8	Q8CJC5
Q96EK2	Q8C966
Q96EK4	Q9JJD0
Q96EK5	Q6ZPU9
Q96EK6	Q9JK38
Q96EK7	Q6RI63
Q96EK9	Q9D1R2
Q96EL1	Q9CX62
Q96EL2	Q9CQV5
Q96EL3	Q9D1H8
Q96EM0	Q9CXA2
Q96EN8	Q14CH1
Q96EN9	Q9CYZ6
Q96EP0	Q924T7
Q96EP1	Q810L3
Q96EP5	Q9JII5
Q96EP9	Q3UEZ8
Q96EQ0	Q8VD33
Q96EQ8	Q9D9R0
Q96ER3	Q9D2C2
Q96ER9	Q3URS9
Q96ES6	Q5U419
Q96ES7	Q9DA08
Q96EU6	Q3UFY0
Q96EU7	Q9JMG2
Q96EV2	Q9CXK9
Q96EV8	Q91WZ8
Q96EW2	Q8BK58
Q96EX1	Q78RX3
Q96EX2	Q3UF64
Q96EX3	Q5U4F6
Q96EY1	Q99M87
Q96EY4	Q9CR02
Q96EY5	Q78HU3
Q96EY7	Q14C51
Q96EY8	Q9D273
Q96EY9	Q6PAT0
Q96EZ8	Q99L90
Q96F05	Q9D8N1
Q96F07	Q5SQX6
Q96F10	Q6P8J2
Q96F24	Q8VCQ3
Q96F25	Q9D081
Q96F44	Q99PQ2
Q96F45	Q7TMA2
Q96F46	Q60943
Q96F63	Q9DBT3
Q96F81	Q3TDN0
Q96F83	Q8BHN9
Q96F85	Q5M8N0
Q96F86	Q8K2D3
Q96FA3	Q8C669
Q96FB5	Q8BZG5
Q96FC7	Q8BGT8
Q96FE5	Q9D1T0
Q96FE7	Q7TMJ8
Q96FF7	A0A087WQ89
Q96FF9	Q9CPY3
Q96FG2	Q91YP6
Q96FH0	Q9D6Y4
Q96FI4	Q8K4Q6
Q96FJ0	Q76N33
Q96FJ2	Q9D0M5
Q96FK6	Q9D0R9
Q96FL8	Q8K0H1
Q96FL9	Q8BVG5
Q96FM1	A2A559
Q96FN4	P59108
Q96FN5	Q9D2Z8
Q96FN9	Q8BHA3
Q96FQ6	Q9D708
Q96FS4	P46062
Q96FT7	Q7TNS7
Q96FT9	Q9DA69
Q96FV0	Q9DAP0
Q96FV2	Q8VCA8
Q96FV3	Q9D7W4
Q96FV9	Q8R3N6
Q96FW1	Q7TQI3
Q96FX2	Q8K0W9
Q96FX7	Q80XC2
Q96FX8	Q9JK95
Q96FZ2	Q8R1M0
Q96FZ5	Q9ESD6
Q96FZ7	P0C0A3
Q96G01	Q8BR07
Q96G03	Q7TSV4
Q96G21	Q8VHZ7
Q96G23	Q924Z4
Q96G25	Q9D7W5
Q96G27	P97764
Q96G28	Q8C6E0
Q96G30	D3Z1Q2
Q96G42	A0A286YD60
Q96G46	Q91XI1
Q96G74	Q3U2S4
Q96G75	Q91YQ7
Q96G79	Q9D321
Q96G97	Q9Z2E9
Q96GA3	Q6NSQ7
Q96GA7	Q8R238
Q96GC5	Q8JZS9
Q96GC9	Q99KU0
Q96GD0	P60487
Q96GD3	Q8K214
Q96GD4	O70126
Q96GE4	Q8BVV7
Q96GE6	Q91WQ9
Q96GE9	Q9CQ00
Q96GF1	Q91YT2
Q96GG9	Q9QZ73
Q96GI7	Q14BJ1
Q96GJ1	Q8BQJ6
Q96GL9	Q8CAA5
Q96GM1	Q8VCY8
Q96GM5	Q61466
Q96GM8	Q9D2E2
Q96GN5	Q922M5
Q96GP6	P59222
Q96GQ5	Q91W34
Q96GQ7	Q921N6
Q96GR2	Q99PU5
Q96GR4	Q8VC90
Q96GS4	Q9D6W8
Q96GS6	Q99JW1
Q96GV9	Q8VEB3
Q96GW7	Q61361
Q96GW9	Q499X9
Q96GX1	Q2MV57
Q96GX2	Q3UD01
Q96GX5	Q8C0P0
Q96GX8	Q8K1L6
Q96GX9	Q9WVQ5
Q96GY0	Q8BJH1
Q96GY3	Q9D8N6
Q96GZ6	Q921R8
Q96H12	Q9CR78
Q96H15	Q6U7R4
Q96H20	Q9CZ28
Q96H22	Q9CZW2
Q96H35	Q9CR83
Q96H55	Q5SV80
Q96H72	Q8BZH0
Q96H78	Q8BGF9
Q96H79	Q8BFR1
Q96H96	Q66JT7
Q96HA4	A2ASP7
Q96HA7	Q6NZL6
Q96HA8	Q80WB5
Q96HA9	Q6P6M5
Q96HB5	A2AEV7
Q96HC4	Q8CI51
Q96HD1	Q91XD7
Q96HD9	Q91XE4
Q96HE7	Q8R180
Q96HE8	Q9D3H0
Q96HE9	Q8BHE0
Q96HF1	P97299
Q96HH4	Q8BG50
Q96HH6	Q91W52
Q96HH9	Q6PEM6
Q96HI0	Q6NXL6
Q96HJ3	Q3UI66
Q96HJ5	Q920C4
Q96HJ9	Q9CR13
Q96HL8	O08641
Q96HM7	Q8BGX1
Q96HN2	Q68FL4
Q96HP0	Q8VDR9
Q96HP4	Q8VE38
Q96HP8	Q9DCS1
Q96HQ2	Q9D211
Q96HR3	Q9CQI9
Q96HR8	Q3UMQ8
Q96HR9	Q9JM62
Q96HS1	Q8BX10
Q96HU1	Q8VCZ6
Q96HU8	Q5PR73
Q96HV5	Q9D8U2
Q96HW7	Q8CIM8
Q96HY6	Q80WW9
Q96HY7	A2ATU0
Q96HZ4	Q9JHE6
Q96I13	Q8R0P8
Q96I15	Q9JLI6
Q96I23	Q9D1C3
Q96I24	A2AJ72
Q96I25	Q8JZX4
Q96I34	Q923M0
Q96I36	Q8BH51
Q96I45	A2AJB2
Q96I51	Q9CYF5
Q96I59	Q8BGV0
Q96I76	Q8BIY1
Q96I82	Q8BJ66
Q96I99	Q9Z2I8
Q96IC2	D3YW29
Q96ID5	Q7TNR6
Q96IF1	Q91XC0
Q96IG2	Q9CZV8
Q96II8	Q8BVU0
Q96IJ6	Q922H4
Q96IK0	Q91VP7
Q96IL0	Q9CQW7
Q96IM9	Q9D3X8
Q96IP4	D3Z5S8
Q96IQ7	Q9Z109
Q96IQ9	Q9DCK4
Q96IR7	Q8K248
Q96IT1	Q5SXI5
Q96IU2	Q9D0L1
Q96IU4	Q8VCR7
Q96IV0	Q9JI78
Q96IV6	A0A1W2P6W1
Q96IW2	O88834
Q96IW7	Q8BH47
Q96IX5	Q78IK2
Q96IY1	Q8K305
Q96IY4	Q9JHH6
Q96IZ0	Q925B0
Q96IZ2	Q8C138
Q96IZ5	Q8JZV4
Q96IZ7	Q9DBU6
Q96J01	Q8VE80
Q96J02	Q8C863
Q96J42	Q6P6J9
Q96J65	Q80WJ6
Q96J77	Q9CQ14
Q96J84	Q80W68
Q96J86	Q8VIH7
Q96J87	Q7TN33
Q96J88	Q8VDI1
Q96J92	Q80UE6
Q96J94	Q9JMB7
Q96JA1	P70193
Q96JA3	Q80W71
Q96JA4	A0A087WSD2
Q96JB1	Q91XQ0
Q96JB2	Q8CI04
Q96JB3	Q9JLZ6
Q96JB5	Q99LM2
Q96JB6	Q924C6
Q96JB8	Q6P7F1
Q96JC1	Q8R5L3
Q96JC9	Q9D4C5
Q96JD6	Q9DCT1
Q96JE7	Q91XT4
Q96JE9	Q7TSJ2
Q96JF0	Q76K27
Q96JG6	Q8CI71
Q96JG9	A0A571BEL3
Q96JH7	Q8CDG3
Q96JH8	Q69Z89
Q96JI7	Q3UHA3
Q96JJ3	Q8BHL5
Q96JJ6	Q80WT0
Q96JJ7	Q8BXZ1
Q96JK2	Q80T85
Q96JK4	Q14DK5
Q96JK9	D4QGC2
Q96JM2	B1AWL2
Q96JM3	Q8K327
Q96JM4	Q0P5X1
Q96JM7	Q8BLB7
Q96JN0	Q6ZPI3
Q96JN2	Q3TVA9
Q96JN8	Q5NCX5
Q96JP0	Q8CEF1
Q96JP2	I7HPW8
Q96JP5	Q62511
Q96JP9	Q8VHP6
Q96JQ0	E9PVD3
Q96JQ2	Q8C5W0
Q96JQ5	A0A087WRT7
Q96JT2	Q8K0H7
Q96JW4	Q8BYR8
Q96JX3	Q3U213
Q96JY0	Q8BVN9
Q96JY6	Q8R1G6
Q96JZ2	Q6VYH9
Q96K12	Q7TNT2
Q96K17	Q9CQH7
Q96K19	Q8CBG9
Q96K21	Q9DAZ9
Q96K30	Q9D1H0
Q96K37	Q8CD26
Q96K49	Q8BKU8
Q96K58	Q8K2R5
Q96K62	Q52KG4
Q96K76	Q8BY87
Q96K78	Q8BM96
Q96K80	Q8R205
Q96K83	Q6KAS7
Q96KA5	Q8BXA5
Q96KB5	Q9JJ78
Q96KC2	Q9D4P0
Q96KC8	Q61712
Q96KC9	Q8C633
Q96KD3	Q3UZD7
Q96KE9	Q8K2J9
Q96KF7	Q9CQQ0
Q96KG7	Q6DIB5
Q96KG9	Q9EQC5
Q96KJ4	Q8C160
Q96KJ9	Q91W29
Q96KK3	O35173
Q96KK4	Q8VFE2
Q96KM6	Q6PHP4
Q96KN1	D3YXJ5
Q96KN2	Q8BUG2
Q96KN3	Q8BG99
Q96KN4	Q9D650
Q96KN7	Q9EPQ2
Q96KN8	Q9CPX5
Q96KN9	Q8BSD4
Q96KP1	Q9D4H1
Q96KP4	Q9D1A2
Q96KP6	A0A1D5RMN0
Q96KQ4	Q62415
Q96KQ7	Q9Z148
Q96KR1	O88532
Q96KR4	Q8BMN4
Q96KR6	Q9D8B6
Q96KR7	Q8BYK5
Q96KS0	Q91YE2
Q96KS9	Q6P1G6
Q96KV7	Q6ZPG2
Q96KW2	Q5SW25
Q96KW9	Q9D2S4
Q96KX0	Q9D925
Q96KX1	Q9DAA3
Q96KX2	P70190
Q96L03	Q9D552
Q96L08	Q9D176
Q96L11	Q9D9P8
Q96L12	Q9D9Q6
Q96L15	P70352
Q96L33	Q8VDU1
Q96L34	Q8CIP4
Q96L42	P59111
Q96L46	Q9D7J7
Q96L50	D3YY91
Q96L58	Q91Z92
Q96L73	O88491
Q96L91	Q8CHI8
Q96L92	Q3UHD6
Q96L93	B1AVY7
Q96L94	Q8C084
Q96L96	Q924C5
Q96LA8	Q6NZB1
Q96LB3	Q8BKE9
Q96LB4	Q8BMC1
Q96LB8	Q0VB07
Q96LB9	A1A547
Q96LC9	Q91ZE9
Q96LD1	Q8BX51
Q96LD4	Q8C0E3
Q96LD8	Q9D2Z4
Q96LI5	Q8VEG6
Q96LI6	Q80Y37
Q96LI9	A0A5F8MPE6
Q96LJ7	Q99L04
Q96LJ8	Q8BG34
Q96LK0	Q9CQA8
Q96LK8	Q8C5V0
Q96LL3	E9Q9R3
Q96LL4	Q3TTJ4
Q96LL9	P59041
Q96LM5	A0A0G2JEB7
Q96LM6	Q9DAG4
Q96LM9	A3KGJ9
Q96LP2	A0A140LI28
Q96LP6	E9Q9Q5
Q96LQ0	D3Z0R2
Q96LR2	Q9D6I9
Q96LR4	Q7TPG5
Q96LR5	Q91W82
Q96LR7	A0A087WQY2
Q96LR9	E9Q0X2
Q96LT4	Q9DA37
Q96LT6	Q9DAE8
Q96LT7	Q6DFW0
Q96LT9	Q3UZ01
Q96LU5	Q9CQU8
Q96LU7	Q3UN70
Q96LW2	Q5SYL1
Q96LW4	Q6P1E7
Q96LW7	Q9D1I2
Q96LX7	Q8CE13
Q96LX8	E9Q6S0
Q96LZ7	Q8BSE0
Q96M02	D2J0Y4
Q96M11	Q9CXX0
Q96M20	Q9D5U8
Q96M27	Q3UPH1
Q96M29	G5E8A8
Q96M32	Q9D2H2
Q96M34	A6X8Z9
Q96M53	Q7TSD4
Q96M60	Q9D518
Q96M61	Q8BQR7
Q96M63	Q3UX62
Q96M69	Q9D5S7
Q96M86	D3Z2X2
Q96M89	Q0VF22
Q96M91	Q9D439
Q96M93	Q5SUE7
Q96M94	A2AAX3
Q96M95	Q5SV66
Q96M96	Q91ZT5
Q96M98	Q9DAK2
Q96MA1	A2A9I7
Q96MA6	Q32M07
Q96MB7	Q8BR93
Q96MC2	Q3USS3
Q96MC4	Q497N6
Q96MC5	Q8R1Y2
Q96MC6	P70187
Q96MD2	Q6P1I3
Q96MD7	Q9CQ90
Q96ME1	E9PYR1
Q96ME7	Q69Z99
Q96MF2	Q8BZ71
Q96MF6	A0A1W2P7J1
Q96MF7	Q91VT1
Q96MG2	Q3MI48
Q96MG7	Q9CPR8
Q96MG8	P59913
Q96MH2	Q3TVI4
Q96MH6	Q9D850
Q96MH7	Q3UJC8
Q96MI6	Q8BU27
Q96MI9	Q09M05
Q96MK2	A1L3T7
Q96MK3	Q8CID3
Q96MM3	P22227
Q96MM6	Q9CZJ2
Q96MM7	Q80UW0
Q96MN5	Q8R2M0
Q96MN9	Q5HZG9
Q96MP5	Q8CFL8
Q96MP8	Q8BJK1
Q96MR6	Q9D180
Q96MS0	Q9Z2I4
Q96MS3	A4FUP9
Q96MT1	Q5SWK7
Q96MT3	Q3U5C7
Q96MT7	E9Q5M6
Q96MT8	Q3UPP8
Q96MU7	E9Q5K9
Q96MU8	Q99N43
Q96MV1	Q8CGF5
Q96MV8	Q8BGJ0
Q96MW1	Q9CR29
Q96MW5	Q9JJA2
Q96MX0	Q99LJ5
Q96MX3	Q3US17
Q96MX6	Q8BGF3
Q96MY1	Q6DIB4
Q96MY7	Q8CB59
Q96MZ0	Q8VE33
Q96N03	Q6PDS0
Q96N06	Q8C624
Q96N11	Q8BGA7
Q96N16	Q8BVL9
Q96N19	Q80ZU9
Q96N21	Q3U3N6
Q96N23	Q8C6S9
Q96N28	Q8VE85
Q96N46	Q9CSP9
Q96N64	Q69Z61
Q96N66	Q8CHK3
Q96N67	Q8R1A4
Q96N76	Q8VC12
Q96N77	Q8BZ34
Q96N87	O88576
Q96N96	Q5DU57
Q96NA2	Q5ND29
Q96NB1	Q9CZS3
Q96NB2	Q925N2
Q96NB3	Q8R1N0
Q96NC0	Q9CPW7
Q96ND0	Q8BGY7
Q96ND8	Q3V080
Q96NE9	Q8C0V9
Q96NG3	Q9D4B2
Q96NG5	E9Q1J0
Q96NG8	A0A1B0GSS6
Q96NH3	Q3URV1
Q96NI6	Q8BXA0
Q96NJ5	A2AJX0
Q96NJ6	Q8BLB0
Q96NK8	P48986
Q96NL0	Q6PDC0
Q96NL1	Q8BQU7
Q96NL6	G5E861
Q96NL8	Q3UJP5
Q96NM4	A2A472
Q96NN9	Q3TY86
Q96NR3	Q14B62
Q96NR8	Q8BYK4
Q96NS1	Q65Z93
Q96NS5	Q8VHS5
Q96NT0	Q8VE99
Q96NT1	Q9JJF0
Q96NT3	Q8BZI6
Q96NT5	Q6PEM8
Q96NU1	Q1RNF8
Q96NU7	Q9DBA8
Q96NW4	Q3UMR0
Q96NW7	Q80TE7
Q96NX5	Q91VB2
Q96NX9	Q925Q8
Q96NY7	Q8BHB9
Q96NY8	Q8R007
Q96NY9	Q91ZJ0
Q96NZ1	Q8K3Q3
Q96NZ8	Q8R0S6
Q96NZ9	Q80XD8
Q96P11	Q8K4F6
Q96P15	Q9CQV3
Q96P16	Q8VDS4
Q96P20	Q8R4B8
Q96P26	Q91YE9
Q96P47	Q8VHH5
Q96P48	Q4LDD4
Q96P50	Q6NXL5
Q96P53	Q8BUB4
Q96P56	A2ARP9
Q96P63	Q9D7P9
Q96P65	P83861
Q96P66	Q80T62
Q96P67	Q8BZR0
Q96P68	Q6IYF8
Q96P70	Q91YE6
Q96P71	Q9D6J4
Q96PB1	Q7TN73
Q96PB7	P63056
Q96PB8	Q8VCH9
Q96PC2	Q8BWD2
Q96PC3	Q7TN05
Q96PC5	Q91ZV0
Q96PD2	Q91ZV3
Q96PD4	Q7TNI7
Q96PD5	Q8VCS0
Q96PD6	Q91ZV4
Q96PD7	Q9DCV3
Q96PE1	Q91ZV8
Q96PE2	Q80U35
Q96PE3	Q9EPW0
Q96PE5	Q7M750
Q96PE7	Q9D1I5
Q96PF1	A2ART8
Q96PF2	O54863
Q96PG2	Q99N03
Q96PH6	A0A571BDR6
Q96PI1	Q8CGN8
Q96PK6	Q8C2Q3
Q96PL1	Q920H1
Q96PL2	O08524
Q96PL5	Q9JLN5
Q96PM5	Q9CR50
Q96PM9	Q8VD12
Q96PN6	Q8C0T9
Q96PN7	Q8BXJ2
Q96PN8	Q9D2E1
Q96PP4	Q9DA17
Q96PP8	Q8CFB4
Q96PQ0	Q9EPR5
Q96PQ6	Q8C0Q5
Q96PQ7	Q6PFE1
Q96PR1	Q14B80
Q96PS1	Q9D4K4
Q96PU4	Q7TMI3
Q96PU5	Q8CFI0
Q96PU8	Q9QYS9
Q96PU9	Q920N1
Q96PV0	F6SEU4
Q96PV4	Q5DTT8
Q96PV6	Q8CBY3
Q96PV7	Q3U2K0
Q96PX1	Q3TEL6
Q96PX6	Q5SP85
Q96PX8	Q810C1
Q96PY5	A2APV2
Q96PY6	P51954
Q96PZ0	Q91VU7
Q96PZ2	Q9D2L9
Q96PZ7	Q923L3
Q96Q04	Q5XJV6
Q96Q05	Q3U0M1
Q96Q06	O88492
Q96Q07	Q8C726
Q96Q11	Q8K1J6
Q96Q15	Q8BKX6
Q96Q27	Q8K0L0
Q96Q35	Q8BVM7
Q96Q40	Q3V3A1
Q96Q42	Q920R0
Q96Q45	Q3V0J1
Q96Q77	Q0P523
Q96Q80	Q9D8K3
Q96Q83	Q8K1E6
Q96Q89	Q80WE4
Q96Q91	A0A494BA31
Q96QA5	Q9EST1
Q96QA6	Q65Z95
Q96QB1	Q9R0Z9
Q96QC0	Q80W00
Q96QD5	Q91WS7
Q96QD8	Q8CFE6
Q96QD9	Q91Z49
Q96QE2	Q3UHK1
Q96QE3	Q4QY64
Q96QE5	Q5SSK3
Q96QF0	Q68EF0
Q96QG7	Q9Z2D0
Q96QH2	Q6BCL1
Q96QH8	A2AE20
Q96QI5	Q5GFD5
Q96QK1	Q9EQH3
Q96QK8	Q91VT8
Q96QP1	Q9CXB8
Q96QR1	Q920D7
Q96QR8	O35295
Q96QS1	Q9JHH2
Q96QS3	O35085
Q96QT4	Q923J1
Q96QT6	Q5SPL2
Q96QU1	Q99PJ1
Q96QU6	A2AIG8
Q96QU8	Q924Z6
Q96QV1	Q7TN16
Q96QZ0	Q8CEG0
Q96QZ7	Q6RHR9
Q96R05	Q9EPC5
Q96R06	Q7TME2
Q96R48	Q8VES9
Q96RC9	Q7TRE3
Q96RD2	Q8VGW5
Q96RD6	Q6IMP4
Q96RD7	Q9JIP4
Q96RE7	Q7TSZ8
Q96RF0	Q91ZR2
Q96RG2	Q8CEE6
Q96RI0	O88634
Q96RI1	Q60641
Q96RI8	Q5QD13
Q96RI9	Q5QD04
Q96RJ0	Q923Y8
Q96RJ3	Q9D8D0
Q96RJ6	Q923Z4
Q96RK0	Q924A2
Q96RK1	Q9WUL8
Q96RK4	Q8C1Z7
Q96RL1	Q5U5Q9
Q96RL7	Q5H8C4
Q96RN1	Q8R0C3
Q96RN5	Q924H2
Q96RP3	Q99ML8
Q96RP7	Q3V1B8
Q96RP8	Q17ST2
Q96RP9	Q8K0D5
Q96RQ1	Q9CR89
Q96RQ3	Q99MR8
Q96RQ9	O09046
Q96RR1	Q8CIW5
Q96RR4	Q8C078
Q96RS0	Q923W1
Q96RS6	Q6PIP5
Q96RT1	Q80TH2
Q96RT7	G5E8P0
Q96RT8	Q8BKN5
Q96RU2	Q5I043
Q96RU3	Q80TY0
Q96RU7	Q8K4K2
Q96RU8	Q8K4K4
Q96RV3	Q9QYC1
Q96RW7	D3YXG0
Q96RY5	Q6PG95
Q96RY7	E9PY46
Q96S06	Q3U3R4
Q96S15	Q8CFJ9
Q96S16	Q3TA59
Q96S19	Q9DCS2
Q96S21	Q8VHQ4
Q96S37	Q8CFZ5
Q96S38	Q8BLK9
Q96S42	P43021
Q96S52	Q6PD26
Q96S53	Q8VCT9
Q96S55	Q91XU0
Q96S59	P69566
Q96S65	P59054
Q96S66	Q99LI2
Q96S79	Q5SSG5
Q96S82	Q91W67
Q96S86	Q80WM5
Q96S90	Q9D0E3
Q96S94	Q9JJA7
Q96S95	Q78WH7
Q96S96	Q9D9G2
Q96S97	O35682
Q96S99	Q3TB82
Q96SA4	Q8K0E7
Q96SB3	Q6R891
Q96SB4	O70551
Q96SB8	Q924W5
Q96SC8	A2A9A2
Q96SD1	Q8K4J0
Q96SE0	Q9QZC8
Q96SF7	O70306
Q96SI1	Q8K0E1
Q96SI9	Q91WM1
Q96SJ8	Q80WR1
Q96SK2	Q8BRG8
Q96SL1	Q8BFQ6
Q96SL4	Q99LJ6
Q96SL8	Q9WTJ4
Q96SM3	Q9Z100
Q96SN7	Q8BH10
Q96SN8	Q8K389
Q96SQ7	Q99NA2
Q96SQ9	Q9DBX6
Q96SR6	B2RXC5
Q96ST2	Q8C1D8
Q96ST3	Q60520
Q96ST8	Q9CZX2
Q96SU4	A2A8Z1
Q96SW2	Q8C7D2
Q96SY0	Q8R3P6
Q96SZ4	Q3URR7
Q96SZ5	Q6PDY2
Q96SZ6	Q8BTW8
Q96T17	A2AG50
Q96T21	Q3U1C4
Q96T23	E9PWW9
Q96T25	Q7TQ40
Q96T37	Q0VBL3
Q96T49	Q8VHQ3
Q96T51	Q8BIJ7
Q96T52	Q8BPT6
Q96T53	P0C7A3
Q96T55	G5E845
Q96T58	Q62504
Q96T60	Q9JLV6
Q96T66	Q99JR6
Q96T68	Q8C267
Q96T76	Q9D071
Q96T83	Q8BLV3
Q96T88	Q8VDF2
Q96T91	Q925Q5
Q96T92	Q9JMC2
Q96TA0	Q91V48
Q96TA1	Q8R1F1
Q96TA2	O88967
Q96TC7	Q3UJU9
Q99062	P40223
Q99075	Q06186
Q99081	Q61286
Q99102	Q8JZM8
Q99218	P63277
Q99250	B1AWN6
Q99259	P48318
Q99417	Q9EQS3
Q99418	P63034
Q99424	Q9QXD1
Q99426	Q9D1E6
Q99435	Q61220
Q99436	P70195
Q99437	Q91V37
Q99439	Q08093
Q99442	Q8BU14
Q99447	Q922E4
Q99453	O35690
Q99456	Q64291
Q99457	Q794H2
Q99459	Q6A068
Q99460	Q3TXS7
Q99463	Q61212
Q99466	P31695
Q99467	Q62192
Q99469	P97306
Q99470	Q9DCT5
Q99471	Q9WU28
Q99487	Q8VDG7
Q99489	Q922Z0
Q99490	Q3UHD9
Q99496	Q9CQJ4
Q99497	Q99LX0
Q99500	Q9Z0U9
Q99501	Q8JZP9
Q99502	P97767
Q99504	P97480
Q99518	Q8K2I3
Q99519	O35657
Q99523	Q6PHU5
Q99527	Q8BMP4
Q99536	Q62465
Q99538	O89017
Q99541	P43883
Q99542	Q9JHI0
Q99543	P54103
Q99547	Q9D1Q1
Q99549	Q3TYA6
Q99550	A6H5Y1
Q99558	Q9WUL6
Q99567	Q8CEC0
Q99569	Q68FH0
Q99570	Q8VD65
Q99571	Q9JJX6
Q99572	Q9Z1M0
Q99574	O35684
Q99575	Q8K205
Q99576	Q9Z2S7
Q99578	P70425
Q99581	Q8QZW2
Q99583	O08789
Q99584	P97352
Q99590	E9PZM7
Q99592	Q9WUK6
Q99593	P70326
Q99594	P70210
Q99595	Q9Z0V8
Q99598	Q9QZE7
Q99607	Q9Z2U4
Q99608	P25233
Q99611	P97364
Q99612	O08584
Q99614	Q91Z38
Q99615	Q9QYI3
Q99618	Q99M54
Q99619	O88838
Q99622	O35127
Q99623	O35129
Q99624	Q9DCP2
Q99626	P43241
Q99627	Q8VBV7
Q99633	Q8BM39
Q99638	Q9Z0F6
Q99640	Q9ESG9
Q99643	Q9CZB0
Q99645	P70186
Q99650	O70458
Q99653	P61022
Q99661	Q922S8
Q99665	P97378
Q99674	Q8R1U2
Q99675	Q8BMJ7
Q99676	Q7TSH9
Q99677	Q8BLG2
Q99678	Q8BYC4
Q99679	Q8BX79
Q99680	Q8BZL4
Q99683	O35099
Q99684	P70338
Q99685	O35678
Q99687	P97368
Q99689	Q8K0X8
Q99697	P97474
Q99698	P97412
Q99700	O70305
Q99704	P97465
Q99705	Q8JZL2
Q99707	A6H5Y3
Q99708	Q80YR6
Q99712	O88932
Q99714	O08756
Q99715	Q60847
Q99717	P97454
Q99719	Q9Z2Q6
Q99720	O55242
Q99726	P97441
Q99727	Q9JHB3
Q99728	O70445
Q99729	Q99020
Q99731	O70460
Q99732	Q9JLJ0
Q99733	Q78ZA7
Q99735	A2RST1
Q99741	O89033
Q99742	P97459
Q99743	P97460
Q99747	Q9CWZ7
Q99748	P97463
Q99750	P70331
Q99755	P70182
Q99757	P97493
Q99758	Q8R420
Q99759	Q61084
Q99766	Q9CRA7
Q99767	P98084
Q99784	O88998
Q99788	P97468
Q99795	Q9JKA5
Q99797	A6H611
Q99798	Q99KI0
Q99801	P97436
Q99805	P58021
Q99807	P97478
Q99808	Q9JIM1
Q99811	Q06348
Q99814	P97481
Q99816	Q61187
Q99819	Q62160
Q99828	Q9Z0F4
Q99829	Q8C166
Q99832	P80313
Q99835	P56726
Q99836	P22366
Q99848	Q9D903
Q99853	Q64732
Q99856	Q62431
Q99871	Q8BKT8
Q99873	Q9JIF0
Q99884	Q6PGE7
Q99895	Q3SYP2
Q99928	P27681
Q99929	O35885
Q99932	Q3V0Q6
Q99933	Q60739
Q99941	O35451
Q99942	O35445
Q99943	O35083
Q99944	Q6GUQ1
Q99946	O35449
Q99952	Q61152
Q99956	Q7TNL7
Q99958	Q61850
Q99959	Q9CQ73
Q99961	Q62419
Q99962	Q62420
Q99963	Q62421
Q99965	Q60718
Q99966	P97769
Q99967	O35740
Q99969	Q9DD06
Q99972	O70624
Q99973	P97499
Q99983	O35103
Q99985	Q62181
Q99986	Q80X41
Q99988	Q9Z0J7
Q99990	Q99NC0
Q99996	Q70FJ1
Q99999	Q9JHE4
Q9BPU6	Q9EQF6
Q9BPU9	Q3UK10
Q9BPV8	Q9D8I2
Q9BPW5	Q922H7
Q9BPW8	O55125
Q9BPW9	Q58NB6
Q9BPX1	E9Q3D4
Q9BPX3	E9PWG6
Q9BPX5	Q9D898
Q9BPX6	Q8VCX5
Q9BPX7	Q91WD4
Q9BPY3	Q8C569
Q9BPY8	Q8R1H0
Q9BPZ3	Q9D6V8
Q9BPZ7	Q8BKH7
Q9BQ04	Q8VE92
Q9BQ13	A0A0U1RNG7
Q9BQ15	Q8R2Y9
Q9BQ16	Q8BKV0
Q9BQ24	Q8VCM3
Q9BQ31	Q8BQZ8
Q9BQ39	Q99MJ9
Q9BQ48	Q99N91
Q9BQ49	Q5RKS2
Q9BQ50	Q9R1A9
Q9BQ51	Q9WUL5
Q9BQ52	Q80Y81
Q9BQ61	Q9D735
Q9BQ65	Q91W78
Q9BQ67	Q810D6
Q9BQ69	Q922B1
Q9BQ70	Q8R3L2
Q9BQ75	Q9CZT6
Q9BQ83	Q8BX32
Q9BQ89	Q8R184
Q9BQ90	Q8VEM9
Q9BQ95	Q9QZH6
Q9BQA1	Q99J09
Q9BQA5	Q8K1K9
Q9BQA9	Q3TYS2
Q9BQB4	Q99P68
Q9BQB6	Q9CRC0
Q9BQC3	Q9CR25
Q9BQC6	Q9CQF8
Q9BQD3	Q80XH1
Q9BQD7	Q501J2
Q9BQE3	P68373
Q9BQE4	Q9BCZ4
Q9BQE6	J3QPQ6
Q9BQE9	Q921K9
Q9BQF6	Q8BUH8
Q9BQG0	Q7TPV4
Q9BQG1	O35681
Q9BQG2	Q9DCN1
Q9BQI0	Q9EQX4
Q9BQI3	Q9Z2R9
Q9BQI4	Q9D6Y1
Q9BQI5	Q8VD37
Q9BQI6	Q8R3P9
Q9BQI7	Q6P1I6
Q9BQI9	Q9JHR9
Q9BQJ4	Q9JJG6
Q9BQK8	Q99PI4
Q9BQL6	P59113
Q9BQM9	A2AKE5
Q9BQN1	A2ARK0
Q9BQP7	Q9CXC3
Q9BQP9	Q9D9J8
Q9BQQ3	Q91X51
Q9BQQ7	Q5QGU6
Q9BQR3	Q8BJR6
Q9BQS6	Q9DAM3
Q9BQS7	Q9Z0Z4
Q9BQS8	Q8VDC1
Q9BQT8	Q8BZ09
Q9BQT9	Q99JH7
Q9BQW3	Q8K4J2
Q9BQY9	Q9CRD4
Q9BR01	P63046
Q9BR09	Q9D0S4
Q9BR10	Q9DA57
Q9BR11	Q9CWV7
Q9BR26	Q9D611
Q9BR39	Q9ET78
Q9BR61	Q9D061
Q9BR76	Q9WUM3
Q9BR77	Q9CZH8
Q9BRA0	Q9D2U5
Q9BRA2	Q9CQM5
Q9BRB3	Q9QYT7
Q9BRC7	Q8K3R3
Q9BRD0	Q8R149
Q9BRF8	Q8BFS6
Q9BRG1	Q9CQ80
Q9BRH9	Q6PCX8
Q9BRI3	Q2HJ10
Q9BRJ2	Q9D0Q7
Q9BRJ6	Q9CXL3
Q9BRJ7	Q8VHN8
Q9BRJ9	P97309
Q9BRK0	Q8VCD6
Q9BRK3	Q9DBV4
Q9BRK4	Q91YU6
Q9BRK5	Q61112
Q9BRL7	Q8BXT9
Q9BRN9	Q8BJ83
Q9BRP0	Q8CIV7
Q9BRP1	Q8C5N5
Q9BRP7	Q3UY23
Q9BRP8	Q8CHP5
Q9BRQ0	Q80V76
Q9BRQ3	Q9DD16
Q9BRQ4	Q8CC70
Q9BRQ5	Q6P8G8
Q9BRQ6	Q91VN4
Q9BRQ8	Q8BUE4
Q9BRR3	Q91YV9
Q9BRR6	Q8VDL4
Q9BRR8	Q9DBM1
Q9BRR9	Q1HDU4
Q9BRS2	Q922Q2
Q9BRS8	Q8BN59
Q9BRT2	Q9CQY6
Q9BRT3	Q9CQ86
Q9BRT6	Q9D945
Q9BRT9	Q99LZ3
Q9BRU2	A3KGA4
Q9BRU9	Q9CX11
Q9BRV3	Q9CXK4
Q9BRV8	Q9CPR7
Q9BRX2	Q80X73
Q9BRX5	Q9CY94
Q9BRX8	Q9CYH2
Q9BRX9	Q9DAJ4
Q9BRY0	Q99K24
Q9BRZ2	Q80VI1
Q9BS16	Q9ESN5
Q9BS18	Q8R034
Q9BS26	Q9D1Q6
Q9BS40	P70202
Q9BS86	Q62522
Q9BS91	Q921R7
Q9BSA4	Q3TH73
Q9BSA9	Q9CXY1
Q9BSB4	Q9D8Z6
Q9BSC4	Q5RJG1
Q9BSD3	Q8K3A4
Q9BSD7	Q9CQA9
Q9BSE2	Q9D709
Q9BSE4	Q9JJC9
Q9BSE5	A2AS89
Q9BSF0	Q9CPS8
Q9BSF4	Q8BGX2
Q9BSF8	Q80X66
Q9BSG0	Q9D9N8
Q9BSG1	Q8BIQ3
Q9BSG5	Q8QZY4
Q9BSH3	Q9CQM0
Q9BSH4	Q8K0Z7
Q9BSH5	Q9CYW4
Q9BSI4	Q9QXG9
Q9BSJ2	Q921G8
Q9BSJ5	Q6PIX9
Q9BSJ6	Q8BFY7
Q9BSJ8	Q3U7R1
Q9BSK0	Q7TQJ1
Q9BSK2	Q3TZX3
Q9BSL1	Q8VDI7
Q9BSM1	Q8R023
Q9BSN7	Q7TQI0
Q9BSQ5	Q8K2Y9
Q9BSR8	Q8C407
Q9BST9	Q8C6B2
Q9BSU1	Q922R1
Q9BSV6	Q8BMZ5
Q9BSW2	Q3UP38
Q9BSW7	Q920M7
Q9BSY4	Q9CQP3
Q9BSY9	Q9D291
Q9BT04	Q3UYI6
Q9BT09	Q9DAU1
Q9BT17	Q8R2R6
Q9BT22	Q921Q3
Q9BT23	Q8BGB5
Q9BT25	Q99L00
Q9BT30	Q9D6Z0
Q9BT40	Q8C5L6
Q9BT43	Q8R0C0
Q9BT49	Q8VCZ3
Q9BT56	D3Z752
Q9BT67	Q8R0W6
Q9BT73	Q9CZH3
Q9BT76	Q80YF6
Q9BT78	O88544
Q9BT81	P40646
Q9BT88	Q9R0N3
Q9BT92	Q3TVW5
Q9BTA0	P17257
Q9BTA9	Q924H7
Q9BTC0	Q8C9B9
Q9BTC8	Q924K8
Q9BTD3	Q80XA0
Q9BTD8	Q91V81
Q9BTE0	Q3UG98
Q9BTE1	Q9QZB9
Q9BTE3	Q8R3C0
Q9BTE6	Q3THG9
Q9BTE7	Q9CXV9
Q9BTF0	Q9CZB3
Q9BTK6	Q99L02
Q9BTL4	P17950
Q9BTM1	Q8R1M2
Q9BTM9	Q9D2P4
Q9BTN0	Q8BLY3
Q9BTP7	Q8BHL6
Q9BTT0	P97822
Q9BTT4	Q9CXU0
Q9BTT6	Q80VQ1
Q9BTU6	Q2TBE6
Q9BTV4	Q9DBS1
Q9BTV5	Q7TPM6
Q9BTV6	Q9CYU6
Q9BTV7	Q8K3M5
Q9BTW9	Q8BYA0
Q9BTX1	Q8VCB1
Q9BTX3	Q9CR96
Q9BTX7	Q9D3D0
Q9BTY2	Q99KR8
Q9BTY7	Q8C3I8
Q9BU02	Q8JZL3
Q9BU19	Q3U381
Q9BU20	A2A825
Q9BU23	Q8C3X8
Q9BU40	Q920C1
Q9BU61	Q9JKL4
Q9BU64	Q8K015
Q9BU68	Q8JZM2
Q9BU70	Q562D6
Q9BU76	Q99LX5
Q9BU79	B2RVB9
Q9BU89	Q99LN9
Q9BUA3	Q05AH6
Q9BUA6	Q62082
Q9BUB4	Q9JHI2
Q9BUB5	O08605
Q9BUB7	Q921N7
Q9BUD6	Q8BMS2
Q9BUE0	Q9CZ82
Q9BUF5	Q922F4
Q9BUF7	Q8QZT4
Q9BUH6	Q8K0Y7
Q9BUH8	Q68EF6
Q9BUI4	Q9D483
Q9BUJ0	Q922Q6
Q9BUJ2	Q8VDM6
Q9BUK0	Q8K2Q5
Q9BUK6	Q2YDW2
Q9BUL5	Q8BSN5
Q9BUL8	Q8VE70
Q9BUL9	Q91WE3
Q9BUM1	Q6NSQ9
Q9BUN1	Q569E4
Q9BUN5	Q8CEG5
Q9BUN8	Q99J56
Q9BUP0	Q9D4J1
Q9BUP3	Q9Z2G9
Q9BUQ8	D3Z0M9
Q9BUR4	Q8VC51
Q9BUR5	Q9DCZ4
Q9BUT1	Q8JZV9
Q9BUT9	Q9CQB2
Q9BUU2	Q8R1C6
Q9BUV0	Q3UC65
Q9BUV8	Q9CQT9
Q9BUW7	P58686
Q9BUX1	Q8R3J5
Q9BUY5	Q8R1D1
Q9BUY7	Q9D0E5
Q9BUZ4	Q61382
Q9BV10	Q8VDB2
Q9BV19	Q5EBG8
Q9BV20	Q9CQT1
Q9BV23	Q8R2Y0
Q9BV29	Q8BS39
Q9BV35	Q6GQS1
Q9BV36	Q91V27
Q9BV38	Q4VBE8
Q9BV40	O70404
Q9BV44	P97770
Q9BV47	Q9D700
Q9BV57	Q99JT9
Q9BV68	Q91YL2
Q9BV73	Q60952
Q9BV79	Q9DCS3
Q9BV81	Q9CQW0
Q9BV86	Q8R2U4
Q9BV87	Q8K158
Q9BV90	Q8VIK1
Q9BV94	Q8BJT9
Q9BV99	Q8R2R5
Q9BVA0	Q8BG40
Q9BVA1	Q9CWF2
Q9BVA6	Q8BIX9
Q9BVC3	Q14AI0
Q9BVC4	Q9DCJ1
Q9BVC5	Q922M7
Q9BVC6	Q3UBX0
Q9BVG3	Q80V85
Q9BVG4	Q9D0B6
Q9BVG8	O35231
Q9BVG9	Q9Z1X2
Q9BVH7	Q9QYJ1
Q9BVI0	Q8BLG0
Q9BVI4	Q8BHY2
Q9BVJ7	Q6NT99
Q9BVK2	Q6P8H8
Q9BVK6	Q99KF1
Q9BVK8	Q9CQG6
Q9BVL2	Q8R332
Q9BVL4	Q9DBC0
Q9BVM2	Q8BPA8
Q9BVM4	Q923B0
Q9BVN2	Q8BG26
Q9BVP2	Q8CI11
Q9BVQ7	A0A7N9VSG0
Q9BVS4	Q9CQS5
Q9BVT8	Q9JMG3
Q9BVV2	Q80WB0
Q9BVV6	E9PV87
Q9BVV7	Q8CCM6
Q9BVV8	Q9DAZ5
Q9BVW5	Q91WA1
Q9BVX2	Q80VP8
Q9BW04	Q8BI29
Q9BW11	Q80US8
Q9BW27	Q8R480
Q9BW30	Q9CRB6
Q9BW60	Q9JLJ5
Q9BW61	Q9D9Z5
Q9BW62	Q8K0T4
Q9BW66	Q9D0V8
Q9BW71	Q8BLH7
Q9BW72	Q9CQJ1
Q9BW83	Q9D0P8
Q9BW85	Q9D6J3
Q9BW91	Q8BVU5
Q9BW92	Q3UQ84
Q9BWC9	Q3ULM0
Q9BWE0	Q5U4E2
Q9BWF2	Q8VIG6
Q9BWF3	Q8C7Q4
Q9BWG4	Q3U4B1
Q9BWG6	Q8K136
Q9BWH2	Q9D6K8
Q9BWH6	Q80TE0
Q9BWJ5	Q923D4
Q9BWK5	Q8BHZ5
Q9BWL3	Q8R092
Q9BWM7	Q91V61
Q9BWN1	Q7TPN9
Q9BWP8	Q3SXB8
Q9BWQ6	Q99LP8
Q9BWQ8	Q8K097
Q9BWS9	Q922Q9
Q9BWT1	Q9D0M2
Q9BWT3	Q6PCL9
Q9BWT6	Q8K396
Q9BWT7	P58660
Q9BWU0	E9PX68
Q9BWU1	Q8BWD8
Q9BWV1	Q6AZB0
Q9BWV2	Q9D9R3
Q9BWV3	Q8BMD5
Q9BWV7	A4Q9E4
Q9BWW4	Q9D032
Q9BWW7	Q99M85
Q9BWW8	B7ZC55
Q9BWX1	Q9DAG9
Q9BWX5	P97489
Q9BX10	Q3UJK4
Q9BX26	Q9CUU3
Q9BX40	Q8CGC4
Q9BX46	D3Z4I3
Q9BX59	Q8VD31
Q9BX63	Q5SXJ3
Q9BX66	Q62417
Q9BX67	Q9D8B7
Q9BX68	Q9D0S9
Q9BX69	E9PWH2
Q9BX70	E9PY28
Q9BX73	Q8R0I4
Q9BX74	Q99MB3
Q9BX79	O70491
Q9BX84	Q8CIR4
Q9BX93	Q99P27
Q9BX95	Q9JI99
Q9BX97	Q91VC4
Q9BXA5	Q99MT6
Q9BXA6	Q925K9
Q9BXA7	Q61241
Q9BXA9	Q62255
Q9BXB1	A2ARI4
Q9BXB4	Q8CI95
Q9BXB5	S4R1M9
Q9BXB7	Q8C636
Q9BXC0	Q8C131
Q9BXC1	Q3U507
Q9BXC9	Q9CWF6
Q9BXD5	Q9DCJ9
Q9BXF3	E9Q2Z1
Q9BXF6	Q8R361
Q9BXF9	Q6X6Z7
Q9BXG8	Q99MY0
Q9BXI3	A3KFX0
Q9BXI6	P58802
Q9BXI9	Q6IR41
Q9BXJ0	Q8K479
Q9BXJ1	Q9QXP7
Q9BXJ2	Q8BVD7
Q9BXJ3	Q8R066
Q9BXJ4	Q9ES30
Q9BXJ5	Q9D8U4
Q9BXJ7	Q99JB7
Q9BXJ8	Q8C1E7
Q9BXJ9	Q80UM3
Q9BXK1	P58334
Q9BXK5	P59017
Q9BXL5	Q9ERZ0
Q9BXL6	Q99KF0
Q9BXL7	Q8CIS0
Q9BXL8	Q9CWM2
Q9BXM0	O55103
Q9BXM7	Q99MQ3
Q9BXM9	Q8BYN5
Q9BXN1	Q99MQ4
Q9BXN2	Q6QLQ4
Q9BXP2	Q99MR3
Q9BXP5	Q99MR6
Q9BXP8	E9PZ87
Q9BXQ6	Q99MX7
Q9BXR0	Q9JMA2
Q9BXS0	Q99MQ5
Q9BXS1	Q8BFZ6
Q9BXS4	Q9QY73
Q9BXS5	P35585
Q9BXS6	Q9ERH4
Q9BXS9	Q8CIW6
Q9BXT2	Q8VHW3
Q9BXT4	Q99MV1
Q9BXT5	F8VPN2
Q9BXT6	Q99MV5
Q9BXT8	Q99MV7
Q9BXU0	Q9CR81
Q9BXU1	Q99MW1
Q9BXU2	A2AFS9
Q9BXU9	Q9JJG7
Q9BXV9	P0C8B4
Q9BXW6	Q91XL9
Q9BXW7	Q91WM2
Q9BXW9	Q80V62
Q9BXX0	Q8K482
Q9BXY0	Q8BGS0
Q9BXY4	Q2TJ95
Q9BXY5	Q8BUG5
Q9BY07	E9Q3M5
Q9BY08	Q9D0P0
Q9BY10	Q8CA03
Q9BY11	Q61644
Q9BY12	B2RXS3
Q9BY14	Q9JMI7
Q9BY19	Q99N10
Q9BY21	Q99MT7
Q9BY32	Q9D892
Q9BY41	Q8VH37
Q9BY42	Q99K95
Q9BY44	Q8BJW6
Q9BY49	Q99MZ7
Q9BY50	Q9D8V7
Q9BY67	Q8R5M8
Q9BY71	P59034
Q9BY76	Q9Z1P8
Q9BY77	Q8BG81
Q9BY79	Q8K480
Q9BY84	Q6PCP3
Q9BY89	Q8BRV5
Q9BYB0	Q4ACU6
Q9BYB4	Q9EQ15
Q9BYC5	Q9WTS2
Q9BYC8	Q9DCI9
Q9BYC9	Q9CQL4
Q9BYD1	Q9D1P0
Q9BYD2	Q99N94
Q9BYD3	Q9DCU6
Q9BYD5	Q6PCW6
Q9BYD6	Q99N96
Q9BYD9	Q8BXF8
Q9BYE0	Q8BKT2
Q9BYE2	Q5U405
Q9BYE7	Q99NA9
Q9BYE9	E9Q7P9
Q9BYF1	Q8R0I0
Q9BYG0	Q8BGY6
Q9BYG3	Q91VE6
Q9BYG4	Q9JK84
Q9BYG5	Q9JK83
Q9BYG7	Q7TNB4
Q9BYH1	Q6P1D5
Q9BYH8	Q9EST8
Q9BYI3	Q6P9N1
Q9BYJ1	Q9WV07
Q9BYJ9	P59326
Q9BYK8	E9QAM5
Q9BYL1	Q7TST3
Q9BYM8	Q9WUB0
Q9BYN0	Q9D975
Q9BYN7	Q6PGC9
Q9BYN8	Q80ZS3
Q9BYP7	Q80XP9
Q9BYQ7	Q91W93
Q9BYR8	A2A591
Q9BYS8	Q8VDB8
Q9BYT1	Q8VCL5
Q9BYT3	Q924X7
Q9BYT8	Q91YP2
Q9BYT9	A2AHL1
Q9BYU1	Q99NE9
Q9BYV1	Q3UEG6
Q9BYV2	Q9ERP3
Q9BYV6	G3X8Y1
Q9BYV7	Q99NF1
Q9BYV8	Q99NF3
Q9BYV9	P97303
Q9BYW2	E9Q5F9
Q9BYW3	Q8BVC1
Q9BYX2	B1AVH7
Q9BYX4	Q8R5F7
Q9BYZ2	Q8BVP2
Q9BYZ6	Q91V93
Q9BYZ8	Q9D8G5
Q9BZ11	Q923W9
Q9BZ19	A2AMD2
Q9BZ23	Q7M753
Q9BZ29	Q8BIK4
Q9BZ67	Q3UFK8
Q9BZ71	Q3UHE1
Q9BZ72	Q6ZPQ6
Q9BZ95	Q6P2L6
Q9BZB8	P70166
Q9BZC1	Q7TSY6
Q9BZC7	P41234
Q9BZD2	Q99P65
Q9BZD4	Q99P69
Q9BZD6	Q8BGN6
Q9BZD7	Q6PAQ9
Q9BZE0	Q8VDL9
Q9BZE1	Q921S7
Q9BZE2	Q9JI38
Q9BZE3	P63157
Q9BZE4	Q99ME9
Q9BZE7	Q9D9S1
Q9BZE9	Q8VBT9
Q9BZF1	B9EJ86
Q9BZF2	A2A716
Q9BZF3	Q8BXR9
Q9BZF9	Q8CGB3
Q9BZG1	Q64008
Q9BZG2	D3YTS9
Q9BZG8	Q5NCQ5
Q9BZH6	Q8K1X1
Q9BZI1	P81066
Q9BZI7	Q3ULL6
Q9BZJ0	P63154
Q9BZJ4	Q9D8K8
Q9BZJ6	Q9EQQ3
Q9BZJ7	Q80UC6
Q9BZJ8	Q8C010
Q9BZK7	Q8BHJ5
Q9BZL1	Q9EPV8
Q9BZL3	Q99PE5
Q9BZL4	Q3UMT1
Q9BZL6	Q8BZ03
Q9BZM1	Q9EPR2
Q9BZM2	Q9QZT4
Q9BZM3	P31316
Q9BZP6	Q91XA9
Q9BZQ2	Q3TTP0
Q9BZQ4	Q8BNJ3
Q9BZQ6	Q2HXL6
Q9BZQ8	Q3UW53
Q9BZR6	Q99PI8
Q9BZR8	Q9CPT0
Q9BZR9	Q99PJ2
Q9BZS1	Q99JB6
Q9BZV1	Q99PL6
Q9BZV2	Q99PL8
Q9BZV3	Q80XH2
Q9BZW2	Q9JHI4
Q9BZW4	Q8R1J1
Q9BZW5	P58749
Q9BZW7	Q6NY15
Q9BZW8	Q07763
Q9BZX2	Q99PM9
Q9BZY9	Q8R0K2
Q9BZZ2	Q62230
Q9BZZ5	O35841
Q9C002	Q810Q5
Q9C004	Q9WTP2
Q9C005	Q99LT0
Q9C009	O70220
Q9C010	Q04758
Q9C019	G3UY57
Q9C026	Q8C7M3
Q9C029	Q923T7
Q9C030	Q8BGE7
Q9C040	Q9ESN6
Q9C056	D3Z4R4
Q9C073	Q7TNF9
Q9C075	Q99PS0
Q9C086	Q99PT3
Q9C091	B9EJV3
Q9C093	Q8C9J3
Q9C098	Q8BWQ5
Q9C099	Q69ZB0
Q9C0A0	Q99P47
Q9C0A1	Q2MHN3
Q9C0A6	Q5XJV7
Q9C0B0	Q8BL48
Q9C0B1	Q8BGW1
Q9C0B2	Q3UY96
Q9C0B5	Q8VDZ4
Q9C0B6	Q6DFY8
Q9C0B7	Q8C3S2
Q9C0B9	Q69ZB8
Q9C0C2	P58871
Q9C0C4	Q64151
Q9C0C6	Q8R0W1
Q9C0C7	A2AH22
Q9C0C9	Q6ZPJ3
Q9C0D0	Q2M3X8
Q9C0D2	Q8BQ48
Q9C0D3	Q3UFS0
Q9C0D4	B2RRE4
Q9C0D5	Q0VGY8
Q9C0D6	Q3ULZ2
Q9C0D7	Q5DTV4
Q9C0D9	Q80TA1
Q9C0E2	Q9ESJ0
Q9C0E4	G3XA20
Q9C0E8	Q7TQ95
Q9C0F0	Q8C4A5
Q9C0F1	Q5HZK1
Q9C0F3	Q8BPP0
Q9C0G0	G3UVV3
Q9C0G6	E9Q0B6
Q9C0H2	Q6P5F7
Q9C0H5	P59281
Q9C0H6	B1AZR0
Q9C0H9	Q9QWI6
Q9C0I1	Q80TA6
Q9C0I3	Q8C0C4
Q9C0I4	Q6P4U0
Q9C0I9	Q80YS5
Q9C0J1	Q1RLK6
Q9C0J8	Q8K4P0
Q9C0J9	Q99PV5
Q9C0K0	Q99PV8
Q9C0K1	Q91W10
Q9C0K7	Q8K4T3
Q9GZK7	Q8VFE3
Q9GZL7	Q9JJA4
Q9GZM5	Q3UDR8
Q9GZM7	Q99JR5
Q9GZM8	Q9ERR1
Q9GZN0	Q9EPB7
Q9GZN1	Q9D864
Q9GZN2	Q8C0Y1
Q9GZN4	Q9ER10
Q9GZN6	A0A1L1SR47
Q9GZN7	Q3TDK6
Q9GZN8	Q9D1K7
Q9GZP0	Q925I7
Q9GZP1	Q5HZK2
Q9GZP4	Q8BWR2
Q9GZP8	Q9D809
Q9GZP9	Q8BNI4
Q9GZQ3	Q8R395
Q9GZQ4	Q8BZ39
Q9GZQ6	E9Q468
Q9GZR1	Q6P7W0
Q9GZR2	Q6PAQ4
Q9GZR5	Q9EQC4
Q9GZR7	Q9ESV0
Q9GZS0	A2AC93
Q9GZS1	Q8K202
Q9GZS3	Q9ERF3
Q9GZT3	Q9D8T7
Q9GZT4	Q9QZX7
Q9GZT5	P70701
Q9GZT6	Q8C3X2
Q9GZT8	Q9EQ80
Q9GZT9	Q91YE3
Q9GZU0	Q99LU8
Q9GZU1	Q99J21
Q9GZU2	Q3URU2
Q9GZU3	Q810L4
Q9GZU5	P83503
Q9GZU7	P58466
Q9GZU8	Q91WE2
Q9GZV1	Q9WV06
Q9GZV3	Q8BGY9
Q9GZV4	Q8BGY2
Q9GZV5	Q9EPK5
Q9GZV7	Q9ESM3
Q9GZV8	E9Q3T6
Q9GZV9	Q9EPC2
Q9GZW8	E9Q9V5
Q9GZX7	Q9WVE0
Q9GZX9	Q9EP52
Q9GZY6	Q9JHL0
Q9GZY8	Q6PCP5
Q9GZZ0	Q01822
Q9GZZ1	Q6PGB6
Q9GZZ6	B2RX82
Q9GZZ7	Q9JJT2
Q9GZZ9	Q8VE47
Q9H000	Q9ERV1
Q9H008	Q9D7I5
Q9H013	O35674
Q9H015	Q9Z306
Q9H019	Q9CWE0
Q9H040	G3X912
Q9H061	Q9D8Y1
Q9H063	Q9D0U6
Q9H069	Q9D5E4
Q9H074	Q8VE62
Q9H078	Q60649
Q9H079	Q9CWJ3
Q9H081	Q9CY25
Q9H082	O35963
Q9H089	Q3UM18
Q9H091	Q8C0R7
Q9H093	Q8BZN4
Q9H095	Q80W32
Q9H098	Q3TGF2
Q9H0A0	Q8K224
Q9H0A6	Q9JIT1
Q9H0A8	Q9CQ02
Q9H0A9	Q9D9W0
Q9H0B3	A0A1D5RMD1
Q9H0B6	O88448
Q9H0B8	Q8BZQ2
Q9H0C1	A2BGJ5
Q9H0C2	Q3V132
Q9H0C3	Q8BH18
Q9H0C5	P58544
Q9H0C8	Q8R0F6
Q9H0D2	Q0GGX2
Q9H0D6	Q9DBR1
Q9H0E2	Q9QZ06
Q9H0E3	Q8BIH0
Q9H0E7	Q8C2S0
Q9H0E9	Q8R3B7
Q9H0F5	Q8BI21
Q9H0F6	Q91WA6
Q9H0F7	O88848
Q9H0G5	Q5NCR9
Q9H0H0	Q80UK8
Q9H0H3	Q8R2P1
Q9H0H5	Q9WVM1
Q9H0I2	Q7TSV9
Q9H0I3	Q8C5T8
Q9H0I9	Q9D4D4
Q9H0J4	Q3V2A7
Q9H0J9	Q8BZ20
Q9H0K1	Q8CFH6
Q9H0K4	Q8CDR2
Q9H0K6	Q8CE46
Q9H0L4	Q8C7E9
Q9H0M0	Q8BZZ3
Q9H0M4	Q6IR42
Q9H0N5	Q9CZL5
Q9H0P0	Q9D020
Q9H0Q0	Q8BHZ0
Q9H0Q3	Q9D164
Q9H0R1	Q8BJ63
Q9H0R3	Q8BVA2
Q9H0R4	Q3UGR5
Q9H0R6	Q9CZN8
Q9H0R8	Q8R3R8
Q9H0S4	Q9CWX9
Q9H0T7	P35292
Q9H0U3	Q9CQY5
Q9H0U4	Q9D1G1
Q9H0U6	Q9CQL5
Q9H0V1	Q91VX9
Q9H0V9	P59481
Q9H0W5	D3YZV8
Q9H0W7	Q9D305
Q9H0W8	Q9DB90
Q9H0W9	Q91V76
Q9H0X4	Q8C0Z1
Q9H0X6	Q8K0W3
Q9H0X9	Q9ER64
Q9H0Y0	Q8R1P4
Q9H0Z9	Q62176
Q9H112	Q9D269
Q9H114	Q80Y72
Q9H115	P28663
Q9H116	Q4VBD9
Q9H147	Q99LB0
Q9H156	Q810C0
Q9H158	Q91Y10
Q9H159	E9Q3A7
Q9H160	Q9ESK4
Q9H161	O35137
Q9H165	Q9QYE3
Q9H169	P63042
Q9H171	Q9QY24
Q9H172	Q91WA9
Q9H173	Q9EPK6
Q9H175	Q8BGQ2
Q9H190	Q99JZ0
Q9H1A3	Q9EPL4
Q9H1A4	P53995
Q9H1B5	Q9EPL0
Q9H1B7	Q8K3X4
Q9H1C0	Q149R9
Q9H1C3	Q640P4
Q9H1C4	Q8VCW4
Q9H1C7	Q8K353
Q9H1D0	Q91WD2
Q9H1D9	Q921X6
Q9H1E3	Q80XU3
Q9H1E5	Q8C0L0
Q9H1H1	Q9CWD0
Q9H1H9	Q9EQW7
Q9H1I8	Q91WR3
Q9H1J1	Q3ULJ3
Q9H1J5	Q64527
Q9H1J7	P22726
Q9H1K0	Q80Y56
Q9H1K1	Q9D7P6
Q9H1K4	Q9DB41
Q9H1K6	Q9ERE8
Q9H1M3	Q30KP0
Q9H1N7	Q922Q5
Q9H1P3	Q8BX94
Q9H1P6	Q9DA42
Q9H1Q7	Q6P1Z5
Q9H1R2	Q8R4V2
Q9H1R3	Q8VCR8
Q9H1U4	Q8BH27
Q9H1V8	Q8BJI1
Q9H1X1	Q9D9V4
Q9H1X3	A2ALW5
Q9H1Y0	Q99J83
Q9H1Y3	Q9WUK7
Q9H1Z4	Q91V09
Q9H1Z8	Q99LS0
Q9H1Z9	Q8VCF5
Q9H201	Q91W69
Q9H204	Q920D3
Q9H209	Q7TRM9
Q9H211	Q8R4E9
Q9H213	Q9NWG9
Q9H221	Q9DBM0
Q9H222	Q99PE8
Q9H223	Q9EQP2
Q9H228	Q91X56
Q9H237	Q9JJJ7
Q9H239	Q8CGV8
Q9H244	Q9CPV9
Q9H246	Q8K207
Q9H251	Q99PF4
Q9H252	Q32ME0
Q9H254	E9PX29
Q9H255	Q8VBV9
Q9H257	A2AIV8
Q9H267	P59016
Q9H269	Q920Q4
Q9H270	Q91W86
Q9H293	Q8VHH8
Q9H295	Q7TNJ0
Q9H299	Q91VW3
Q9H2A2	Q8BH00
Q9H2A3	P70447
Q9H2A7	Q8BSU2
Q9H2A9	Q8BQ86
Q9H2B2	P40749
Q9H2B4	P58735
Q9H2C0	Q8CA72
Q9H2C1	P61375
Q9H2C2	Q9D0U9
Q9H2D1	Q8BMG8
Q9H2D6	Q99KW3
Q9H2E6	O35464
Q9H2F3	Q9EQC1
Q9H2F5	Q8C9X6
Q9H2F9	Q8BVC4
Q9H2G2	O54988
Q9H2G4	Q7TQI8
Q9H2G9	Q8R2X8
Q9H2H0	Q6NXI8
Q9H2H8	Q9D6L8
Q9H2H9	Q8K2P7
Q9H2I8	Q9D9B4
Q9H2J4	Q8BVF2
Q9H2J7	Q8BG16
Q9H2K0	Q9CZD5
Q9H2K2	Q3UES3
Q9H2K8	Q8BYC6
Q9H2L4	Q8K174
Q9H2L5	Q8CB96
Q9H2M3	Q91WS4
Q9H2M9	Q8BMG7
Q9H2P0	Q9Z103
Q9H2P9	Q9CWQ0
Q9H2R5	Q8CGR4
Q9H2S1	P58390
Q9H2S5	A2RT81
Q9H2S6	Q9EP64
Q9H2S9	Q8C208
Q9H2T7	Q99NF8
Q9H2U1	Q8VHK9
Q9H2U2	Q91VM9
Q9H2U9	O35227
Q9H2V7	Q8R0G7
Q9H2W2	Q9WUI0
Q9H2W6	Q9EQI8
Q9H2X0	Q9Z0E2
Q9H2X6	Q9QZR5
Q9H2X9	Q91V14
Q9H2Y7	O88466
Q9H2Y9	E9PVD9
Q9H2Z4	Q9EQM3
Q9H300	Q5XJY4
Q9H305	Q9DB75
Q9H306	D3YV89
Q9H307	O35691
Q9H310	Q8BUX5
Q9H313	Q9D3A9
Q9H324	P58459
Q9H329	Q9JMC8
Q9H330	B1AZA5
Q9H334	P58462
Q9H336	Q8CGD2
Q9H341	F8VPJ9
Q9H343	E9Q7P5
Q9H344	Q8VGX6
Q9H346	Q8VGW2
Q9H347	Q8C5U9
Q9H3C7	Q5SV77
Q9H3D4	O88898
Q9H3E2	Q3ZT31
Q9H3F6	Q922M3
Q9H3G5	Q9D3S9
Q9H3H1	Q80UN9
Q9H3H3	Q8VD62
Q9H3H5	P42867
Q9H3J6	Q80VP5
Q9H3K2	Q91VC9
Q9H3K6	Q8BGS2
Q9H3L0	Q99LS1
Q9H3M0	Q7TSH7
Q9H3M7	Q8BG60
Q9H3N1	Q8VBT0
Q9H3N8	Q91ZY2
Q9H3P2	Q8BG30
Q9H3P7	Q8BMP6
Q9H3Q1	Q9JM96
Q9H3R0	Q8VCD7
Q9H3R1	Q9EQW8
Q9H3R2	P19467
Q9H3R5	Q9QYM8
Q9H3S1	Q62178
Q9H3S3	Q9ER04
Q9H3S4	Q9R0M5
Q9H3S5	Q8C2R7
Q9H3S7	Q6PB44
Q9H3T2	Q9WTM3
Q9H3T3	O54951
Q9H3U1	Q99KD5
Q9H3U5	Q9DC37
Q9H3U7	Q8CD91
Q9H3V2	Q810P8
Q9H3W5	Q8CBC6
Q9H3Y0	A2A5I3
Q9H3Y6	Q62270
Q9H3Y8	Q9CR37
Q9H3Z4	P60904
Q9H3Z7	Q80YU0
Q9H400	Q9EQR5
Q9H410	Q9CYC5
Q9H422	Q9ERH7
Q9H425	Q8C3W1
Q9H426	P60191
Q9H427	B2RVL1
Q9H444	Q9D8B3
Q9H446	Q9CQK7
Q9H461	Q61091
Q9H467	Q9CXX9
Q9H469	Q91W61
Q9H477	Q8R1Q9
Q9H479	Q9ER35
Q9H488	Q91ZW2
Q9H489	Q3UYP3
Q9H490	Q8K358
Q9H492	Q91VR7
Q9H497	Q9ER38
Q9H4A3	P83741
Q9H4A4	Q8VCT3
Q9H4A5	Q8R088
Q9H4A6	Q9CRA5
Q9H4A9	Q8C255
Q9H4B0	Q6PEB4
Q9H4B4	Q60806
Q9H4B6	Q8VEB2
Q9H4B7	A2AQ07
Q9H4B8	Q9DA79
Q9H4D0	Q9ER65
Q9H4D5	Q4ZGD9
Q9H4E5	Q9ER71
Q9H4E7	Q8C2K1
Q9H4F1	Q9R2B6
Q9H4F8	Q8BLY1
Q9H4G0	Q9Z2H5
Q9H4G4	Q9CYL5
Q9H4H8	Q9D7I8
Q9H4I0	A2AU37
Q9H4I2	Q8C0Q2
Q9H4I3	Q99JY4
Q9H4I8	Q9EPB5
Q9H4I9	Q9DB10
Q9H4K1	Q9D4Q1
Q9H4K7	A2AFK4
Q9H4L4	Q9EP97
Q9H4L5	Q9DBS9
Q9H4L7	Q04692
Q9H4M3	Q8BK26
Q9H4M7	Q8VC98
Q9H4M9	Q9WVK4
Q9H4P4	Q8BH75
Q9H4Q3	E9PZZ1
Q9H4Q4	A2AJ77
Q9H4S2	P31315
Q9H4W6	O08791
Q9H4X1	Q9DBX1
Q9H4Y5	Q8K2Q2
Q9H4Z2	A2A5K6
Q9H4Z3	P59114
Q9H501	Q3V1V3
Q9H503	Q8BVR0
Q9H511	Q8BWA5
Q9H553	Q9DBE8
Q9H579	E9PYI4
Q9H582	E9QA22
Q9H583	G3X9B1
Q9H598	O35633
Q9H5F2	Q9D131
Q9H5H4	Q8R0T2
Q9H5I1	Q9EQQ0
Q9H5I5	Q8CD54
Q9H5J0	Q91X45
Q9H5J4	Q920L5
Q9H5J8	Q9D4V4
Q9H5K3	Q3TUA9
Q9H5N1	Q91WG2
Q9H5P4	E9Q9W7
Q9H5Q4	Q3TL26
Q9H5U6	Q8BKW4
Q9H5V7	Q8BU00
Q9H5V8	Q5U462
Q9H5V9	Q8VDP2
Q9H5X1	Q9DCL2
Q9H5Y7	Q8C110
Q9H5Z1	A2ACQ1
Q9H5Z6	Q8BLQ0
Q9H607	Q8VCR9
Q9H611	Q80SX8
Q9H628	B2RVE2
Q9H633	Q8R040
Q9H649	Q8CCT7
Q9H665	Q3U4N7
Q9H668	Q8K2X3
Q9H672	Q91ZU0
Q9H693	Q9DA83
Q9H694	Q99MQ1
Q9H6A0	Q91VV4
Q9H6A9	Q8VI59
Q9H6B4	Q8R373
Q9H6B9	Q3V1F8
Q9H6D3	Q8C0T0
Q9H6D7	Q8BFT2
Q9H6D8	Q3TR08
Q9H6E4	Q8C7V8
Q9H6E5	Q8R3F9
Q9H6F2	Q3TMP8
Q9H6F5	Q9JJ89
Q9H6H4	Q8K072
Q9H6I2	Q61473
Q9H6J7	Q8BHR8
Q9H6K1	Q3TT38
Q9H6K4	Q505D7
Q9H6K5	E9PV26
Q9H6L2	Q3U284
Q9H6L4	Q3UJZ3
Q9H6L5	Q8VE91
Q9H6P5	Q8R1G1
Q9H6Q3	Q8R4L0
Q9H6Q4	Q7TMW6
Q9H6R0	Q80VY9
Q9H6R3	Q14DH7
Q9H6R4	Q8R5K4
Q9H6R6	Q9CPV7
Q9H6R7	Q6NV72
Q9H6S0	B2RR83
Q9H6S1	Q9QYP6
Q9H6S3	Q99K30
Q9H6T0	Q8K0G8
Q9H6T3	Q9D706
Q9H6U6	Q8CCN5
Q9H6U8	Q8VDI9
Q9H6V9	Q8BVA5
Q9H6W3	Q9JJF3
Q9H6X2	Q9CZ52
Q9H6X4	Q8R0J4
Q9H6X5	Q922C1
Q9H6Y2	Q9CX97
Q9H6Y5	Q4KL35
Q9H6Y7	Q91XF4
Q9H6Z4	Q9CT10
Q9H6Z9	Q91UZ4
Q9H706	Q3UFT3
Q9H714	Q3TD16
Q9H720	Q91YL7
Q9H741	Q8BTG6
Q9H756	Q8BZT5
Q9H765	Q91ZT9
Q9H772	O88273
Q9H773	Q9QY93
Q9H777	Q8VEB6
Q9H788	Q9D7V1
Q9H790	Q9CXP9
Q9H792	Q69Z38
Q9H799	Q8CE72
Q9H7B2	Q9JJ80
Q9H7B4	Q9CWR2
Q9H7C4	Q9EPM5
Q9H7C9	Q8R0P4
Q9H7D0	B2RY04
Q9H7D7	Q8C6G8
Q9H7E2	Q91W18
Q9H7E9	Q3U6N9
Q9H7F0	Q5XF89
Q9H7F4	Q8R3R5
Q9H7H0	Q3U2U7
Q9H7J1	Q8BRJ4
Q9H7L9	Q8BR65
Q9H7M9	Q9D659
Q9H7N4	Q5U4C3
Q9H7P6	Q6KAU4
Q9H7P9	Q6KAU7
Q9H7S9	P0CL69
Q9H7T0	A2RTF1
Q9H7T9	E9Q6Z5
Q9H7U1	Q3UHI0
Q9H7V2	A2ANU3
Q9H7X0	Q9DBU2
Q9H7X2	Q8BGN9
Q9H7X7	Q9DAI2
Q9H7Y0	Q8C3I9
Q9H7Z3	Q80XC6
Q9H7Z6	Q9D1P2
Q9H7Z7	Q8BWM0
Q9H808	Q9WVB3
Q9H813	Q9D771
Q9H814	Q9JJT9
Q9H816	Q8C7W7
Q9H819	Q9CZJ9
Q9H825	A2AUU0
Q9H832	Q3UE37
Q9H840	Q9CWY4
Q9H841	Q91WC7
Q9H845	Q8JZN5
Q9H857	A0A2I3BR81
Q9H867	Q8C436
Q9H871	Q80YQ8
Q9H875	Q9CWV6
Q9H892	Q8BW49
Q9H898	Q8BZ94
Q9H8E8	Q8CID0
Q9H8G2	Q8VDY9
Q9H8H0	Q8BJW5
Q9H8H2	Q6NZQ2
Q9H8J5	Q9CR33
Q9H8K7	Q9D2Q3
Q9H8L6	A6H6E2
Q9H8M1	Q3THF9
Q9H8M2	Q3UQU0
Q9H8M5	Q3TWN3
Q9H8M7	Q9CV28
Q9H8M9	Q91WM6
Q9H8N7	E9Q5N9
Q9H8P0	Q9WUP4
Q9H8S9	Q921Y0
Q9H8T0	Q64362
Q9H8U3	Q497H0
Q9H8V3	Q07139
Q9H8W3	Q8C6C7
Q9H8W4	Q91WB4
Q9H8W5	Q6PFY8
Q9H8X2	Q6P1C1
Q9H8Y1	Q3SYK4
Q9H8Y5	Q80UU1
Q9H8Y8	Q99JX3
Q9H900	Q8R060
Q9H902	Q8BGH4
Q9H903	D3YZG8
Q9H910	Q6PGH2
Q9H920	Q8R1Z9
Q9H936	Q9D6M3
Q9H939	Q99M15
Q9H944	Q9R0X0
Q9H967	A6PWY4
Q9H972	Q8K2W9
Q9H974	B8ZXI1
Q9H977	Q9R0D8
Q9H981	Q8R2S9
Q9H987	Q8BWB1
Q9H992	Q9WV66
Q9H993	A6H630
Q9H999	Q8R2W9
Q9H9A5	Q8BH15
Q9H9A6	Q9CRC8
Q9H9A7	Q9D4G9
Q9H9B1	Q5DW34
Q9H9B4	Q99JR1
Q9H9C1	Q8BGQ1
Q9H9D4	H7BX78
Q9H9E1	Q99PE2
Q9H9E3	Q8R1U1
Q9H9F9	Q80US4
Q9H9G7	Q8CJF9
Q9H9H4	Q8R0J7
Q9H9H5	Q14BB9
Q9H9J2	Q9CY73
Q9H9J4	B2RQC2
Q9H9L3	Q3U1G5
Q9H9L4	Q8BQR4
Q9H9L7	Q99LF1
Q9H9P2	Q9CXM0
Q9H9P5	Q5FWH2
Q9H9P8	Q91YP0
Q9H9Q2	Q8BV13
Q9H9Q4	Q3KNJ2
Q9H9R9	Q9CZ00
Q9H9S3	Q9JLR1
Q9H9S4	Q9DB16
Q9H9S5	Q8CG64
Q9H9T3	Q9CZX0
Q9H9V4	Q8BP31
Q9H9V9	Q8BFT6
Q9H9Y2	Q7TND5
Q9H9Y4	Q8VEJ1
Q9H9Y6	P70700
Q9H9Z2	Q8K3Y3
Q9HA38	O54836
Q9HA47	P52623
Q9HA64	Q8K274
Q9HA65	Q8BYH7
Q9HA72	Q8VEC4
Q9HA77	Q8BYM8
Q9HA82	Q9D6J1
Q9HA90	Q9JJF6
Q9HA92	Q5SUV1
Q9HAB8	Q8VDG5
Q9HAC7	Q7TNE1
Q9HAC8	Q91WB7
Q9HAD4	Q3UDP0
Q9HAE3	Q9D3N2
Q9HAF1	Q2VPQ9
Q9HAH7	Q8R089
Q9HAI6	Q9D3J9
Q9HAJ7	Q5SQF8
Q9HAK2	O08792
Q9HAN9	Q9EPA7
Q9HAP2	Q2VPU4
Q9HAP6	O88951
Q9HAQ2	Q9WV04
Q9HAR2	Q80TS3
Q9HAS0	Q9CYI0
Q9HAS3	Q9ERH8
Q9HAT1	Q8VCD3
Q9HAT2	P70665
Q9HAT8	Q8BST6
Q9HAU0	E9Q6H8
Q9HAU4	A2A5Z6
Q9HAU5	A2AT37
Q9HAU8	G5E872
Q9HAV0	P29387
Q9HAV4	Q924C1
Q9HAV5	Q8BX35
Q9HAV7	Q99LP6
Q9HAW0	Q3UAW9
Q9HAW4	Q80YR7
Q9HAY6	Q9JJS6
Q9HAZ1	O35493
Q9HAZ2	A2A935
Q9HB03	O35949
Q9HB07	Q9JK81
Q9HB09	Q9D3J3
Q9HB14	Q8R1P5
Q9HB15	Q76M80
Q9HB19	Q9ERS5
Q9HB20	Q9ERS4
Q9HB21	Q8BUL6
Q9HB29	Q9ERS7
Q9HB31	P70368
Q9HB40	Q920A5
Q9HB58	Q8BVK9
Q9HB63	Q9JI33
Q9HB65	Q80VR2
Q9HB66	A0A338P6I9
Q9HB71	Q9CXW3
Q9HB75	Q9ERV7
Q9HB89	O55040
Q9HB90	Q99K70
Q9HB96	B8JJD3
Q9HBA0	Q9EPK8
Q9HBB8	Q8VHF2
Q9HBD1	P0C090
Q9HBE1	Q5NBY9
Q9HBE4	Q9ES17
Q9HBE5	Q9JHX3
Q9HBF4	Q810J8
Q9HBG4	Q920R6
Q9HBG6	Q6NWV3
Q9HBG7	Q01965
Q9HBH0	Q8BYP3
Q9HBH1	S4R2K0
Q9HBH5	Q9ERI6
Q9HBH9	Q8CDB0
Q9HBI0	Q9ERD8
Q9HBI1	Q9ES46
Q9HBI5	Q8BGD0
Q9HBJ0	Q9JI83
Q9HBJ8	Q9ESG4
Q9HBK9	Q91WU5
Q9HBL0	E9Q0S6
Q9HBL6	Q8BXQ3
Q9HBL7	Q9D3P8
Q9HBL8	Q8K2T1
Q9HBM0	Q3ZK22
Q9HBM1	Q3UA16
Q9HBM6	Q6NZA9
Q9HBR0	Q5I012
Q9HBT6	Q9Z0M3
Q9HBT7	Q9EQB9
Q9HBU1	Q9ER42
Q9HBU6	Q9D4V0
Q9HBU9	Q9ES82
Q9HBV1	Q9ES81
Q9HBV2	Q9DA48
Q9HBW0	Q9JL06
Q9HBW1	Q99PH1
Q9HBW9	Q923X1
Q9HBX8	Q3UVD5
Q9HBX9	Q6R6I7
Q9HBY0	Q672J9
Q9HBY8	Q9QZS5
Q9HBZ2	Q61324
Q9HC07	P52875
Q9HC10	Q9ESF1
Q9HC21	Q9DAM5
Q9HC23	Q9QXU7
Q9HC24	Q9DA39
Q9HC29	Q8K3Z0
Q9HC35	Q3UMY5
Q9HC36	Q5ND52
Q9HC38	Q9CPV4
Q9HC44	Q6NZP2
Q9HC52	Q9QXV1
Q9HC56	F8VPK8
Q9HC57	Q9ESH5
Q9HC58	Q99PD7
Q9HC62	Q91ZX6
Q9HC73	Q8CII9
Q9HC77	Q569L8
Q9HC78	Q8K0L9
Q9HC84	E9Q5I3
Q9HC96	Q9ESK3
Q9HC97	Q9ES90
Q9HC98	Q9ES70
Q9HCB6	Q8VCC9
Q9HCC0	Q3ULD5
Q9HCC8	Q9ESM6
Q9HCC9	Q6ZPK7
Q9HCD5	Q91W39
Q9HCD6	A2A690
Q9HCE0	Q80TA9
Q9HCE1	P23249
Q9HCE3	Q6NXK2
Q9HCE5	Q3UIK4
Q9HCE6	A2AWP8
Q9HCE7	Q9CUN6
Q9HCE9	Q6PB70
Q9HCF6	Q5F4S8
Q9HCG7	Q69ZF3
Q9HCH0	Q6GQX2
Q9HCH3	Q8JZW4
Q9HCH5	Q99N50
Q9HCI5	Q6PCZ4
Q9HCI7	Q69ZF8
Q9HCJ0	Q3UHC0
Q9HCJ1	Q9JHZ2
Q9HCJ2	Q8C031
Q9HCJ3	Q7TPD6
Q9HCJ5	Q80TB7
Q9HCJ6	Q80TB8
Q9HCK0	Q6P9Q3
Q9HCK1	Q5SS00
Q9HCK4	Q7TPD3
Q9HCK5	Q8CJF8
Q9HCK8	Q09XV5
Q9HCL0	Q8VHR0
Q9HCL2	Q61586
Q9HCL3	P10755
Q9HCM1	Q5DTW7
Q9HCM2	Q80UG2
Q9HCM3	Q68FD9
Q9HCM4	Q8BGS1
Q9HCM7	E9Q9T0
Q9HCM9	Q9ESN2
Q9HCN3	Q9ESN3
Q9HCN4	Q8VCE2
Q9HCN6	P0C191
Q9HCN8	Q9ESP1
Q9HCP0	Q8BTH8
Q9HCP6	Q9D1G3
Q9HCQ5	G3X942
Q9HCQ7	Q9ESQ8
Q9HCR9	P0C1Q2
Q9HCS4	Q9Z1J1
Q9HCS5	P52963
Q9HCS7	Q9DCD2
Q9HCT0	Q9ESS2
Q9HCU0	Q91V98
Q9HCU4	Q9R0M0
Q9HCU5	Q9WUQ2
Q9HCU8	Q9CWP8
Q9HCU9	Q99N20
Q9HCX4	Q9WVC5
Q9HCY8	Q9D2Q8
Q9HCZ1	A2A4U6
Q9HD15	Q80VJ2
Q9HD20	Q9EPE9
Q9HD23	Q5NCE8
Q9HD26	Q8BH60
Q9HD33	Q8K2Y7
Q9HD34	Q8K215
Q9HD36	Q9Z0F3
Q9HD40	Q6P6M7
Q9HD42	Q921W0
Q9HD43	E9Q0N2
Q9HD45	Q9ET30
Q9HD47	Q9JIB0
Q9HD67	F8VQB6
Q9HD89	Q99P87
Q9HD90	O09105
Q9HDC5	Q9ET80
Q9HDC9	Q9D7N9
Q9HDD0	Q9QZU4
Q9NNW5	Q99ME2
Q9NNW7	Q9JLT4
Q9NNX1	O08970
Q9NNZ3	Q9D844
Q9NNZ6	Q62100
Q9NP08	O70218
Q9NP31	Q9QXK9
Q9NP50	Q8C8M1
Q9NP56	Q9QXQ1
Q9NP58	Q9DC29
Q9NP59	Q9JHI9
Q9NP60	Q9ERS6
Q9NP61	Q9D8S3
Q9NP62	P70348
Q9NP64	Q9ESX4
Q9NP66	Q9DC33
Q9NP70	O55189
Q9NP71	Q99MZ3
Q9NP72	P35293
Q9NP73	Q9D8C3
Q9NP74	Q9JHU2
Q9NP77	Q9CY97
Q9NP78	Q9JJ59
Q9NP79	Q9CR26
Q9NP80	Q8K1N1
Q9NP81	Q9JJL8
Q9NP84	Q9CR75
Q9NP85	Q91X05
Q9NP86	Q9JLK3
Q9NP87	Q9JIW4
Q9NP90	Q8BHH2
Q9NP91	Q8VDB9
Q9NP92	Q9D0G0
Q9NP94	G3X943
Q9NP95	Q9ESL9
Q9NP97	P62627
Q9NP98	Q9JK37
Q9NP99	Q9JKE2
Q9NPA0	Q9EP72
Q9NPA1	E9Q7U0
Q9NPA2	Q3U435
Q9NPA3	Q9CQ20
Q9NPA8	Q9JIX0
Q9NPB0	Q8K190
Q9NPB1	Q8VCE6
Q9NPB3	Q9JLK4
Q9NPB6	Q9Z101
Q9NPB8	Q8C0L9
Q9NPB9	Q924I3
Q9NPC1	Q9JJL9
Q9NPC2	Q3LS21
Q9NPC3	D3Z3K2
Q9NPC4	Q67BJ4
Q9NPC6	Q9JJW5
Q9NPC7	Q99MD8
Q9NPC8	Q62232
Q9NPD3	Q921I9
Q9NPD7	Q8CFV4
Q9NPD8	Q9CQ37
Q9NPE2	Q99KS2
Q9NPE3	Q9CQS2
Q9NPE6	Q9JJF2
Q9NPF0	Q9Z1P5
Q9NPF2	Q9JME2
Q9NPF4	Q8BWU5
Q9NPF5	Q9JI44
Q9NPF7	Q9EQ14
Q9NPF8	Q8R2V5
Q9NPG1	Q61086
Q9NPG2	Q9ER97
Q9NPG3	Q4G0F8
Q9NPG4	O55134
Q9NPG8	Q9D6H5
Q9NPH0	Q8BP40
Q9NPH2	Q9JHU9
Q9NPH3	Q61730
Q9NPH5	Q9JHI8
Q9NPI0	Q9D6G5
Q9NPI1	O88665
Q9NPI5	Q9D7C9
Q9NPI6	Q91YD3
Q9NPI7	Q99JT5
Q9NPI8	E9Q5Z5
Q9NPI9	Q9Z307
Q9NPJ1	Q9JI70
Q9NPJ3	Q9CQR4
Q9NPJ4	Q9CR73
Q9NPJ6	Q9CQA5
Q9NPJ8	Q3UNA4
Q9NPL8	Q8BUY5
Q9NPP4	Q3UP24
Q9NPQ8	Q3TIR3
Q9NPR2	Q62179
Q9NPR9	Q91WD0
Q9NPU4	J3QPM6
Q9NPY3	O89103
Q9NPZ5	P59270
Q9NQ03	Q8BTH6
Q9NQ11	Q9CTG6
Q9NQ25	Q8BHK6
Q9NQ29	Q9CYI4
Q9NQ30	Q9QYY7
Q9NQ31	Q9JJR5
Q9NQ32	Q9JJR6
Q9NQ33	Q9JJR7
Q9NQ34	Q9JJR8
Q9NQ35	Q9JJR9
Q9NQ36	Q9JJS0
Q9NQ38	Q148R4
Q9NQ40	Q9D6X5
Q9NQ48	Q9JHQ5
Q9NQ50	Q9Z2Q5
Q9NQ55	Q91YU8
Q9NQ60	Q9D9V2
Q9NQ66	Q9Z1B3
Q9NQ69	Q9WUH2
Q9NQ75	Q08EC4
Q9NQ76	Q8K4L6
Q9NQ79	Q8R555
Q9NQ84	Q8K3J9
Q9NQ86	Q80WG7
Q9NQ87	Q9DBX7
Q9NQ88	Q8BZA9
Q9NQ89	Q91YN0
Q9NQ90	Q8CFW1
Q9NQ92	Q9CQ13
Q9NQ94	Q5YD48
Q9NQA5	P69744
Q9NQB0	Q924A0
Q9NQC1	Q6ZQF7
Q9NQC3	Q99P72
Q9NQC7	Q80TQ2
Q9NQC8	Q9DB07
Q9NQE7	Q9QXE5
Q9NQE9	Q9CPS6
Q9NQG1	Q9D8X0
Q9NQG5	Q9CSU0
Q9NQG6	Q8BGV8
Q9NQG7	Q99KG7
Q9NQH7	B7ZMP1
Q9NQI0	Q61496
Q9NQL2	Q7TT45
Q9NQL9	Q80WT2
Q9NQP4	Q3UWL8
Q9NQQ7	Q8VCX2
Q9NQR1	Q2YDW7
Q9NQR4	Q9JHW2
Q9NQR7	Q3UHB8
Q9NQR9	Q9Z186
Q9NQS1	Q9D9K3
Q9NQS3	Q9JLB9
Q9NQS5	Q8CIM5
Q9NQS7	Q9WU62
Q9NQT4	Q9CRA8
Q9NQT5	Q7TQK4
Q9NQT6	Q9QXW4
Q9NQT8	A0A286YCV9
Q9NQU5	Q3ULB5
Q9NQV5	A2AGX3
Q9NQV6	Q3UTQ7
Q9NQV7	Q96EQ9
Q9NQV8	Q8BZ97
Q9NQW1	Q3TZ89
Q9NQW6	Q8K298
Q9NQW7	Q6P1B1
Q9NQW8	Q9JJZ9
Q9NQX0	Q3UZD5
Q9NQX1	Q9CXE0
Q9NQX3	Q8BUV3
Q9NQX4	E9Q1F5
Q9NQX5	Q64322
Q9NQX7	Q91VK4
Q9NQY0	Q9JI08
Q9NQZ2	Q9JI13
Q9NQZ5	Q8R1R3
Q9NQZ6	Q68FG0
Q9NQZ7	Q3TCT4
Q9NR00	Q9D915
Q9NR09	O88738
Q9NR12	Q3TJD7
Q9NR19	Q9QXG4
Q9NR20	Q8BI55
Q9NR21	Q8CFF0
Q9NR22	Q6PAK3
Q9NR23	Q07104
Q9NR28	Q9JIQ3
Q9NR30	Q9JIK5
Q9NR31	P36536
Q9NR33	Q9CQ36
Q9NR34	Q6NXK9
Q9NR45	Q99J77
Q9NR46	Q8R3V5
Q9NR48	Q99MY8
Q9NR50	B1AUN2
Q9NR55	Q9D275
Q9NR56	Q9JKP5
Q9NR61	Q9JI71
Q9NR63	Q811W2
Q9NR64	Q9JI74
Q9NR71	Q9JHE3
Q9NR77	P42925
Q9NR80	Q7TNR9
Q9NR81	Q91X46
Q9NR82	Q9JK45
Q9NR96	Q9EQU3
Q9NR97	P58682
Q9NRA0	Q9JIA7
Q9NRA1	Q8CI19
Q9NRA2	Q8BN82
Q9NRA8	Q9EST3
Q9NRB3	Q99LL3
Q9NRC1	Q99M96
Q9NRC6	A0A571BF02
Q9NRC8	Q8BKJ9
Q9NRC9	Q9JIE3
Q9NRD0	Q9QZN3
Q9NRD1	Q9QZN4
Q9NRD5	Q62083
Q9NRD8	A0A494BAW1
Q9NRD9	A2AQ92
Q9NRE2	Q68FE9
Q9NRF2	Q91ZM2
Q9NRF8	P70303
Q9NRF9	Q9JKP7
Q9NRG0	Q9JKP8
Q9NRG4	Q8R5A0
Q9NRG7	Q5M8N4
Q9NRG9	P58742
Q9NRH1	Q9DAY6
Q9NRH2	Q8VDU5
Q9NRI5	Q811T9
Q9NRJ3	Q9JIL2
Q9NRJ4	Q9JIL5
Q9NRK6	Q9JI39
Q9NRL2	O88379
Q9NRL3	P58404
Q9NRM0	Q3T9X0
Q9NRM1	O55196
Q9NRM2	E9Q6D6
Q9NRM6	Q9JIP3
Q9NRM7	Q7TSJ6
Q9NRN5	Q8BK62
Q9NRN7	Q9CQF6
Q9NRN9	Q8K1A0
Q9NRP0	Q78XF5
Q9NRP2	Q8K199
Q9NRP4	Q8BQU3
Q9NRP7	Q69ZM6
Q9NRQ2	P58196
Q9NRQ5	Q9JIS3
Q9NRR1	A1E5L0
Q9NRR2	Q9QUL7
Q9NRR3	Q8BGH7
Q9NRR4	Q5HZJ0
Q9NRR5	Q99NB8
Q9NRR6	Q9JII1
Q9NRR8	Q8BHL7
Q9NRS4	Q8VCA5
Q9NRS6	Q91WE1
Q9NRU3	Q0GA42
Q9NRV9	Q9R257
Q9NRW1	P61294
Q9NRW4	Q99N11
Q9NRW7	P97390
Q9NRX1	Q9CPS7
Q9NRX2	Q9D8P4
Q9NRX3	Q4FZG9
Q9NRX4	Q9DAK9
Q9NRX5	Q9QZI8
Q9NRX6	Q80X45
Q9NRY2	Q3TXT3
Q9NRY4	Q91YM2
Q9NRY5	Q8VE88
Q9NRY6	Q9JIZ9
Q9NRZ5	Q8K4X7
Q9NRZ7	Q9D517
Q9NRZ9	Q60848
Q9NS00	Q9JJ06
Q9NS15	Q61810
Q9NS18	Q923X4
Q9NS23	Q99MK9
Q9NS28	Q99PG4
Q9NS37	Q91ZR3
Q9NS39	Q9JI20
Q9NS40	Q9ER47
Q9NS56	Q80Z37
Q9NS61	Q9JJ69
Q9NS62	Q9JM61
Q9NS64	Q9JJ72
Q9NS66	Q6PI62
Q9NS67	O54897
Q9NS68	Q9JLL3
Q9NS69	Q9CPQ3
Q9NS71	Q9CR36
Q9NS73	Q99LQ1
Q9NS75	Q920A1
Q9NS82	P63115
Q9NS84	Q9EP78
Q9NS85	P61215
Q9NS86	Q9JJK2
Q9NS87	Q6P9L6
Q9NS91	Q9QXK2
Q9NS93	Q9CRG1
Q9NS98	Q4LFA9
Q9NSA1	Q9JJN1
Q9NSA2	Q03719
Q9NSA3	Q9JJN6
Q9NSB2	Q99M73
Q9NSB4	Q99M74
Q9NSB8	Q9QWW1
Q9NSC2	Q9ER74
Q9NSC5	Q99JP6
Q9NSC7	Q9QZ39
Q9NSD4	G3X904
Q9NSD5	P31649
Q9NSD7	Q8BGE9
Q9NSD9	Q9WUA2
Q9NSE2	Q62225
Q9NSE4	Q8BIJ6
Q9NSG2	Q3TQQ9
Q9NSI2	P58468
Q9NSI5	Q7TSN7
Q9NSI6	Q921C3
Q9NSI8	P57725
Q9NSK0	Q9DBS5
Q9NSK7	Q8WUR0
Q9NSN8	Q925E1
Q9NSP4	Q9CQA0
Q9NST1	Q91WW7
Q9NSU2	Q91XB0
Q9NSV4	Q9Z207
Q9NSY0	Q91V36
Q9NSY1	Q91Z96
Q9NSY2	Q9EPQ7
Q9NT22	P59900
Q9NT62	Q9CPX6
Q9NT68	Q9WTS5
Q9NT99	P0C192
Q9NTG1	Q9Z0T6
Q9NTG7	Q8R104
Q9NTI2	P98200
Q9NTI5	Q4VA53
Q9NTI7	Q80VY2
Q9NTJ3	Q8CG47
Q9NTJ4	Q91W89
Q9NTJ5	Q9EP69
Q9NTK1	Q8K2F3
Q9NTK5	Q9CZ30
Q9NTM9	Q9D8X1
Q9NTN3	A2AKQ0
Q9NTN9	Q9WUH7
Q9NTQ9	Q02738
Q9NTU4	Q9CQP8
Q9NTU7	Q8BME9
Q9NTW7	Q99KE8
Q9NTX5	Q9D9V3
Q9NTX7	Q9CZW6
Q9NTX9	A2AJW5
Q9NTZ6	Q8R4X3
Q9NU02	Q9D2J7
Q9NU19	Q80VE5
Q9NU22	J3QMC5
Q9NU23	Q8R033
Q9NU53	Q91WR6
Q9NU63	Q8C6P8
Q9NUA8	Q6PCS8
Q9NUB1	Q99NB1
Q9NUB4	Q9DA59
Q9NUC0	A7DTG3
Q9NUD5	Q8BPK2
Q9NUD7	Q8BJX2
Q9NUD9	Q7TPN3
Q9NUE0	Q5Y5T2
Q9NUG4	Q8VCC6
Q9NUG6	P59048
Q9NUI1	Q9WV68
Q9NUJ1	Q6PE15
Q9NUJ3	Q8BTG3
Q9NUJ7	Q8CHS4
Q9NUK0	Q8R003
Q9NUL3	Q8CJ67
Q9NUL5	Q8CAK3
Q9NUL7	Q9CWT6
Q9NUM3	Q8BFU1
Q9NUM4	Q80X71
Q9NUN5	Q8K0B2
Q9NUN7	Q9D099
Q9NUP1	Q8VED2
Q9NUP7	Q8BYH3
Q9NUP9	O88952
Q9NUQ2	Q9D1E8
Q9NUQ3	Q8BHN1
Q9NUQ6	Q91WJ7
Q9NUQ7	Q99K23
Q9NUQ8	Q8K268
Q9NUQ9	Q921M7
Q9NUR3	A2AU34
Q9NUS5	Q9D742
Q9NUT2	Q9CXJ4
Q9NUU6	Q3TVP5
Q9NUU7	Q61655
Q9NUV7	Q8BG54
Q9NUV9	Q99JY3
Q9NUW8	Q8BJ37
Q9NUX5	Q91WC1
Q9NUY8	Q8K0F1
Q9NUZ1	Q9DBS4
Q9NV06	Q6PAC3
Q9NV12	Q8BGY5
Q9NV23	Q8R197
Q9NV29	Q9CQG9
Q9NV31	Q921Y2
Q9NV35	Q8BG93
Q9NV56	Q9DAT2
Q9NV58	P50636
Q9NV64	Q9CYC3
Q9NV70	Q8R3S6
Q9NV79	Q8BHD8
Q9NV88	Q8K114
Q9NV92	Q91ZP6
Q9NV96	Q8VEK0
Q9NVA1	Q9CWU6
Q9NVA2	Q8C1B7
Q9NVA4	Q3TPR7
Q9NVC3	Q8BWH0
Q9NVC6	Q8VCD5
Q9NVD3	P58467
Q9NVD7	Q9EPC1
Q9NVE4	Q8CDL9
Q9NVE5	Q8BWR4
Q9NVE7	Q80YV4
Q9NVF7	Q8BIG4
Q9NVF9	A7MCT6
Q9NVG8	Q8R3D1
Q9NVH0	Q8VEG4
Q9NVH1	Q5U458
Q9NVH2	Q7TQK1
Q9NVH6	Q91ZE0
Q9NVI1	Q8K368
Q9NVJ2	Q9CQW2
Q9NVK5	Q9CRA9
Q9NVL8	Q9CPZ1
Q9NVM1	Q8K2Y3
Q9NVM4	Q922X9
Q9NVM6	Q91WT4
Q9NVM9	Q8QZV7
Q9NVN3	Q80XE1
Q9NVN8	Q6PGG6
Q9NVP1	Q8K363
Q9NVP2	Q9DAP7
Q9NVP4	Q8C008
Q9NVQ4	Q9WUD8
Q9NVR0	Q8CE33
Q9NVR2	Q8K2A7
Q9NVR5	Q8BPI1
Q9NVR7	Q640P7
Q9NVS2	Q99N85
Q9NVS9	Q91XF0
Q9NVT9	Q9D7A8
Q9NVU0	Q9CZT4
Q9NVU7	Q80UZ2
Q9NVV0	Q9DAV9
Q9NVV4	Q9D0D3
Q9NVV5	Q9D8B1
Q9NVV9	Q8CHW1
Q9NVW2	Q9WTV7
Q9NVX0	Q9CQS9
Q9NVX2	Q8VEJ4
Q9NVX7	Q8R179
Q9NVZ3	Q9D1J1
Q9NW07	E9Q8M1
Q9NW08	P59470
Q9NW13	Q8CGC6
Q9NW15	Q8BH79
Q9NW38	Q9CR14
Q9NW61	Q9D240
Q9NW64	Q8BHS3
Q9NW68	Q80Y55
Q9NW75	Q7TQC7
Q9NW81	Q9D7K5
Q9NW82	Q3TWF6
Q9NW97	Q99LG1
Q9NWA0	Q8VCS6
Q9NWB1	Q9JJ43
Q9NWB6	Q3UL36
Q9NWB7	Q8BXG3
Q9NWC5	Q60774
Q9NWD8	Q3TBN1
Q9NWD9	Q9CWT2
Q9NWF9	P58283
Q9NWH2	Q8VCR3
Q9NWH7	Q3U6K5
Q9NWH9	Q8CH25
Q9NWK9	Q3UFB2
Q9NWL6	Q8BFS9
Q9NWM0	Q99K82
Q9NWM3	Q8R3V6
Q9NWM8	P59024
Q9NWN3	Q80XI1
Q9NWQ4	Q6PE65
Q9NWQ8	Q3U1F9
Q9NWQ9	Q9JJ93
Q9NWR8	Q810S1
Q9NWS0	Q9CQJ2
Q9NWS1	Q6IRT3
Q9NWS6	Q91YN1
Q9NWS8	Q8CI78
Q9NWS9	Q8C9M8
Q9NWT1	Q9DCE5
Q9NWT6	Q8BLR9
Q9NWT8	Q9DCJ7
Q9NWU1	Q9D404
Q9NWU2	Q9D7M1
Q9NWU5	Q8BU88
Q9NWV4	Q8BHG2
Q9NWV8	Q3UI43
Q9NWW0	Q9CYQ5
Q9NWW5	Q3U466
Q9NWW6	Q91W63
Q9NWW7	Q8R3C1
Q9NWX5	Q91ZU1
Q9NWX6	Q9CY52
Q9NWY4	Q8CFE2
Q9NWZ3	Q8R4K2
Q9NWZ5	Q91YL3
Q9NWZ8	Q8BHE1
Q9NX00	Q9D938
Q9NX01	Q8BUH1
Q9NX04	Q499E6
Q9NX05	Q8C3F2
Q9NX07	Q80VC6
Q9NX08	Q9CZG3
Q9NX09	Q9D3F7
Q9NX14	O09111
Q9NX18	Q8C6I2
Q9NX20	Q99N93
Q9NX24	Q9CRB2
Q9NX31	Q9D722
Q9NX36	Q8VCE1
Q9NX38	Q80ZQ9
Q9NX40	Q9CRD0
Q9NX45	Q9D489
Q9NX46	Q8CG72
Q9NX47	Q3KNM2
Q9NX52	A2AGA4
Q9NX55	Q9CR41
Q9NX57	P35295
Q9NX58	Q08288
Q9NX61	Q8VCA6
Q9NX62	Q80V26
Q9NX63	Q9CRB9
Q9NX70	Q9DB91
Q9NX74	Q9D7B1
Q9NX76	Q9CZ69
Q9NX78	Q8BMD6
Q9NX94	Q8BGW2
Q9NX95	Q8BHS8
Q9NXA8	Q8K2C6
Q9NXB0	Q5SW45
Q9NXB9	Q9JLJ4
Q9NXC2	Q3UHD2
Q9NXC5	Q8VE19
Q9NXD2	Q7TPM9
Q9NXE4	Q6ZPR5
Q9NXE8	Q9DBF7
Q9NXF1	Q3URQ0
Q9NXF8	Q91WU6
Q9NXG0	A2AM05
Q9NXG2	Q99J36
Q9NXG6	Q8BG58
Q9NXH3	Q7TT52
Q9NXH8	Q8BH02
Q9NXH9	Q3TX08
Q9NXI6	Q9D241
Q9NXJ0	A0A087WSB9
Q9NXJ5	Q9ESW8
Q9NXK6	Q9DCU0
Q9NXK8	Q9EPX5
Q9NXL2	Q80VK6
Q9NXL6	Q6AXF6
Q9NXL9	Q2KHI9
Q9NXN4	Q9DBL2
Q9NXP7	Q8K259
Q9NXR1	Q9CZA6
Q9NXR5	Q99LW0
Q9NXR7	Q8K3W0
Q9NXR8	Q8VEK6
Q9NXS2	Q8BH73
Q9NXS3	Q9CR40
Q9NXU5	Q8BGR6
Q9NXV2	Q8VC57
Q9NXV6	Q8BI72
Q9NXW2	Q9QYI4
Q9NXW9	Q9D8F1
Q9NXX6	G3XA30
Q9NXZ2	D3Z6P9
Q9NY12	Q9CY66
Q9NY15	Q8R4Y4
Q9NY25	Q9R007
Q9NY26	Q9QZ03
Q9NY27	Q0VGB7
Q9NY30	O70552
Q9NY33	Q99KK7
Q9NY35	Q9CQX5
Q9NY37	Q9R0Y1
Q9NY43	Q8VIB5
Q9NY46	A2ASI5
Q9NY47	Q6PHS9
Q9NY57	Q9JJX8
Q9NY59	Q9JJY3
Q9NY61	Q9JKX4
Q9NY64	Q9JIF3
Q9NY65	Q9JJZ2
Q9NY72	Q8BHK2
Q9NY74	Q5SVT3
Q9NY91	Q91ZP4
Q9NY93	Q9D0R4
Q9NY97	Q9Z222
Q9NY99	Q925E0
Q9NYA1	Q8CI15
Q9NYA4	Q91XS1
Q9NYB0	Q91VL8
Q9NYB5	Q9ERB5
Q9NYC9	B1AR51
Q9NYD6	P31257
Q9NYF0	Q8R4A3
Q9NYF3	Q8BXQ8
Q9NYF5	Q8K2H3
Q9NYF8	Q8K019
Q9NYG2	Q8R173
Q9NYG5	Q9CPX9
Q9NYG8	O88454
Q9NYH9	Q8VCY6
Q9NYI0	Q2PFD7
Q9NYJ1	Q8BT51
Q9NYJ7	O88516
Q9NYJ8	Q99K90
Q9NYK1	P58681
Q9NYK5	Q9JKF7
Q9NYK6	Q9D7G4
Q9NYL2	Q9ESL4
Q9NYL4	Q9D1M7
Q9NYL5	Q9JKJ9
Q9NYL9	Q9JHJ0
Q9NYM4	P30731
Q9NYM9	O35153
Q9NYN1	Q08AT1
Q9NYP3	Q9QXP4
Q9NYP7	Q8BHI7
Q9NYP8	Q9D4G1
Q9NYP9	Q9CZJ6
Q9NYQ3	Q9NYQ2
Q9NYQ6	O35161
Q9NYQ7	Q91ZI0
Q9NYQ8	Q5F226
Q9NYR8	D3Z6W3
Q9NYR9	Q9CR56
Q9NYS0	Q8CEC5
Q9NYS7	O54929
Q9NYT0	Q9WV52
Q9NYU1	E9Q4X2
Q9NYU2	Q6P5E4
Q9NYV4	Q14AX6
Q9NYV6	B2RS91
Q9NYV7	P59529
Q9NYV8	Q7M713
Q9NYV9	Q7M720
Q9NYW3	P59530
Q9NYW5	Q9JKT3
Q9NYW6	Q7TQA7
Q9NYW7	Q9JKT2
Q9NYW8	Q8BQC8
Q9NYX4	Q9DCA7
Q9NYY1	Q9JKV9
Q9NYY3	P53351
Q9NYY8	Q922E6
Q9NYZ1	Q9D8T4
Q9NYZ2	Q920G8
Q9NYZ3	Q8R080
Q9NZ01	Q9CY27
Q9NZ08	Q9EQH2
Q9NZ09	Q8BH48
Q9NZ20	Q8BZT7
Q9NZ32	Q9QZB7
Q9NZ42	Q9CQR7
Q9NZ43	Q9CQ56
Q9NZ45	Q91WS0
Q9NZ52	Q8BMI3
Q9NZ53	Q8CAE9
Q9NZ56	Q9JL04
Q9NZ63	Q3TQI7
Q9NZ71	Q0VGM9
Q9NZ72	O70166
Q9NZ94	Q8BYM5
Q9NZA1	Q8BXK9
Q9NZB2	Q6A0A9
Q9NZB8	Q5RKZ7
Q9NZC2	Q99NH8
Q9NZC3	Q9JL56
Q9NZC4	O70273
Q9NZC7	Q91WL8
Q9NZC9	Q8BJL0
Q9NZD1	Q9JIL6
Q9NZD2	Q9JL62
Q9NZD4	Q9CY02
Q9NZD8	Q9CQC8
Q9NZE8	Q9CQL6
Q9NZF1	Q9JI48
Q9NZG7	Q9JL89
Q9NZH0	Q923Z0
Q9NZH8	Q8R460
Q9NZI2	Q9JJ57
Q9NZI5	Q921D9
Q9NZI6	Q3UNW5
Q9NZI7	Q811S7
Q9NZI8	O88477
Q9NZJ0	Q3TLR7
Q9NZJ4	Q9JLC8
Q9NZJ5	Q9Z2B5
Q9NZJ6	Q8BMS4
Q9NZJ7	Q791T5
Q9NZK7	Q9QUL3
Q9NZL4	Q99P31
Q9NZL6	Q60695
Q9NZL9	Q99LB6
Q9NZM1	Q69ZN7
Q9NZM3	Q9Z0R6
Q9NZM4	F8VPZ9
Q9NZM5	Q8BK35
Q9NZM6	Q9JLG4
Q9NZN1	P59823
Q9NZN3	Q9QXY6
Q9NZN4	Q8BH64
Q9NZN5	Q8R4H2
Q9NZN8	Q8C5L3
Q9NZN9	Q924K1
Q9NZP0	Q8VFI0
Q9NZP2	Q8VGJ0
Q9NZP8	Q3UZ09
Q9NZQ0	Q8CFP6
Q9NZQ3	Q9ESJ4
Q9NZQ7	Q9EP73
Q9NZQ8	Q9JJH7
Q9NZQ9	Q9JLH8
Q9NZR1	Q9JKK7
Q9NZR2	Q9JI18
Q9NZR4	Q91V10
Q9NZS9	Q8R079
Q9NZT2	Q99PG2
Q9NZU0	Q8BGT1
Q9NZU1	Q6RKD8
Q9NZU5	Q8VEE1
Q9NZU7	Q9JLK7
Q9NZV1	Q9JLL0
Q9NZV5	D3Z2R5
Q9NZV6	Q9JLC3
Q9NZV8	Q9Z0V2
Q9NZW5	Q9JLB0
Q9NZZ3	Q9D7S9
Q9P000	Q8K2Q0
Q9P003	Q9CX13
Q9P013	Q9JHS9
Q9P015	Q9CPR5
Q9P016	Q91YJ3
Q9P021	O70333
Q9P031	Q8R2N0
Q9P032	Q9D1H6
Q9P035	Q8K2C9
Q9P055	Q8BI36
Q9P086	Q9D8C6
Q9P0B6	Q9D162
Q9P0G3	Q8CGR5
Q9P0I2	Q99KI3
Q9P0J0	Q9ERS2
Q9P0J1	Q3UV70
Q9P0J6	Q99N90
Q9P0J7	Q80UY2
Q9P0K1	Q9R1V6
Q9P0K7	Q9EP71
Q9P0K8	Q9ES18
Q9P0K9	B1AXV0
Q9P0L0	Q9WV55
Q9P0L1	E9PVW1
Q9P0L2	Q8VHJ5
Q9P0L9	A2A259
Q9P0M2	Q7TN79
Q9P0M4	Q8K4C5
Q9P0M6	Q8CCK0
Q9P0M9	Q99N92
Q9P0N5	Q9CQC4
Q9P0N8	Q99M02
Q9P0N9	Q9D0K0
Q9P0P0	Q9CY62
Q9P0P8	Q9CQF4
Q9P0R6	Q8BGR8
Q9P0S2	Q9CR63
Q9P0S3	Q921I0
Q9P0S9	Q9CQN6
Q9P0T7	Q9CR23
Q9P0U1	Q9D173
Q9P0U3	P59110
Q9P0U4	Q9CWW7
Q9P0V3	Q921I6
Q9P0V8	Q9D3G2
Q9P0V9	Q8C650
Q9P0W0	Q7TSL0
Q9P0W2	Q9Z104
Q9P0W8	Q80VP2
Q9P0X4	E9Q7P2
Q9P0Z9	Q9D826
Q9P104	Q91ZM9
Q9P107	Q6PGG2
Q9P109	E9Q649
Q9P121	Q99PJ0
Q9P126	Q9JL99
Q9P1A6	Q8BJ42
Q9P1F3	Q4KML4
Q9P1P4	Q5QD16
Q9P1P5	Q5QD17
Q9P1Q0	Q5SPW0
Q9P1T7	Q8BX65
Q9P1U0	Q791N7
Q9P1U1	Q641P0
Q9P1V8	F6XZJ7
Q9P1W3	Q8CBX0
Q9P1W9	Q62070
Q9P1Y5	Q80VC9
Q9P1Y6	A6H619
Q9P1Z0	Q5F293
Q9P1Z2	Q8CGU1
Q9P1Z3	O88705
Q9P1Z9	J3QNE4
Q9P202	Q80VW5
Q9P203	Q8CFE5
Q9P206	A2A7S8
Q9P209	Q9D3R3
Q9P212	Q8K4S1
Q9P215	Q80TC5
Q9P217	Q80TC6
Q9P218	Q923P0
Q9P219	Q6VGS5
Q9P225	P0C6F1
Q9P227	Q69ZH9
Q9P232	Q07409
Q9P241	Q8K2X1
Q9P242	Q8BM65
Q9P243	Q7TS63
Q9P244	Q2WF71
Q9P246	P83093
Q9P253	Q8R307
Q9P258	Q8BK67
Q9P260	Q148V7
Q9P265	Q3UH60
Q9P266	Q5DTX6
Q9P267	B1AYB6
Q9P270	Q8CI08
Q9P272	Q80WQ4
Q9P273	Q9WTS6
Q9P275	B1AQJ2
Q9P278	Q80TD3
Q9P281	Q3UHR0
Q9P283	Q60519
Q9P286	Q8C015
Q9P287	Q9CWI3
Q9P289	Q99JT2
Q9P291	Q9CX83
Q9P296	Q8BW93
Q9P298	Q99JY6
Q9P299	Q9JHH9
Q9P2A4	Q8BYZ1
Q9P2B2	Q9WV91
Q9P2B4	Q99LJ0
Q9P2B7	Q6ZPR1
Q9P2C4	A0A338P7C9
Q9P2D0	Q6ZPR6
Q9P2D1	A2AJK6
Q9P2D3	Q8C547
Q9P2D6	Q6NS59
Q9P2D7	E9Q8T7
Q9P2D8	Q0KK59
Q9P2E2	Q99PW8
Q9P2E3	Q8R151
Q9P2E5	Q3UU43
Q9P2E7	E9PX28
Q9P2E8	Q80TE3
Q9P2E9	Q99PL5
Q9P2F5	Q499E5
Q9P2F6	Q6IFT4
Q9P2F8	Q80TE4
Q9P2F9	Q9ERR8
Q9P2G1	Q6ZPS6
Q9P2G3	Q69ZK5
Q9P2G4	Q8BJS7
Q9P2G9	P59280
Q9P2H0	Q0VBV7
Q9P2H3	Q8K057
Q9P2H5	M0QWN7
Q9P2I0	O35218
Q9P2J2	Q05BQ1
Q9P2J3	Q6ZPT1
Q9P2J5	Q8BMJ2
Q9P2J9	Q504M2
Q9P2K1	Q8CFW7
Q9P2K2	Q7TN22
Q9P2K3	Q6PGA0
Q9P2K5	Q8C854
Q9P2K6	Q8BFQ9
Q9P2K8	Q9QZ05
Q9P2K9	A3KFU9
Q9P2L0	Q8BND3
Q9P2M1	Q9D4C6
Q9P2M4	Q8CGA2
Q9P2M7	P59242
Q9P2N2	Q8BN58
Q9P2N4	E9PUN6
Q9P2N5	Q5SFM8
Q9P2N6	A2RSY1
Q9P2N7	Q80TF4
Q9P2P1	Q5DTZ0
Q9P2P5	Q6I6G8
Q9P2P6	Q80TF6
Q9P2Q2	Q8BIE6
Q9P2R3	Q810B6
Q9P2R6	Q80TZ9
Q9P2R7	Q9Z2I9
Q9P2S2	E9Q7X7
Q9P2S5	Q9JM98
Q9P2S6	Q8C0W1
Q9P2T0	Q9JMB1
Q9P2T1	Q99L27
Q9P2U7	Q3TXX4
Q9P2U8	Q8BLE7
Q9P2V4	Q8K099
Q9P2W1	O35047
Q9P2W3	Q9JMF3
Q9P2W7	Q9CW73
Q9P2W9	Q8VDS8
Q9P2X0	Q9D1Q4
Q9P2X3	O55091
Q9P2Y4	Q6IQX8
Q9P2Y5	Q8K245
Q9UBB4	P28658
Q9UBB5	Q9Z2E1
Q9UBB6	Q9Z0E0
Q9UBB9	Q9ERA6
Q9UBC0	O08755
Q9UBC1	O88995
Q9UBC2	Q60902
Q9UBC3	O88509
Q9UBC5	O88329
Q9UBC7	Q810H5
Q9UBC9	O09116
Q9UBD5	Q9JK30
Q9UBD6	Q9QXP0
Q9UBD9	Q9QZM3
Q9UBE0	Q9R1T2
Q9UBE8	O54949
Q9UBF2	Q9QXK3
Q9UBF6	Q9WTZ1
Q9UBF8	Q8BKC8
Q9UBF9	Q9JIF9
Q9UBG0	Q64449
Q9UBG3	D3YUU6
Q9UBG7	O08674
Q9UBH0	Q9QYY1
Q9UBH6	Q9Z0U0
Q9UBI1	Q63829
Q9UBI4	Q8CI66
Q9UBI6	Q9DAS9
Q9UBI9	Q3V1N5
Q9UBJ2	Q61285
Q9UBK2	O70343
Q9UBK5	Q9QUJ0
Q9UBK8	Q8C1A3
Q9UBK9	Q9WTZ0
Q9UBL0	Q9DCB4
Q9UBL3	Q91X20
Q9UBL6	Q0VE82
Q9UBL9	Q8K3P1
Q9UBM1	Q61907
Q9UBM4	Q920A0
Q9UBM7	O88455
Q9UBM8	Q9D306
Q9UBN1	Q9JJV4
Q9UBN4	Q9QUQ5
Q9UBN7	Q9Z2V5
Q9UBP0	Q9QYY8
Q9UBP4	Q9QUN9
Q9UBP5	Q9QUS4
Q9UBP6	Q9Z120
Q9UBP9	Q8K2A1
Q9UBQ0	Q9QZ88
Q9UBQ5	Q9DBZ5
Q9UBQ6	Q9ES89
Q9UBQ7	Q91Z53
Q9UBR1	Q8VC97
Q9UBR2	Q9WUU7
Q9UBR4	P50481
Q9UBR5	Q9DAS1
Q9UBS0	Q9Z1M4
Q9UBS3	Q9QYI6
Q9UBS4	Q99KV1
Q9UBS5	Q9WV18
Q9UBS8	Q9JI90
Q9UBS9	Q8C341
Q9UBT2	Q9Z1F9
Q9UBT3	Q8VEJ3
Q9UBT6	Q9QUG2
Q9UBT7	O88327
Q9UBU2	Q9QYZ8
Q9UBU3	Q9EQX0
Q9UBU6	Q3URQ4
Q9UBU7	Q9QZ41
Q9UBU8	P60762
Q9UBU9	Q99JX7
Q9UBV2	Q9Z2G6
Q9UBV4	Q9QYS1
Q9UBV7	Q8R087
Q9UBV8	Q8BFY6
Q9UBW5	D3Z6Q9
Q9UBW7	Q9CU65
Q9UBW8	Q9CZ04
Q9UBX0	Q61658
Q9UBX1	Q9R013
Q9UBX3	Q9QZD8
Q9UBX5	Q9WVH9
Q9UBX7	Q9QYN3
Q9UBX8	Q9WVK5
Q9UBY0	Q3ZAS0
Q9UBY5	Q9EQ31
Q9UBY8	Q9QUK3
Q9UBY9	P35385
Q9UBZ4	Q68G58
Q9UBZ9	Q920Q2
Q9UD57	P42580
Q9UD71	Q60829
Q9UDR5	Q99K67
Q9UDT6	Q9Z0H8
Q9UDV6	G3X8R7
Q9UDV7	E9PVC2
Q9UDW1	Q8R1I1
Q9UDW3	Q9CQR5
Q9UDX3	Q8R0F9
Q9UDX4	Q5SQ27
Q9UDX5	Q9CRB8
Q9UDY2	Q9Z0U1
Q9UDY4	Q9D832
Q9UDY6	Q9WUH5
Q9UDY8	Q2TBA3
Q9UEE9	O88271
Q9UEF7	O35082
Q9UEG4	Q6A085
Q9UER7	O35613
Q9UET6	Q8CBC7
Q9UEU0	O88384
Q9UEW3	Q60754
Q9UEW8	Q9Z1W9
Q9UEY8	Q9QYB5
Q9UF02	Q8VHW4
Q9UF11	Q9QYE9
Q9UF12	Q8VCZ9
Q9UF33	Q62413
Q9UF47	Q9CQ94
Q9UF56	Q9QZN1
Q9UFB7	E9PZ11
Q9UFC0	Q8BUI3
Q9UFE4	Q9D5Y1
Q9UFF9	Q9D8X5
Q9UFG5	Q9D7E4
Q9UFH2	Q69Z23
Q9UFP1	Q3UY90
Q9UFW8	Q8BHG9
Q9UG01	Q6VH22
Q9UG56	Q8BSF4
Q9UG63	Q99LE6
Q9UGB7	Q9QXN5
Q9UGC6	Q9QZB0
Q9UGC7	Q8BJU9
Q9UGF5	Q14AJ9
Q9UGF7	Q8VG96
Q9UGH3	Q9EPR4
Q9UGI0	Q7M760
Q9UGI6	P58391
Q9UGI8	P47226
Q9UGI9	Q8BGM7
Q9UGJ0	Q91WG5
Q9UGJ1	Q9D4F8
Q9UGK3	Q8R0L1
Q9UGK8	Q80YD6
Q9UGL1	Q80Y84
Q9UGM1	G3X8Z7
Q9UGM3	Q60997
Q9UGM5	Q9QXC1
Q9UGM6	Q9CYK1
Q9UGN5	O88554
Q9UGP4	Q9QXD8
Q9UGP5	Q9QXE2
Q9UGP8	Q8VHE0
Q9UGQ2	Q8BG21
Q9UGQ3	Q3UDF0
Q9UGR2	F8VPP8
Q9UGT4	Q9DBX3
Q9UGU0	Q9EPQ8
Q9UGU5	Q80Y32
Q9UGV2	Q9QYF9
Q9UGY1	Q8BG17
Q9UH03	Q9Z1S5
Q9UH36	Q8K2M3
Q9UH62	Q8BHS6
Q9UH65	Q6A028
Q9UH73	Q07802
Q9UH77	E0CZ16
Q9UH90	P62932
Q9UH92	O08609
Q9UH99	Q8BJS4
Q9UHA2	Q9D174
Q9UHA3	Q99L28
Q9UHA4	O88653
Q9UHA7	Q9JLA2
Q9UHB4	A2AI05
Q9UHB6	Q9ERG0
Q9UHB7	Q9ESC8
Q9UHB9	Q8BMA6
Q9UHC1	A0A1Y7VMP7
Q9UHC3	Q6X1Y6
Q9UHC6	Q9CPW0
Q9UHC7	Q9QXP6
Q9UHC9	Q6T3U4
Q9UHD0	Q8CJ70
Q9UHD1	Q9D1P4
Q9UHD2	Q9WUN2
Q9UHD4	O70303
Q9UHD8	Q80UG5
Q9UHE8	Q9CWR7
Q9UHF0	P55099
Q9UHF1	Q9QXT5
Q9UHF4	Q6PHB0
Q9UHF5	Q9QXT6
Q9UHF7	Q925H1
Q9UHG0	Q5DU00
Q9UHG2	Q9QXV0
Q9UHG3	Q9CQF9
Q9UHH9	Q80V72
Q9UHI5	Q9QXW9
Q9UHI6	Q9JJY4
Q9UHI7	Q9Z2J0
Q9UHI8	P97857
Q9UHJ3	Q9JMD1
Q9UHJ6	Q9D5J6
Q9UHJ9	Q3TQR0
Q9UHK0	Q9QXX8
Q9UHK6	O09174
Q9UHL0	Q9QY15
Q9UHL4	Q9ET22
Q9UHL9	Q9JI57
Q9UHM6	Q9QXZ9
Q9UHN1	Q9QZM2
Q9UHN6	Q5FWI3
Q9UHP3	P57080
Q9UHP6	Q9D3W1
Q9UHP9	Q9DC77
Q9UHQ1	Q9CYQ7
Q9UHQ4	Q61334
Q9UHQ7	Q9DD24
Q9UHQ9	Q9DB73
Q9UHR4	Q9DBJ3
Q9UHR5	Q02614
Q9UHR6	Q9QY66
Q9UHV2	Q9JL10
Q9UHV5	Q68EF8
Q9UHV7	Q5SWW4
Q9UHV9	O70591
Q9UHW5	Q9D3W4
Q9UHW9	Q924N4
Q9UHX1	Q3UEB3
Q9UHY1	Q99J45
Q9UHY7	Q8BGB7
Q9UHY8	Q6TYB5
Q9UI08	P70429
Q9UI09	Q7TMF3
Q9UI10	Q61749
Q9UI12	Q8BVE3
Q9UI14	Q9Z0S9
Q9UI15	Q9R1Q8
Q9UI17	Q9DBT9
Q9UI26	Q8K2V6
Q9UI30	Q9DCG9
Q9UI32	Q571F8
Q9UI33	Q9R053
Q9UI36	Q9QYB2
Q9UI38	Q8BLH5
Q9UI40	Q8BUN9
Q9UI42	Q6P8K8
Q9UI43	Q9CPY0
Q9UI46	Q8C0M8
Q9UI47	Q65CL1
Q9UI95	Q9D752
Q9UIA0	Q80YW0
Q9UIA9	Q9EPK7
Q9UIB8	Q18PI6
Q9UIC8	A2RTH5
Q9UID3	Q3UVL4
Q9UID6	Q99KZ6
Q9UIF3	Q922G7
Q9UIF7	Q99P21
Q9UIF8	A2AUY4
Q9UIF9	Q91YE5
Q9UIG0	Q9Z277
Q9UIG4	Q80ZC9
Q9UIG8	Q8R3L5
Q9UIH9	Q9EPW2
Q9UII2	O35143
Q9UII6	Q9QYJ7
Q9UIJ5	P59267
Q9UIJ7	Q9WTP7
Q9UIK4	Q8VDF3
Q9UIK5	Q9QYM9
Q9UIL1	Q78YZ6
Q9UIM3	O35450
Q9UIQ6	Q8C129
Q9UIR0	O70355
Q9UIS9	Q9Z2E2
Q9UIU6	Q61321
Q9UIV1	Q60809
Q9UIV8	Q8CDC0
Q9UIW0	Q9WTP9
Q9UIW2	P70206
Q9UIX4	A2BDX4
Q9UIY3	Q9D9S3
Q9UJ04	Q8VD63
Q9UJ14	Q99JP7
Q9UJ37	P70277
Q9UJ41	Q9JM13
Q9UJ42	Q3U3F9
Q9UJ55	Q9QZ04
Q9UJ68	Q9D6Y7
Q9UJ70	Q9QZ08
Q9UJ71	Q8VBX4
Q9UJ72	Q9QZ10
Q9UJ78	Q3U2E2
Q9UJ83	Q9QXE0
Q9UJ90	Q9QZ26
Q9UJ96	F7A6P6
Q9UJ98	O70576
Q9UJ99	Q9WTP5
Q9UJA2	Q80ZM8
Q9UJA3	Q9CWV1
Q9UJA5	Q8CE96
Q9UJA9	Q9EQG7
Q9UJC3	Q8BIL5
Q9UJC5	Q8BG73
Q9UJD0	Q80U57
Q9UJF2	E9PW37
Q9UJG1	Q8VEL0
Q9UJH8	Q8C1Q4
Q9UJJ7	Q8VCZ8
Q9UJJ9	Q6S5C2
Q9UJK0	Q5HZH2
Q9UJM3	Q99JZ7
Q9UJM8	Q9WU19
Q9UJP4	Q3U410
Q9UJQ1	Q9D387
Q9UJQ4	Q8BX22
Q9UJQ7	Q9DAH1
Q9UJS0	Q9QXX4
Q9UJT0	Q9D6T1
Q9UJT1	Q9R1K7
Q9UJT2	O54887
Q9UJT9	Q5BJ29
Q9UJU2	P27782
Q9UJU3	Q0VAW7
Q9UJU5	Q61060
Q9UJU6	Q62418
Q9UJV3	Q9QUS6
Q9UJV8	Q8R4E6
Q9UJV9	Q91VN6
Q9UJW0	Q8CBY8
Q9UJW2	Q9WUR0
Q9UJW3	Q9CWR8
Q9UJW8	Q6NZI9
Q9UJW9	Q9ERC3
Q9UJX0	Q8VC10
Q9UJX2	Q8BGZ4
Q9UJX3	Q9WVM3
Q9UJX4	Q8BTZ4
Q9UJX5	Q91W96
Q9UJX6	Q8BZQ7
Q9UJY1	Q9JK92
Q9UJY4	Q6P5E6
Q9UJY5	Q8R0H9
Q9UJZ1	Q99JB2
Q9UK00	Q8BGK9
Q9UK05	Q9WV56
Q9UK08	P63078
Q9UK17	Q9Z0V1
Q9UK22	Q80UW2
Q9UK23	Q8BJ48
Q9UK28	Q7TNI2
Q9UK32	Q7TPS0
Q9UK33	Q9DB38
Q9UK39	O35710
Q9UK41	Q9D1C8
Q9UK45	Q9CQQ8
Q9UK53	Q9QXV3
Q9UK55	Q8R121
Q9UK58	Q52KE7
Q9UK59	Q923B1
Q9UK61	Q69ZR9
Q9UK73	Q9Z2G0
Q9UK76	P97825
Q9UK80	Q9QZL6
Q9UK85	Q9QZL9
Q9UK96	Q7TQF2
Q9UK97	Q8BK06
Q9UK99	Q9DC63
Q9UKA1	Q8C2S5
Q9UKA2	Q8BH70
Q9UKA4	E9Q777
Q9UKA8	Q9JKK0
Q9UKA9	Q91Z31
Q9UKB1	Q5SRY7
Q9UKB3	Q9R022
Q9UKB5	A2ALI5
Q9UKC9	Q8BH16
Q9UKD1	P58929
Q9UKD2	Q9D0I8
Q9UKE5	P83510
Q9UKF2	Q811Q3
Q9UKF5	Q811Q4
Q9UKF6	Q9QXK7
Q9UKF7	Q8K4R4
Q9UKG1	Q8K3H0
Q9UKG4	Q8BZ82
Q9UKG9	Q9DC50
Q9UKI2	Q9CQC5
Q9UKI3	D3Z6J4
Q9UKI8	Q8C0V0
Q9UKI9	P31362
Q9UKJ3	A2A6A1
Q9UKJ5	Q9D9G3
Q9UKJ8	Q9JI76
Q9UKK3	E9PYK3
Q9UKK6	Q9QZV9
Q9UKK9	Q9JKX6
Q9UKL0	Q8CFE3
Q9UKL3	Q9WUF3
Q9UKL4	O54851
Q9UKL6	P53808
Q9UKM7	A2AJ15
Q9UKM9	Q64012
Q9UKN1	A0A5F8MPQ6
Q9UKN5	Q80V63
Q9UKN7	Q9QZZ4
Q9UKN8	Q8BMQ2
Q9UKP3	Q9R000
Q9UKP4	Q68SA9
Q9UKP5	D3Z1A5
Q9UKP6	Q8VIH9
Q9UKQ2	Q9JLN6
Q9UKQ9	Q32M27
Q9UKR0	B2RVZ0
Q9UKR3	Q8CGR6
Q9UKR5	Q9ERY9
Q9UKS6	Q99JB8
Q9UKS7	P81183
Q9UKT4	Q7TSG3
Q9UKT5	Q8CHQ0
Q9UKT6	Q8BFZ4
Q9UKT7	Q8C4V4
Q9UKT8	Q60584
Q9UKT9	O08900
Q9UKU0	Q91WC3
Q9UKU6	Q8K093
Q9UKU7	Q9D7B6
Q9UKU9	Q9R045
Q9UKV3	Q9JIX8
Q9UKV5	Q9R049
Q9UKV8	Q8CJG0
Q9UKW4	Q9R0C8
Q9UKW6	Q8VDK3
Q9UKX2	G3UW82
Q9UKX3	B1AR69
Q9UKX5	P61622
Q9UKX7	Q9JIH2
Q9UKY0	Q9QUG3
Q9UKY1	P70121
Q9UKY4	Q8BGQ4
Q9UKY7	Q4VAA2
Q9UKZ1	Q9CWN7
Q9UKZ4	Q9WTS4
Q9UKZ9	Q8R4W6
Q9UL01	Q8BLI4
Q9UL03	Q6PCM2
Q9UL12	Q99LB7
Q9UL15	Q8CI32
Q9UL16	Q9D9U9
Q9UL17	Q9JKD8
Q9UL18	Q8CJG1
Q9UL25	P35282
Q9UL26	P35285
Q9UL33	Q9JME7
Q9UL36	S4R299
Q9UL40	Q9R0B7
Q9UL41	Q8JZW8
Q9UL42	Q8BHK0
Q9UL45	Q9R0C0
Q9UL46	P97372
Q9UL49	Q32NY8
Q9UL51	O88703
Q9UL52	Q5S248
Q9UL54	Q6ZQ29
Q9UL62	Q9QX29
Q9UL63	O89050
Q9UL68	P97500
Q9ULA0	Q9Z2W0
Q9ULB1	Q9CS84
Q9ULB4	P70407
Q9ULB5	Q8BM92
Q9ULC0	Q9R0H2
Q9ULC3	P35288
Q9ULC4	Q9DB27
Q9ULC5	Q8JZR0
Q9ULC6	Q9Z185
Q9ULC8	Q5Y5T5
Q9ULD0	B2RXT3
Q9ULD2	Q5HZI1
Q9ULD4	B2KF05
Q9ULD5	B9EKF4
Q9ULD6	Q059U7
Q9ULD8	Q9WVJ0
Q9ULD9	Q56A10
Q9ULE3	Q8C4S8
Q9ULE4	Q0KK56
Q9ULE6	P70261
Q9ULF5	Q6P5F6
Q9ULG1	Q6ZPV2
Q9ULG6	Q640L3
Q9ULH0	E9Q9B7
Q9ULH1	Q9QWY8
Q9ULH4	Q80TG9
Q9ULH7	P59759
Q9ULI0	E9Q166
Q9ULI1	Q6P5U7
Q9ULI2	Q80WS1
Q9ULI3	E9Q7X6
Q9ULI4	Q52KG5
Q9ULJ1	Q9D478
Q9ULJ3	E9Q3R9
Q9ULJ6	Q6P1E1
Q9ULJ7	A6H6J9
Q9ULJ8	Q7TN74
Q9ULK0	Q61627
Q9ULK4	Q80YQ2
Q9ULK5	Q91ZD4
Q9ULK6	Q5DTZ6
Q9ULL0	E9Q0C6
Q9ULL1	A0A5F8MPP0
Q9ULL4	Q9QY40
Q9ULL5	E9PYL2
Q9ULL8	Q1W617
Q9ULM0	Q80TI1
Q9ULM3	Q3TUF7
Q9ULM6	Q8K3P5
Q9ULN7	G3X9N3
Q9ULP0	Q8BTG7
Q9ULP9	Q3UUG6
Q9ULQ0	Q8C9H6
Q9ULQ1	Q9EQJ0
Q9ULR0	Q69ZQ2
Q9ULR3	Q3UYC0
Q9ULR5	Q91W45
Q9ULS5	Q8R310
Q9ULS6	O35174
Q9ULT0	Q8BGB2
Q9ULT6	Q5SSZ7
Q9ULT8	Q69ZR2
Q9ULU4	A2A484
Q9ULU8	Q80TJ1
Q9ULV0	P21271
Q9ULV1	Q61088
Q9ULV3	Q8VEH2
Q9ULV4	Q9WUM4
Q9ULV5	Q9R0L1
Q9ULV8	Q80XL1
Q9ULW0	A2APB8
Q9ULW2	Q8BKG4
Q9ULW3	Q9QYL7
Q9ULW5	Q504M8
Q9ULW6	P51860
Q9ULW8	Q9Z184
Q9ULX3	Q8BW10
Q9ULX5	Q96DY5
Q9ULX6	Q9R0L7
Q9ULX7	Q9WVT6
Q9ULX9	O54791
Q9ULY5	Q9R0Q8
Q9ULZ1	Q9R0R4
Q9ULZ2	Q9JM90
Q9ULZ3	Q9EPB4
Q9ULZ9	Q9R0S3
Q9UM00	Q921L3
Q9UM01	Q9Z1K8
Q9UM07	Q9Z183
Q9UM11	Q9R1K5
Q9UM13	Q8K2H6
Q9UM19	Q8BGZ1
Q9UM21	Q812G0
Q9UM22	Q99M71
Q9UM47	Q61982
Q9UM54	Q64331
Q9UM63	Q9JLQ4
Q9UM73	P97793
Q9UM82	Q8K004
Q9UMD9	Q07563
Q9UMF0	Q60625
Q9UMN6	O08550
Q9UMQ3	O08686
Q9UMQ6	Q6J756
Q9UMR2	Q8R3C7
Q9UMR3	Q9ES03
Q9UMR5	O35448
Q9UMS0	Q9QZ23
Q9UMS4	Q99KP6
Q9UMS5	Q9QZ09
Q9UMS6	Q91YE8
Q9UMX0	Q8R317
Q9UMX1	Q9Z0P7
Q9UMX2	Q9R109
Q9UMX3	O35425
Q9UMX5	Q9CQ45
Q9UMX6	Q8VBV8
Q9UMX9	P58355
Q9UMY1	Q9D7Z3
Q9UMY4	O70493
Q9UMZ2	Q5SV85
Q9UMZ3	P0C5E4
Q9UN19	Q9QXT1
Q9UN36	Q9QYG0
Q9UN37	Q8VEJ9
Q9UN42	Q99ME6
Q9UN70	Q91XX1
Q9UN74	O88689
Q9UN76	Q9JMA9
Q9UN79	Q04891
Q9UN81	P11260
Q9UN86	P97379
Q9UN88	Q9JLF1
Q9UNA0	Q9R001
Q9UNA1	Q6ZQ82
Q9UNA3	Q14BT6
Q9UNA4	Q6R3M4
Q9UNE0	Q9R187
Q9UNE2	Q768S4
Q9UNE7	Q9WUD1
Q9UNF0	Q9WVE8
Q9UNF1	Q9ER67
Q9UNG2	Q7TS55
Q9UNH5	Q6GQT0
Q9UNH6	Q9CY18
Q9UNH7	Q6P8X1
Q9UNI1	Q91X79
Q9UNI6	Q9D0T2
Q9UNK0	O88983
Q9UNK4	Q9WVF6
Q9UNK9	Q8VCU0
Q9UNL2	Q9DCF9
Q9UNL4	Q8C0D7
Q9UNM6	Q9WVJ2
Q9UNN4	Q8R4I4
Q9UNN5	P54731
Q9UNN8	Q64695
Q9UNP4	O88829
Q9UNP9	Q9QZH3
Q9UNQ0	Q7TMS5
Q9UNQ2	Q9D0D4
Q9UNS1	Q9R1X4
Q9UNS2	O88543
Q9UNU6	O88962
Q9UNW1	Q9Z2L6
Q9UNW8	Q9Z282
Q9UNW9	A0A1W2P872
Q9UNX4	Q8BHB4
Q9UNX9	Q8JZN3
Q9UNY4	Q5NC05
Q9UNZ2	Q9CZ44
Q9UNZ5	Q8R1F0
Q9UP38	O70421
Q9UP52	Q9JKX3
Q9UP65	Q64GA5
Q9UP79	P57110
Q9UP83	Q8C0L8
Q9UP95	Q9JIS8
Q9UPA5	O88737
Q9UPC5	Q9R1K6
Q9UPE1	Q9Z0G2
Q9UPG8	Q925T4
Q9UPI3	Q91X85
Q9UPM6	Q9R1R0
Q9UPM8	Q80V94
Q9UPM9	Q9R1S0
Q9UPN3	Q9QXZ0
Q9UPN4	Q62036
Q9UPN6	Q6DID3
Q9UPN7	Q7TSI3
Q9UPN9	Q99PP7
Q9UPP1	Q80TJ7
Q9UPP2	Q3TES0
Q9UPQ0	Q3UH68
Q9UPQ3	Q8BXK8
Q9UPQ4	Q8C006
Q9UPQ7	Q69ZS0
Q9UPQ8	Q8R2Y3
Q9UPQ9	Q8BKI2
Q9UPR0	Q8K394
Q9UPR3	Q6ZPY2
Q9UPR5	Q8K596
Q9UPR6	E9Q5M4
Q9UPS6	Q8CFT2
Q9UPS8	Q811D2
Q9UPT5	O35250
Q9UPT6	Q9ESN9
Q9UPT8	Q6ZPZ3
Q9UPT9	Q5DU02
Q9UPU3	Q8VI51
Q9UPU5	B1AY13
Q9UPU7	Q3U0J8
Q9UPU9	Q8CBY1
Q9UPV0	Q5DU05
Q9UPV7	Q80TL4
Q8N103	B2RWW0
Q8N103	P0CAX8
Q8IXT5	Q66JV4
Q8IXT5	Q80YR9
Q86WB7	B2RWK3
Q86WB7	Q710D3
Q86UC2	Q3UFY4
Q86UC2	Q9DA80
Q7Z3T1	Q5NCC8
Q7Z3T1	Q5NCD6
Q7RTR0	Q66X01
Q7RTR0	Q66X03
Q7RTR0	Q66X22
Q6ZUS5	E9Q3K0
Q6ZUS5	E9Q6D3
Q6ZUS5	E9Q8Z1
Q6ZUS5	Q9D496
Q6ZRH7	C6KI89
Q6ZRH7	E9Q355
Q6X9E4	A0A1D5RLF0
Q6X9E4	E9PXM9
Q6X9E4	E9Q8A4
Q6X9E4	F7C9P2
Q6X9E4	L7N1X6
Q6X9E4	Q3TSA9
Q6X9E4	Q497Z0
Q6X9E4	Q5U467
Q6X9E4	Q5XG67
Q6X9E4	Q8BI38
Q6X9E4	Q8BI57
Q6X9E4	Q8BI58
Q6X9E4	Q8C2W8
Q6X9E4	Q8C2Y5
Q6UWW8	Q63880
Q6UWW8	Q8VCU1
Q6UWM5	A0A1W2P7V2
Q6UWM5	Q9DAG6
Q6IFN5	E9PX82
Q6IFN5	Q0VAX9
Q9Y6R7	E9PVG8
Q9Y6R7	E9Q9C6
Q9Y5P1	F8VPZ8
Q9Y5P1	F8VQ01
Q9Y5P0	F8VPZ8
Q9Y5P0	F8VQ01
Q9Y5E5	E9Q5G2
Q9Y5E5	Q8CDY9
Q9Y5E5	Q91XZ5
Q9Y5E4	Q91UZ8
Q9Y5E4	Q91VE5
Q9Y5E4	Q91XZ2
Q9Y5E4	Q91XZ4
Q9Y5E4	Q91XZ6
Q9Y5E4	Q91Y07
Q9Y3N9	A0A140T8K7
Q9Y3N9	Q7TQT8
Q9Y305	Q32MW3
Q9Y305	Q9R0X4
Q9UMR7	Q8JZX6
Q9UMR7	Q9QZ15
Q9UIL8	A6H5X4
Q9UIL8	B4XVP9
Q9UIL8	B4XVQ1
Q9UIL8	Q8BVM9
Q9UHP7	Q80XD9
Q9UHP7	Q8C1T8
Q9UHP7	Q8VI21
Q9UHP7	Q91V08
Q9UHP7	Q9D676
Q9UHP7	Q9WVF9
Q9UGF6	A2RT31
Q9UGF6	Q7TRK1
Q9NYW0	Q7M722
Q9NYW0	Q7M723
Q9NYW0	Q7M725
Q9NYW0	Q9JKT4
Q9NQM4	Q3KNI6
Q9NQM4	Q8C6P5
Q9NP55	P97361
Q9NP55	Q9CQX3
Q9HCG8	A2AK42
Q9HCG8	A2AK44
Q9HCG8	Q8C5N3
Q9H8H3	G3X9G9
Q9H8H3	Q5I0W6
Q9H8H3	Q8C6B0
Q9H3Q3	Q3ULK5
Q9H3Q3	Q6XQH0
Q9H340	A0A1B0GSF4
Q9H340	E9Q382
Q9H2W1	Q99N07
Q9H2W1	Q99N08
Q9H2W1	Q99N09
Q9H2C8	E9PZ66
Q9H2C8	F8VQI7
Q9H2C5	E9PYY2
Q9H2C5	E9Q7C5
Q9H210	E9Q725
Q9H210	Q8VG49
Q9H207	Q7TRN0
Q9H207	Q920G5
Q9GZX6	Q9JJY8
Q9GZX6	Q9JJY9
Q9GZM6	Q7TRB8
Q9GZM6	Q9EQ98
Q9GZK3	K9J6X0
Q9GZK3	Q7TQU5
Q9C000	A1Z198
Q9C000	Q2LKU9
Q9BZ81	A2A9Q9
Q9BZ81	Q14AN0
Q9BYR4	A2A4L9
Q9BYR4	B1AQA8
Q9BYR4	B1AQB0
Q9BYR4	Q3V4B7
Q9BYJ4	K7N6K2
Q9BYJ4	Q99PP6
Q9BYG8	Q2KHK6
Q9BYG8	Q3TR54
Q9BYG8	Q8CB12
Q9BYG8	Q99NB5
Q9BY78	E9PVG0
Q9BY78	Q8BUH7
Q9BWD1	Q80X81
Q9BWD1	Q8CAY6
Q9BW19	E9PUA5
Q9BW19	Q9QWT9
Q9BUE6	I3ITR1
Q9BUE6	Q9D924
Q9BSU3	Q3UX61
Q9BSU3	Q9CQX6
Q9BSK4	Q8C0T1
Q9BSK4	Q9Z2G1
Q9BQ08	Q8K426
Q9BQ08	Q99P86
Q99551	B9EJ57
Q99551	Q8CHZ9
Q99445	E9PX31
Q99445	G5E8L7
Q96S44	Q5U452
Q96S44	Q99PW4
Q96RD1	Q8VFH8
Q96RD1	Q8VGJ2
Q96RB7	A2ATE0
Q96RB7	Q7TR89
Q96R67	A2AUA4
Q96R67	Q8VEZ1
Q96R54	Q7TS02
Q96R54	Q7TS03
Q96R54	Q8VFN8
Q96R47	K9J725
Q96R47	Q8VFS5
Q96R47	Q8VFS6
Q96R08	Q8VFW9
Q96R08	Q8VFX1
Q96MN2	Q3TKR3
Q96MN2	Q66X05
Q96MN2	Q66X19
Q96MN2	Q8BU40
Q96M83	E9Q9Y3
Q96M83	Q9D541
Q96H86	E9PZQ8
Q96H86	E9QAP1
Q96H86	G3X941
Q96H86	Q8BHM7
Q96GC6	Q921B4
Q96GC6	Q923B3
Q96F15	Q8BWF2
Q96F15	Q99MI6
Q96D42	F2Z474
Q96D42	Q5QNS5
Q96D42	Q8R183
Q96D42	A0A0B4J1F6
Q96D42	F2Z474
Q96D42	Q5QNS5
Q6IEV9	A2ATJ7
Q6IEV9	A2ATJ9
Q6IEV9	Q8VGF5
Q969N4	Q5QD05
Q969N4	Q5QD06
Q969N4	Q5QD07
Q8WZ94	Q8VEZ0
Q8WZ94	Q8VG42
Q8WZ92	A0A140LJF5
Q8WZ92	Q7TRU6
Q8WZ92	Q7TRU9
Q8WZ92	Q8VEW2
Q8WZ92	Q8VEW5
Q8WZ92	Q8VEW6
Q8WZ92	Q8VF12
Q8WZ92	Q8VF65
Q8WZ92	Q8VF66
Q8WZ92	Q8VFD1
Q8WZ92	Q8VFD2
Q8WZ92	Q8VFD3
Q8WZ92	Q8VG02
Q8WZ92	Q8VG03
Q8WZ92	Q8VG04
Q8WZ92	Q8VG05
Q8WZ92	Q8VG07
Q8WZ92	Q8VG08
Q8WZ92	Q8VG09
Q8WZ92	Q8VG13
Q8WZ84	Q7TRB7
Q8WZ84	Q9EQ99
Q8WZ84	Q9EQA0
Q8WYN0	A0A0G2JFS9
Q8WYN0	Q8C9S8
Q8WYK1	Q0V8T7
Q8WYK1	Q0V8T8
Q8WYK1	Q0V8T9
Q8WXX0	A0A087WR13
Q8WXX0	A0A571BD48
Q8WXX0	E9Q0T8
Q8WW43	Q8C7N7
Q8WW43	Q9DCZ9
Q8TDQ1	Q6SJQ7
Q8TDQ1	Q8VCH2
Q8TAZ6	Q9DAC0
Q8TAZ6	Q9DAR1
Q8TAP9	J3QQ10
Q8TAP9	Q9D011
Q8NHV9	Q4TU83
Q8NHV9	Q810N8
Q8NHC7	B2RVZ1
Q8NHC7	F8VQ84
Q8NHC7	Q7TS04
Q8NHC7	Q7TS05
Q8NHC7	Q7TS07
Q8NHC7	Q7TS08
Q8NHC7	Q7TS10
Q8NH73	A0A1L1SQ65
Q8NH73	A0A1L1STD5
Q8NH72	A2AV11
Q8NH72	Q8VG58
Q8NH69	Q7TR45
Q8NH69	Q7TR48
Q8NH69	Q8VFQ8
Q8NH59	K7N6B1
Q8NH59	Q8VH20
Q8NH54	Q3SXH8
Q8NH54	Q8VGV0
Q8NH51	A0A1L1STZ9
Q8NH51	A0A1L1SUC9
Q8NH51	A2AK60
Q8NH51	Q7TR63
Q8NH51	Q7TR67
Q8NH51	Q7TR70
Q8NH51	Q8VF52
Q8NH51	Q8VGA6
Q8NH51	Q8VGS0
Q8NH51	Q8VGS7
Q8NH50	A2ARZ0
Q8NH50	Q7TR76
Q8NH48	Q7TQR2
Q8NH48	Q8VFW1
Q8NH48	Q8VFW5
Q8NH43	E9PZU2
Q8NH43	K7N5X7
Q8NH41	A2RTN7
Q8NH41	E9Q8X3
Q8NH19	A0A1L1SRZ5
Q8NH19	A0A1L1STN9
Q8NH19	A0A2I3BR64
Q8NH19	Q8VGT9
Q8NH09	A0A0U1RP76
Q8NH09	Q8VGU2
Q8NH06	B1ARL3
Q8NH06	Q7TRX0
Q8NGZ0	G5E8J1
Q8NGZ0	Q7TS53
Q8NGZ0	Q8VGL6
Q8NGY0	E9Q1L6
Q8NGY0	F8VQB1
Q8NGV0	Q60883
Q8NGV0	Q7TQT0
Q8NGV0	Q7TQT1
Q8NGV0	Q8VFA3
Q8NGV0	Q8VFA4
Q8NGV0	Q8VFA6
Q8NGV0	Q8VFA7
Q8NGS0	Q8VGK0
Q8NGS0	Q8VGK1
Q8NGQ6	Q7TQQ2
Q8NGQ6	Q8VG65
Q8NGQ6	Q8VG66
Q8NGQ4	Q8VEZ5
Q8NGQ4	Q8VGP8
Q8NGP4	A2ATE5
Q8NGP4	Q8VFK5
Q8NGP3	A0A1L1ST14
Q8NGP3	Q7TR85
Q8NGN7	Q7TRA9
Q8NGN7	Q8VET5
Q8NGN7	Q9EQ84
Q8NGM1	Q7TQZ9
Q8NGM1	Q7TR09
Q8NGL9	Q3SXJ3
Q8NGL9	Q8VF94
Q8NGL9	Q8VG21
Q8NGL3	Q7TR28
Q8NGL3	Q8VFR4
Q8NGK2	A0A1B0GSG0
Q8NGK2	E9PXN3
Q8NGI8	A0PK57
Q8NGI8	E9Q9Z6
Q8NGI8	Q7TQR7
Q8NGI8	Q7TQR9
Q8NGI8	Q8VF59
Q8NGI3	Q7TRP7
Q8NGI3	Q7TRU7
Q8NGI2	Q7TRU8
Q8NGI2	Q8VGV5
Q8NGI1	A0A1B0GSI9
Q8NGI1	Q99NH4
Q8NGI0	Q8VGW3
Q8NGI0	Q8VH00
Q8NGH8	Q7TRN8
Q8NGH8	Q8VGV1
Q8NGG7	Q60893
Q8NGG7	Q8VGE3
Q8NGG6	Q7TRE4
Q8NGG6	Q7TRE5
Q8NGG6	Q7TRE6
Q8NGG2	A3KPP7
Q8NGG2	Q8VFL9
Q8NGF9	A0A1L1SQ02
Q8NGF9	A2ATW2
Q8NGF9	Q8VEZ2
Q8NGF9	Q8VEZ3
Q8NGF8	Q8VGN8
Q8NGF8	Q8VGP3
Q8NGF8	Q7TQZ0
Q8NGF8	Q8VGP3
Q8NGF6	A0A140LHU2
Q8NGF6	Q7TQQ5
Q8NGF1	Q8VGV9
Q8NGF1	Q8VGW0
Q8NGF1	Q8VGZ2
Q8NGE7	Q8VFU6
Q8NGE7	Q8VFU7
Q8NGE2	Q7TRI6
Q8NGE2	Q8VG33
Q8NGE0	A0A2I3BRI6
Q8NGE0	E9PZS7
Q8NGD1	Q14AK5
Q8NGD1	Q8VFT5
Q8NGC9	E9PXH6
Q8NGC9	E9Q438
Q8NGC8	E9Q840
Q8NGC8	E9Q9Z0
Q8NGC4	L7N457
Q8NGC4	Q8VF72
Q8NGC3	E9PWU0
Q8NGC3	E9PZZ6
Q8NGC1	E9PV79
Q8NGC1	E9Q1P0
Q8NGC1	L7N1X7
Q8NGC1	Q7TRM0
Q8NG97	E9Q4J3
Q8NG97	Q7TRY2
Q8NG95	Q7TRG8
Q8NG95	Q7TRG9
Q8NG84	A0A0N4SVP2
Q8NG84	L7MTY4
Q8NG84	Q5NCD7
Q8NG84	Q7TRZ4
Q8NG75	Q8VES2
Q8NG75	Q8VF13
Q8NAM6	A0A1B0GRE8
Q8NAM6	A0A1B0GRH6
Q8NAM6	A0A1C7CYU6
Q8NAM6	A0A1C7CYV3
Q8NAM6	A7KBS4
Q8NAM6	E9Q3G0
Q8NAM6	Q3URS2
Q8NAM6	Q80VJ6
Q8NA77	Q99MV2
Q8NA77	Q9D5S1
Q8N7B9	A0A1D5RLM8
Q8N7B9	Q80X60
Q8N349	Q8VF05
Q8N349	Q8VGX2
Q8N104	Q7TNV8
Q8N104	Q8R2I5
A0A075B6N1	A0A0B4J1H4
A0A075B6N1	P04212
A0A075B6T8	A0A075B621
A0A075B6T8	A0A075B6B9
A0A075B6T8	A0A075B6D4
A0A075B6W5	A0A075B607
A0A075B6W5	A0A075B619
A0A075B6W5	A0A075B6B1
A0A075B6W5	A0A0G2JDF5
A0A075B6W5	A0A0G2JF94
A0A075B6X5	A0A075B626
A0A075B6X5	A0A075B648
A0A075B6X5	A0A075B6A4
A0A075B6X5	A0N8N6
A0A075B6X5	A0N8R0
A0A075B6X5	A0N8R1
A0A075B6X5	P06323
A0A0A0MS06	A0A075B5I9
A0A0A0MS06	A0A075B5J0
A0A0A0MS06	P01734
A0A0A6YYD4	A0A0B4J1H0
A0A0A6YYD4	A0A0B4J1H1
A0A0A6YYJ7	A0A075B631
A0A0A6YYJ7	A0A075B647
A0A0A6YYJ7	A0A075B685
A0A0A6YYJ7	A0A075B695
A0A0A6YYJ7	A0A0B4J1K2
A0A0A6YYJ7	A0A0G2JDP3
A0A0A6YYJ7	P01738
A0A0A6YYK7	A0A075B617
A0A0A6YYK7	A0A075B634
A0A0A6YYK7	A0A075B653
A0A0B4J241	A0A075B5Z7
A0A0B4J241	A0A075B622
A0A0B4J241	A0A075B642
A0A0B4J241	A0A075B652
A0A0B4J241	Q5R1F6
A0A0B4J249	A0A075B654
A0A0B4J249	A0A0G2JEM0
A0A0B4J249	Q5R1C3
A0A0B4J249	Q5R1I8
A0A0B4J275	A0A075B633
A0A0B4J275	Q5R1B6
A0A0B4J277	A0A075B606
A0A0B4J277	A0A075B618
A0A0B4J277	A0A075B635
A0A0B4J277	A0A075B644
A0A0B4J277	A0A075B649
A0A0B4J277	A0A075B6C9
A0A0B4J277	A0A0B4J1K3
A0A0B4J277	A0A0G2JEU8
A0A0B4J277	A0A0G2JF93
A0A0J9YXQ4	A0A140LII9
A0A0J9YXQ4	A0A140LIU8
A0A1B0GX56	A0A075B608
A0A1B0GX56	A0A075B650
A0A1B0GX56	A0A0G2JGQ7
A0A1B0GX56	Q5R1D2
A0A3B3IT45	A0A1B0GSU5
A0A3B3IT45	E9PWA8
A0A3B3IT52	A0A338P6D5
A0A3B3IT52	A0A338P6G8
A0A3B3IT52	A2BEI6
A0A3B3IT52	A2BEI8
A0A3B3IT52	A2BEJ1
A0A3B3IT52	E9Q5Z9
A0A3B3IT52	F2Z3W5
A0A3B3IT52	F2Z478
A0A3B3IT52	J3QMS7
A0A3B3IT52	Q3UTE2
A0A3B3IT52	Q5RIS0
A0A494C071	A2BG95
A0A494C071	A3KG49
A0A494C071	Q52KH6
A0A5B6	A0A0G2LB96
A0A5B6	P01736
A1A4Y4	A0A140LIF8
A1A4Y4	Q60766
A1A4Y4	Q9DCE9
A6NC42	P85965
A6NC42	Q9CQS7
A6NCI8	E9PVP9
A6NCI8	Q3V0A6
A6NCI8	Q8CDK1
A6NCI8	W4VSN8
A6NF89	Q7TRH7
A6NF89	Q7TRI2
A6NGY5	A0A1B0GST0
A6NGY5	E9PXW4
A6NGY5	Q8VG25
A6NIJ9	Q7TRH4
A6NIJ9	Q8VFU0
A6NM76	Q7TRH5
A6NM76	Q8VEX8
A6NMS3	E9Q9T3
A6NMS3	Q7TS48
A6NMS3	Q8VGQ7
A6NMZ5	Q8VFB0
A6NMZ5	Q8VG63
A6NMZ5	Q8VGN2
A6NND4	E9Q518
A6NND4	E9Q519
H7C241	A2AGU5
H7C241	A2ANA3
H7C241	B1AZQ8
H7C241	G3UW52
H7C241	Q3V0X2
H7C241	Q80ZS5
H7C241	Q9D9N2
O00584	C0HKG5
O00584	C0HKG6
O00585	P84444
O00585	P86792
O00585	P86793
O00767	P13011
O00767	P13516
O00767	Q99PL7
O14796	O35324
O14796	Q45HK4
O14879	E9PV48
O14879	Q64345
O43493	Q62313
O43493	Q62314
O43868	A2AWR5
O43868	O88627
O75452	G5E8H9
O75452	O54909
O75452	O88451
O75452	Q8CGV4
O75452	Q8K3M1
O75452	Q8K5C8
O75822	Q3UGC7
O75822	Q66JS6
O75964	J3QNM7
O75964	Q9CPQ8
O95988	P56840
O95988	P56841
O95988	P56842
O95988	P56844
O95988	P56845
P00352	O35945
P00352	P24549
P00491	P23492
P00491	Q9D8C9
P00736	Q8CFG9
P00736	Q8CG16
P00797	P00796
P00797	P06281
P00973	P11928
P00973	Q8K469
P01009	P07758
P01009	P22599
P01009	Q00896
P01009	Q00897
P01009	Q00898
P01011	D3Z450
P01011	D3Z451
P01011	P07759
P01011	P29621
P01011	Q03734
P01011	Q5I2A0
P01011	Q6P4P1
P01011	Q80X76
P01011	Q8BYY9
P01011	Q91WP6
P01040	B2RV77
P01040	L7N257
P01040	P35173
P01040	P35174
P01040	P35175
P01040	P56567
P01040	Q497J0
P01040	Q6IE28
P01040	Q8BWM3
P01040	Q9D8D6
P01042	O08677
P01042	Q6S9I3
P01308	P01325
P01308	P01326
P01615	A0A075B5K6
P01615	A0A0B4J1H6
P01880	A0A0A6YW14
P01880	P01881
P01880	P01882
P01903	P01904
P01903	P04224
P02792	P29391
P02792	P49945
P02818	P54615
P02818	P86546
P02818	P86547
P03950	P21570
P03950	Q64438
P03956	Q9EPL5
P03956	Q9EPL6
P04406	A0A1D5RLD8
P04406	P16858
P04406	S4R1W1
P06312	A0A140T8M3
P06312	A0A140T8P7
P06315	A0A075B5J9
P06315	A0A075B5K3
P06870	P00755
P06870	P00756
P06870	P00757
P06870	P04071
P06870	P07628
P06870	P15945
P06870	P15946
P06870	P15947
P06870	P15948
P06870	P15949
P06870	P36368
P06870	P36369
P06870	Q61754
P06870	Q61759
P06870	Q9JM71
P07320	P04342
P07320	Q03740
P07320	Q9CXV3
P08174	Q61475
P08174	Q61476
P09105	Q3U0A6
P09105	Q8BYM1
P09110	Q8VCH0
P09110	Q921H8
P09211	P19157
P09211	P46425
P09871	Q8CFG8
P09871	Q8CG14
P0C617	A2ARY0
P0C617	A2ARY1
P0C617	Q7TR81
P0C645	Q0VEP0
P0C645	Q9R0K4
P0C646	A0A140T8L4
P0C646	F8VPJ8
P0C646	Q8VGA1
P0CF74	A0A0G2JE99
P0CF74	P01843
P0DN81	Q8VGA9
P0DN81	Q9QZ19
P0DN81	Q9QZ20
P0DN81	Q9QZ22
P0DTL4	A0A087WQT1
P0DTL4	P05533
P0DTL4	P0CW02
P0DTL4	P0CW03
P0DTL4	P35460
P0DTL4	P35461
P0DTL4	Q9WU67
P12018	P13372
P12018	P13373
P13987	O55186
P13987	P58019
P15813	P11609
P15813	P11610
P17707	D3Z6H8
P17707	P0DMN7
P19224	K9J7B2
P19224	Q64435
P20813	A6H6J2
P20813	E9Q593
P20813	O55071
P20813	P12790
P20813	P12791
P23352	P62810
P23352	Q5SSJ1
P25090	O08790
P25090	O88536
P28068	P35737
P28068	Q31099
P30039	Q9CXN7
P30039	Q9DCG6
P30740	Q5SV42
P30740	Q8VHP7
P30740	Q9D154
P32927	P26954
P32927	P26955
P32969	A0A140T8T4
P32969	P51410
P35237	O08804
P35237	Q60854
P35237	W4VSP4
P46721	L7N264
P46721	M0QWR8
P46721	Q91YY5
P46721	Q99J94
P46721	Q9EP96
P46721	Q9QXZ6
P47881	Q8VFX6
P47881	Q8VFX7
P47881	Q8VFX8
P47914	P47915
P47914	W4VSN7
P49914	L7N466
P49914	Q9D110
P50453	F6V5V4
P50453	O08797
P50453	O08806
P50453	Q80UK5
P50453	Q8VHQ1
P50453	Q9DAV6
P51589	O54750
P51589	Q924D1
P55081	C0HKD8
P55081	C0HKD9
P56470	O54891
P56470	Q8K419
P58180	Q5SW49
P58180	Q5SW50
P61550	B2RQY6
P61550	P10404
P61550	P11370
P61550	Q3TZL0
P61604	Q64433
P61604	Q9JI95
P61626	P08905
P61626	P17897
P81172	Q80T19
P81172	Q9EQ21
Q02413	Q61495
Q02413	Q7TSF1
Q06520	A0A1B0GRF0
Q06520	B2RVI8
Q06520	D3Z1W5
Q06520	K7N6K9
Q06520	L7N245
Q06520	P50236
Q06520	P52843
Q12918	P27811
Q12918	P27812
Q12918	P27814
Q12918	Q0ZUP1
Q12918	Q8VD98
Q13075	Q9JIB3
Q13075	Q9JIB6
Q13075	Q9QUK4
Q13075	Q9QWK5
Q13075	Q9R016
Q13228	P17563
Q13228	Q63836
Q14626	P70225
Q14626	Q64385
Q14CN2	Q3UW98
Q14CN2	Q6Q473
Q16186	A0A0A6YVU8
Q16186	Q9JKV1
Q16548	O55179
Q16548	Q07440
Q16548	Q497M6
Q16763	A0A6I8MX03
Q16763	Q921J4
Q3KPI0	A0A0B4J1L0
Q3KPI0	Q78T27
Q4G0T1	A0A1B0GSB0
Q4G0T1	B3F5L4
Q562F6	J3QMK1
Q562F6	Q7TSY8
Q5JRS4	E9PWV2
Q5JRS4	Q8VGE1
Q5STR5	A0A2I3BQC3
Q5STR5	A0A2I3BR68
Q5SY80	A0A0A6YXX9
Q5SY80	P0DP43
Q5T9Z0	Q810U2
Q5T9Z0	Q8CC62
Q5TF39	E9PYY6
Q5TF39	J3QNS5
Q5TF39	Q8VCV9
Q5VUY2	B1AVU5
Q5VUY2	B1AVU7
Q9UBK7	E9Q9D5
Q9UNT1	E9Q9D5
Q9UN67	Q91Y02
Q9Y5E1	Q91Y02
Q9UN71	Q91XX5
Q9Y5G0	Q91XX5
Q9UN71	Q91XX6
Q9Y5G0	Q91XX6
Q9UN73	Q91Y14
Q9Y5H6	Q91Y14
Q9Y5F1	Q91Y01
Q9Y5F2	Q91Y01
Q17RB0	Q9D1F0
Q9BWD3	Q9D1F0
A0A024RBG1	Q8R2U6
Q9NZJ9	Q8R2U6
A0A075B6Q5	A0A075B5R1
A0A075B7E8	A0A075B5R1
A0A075B7F0	A0A075B5R1
A0A0B4J1X5	A0A075B5R1
A0A0B4J1X8	A0A075B5R1
A0A0C4DH32	A0A075B5R1
A0A0C4DH35	A0A075B5R1
A0A0C4DH42	A0A075B5R1
A0A0J9YY99	A0A075B5R1
P01762	A0A075B5R1
P01763	A0A075B5R1
P01764	A0A075B5R1
P01768	A0A075B5R1
P01772	A0A075B5R1
P01780	A0A075B5R1
P01782	A0A075B5R1
P0DP02	A0A075B5R1
P0DP03	A0A075B5R1
P0DP04	A0A075B5R1
A0A075B6R0	A0A0A6YYE8
A0A0A0MS02	A0A0A6YYE8
A0A0B4J1U4	A0A0A6YYE8
A0A0C4DH27	A0A0A6YYE8
A0A0C4DH28	A0A0A6YYE8
P03979	A0A0A6YYE8
A0A075B734	O54794
A6NL99	O54794
O14520	O54794
A0A087WSZ9	A0A087WPH8
A0A0B4J273	A0A087WPH8
A0A087WT01	A0A087WRX6
A0A0B4J276	A0A087WRX6
A0A087WTH5	P23299
P15382	P23299
A0A087X1C5	Q9JKY7
A0A1B0GTQ1	Q9JKY7
A0A2R9YJI8	Q9JKY7
P10635	Q9JKY7
A0A096LNP1	Q30KM9
P59861	Q30KM9
A0A096LP55	P99028
P07919	P99028
A0A0B4J238	A0A087WRQ3
A0A0B4J248	A0A087WRQ3
A0A0B4J2D5	Q9D172
P0DPI2	Q9D172
A0A0B4J2E0	A0A0A6YYE3
A0A1B0GX78	A0A0A6YYE3
P01733	A0A0A6YYE3
A0A0B4J2F2	Q60670
P57059	Q60670
A0A0C4DGP1	A0A0B4J1F8
P0DMW4	A0A0B4J1F8
P0DMW5	A0A0B4J1F8
A0A0J9YWL9	A0A0G2JGA3
A0A0J9YY54	A0A0G2JGA3
A0A0J9YWL9	D3YU32
A0A0J9YY54	D3YU32
A0A0K0K1C0	A0A140T8L9
A0A584	A0A140T8L9
A0A5A6	A0A140T8L9
A0A1B0GTK5	A2AI92
A0A1B0GUQ0	A2AI92
A0A1B0GV22	A2AI92
P0DP71	A2AI92
A0A1B0GTK5	B1AX35
A0A1B0GUQ0	B1AX35
A0A1B0GV22	B1AX35
P0DP71	B1AX35
A0A1B0GTL3	D3YTM9
A0A2R8Y2Y2	D3YTM9
A0A1B0GTU1	Q6NZF1
A0A8V8TLD8	Q6NZF1
O75152	Q6NZF1
P0DQW0	Q6NZF1
A0A1B0GVM2	Q921K8
A6NFQ2	Q921K8
A0A1B0GVM5	Q80SW5
P0DPP9	Q80SW5
Q3ZM63	Q80SW5
A0A1B0GVZ6	Q3UXB0
A6NDZ8	Q3UXB0
A6NE82	Q3UXB0
A6NJ08	Q3UXB0
Q8NHZ7	Q3UXB0
A0A1W2PPK0	Q8BX39
A0A1W2PPM1	Q8BX39
A0A1W2PR19	Q9D4P7
A0A1W2PRG0	Q9D4P7
A0A1W2PR95	Q61249
P78318	Q61249
A0A2R8Y747	A0A2I3BPR3
F8WCM5	A0A2I3BPR3
A0A2R8YFR7	E9Q7D5
Q12774	E9Q7D5
A0A3B3IU46	Q9CQY2
Q9BTL3	Q9CQY2
A0A494C0N9	A0A494B9C2
A0A494C0Y3	A0A494B9C2
A0A590UK10	Q6P9R4
Q6ZSZ5	Q6P9R4
A0A8I5KW96	Q9WUR9
P27144	Q9WUR9
A0A8V8TNH8	Q9D4F3
A0A8V8TPE2	Q9D4F3
A6NDY2	Q9D4F3
A6NIJ5	Q9D4F3
A6NJQ4	Q9D4F3
A6NKC0	Q9D4F3
A6NNH2	Q9D4F3
A6NNJ1	Q9D4F3
A8MWA6	Q9D4F3
A8MX19	Q9D4F3
A8MXJ8	Q9D4F3
A8MXZ1	Q9D4F3
D6RGX4	Q9D4F3
P0C7V4	Q9D4F3
P0C7W8	Q9D4F3
P0C7W9	Q9D4F3
P0C7X0	Q9D4F3
P0DV73	Q9D4F3
P0DV74	Q9D4F3
P0DV75	Q9D4F3
P0DV76	Q9D4F3
Q658T7	Q9D4F3
Q86YD7	Q9D4F3
A1L443	Q3V0C3
A6NNL0	Q3V0C3
B1AL46	Q3V0C3
Q5VT03	Q3V0C3
Q5VZR2	Q3V0C3
Q8IVF1	Q3V0C3
A3QJZ7	Q9D2F1
A6NGN4	Q9D2F1
O60810	Q9D2F1
O60813	Q9D2F1
O95522	Q9D2F1
P0DUQ1	Q9D2F1
P0DUQ2	Q9D2F1
Q5TYX0	Q9D2F1
Q5VT98	Q9D2F1
Q5VWM4	Q9D2F1
Q5VXH4	Q9D2F1
Q5VXH5	Q9D2F1
A4D256	Q6PFY9
O60729	Q6PFY9
A5D8T8	Q7TSQ1
Q6UXF7	Q7TSQ1
Q8NCF0	Q7TSQ1
A6NCE7	Q9CQV6
Q9GZQ8	Q9CQV6
A6NCF6	A2AMW4
P43358	A2AMW4
P43361	A2AMW4
P43363	A2AMW4
P43364	A2AMW4
A6NDH6	Q8VFB9
A6NHG9	Q8VFB9
A6NKK0	Q8VFB9
P0DN80	Q8VFB9
Q8NGV6	Q8VFB9
Q8NGV7	Q8VFB9
A6NF01	Q8K3Z9
A8CG34	Q8K3Z9
Q96HA1	Q8K3Z9
A6NGB0	Q9JJB1
P0C7N4	Q9JJB1
A6NGD5	B2RTN3
A6NJL1	B2RTN3
P0CG00	B2RTN3
Q9BUG6	B2RTN3
A6NGU5	Q60928
P19440	Q60928
P36268	Q60928
A6NGW2	Q8VIM6
Q7RTU9	Q8VIM6
A6NGY1	Q6P3A2
Q64ET8	Q6P3A2
Q96QU4	Q6P3A2
A6NH00	Q7TRZ7
Q8NG76	Q7TRZ7
Q8NG77	Q7TRZ7
A6NHG4	O35215
P30046	O35215
A6NI72	Q09014
A8MVU1	Q09014
P14598	Q09014
A6NJW9	P10300
P10966	P10300
A6NJZ7	Q3V0F0
A6NNM3	Q3V0F0
Q9UFD9	Q3V0F0
A6NKQ9	O09108
P01229	O09108
P0DN86	O09108
P0DN87	O09108
Q6NT52	O09108
A6NL82	Q5NC57
Q6ZVS7	Q5NC57
A6NLU0	Q8VH31
F8VTS6	Q8VH31
O75677	Q8VH31
O75678	Q8VH31
O75679	Q8VH31
A6NM03	Q9EPF8
Q9H205	Q9EPF8
A6NM10	Q8CHJ2
Q8IXF9	Q8CHJ2
A6NM11	A2A9H6
A6NMS7	A2A9H6
O60309	A2A9H6
Q96QE4	A2A9H6
A6NM43	Q80YT3
Q96SF2	Q80YT3
A6NM45	D3YXJ9
Q8N7P3	D3YXJ9
A6NM45	Q9D7U6
Q8N7P3	Q9D7U6
A6NMY6	P07356
P07355	P07356
A8K0Z3	Q8VDD8
A8MWX3	Q8VDD8
C4AMC7	Q8VDD8
Q6VEQ5	Q8VDD8
Q9NQA3	Q8VDD8
A8MPP1	Q6AXC6
Q92771	Q6AXC6
Q96FC9	Q6AXC6
A8MUM7	P97400
Q05315	P97400
Q8TCE9	P97400
Q9UHV8	P97400
A8MWL6	O55101
O43760	O55101
B0FP48	Q9D701
E5RIL1	Q9D701
B1ANY3	Q3ZN08
Q7Z4H9	Q3ZN08
B2RC85	E9PYQ0
P0C881	E9PYQ0
B2RNN3	Q4ZJN1
P0C862	Q4ZJN1
B3EWG3	Q8CF02
B3EWG5	Q8CF02
B3EWG6	Q8CF02
B4DYI2	E9QAF0
P0DKV0	E9QAF0
Q5TZJ5	E9QAF0
Q5VU36	E9QAF0
Q5VVP1	E9QAF0
Q5VYP0	E9QAF0
Q8IWB4	E9QAF0
B5ME19	Q8R1B4
Q99613	Q8R1B4
B7U540	P52187
Q14500	P52187
B7Z6K7	Q8BFS8
Q8TF45	Q8BFS8
B7ZAQ6	Q8BS95
P0CG08	Q8BS95
B9A064	P20764
P15814	P20764
C9J798	Q6PFQ7
O43374	Q6PFQ7
C9JA33	Q8BR92
Q8IXS6	Q8BR92
C9JRZ8	G5E895
O60218	G5E895
C9JRZ8	P45377
O60218	P45377
E9PQ53	Q9CQ54
O95298	Q9CQ54
F5H094	Q9JJL3
G3V0H7	Q9JJL3
Q9NPD5	Q9JJL3
Q9Y6L6	Q9JJL3
G9CGD6	Q5DU31
Q8WWN9	Q5DU31
H0Y354	Q8BFZ8
Q5TYM5	Q8BFZ8
Q6L9T8	Q8BFZ8
Q86X60	Q8BFZ8
O00182	O08573
Q3B8N2	O08573
Q6DKI2	O08573
O00220	Q9QZM4
O14763	Q9QZM4
Q9UBN6	Q9QZM4
O14581	Q9JHB2
O76100	Q9JHB2
Q8NGA2	Q9JHB2
O14843	Q3UFD7
O15529	Q3UFD7
O15389	Q920G3
Q08ET2	Q920G3
O15481	A2A9R3
P43366	A2A9R3
O43423	O35381
P39687	O35381
O43749	Q8VGB9
Q96R84	Q8VGB9
O60397	P48771
P14406	P48771
O60404	Q8VBW9
Q8NGA5	Q8VBW9
O60412	Q7TQU8
O76099	Q7TQU8
O60765	Q61751
Q96LW1	Q61751
O60765	Q9QXT9
Q96LW1	Q9QXT9
O60911	P06797
P07711	P06797
O75015	A0A0B4J1G0
P08637	A0A0B4J1G0
O75310	Q8R084
O75795	Q8R084
P06133	Q8R084
P16662	Q8R084
P36537	Q8R084
P54855	Q8R084
Q9BY64	Q8R084
O75467	Q78F42
Q6AW86	Q78F42
O75556	J3KMP9
Q13296	J3KMP9
O76001	Q8VFC2
O76002	Q8VFC2
Q9GZK6	Q8VFC2
O95013	A2AVW1
Q6IEY1	A2AVW1
O95239	P33174
Q2VIQ3	P33174
O95918	Q0VEL5
Q9GZK4	Q0VEL5
O95918	Q7TRL3
Q9GZK4	Q7TRL3
O95997	Q9CQJ7
Q9NZH4	Q9CQJ7
Q9NZH5	Q9CQJ7
P00325	P00329
P00326	P00329
P07327	P00329
P00738	Q61646
P00739	Q61646
P01023	Q6GQT1
P20742	Q6GQT1
P01241	P06880
P01242	P06880
P0DML2	P06880
P0DML3	P06880
Q14406	P06880
P01906	P01910
P01909	P01910
P02776	Q9Z126
P10720	Q9Z126
P02795	P02798
P04732	P02798
P80297	P02798
P04000	O35599
P04001	O35599
P0DN77	O35599
P0DN78	O35599
P04090	P47932
P04808	P47932
P04279	Q8BS30
Q02383	Q8BS30
P08217	P05208
P08218	P05208
P08263	P30115
P09210	P30115
Q16772	P30115
Q7RTV2	P30115
P08684	Q64464
P20815	Q64464
P24462	Q64464
P09488	Q80W21
P28161	Q80W21
P09488	P15626
P28161	P15626
Q03013	P15626
P09488	Q8R5I6
Q03013	Q8R5I6
P0C0L4	P01029
P0C0L5	P01029
P0C5J1	Q3UZW7
Q8N7N1	Q3UZW7
Q96G04	Q3UZW7
P0C7N5	Q8VGR9
Q8NH10	Q8VGR9
P0C7P4	Q9CR68
P47985	Q9CR68
P0C7Q5	Q5F297
P0C7Q6	Q5F297
Q8N808	Q5F297
Q96KT7	Q5F297
P0C7U3	Q14AK4
Q9H8X9	Q14AK4
P0CB47	Q3USZ2
P0CB48	Q3USZ2
P0CE71	P51879
P0CE72	P51879
P0CG22	Q99LB2
Q9BTZ2	Q99LB2
P0CG29	Q61133
P0CG30	Q61133
P0CG31	Q8C0E6
Q9HBT8	Q8C0E6
P0CG32	Q9CZA5
Q6PEW1	Q9CZA5
P0CG36	P97766
P0CG37	P97766
P0DI81	Q9CQP2
P0DI82	Q9CQP2
P0DJD7	Q9D106
P0DJD8	Q9D106
P0DJD9	Q9D106
P0DME0	Q9EQU5
Q01105	Q9EQU5
P0DMM9	P52840
P0DMN0	P52840
P50225	P52840
P50226	P52840
P0DMR2	Q7M742
Q8TD33	Q7M742
P0DP23	P0DP27
P0DP24	P0DP27
P0DP25	P0DP27
P0DP73	Q30KN1
P0DP74	Q30KN1
P0DPH7	P05214
P0DPH8	P05214
P0DQD5	Q61041
P50391	Q61041
P0DSN6	Q7M721
P0DTE0	Q7M721
P59537	Q7M721
P59538	Q7M721
P59539	Q7M721
P59540	Q7M721
P59541	Q7M721
P59542	Q7M721
P59543	Q7M721
P59544	Q7M721
P0DV77	G3X9U1
Q17RH7	G3X9U1
Q8N7U7	G3X9U1
P10147	P10855
P16619	P10855
P10266	P03975
P63128	P03975
P63132	P03975
P63133	P03975
P63135	P03975
P63136	P03975
Q9BXR3	P03975
Q9QC07	P03975
Q9UQG0	P03975
Q9WJR5	P03975
P10412	P43274
P16402	P43274
P11169	P32037
Q8TDB8	P32037
P13236	P14097
Q8NHW4	P14097
P13385	P51865
P51864	P51865
P13928	O35640
Q5VT79	O35640
P14207	Q05685
P41439	Q05685
P17538	Q9CR35
Q6GPI1	Q9CR35
P17927	Q64735
Q2VPA4	Q64735
P18577	Q8CF94
Q02161	Q8CF94
P20231	P21845
Q15661	P21845
P21127	P24788
Q9UQ88	P24788
P41236	Q9DCL8
Q6NXS1	Q9DCL8
Q96PQ5	Q9DCL8
P42830	P50228
P80162	P50228
P47992	P47993
Q9UBD3	P47993
P48960	Q9Z0M6
Q9UHX3	Q9Z0M6
P49019	Q9EP66
Q8TDS4	Q9EP66
P49662	P70343
P51878	P70343
P50502	Q99L47
Q8NFI4	Q99L47
P56180	G5E8H5
Q6XPS3	G5E8H5
P56381	P56382
Q5VTU8	P56382
P56851	Q8K0E4
Q14507	Q8K0E4
P60331	J3QMD1
P60369	J3QMD1
P60370	J3QMD1
P60409	J3QMD1
P60410	J3QMD1
P60411	J3QMD1
P60412	J3QMD1
P60413	J3QMD1
P69849	Q6GQT9
Q15155	Q6GQT9
Q5JPE7	Q6GQT9
P78329	Q99N16
Q08477	Q99N16
P86790	Q8C1Y8
P86791	Q8C1Y8
P98168	A2CE44
P98169	A2CE44
Q01860	P20263
Q06416	P20263
Q02505	Q3U5A2
Q9H195	Q3U5A2
Q06141	O09037
Q6UW15	O09037
Q06141	P35230
Q6UW15	P35230
Q07627	Q3V2D6
Q8IUG1	Q3V2D6
Q9BYS1	Q3V2D6
Q08648	Q3UW43
Q6PDA7	Q3UW43
Q08AH3	Q8K0L3
Q68CK6	Q8K0L3
Q08AN1	E9Q459
Q96SE7	E9Q459
Q9H7R5	E9Q459
Q9HCG1	E9Q459
Q12950	Q60688
Q3SYB3	Q60688
Q5VV16	Q60688
Q6VB84	Q60688
Q8WXT5	Q60688
Q9NU39	Q60688
Q13342	Q6NSQ5
Q9H930	Q6NSQ5
Q13888	Q9JIB4
Q6P1K8	Q9JIB4
Q14129	O35347
Q9BY27	O35347
Q15695	Q64707
Q15696	Q64707
Q1AE95	Q9JJB9
Q8IXX5	Q9JJB9
Q3LFD5	Q9WTV6
Q9UMW8	Q9WTV6
Q3SY17	Q5HZI9
Q9H1U9	Q5HZI9
Q4V339	Q8VEH6
Q5JTY5	Q8VEH6
Q5RIA9	Q8VEH6
Q8IUF1	Q8VEH6
Q9BRT8	Q8VEH6
Q52M93	P10077
Q6P3V2	P10077
Q5BKT4	Q3UGP8
Q5I7T1	Q3UGP8
Q5JX69	A2APA5
Q5JX71	A2APA5
Q5T9A4	Q925I1
Q9NVI7	Q925I1
Q5TAP6	Q640M1
Q9BVJ6	Q640M1
Q5W188	Q9Z0H6
Q9H4G1	Q9Z0H6
Q641Q2	Q6PGL7
Q9Y4E1	Q6PGL7
Q6B9Z1	Q6B9Z0
Q6UWQ7	Q6B9Z0
Q6UXB1	Q6B9Z0
Q6EKJ0	Q99NI3
Q86UP8	Q99NI3
Q6GTX8	Q8BG84
Q6ISS4	Q8BG84
Q6IE36	Q3UU35
Q6IE37	Q3UU35
Q6IF00	A0A0U1RQ01
Q8NGX2	A0A0U1RQ01
Q6IF82	Q8VGP1
Q8NGN8	Q8VGP1
Q6NSW5	Q9D8N2
Q8TCE6	Q9D8N2
Q6NSW7	Q80Z64
Q8N7R0	Q80Z64
Q9H9S0	Q80Z64
Q6NUM6	Q8BJM7
Q9NV66	Q8BJM7
Q6NZ67	Q9CQ25
Q6P582	Q9CQ25
Q6P1Q9	Q8BMK1
Q96IZ6	Q8BMK1
Q6P2I3	Q3TC72
Q96GK7	Q3TC72
Q6P3X8	E9Q492
Q96JS3	E9Q492
Q6UWQ5	Q9CPX3
Q7Z4W2	Q9CPX3
Q6ZT62	P55194
Q9Y3L3	P55194
Q7KYR7	A4QPC6
Q8WVV5	A4QPC6
Q96KV6	A4QPC6
Q7Z5H5	Q8R296
Q8NFZ6	Q8R296
Q8IUB3	Q3V2J9
Q9H1F0	Q3V2J9
Q8IUX4	Q99J72
Q96AK3	Q99J72
Q9NRW3	Q99J72
Q9UH17	Q99J72
Q8IWL1	P35242
Q8IWL2	P35242
Q8IYS8	Q5SQY2
Q96IK1	Q5SQY2
Q8N831	O88852
Q9H0U9	O88852
Q8NEA9	Q920G9
Q96IK5	Q920G9
Q8NG80	Q8VGJ5
Q8NG85	Q8VGJ5
Q8NGY9	Q8VGJ5
Q8NH16	Q8VGJ5
Q8NG99	Q7TRG2
Q8NGA0	Q7TRG2
Q8NG99	Q8VGG6
Q8NGA0	Q8VGG6
Q8NGB6	Q8VFT4
Q8NGD0	Q8VFT4
Q8NGH6	A0A1L1SVG7
Q8NGH7	A0A1L1SVG7
Q8NGK6	E9Q549
Q8NH67	E9Q549
Q8NGL0	A2AVC4
Q8NGL2	A2AVC4
Q8NGQ3	B9EHG2
Q8NH92	B9EHG2
Q8NGS1	Q8VFP8
Q8NGS2	Q8VFP8
Q8TE69	Q9D1F3
Q96DE9	Q9D1F3
Q8WX94	Q4PLS0
Q9NX02	Q4PLS0
Q969J2	Q91VW9
Q9BRR0	Q91VW9
Q96AQ1	E9Q9U8
Q96LY2	E9Q9U8
Q96EF9	Q9D2X8
Q96K31	Q9D2X8
Q96HT8	Q9CQL7
Q9Y605	Q9CQL7
Q96LA5	Q68SN8
Q96LA6	Q68SN8
Q96LA5	Q8R4Y0
Q96LA6	Q8R4Y0
Q96LC7	Q80ZE3
Q96RL6	Q80ZE3
Q96NU0	E9PY62
Q9BZ76	E9PY62
Q96PQ1	Q91Y57
Q9NYZ4	Q91Y57
Q9Y286	Q91Y57
Q9Y336	Q91Y57
Q9BQS2	Q8C6N3
X6R8R1	Q8C6N3
Q9BS92	Q9CQE1
Q9UFN0	Q9CQE1
Q9BZA7	F6ZNL5
Q9BZA8	F6ZNL5
Q9BZX4	Q9ESG2
Q9HAT0	Q9ESG2
Q9GZS9	Q9QUP4
Q9GZX3	Q9QUP4
Q9H2X3	Q8CJ91
Q9NNX6	Q8CJ91
Q9HAB3	Q9D8F3
Q9NWF4	Q9D8F3
Q9NRJ7	Q91Y03
Q9UN66	Q91Y03
Q9Y5F0	Q91Y03
Q9NRJ7	Q91VD8
Q9Y5E6	Q91VD8
Q9Y5E7	Q91VD8
Q9NRJ7	Q91XZ7
Q9Y5E6	Q91XZ7
Q9Y5E7	Q91XZ7
Q9NRJ7	Q91Y00
Q9Y5E6	Q91Y00
Q9Y5E7	Q91Y00
A0A075B7D0	P01748
A0A075B7D0	P03980
A0A075B7D0	A0A075B5X5
A0A075B7D0	A0A075B5T4
A0A075B7D0	A0A075B5X3
A0A075B7D0	P06327
A0A075B7D0	A0A075B5Y1
A0A075B7D0	A0A075B5W5
A0A075B7D0	A0A075B5V0
A0A075B7D0	P01749
A0A075B7D0	A0A075B5W6
A0A075B7D0	A0A075B5W1
A0A075B7D0	A0A075B5T9
A0A075B7D0	P06328
A0A075B7D0	A0A075B5U7
A0A075B7D0	P01754
A0A075B7D0	P01750
A0A075B7D0	A0A075B5W2
A0A075B7D0	A0A075B5X2
A0A075B7D0	A0A075B5Y2
A0A075B7D0	A0A075B5Y6
A0A075B7D0	P01746
A0A075B7D0	A0A075B5V5
A0A075B7D0	P01753
A0A075B7D0	A0A075B5V2
A0A075B7D0	P01758
A0A075B7D0	A0A075B5W3
A0A075B7D0	A0A075B5X0
A0A075B7D0	A0A075B5X7
A0A075B7D0	A0A075B5U5
A0A075B7D0	A0A075B5T7
A0A0A0MS14	P01748
A0A0A0MS14	P03980
A0A0A0MS14	A0A075B5X5
A0A0A0MS14	A0A075B5T4
A0A0A0MS14	A0A075B5X3
A0A0A0MS14	P06327
A0A0A0MS14	A0A075B5Y1
A0A0A0MS14	A0A075B5W5
A0A0A0MS14	A0A075B5V0
A0A0A0MS14	P01749
A0A0A0MS14	A0A075B5W6
A0A0A0MS14	A0A075B5W1
A0A0A0MS14	A0A075B5T9
A0A0A0MS14	P06328
A0A0A0MS14	A0A075B5U7
A0A0A0MS14	P01754
A0A0A0MS14	P01750
A0A0A0MS14	A0A075B5W2
A0A0A0MS14	A0A075B5X2
A0A0A0MS14	A0A075B5Y2
A0A0A0MS14	A0A075B5Y6
A0A0A0MS14	P01746
A0A0A0MS14	A0A075B5V5
A0A0A0MS14	P01753
A0A0A0MS14	A0A075B5V2
A0A0A0MS14	P01758
A0A0A0MS14	A0A075B5W3
A0A0A0MS14	A0A075B5X0
A0A0A0MS14	A0A075B5X7
A0A0A0MS14	A0A075B5U5
A0A0A0MS14	A0A075B5T7
A0A0B4J2H0	P01748
A0A0B4J2H0	P03980
A0A0B4J2H0	A0A075B5X5
A0A0B4J2H0	A0A075B5T4
A0A0B4J2H0	A0A075B5X3
A0A0B4J2H0	P06327
A0A0B4J2H0	A0A075B5Y1
A0A0B4J2H0	A0A075B5W5
A0A0B4J2H0	A0A075B5V0
A0A0B4J2H0	P01749
A0A0B4J2H0	A0A075B5W6
A0A0B4J2H0	A0A075B5W1
A0A0B4J2H0	A0A075B5T9
A0A0B4J2H0	P06328
A0A0B4J2H0	A0A075B5U7
A0A0B4J2H0	P01754
A0A0B4J2H0	P01750
A0A0B4J2H0	A0A075B5W2
A0A0B4J2H0	A0A075B5X2
A0A0B4J2H0	A0A075B5Y2
A0A0B4J2H0	A0A075B5Y6
A0A0B4J2H0	P01746
A0A0B4J2H0	A0A075B5V5
A0A0B4J2H0	P01753
A0A0B4J2H0	A0A075B5V2
A0A0B4J2H0	P01758
A0A0B4J2H0	A0A075B5W3
A0A0B4J2H0	A0A075B5X0
A0A0B4J2H0	A0A075B5X7
A0A0B4J2H0	A0A075B5U5
A0A0B4J2H0	A0A075B5T7
P0DP01	P01748
P0DP01	P03980
P0DP01	A0A075B5X5
P0DP01	A0A075B5T4
P0DP01	A0A075B5X3
P0DP01	P06327
P0DP01	A0A075B5Y1
P0DP01	A0A075B5W5
P0DP01	A0A075B5V0
P0DP01	P01749
P0DP01	A0A075B5W6
P0DP01	A0A075B5W1
P0DP01	A0A075B5T9
P0DP01	P06328
P0DP01	A0A075B5U7
P0DP01	P01754
P0DP01	P01750
P0DP01	A0A075B5W2
P0DP01	A0A075B5X2
P0DP01	A0A075B5Y2
P0DP01	A0A075B5Y6
P0DP01	P01746
P0DP01	A0A075B5V5
P0DP01	P01753
P0DP01	A0A075B5V2
P0DP01	P01758
P0DP01	A0A075B5W3
P0DP01	A0A075B5X0
P0DP01	A0A075B5X7
P0DP01	A0A075B5U5
P0DP01	A0A075B5T7
A0A0G2JMI3	P01748
A0A0G2JMI3	P03980
A0A0G2JMI3	A0A075B5X5
A0A0G2JMI3	A0A075B5T4
A0A0G2JMI3	A0A075B5X3
A0A0G2JMI3	P06327
A0A0G2JMI3	A0A075B5Y1
A0A0G2JMI3	A0A075B5W5
A0A0G2JMI3	A0A075B5V0
A0A0G2JMI3	P01749
A0A0G2JMI3	A0A075B5W6
A0A0G2JMI3	A0A075B5W1
A0A0G2JMI3	A0A075B5T9
A0A0G2JMI3	P06328
A0A0G2JMI3	A0A075B5U7
A0A0G2JMI3	P01754
A0A0G2JMI3	P01750
A0A0G2JMI3	A0A075B5W2
A0A0G2JMI3	A0A075B5X2
A0A0G2JMI3	A0A075B5Y2
A0A0G2JMI3	A0A075B5Y6
A0A0G2JMI3	P01746
A0A0G2JMI3	A0A075B5V5
A0A0G2JMI3	P01753
A0A0G2JMI3	A0A075B5V2
A0A0G2JMI3	P01758
A0A0G2JMI3	A0A075B5W3
A0A0G2JMI3	A0A075B5X0
A0A0G2JMI3	A0A075B5X7
A0A0G2JMI3	A0A075B5U5
A0A0G2JMI3	A0A075B5T7
P01742	P01748
P01742	P03980
P01742	A0A075B5X5
P01742	A0A075B5T4
P01742	A0A075B5X3
P01742	P06327
P01742	A0A075B5Y1
P01742	A0A075B5W5
P01742	A0A075B5V0
P01742	P01749
P01742	A0A075B5W6
P01742	A0A075B5W1
P01742	A0A075B5T9
P01742	P06328
P01742	A0A075B5U7
P01742	P01754
P01742	P01750
P01742	A0A075B5W2
P01742	A0A075B5X2
P01742	A0A075B5Y2
P01742	A0A075B5Y6
P01742	P01746
P01742	A0A075B5V5
P01742	P01753
P01742	A0A075B5V2
P01742	P01758
P01742	A0A075B5W3
P01742	A0A075B5X0
P01742	A0A075B5X7
P01742	A0A075B5U5
P01742	A0A075B5T7
A0A0C4DH33	P01748
A0A0C4DH33	P03980
A0A0C4DH33	A0A075B5X5
A0A0C4DH33	A0A075B5T4
A0A0C4DH33	A0A075B5X3
A0A0C4DH33	P06327
A0A0C4DH33	A0A075B5Y1
A0A0C4DH33	A0A075B5W5
A0A0C4DH33	A0A075B5V0
A0A0C4DH33	P01749
A0A0C4DH33	A0A075B5W6
A0A0C4DH33	A0A075B5W1
A0A0C4DH33	A0A075B5T9
A0A0C4DH33	P06328
A0A0C4DH33	A0A075B5U7
A0A0C4DH33	P01754
A0A0C4DH33	P01750
A0A0C4DH33	A0A075B5W2
A0A0C4DH33	A0A075B5X2
A0A0C4DH33	A0A075B5Y2
A0A0C4DH33	A0A075B5Y6
A0A0C4DH33	P01746
A0A0C4DH33	A0A075B5V5
A0A0C4DH33	P01753
A0A0C4DH33	A0A075B5V2
A0A0C4DH33	P01758
A0A0C4DH33	A0A075B5W3
A0A0C4DH33	A0A075B5X0
A0A0C4DH33	A0A075B5X7
A0A0C4DH33	A0A075B5U5
A0A0C4DH33	A0A075B5T7
A0A0C4DH29	P01748
A0A0C4DH29	P03980
A0A0C4DH29	A0A075B5X5
A0A0C4DH29	A0A075B5T4
A0A0C4DH29	A0A075B5X3
A0A0C4DH29	P06327
A0A0C4DH29	A0A075B5Y1
A0A0C4DH29	A0A075B5W5
A0A0C4DH29	A0A075B5V0
A0A0C4DH29	P01749
A0A0C4DH29	A0A075B5W6
A0A0C4DH29	A0A075B5W1
A0A0C4DH29	A0A075B5T9
A0A0C4DH29	P06328
A0A0C4DH29	A0A075B5U7
A0A0C4DH29	P01754
A0A0C4DH29	P01750
A0A0C4DH29	A0A075B5W2
A0A0C4DH29	A0A075B5X2
A0A0C4DH29	A0A075B5Y2
A0A0C4DH29	A0A075B5Y6
A0A0C4DH29	P01746
A0A0C4DH29	A0A075B5V5
A0A0C4DH29	P01753
A0A0C4DH29	A0A075B5V2
A0A0C4DH29	P01758
A0A0C4DH29	A0A075B5W3
A0A0C4DH29	A0A075B5X0
A0A0C4DH29	A0A075B5X7
A0A0C4DH29	A0A075B5U5
A0A0C4DH29	A0A075B5T7
P23083	P01748
P23083	P03980
P23083	A0A075B5X5
P23083	A0A075B5T4
P23083	A0A075B5X3
P23083	P06327
P23083	A0A075B5Y1
P23083	A0A075B5W5
P23083	A0A075B5V0
P23083	P01749
P23083	A0A075B5W6
P23083	A0A075B5W1
P23083	A0A075B5T9
P23083	P06328
P23083	A0A075B5U7
P23083	P01754
P23083	P01750
P23083	A0A075B5W2
P23083	A0A075B5X2
P23083	A0A075B5Y2
P23083	A0A075B5Y6
P23083	P01746
P23083	A0A075B5V5
P23083	P01753
P23083	A0A075B5V2
P23083	P01758
P23083	A0A075B5W3
P23083	A0A075B5X0
P23083	A0A075B5X7
P23083	A0A075B5U5
P23083	A0A075B5T7
A0A087WYE8	P01748
A0A087WYE8	P03980
A0A087WYE8	A0A075B5X5
A0A087WYE8	A0A075B5T4
A0A087WYE8	A0A075B5X3
A0A087WYE8	P06327
A0A087WYE8	A0A075B5Y1
A0A087WYE8	A0A075B5W5
A0A087WYE8	A0A075B5V0
A0A087WYE8	P01749
A0A087WYE8	A0A075B5W6
A0A087WYE8	A0A075B5W1
A0A087WYE8	A0A075B5T9
A0A087WYE8	P06328
A0A087WYE8	A0A075B5U7
A0A087WYE8	P01754
A0A087WYE8	P01750
A0A087WYE8	A0A075B5W2
A0A087WYE8	A0A075B5X2
A0A087WYE8	A0A075B5Y2
A0A087WYE8	A0A075B5Y6
A0A087WYE8	P01746
A0A087WYE8	A0A075B5V5
A0A087WYE8	P01753
A0A087WYE8	A0A075B5V2
A0A087WYE8	P01758
A0A087WYE8	A0A075B5W3
A0A087WYE8	A0A075B5X0
A0A087WYE8	A0A075B5X7
A0A087WYE8	A0A075B5U5
A0A087WYE8	A0A075B5T7
P01743	P01748
P01743	P03980
P01743	A0A075B5X5
P01743	A0A075B5T4
P01743	A0A075B5X3
P01743	P06327
P01743	A0A075B5Y1
P01743	A0A075B5W5
P01743	A0A075B5V0
P01743	P01749
P01743	A0A075B5W6
P01743	A0A075B5W1
P01743	A0A075B5T9
P01743	P06328
P01743	A0A075B5U7
P01743	P01754
P01743	P01750
P01743	A0A075B5W2
P01743	A0A075B5X2
P01743	A0A075B5Y2
P01743	A0A075B5Y6
P01743	P01746
P01743	A0A075B5V5
P01743	P01753
P01743	A0A075B5V2
P01743	P01758
P01743	A0A075B5W3
P01743	A0A075B5X0
P01743	A0A075B5X7
P01743	A0A075B5U5
P01743	A0A075B5T7
A0A0J9YVY3	P01748
A0A0J9YVY3	P03980
A0A0J9YVY3	A0A075B5X5
A0A0J9YVY3	A0A075B5T4
A0A0J9YVY3	A0A075B5X3
A0A0J9YVY3	P06327
A0A0J9YVY3	A0A075B5Y1
A0A0J9YVY3	A0A075B5W5
A0A0J9YVY3	A0A075B5V0
A0A0J9YVY3	P01749
A0A0J9YVY3	A0A075B5W6
A0A0J9YVY3	A0A075B5W1
A0A0J9YVY3	A0A075B5T9
A0A0J9YVY3	P06328
A0A0J9YVY3	A0A075B5U7
A0A0J9YVY3	P01754
A0A0J9YVY3	P01750
A0A0J9YVY3	A0A075B5W2
A0A0J9YVY3	A0A075B5X2
A0A0J9YVY3	A0A075B5Y2
A0A0J9YVY3	A0A075B5Y6
A0A0J9YVY3	P01746
A0A0J9YVY3	A0A075B5V5
A0A0J9YVY3	P01753
A0A0J9YVY3	A0A075B5V2
A0A0J9YVY3	P01758
A0A0J9YVY3	A0A075B5W3
A0A0J9YVY3	A0A075B5X0
A0A0J9YVY3	A0A075B5X7
A0A0J9YVY3	A0A075B5U5
A0A0J9YVY3	A0A075B5T7
Q9UN72	Q91Y13
Q9UN72	Q91Y12
Q9Y5H5	Q91Y13
Q9Y5H5	Q91Y12
Q9UKJ1	Q2YFS1
Q9UKJ1	Q2YFS3
Q9UKJ1	Q2YFS2
Q9UKJ0	Q2YFS1
Q9UKJ0	Q2YFS3
Q9UKJ0	Q2YFS2
Q9UHF3	Q9QXS8
Q9UHF3	Q8CHQ9
Q9UHF3	Q9JIY7
Q9UHF3	Q9JIZ0
Q9UHF3	E0CYC6
Q9UHF3	G5E8L3
Q9UHE5	Q9QXS8
Q9UHE5	Q8CHQ9
Q9UHE5	Q9JIY7
Q9UHE5	Q9JIZ0
Q9UHE5	E0CYC6
Q9UHE5	G5E8L3
Q9UGN4	Q6SJQ0
Q9UGN4	Q7TSN2
Q08708	Q6SJQ0
Q08708	Q7TSN2
Q9UGN4	A2A7V7
Q9UGN4	Q7TSN2
Q08708	A2A7V7
Q08708	Q7TSN2
Q9P1Q5	Q7TRX2
Q9P1Q5	Q7TRX1
Q9Y585	Q7TRX2
Q9Y585	Q7TRX1
Q9N2J8	Q8BI41
Q9N2J8	Q5G5D5
Q9N2K0	Q8BI41
Q9N2K0	Q5G5D5
Q9HAW8	Q62452
Q9HAW8	D3Z748
Q9HAW8	Q6ZQM8
O60656	Q62452
O60656	D3Z748
O60656	Q6ZQM8
Q9HAW9	Q62452
Q9HAW9	D3Z748
Q9HAW9	Q6ZQM8
Q9HAW7	Q62452
Q9HAW7	D3Z748
Q9HAW7	Q6ZQM8
Q9BZM4	O08602
Q9BZM4	O08604
Q9BZM4	Q9JI58
Q9BZM4	O08603
Q9BZM4	Q9CZQ6
Q6H3X3	O08602
Q6H3X3	O08604
Q6H3X3	Q9JI58
Q6H3X3	O08603
Q6H3X3	Q9CZQ6
Q9BZM5	O08602
Q9BZM5	O08604
Q9BZM5	Q9JI58
Q9BZM5	O08603
Q9BZM5	Q9CZQ6
Q8TD07	O08602
Q8TD07	O08604
Q8TD07	Q9JI58
Q8TD07	O08603
Q8TD07	Q9CZQ6
Q9BZM6	O08602
Q9BZM6	O08604
Q9BZM6	Q9JI58
Q9BZM6	O08603
Q9BZM6	Q9CZQ6
Q5VY80	O08602
Q5VY80	O08604
Q5VY80	Q9JI58
Q5VY80	O08603
Q5VY80	Q9CZQ6
Q9BYR9	Q9D3H4
Q9BYR9	A0PK51
Q9BYU5	Q9D3H4
Q9BYU5	A0PK51
Q9BYT5	Q9D3H4
Q9BYT5	A0PK51
P0C7H8	Q9D3H4
P0C7H8	A0PK51
Q9BYR6	Q9D7P0
Q9BYR6	Q9D638
Q9BYR7	Q9D7P0
Q9BYR7	Q9D638
Q9BYQ0	A2A4M2
Q9BYQ0	Q64526
Q9BYQ3	A2A4M2
Q9BYQ3	Q64526
Q9BYQ2	A2A4M2
Q9BYQ2	Q64526
A8MVA2	A2A4M2
A8MVA2	Q64526
Q9BYQ4	A2A4M2
Q9BYQ4	Q64526
A0A140TA67	A2A4M2
A0A140TA67	Q64526
A8MXZ3	A2A4M2
A8MXZ3	Q64526
A8MTY7	A2A4M2
A8MTY7	Q64526
Q9BYP9	A2A4M2
Q9BYP9	Q64526
Q9BXY8	Q9WTZ8
Q9BXY8	Q9R224
Q9HBH7	Q9WTZ8
Q9HBH7	Q9R224
Q9BPW4	B2RT54
Q9BPW4	Q3UZ24
Q9BPW4	B1AQP7
Q9BPW4	A2VDH7
Q9BPW4	Q8C6E1
O95236	B2RT54
O95236	Q3UZ24
O95236	B1AQP7
O95236	A2VDH7
O95236	Q8C6E1
O14791	B2RT54
O14791	Q3UZ24
O14791	B1AQP7
O14791	A2VDH7
O14791	Q8C6E1
Q96RD0	E9PVZ7
Q96RD0	Q60886
Q8NGG8	E9PVZ7
Q8NGG8	Q60886
Q96R69	A0A286YE47
Q96R69	A0A288CFY5
Q96R69	A0A1L1SVB5
Q8NH21	A0A286YE47
Q8NH21	A0A288CFY5
Q8NH21	A0A1L1SVB5
Q8NGA8	A0A286YE47
Q8NGA8	A0A288CFY5
Q8NGA8	A0A1L1SVB5
Q96PP9	Q91Z40
Q96PP9	Q61107
Q8N8V2	Q91Z40
Q8N8V2	Q61107
Q96LA9	Q3KNA1
Q96LA9	Q3UG50
Q96LA9	Q3UG61
Q96LB1	Q3KNA1
Q96LB1	Q3UG50
Q96LB1	Q3UG61
Q96LB0	Q3KNA1
Q96LB0	Q3UG50
Q96LB0	Q3UG61
Q96LB2	Q3KNA1
Q96LB2	Q3UG50
Q96LB2	Q3UG61
Q8WWU7	Q80ZA0
Q8WWU7	O88310
Q8WWA0	Q80ZA0
Q8WWA0	O88310
Q8TD46	Q6XJV6
Q8TD46	Q9ES57
Q8TD46	Q8BTP3
Q8TD46	Q6XJV4
Q6Q8B3	Q6XJV6
Q6Q8B3	Q9ES57
Q6Q8B3	Q8BTP3
Q6Q8B3	Q6XJV4
Q8NHM4	Q792Y9
Q8NHM4	Q792Z1
Q8NHM4	Q792Z0
Q8NHM4	Q792Y8
Q8NHM4	P07146
Q8NHM4	Q9Z1R9
Q8NHM4	Q9R0T7
Q8NHM4	Q9QUK9
P07478	Q792Y9
P07478	Q792Z1
P07478	Q792Z0
P07478	Q792Y8
P07478	P07146
P07478	Q9Z1R9
P07478	Q9R0T7
P07478	Q9QUK9
P07477	Q792Y9
P07477	Q792Z1
P07477	Q792Z0
P07477	Q792Y8
P07477	P07146
P07477	Q9Z1R9
P07477	Q9R0T7
P07477	Q9QUK9
P35030	Q792Y9
P35030	Q792Z1
P35030	Q792Z0
P35030	Q792Y8
P35030	P07146
P35030	Q9Z1R9
P35030	Q9R0T7
P35030	Q9QUK9
Q8NHB7	E9Q8F6
Q8NHB7	E9QAT7
Q8NHB8	E9Q8F6
Q8NHB8	E9QAT7
Q8NH90	Q8VF74
Q8NH90	Q8VF73
Q8NH90	Q8VF75
Q8NH89	Q8VF74
Q8NH89	Q8VF73
Q8NH89	Q8VF75
Q8NH87	A2ASV2
Q8NH87	Q7TR95
Q8NH87	Q8VFJ7
Q8NH87	Q7TR96
P0C7N8	A2ASV2
P0C7N8	Q7TR95
P0C7N8	Q8VFJ7
P0C7N8	Q7TR96
Q8NH83	Q8VGM8
Q8NH83	Q8VG59
Q8NH83	Q7TQZ6
Q8NH83	A2AUA2
Q8NH83	A2AT78
Q8NH83	Q7TQZ3
Q8NH83	Q8VFB1
P0C604	Q8VGM8
P0C604	Q8VG59
P0C604	Q7TQZ6
P0C604	A2AUA2
P0C604	A2AT78
P0C604	Q7TQZ3
P0C604	Q8VFB1
Q8NH74	Q8VFZ5
Q8NH74	Q8VFZ4
Q8NH74	Q7TRU4
Q8NH74	Q8VEW1
P58181	Q8VFZ5
P58181	Q8VFZ4
P58181	Q7TRU4
P58181	Q8VEW1
Q8NH00	Q8VGD9
Q8NH00	Q5NCD2
Q8NH00	Q5NC44
Q8NH00	M9MMK4
Q8NH00	Q5NCD3
Q8NH00	M9MMJ7
Q8NH02	Q8VGD9
Q8NH02	Q5NCD2
Q8NH02	Q5NC44
Q8NH02	M9MMK4
Q8NH02	Q5NCD3
Q8NH02	M9MMJ7
Q6IEZ7	Q8VGD9
Q6IEZ7	Q5NCD2
Q6IEZ7	Q5NC44
Q6IEZ7	M9MMK4
Q6IEZ7	Q5NCD3
Q6IEZ7	M9MMJ7
Q8NGR2	Q8VFT2
Q8NGR2	A0A140T8Q2
Q8NGR5	Q8VFT2
Q8NGR5	A0A140T8Q2
Q8NGP2	Q7TR80
Q8NGP2	Q7TR75
Q8NGP2	Q7TR71
Q8NGG0	Q7TR80
Q8NGG0	Q7TR75
Q8NGG0	Q7TR71
Q8NGN3	Q8VH10
Q8NGN3	E9Q985
Q8NGN3	Q8VH08
Q8NGN4	Q8VH10
Q8NGN4	E9Q985
Q8NGN4	Q8VH08
Q8NGN6	Q8VH10
Q8NGN6	E9Q985
Q8NGN6	Q8VH08
Q8NG81	Q8VFA2
Q8NG81	Q8VF87
Q8NG83	Q8VFA2
Q8NG83	Q8VF87
Q96R28	Q8VFA2
Q96R28	Q8VF87
A3KFT3	Q8VFA2
A3KFT3	Q8VF87
Q8NFZ6	E9Q2N4
Q8NFZ6	E9Q0V3
Q8NFZ6	A0A3B2W3R4
Q8NFZ6	Q8R2A9
Q8NFZ6	E9PWK2
Q8NFZ6	Q8K4I0
Q8NFZ6	G5E8C1
Q8NFZ6	Q8R2A5
Q8NFZ6	Q8VIC0
Q8NFZ6	Q8R2A8
Q8NFZ6	Q8VIC1
Q8NFZ6	A2RTT5
Q8NFZ6	Q8R299
Q8NFZ6	Q8R2A7
Q7Z5H5	E9Q2N4
Q7Z5H5	E9Q0V3
Q7Z5H5	A0A3B2W3R4
Q7Z5H5	Q8R2A9
Q7Z5H5	E9PWK2
Q7Z5H5	Q8K4I0
Q7Z5H5	G5E8C1
Q7Z5H5	Q8R2A5
Q7Z5H5	Q8VIC0
Q7Z5H5	Q8R2A8
Q7Z5H5	Q8VIC1
Q7Z5H5	A2RTT5
Q7Z5H5	Q8R299
Q7Z5H5	Q8R2A7
Q8NFP7	P0C028
Q8NFP7	P0C027
Q96G61	P0C028
Q96G61	P0C027
Q8NCU7	E9Q861
Q8NCU7	Q80XU5
A6NLJ0	E9Q861
A6NLJ0	Q80XU5
Q8N4P2	A2AKQ8
Q8N4P2	Q99J38
Q8N4P2	Q9CY00
Q86WT1	A2AKQ8
Q86WT1	Q99J38
Q86WT1	Q9CY00
Q8N162	A0A1L1SUP2
Q8N162	Q8VFM1
Q8N162	Q8VG37
Q8N162	A2AVA9
Q8N146	A0A1L1SUP2
Q8N146	Q8VFM1
Q8N146	Q8VG37
Q8N146	A2AVA9
Q8NGG4	A0A1L1SUP2
Q8NGG4	Q8VFM1
Q8NGG4	Q8VG37
Q8NGG4	A2AVA9
Q8IZJ0	Q8CGK6
Q8IZJ0	Q4VK74
Q8IU54	Q8CGK6
Q8IU54	Q4VK74
Q8IZI9	Q8CGK6
Q8IZI9	Q4VK74
Q8IYM2	Q3UV66
Q8IYM2	A0A1L1STQ7
Q6IEE8	Q3UV66
Q6IEE8	A0A1L1STQ7
Q8IVM8	B2RT89
Q8IVM8	Q96LX3
Q8IVM8	Q76M72
Q8IVM8	Q8BWG6
Q8IVM8	Q8VCA0
Q6T423	B2RT89
Q6T423	Q96LX3
Q6T423	Q76M72
Q6T423	Q8BWG6
Q6T423	Q8VCA0
Q63ZE4	B2RT89
Q63ZE4	Q96LX3
Q63ZE4	Q76M72
Q63ZE4	Q8BWG6
Q63ZE4	Q8VCA0
Q86TX2	Q9QYR7
Q86TX2	Q6Q2Z6
P49753	Q9QYR7
P49753	Q6Q2Z6
Q7Z5Y6	P34821
Q7Z5Y6	P55105
P34820	P34821
P34820	P55105
Q7Z5H4	Q9EPB8
Q7Z5H4	H3BKW5
Q7Z5H4	Q9EQ41
Q7Z5H4	Q8VIC9
Q7Z5H4	Q8R2D1
Q7Z5H4	Q8VIC6
Q7Z5H4	Q8R2D9
Q7Z5H4	Q9EP51
Q7Z5H4	G5E8G1
Q7Z5H4	E9Q8T0
Q7Z5H4	Q9EQ52
Q7Z5H4	H3BJ46
Q7Z5H4	Q8VBS7
Q7Z5H4	A2RST7
Q7Z5H4	Q8R2D4
Q7Z5H4	K7N775
Q7Z5H4	Q9EQ51
Q7Z5H4	A0A494BA90
Q7Z5H4	Q9EP93
Q7Z5H4	Q8VIC7
Q7Z5H4	Q8R2C8
Q7Z5H4	Q3SXA2
Q7Z5H4	Q9EQ44
Q7Z5H4	Q9EQ47
Q7Z5H4	Q8R2D6
Q7Z5H4	Q8R2C2
Q7Z5H4	Q8R2C6
Q7Z5H4	Q8R2D3
Q7Z5H4	Q9EQ46
Q7Z5H4	Q8R2D8
Q7Z5H4	Q8R2C9
Q7Z5H4	Q8R2E6
Q7Z5H4	Q8R2D2
Q7Z5H4	B2RQT2
Q7Z5H4	Q9WUF1
Q7Z5H4	H3BLP0
Q7Z5H4	W4VSP8
Q7Z5H4	Q14C10
Q7Z5H4	Q9EQ45
Q7Z5H4	Q9EP79
Q7Z5H4	E9PVR6
Q7Z5H4	Q8R2C7
Q8TDU5	Q9EPB8
Q8TDU5	H3BKW5
Q8TDU5	Q9EQ41
Q8TDU5	Q8VIC9
Q8TDU5	Q8R2D1
Q8TDU5	Q8VIC6
Q8TDU5	Q8R2D9
Q8TDU5	Q9EP51
Q8TDU5	G5E8G1
Q8TDU5	E9Q8T0
Q8TDU5	Q9EQ52
Q8TDU5	H3BJ46
Q8TDU5	Q8VBS7
Q8TDU5	A2RST7
Q8TDU5	Q8R2D4
Q8TDU5	K7N775
Q8TDU5	Q9EQ51
Q8TDU5	A0A494BA90
Q8TDU5	Q9EP93
Q8TDU5	Q8VIC7
Q8TDU5	Q8R2C8
Q8TDU5	Q3SXA2
Q8TDU5	Q9EQ44
Q8TDU5	Q9EQ47
Q8TDU5	Q8R2D6
Q8TDU5	Q8R2C2
Q8TDU5	Q8R2C6
Q8TDU5	Q8R2D3
Q8TDU5	Q9EQ46
Q8TDU5	Q8R2D8
Q8TDU5	Q8R2C9
Q8TDU5	Q8R2E6
Q8TDU5	Q8R2D2
Q8TDU5	B2RQT2
Q8TDU5	Q9WUF1
Q8TDU5	H3BLP0
Q8TDU5	W4VSP8
Q8TDU5	Q14C10
Q8TDU5	Q9EQ45
Q8TDU5	Q9EP79
Q8TDU5	E9PVR6
Q8TDU5	Q8R2C7
Q6ZU69	C0HKD3
Q6ZU69	D3YZF6
Q6ZU69	C0HKD1
Q6ZU69	C0HKD2
Q63HN1	C0HKD3
Q63HN1	D3YZF6
Q63HN1	C0HKD1
Q63HN1	C0HKD2
Q6ZRP0	D3YWX5
Q6ZRP0	G3UW32
Q6ZRP0	Q9CWP9
Q6ZRT6	D3YWX5
Q6ZRT6	G3UW32
Q6ZRT6	Q9CWP9
A6NEV1	D3YWX5
A6NEV1	G3UW32
A6NEV1	Q9CWP9
Q6PI73	F6PZL4
Q6PI73	E9Q1Z6
Q6PI73	A0A0B4J1F3
Q6PI73	P97484
Q6PI73	F8VQ94
P59901	F6PZL4
P59901	E9Q1Z6
P59901	A0A0B4J1F3
P59901	P97484
P59901	F8VQ94
Q8N423	F6PZL4
Q8N423	E9Q1Z6
Q8N423	A0A0B4J1F3
Q8N423	P97484
Q8N423	F8VQ94
Q8NHL6	F6PZL4
Q8NHL6	E9Q1Z6
Q8NHL6	A0A0B4J1F3
Q8NHL6	P97484
Q8NHL6	F8VQ94
O75022	F6PZL4
O75022	E9Q1Z6
O75022	A0A0B4J1F3
O75022	P97484
O75022	F8VQ94
O75023	F6PZL4
O75023	E9Q1Z6
O75023	A0A0B4J1F3
O75023	P97484
O75023	F8VQ94
Q6IFH4	Q8VGU4
Q6IFH4	Q7TQS4
Q6IFH4	Q8VGU5
Q8NGW1	Q8VGU4
Q8NGW1	Q7TQS4
Q8NGW1	Q8VGU5
Q6IFG1	A0A1B0GSE1
Q6IFG1	A0A1B0GSN5
Q96RD3	A0A1B0GSE1
Q96RD3	A0A1B0GSN5
Q6IEU7	A2ASU6
Q6IEU7	L7MTT3
Q8NGP8	A2ASU6
Q8NGP8	L7MTT3
Q68D06	B1ARD8
Q68D06	B1ARD6
Q7Z7L1	B1ARD8
Q7Z7L1	B1ARD6
Q5VU92	Q8CBW4
Q5VU92	Q8BGW4
Q5VW00	Q8CBW4
Q5VW00	Q8BGW4
Q5H9L2	Q9DB24
Q5H9L2	Q8CCT4
Q5H9L2	Q8R0A5
Q969E4	Q9DB24
Q969E4	Q8CCT4
Q969E4	Q8R0A5
Q6IPX3	Q9DB24
Q6IPX3	Q8CCT4
Q6IPX3	Q8R0A5
Q4VXA5	Q3UWR2
Q4VXA5	Q4KL78
Q4VXA5	P0C7A0
Q5JSQ8	Q3UWR2
Q5JSQ8	Q4KL78
Q5JSQ8	P0C7A0
Q3SY77	Q8JZZ0
Q3SY77	Q3UP75
Q6NUS8	Q8JZZ0
Q6NUS8	Q3UP75
Q3SY46	Q8K198
Q3SY46	Q9D6S9
Q3LI77	Q8K198
Q3LI77	Q9D6S9
Q8IUC0	Q8K198
Q8IUC0	Q9D6S9
Q52LG2	Q8K198
Q52LG2	Q9D6S9
Q3LI77	Q9D6T8
Q3LI77	Q9D746
Q3LI77	O88375
Q3LI77	A0A571BEP9
Q52LG2	Q9D6T8
Q52LG2	Q9D746
Q52LG2	O88375
Q52LG2	A0A571BEP9
Q3SY46	Q9D6T8
Q3SY46	Q9D746
Q3SY46	O88375
Q3SY46	A0A571BEP9
Q8IUC0	Q9D6T8
Q8IUC0	Q9D746
Q8IUC0	O88375
Q8IUC0	A0A571BEP9
Q16696	P15392
Q16696	P20852
P11509	P15392
P11509	P20852
Q16666	D0QMC3
Q16666	P0DOV1
Q16666	Q8CGE8
Q16666	P0DOV2
P41218	D0QMC3
P41218	P0DOV1
P41218	Q8CGE8
P41218	P0DOV2
Q6K0P9	D0QMC3
Q6K0P9	P0DOV1
Q6K0P9	Q8CGE8
Q6K0P9	P0DOV2
Q16663	P51670
Q16663	P27784
P55773	P51670
P55773	P27784
Q16385	A2BI93
Q16385	Q6XAR7
Q16385	Q6XAS4
Q16385	A2AHC8
Q16385	B1AY40
Q16385	Q8C5Z3
Q16385	A2BI74
Q16385	Q9CPU1
Q16385	F6XK35
Q16385	Q6XAS3
Q16385	A2AHC7
Q16385	Q6XAS2
Q16385	A2BI73
Q7RTT5	A2BI93
Q7RTT5	Q6XAR7
Q7RTT5	Q6XAS4
Q7RTT5	A2AHC8
Q7RTT5	B1AY40
Q7RTT5	Q8C5Z3
Q7RTT5	A2BI74
Q7RTT5	Q9CPU1
Q7RTT5	F6XK35
Q7RTT5	Q6XAS3
Q7RTT5	A2AHC7
Q7RTT5	Q6XAS2
Q7RTT5	A2BI73
Q16384	A2BI93
Q16384	Q6XAR7
Q16384	Q6XAS4
Q16384	A2AHC8
Q16384	B1AY40
Q16384	Q8C5Z3
Q16384	A2BI74
Q16384	Q9CPU1
Q16384	F6XK35
Q16384	Q6XAS3
Q16384	A2AHC7
Q16384	Q6XAS2
Q16384	A2BI73
Q7RTT6	A2BI93
Q7RTT6	Q6XAR7
Q7RTT6	Q6XAS4
Q7RTT6	A2AHC8
Q7RTT6	B1AY40
Q7RTT6	Q8C5Z3
Q7RTT6	A2BI74
Q7RTT6	Q9CPU1
Q7RTT6	F6XK35
Q7RTT6	Q6XAS3
Q7RTT6	A2AHC7
Q7RTT6	Q6XAS2
Q7RTT6	A2BI73
O60224	A2BI93
O60224	Q6XAR7
O60224	Q6XAS4
O60224	A2AHC8
O60224	B1AY40
O60224	Q8C5Z3
O60224	A2BI74
O60224	Q9CPU1
O60224	F6XK35
O60224	Q6XAS3
O60224	A2AHC7
O60224	Q6XAS2
O60224	A2BI73
O60225	A2BI93
O60225	Q6XAR7
O60225	Q6XAS4
O60225	A2AHC8
O60225	B1AY40
O60225	Q8C5Z3
O60225	A2BI74
O60225	Q9CPU1
O60225	F6XK35
O60225	Q6XAS3
O60225	A2AHC7
O60225	Q6XAS2
O60225	A2BI73
Q7RTT3	A2BI93
Q7RTT3	Q6XAR7
Q7RTT3	Q6XAS4
Q7RTT3	A2AHC8
Q7RTT3	B1AY40
Q7RTT3	Q8C5Z3
Q7RTT3	A2BI74
Q7RTT3	Q9CPU1
Q7RTT3	F6XK35
Q7RTT3	Q6XAS3
Q7RTT3	A2AHC7
Q7RTT3	Q6XAS2
Q7RTT3	A2BI73
Q99909	A2BI93
Q99909	Q6XAR7
Q99909	Q6XAS4
Q99909	A2AHC8
Q99909	B1AY40
Q99909	Q8C5Z3
Q99909	A2BI74
Q99909	Q9CPU1
Q99909	F6XK35
Q99909	Q6XAS3
Q99909	A2AHC7
Q99909	Q6XAS2
Q99909	A2BI73
Q7RTT4	A2BI93
Q7RTT4	Q6XAR7
Q7RTT4	Q6XAS4
Q7RTT4	A2AHC8
Q7RTT4	B1AY40
Q7RTT4	Q8C5Z3
Q7RTT4	A2BI74
Q7RTT4	Q9CPU1
Q7RTT4	F6XK35
Q7RTT4	Q6XAS3
Q7RTT4	A2AHC7
Q7RTT4	Q6XAS2
Q7RTT4	A2BI73
Q15617	Q9EQ92
Q15617	Q9EQB5
Q15617	P34983
Q15617	Q9EQ90
Q15617	Q9EQB4
Q15617	Q9EQB8
Q8NG78	Q9EQ92
Q8NG78	Q9EQB5
Q8NG78	P34983
Q8NG78	Q9EQ90
Q8NG78	Q9EQB4
Q8NG78	Q9EQB8
Q14525	Q61765
Q14525	Q8K0Y2
Q14525	Q61897
O76009	Q61765
O76009	Q8K0Y2
O76009	Q61897
Q15323	Q61765
Q15323	Q8K0Y2
Q15323	Q61897
Q13607	Q7TRV7
Q13607	Q8VGP4
Q13607	Q7TRV8
O95006	Q7TRV7
O95006	Q8VGP4
O95006	Q7TRV8
Q08477	G3UW81
Q08477	Q99N18
Q08477	Q9EP75
P78329	G3UW81
P78329	Q99N18
P78329	Q9EP75
Q05481	B8JJX8
Q05481	Q80VN4
Q05481	Q4QQP3
A8MQ14	B8JJX8
A8MQ14	Q80VN4
A8MQ14	Q4QQP3
A8MXY4	B8JJX8
A8MXY4	Q80VN4
A8MXY4	Q4QQP3
A6NN14	B8JJX8
A6NN14	Q80VN4
A6NN14	Q4QQP3
O43345	B8JJX8
O43345	Q80VN4
O43345	Q4QQP3
Q04828	P70694
Q04828	Q8VC77
P52895	P70694
P52895	Q8VC77
P42330	P70694
P42330	Q8VC77
P17516	P70694
P17516	Q8VC77
Q02928	O88833
Q02928	F8WGU9
Q02928	A2A8T1
Q5TCH4	O88833
Q5TCH4	F8WGU9
Q5TCH4	A2A8T1
Q01629	Q99J93
Q01629	Q9CQW9
Q01628	Q99J93
Q01628	Q9CQW9
C9JQL5	Q99J93
C9JQL5	Q9CQW9
P79483	P01915
P79483	P20040
P79483	P04230
P01911	P01915
P01911	P20040
P01911	P04230
Q30154	P01915
Q30154	P20040
Q30154	P04230
P13762	P01915
P13762	P20040
P13762	P04230
P59990	J3KMP7
P59990	F7CZ33
P59990	Q9Z287
P59990	J3QK64
P59990	A0A0A0MQA4
P59991	J3KMP7
P59991	F7CZ33
P59991	Q9Z287
P59991	J3QK64
P59991	A0A0A0MQA4
P59666	Q5G864
P59666	E9QLQ1
P59666	P50716
P59666	P28309
P59666	Q8C1P2
P59666	Q45VN2
P59666	Q5G866
P59666	P50708
P59666	P28311
P59666	D3Z0J0
P59666	P50705
P59666	P50706
P59666	P50713
P59666	P28310
P59666	E9QPZ2
P59666	Q8C1N8
P59666	P50711
P59666	P28312
P59666	K9J724
P59666	Q5G865
P59666	L7N231
P59666	F2Z403
P59666	P11477
P59666	P50714
P59666	P17533
P59666	Q64016
P59666	P50712
P59666	P50707
P59666	Q64263
P59666	D3YX02
P59666	Q3L180
P59666	D3Z1V9
P59666	P50709
P59666	P50704
P59665	Q5G864
P59665	E9QLQ1
P59665	P50716
P59665	P28309
P59665	Q8C1P2
P59665	Q45VN2
P59665	Q5G866
P59665	P50708
P59665	P28311
P59665	D3Z0J0
P59665	P50705
P59665	P50706
P59665	P50713
P59665	P28310
P59665	E9QPZ2
P59665	Q8C1N8
P59665	P50711
P59665	P28312
P59665	K9J724
P59665	Q5G865
P59665	L7N231
P59665	F2Z403
P59665	P11477
P59665	P50714
P59665	P17533
P59665	Q64016
P59665	P50712
P59665	P50707
P59665	Q64263
P59665	D3YX02
P59665	Q3L180
P59665	D3Z1V9
P59665	P50709
P59665	P50704
Q01523	Q5G864
Q01523	E9QLQ1
Q01523	P50716
Q01523	P28309
Q01523	Q8C1P2
Q01523	Q45VN2
Q01523	Q5G866
Q01523	P50708
Q01523	P28311
Q01523	D3Z0J0
Q01523	P50705
Q01523	P50706
Q01523	P50713
Q01523	P28310
Q01523	E9QPZ2
Q01523	Q8C1N8
Q01523	P50711
Q01523	P28312
Q01523	K9J724
Q01523	Q5G865
Q01523	L7N231
Q01523	F2Z403
Q01523	P11477
Q01523	P50714
Q01523	P17533
Q01523	Q64016
Q01523	P50712
Q01523	P50707
Q01523	Q64263
Q01523	D3YX02
Q01523	Q3L180
Q01523	D3Z1V9
Q01523	P50709
Q01523	P50704
Q01524	Q5G864
Q01524	E9QLQ1
Q01524	P50716
Q01524	P28309
Q01524	Q8C1P2
Q01524	Q45VN2
Q01524	Q5G866
Q01524	P50708
Q01524	P28311
Q01524	D3Z0J0
Q01524	P50705
Q01524	P50706
Q01524	P50713
Q01524	P28310
Q01524	E9QPZ2
Q01524	Q8C1N8
Q01524	P50711
Q01524	P28312
Q01524	K9J724
Q01524	Q5G865
Q01524	L7N231
Q01524	F2Z403
Q01524	P11477
Q01524	P50714
Q01524	P17533
Q01524	Q64016
Q01524	P50712
Q01524	P50707
Q01524	Q64263
Q01524	D3YX02
Q01524	Q3L180
Q01524	D3Z1V9
Q01524	P50709
Q01524	P50704
P51801	Q9WUB7
P51801	Q9WUB6
P51800	Q9WUB7
P51800	Q9WUB6
P49753	Q9QYR9
P49753	O55137
Q86TX2	Q9QYR9
Q86TX2	O55137
P48594	G3X9V8
P48594	Q6UKZ0
P48594	A2RSF9
P48594	Q9D1Q5
P29508	G3X9V8
P29508	Q6UKZ0
P29508	A2RSF9
P29508	Q9D1Q5
P43361	O89009
P43361	O89012
P43361	O89006
P43361	O89010
P43361	F2Z493
P43361	Q9R2A2
P43361	Q6T340
A6NCF6	O89009
A6NCF6	O89012
A6NCF6	O89006
A6NCF6	O89010
A6NCF6	F2Z493
A6NCF6	Q9R2A2
A6NCF6	Q6T340
P43364	O89009
P43364	O89012
P43364	O89006
P43364	O89010
P43364	F2Z493
P43364	Q9R2A2
P43364	Q6T340
P43363	O89009
P43363	O89012
P43363	O89006
P43363	O89010
P43363	F2Z493
P43363	Q9R2A2
P43363	Q6T340
P43358	O89009
P43358	O89012
P43358	O89006
P43358	O89010
P43358	F2Z493
P43358	Q9R2A2
P43358	Q6T340
P40199	Q925P2
P40199	P31809
P06731	Q925P2
P06731	P31809
P13688	Q925P2
P13688	P31809
P32456	Q9Z0E6
P32456	Q01514
Q9H0R5	Q9Z0E6
Q9H0R5	Q01514
P32455	Q9Z0E6
P32455	Q01514
P31025	A2BHR0
P31025	Q8K1H9
Q9NPH6	A2BHR0
Q9NPH6	Q8K1H9
Q9NY56	A2BHR0
Q9NY56	Q8K1H9
P30953	E9Q4M1
P30953	Q7TRX9
P47887	E9Q4M1
P47887	Q7TRX9
P26717	Q9WTJ9
P26717	Q9Z202
P26717	Q9QXN7
O43908	Q9WTJ9
O43908	Q9Z202
O43908	Q9QXN7
Q07444	Q9WTJ9
Q07444	Q9Z202
Q07444	Q9QXN7
P26715	Q9WTJ9
P26715	Q9Z202
P26715	Q9QXN7
P26439	O35469
P26439	Q61767
P26439	P26150
P26439	P26149
P26439	P24815
P26439	E9Q007
P26439	Q61694
P14060	O35469
P14060	Q61767
P14060	P26150
P14060	P26149
P14060	P24815
P14060	E9Q007
P14060	Q61694
P22310	P70691
P22310	B2RT14
P35503	P70691
P35503	B2RT14
P35504	P70691
P35504	B2RT14
P19961	P00687
P19961	P00688
P0DUB6	P00687
P0DUB6	P00688
P0DTE7	P00687
P0DTE7	P00688
P04746	P00687
P04746	P00688
P0DTE8	P00687
P0DTE8	P00688
P19875	P10889
P19875	Q6W5C0
P09341	P10889
P09341	Q6W5C0
P19876	P10889
P19876	Q6W5C0
P15538	Q3TG86
P15538	P15539
P19099	Q3TG86
P19099	P15539
P12724	Q923L7
P12724	P97425
P12724	Q923L6
P12724	Q8K196
P12724	O35290
P12724	F6YUX7
P12724	O35292
P12724	P97426
P12724	O35291
P10153	Q923L7
P10153	P97425
P10153	Q923L6
P10153	Q8K196
P10153	O35290
P10153	F6YUX7
P10153	O35292
P10153	P97426
P10153	O35291
P12318	P08508
P12318	P08101
P31995	P08508
P31995	P08101
P31994	P08508
P31994	P08101
P11712	Q91X77
P11712	P56654
P11712	P56655
P11712	P56656
P11712	Q64458
P33260	Q91X77
P33260	P56654
P33260	P56655
P33260	P56656
P33260	Q64458
P33261	Q91X77
P33261	P56654
P33261	P56655
P33261	P56656
P33261	Q64458
P0DX04	A2AF33
P0DX04	A2AF31
P0CG34	A2AF33
P0CG34	A2AF31
P0CG35	A2AF33
P0CG35	A2AF31
P0DUD4	Q8CDE8
P0DUD4	Q5IBH6
P0DTA3	Q8CDE8
P0DTA3	Q5IBH6
A0A494C191	Q8CDE8
A0A494C191	Q5IBH6
A0A494C0Z2	Q8CDE8
A0A494C0Z2	Q5IBH6
P0DUD1	Q8CDE8
P0DUD1	Q5IBH6
P0DUD3	Q8CDE8
P0DUD3	Q5IBH6
P0DUX1	Q8CDE8
P0DUX1	Q5IBH6
P0DUX0	Q8CDE8
P0DUX0	Q5IBH6
A6NLX3	Q8CDE8
A6NLX3	Q5IBH6
P0DUD2	Q8CDE8
P0DUD2	Q5IBH6
P0DTU4	P01852
P0DTU4	A0A075B5J4
P0DTU4	A0A075B5J3
P0DTU4	P01851
P01850	P01852
P01850	A0A075B5J4
P01850	A0A075B5J3
P01850	P01851
A0A5B9	P01852
A0A5B9	A0A075B5J4
A0A5B9	A0A075B5J3
A0A5B9	P01851
P0DN82	Q920Z0
P0DN82	A0A2I3BRX0
P0DN82	Q920Y8
P0DN82	B2RT33
P58182	Q920Z0
P58182	A0A2I3BRX0
P58182	Q920Y8
P58182	B2RT33
P0DMV8	Q61696
P0DMV8	P17879
P0DMV9	Q61696
P0DMV9	P17879
P0DMU2	Q8VFN5
P0DMU2	Q9EQ96
Q6IF36	Q8VFN5
Q6IF36	Q9EQ96
P0DJI8	P05366
P0DJI8	P05367
P0DJI9	P05366
P0DJI9	P05367
P0CF51	P06334
P0CF51	A0A075B5Z2
P0CF51	P03985
P0CF51	L7N479
P0CF51	P01853
P0CF51	A0A075B5Z0
P03986	P06334
P03986	A0A075B5Z2
P03986	P03985
P03986	L7N479
P03986	P01853
P03986	A0A075B5Z0
P0C874	E9QA35
P0C874	E9QA57
Q6ZQQ2	E9QA35
Q6ZQQ2	E9QA57
Q6ZUB0	E9QA35
Q6ZUB0	E9QA57
P09923	F8VPQ6
P09923	P24822
P10696	F8VPQ6
P10696	P24822
P05187	F8VPQ6
P05187	P24822
P09914	Q64282
P09914	D3Z6F0
P09914	Q3U687
Q5T764	Q64282
Q5T764	D3Z6F0
Q5T764	Q3U687
P09210	P13745
P09210	E9Q6L7
P09210	Q6P8Q0
P09210	P10648
Q7RTV2	P13745
Q7RTV2	E9Q6L7
Q7RTV2	Q6P8Q0
Q7RTV2	P10648
Q16772	P13745
Q16772	E9Q6L7
Q16772	Q6P8Q0
Q16772	P10648
P08263	P13745
P08263	E9Q6L7
P08263	Q6P8Q0
P08263	P10648
P09093	A2A9U8
P09093	Q9CQ52
P08861	A2A9U8
P08861	Q9CQ52
P06310	A0A0B4J1H8
P06310	A0A0B4J1H9
P06310	A0A0B4J1H7
P06310	A0A140T8M8
A2NJV5	A0A0B4J1H8
A2NJV5	A0A0B4J1H9
A2NJV5	A0A0B4J1H7
A2NJV5	A0A140T8M8
A0A075B6S6	A0A0B4J1H8
A0A075B6S6	A0A0B4J1H9
A0A075B6S6	A0A0B4J1H7
A0A075B6S6	A0A140T8M8
A0A075B6S2	A0A0B4J1H8
A0A075B6S2	A0A0B4J1H9
A0A075B6S2	A0A0B4J1H7
A0A075B6S2	A0A140T8M8
P05451	Q08731
P05451	P43137
P48304	Q08731
P48304	P43137
P05187	F8VPQ6
P05187	P24823
P09923	F8VPQ6
P09923	P24823
P10696	F8VPQ6
P10696	P24823
P04439	P14427
P04439	P01897
P04439	P79568
P04439	Q4KN81
P04439	O19441
P04439	P01898
P04439	G3UXE9
P04439	P01901
P04439	P14430
P04439	P06339
P04439	Q8HWB2
P04439	P14429
P30511	P14427
P30511	P01897
P30511	P79568
P30511	Q4KN81
P30511	O19441
P30511	P01898
P30511	G3UXE9
P30511	P01901
P30511	P14430
P30511	P06339
P30511	Q8HWB2
P30511	P14429
P17693	P14427
P17693	P01897
P17693	P79568
P17693	Q4KN81
P17693	O19441
P17693	P01898
P17693	G3UXE9
P17693	P01901
P17693	P14430
P17693	P06339
P17693	Q8HWB2
P17693	P14429
P10321	P14427
P10321	P01897
P10321	P79568
P10321	Q4KN81
P10321	O19441
P10321	P01898
P10321	G3UXE9
P10321	P01901
P10321	P14430
P10321	P06339
P10321	Q8HWB2
P10321	P14429
P01889	P14427
P01889	P01897
P01889	P79568
P01889	Q4KN81
P01889	O19441
P01889	P01898
P01889	G3UXE9
P01889	P01901
P01889	P14430
P01889	P06339
P01889	Q8HWB2
P01889	P14429
P13747	P14427
P13747	P01897
P13747	P79568
P13747	Q4KN81
P13747	O19441
P13747	P01898
P13747	G3UXE9
P13747	P01901
P13747	P14430
P13747	P06339
P13747	Q8HWB2
P13747	P14429
P01893	P14427
P01893	P01897
P01893	P79568
P01893	Q4KN81
P01893	O19441
P01893	P01898
P01893	G3UXE9
P01893	P01901
P01893	P14430
P01893	P06339
P01893	Q8HWB2
P01893	P14429
P04432	A0A140T8P9
P04432	P01637
P04432	A0A075B5K0
P04432	P01638
P01594	A0A140T8P9
P01594	P01637
P01594	A0A075B5K0
P01594	P01638
A0A075B6S4	A0A140T8P9
A0A075B6S4	P01637
A0A075B6S4	A0A075B5K0
A0A075B6S4	P01638
P0DSN7	A0A140T8P9
P0DSN7	P01637
P0DSN7	A0A075B5K0
P0DSN7	P01638
A0A0B4J2D9	A0A140T8P9
A0A0B4J2D9	P01637
A0A0B4J2D9	A0A075B5K0
A0A0B4J2D9	P01638
A0A0C4DH73	A0A140T8P9
A0A0C4DH73	P01637
A0A0C4DH73	A0A075B5K0
A0A0C4DH73	P01638
A0A075B6S9	A0A140T8P9
A0A075B6S9	P01637
A0A075B6S9	A0A075B5K0
A0A075B6S9	P01638
P01597	A0A140T8P9
P01597	P01637
P01597	A0A075B5K0
P01597	P01638
P01602	A0A140T8P9
P01602	P01637
P01602	A0A075B5K0
P01602	P01638
P04430	A0A140T8P9
P04430	P01637
P04430	A0A075B5K0
P04430	P01638
P01593	A0A140T8P9
P01593	P01637
P01593	A0A075B5K0
P01593	P01638
A0A0G2JRQ6	A0A140T8P9
A0A0G2JRQ6	P01637
A0A0G2JRQ6	A0A075B5K0
A0A0G2JRQ6	P01638
A0A0B4J1Z2	A0A140T8P9
A0A0B4J1Z2	P01637
A0A0B4J1Z2	A0A075B5K0
A0A0B4J1Z2	P01638
P01611	A0A140T8P9
P01611	P01637
P01611	A0A075B5K0
P01611	P01638
P01599	A0A140T8P9
P01599	P01637
P01599	A0A075B5K0
P01599	P01638
A0A0C4DH72	A0A140T8P9
A0A0C4DH72	P01637
A0A0C4DH72	A0A075B5K0
A0A0C4DH72	P01638
P0DP09	A0A140T8P9
P0DP09	P01637
P0DP09	A0A075B5K0
P0DP09	P01638
A0A0C4DH69	A0A140T8P9
A0A0C4DH69	P01637
A0A0C4DH69	A0A075B5K0
A0A0C4DH69	P01638
A0A075B6S5	A0A140T8P9
A0A075B6S5	P01637
A0A075B6S5	A0A075B5K0
A0A075B6S5	P01638
P04259	P50446
P04259	Q9Z331
P48668	P50446
P48668	Q9Z331
P02538	P50446
P02538	Q9Z331
P04211	P01726
P04211	P01728
P04211	P01724
P04211	A0A075B663
P04211	P01723
P04211	P01727
P04211	P01725
P04211	P01729
A0A075B6I9	P01726
A0A075B6I9	P01728
A0A075B6I9	P01724
A0A075B6I9	A0A075B663
A0A075B6I9	P01723
A0A075B6I9	P01727
A0A075B6I9	P01725
A0A075B6I9	P01729
A0A075B6I0	P01726
A0A075B6I0	P01728
A0A075B6I0	P01724
A0A075B6I0	A0A075B663
A0A075B6I0	P01723
A0A075B6I0	P01727
A0A075B6I0	P01725
A0A075B6I0	P01729
P02763	Q63805
P02763	Q60590
P02763	P07361
P19652	Q63805
P19652	Q60590
P19652	P07361
P02042	A8DUK4
P02042	P02088
P02042	P02089
P68871	A8DUK4
P68871	P02088
P68871	P02089
P01920	P06344
P01920	P01921
P05538	P06344
P05538	P01921
P01877	A0A0A6YXW6
P01877	P01878
P01876	A0A0A6YXW6
P01876	P01878
P01861	F6TQW2
P01861	A0A1Y7VJN6
P01861	P01865
P01861	P01869
P01861	P01864
P01861	P01863
P01861	P03987
P01861	P01867
P01859	F6TQW2
P01859	A0A1Y7VJN6
P01859	P01865
P01859	P01869
P01859	P01864
P01859	P01863
P01859	P03987
P01859	P01867
P01860	F6TQW2
P01860	A0A1Y7VJN6
P01860	P01865
P01860	P01869
P01860	P01864
P01860	P01863
P01860	P03987
P01860	P01867
P01857	F6TQW2
P01857	A0A1Y7VJN6
P01857	P01865
P01857	P01869
P01857	P01864
P01857	P01863
P01857	P03987
P01857	P01867
P01562	P01572
P01562	L7MTU6
P01562	P06799
P01562	P07349
P01562	P01573
P01562	Q61716
P01562	Q80SS5
P01562	P07351
P01562	Q810G1
P01562	Q61718
P01562	Q810G3
P01562	P07350
P01562	P09235
P01562	Q80SU4
P01563	P01572
P01563	L7MTU6
P01563	P06799
P01563	P07349
P01563	P01573
P01563	Q61716
P01563	Q80SS5
P01563	P07351
P01563	Q810G1
P01563	Q61718
P01563	Q810G3
P01563	P07350
P01563	P09235
P01563	Q80SU4
P01570	P01572
P01570	L7MTU6
P01570	P06799
P01570	P07349
P01570	P01573
P01570	Q61716
P01570	Q80SS5
P01570	P07351
P01570	Q810G1
P01570	Q61718
P01570	Q810G3
P01570	P07350
P01570	P09235
P01570	Q80SU4
P05013	P01572
P05013	L7MTU6
P05013	P06799
P05013	P07349
P05013	P01573
P05013	Q61716
P05013	Q80SS5
P05013	P07351
P05013	Q810G1
P05013	Q61718
P05013	Q810G3
P05013	P07350
P05013	P09235
P05013	Q80SU4
P05015	P01572
P05015	L7MTU6
P05015	P06799
P05015	P07349
P05015	P01573
P05015	Q61716
P05015	Q80SS5
P05015	P07351
P05015	Q810G1
P05015	Q61718
P05015	Q810G3
P05015	P07350
P05015	P09235
P05015	Q80SU4
P01568	P01572
P01568	L7MTU6
P01568	P06799
P01568	P07349
P01568	P01573
P01568	Q61716
P01568	Q80SS5
P01568	P07351
P01568	Q810G1
P01568	Q61718
P01568	Q810G3
P01568	P07350
P01568	P09235
P01568	Q80SU4
P01571	P01572
P01571	L7MTU6
P01571	P06799
P01571	P07349
P01571	P01573
P01571	Q61716
P01571	Q80SS5
P01571	P07351
P01571	Q810G1
P01571	Q61718
P01571	Q810G3
P01571	P07350
P01571	P09235
P01571	Q80SU4
P05014	P01572
P05014	L7MTU6
P05014	P06799
P05014	P07349
P05014	P01573
P05014	Q61716
P05014	Q80SS5
P05014	P07351
P05014	Q810G1
P05014	Q61718
P05014	Q810G3
P05014	P07350
P05014	P09235
P05014	Q80SU4
P01567	P01572
P01567	L7MTU6
P01567	P06799
P01567	P07349
P01567	P01573
P01567	Q61716
P01567	Q80SS5
P01567	P07351
P01567	Q810G1
P01567	Q61718
P01567	Q810G3
P01567	P07350
P01567	P09235
P01567	Q80SU4
P01566	P01572
P01566	L7MTU6
P01566	P06799
P01566	P07349
P01566	P01573
P01566	Q61716
P01566	Q80SS5
P01566	P07351
P01566	Q810G1
P01566	Q61718
P01566	Q810G3
P01566	P07350
P01566	P09235
P01566	Q80SU4
P01569	P01572
P01569	L7MTU6
P01569	P06799
P01569	P07349
P01569	P01573
P01569	Q61716
P01569	Q80SS5
P01569	P07351
P01569	Q810G1
P01569	Q61718
P01569	Q810G3
P01569	P07350
P01569	P09235
P01569	Q80SU4
P32881	P01572
P32881	L7MTU6
P32881	P06799
P32881	P07349
P32881	P01573
P32881	Q61716
P32881	Q80SS5
P32881	P07351
P32881	Q810G1
P32881	Q61718
P32881	Q810G3
P32881	P07350
P32881	P09235
P32881	Q80SU4
O95047	P34984
O95047	Q8VGP6
Q96R45	P34984
Q96R45	Q8VGP6
O75610	P57785
O75610	Q64280
O00292	P57785
O00292	Q64280
O75290	E9Q2S6
O75290	Q3UVF6
O75290	A0A0U1RQ84
Q9Y6R6	E9Q2S6
Q9Y6R6	Q3UVF6
Q9Y6R6	A0A0U1RQ84
O60403	A0A2I3BPU7
O60403	A0A2I3BQR4
O60403	A0A140LIE7
Q9Y4A9	A0A2I3BPU7
Q9Y4A9	A0A2I3BQR4
Q9Y4A9	A0A140LIE7
Q8NGA6	A0A2I3BPU7
Q8NGA6	A0A2I3BQR4
Q8NGA6	A0A140LIE7
O43790	E9Q1Y9
O43790	Q9ERE2
O43790	P97861
Q14533	E9Q1Y9
Q14533	Q9ERE2
Q14533	P97861
P78385	E9Q1Y9
P78385	Q9ERE2
P78385	P97861
O14791	A2VDH7
O14791	Q8C6E1
O14791	B2RT54
O14791	B1AQP7
O14791	Q3UZ24
O95236	A2VDH7
O95236	Q8C6E1
O95236	B2RT54
O95236	B1AQP7
O95236	Q3UZ24
Q9BQE5	A2VDH7
Q9BQE5	Q8C6E1
Q9BQE5	B2RT54
Q9BQE5	B1AQP7
Q9BQE5	Q3UZ24
D6RBQ6	Q7M764
D6RBQ6	G5E8G2
D6RBQ6	E9Q9U0
D6RBQ6	Q61068
D6RBQ6	G5E8I7
D6RCP7	Q7M764
D6RCP7	G5E8G2
D6RCP7	E9Q9U0
D6RCP7	Q61068
D6RCP7	G5E8I7
A8MUK1	Q7M764
A8MUK1	G5E8G2
A8MUK1	E9Q9U0
A8MUK1	Q61068
A8MUK1	G5E8I7
Q0WX57	Q7M764
Q0WX57	G5E8G2
Q0WX57	E9Q9U0
Q0WX57	Q61068
Q0WX57	G5E8I7
P0C7H9	Q7M764
P0C7H9	G5E8G2
P0C7H9	E9Q9U0
P0C7H9	Q61068
P0C7H9	G5E8I7
C9JLJ4	Q7M764
C9JLJ4	G5E8G2
C9JLJ4	E9Q9U0
C9JLJ4	Q61068
C9JLJ4	G5E8I7
D6RJB6	Q7M764
D6RJB6	G5E8G2
D6RJB6	E9Q9U0
D6RJB6	Q61068
D6RJB6	G5E8I7
A6NCW0	Q7M764
A6NCW0	G5E8G2
A6NCW0	E9Q9U0
A6NCW0	Q61068
A6NCW0	G5E8I7
C9JPN9	Q7M764
C9JPN9	G5E8G2
C9JPN9	E9Q9U0
C9JPN9	Q61068
C9JPN9	G5E8I7
A6NCW7	Q7M764
A6NCW7	G5E8G2
A6NCW7	E9Q9U0
A6NCW7	Q61068
A6NCW7	G5E8I7
C9JJH3	Q7M764
C9JJH3	G5E8G2
C9JJH3	E9Q9U0
C9JJH3	Q61068
C9JJH3	G5E8I7
C9JVI0	Q7M764
C9JVI0	G5E8G2
C9JVI0	E9Q9U0
C9JVI0	Q61068
C9JVI0	G5E8I7
D6R901	Q7M764
D6R901	G5E8G2
D6R901	E9Q9U0
D6R901	Q61068
D6R901	G5E8I7
Q6R6M4	Q7M764
Q6R6M4	G5E8G2
Q6R6M4	E9Q9U0
Q6R6M4	Q61068
Q6R6M4	G5E8I7
D6R9N7	Q7M764
D6R9N7	G5E8G2
D6R9N7	E9Q9U0
D6R9N7	Q61068
D6R9N7	G5E8I7
Q6QN14	Q7M764
Q6QN14	G5E8G2
Q6QN14	E9Q9U0
Q6QN14	Q61068
Q6QN14	G5E8I7
P0C7I0	Q7M764
P0C7I0	G5E8G2
P0C7I0	E9Q9U0
P0C7I0	Q61068
P0C7I0	G5E8I7
Q7RTZ2	Q7M764
Q7RTZ2	G5E8G2
Q7RTZ2	E9Q9U0
Q7RTZ2	Q61068
Q7RTZ2	G5E8I7
D6RA61	Q7M764
D6RA61	G5E8G2
D6RA61	E9Q9U0
D6RA61	Q61068
D6RA61	G5E8I7
C9J2P7	Q7M764
C9J2P7	G5E8G2
C9J2P7	E9Q9U0
C9J2P7	Q61068
C9J2P7	G5E8I7
B3KU38	P0DPB4
B3KU38	A0A088MLT8
P0DPB3	P0DPB4
P0DPB3	A0A088MLT8
A8MYA2	E9Q4Y8
A8MYA2	Q9D454
A0A1B0GWI6	E9Q4Y8
A0A1B0GWI6	Q9D454
A6NM03	Q9EPF7
A6NM03	Q8VFM5
A6NM03	Q9D3U9
Q9H205	Q9EPF7
Q9H205	Q8VFM5
Q9H205	Q9D3U9
A6NI03	P86448
A6NI03	Q3TL54
A6NI03	P86449
P0CI25	P86448
P0CI25	Q3TL54
P0CI25	P86449
I1YAP6	P86448
I1YAP6	Q3TL54
I1YAP6	P86449
C9J1S8	P86448
C9J1S8	Q3TL54
C9J1S8	P86449
Q9BSJ1	P86448
Q9BSJ1	Q3TL54
Q9BSJ1	P86449
A6NGJ6	P86448
A6NGJ6	Q3TL54
A6NGJ6	P86449
Q96BQ3	P86448
Q96BQ3	Q3TL54
Q96BQ3	P86449
A6NDI0	P86448
A6NDI0	Q3TL54
A6NDI0	P86449
A6NCK2	P86448
A6NCK2	Q3TL54
A6NCK2	P86449
P0CI26	P86448
P0CI26	Q3TL54
P0CI26	P86449
A0A3B3IT33	P86448
A0A3B3IT33	Q3TL54
A0A3B3IT33	P86449
A6NLI5	P86448
A6NLI5	Q3TL54
A6NLI5	P86449
A6NHG9	Q7TS43
A6NHG9	E9PYP4
A6NHG9	L7N1Z8
A6NKK0	Q7TS43
A6NKK0	E9PYP4
A6NKK0	L7N1Z8
Q8NGV7	Q7TS43
Q8NGV7	E9PYP4
Q8NGV7	L7N1Z8
A6NDH6	Q7TS43
A6NDH6	E9PYP4
A6NDH6	L7N1Z8
Q8NGV6	Q7TS43
Q8NGV6	E9PYP4
Q8NGV6	L7N1Z8
P0DN80	Q7TS43
P0DN80	E9PYP4
P0DN80	L7N1Z8
A6NFZ4	Q9DAL9
A6NFZ4	Q8CF27
Q8N5W8	Q9DAL9
Q8N5W8	Q8CF27
A2NJV5	A0A140T8M0
A2NJV5	A0A140T8M9
A2NJV5	A0A0B4J1I0
A0A075B6S2	A0A140T8M0
A0A075B6S2	A0A140T8M9
A0A075B6S2	A0A0B4J1I0
A0A075B6S6	A0A140T8M0
A0A075B6S6	A0A140T8M9
A0A075B6S6	A0A0B4J1I0
P06310	A0A140T8M0
P06310	A0A140T8M9
P06310	A0A0B4J1I0
A0JD32	Q5R1A4
A0JD32	A0A075B658
P0DTU3	Q5R1A4
P0DTU3	A0A075B658
A0A0B4J264	Q5R1A4
A0A0B4J264	A0A075B658
A0A577	P06321
A0A577	A0A0B4J1G9
A0A577	P01735
A0A589	P06321
A0A589	A0A0B4J1G9
A0A589	P01735
A0A539	P06321
A0A539	A0A0B4J1G9
A0A539	P01735
A0A3B3IU63	A9Z055
A0A3B3IU63	Q497L1
A0A3B3IU63	L7MU04
A0A3B3IU63	A2BFR3
A0A3B3IU63	J3QP08
A0A3B3IU63	Q9DAD9
A0A3B3IU63	Q9CQ70
A0A8Q3WKH5	A9Z055
A0A8Q3WKH5	Q497L1
A0A8Q3WKH5	L7MU04
A0A8Q3WKH5	A2BFR3
A0A8Q3WKH5	J3QP08
A0A8Q3WKH5	Q9DAD9
A0A8Q3WKH5	Q9CQ70
A0A191URJ7	P83555
A0A191URJ7	Q673W2
A0A0G2JMM0	P83555
A0A0G2JMM0	Q673W2
Q14953	P83555
Q14953	Q673W2
P43626	P83555
P43626	Q673W2
P43630	P83555
P43630	Q673W2
A0A1W2PQM1	P83555
A0A1W2PQM1	Q673W2
P43632	P83555
P43632	Q673W2
A0A0G2JNF4	P83555
A0A0G2JNF4	Q673W2
A0A0G2JN01	P83555
A0A0G2JN01	Q673W2
Q14943	P83555
Q14943	Q673W2
P43627	P83555
P43627	Q673W2
Q8N743	P83555
Q8N743	Q673W2
A0A5K1VDZ0	P83555
A0A5K1VDZ0	Q673W2
P43631	P83555
P43631	Q673W2
Q14954	P83555
Q14954	Q673W2
P43629	P83555
P43629	Q673W2
Q14952	P83555
Q14952	Q673W2
P43628	P83555
P43628	Q673W2
A0A126GWI2	Q8VGP6
A0A126GWI2	P34984
A4D2G3	Q8VGP6
A4D2G3	P34984
A0A0K0K1A3	A0A140T8N6
A0A0K0K1A3	A0A075B5I3
A0A0K0K1A3	A0A0B4J1H2
A0A0K0K1A3	P04213
A0A0K0K1G8	A0A140T8N6
A0A0K0K1G8	A0A075B5I3
A0A0K0K1G8	A0A0B4J1H2
A0A0K0K1G8	P04213
A0A0K0K1G6	A0A140T8N6
A0A0K0K1G6	A0A075B5I3
A0A0K0K1G6	A0A0B4J1H2
A0A0K0K1G6	P04213
A0A0C4DH43	A0A075B5X4
A0A0C4DH43	A0A075B5X8
A0A0C4DH43	A0A0A6YXQ0
A0A0C4DH43	A0A0A6YY60
P01814	A0A075B5X4
P01814	A0A075B5X8
P01814	A0A0A6YXQ0
P01814	A0A0A6YY60
A0A0B4J2B6	A0A075B5X4
A0A0B4J2B6	A0A075B5X8
A0A0B4J2B6	A0A0A6YXQ0
A0A0B4J2B6	A0A0A6YY60
P01817	A0A075B5X4
P01817	A0A075B5X8
P01817	A0A0A6YXQ0
P01817	A0A0A6YY60
A0A0C4DH26	A0A0B4J1J1
A0A0C4DH26	A0A0B4J1J2
A0A0C4DH26	P01642
A0A0A0MT36	A0A0B4J1J1
A0A0A0MT36	A0A0B4J1J2
A0A0A0MT36	P01642
A0A0C4DH24	A0A0B4J1J1
A0A0C4DH24	A0A0B4J1J2
A0A0C4DH24	P01642
A0A0B4J271	A0A0G2JEV5
A0A0B4J271	A0A075B6C1
A0A0B4J271	A0A0B4J1N1
A0A0B4J271	Q5R1I1
A0A0B4J271	Q5R1H9
A0A0B4J271	A0A075B604
A0A0B4J271	A0A0G2JFX6
A0A0B4J271	Q5R1I3
A0A0B4J271	A0A075B620
A0A075B6T6	A0A0G2JEV5
A0A075B6T6	A0A075B6C1
A0A075B6T6	A0A0B4J1N1
A0A075B6T6	Q5R1I1
A0A075B6T6	Q5R1H9
A0A075B6T6	A0A075B604
A0A075B6T6	A0A0G2JFX6
A0A075B6T6	Q5R1I3
A0A075B6T6	A0A075B620
A0A0B4J245	A0A0G2JEV5
A0A0B4J245	A0A075B6C1
A0A0B4J245	A0A0B4J1N1
A0A0B4J245	Q5R1I1
A0A0B4J245	Q5R1H9
A0A0B4J245	A0A075B604
A0A0B4J245	A0A0G2JFX6
A0A0B4J245	Q5R1I3
A0A0B4J245	A0A075B620
A0A0B4J1V6	P01795
A0A0B4J1V6	A0A075B5S2
A0A0B4J1V6	A0A075B5R2
A0A0B4J1V0	P01795
A0A0B4J1V0	A0A075B5S2
A0A0B4J1V0	A0A075B5R2
A0A075B7D8	P01795
A0A075B7D8	A0A075B5S2
A0A075B7D8	A0A075B5R2
A0A0A0MS15	P01795
A0A0A0MS15	A0A075B5S2
A0A0A0MS15	A0A075B5R2
A0A0B4J1Y9	P01795
A0A0B4J1Y9	A0A075B5S2
A0A0B4J1Y9	A0A075B5R2
A0A075B7B6	P18533
A0A075B7B6	P18531
A0A075B7B6	A0A075B5S6
A0A075B7B6	P01822
A0A075B7B6	P18532
A0A075B7B6	A0A0A6YXF1
A0A087WSY4	P18533
A0A087WSY4	P18531
A0A087WSY4	A0A075B5S6
A0A087WSY4	P01822
A0A087WSY4	P18532
A0A087WSY4	A0A0A6YXF1
P06331	P18533
P06331	P18531
P06331	A0A075B5S6
P06331	P01822
P06331	P18532
P06331	A0A0A6YXF1
A0A075B6R2	P18533
A0A075B6R2	P18531
A0A075B6R2	A0A075B5S6
A0A075B6R2	P01822
A0A075B6R2	P18532
A0A075B6R2	A0A0A6YXF1
A0A0C4DH34	P18533
A0A0C4DH34	P18531
A0A0C4DH34	A0A075B5S6
A0A0C4DH34	P01822
A0A0C4DH34	P18532
A0A0C4DH34	A0A0A6YXF1
A0A087WW49	P18533
A0A087WW49	P18531
A0A087WW49	A0A075B5S6
A0A087WW49	P01822
A0A087WW49	P18532
A0A087WW49	A0A0A6YXF1
P01824	P18533
P01824	P18531
P01824	A0A075B5S6
P01824	P01822
P01824	P18532
P01824	A0A0A6YXF1
P0DP06	P18533
P0DP06	P18531
P0DP06	A0A075B5S6
P0DP06	P01822
P0DP06	P18532
P0DP06	A0A0A6YXF1
P0DP07	P18533
P0DP07	P18531
P0DP07	A0A075B5S6
P0DP07	P01822
P0DP07	P18532
P0DP07	A0A0A6YXF1
A0A0C4DH41	P18533
A0A0C4DH41	P18531
A0A0C4DH41	A0A075B5S6
A0A0C4DH41	P01822
A0A0C4DH41	P18532
A0A0C4DH41	A0A0A6YXF1
P0DP08	P18533
P0DP08	P18531
P0DP08	A0A075B5S6
P0DP08	P01822
P0DP08	P18532
P0DP08	A0A0A6YXF1
A0A0J9YWU9	P18533
A0A0J9YWU9	P18531
A0A0J9YWU9	A0A075B5S6
A0A0J9YWU9	P01822
A0A0J9YWU9	P18532
A0A0J9YWU9	A0A0A6YXF1
P01825	P18533
P01825	P18531
P01825	A0A075B5S6
P01825	P01822
P01825	P18532
P01825	A0A0A6YXF1
