W5XKT8	A0A8M9PDM1
Q9BVS4	A0A8M1PFE5
Q9BVS5	A0A8M1P392
Q9BVV6	H6D7E6
Q9BVV7	A0A8N7UVT2
Q9BVV8	A0A0R4ICP9
Q9BVW5	Q6DBR4
Q9BVX2	Q08BL5
Q9BW11	Q7SX95
Q9BW19	A4QNZ0
Q9BW27	Q6DBY0
Q9BW30	E7FG48
Q9BW61	Q7T2A3
Q9BW62	Q5U3S1
Q9BW66	F1RDE3
Q9BW71	Q7SXB4
Q9BW83	Q5PR92
Q9BW85	A8WHR3
Q9BW91	A0A8M1PPR4
Q9BWD1	Q7ZU18
Q9BWF2	Q6TGT1
Q9BWG6	Q2YDS5
Q9BWH6	E7FGQ5
Q9BWJ5	Q6ZM78
Q9BWL3	Q3B7P4
Q9BWP8	Q5U3G1
Q9BWQ8	A0A140LGC1
Q9BWS9	Q7SYK0
Q9BWT1	A0A8M2BET8
Q9BWT3	Q6PGV5
Q9BWT6	Q6DC61
Q9BWU0	A0A8N7UR08
Q9BWU1	A0A8M1QLR0
Q9BWV1	Q8UVD6
Q9BWV3	Q5U3U4
Q9BWV7	A9JRD4
Q9BWW4	A0A8M3AZG7
Q9BWX5	Q9W6U0
Q9BX10	A0A8M1PAI6
Q9BX40	F1Q898
Q9BX46	Q76LC6
Q9BX59	A0A8M1QHB2
Q9BX63	B7ZDD5
Q9BX66	A0A8M9QK79
Q9BX68	A3KP93
Q9BX73	Q6DHN3
Q9BX79	F1RAX4
Q9BX93	F1R147
Q9BXA6	Q1LVI1
Q9BXB1	E7FE13
Q9BXB4	A0A8N7UVT3
Q9BXC1	A0A8M9PUA0
Q9BXC9	Q98SP7
Q9BXD5	Q6NYR8
Q9BXF3	A0A8M2BLL4
Q9BXF9	E7F7G5
Q9BXI9	A0A8N7T7Z3
Q9BXJ0	Q4KMC6
Q9BXJ1	Q566P1
Q9BXJ2	A0A8N7TF68
Q9BXJ5	E7F6Z0
Q9BXJ7	A0A8M9QAN8
Q9BXJ9	A0A0R4I9S5
Q9BXK5	Q1LX53
Q9BXL6	A0A8M9Q0C3
Q9BXL7	A0A8M3B168
Q9BXL8	A0A8M2B7E4
Q9BXM7	Q5PRB2
Q9BXM9	A0A8M2BFY7
Q9BXP2	A2BFP5
Q9BXP5	Q66I22
Q9BXP8	E9QCK7
Q9BXQ6	E7F625
Q9BXR0	Q7SYK1
Q9BXS0	A0A8M3AUN9
Q9BXS4	A9JRX6
Q9BXS5	A0A8M1P5E7
Q9BXS6	A1L2F3
Q9BXT4	Q58EK5
Q9BXT5	A0A8M9QKU6
Q9BXT6	Q08BA5
Q9BXT8	F1R3C5
Q9BXU1	A0A8M3B1N5
Q9BXW4	Q7ZWC0
Q9BXW6	A0A8M9Q392
Q9BXW9	B3DJT4
Q9BXX0	A0A8M1Q7M7
Q9BXY0	Q6NYD4
Q9BXY4	Q5R328
Q9BXY5	A0A8M3ART4
Q9BY08	Q08BG2
Q9BY10	A0A8M6Z1C1
Q9BY11	Q4V920
Q9BY12	A0A8M2BAB5
Q9BY32	A5WVX0
Q9BY41	Q7SXM0
Q9BY44	Q4QRJ7
Q9BY49	Q567C7
Q9BY71	A8WHP9
Q9BY76	A0A8M1NYZ0
Q9BY77	A0A8M3AQ58
Q9BY78	A0A8M2B4F7
Q9BY79	F1QRG7
Q9BY84	F1RDV6
Q9BY89	A0A8M1RDQ1
Q9BYB4	Q5BLC9
Q9BYC8	F1R044
Q9BYC9	Q0P478
Q9BYD1	Q504D1
Q9BYD2	A8E5P5
Q9BYD3	Q503X2
Q9BYD6	A0A8M1NYL4
Q9BYE0	Q90467
Q9BYE7	A2ATX3
Q9BYE9	A0A286YAQ9
Q9BYF1	A0A8M2BGQ7
Q9BYG0	Q7T3S5
Q9BYG3	Q8JIY8
Q9BYG4	Q6TNS1
Q9BYG5	A6YIE2
Q9BYH1	A0A2R8Q401
Q9BYH8	A0A8M9Q7W9
Q9BYJ9	Q802Z0
Q9BYK8	X1WF29
Q9BYN0	A0A8M1RKC7
Q9BYN7	A0A0R4IQE7
Q9BYN8	Q6DH29
Q9BYP7	A0A8M9PTI7
Q9BYS8	A0A8M9PR48
Q9BYT3	Q5RHZ0
Q9BYT9	A0A8M9PZ95
Q9BYV1	Q4V8R2
Q9BYV2	A0A8N1TQ49
Q9BYV8	Q6GQN0
Q9BYV9	Q5RIW6
Q9BYW1	A0A8M3BAK2
Q9BYW2	F1QJI9
Q9BYX2	E7F513
Q9BYX4	A0A0E3D804
Q9BYZ6	A0A8M6Z0X0
Q9BZ29	A0A8M9QFT9
Q9BZ72	A0A8M6YYW5
Q9BZ95	A0A8M2B1N3
Q9BZC1	Q6DGV1
Q9BZC7	A0A8M2BCG2
Q9BZD2	A0A8M9QA23
Q9BZD4	Q7ZW63
Q9BZD6	Q568L1
Q9BZD7	A0A8N7UVA3
Q9BZE0	A0A0R4IE83
Q9BZE1	A3KP51
Q9BZE2	Q7ZW97
Q9BZE3	Q53B64
Q9BZE4	Q7ZVR0
Q9BZE7	A0A8M6Z6S5
Q9BZE9	Q568S9
Q9BZF1	A0A8M9Q0X9
Q9BZF3	A0A8M2BJS4
Q9BZF9	A0A286Y884
Q9BZG1	Q5XJS4
Q9BZG8	Q567W6
Q9BZH6	F1QEB7
Q9BZI1	Q7SZP0
Q9BZI7	F1QNX7
Q9BZJ0	Q803R7
Q9BZJ4	Q7SXW0
Q9BZJ6	A0A8M1RRP9
Q9BZJ8	A0A8M2BEJ0
Q9BZK3	Q8JIU7
Q9BZK7	A5PF33
Q9BZL1	Q7SXF2
Q9BZL4	Q08BR9
Q9BZL6	A0A8M9PLD4
Q9BZM1	A3KNJ5
Q9BZM3	Q1RMA3
Q9BZQ4	Q6PC93
Q9BZQ6	A0A8M2BEF7
Q9BZQ8	E7FC82
Q9BZR6	Q6X3Y5
Q9BZR8	A0A8M1PS84
Q9BZV1	Q1LYI0
Q9BZW2	Q6PE27
Q9BZW7	A0A8M2B704
Q9BZX2	Q7SYM0
Q9BZZ5	R4GDP5
Q9C002	F1RE72
Q9C004	A0A8M9PQ80
Q9C005	B8JMZ3
Q9C010	A0A8M1NG02
Q9C026	A0A8M2B3C6
Q9C040	F1QFW2
Q9C056	A0A8M1NLG5
Q9C073	F1Q919
Q9C086	Q08BL6
Q9C091	B8JKP6
Q9C093	A0A8M3AS40
Q9C098	A0A8M3B3T5
Q9C099	F1R597
Q9C0A6	A0A8M9QFY2
Q9C0B0	F1Q639
Q9C0B1	A0A8M9PKY4
Q9C0B2	A0A8M1RR62
Q9C0B9	A0A8M9PEM6
Q9C0C4	A4JYS4
Q9C0C7	X1WHY6
Q9C0C9	A0A8M3B1J4
Q9C0D2	A0A8M9PCQ3
Q9C0D3	Q5TYQ1
Q9C0D6	E7EZI8
Q9C0D9	A0A8M1PAB3
Q9C0E2	Q802D3
Q9C0E4	A0A2R8PXX1
Q9C0F1	A0A8M1NBH8
Q9C0G0	A0A8M2B450
Q9C0G6	A0A2R8QB87
Q9C0H5	A0A8M3AWI5
Q9C0H9	A0A8M9PTL8
Q9C0I1	A2BGG1
Q9C0I3	A0A8M1PUE5
Q9C0J8	A0A8M3B6D6
Q9C0J9	Q2PGD2
Q9C0K0	A0A2R8Q8A6
Q9C0K1	A0A8M3AYZ5
Q9C0K7	F1QQD8
Q9GZL7	Q6NX08
Q9GZM5	Q803Z2
Q9GZM7	A3KNG7
Q9GZN0	A0A8M9Q9X5
Q9GZN1	Q7ZV86
Q9GZN7	Q7ZVT5
Q9GZN8	F1RES5
Q9GZP0	A0A8M1RFF2
Q9GZP4	Q6NYX8
Q9GZP9	Q4VBS8
Q9GZQ3	Q6DC11
Q9GZR1	A0A8M9PPP9
Q9GZR2	A0A8M1RL09
Q9GZR7	A0A8M1RMN7
Q9GZS0	A0A8M2B2H1
Q9GZS1	Q501W9
Q9GZS3	Q6P5M2
Q9GZT3	A0A8M1P7F2
Q9GZT4	A0A8M9PYW7
Q9GZT5	P43446
Q9GZT6	F1QGC9
Q9GZT8	Q4KMJ5
Q9GZU0	Q502N2
Q9GZU3	Q7ZW11
Q9GZU5	Q00P20
Q9GZV1	A0A8M9QAS9
Q9GZV5	Q307I6
Q9GZV7	A4JYQ1
Q9GZV8	F1QWQ9
Q9GZV9	Q5MK87
Q9GZX7	Q5YF88
Q9GZX9	Q9DGH0
Q9GZY4	A0A8M6Z345
Q9GZY8	A0A8M2B4R4
Q9GZZ1	Q6DBY2
Q9GZZ9	X1WER2
Q9H000	Q9DFG8
Q9H008	A5PLK2
Q9H013	F1Q4N9
Q9H019	Q7T3E8
Q9H040	A0A0G2L7I0
Q9H061	A0A2R8QM83
Q9H063	Q6PGU2
Q9H069	A0A8M9PQV4
Q9H074	Q6DBW2
Q9H078	A0A8M3AT32
Q9H079	Q5XJA1
Q9H081	Q7T344
Q9H082	Q498P3
Q9H089	Q6NY89
Q9H093	A0A8N7TD19
Q9H095	A3KQH2
Q9H098	Q1LYA0
Q9H0A0	Q6PFQ5
Q9H0A6	Q08BP7
Q9H0A8	A0A8M1P2E2
Q9H0B6	A4IG65
Q9H0B8	A0A8M1RM30
Q9H0C3	Q7ZVW1
Q9H0C8	A0A8M1NEC5
Q9H0D6	A0A8M1MZQ7
Q9H0E2	Q7ZV43
Q9H0E7	Q7ZUM8
Q9H0F5	A0A8M9QE71
Q9H0F6	A0A8M1Q6Z0
Q9H0F7	Q5M9P8
Q9H0G5	Q568R1
Q9H0H0	E9QC62
Q9H0H3	A0A8M3B706
Q9H0H5	Q6P3H8
Q9H0I2	A0A8M9QDT0
Q9H0I3	Q5XJN6
Q9H0J4	A0A8M3B1C6
Q9H0J9	Q1LUY0
Q9H0K1	A0A8N7URB1
Q9H0K6	Q1L8I0
Q9H0M0	A0A8M6Z4R6
Q9H0P0	Q7SYN4
Q9H0Q0	A0A8M1P8U3
Q9H0R1	A0A8M2B5U6
Q9H0R4	Q5BJJ5
Q9H0R6	F1QAJ4
Q9H0S4	Q502B4
Q9H0U3	Q7ZV50
Q9H0U6	Q08BK7
Q9H0V1	E7EZZ9
Q9H0V9	Q4QRF6
Q9H0W8	A0A8M1QVH1
Q9H0W9	Q6NWE0
Q9H0X4	A0A8M1PZ20
Q9H0X6	A0A8M1RIW3
Q9H0X9	A0A8M1Q2A2
Q9H0Y0	Q3B7E0
Q9H0Z9	A8KBR7
Q9H116	A0A8M3AS93
Q9H147	A0A8M1RK84
Q9H156	F1QE14
Q9H160	Q6DHF1
Q9H161	E7FGP3
Q9H165	Q1RLR5
Q9H169	Q5RIC7
Q9H173	A0A8M3AS71
Q9H175	A0A8M3AYP5
Q9H1A3	F1R335
Q9H1A4	A0A2R8QA59
Q9H1B5	A0A8M3AQZ8
Q9H1B7	Q6P947
Q9H1C3	Q29RA8
Q9H1C4	F1QYA8
Q9H1D9	Q7ZTZ0
Q9H1E3	Q66I37
Q9H1E5	Q4KMD4
Q9H1H9	A0A8M3B235
Q9H1I8	Q7SYC1
Q9H1J1	B0S733
Q9H1J5	P51028
Q9H1K0	A0A8N7T814
Q9H1K6	E7F508
Q9H1N7	F8W5I1
Q9H1R3	A8C986
Q9H1V8	A0A8M1P4L1
Q9H1X1	Q5TYW6
Q9H1X3	A0A8M1NYL9
Q9H1Y0	F1RDC0
Q9H1Y3	A9NJI7
Q9H1Z4	Q502L6
Q9H1Z9	A0A8M1PZB9
Q9H201	E7F2A4
Q9H204	Q5RKN3
Q9H211	A0A8N7T7X4
Q9H221	A0A8M1NFQ3
Q9H222	B3DG12
Q9H223	A0A8N7TBW1
Q9H227	Q502A1
Q9H237	A0A8M3B1X0
Q9H239	A0A8M1PUJ9
Q9H244	E7F2G6
Q9H251	Q6QQE1
Q9H257	A0A8M3ASN6
Q9H267	Q58EN8
Q9H269	A5D6T0
Q9H270	Q4G0A0
Q9H295	A0A8M9PJQ0
Q9H299	Q7ZUC9
Q9H2A2	Q66I21
Q9H2B2	Q6PBU6
Q9H2C0	A0A2I4KBP1
Q9H2C1	P52889
Q9H2C2	A8WFV2
Q9H2E6	Q6P7E1
Q9H2F3	F1QEV3
Q9H2G2	A0A8M2B3N5
Q9H2G9	B8JM41
Q9H2H0	A0A8M1Q7Z2
Q9H2H8	Q6IQL3
Q9H2I8	Q501Y0
Q9H2J4	Q6P268
Q9H2J7	Q1LVQ4
Q9H2K0	A0A8M1P7U4
Q9H2K8	A0A8M3B289
Q9H2L4	Q6DBS7
Q9H2M9	A0A8M6YTS4
Q9H2P0	A0A8M3B615
Q9H2P9	A0A8M1N3B4
Q9H2S1	A0A8N7UVC3
Q9H2S6	A9JRD2
Q9H2S9	A0A8M3AMX3
Q9H2U1	A0A8M1NHJ3
Q9H2V7	Q7ZU13
Q9H2W2	A0A8N7UZE4
Q9H2W6	Q6DGR0
Q9H2X6	A0A8M1NF65
Q9H2Y7	F1QN33
Q9H2Y9	A0A8N7UQP5
Q9H305	A6H8U1
Q9H307	A0A8M1NUL0
Q9H310	Q7T070
Q9H313	A0A8M3AHW7
Q9H324	A0A8M1NG56
Q9H329	A0A8M2B4V0
Q9H330	A0A8M1PSG2
Q9H334	Q2LE08
Q9H336	F1QHW4
Q9H3C7	A0A8M1NCD3
Q9H3D4	Q8JHZ6
Q9H3E2	C6K2H9
Q9H3F6	Q6P7X5
Q9H3G5	Q7ZU43
Q9H3H1	Q1LWL7
Q9H3H3	Q6NWH0
Q9H3H5	A2BFS6
Q9H3J6	A5WUX7
Q9H3K2	Q6NYV2
Q9H3K6	Q502F6
Q9H3L0	B0UYB6
Q9H3M0	A0A8M2B351
Q9H3M7	Q7ZWB6
Q9H3N1	A0A8M1NI57
Q9H3P2	E7FFE0
Q9H3P7	Q5RHP5
Q9H3R0	Q1LUQ0
Q9H3R5	A8WHV8
Q9H3S3	X1WBX7
Q9H3S4	F1RBJ9
Q9H3S5	Q7T310
Q9H3S7	F1Q653
Q9H3U5	Q32LQ6
Q9H3U7	A0A8M6Z9N4
Q9H3Y6	A0A8M1NIX1
Q9H410	E7FD92
Q9H422	Q1LUZ7
Q9H426	A0A8N7TBZ5
Q9H444	Q6IQ73
Q9H446	A0A8M1N0L5
Q9H467	Q6TLH3
Q9H469	Q6NW95
Q9H477	Q6IQD5
Q9H488	A0A8N7V080
Q9H490	D5MQ15
Q9H492	Q6NX90
Q9H497	A9C3S4
Q9H4A4	Q6DGD8
Q9H4B0	Q32LQ3
Q9H4B4	Q7ZVM4
Q9H4B6	Q66HX5
Q9H4D0	A0A8M3B0F0
Q9H4E5	Q5TZD5
Q9H4F8	A0A8M9PKH8
Q9H4G0	A0A8M3B5Y6
Q9H4G4	Q5XJ73
Q9H4H8	A4QP72
Q9H4I3	Q7SXD1
Q9H4I9	A0A8M1P2S1
Q9H4K1	E7F099
Q9H4K7	E9QCB3
Q9H4L5	A0A8N7UTD4
Q9H4P4	Q7ZW16
Q9H4Q3	F1R7D7
Q9H4Q4	Q5U3V3
Q9H4S2	Q5QHS3
Q9H4W6	A0A8M9PVV6
Q9H4X1	Q6GMK3
Q9H4Z2	A0A8M2BEI4
Q9H4Z3	A0A0R4IKJ1
Q9H501	A0A8M1PBS9
Q9H511	Q6Q7X9
Q9H553	A0A8M6YTF8
Q9H583	Q7SY48
Q9H598	A1L1T3
Q9H5F2	A0A0G2L2X8
Q9H5I5	A0A8M9PXR1
Q9H5J0	A0A0R4IWF3
Q9H5J4	Q6PC64
Q9H5K3	Q5U3W1
Q9H5P4	D6BNA9
Q9H5Q4	B7ZVD7
Q9H5U6	A8WG80
Q9H5V7	Q6DBW0
Q9H5V9	Q66I61
Q9H5X1	Q6PBY9
Q9H5Y7	A0A0R4IS19
Q9H5Z6	A0A8M3APH5
Q9H611	Q7ZV90
Q9H628	Q6DGN0
Q9H633	Q6DBZ7
Q9H649	Q4KMK0
Q9H665	A0A8M1Q196
Q9H668	B8JKF4
Q9H672	A0A8M2BJJ8
Q9H694	A0A8N7TBW3
Q9H6D7	A0A8M9Q325
Q9H6E5	Q4KMD7
Q9H6F2	Q6P2T0
Q9H6F5	A0A8M1NPZ6
Q9H6I2	Q5PQZ5
Q9H6J7	Q6DGK9
Q9H6K1	Q5BL31
Q9H6K4	Q1L9A2
Q9H6L2	Q7T316
Q9H6L4	Q08BY8
Q9H6L5	A0A8M1Q245
Q9H6P5	A5PMQ0
Q9H6Q4	A2RRV9
Q9H6R0	X1WET4
Q9H6R3	A0A8N7TBI0
Q9H6R4	F1Q4S6
Q9H6R6	E7F6D7
Q9H6R7	Q5RFV8
Q9H6S0	A0A8M9Q954
Q9H6S1	Q6NZS7
Q9H6S3	X1WFM8
Q9H6T3	A0A8M1PAY5
Q9H6U6	A0A8M9QPS4
Q9H6U8	A0A8M3AZY9
Q9H6V9	B3DII8
Q9H6W3	A3KP59
Q9H6X4	Q7T382
Q9H6X5	A0A8M1Q778
Q9H6Y2	Q6DRF9
Q9H6Y7	A0A8M2BCW7
Q9H706	Q7ZVU1
Q9H714	A0A8M3BCH1
Q9H741	Q503V3
Q9H765	Q7T386
Q9H772	A0A8M3AYP8
Q9H773	Q7T009
Q9H777	A0A8M9PXC3
Q9H788	A0A8M2B2I8
Q9H790	F1Q514
Q9H792	A0A8M1QKL9
Q9H799	A0A8M9Q691
Q9H7B2	Q6P0C5
Q9H7B4	Q32LV8
Q9H7C4	F1RA90
Q9H7C9	Q502H1
Q9H7D0	A8E1V7
Q9H7E2	Q6NYG6
Q9H7E9	Q5BJC4
Q9H7F0	A0A8M3AXS1
Q9H7H0	A0A0R4IJY0
Q9H7L9	B8JJJ1
Q9H7M9	Q08CH5
Q9H7N4	A0A8M2BBI6
Q9H7P6	A0A8M6Z6D7
Q9H7P9	A0A8M9PC17
Q9H7S9	Q90ZE2
Q9H7V2	A0A8M1PYN0
Q9H7X0	A3KPA3
Q9H7X2	B3DI09
Q9H7X7	Q567Y6
Q9H7Y0	A0A8N7TFN4
Q9H7Z3	E7F365
Q9H7Z6	Q7SXF3
Q9H813	Q7SY31
Q9H814	Q68EH5
Q9H816	B0V2S2
Q9H819	A8WG70
Q9H832	Q6DG60
Q9H840	A0A8M1NVN6
Q9H845	Q1ED16
Q9H857	Q08C96
Q9H867	X1WE47
Q9H875	Q568A0
Q9H892	A0A8M3B119
Q9H8E8	A0A8M1N160
Q9H8G2	E7F2J7
Q9H8H0	Q4V9P9
Q9H8H2	A0A8M9PQY5
Q9H8J5	A0A8M2BGF9
Q9H8M1	Q567E6
Q9H8M2	Q7ZUF2
Q9H8M7	A0AUR5
Q9H8P0	Q5RIU9
Q9H8S5	Q1LVI4
Q9H8T0	Q7ZYX1
Q9H8U3	Q4KMI6
Q9H8V3	A0A8M2B2N3
Q9H8W3	A0A8M2B3H6
Q9H8W4	Q7ZUV1
Q9H8W5	A0A8N7T6Z0
Q9H8X2	Q4JL91
Q9H8Y1	Q08C99
Q9H8Y5	A0A8M6Z8J2
Q9H8Y8	Q6PC76
Q9H900	A5WWB6
Q9H902	A0A8M9P9M3
Q9H910	F1Q6E4
Q9H920	E7EYE4
Q9H939	A0A8M3BCU8
Q9H944	Q6DBX1
Q9H967	A0A8M9Q1Q9
Q9H977	A0A8M2BCK5
Q9H981	P59679
Q9H992	A0A8M1NG75
Q9H993	Q58EM4
Q9H9A5	Q08CL8
Q9H9A6	Q7SXW3
Q9H9A7	Q7ZVM9
Q9H9B1	A0A8M9P384
Q9H9B4	Q6DC00
Q9H9C1	Q5TYV4
Q9H9D4	E7FAN3
Q9H9E1	A2BGZ3
Q9H9E3	Q29RB1
Q9H9F9	Q7SXV8
Q9H9H5	A0A8M2BJ83
Q9H9J2	F1RB48
Q9H9J4	F1QY38
Q9H9L3	A3KH10
Q9H9L7	B0BLV7
Q9H9P2	Q568T5
Q9H9P8	A0A8M1NRK2
Q9H9Q4	Q6NV18
Q9H9R9	E7FDE8
Q9H9S4	Q5U373
Q9H9S5	A4QP37
Q9H9T3	Q5RIC0
Q9H9V4	A0A8M1P329
Q9H9V9	Q08BY5
Q9H9Y2	Q6IQU6
Q9H9Y4	Q6PUR6
Q9H9Y6	B8JKD7
Q9HA38	E7EZ09
Q9HA47	Q66I71
Q9HA64	A8KBX3
Q9HA65	A0A8M2BB85
Q9HA77	A0A8N7USR1
Q9HA90	A0A8M1RDV0
Q9HA92	A4IGH2
Q9HAB8	Q1JPU8
Q9HAC7	A0A8M9PG48
Q9HAD4	F1Q4U0
Q9HAE3	Q1LWZ0
Q9HAF1	Q6AZD3
Q9HAJ7	Q6NYV5
Q9HAN9	E9QH56
Q9HAP2	F1Q8E5
Q9HAP6	Q2M5E9
Q9HAQ2	F1QYE9
Q9HAR2	A0A2R8QM07
Q9HAS0	A0A8M2BB60
Q9HAT2	Q1LUX8
Q9HAT8	Q6DHJ8
Q9HAU0	A0A8M9PHD6
Q9HAU4	A9JRZ0
Q9HAU5	A0A8M6YZM1
Q9HAU8	A0A8M1P4E2
Q9HAV4	A0A8M6Z413
Q9HAV7	Q32PS5
Q9HAW4	A0A8M9P220
Q9HAY6	Q7ZTS0
Q9HAZ2	A0A8M9QEA0
Q9HB07	A0A140LG01
Q9HB09	E7F279
Q9HB19	A0A8M2BE46
Q9HB20	Q7SXV5
Q9HB31	Q8JJ26
Q9HB40	Q7ZVE2
Q9HB63	A0A0R4IFE9
Q9HB65	A0A8N7UVZ0
Q9HB71	Q6NYG2
Q9HB75	A0A8M9PN05
Q9HB96	Q1X871
Q9HBA0	A0A8M2BCH8
Q9HBD1	F1Q4N1
Q9HBE1	X1WGP9
Q9HBE5	X1WC58
Q9HBF4	E7F242
Q9HBG6	Q6NYH1
Q9HBG7	A0A8M1QLT4
Q9HBH0	Q502M0
Q9HBH1	Q4V8U4
Q9HBH5	Q5XJB5
Q9HBI0	A3KNP3
Q9HBI1	Q6PC42
Q9HBI5	E7EZM5
Q9HBJ8	A0A8M1NLV3
Q9HBK9	Q29R95
Q9HBL0	A0A8M9PT37
Q9HBL6	E7F6K4
Q9HBL7	Q499A2
Q9HBM1	B0UYS8
Q9HBR0	A0A8M6Z226
Q9HBU1	Q503F2
Q9HBU6	Q5RGY0
Q9HBU9	Q6JWV8
Q9HBV1	Q6JWW1
Q9HBW1	A0A8M1NE02
Q9HBW9	Q7SY09
Q9HBX8	P0DM44
Q9HBX9	D9IDV5
Q9HBY8	A8WG09
Q9HBZ2	Q9DG12
Q9HC07	Q8JJ62
Q9HC10	Q5SPC5
Q9HC21	Q6TLF4
Q9HC24	Q5TZH2
Q9HC29	F8W3K2
Q9HC35	A0A8M6Z9Q6
Q9HC36	Q566V3
Q9HC38	Q66I87
Q9HC44	A0A0R4IH70
Q9HC56	A0A8M3B339
Q9HC57	A0A8M1NF77
Q9HC58	A0A8N7T746
Q9HC62	A0A8N7UST5
Q9HC77	E7FCY1
Q9HC78	A0A8M9QE99
Q9HC96	A0A8N7UW33
Q9HCB6	O42113
Q9HCC0	Q6NWI5
Q9HCC9	A0JMD2
Q9HCD5	A0A8M2BDI8
Q9HCD6	A0A2R8Q7B6
Q9HCE0	A5WUT8
Q9HCE3	A0A8M2B806
Q9HCE5	Q6NZ22
Q9HCE7	Q6PCR3
Q9HCF6	A0A8M9PKZ6
Q9HCG7	E7F5W0
Q9HCG8	Q08C72
Q9HCH0	A0A8M2B982
Q9HCI7	A0A8M1NS97
Q9HCJ1	P58368
Q9HCJ2	Q503I7
Q9HCJ3	A0A8M1Q1M8
Q9HCJ5	A0A8M1NJH3
Q9HCK0	B0JZM7
Q9HCK1	A0A8M9PZU1
Q9HCK4	A0A8M9Q0I3
Q9HCK5	K4IAH1
Q9HCK8	B0R0I6
Q9HCL2	A0A8M3BEA0
Q9HCM2	Q6BEA0
Q9HCM4	Q6NYK4
Q9HCN4	Q6DC83
Q9HCN8	A2BIR7
Q9HCP0	Q5PRD4
Q9HCQ5	A0A8M1Q7A7
Q9HCR9	A0A8N7UQY9
Q9HCS5	O57457
Q9HCS7	Q1LY92
Q9HCU4	A0JBX1
Q9HCU5	Q6DHN1
Q9HCU8	F1R563
Q9HCX4	U3N9R0
Q9HD15	A0A8M2BL77
Q9HD20	F1R1X4
Q9HD23	A0A8N7TE64
Q9HD26	Q6PHG0
Q9HD33	E7F6A5
Q9HD34	B8JLQ0
Q9HD40	Q803A7
Q9HD42	Q6PHF0
Q9HD45	Q7ZV33
Q9HD47	A3KPP3
Q9HD67	B0S541
Q9HD90	A0A8M1PDX7
Q9HDC9	Q803F5
Q9HDD0	A0A0R4IY06
Q9NNW5	A0A8M2BEZ5
Q9NNW7	A0A8M3AZC6
Q9NNX1	A0JML6
Q9NNZ3	Q7ZUS6
Q9NP50	Q5RJ79
Q9NP58	A0A8M2B7F7
Q9NP59	Q9I9R3
Q9NP60	B6ZK78
Q9NP64	F1QI96
Q9NP66	A3KNQ1
Q9NP71	A0A0R5P9V6
Q9NP73	E9QIU2
Q9NP74	A0A8M9PNK9
Q9NP77	Q6PC19
Q9NP78	A3KGZ4
Q9NP79	A0A2R8RJY3
Q9NP80	A0A8M1QUK8
Q9NP81	Q7SXG8
Q9NP87	Q7ZUU0
Q9NP90	A0A8M3BF01
Q9NP92	A3KP99
Q9NP97	Q7ZUX8
Q9NPA0	Q5TYV0
Q9NPA8	Q6DH42
Q9NPB0	Q5RGA5
Q9NPB3	A0A0R4IU57
Q9NPB6	A6YIE1
Q9NPB8	A0A8M9PHA0
Q9NPC2	A0A8M1NHJ6
Q9NPC3	A0A8M6Z7T5
Q9NPD3	Q6PBZ8
Q9NPD7	Q6DGP8
Q9NPD8	Q08BH7
Q9NPE2	Q1JPS4
Q9NPE3	Q6DRH5
Q9NPF2	Q7T3S3
Q9NPF4	Q5RHZ6
Q9NPF5	Q7ZUN3
Q9NPF8	A0A8M9Q881
Q9NPG1	A0A8M2B7P5
Q9NPG2	Q90YJ2
Q9NPG4	E7F5T8
Q9NPG8	F1QAM1
Q9NPH0	A8WG92
Q9NPH3	A0A8M9PLW3
Q9NPH5	A0A8M2BKR5
Q9NPI0	E7FDE0
Q9NPI1	A0A8M1PF17
Q9NPI6	Q803I0
Q9NPI8	A4QNZ2
Q9NPI9	A0A8M3B7L6
Q9NPJ1	A0A8M9QNB5
Q9NPJ3	A0A8M2B6F6
Q9NPJ4	B7TWP7
Q9NPJ6	Q561X3
Q9NPL8	Q568N3
Q9NPQ8	Q642H7
Q9NPU4	A0A286YBL2
Q9NPY3	A0A8M2B5E9
Q9NPZ5	Q6DBR2
Q9NQ11	A1A5E5
Q9NQ30	Q08CJ3
Q9NQ31	Q1L8C6
Q9NQ32	A0A8M9PMH1
Q9NQ34	Q6IQA1
Q9NQ36	Q5G872
Q9NQ40	B0S5Y3
Q9NQ48	Q7ZV21
Q9NQ50	Q66I86
Q9NQ55	Q7ZVK7
Q9NQ69	Q1LWV4
Q9NQ75	A0A8M1PUX2
Q9NQ79	A0A8M6Z2E1
Q9NQ84	A7MBX2
Q9NQ86	A1L1F2
Q9NQ89	A0JMN9
Q9NQ94	A0A8M3BE00
Q9NQC1	E7F8E2
Q9NQC3	Q4G5W2
Q9NQC7	E7FEV5
Q9NQC8	A7MBP4
Q9NQE7	A0A8M9PCS2
Q9NQE9	Q5PNN8
Q9NQG1	A0A8M1P6N5
Q9NQG5	A0A8M2B9C1
Q9NQG6	A4IG61
Q9NQG7	Q7ZTX8
Q9NQH7	Q6NYT0
Q9NQI0	O42107
Q9NQL2	A0A8M1NDV2
Q9NQL9	P83758
Q9NQP4	A0A8M1RL59
Q9NQQ7	F1R7R7
Q9NQR1	Q071E0
Q9NQR4	Q4VBV9
Q9NQR7	A0A8M9P9N1
Q9NQS1	A0A8M2B7P7
Q9NQS5	A0A8M9QA22
Q9NQS7	A0A8M3ANV3
Q9NQT4	A0A8M1NAS6
Q9NQT5	Q4KMD2
Q9NQT8	A0A8M2BH26
Q9NQV5	F1R557
Q9NQV6	A2BID7
Q9NQV8	A2BG51
Q9NQW6	A0A8M2B6G3
Q9NQW7	A0A286Y8E9
Q9NQX0	A0A8M9QAG5
Q9NQX1	F1Q8J8
Q9NQX4	E7FCI5
Q9NQY0	B1H1H2
Q9NQZ2	Q66I02
Q9NQZ5	A0A8N7UVX5
Q9NQZ6	Q7T3I0
Q9NR00	Q5BJJ4
Q9NR09	A0A8M9Q2B0
Q9NR12	Q6P7E4
Q9NR19	A0A8M1P9T3
Q9NR20	A0A8M3AP26
Q9NR21	A0A8M9PHX4
Q9NR30	A0A8M1NHL0
Q9NR33	A0A8M6Z8Q3
Q9NR34	A0A8M9PDY2
Q9NR45	Q6P0K4
Q9NR46	A0A8M9Q303
Q9NR48	A0A8M2B6D3
Q9NR50	Q7ZTY5
Q9NR55	Q0P430
Q9NR56	A5YC46
Q9NR61	Q1ECY3
Q9NR63	Q6EIG3
Q9NR71	Q5W7F1
Q9NR77	Q66HU7
Q9NR80	A0A8M3B055
Q9NR81	A0A8M2B905
Q9NR82	F1RB62
Q9NR96	B3DJW3
Q9NRA0	A0A8M9PK50
Q9NRA1	A0A8N7TD29
Q9NRA2	Q08CH2
Q9NRA8	E7FDR0
Q9NRB3	A0A8M1PJP0
Q9NRC1	Q1RLU8
Q9NRC6	A0A8M9PEW4
Q9NRC8	A0A8M1Q760
Q9NRD0	Q1RLU2
Q9NRD5	Q08BM4
Q9NRE2	A0A8M2BLH4
Q9NRF9	Q6PBL4
Q9NRG0	Q5EAR4
Q9NRG4	Q5BJI7
Q9NRG7	Q08C46
Q9NRG9	Q6NW98
Q9NRH2	F1QM17
Q9NRI5	B8PWL7
Q9NRJ4	A0A8M9PP39
Q9NRK6	F1Q5K6
Q9NRL2	A0A8N7TEI0
Q9NRL3	A0A8M9PC77
Q9NRM0	A0A8M6Z9W0
Q9NRM2	Q7SYJ7
Q9NRM7	B0S8I4
Q9NRN7	Q4V8T8
Q9NRN9	F1QVR8
Q9NRP0	Q7ZWJ3
Q9NRP2	Q6DHJ6
Q9NRP4	Q5XIY4
Q9NRP7	A0A8M3B9P5
Q9NRQ5	A0A8M1P674
Q9NRR1	A0A8M9QP88
Q9NRR3	A9JR56
Q9NRR4	A2RV16
Q9NRR5	Q4G000
Q9NRR6	A0A8M1NEC2
Q9NRR8	Q6TEL3
Q9NRS6	A9JT54
Q9NRU3	A0A0G2KKC2
Q9NRW1	A0A8M2BDC5
Q9NRW4	Q566R7
Q9NRW7	A8E7N5
Q9NRX1	Q6VEU3
Q9NRX2	Q66I81
Q9NRX4	Q6DC18
Q9NRX5	Q7SZW7
Q9NRX6	Q6AZW1
Q9NRY2	Q7ZV26
Q9NRY5	A0A8M6YX33
Q9NRZ5	Q6PGY2
Q9NRZ7	Q7ZWC9
Q9NRZ9	Q3BDS6
Q9NS15	F1QFX6
Q9NS18	A0A0R4ILJ8
Q9NS23	Q66HV2
Q9NS28	A0A8M2BAL5
Q9NS37	A0A8M3AWY9
Q9NS39	A0A8N7T6M9
Q9NS40	A0A8M9QAQ4
Q9NS56	A0A8M1P6B6
Q9NS61	A0A8M1RTI3
Q9NS62	A0A8M1PZ64
Q9NS66	Q9I918
Q9NS68	Q1ECV9
Q9NS69	Q6IQJ1
Q9NS73	A0A8M1NZD4
Q9NS84	A0A8M2BDD0
Q9NS85	Q3B739
Q9NS86	A2RUX2
Q9NS87	A0A8M1REI0
Q9NS91	Q803L3
Q9NS93	A0A8N7TDJ4
Q9NS98	M9MM97
Q9NSA2	B0UYF4
Q9NSA3	Q9I903
Q9NSB8	Q502P2
Q9NSC2	F1QI36
Q9NSD5	A0A8M1REL7
Q9NSD7	B3DJ81
Q9NSD9	Q5RKM6
Q9NSE4	A0A8M1NS03
Q9NSG2	Q5TYP4
Q9NSI2	Q1LWH6
Q9NSI6	A0A8M1QKF7
Q9NSK0	Q7ZVT4
Q9NSN8	A0A8M1REF7
Q9NSP4	Q7ZZC6
Q9NSY2	A0A8M6YZC0
Q9NT62	Q6PFS7
Q9NT68	A0A8M9QKX8
Q9NTG7	A0A8M3AUK3
Q9NTI2	A0A8M6Z4T1
Q9NTI5	A0A0R4IP12
Q9NTI7	A0A8M2BF34
Q9NTJ3	A0A8N1TUC6
Q9NTJ4	A0A8M3B7A6
Q9NTK5	Q7ZU42
Q9NTM9	Q5XJE1
Q9NTN3	Q6DRD7
Q9NTQ9	B3DIR8
Q9NTU7	A8WG47
Q9NTW7	F1R1S6
Q9NTX5	F1R6N4
Q9NTX7	Q7ZUK0
Q9NTZ6	Q6XLI5
Q9NU02	Q5TZ64
Q9NU19	A0A8M3B1S8
Q9NU22	A0A8M1RP38
Q9NU23	Q5RIM0
Q9NU53	Q5RII3
Q9NUA8	A0A8M2BKP8
Q9NUB1	A0A8M1ND09
Q9NUC0	A0A8M1PS78
Q9NUD5	A0A8M9PSU8
Q9NUD7	A0A8N7TF22
Q9NUD9	A0A8M1NWM6
Q9NUG4	A0A8M6Z4N2
Q9NUG6	Q566S5
Q9NUI1	Q6NV34
Q9NUJ3	Q58EK1
Q9NUJ7	A0A8M9Q712
Q9NUK0	A0A8M3AGP9
Q9NUL3	Q7ZW47
Q9NUL5	A7YY07
Q9NUL7	Q08BL1
Q9NUM3	Q5BL29
Q9NUM4	Q1LWC2
Q9NUN5	Q5PR61
Q9NUN7	A0A8M1P6A3
Q9NUP1	Q6DBS6
Q9NUP7	Q58EK9
Q9NUP9	Q66IB0
Q9NUQ2	A0A8M1NAW1
Q9NUQ3	F1QZ20
Q9NUQ7	Q7T347
Q9NUQ8	A0A8M6Z1M3
Q9NUQ9	Q6NYL6
Q9NUR3	X1WFQ7
Q9NUS5	B8JKA7
Q9NUT2	Q56A55
Q9NUV7	Q6DC52
Q9NUW8	F8W5U2
Q9NUX5	F1D6H6
Q9NUY8	Q7SXV1
Q9NUZ1	A0A8N7T877
Q9NV06	Q803X4
Q9NV23	A0A8M9PB35
Q9NV29	A0A8M1RS32
Q9NV31	A0A8M1P6M9
Q9NV35	A0A8M1P4B1
Q9NV56	Q6PC03
Q9NV58	A0A8M1P8W1
Q9NV64	Q6PH58
Q9NV70	A0A8M9P2G2
Q9NV88	Q08BB6
Q9NV92	Q6PCS5
Q9NVA1	Q08CE4
Q9NVA4	B8JIG9
Q9NVC3	Q6DEL1
Q9NVC6	Q08BY1
Q9NVD3	Q4V9I9
Q9NVD7	Q6DRM4
Q9NVE4	Q5RHU6
Q9NVE5	A0A8M1QLE0
Q9NVE7	A0A8M1P4R1
Q9NVF7	A0A8M1P937
Q9NVG8	A9JSV4
Q9NVH0	B0JZN3
Q9NVH1	Q802X9
Q9NVH2	Q8JGR7
Q9NVH6	A0A8N7T528
Q9NVI1	A0A8M9PUU2
Q9NVJ2	Q6NZW8
Q9NVK5	Q7T338
Q9NVM1	A4QNW5
Q9NVM4	A2AV36
Q9NVM6	Q7ZUU4
Q9NVN8	Q7SZX9
Q9NVP1	Q6DRL1
Q9NVP4	Q1LXR6
Q9NVQ4	Q6DGY1
Q9NVR0	Q7ZVF7
Q9NVR2	Q6TNU3
Q9NVR5	Q499A3
Q9NVR7	A4QP31
Q9NVS2	Q5TYW5
Q9NVS9	A0A8M1P3D4
Q9NVT9	Q5PR58
Q9NVU0	F1R866
Q9NVU7	Q6NV26
Q9NVV0	Q7ZVP8
Q9NVV4	E7FEW2
Q9NVV5	A0A8M3ATE7
Q9NVV9	Q1JPT7
Q9NVX0	F1Q580
Q9NVX2	F1QDT3
Q9NVX7	Q7ZV61
Q9NW08	F1QQA2
Q9NW13	Q7ZTZ1
Q9NW15	Q4V8U5
Q9NW38	Q6NY39
Q9NW61	Q6P0G8
Q9NW64	Q6NZZ9
Q9NW68	A2BIJ3
Q9NW75	A0A8M1P865
Q9NW81	R4GEM5
Q9NW82	A0A8M9PTQ6
Q9NWA0	A0A8M1RLG6
Q9NWB1	Q642J5
Q9NWB7	Q6IVW0
Q9NWC5	Q503F7
Q9NWD8	Q5BKX0
Q9NWF9	A0A8N7TEK8
Q9NWH2	Q4V8S3
Q9NWH7	A0A8M2BEV8
Q9NWH9	F1Q6F9
Q9NWK9	A0A8M6YVB2
Q9NWL6	Q8JFW1
Q9NWM0	A0A8M1PA21
Q9NWM3	A3KNN4
Q9NWM8	Q6DBV9
Q9NWN3	A0A8M2BH27
Q9NWQ8	F6P529
Q9NWQ9	B0R0G9
Q9NWS0	Q1RM55
Q9NWS1	Q1RMA6
Q9NWS8	Q501V2
Q9NWT1	Q6TNS2
Q9NWT6	P59723
Q9NWT8	A7MBV9
Q9NWU1	A0A8N7TE41
Q9NWU5	B0JZC1
Q9NWV4	B3DJJ8
Q9NWV8	Q6AXK4
Q9NWW5	A0A8M2BGW5
Q9NWW7	A0A8M9PZ41
Q9NWX5	A0A8M2BE50
Q9NWX6	Q5U3V1
Q9NWZ3	Q7ZVW7
Q9NWZ5	A0A8M2B8Y1
Q9NWZ8	F1QAZ5
Q9NX00	B3DJK0
Q9NX01	Q3B728
Q9NX05	E9QJ40
Q9NX08	A0JMG2
Q9NX09	Q7T346
Q9NX14	A0A8M1N9R9
Q9NX18	A3KP74
Q9NX20	B8JM36
Q9NX24	Q6PBV6
Q9NX31	Q7T3B4
Q9NX36	Q567G4
Q9NX38	Q1LU93
Q9NX40	Q6NYD7
Q9NX47	Q6NYK8
Q9NX52	Q7ZUN9
Q9NX55	B1WB51
Q9NX57	Q7T378
Q9NX58	A0A8M1PD89
Q9NX61	Q0V947
Q9NX62	Q2YDR3
Q9NX70	Q8JHI6
Q9NX74	E7F220
Q9NX76	Q1LYM1
Q9NX78	E7F5M2
Q9NX94	Q502P9
Q9NX95	Q08CJ9
Q9NXA8	Q6DHI5
Q9NXB0	A3QK09
Q9NXB9	A3KP14
Q9NXC2	E7FCE9
Q9NXC5	Q802U2
Q9NXD2	A0JMF6
Q9NXE4	Q6PFJ7
Q9NXE8	Q7ZVW8
Q9NXF1	Q803M3
Q9NXF8	Q6DHI1
Q9NXG0	F1QX00
Q9NXG2	A0A8M1PEU6
Q9NXG6	X1WG80
Q9NXH9	A0A8N7TED0
Q9NXJ5	Q504F8
Q9NXL2	A0A8M3ASM7
Q9NXL9	F1QDI9
Q9NXN4	Q66HX8
Q9NXP7	A3KGZ3
Q9NXR7	Q568D5
Q9NXR8	Q6TEM2
Q9NXS3	A0A8M6YTW6
Q9NXU5	F1RDR4
Q9NXV2	Q6NYY3
Q9NXV6	F1QZX8
Q9NXW2	Q7SXR2
Q9NXW9	A0A8M1P7U9
Q9NY12	Q7ZVE0
Q9NY15	E0CZJ3
Q9NY26	P59889
Q9NY27	Q6P964
Q9NY30	Q08ES4
Q9NY33	Q6DI20
Q9NY43	Q6YI96
Q9NY59	B1B5D9
Q9NY61	F1R1W8
Q9NY64	Q7ZWH3
Q9NY72	A0A8M3ASQ5
Q9NY93	Q6DRE7
Q9NY97	E9QF32
Q9NY99	A0A8M6Z1K0
Q9NYA1	A0A8M1RS71
Q9NYA4	A0A8M1RI73
Q9NYB0	Q6NYJ3
Q9NYB5	B3DJD4
Q9NYB9	A0A8M6Z2K8
Q9NYF0	Q6QZN6
Q9NYF3	A9JTF4
Q9NYF5	A0A8M1P9F6
Q9NYG2	A0JPF8
Q9NYG5	Q08BH9
Q9NYH9	A9JTC5
Q9NYI0	A0A8M9PTT3
Q9NYJ1	E7F2T5
Q9NYJ8	Q5RFW2
Q9NYK1	A0A8M9QKF3
Q9NYK5	Q7T3F9
Q9NYK6	Q503Y8
Q9NYL2	B0S4Y7
Q9NYL4	Q7ZZA3
Q9NYL5	Q5VSI8
Q9NYM4	A0A8M1PSM8
Q9NYM9	Q68EL3
Q9NYN1	Q7SZ59
Q9NYP3	A0A8M9PJE0
Q9NYP7	Q8AX86
Q9NYP9	A0A8M9PYB8
Q9NYQ3	A0A8M2BF11
Q9NYQ7	A0A8M3B4X6
Q9NYQ8	E7FB42
Q9NYR9	Q6DGL2
Q9NYS0	Q6DGQ1
Q9NYT0	B3DLH5
Q9NYU1	A0A8M3AW54
Q9NYU2	A0A8M9QEQ5
Q9NYV4	A0A8M1RMR6
Q9NYV6	A0A0R4ICI5
Q9NYY3	A0A8M1RNL4
Q9NYY8	A0A8N7UR43
Q9NYZ2	Q287T7
Q9NYZ3	F1QTT7
Q9NZ01	A0A8M9QLQ8
Q9NZ09	F6P6X0
Q9NZ32	Q7ZVU0
Q9NZ42	Q8JHF0
Q9NZ43	Q7ZTY7
Q9NZ45	Q6PGY7
Q9NZ53	A0A8N7TDD8
Q9NZ56	A0A8M6Z1H7
Q9NZ63	Q5XJ46
Q9NZ71	P0C928
Q9NZ72	A0A8M1Q1S2
Q9NZ94	A0A0R4IJ74
Q9NZA1	Q6NXB5
Q9NZB8	A0A8M3AJ79
Q9NZC3	Q7ZUV3
Q9NZC4	Q29R87
Q9NZC7	Q803A8
Q9NZC9	B2ZFP3
Q9NZD2	A2BG43
Q9NZD8	Q6PC62
Q9NZE8	Q0D286
Q9NZH0	A0A8M1P347
Q9NZI2	A0A8M9PNN7
Q9NZI5	A0A8M1QLT7
Q9NZI7	A0A8M2B6I9
Q9NZI8	Q08CK7
Q9NZJ0	Q5RHI5
Q9NZJ4	A0A8M3APK9
Q9NZJ5	A0A8M2B3B8
Q9NZJ6	Q6DHK4
Q9NZL4	Q98TS3
Q9NZL6	Q6P112
Q9NZL9	Q5BJJ6
Q9NZM4	A0A8M2B5V9
Q9NZM5	Q32LR6
Q9NZN1	B6ZK77
Q9NZN3	Q5TYP7
Q9NZN4	Q6P3J7
Q9NZN8	A0A8M2BA34
Q9NZN9	A0A8M9PIP7
Q9NZQ0	Q6IMK3
Q9NZQ8	A0A0R4IB92
Q9NZQ9	Q9PUQ6
Q9NZR4	O42250
Q9NZU0	A0A8M1NZ16
Q9NZU5	E7FCK0
Q9NZU7	A0A2R8PX62
Q9NZV1	Q7T3Q2
Q9NZV5	Q3Y4E2
Q9NZV6	Q802G6
Q9NZV8	Q5VSI1
Q9NZZ3	Q7T339
Q9P000	A4QN68
Q9P003	A0A8N7T6U1
Q9P013	Q6IQU4
Q9P015	Q6DGM3
Q9P016	Q6PFL8
Q9P021	Q567Z6
Q9P031	Q5RGP9
Q9P032	A0A8M1RMT7
Q9P035	Q7SY06
Q9P055	Q6DHM8
Q9P086	A3KNK7
Q9P0B6	Q5RHZ2
Q9P0I2	Q7SXW4
Q9P0J0	Q6PC49
Q9P0J1	A9JRU2
Q9P0J6	Q1LWG3
Q9P0J7	Q7T321
Q9P0K1	A0A8M9PDU9
Q9P0K7	F1R8J7
Q9P0K9	A0A8M1RMK8
Q9P0L0	Q6DGS7
Q9P0L2	A9JR88
Q9P0L9	A0A8N7UVH6
Q9P0M2	A0A8M9PHQ3
Q9P0M4	Q5TKT2
Q9P0M6	Q4V914
Q9P0M9	Q502C4
Q9P0N8	Q1LVZ2
Q9P0N9	F1QRX7
Q9P0P0	Q7ZW78
Q9P0P8	B7ZD93
Q9P0R6	Q7ZWI4
Q9P0S2	Q568H2
Q9P0S3	Q8JFB7
Q9P0T7	B0S6L8
Q9P0U1	Q0P4E8
Q9P0U3	A0A8M1Q260
Q9P0V9	Q568B3
Q9P0W2	Q503Z1
Q9P0W8	F1QIV7
Q9P0X4	A0A2R8Q1A5
Q9P0Z9	A0A8M1P8J4
Q9P107	A0A8N7UVF1
Q9P109	Q71SG7
Q9P1F3	Q6TGV7
Q9P1Q0	B3DJK6
Q9P1T7	F6NQ15
Q9P1U0	Q1LWR1
Q9P1U1	A0A8M2B9D0
Q9P1W3	X1WEM4
Q9P1Y6	A0A8M2BA76
Q9P1Z9	A0A8M1RNE9
Q9P202	E7F2D8
Q9P203	Q5TZA6
Q9P206	Q1LWM5
Q9P209	Q501X2
Q9P212	A0A8M9PWG9
Q9P217	B8JLP8
Q9P219	A0A2R8QCI3
Q9P225	A0A1D5NT12
Q9P227	A0A8M1RNB3
Q9P241	A0A8M2B2P3
Q9P242	A0A8M1PZF8
Q9P246	A0A8N7UVW8
Q9P253	P59015
Q9P258	Q6NYE2
Q9P260	Q6P6Y1
Q9P270	A0A8M3AW67
Q9P272	Q6PBM3
Q9P273	Q9W7R4
Q9P286	Q6NVJ4
Q9P287	Q5BJJ7
Q9P289	B1WB98
Q9P2B2	F1QAI9
Q9P2B7	B8JIG1
Q9P2C4	F1QYZ0
Q9P2D0	A0A286YAJ6
Q9P2D1	A0A8N7UVB1
Q9P2D3	A0A0R4ISV1
Q9P2D6	A0A8M6Z9L3
Q9P2D7	A0A8M3AXS6
Q9P2D8	A0A8M3ARZ0
Q9P2E2	A0A8M1QQH8
Q9P2E3	A0A8M9PND3
Q9P2E8	Q0P496
Q9P2F6	A0A8M9PSX5
Q9P2F8	A0A8M1RI87
Q9P2G1	A0A8M3AQF9
Q9P2G3	A0A8M1PS01
Q9P2G4	A0A0R4IEV2
Q9P2G9	A2RRV4
Q9P2H0	A0A8M3AS44
Q9P2H3	A0A8M2BKN3
Q9P2I0	F1QVV4
Q9P2J5	A0A8N7T837
Q9P2J9	Q32LW9
Q9P2K1	A0A8M3B5V4
Q9P2K2	A0A8N7TEJ8
Q9P2K3	Q1MT18
Q9P2K5	Q32PS6
Q9P2K6	A4IGE1
Q9P2K8	A0A8M6YXD0
Q9P2K9	A0A8M9QA89
Q9P2L0	A0A8N7UZ93
Q9P2M1	A5PLI4
Q9P2M4	A0A8N7TAE1
Q9P2N2	Q5U3S8
Q9P2N4	G3G3K0
Q9P2N5	F8W2E8
Q9P2N6	Q499B3
Q9P2N7	A0A8M2BCQ1
Q9P2P6	E7F0X8
Q9P2Q2	A0A8M3AJF7
Q9P2R3	A0A0R4IK06
Q9P2R6	A0A8M2B939
Q9P2R7	Q6PBI0
Q9P2S5	B8A4V4
Q9P2S6	A0A8M9PQ11
Q9P2U8	Q5W8I7
Q9P2W1	Q6IQF3
Q9P2W3	Q6DH00
Q9P2W7	A0A8M9PM39
Q9P2W9	Q4VBI7
Q9P2X0	Q1LXA2
Q9P2X3	Q642J4
Q9P2Y5	A0A8M2BKF2
Q9UBB4	B3DJT3
Q9UBB5	Q7ZTV3
Q9UBB6	A0A8M1RMX7
Q9UBB9	Q6DI35
Q9UBC0	Q6PHC9
Q9UBC1	A0A8M2B2C0
Q9UBC2	A0A8M9PFY2
Q9UBC3	Q588C6
Q9UBD5	A0A8M1PHM7
Q9UBD9	F8W2M3
Q9UBE0	Q6IQS6
Q9UBE8	A0A8M6YSB2
Q9UBF2	Q9PUE4
Q9UBF6	Q5EB19
Q9UBF8	Q49GP3
Q9UBF9	A0A8M1RM90
Q9UBG0	A0A286YBI9
Q9UBG7	A0A8M9QBJ6
Q9UBH6	Q1LYM7
Q9UBI1	Q5M9N2
Q9UBI4	A8KBI2
Q9UBI9	Q5RIN9
Q9UBJ2	A0A8M1RT23
Q9UBK2	A0A8M6Z7F8
Q9UBK8	F1RE28
Q9UBK9	Q66IA7
Q9UBL0	A0A2R9YJI6
Q9UBL3	A0A8M1NG69
Q9UBL9	Q7SZL9
Q9UBM1	Q7ZVZ2
Q9UBM7	Q7SXF1
Q9UBM8	Q5U3T0
Q9UBN1	A0A8M1P4D7
Q9UBN4	A0A0R4IM91
Q9UBN7	F8W4B7
Q9UBP0	Q6NW58
Q9UBP5	Q9I9L0
Q9UBP6	Q5XJ57
Q9UBP9	Q32PV0
Q9UBQ0	Q7ZV68
Q9UBQ5	Q567V6
Q9UBQ6	Q08C36
Q9UBQ7	Q504F9
Q9UBR1	Q7T395
Q9UBR4	Q90421
Q9UBR5	A0A8M1RDN2
Q9UBS3	Q4QRD4
Q9UBS4	Q6NYZ0
Q9UBS9	A0A8M2B794
Q9UBT2	Q7SXG4
Q9UBT6	A0A8N7UR17
Q9UBT7	Q1LU92
Q9UBU2	A8KB56
Q9UBU7	B5DDZ2
Q9UBU8	A0A8M1N0P5
Q9UBU9	F1Q7H6
Q9UBV2	A0A8M1NA15
Q9UBV4	A0A8M1NE17
Q9UBV7	A0A8M9PZ57
Q9UBV8	Q6DC93
Q9UBW5	F1QJB5
Q9UBW7	B0S766
Q9UBX0	P79738
Q9UBX1	F1RE14
Q9UBX3	Q7ZWA7
Q9UBX5	Q5XJ74
Q9UBX8	Q802Y5
Q9UBY5	K9M3I1
Q9UBY8	F1QYC0
Q9UBY9	Q5XJD0
Q9UBZ4	Q803D4
Q9UBZ9	B0UY97
Q9UD57	A0A8N7V0C0
Q9UD71	A0A8M1P5C2
Q9UDR5	E7FD66
Q9UDT6	A0A8M9Q4W2
Q9UDW1	A0A8M1P6L2
Q9UDW3	Q6AXL8
Q9UDX5	Q6PCS6
Q9UDY2	A0A8M3B637
Q9UDY4	Q6DEF3
Q9UDY8	A0A8M2BCW4
Q9UEE5	A4IFW6
Q9UEE9	A0A8M1NE11
Q9UEF7	F1RC43
Q9UER7	A0A8M2B6F2
Q9UET6	F1QDU3
Q9UEU0	Q7SY45
Q9UEW3	A0A8M2BH24
Q9UEW8	A0A8M1RIB3
Q9UEY8	A0A2R8Q5P5
Q9UF02	X1WEB1
Q9UF11	A0A8M3AX27
Q9UF12	A0A8M9QIL9
Q9UF33	A0A8M2B746
Q9UF56	A0A8M1PUD8
Q9UFC0	B0R160
Q9UFE4	P0CK98
Q9UFF9	A8E5K6
Q9UFG5	A0A8M9QHW1
Q9UFP1	E7F233
Q9UG01	Q5RHH4
Q9UG56	A1A5T2
Q9UGB7	Q4V8T0
Q9UGC6	A0A8M9PW91
Q9UGC7	A0A8M1RM80
Q9UGH3	A0A8M9PLA9
Q9UGI0	A0JMQ9
Q9UGI6	E7FAT2
Q9UGI8	A0A8M1PGR8
Q9UGJ0	A0A8M9PG44
Q9UGJ1	B3DIU9
Q9UGK8	F1QKS2
Q9UGL1	Q6IQX0
Q9UGM1	A0A8M1PZA1
Q9UGM6	Q5CZN2
Q9UGN5	A0A8M9QIR2
Q9UGP4	A0A8M9Q174
Q9UGP5	Q6P0S1
Q9UGP8	Q6DGY6
Q9UGQ2	A0A8M9PQU8
Q9UGQ3	A0A8N7TDP0
Q9UGT4	A0A8M9PKU1
Q9UGU0	A0A8M9PTA6
Q9UGU5	A0A8M2BB33
Q9UGY1	Q7ZWE7
Q9UH03	A2BGU8
Q9UH36	A0A8M2BJQ4
Q9UH65	Q1LYE0
Q9UH73	A0A0R4IWI1
Q9UH77	E7F6F9
Q9UH92	A0A8M6YYM7
Q9UH99	A0A8M1QKC1
Q9UHA2	Q567E9
Q9UHA3	Q7ZTZ2
Q9UHA4	Q503S6
Q9UHB4	Q6PFP6
Q9UHB6	Q9DEY8
Q9UHB7	A0A8M2BL85
Q9UHB9	A7YYE9
Q9UHC1	A0A8M2B931
Q9UHC9	A0A8M9QJ16
Q9UHD1	Q7T3F7
Q9UHD2	Q0GKD6
Q9UHD4	A0A8M1P2J0
Q9UHD8	Q6TGX3
Q9UHF1	Q1RLZ3
Q9UHF4	A0A8M1NAW2
Q9UHG0	A0A8M6Z1P8
Q9UHI5	E7EXU6
Q9UHI6	P0C218
Q9UHI7	F6NS11
Q9UHI8	A0A8M9PWV9
Q9UHJ3	A0A8M9PM68
Q9UHJ6	A0A8M1PZI4
Q9UHJ9	Q5BL33
Q9UHK0	A8KB24
Q9UHK6	Q503C9
Q9UHL4	Q5CZT1
Q9UHL9	A0A8M9PLI6
Q9UHN1	A0A8M1QV74
Q9UHN6	A3KPQ7
Q9UHP3	A0A8M3B6G9
Q9UHP6	A0A8M1P3V2
Q9UHP9	Q6GMK5
Q9UHQ1	Q6DHP6
Q9UHQ4	Q4VBR6
Q9UHQ9	Q7ZVF8
Q9UHR5	F1QJR8
Q9UHR6	A0JMD6
Q9UHV5	A0A8M1QUY9
Q9UHV7	A0A8M1P4N9
Q9UHV9	Q1JPY6
Q9UHW5	Q6ZM63
Q9UHX1	F1QZ57
Q9UHY1	A4VCF2
Q9UHY7	Q6GMI7
Q9UI08	A0A8M9PH72
Q9UI09	Q498W6
Q9UI10	A0A8M2B7A1
Q9UI12	B0R0V8
Q9UI14	Q6TNR4
Q9UI15	Q6P697
Q9UI17	A0A8M9PCV7
Q9UI26	A0A8M2BEG7
Q9UI30	Q503F3
Q9UI36	A1L2G2
Q9UI40	A0A8M6YXT0
Q9UI43	A0A8N7UUW7
Q9UI46	A0A8M3B4P0
Q9UI95	Q568H3
Q9UIA9	A0A8M2B208
Q9UIC8	Q66L53
Q9UID3	Q155U0
Q9UIF3	Q567M1
Q9UIF7	A0A8N7TAT1
Q9UIF8	A0A8M9Q5B1
Q9UIF9	A0A8M1P2D8
Q9UIG0	A2BIL7
Q9UIH9	Q4KMF2
Q9UII6	A8WGA2
Q9UIJ5	Q5BLG4
Q9UIJ7	A0A8M1PGD5
Q9UIK4	A0A8N7TAN1
Q9UIL4	A0A8N7UUR2
Q9UIL8	A0A8N7URD4
Q9UIQ6	A0A2R8QBK0
Q9UIS9	Q7SZX5
Q9UIV1	Q08BM8
Q9UIW0	Q801E1
Q9UIX4	A8WG04
Q9UJ14	A0A8M9PTA1
Q9UJ37	D2U4U1
Q9UJ41	A0A8M3AWV2
Q9UJ42	B3DKA6
Q9UJ68	A0A8M1NC54
Q9UJ70	A0A8M2BE29
Q9UJ83	Q6NYI5
Q9UJA2	Q6NW82
Q9UJA3	A0A8M1RMD5
Q9UJA5	Q32LR0
Q9UJA9	A0A8M2B7A6
Q9UJC3	Q5TZ80
Q9UJC5	Q6GMK7
Q9UJD0	A5PMY1
Q9UJF2	A0A8M2BIR4
Q9UJG1	Q7ZUX7
Q9UJH8	F1QJ72
Q9UJJ7	Q08C69
Q9UJJ9	A0A8M1MZR8
Q9UJK0	Q6DHT1
Q9UJM8	A4FVH7
Q9UJP4	Q6NYM1
Q9UJQ1	A8WFR0
Q9UJQ4	A0MWC1
Q9UJS0	A0A8M9PNN6
Q9UJT0	Q5SNS3
Q9UJT1	Q6IQ78
Q9UJT9	A1A5X2
Q9UJU2	Q9W7C0
Q9UJU5	A0A8M1PBR1
Q9UJV3	A0A8M3AHW0
Q9UJV8	A0A8M9QC97
Q9UJV9	A0A4P2L339
Q9UJW0	Q561T8
Q9UJX2	Q7ZVH3
Q9UJX3	A9C3Q3
Q9UJX4	A0A8M1PFK7
Q9UJX5	A0A8M2B7D6
Q9UJX6	A0A8M1NZ26
Q9UJY1	Q6PFS1
Q9UJY5	A0A2R8QEJ6
Q9UJZ1	Q7SY50
Q9UK00	A0A0R4IZB2
Q9UK08	Q503Q6
Q9UK17	A0A8M2BEB5
Q9UK23	A0A8M1NEE2
Q9UK28	A8WG81
Q9UK32	Q6PFQ0
Q9UK41	Q6PH25
Q9UK45	A4FVI7
Q9UK53	Q1RLQ9
Q9UK55	A0A8M3AK66
Q9UK58	A4QP43
Q9UK59	Q7T3E4
Q9UK61	A0A8M3ANB2
Q9UK73	E7F7Y4
Q9UK80	A0A8M2B8Z0
Q9UK96	A0A8M1NLE9
Q9UK97	Q6P3K3
Q9UK99	F1R287
Q9UKA1	Q2YDQ5
Q9UKA2	Q5U388
Q9UKA4	A0A8M6Z8J5
Q9UKA8	Q6DG39
Q9UKA9	A5PM68
Q9UKB3	A0A8M1P3R0
Q9UKB5	A0A8M2BEF5
Q9UKD1	E9QCL9
Q9UKD2	Q568C9
Q9UKF6	Q6DRG6
Q9UKF7	A0A8M9PGR9
Q9UKG1	A0A8M9PV15
Q9UKG4	A0A8M2BBY3
Q9UKG9	Q503F8
Q9UKI2	Q66HU1
Q9UKI8	Q90ZY6
Q9UKI9	A0A8M2BJD9
Q9UKJ3	I3IS56
Q9UKK3	A0A8M6Z886
Q9UKK9	Q6IQ66
Q9UKL0	A1L228
Q9UKL3	F1QD18
Q9UKL4	Q8JFD6
Q9UKL6	B3DIL4
Q9UKM9	F1QAY0
Q9UKN5	F1R3R6
Q9UKN7	A0A8M9Q2K6
Q9UKN8	A0A2R8RJ69
Q9UKP4	A0A8M9QD44
Q9UKP5	A0A8M6Z1D0
Q9UKR5	A0A2R8QCL8
Q9UKS6	A0A8M3B1H5
Q9UKS7	A0A0R4IIC7
Q9UKT4	Q0V967
Q9UKT5	A0A8M1RM02
Q9UKT7	Q5XJ37
Q9UKT8	Q503P7
Q9UKU0	A0A8M9P3G8
Q9UKU7	Q7ZYY0
Q9UKV5	F1QB30
Q9UKV8	A0A8M3AKD0
Q9UKX7	Q6P0F8
Q9UKY4	F1Q8R9
Q9UKY7	Q7T370
Q9UKZ1	A4QP78
Q9UKZ4	A0A8N7UV98
Q9UKZ9	Q7SY25
Q9UL01	Q5RGL8
Q9UL12	F1Q5K3
Q9UL15	F1QGM6
Q9UL16	A0A8M1NCB7
Q9UL18	A0A8M2B4V2
Q9UL25	Q08BX0
Q9UL26	Q5U3U2
Q9UL33	A0A2R8S035
Q9UL40	A2RV29
Q9UL45	A0A8M1NBU1
Q9UL46	Q9PUC4
Q9UL51	A0A8N7T6V3
Q9UL62	A0A8M3AXK0
Q9UL63	Q8AYJ5
Q9UL68	Q5TZG3
Q9ULA0	A0A8M2BD52
Q9ULB1	A1XQX0
Q9ULB5	A0A8M2BAG9
Q9ULC3	Q503R5
Q9ULC5	F1RAK0
Q9ULC8	A2CEX1
Q9ULD0	A0A8N7UVR5
Q9ULD4	F6P390
Q9ULD6	E7FCN8
Q9ULD8	A0A8M1QUN4
Q9ULE0	A2RUW9
Q9ULE3	A0A8M9PV68
Q9ULF5	Q6PEH9
Q9ULG1	A0A8M3ARX1
Q9ULG6	A0A8M1PAI3
Q9ULH0	Q7T163
Q9ULI0	A0A8M1REM4
Q9ULI1	A0A8N7TEV6
Q9ULI3	Q6R8J2
Q9ULI4	A0A8M3B220
Q9ULJ3	A0A8N7TFD6
Q9ULJ6	A0A8M2B372
Q9ULJ7	A0A8M6Z154
Q9ULJ8	A0A8M3AVP7
Q9ULK4	Q5RIW8
Q9ULK5	Q8UVJ6
Q9ULK6	Q566M8
Q9ULL1	A0A8M9PWN4
Q9ULL4	A0A8M3B4P7
Q9ULL8	F1Q6C1
Q9ULM0	Q00IB7
Q9ULM3	F1QAV3
Q9ULM6	A8E4T0
Q9ULP0	A0A8M2BA44
Q9ULP9	A0A8M3B6W1
Q9ULQ1	A0A8N7TFG5
Q9ULR0	A4FUN5
Q9ULR3	Q05AL2
Q9ULR5	Q6PBS9
Q9ULS5	Q5RH38
Q9ULT0	A0A8M1QQW3
Q9ULT6	A5WWA0
Q9ULT8	A0A8M3AJX0
Q9ULU4	A0A0R4ISB9
Q9ULU8	A0A8M2BDP0
Q9ULV0	A0A8M9P3E4
Q9ULV1	A0A8M1P6U6
Q9ULV3	A0A8M9Q315
Q9ULV5	Q5CZP2
Q9ULW0	E9QE51
Q9ULW2	Q9W6E3
Q9ULW3	Q503Z6
Q9ULX3	A0A8N7TEG7
Q9ULX6	A0A0H2UKW6
Q9ULX7	A0A8M1P9L3
Q9ULZ3	Q9I9N6
Q9ULZ9	A0A8N7UVC2
Q9UM00	Q6DGW9
Q9UM01	Q2YDQ4
Q9UM11	Q7ZUP9
Q9UM13	E7FCJ1
Q9UM21	A0A8M3AVS0
Q9UM22	Q6DH25
Q9UM54	A0A8M1N1X8
Q9UM73	F8W3R9
Q9UM82	F1QCY8
Q9UMD9	A0A8M2B6Z2
Q9UMQ3	A0A8M1PZJ9
Q9UMR3	Q9I9K7
Q9UMS0	A0A8M1NGP8
Q9UMS4	Q7ZV92
Q9UMS6	E9QFY4
Q9UMX1	Q7ZVZ9
Q9UMX3	Q6DC66
Q9UMX5	Q08CU3
Q9UMX6	Q90WX3
Q9UMX9	A8WG95
Q9UMY1	A0A8N7T719
Q9UMY4	Q803J1
Q9UMZ2	A0A8M2B3R6
Q9UMZ3	A0A8M9PAQ6
Q9UN19	Q567J6
Q9UN36	Q5PR98
Q9UN37	Q08BZ6
Q9UN42	A0A8M1RRE9
Q9UN76	A0A8M1P905
Q9UNA0	G3G3J8
Q9UNA4	Q568P0
Q9UNE0	A0A0R4IGE7
Q9UNE7	A0A8M9P5S7
Q9UNF0	A0A0R4IHF0
Q9UNH5	A0A0R4IVA4
Q9UNH6	A0A8M2B9U9
Q9UNH7	A0A8M1N7C5
Q9UNI6	F1QYI8
Q9UNK0	Q7T361
Q9UNK9	A0A8M9Q6S3
Q9UNL2	Q7ZUR5
Q9UNL4	Q4VBS0
Q9UNM6	Q7ZU69
Q9UNN5	B0UXY9
Q9UNP4	A0JMC3
Q9UNP9	Q561T2
Q9UNQ2	A0A8M1N1K3
Q9UNS1	E7FGL0
Q9UNS2	Q6P2U9
Q9UNX4	Q6PFM8
Q9UNY4	A0A0R4IFG3
Q9UNZ2	Q5U3U1
Q9UNZ5	Q24JV4
Q9UP52	Q5MPX2
Q9UP83	A0A8M1NA26
Q9UP95	F1QBW2
Q9UPE1	A0A8N7TFD0
Q9UPG8	B3DK35
Q9UPM6	Q6BDC4
Q9UPM8	A0A8N7TFG6
Q9UPM9	Q503B7
Q9UPN4	U3JAG9
Q9UPN6	A0A8M1RE49
Q9UPN9	Q6E2N3
Q9UPP1	P0CH95
Q9UPQ0	A0A8M9PZJ6
Q9UPQ3	A0A8M3B0C5
Q9UPQ7	E7FDW2
Q9UPQ8	A4IG63
Q9UPR0	A0A8M1RS83
Q9UPR3	F1R7R1
Q9UPS6	Q1LY77
Q9UPT5	E7FC72
Q9UPT6	L7RKJ8
Q9UPT8	E7FGZ9
Q9UPT9	A6H8I0
Q9UPU3	A0A8M9Q0Q0
Q9UPU5	F1Q6K1
Q9UPU7	E7FB23
Q9UPU9	A0A8M3AJP3
Q9UPV7	A0A8M9QKZ1
Q9UPV9	A0A8M3B1F5
Q9UPW0	A0A8M1P393
Q9UPW5	Q4U2V3
Q9UPW6	A0A8M2BFS5
Q9UPX6	A0A140LFM6
Q9UPY3	Q6TV19
Q9UPY5	A0A140LGS0
Q9UPY6	A1L1Q2
Q9UPZ6	A7MBS7
Q9UQ03	A0A8M9PPU8
Q9UQ13	Q1L8Y7
Q9UQ35	A0A8M1N752
Q9UQ53	Q6GMK0
Q9UQ84	Q803U7
Q9UQ90	A0A8M1QHU6
Q9UQC2	A0A8N7TB91
Q9UQE7	Q803N2
Q9UQF2	A0A8M3AUR2
Q9UQK1	Q6P950
Q9UQL6	A0A8N7T5F3
Q9UQM7	Q32PV2
Q9UQN3	Q6NXD2
Q9UQQ1	A2BGQ8
Q9UQQ2	A0A8M6YZ82
Q9UQR0	A0A8M3B461
Q9UQR1	A0MS83
Q9UQV4	A0A8M1PV41
Q9Y216	Q1RLW5
Q9Y217	Q803S4
Q9Y221	Q503P2
Q9Y222	Q6DG03
Q9Y223	Q6P3K2
Q9Y224	Q7ZUH1
Q9Y225	A0A8M2B6Y0
Q9Y226	A0A8M6YVM2
Q9Y227	A0A8M2BEM8
Q9Y228	A0A8M1RF45
Q9Y230	P83571
Q9Y231	B3DGK8
Q9Y232	A0A8N7T854
Q9Y233	A0A8M6Z293
Q9Y234	Q08CP2
Q9Y236	A0A8M6YSV8
Q9Y237	Q503Y7
Q9Y238	A0A8N7UUL3
Q9Y239	A0A8M1RMD1
Q9Y240	A0A8N7T6P7
Q9Y241	Q7ZZZ4
Q9Y242	A0A8N7T6P4
Q9Y243	D9IL79
Q9Y244	Q6DGT9
Q9Y248	Q4VBJ6
Q9Y251	Q1LVP9
Q9Y252	A0A8M6YW97
Q9Y253	F1Q7Z9
Q9Y255	Q7T388
Q9Y256	A0A8M1QH78
Q9Y257	A0A8M1N7B3
Q9Y261	Q07342
Q9Y262	Q7T2A5
Q9Y263	Q7SXM2
Q9Y265	Q8AWW7
Q9Y266	Q7ZVD2
Q9Y271	Q502K5
Q9Y272	Q6PHV8
Q9Y275	A8WG11
Q9Y276	Q7ZV60
Q9Y278	A0MGY7
Q9Y281	Q6NZW3
Q9Y282	Q803I2
Q9Y283	Q8UVC1
Q9Y284	Q6PC46
Q9Y285	Q1JPX3
Q9Y291	Q6L5P4
Q9Y295	Q7T340
Q9Y296	Q6PBT2
Q9Y2A7	B0S6R1
Q9Y2B0	Q0V965
Q9Y2B1	Q08CD5
Q9Y2B2	A0A8M1P3K2
Q9Y2B5	A0A8M2BH61
Q9Y2B9	E7F462
Q9Y2C2	A0A8M3AWA0
Q9Y2C4	Q502K1
Q9Y2D2	B0V2R5
Q9Y2D4	A0A8M9Q814
Q9Y2D8	X1WH62
Q9Y2D9	A0A8N7TAQ3
Q9Y2E4	A0A8M3ANN8
Q9Y2E5	A0A8M1PZ41
Q9Y2E8	Q5PR36
Q9Y2F5	Q3HSD3
Q9Y2F9	A0A8M1RMF5
Q9Y2G1	A0A8M3AWA7
Q9Y2G3	A0A8M6YVM4
Q9Y2G4	A0A8M9P2G9
Q9Y2G5	B0S641
Q9Y2H1	Q5RH05
Q9Y2H2	A8E7C5
Q9Y2H5	A0A8M9QDM1
Q9Y2H6	A0A8M9PLA6
Q9Y2I1	A0A8M1RI10
Q9Y2I2	A0A8M3B6S1
Q9Y2I6	A0A8M9QFE9
Q9Y2I7	A0A8M3AW30
Q9Y2I8	A0A8M3AVV6
Q9Y2I9	A0A8M9PVH3
Q9Y2J2	A0A8M9P5U9
Q9Y2J4	A1YB07
Q9Y2J8	A0A8M2BJD0
Q9Y2K1	Q6PUQ9
Q9Y2K2	Q6NSM8
Q9Y2K5	A0A8M9QBH4
Q9Y2K6	A5PN09
Q9Y2K7	A0A8M2B724
Q9Y2K9	Q5SQE2
Q9Y2L1	E7FE01
Q9Y2L5	E7FA12
Q9Y2L9	A0A8M9QG10
Q9Y2M0	Q1LWH4
Q9Y2M2	A0A8M2B8N5
Q9Y2M5	A0A8M2BAT8
Q9Y2N7	A0A0R4IBR4
Q9Y2P4	A0A8M1RNM4
Q9Y2P8	A0A8M9Q8F5
Q9Y2Q5	Q6DEG4
Q9Y2Q9	A0JME0
Q9Y2R0	A8KB87
Q9Y2R4	A0A8M1N8X8
Q9Y2R5	Q503X4
Q9Y2R9	Q498Z6
Q9Y2S2	Q0V973
Q9Y2S7	Q6TGW1
Q9Y2T1	P57095
Q9Y2T3	Q502E8
Q9Y2T5	A0A8M9PK69
Q9Y2T6	A0A8M2BB35
Q9Y2U5	E7F683
Q9Y2U8	Q5TZH9
Q9Y2V0	Q08BW6
Q9Y2V2	A0A8M1PFD0
Q9Y2V7	A0A8M1P2Y8
Q9Y2W1	A0A0R4IWW7
Q9Y2W2	Q6P0D5
Q9Y2W3	A0A8M9Q7D0
Q9Y2W6	A0A8M6Z3H4
Q9Y2X0	E7F602
Q9Y2X7	A0A8N7UVA0
Q9Y2X8	A4QNX5
Q9Y2Y0	Q7SYL1
Q9Y2Y1	Q6DGU0
Q9Y2Y6	A1L279
Q9Y2Y9	Q08CN3
Q9Y2Z0	Q5U3E4
Q9Y2Z2	A0A8M3B787
Q9Y2Z4	A0A8M1NT07
Q9Y2Z9	F1RAX8
Q9Y303	Q6P0U0
Q9Y312	F1R8D9
Q9Y314	Q5U3S7
Q9Y315	Q5XJS7
Q9Y316	Q803S3
Q9Y320	Q6IQC7
Q9Y324	Q568H9
Q9Y328	Q6P4P6
Q9Y333	Q5RKP8
Q9Y334	A0A8M1RP01
Q9Y342	A3KQ86
Q9Y343	Q4V8U7
Q9Y345	Q5W8I5
Q9Y365	Q6P0C0
Q9Y366	Q5PRA7
Q9Y375	Q5CZW0
Q9Y376	Q6IQL2
Q9Y385	Q6P7Y0
Q9Y388	A0A8M2BHL6
Q9Y394	Q0P3U1
Q9Y397	F1R013
Q9Y399	A1L2B4
Q9Y3A0	A9JR86
Q9Y3A2	Q7ZUG8
Q9Y3A3	Q6DH28
Q9Y3A4	Q568T7
Q9Y3A5	Q7ZW65
Q9Y3A6	Q7T2E9
Q9Y3B1	Q7ZVG4
Q9Y3B2	A0A8M1NRG4
Q9Y3B3	F1RAM9
Q9Y3B4	Q6IQM0
Q9Y3B6	Q8AWD7
Q9Y3B7	Q6DGU3
Q9Y3B8	A0A8M1PHS9
Q9Y3B9	Q7ZV20
Q9Y3C0	Q5RGJ6
Q9Y3C1	Q6DGI3
Q9Y3C4	F1QZ15
Q9Y3C5	A0A8M1NHK2
Q9Y3C6	Q3KR14
Q9Y3C7	Q6DH26
Q9Y3C8	Q6DEN0
Q9Y3D0	Q6DHF2
Q9Y3D2	Q6NW52
Q9Y3D3	Q5XJB4
Q9Y3D5	A4FVK9
Q9Y3D6	A0A8M1P7J1
Q9Y3D7	Q6PBL0
Q9Y3D8	Q6IQD6
Q9Y3D9	A0A8M2B4M6
Q9Y3E0	Q4V8Q4
Q9Y3E1	Q5FVD1
Q9Y3E2	Q6DEL5
Q9Y3E5	F1Q6B2
Q9Y3E7	Q6NY88
Q9Y3F4	Q7ZW92
Q9Y3I0	Q6NZS4
Q9Y3I1	Q4V8X6
Q9Y3L5	Q5XJT7
Q9Y3M2	Q8JI29
Q9Y3P4	A0A8M1NHF3
Q9Y3P9	A0A8M6Z8C5
Q9Y3R0	A0A8M3ARI0
Q9Y3R5	A0A8M6Z8M9
Q9Y3S2	Q7ZUZ8
Q9Y3T6	A0A8M1PUQ9
Q9Y3T9	A0A8M1N1T6
Q9Y3U8	Q6Q415
Q9Y3V2	Q6PBV4
Q9Y3X0	F1QCF9
Q9Y3Y2	A0A8M9PAT6
Q9Y3Y4	A8WG61
Q9Y3Z3	Q502K2
Q9Y421	Q6GQN4
Q9Y426	A0A8M3BD78
Q9Y450	A0A8M1P708
Q9Y462	A7Y7X5
Q9Y466	Q6DEH0
Q9Y468	A0A8M1RED0
Q9Y471	Q6GML1
Q9Y478	Q6DHM2
Q9Y483	Q1JQ07
Q9Y484	Q7ZUX3
Q9Y485	A0A8M9PIH9
Q9Y490	A0A8M9PTJ3
Q9Y496	A0A8M1N5C3
Q9Y4A5	A0A0R4ITC5
Q9Y4B4	A0A8M2BLB3
Q9Y4B5	A0A8M2BIS7
Q9Y4B6	A0A8M1RHE9
Q9Y4C4	F1QVP4
Q9Y4C8	F1QF98
Q9Y4D2	E7F0B3
Q9Y4D7	Q6DSU3
Q9Y4D8	A0A8M3B4L0
Q9Y4E5	A0A8M1QHV0
Q9Y4E6	A0A8M6YX38
Q9Y4F1	A0A8M6Z6P5
Q9Y4F3	A0A8M9QAJ1
Q9Y4G2	A0A8M9Q8H1
Q9Y4G8	A0A8M6Z9J4
Q9Y4I1	A0A8M9PPQ8
Q9Y4J8	A0A8M3ANS0
Q9Y4K0	A1L1V4
Q9Y4K3	Q6IWL4
Q9Y4K4	A0A8M9Q9K2
Q9Y4L1	Q7ZUW2
Q9Y4L5	A1A601
Q9Y4P1	Q6DG88
Q9Y4P3	E7F4J8
Q9Y4P8	A0A8M1P910
Q9Y4P9	A0A8M6Z3S0
Q9Y4R8	Q7T006
Q9Y4U1	Q5RFU5
Q9Y4W2	A2CF03
Q9Y4W6	A9JRG9
Q9Y4X0	Q6PH60
Q9Y4X4	A7MBV2
Q9Y4Y9	A7E2L8
Q9Y4Z0	Q6P6E4
Q9Y4Z2	B3DFN6
Q9Y508	Q6J0N1
Q9Y512	Q803G5
Q9Y519	A0A8M2B2T9
Q9Y520	A0A8M3AKQ3
Q9Y530	Q503C5
Q9Y534	Q6DGA4
Q9Y535	Q6DGK6
Q9Y546	Q6P5J6
Q9Y548	Q68EH1
Q9Y561	B1WB54
Q9Y566	A0A8M9PRS2
Q9Y570	Q7ZV37
Q9Y573	A0A8M6Z1W3
Q9Y574	Q568K3
Q9Y575	Q7ZV89
Q9Y576	Q6DGC9
Q9Y580	Q6P0F4
Q9Y584	A0A8M1RLZ2
Q9Y586	Q8UUZ1
Q9Y587	Q29RE3
Q9Y592	F1R4Y7
Q9Y597	A0A8N7T806
Q9Y5A7	A0A8M2BHY2
Q9Y5A9	E7F1H9
Q9Y5B0	Q6DRN5
Q9Y5B6	A0A8M1NBH2
Q9Y5B8	Q9PTF2
Q9Y5B9	A5A4L9
Q9Y5C1	A0A8N7UZN6
Q9Y5I4	Q60I64
Q9Y5J1	Q08C85
Q9Y5J3	Q8AXV6
Q9Y5J6	Q568N4
Q9Y5J7	Q9W762
Q9Y5J9	B3DGI9
Q9Y5K1	Q6P0S6
Q9Y5K3	A3KNL3
Q9Y5K5	Q6NWL6
Q9Y5K6	F1R1N9
Q9Y5K8	Q7ZVX8
Q9Y5L0	Q7ZW13
Q9Y5L4	Q6DGJ3
Q9Y5L5	A0A8M1P644
Q9Y5M8	Q6DGW3
Q9Y5N5	Q6DGP3
Q9Y5N6	Q6ZM36
Q9Y5P3	A0A8M2BLE7
Q9Y5P4	Q5M7Y0
Q9Y5P6	Q6DBU5
Q9Y5P8	B0S5T6
Q9Y5Q5	A0A8M3AP01
Q9Y5Q8	E7EZ29
Q9Y5Q9	F1RDA7
Q9Y5R2	A0A8N7UTI0
Q9Y5R4	A9JRU0
Q9Y5R5	Q9W7K3
Q9Y5R6	Q71MM5
Q9Y5R8	A0A8M9PT12
Q9Y5S2	A0A8M9P2Q2
Q9Y5S9	Q5D018
Q9Y5T4	A0A8M1N173
Q9Y5T5	A8HAL1
Q9Y5U2	Q0P4A6
Q9Y5U4	Q8AV60
Q9Y5U5	A0A8M2BDI1
Q9Y5U8	A0A8M1N0F9
Q9Y5U9	Q4VBI2
Q9Y5V0	Q6TGY0
Q9Y5W5	Q9W6F9
Q9Y5W7	Q5PNP1
Q9Y5W8	A0A8M9P265
Q9Y5W9	A0A8M9PW72
Q9Y5X1	A0A8M9PBT0
Q9Y5X2	A0A8M1P923
Q9Y5X3	Q803H8
Q9Y5X4	Q5U3F3
Q9Y5X9	Q803Y3
Q9Y5Y0	A0A8M1N772
Q9Y5Y2	Q3B7Q7
Q9Y5Y3	A0A8M2BEU6
Q9Y5Y4	A0A8M3AUQ4
Q9Y5Y5	Q4QRH7
Q9Y5Z0	A0A8M3AH32
Q9Y5Z4	Q7ZVA9
Q9Y5Z6	A0A8M3B925
Q9Y5Z9	E7FB98
Q9Y600	F1QG14
Q9Y603	A2RV31
Q9Y606	A0A8M1N3B0
Q9Y608	A0A8M2BGT5
Q9Y616	B0UYS2
Q9Y617	Q803I7
Q9Y618	A0A8M3AVG1
Q9Y620	E9QHY4
Q9Y625	A7MBT1
Q9Y639	Q6NZV3
Q9Y644	Q6KFX9
Q9Y651	Q6RVD7
Q9Y657	A0A8M1PRR3
Q9Y661	A0A8N7UYK9
Q9Y664	Q6DC73
Q9Y672	A0A8M1N1I1
Q9Y673	Q0P463
Q9Y676	Q566S7
Q9Y679	Q6PBN5
Q9Y680	Q7ZZ60
Q9Y689	Q6DHP0
Q9Y692	A0A8M9PNH6
Q9Y696	Q7ZTT4
Q9Y697	Q1LYQ9
Q9Y698	Q6PFS3
Q9Y6A1	F1QF89
Q9Y6A4	Q6PBJ2
Q9Y6A5	B8A574
Q9Y6A9	Q499B2
Q9Y6B6	Q6PBX2
Q9Y6B7	Q7T3G3
Q9Y6C9	Q9PUL9
Q9Y6D0	Q66I79
Q9Y6D5	A0A8M1RI19
Q9Y6D6	A0A8M3AZ36
Q9Y6D9	D9IWE2
Q9Y6E0	A0A8M2BD45
Q9Y6E2	Q1LUC1
Q9Y6E7	F1QHM6
Q9Y6F1	Q7ZVB0
Q9Y6F6	A0A8M1RDN5
Q9Y6F9	A0A8M1RNK5
Q9Y6G3	F1Q839
Q9Y6G5	Q567Z9
Q9Y6G9	Q1LUM9
Q9Y6H3	A4IGF3
Q9Y6H5	A8WGA8
Q9Y6H8	Q8JFD2
Q9Y6I3	A0A8M1P8T3
Q9Y6I4	A0A8M1NVK9
Q9Y6I7	Q7T2F6
Q9Y6I8	A0A2R8QFW3
Q9Y6J0	A0A8M3B598
Q9Y6J8	Q66IC4
Q9Y6J9	E7FEV1
Q9Y6K0	A7MBY6
Q9Y6K1	A0A8M9P050
Q9Y6K8	A0A8M1NDR5
Q9Y6K9	Q58EN3
Q9Y6M1	A0A0B4J1B0
Q9Y6M5	A0A8M2B789
Q9Y6M7	A0A8M9PN97
Q9Y6M9	Q567Y4
Q9Y6N1	A3KNN8
Q9Y6N6	F1QPJ1
Q9Y6N7	A0A8M6Z9Z4
Q9Y6N9	A0A8M3AZQ5
Q9Y6P5	A0A8M2B7J7
Q9Y6Q2	F1R8F7
Q9Y6Q5	Q6TLG2
Q9Y6R1	A0A8M3ASQ6
Q9Y6R4	A0A8M3B876
Q9Y6R7	A0A8M9PCN1
Q9Y6R9	Q08CF3
Q9Y6S9	A0A8M2B5E4
Q9Y6T7	A0A8M9P7J8
Q9Y6U3	A0A8M1N9Y9
Q9Y6U7	A0A8M2BCC7
Q9Y6V0	A0A8M3AJG6
Q9Y6V7	Q7ZUT9
Q9Y6W3	B4F6P1
Q9Y6W5	A0A8M1P4I3
Q9Y6W6	A0A0R4I9C9
Q9Y6X0	B0R147
Q9Y6X1	Q7ZUJ1
Q9Y6X3	A0A8M9P7C1
Q9Y6X4	A0A8M9PW87
Q9Y6X5	Q566N0
Q9Y6X6	A0A8M1QQU8
Q9Y6X8	A5D8R5
Q9Y6Y8	Q08BR7
A0A024R1R8	Q05AK9
A0A0B4J2F0	A0A2R8QR33
A0A0U1RQS6	A0A0R4IP88
A0A0U1RR37	A0A8M3AIK7
A0A1B0GUS0	A0A8M9PJZ8
A0A1B0GUX0	A0A8M9PVR4
A0A1B0GV85	A2CEY7
A0A1B0GVB3	A0A0R4IEQ1
A0A1B0GVH6	A0A8M9PS72
A0A1B0GVS7	A0A8M6YZI1
A0A1B0GVT2	A0A1D5NSN1
A0A1B0GW35	A0A8M1NHP3
A0A1B0GWB2	A0A8M3BBJ6
A0A1W2PQ73	A0A8M3ATG4
A0A1W2PR82	A0A8M9Q2Q4
A0A1W2PRP0	E7F8H3
A0A286YF18	A0A8M6YWP1
A0A7I2V3R4	A0A8M9PLV0
A0AUZ9	A0A8N7UVU3
A0AV02	A0A8M2BF89
A0AV96	A0A8M1NHK4
A0AVF1	Q5PR66
A0AVI4	Q6PD82
A0AVK6	F1QZ88
A0AVT1	A0A8M9PY01
A0FGR9	B0UYL4
A0JNW5	A0A8M3B8Z1
A0MZ66	Q6P0R8
A0PJE2	Q0D284
A0PJK1	F1Q7N5
A0PJW6	Q6DC58
A0PJW8	Q9I9N0
A0PJX4	F1QXS2
A0PJX8	X1WDB7
A0PJY2	Q25C93
A0PJZ3	A4QN62
A0PK00	Q1LY80
A0PK05	A0A8M1P9W7
A0PK11	A0A2R8RY99
A1A4S6	Q1JPR9
A1A4V9	U3JAD7
A1IGU5	E7F3M3
A1KXE4	Q08BY2
A1L020	A0A8M3ATU8
A1L0T0	Q6NV04
A1L157	A0A8M2BBV7
A1L162	A0A8M3B054
A1L167	A0A8N7TCV3
A1L170	A0A8M2BDM8
A1L188	U3JA56
A1L190	B3DHF5
A1L390	A0A8M6YUC5
A1L3X0	Q7ZVN0
A1L4L8	E7FDI5
A1XBS5	Q1LU86
A1YPR0	A0A8M1RTD0
A1Z1Q3	A0A8M6Z9J2
A2A2V5	A0A8M1PSY6
A2A2Y4	A0A8M3BC47
A2A3K4	A1L1R5
A2A3L6	A0A8M9PMP7
A2CJ06	A2CI97
A2IDD5	A0A8M9PEB9
A2PYH4	A0A8M9P056
A2RRH5	B8JJR1
A2RRP1	Q5TYW4
A2RTX5	A0A8M9PA82
A2RU14	Q7SZ56
A2RU30	A0A8M1RHA7
A2RU54	F1QTJ6
A2RU67	Q6NZ00
A2RUB1	E7FFE7
A2RUB6	A0A8M9PSN0
A2RUC4	Q08BV2
A2VDF0	Q7ZZ03
A2VDJ0	A0A8N7UVD8
A2VEC9	A0A8M9PLZ8
A3KMH1	B0R0T1
A3KN83	D6RUV3
A4D0V7	F1Q4M6
A4D161	Q5BJC9
A4D1B5	A0A8M2BC42
A4D1E9	Q6DHF7
A4D1P6	Q6TEN6
A4D1S5	A0A8M3AWA3
A4D1Z8	Q6DGJ1
A4D263	A0A2R8RM10
A4D2B0	A0A8N7TBB9
A4FU01	E7F7E6
A4IF30	A0A8M3ARL9
A4QMS7	A0A2R8RPL3
A5D8V6	A0JPF7
A5D8V7	F1QFD6
A5PLK6	A0A8M9Q7D7
A5PLN7	A0A8M2B443
A5PLN9	Q6PBY7
A5YKK6	A1A5H6
A6H8Y1	A0A8M6YV30
A6NC05	A0A8M1RM87
A6NC51	Q32PK2
A6NCF5	A0A140LGZ3
A6NCI4	A0A8M1RNC2
A6NCL1	E7FDS4
A6ND91	Q66I59
A6NDA9	Q504C1
A6NDB9	A1A5V2
A6NDG6	F1QGU0
A6NDL7	A0A8M1N076
A6NDP7	F1QNB6
A6NDU8	A8Y5U1
A6NDV4	F1QFD4
A6NE52	A0A8M9QHY5
A6NEE1	A0A8M9PF00
A6NEN9	E7F5W4
A6NEQ2	A0A8M2B3T5
A6NF83	E9QCY4
A6NFA1	E7F4V6
A6NFD8	Q6QB00
A6NFE3	A0A8M1RI62
A6NFK2	A0A8M9P439
A6NFY7	A0A8M1RML8
A6NGB7	E7EXZ1
A6NGB9	A0A8M1RE70
A6NGC4	A8WGS4
A6NGE7	A1L259
A6NGN9	A4JYK9
A6NH21	E7F5D2
A6NHR9	A0A8M3AUP8
A6NHT5	Q504H8
A6NHX0	Q7ZVS6
A6NHY2	A0A8M9PZ15
A6NHZ5	Q1L8H0
A6NI15	Q90ZL1
A6NI28	A0A8M9P1G9
A6NIK2	A0A8M9PV86
A6NIM6	A0A8M9P6W1
A6NIX2	A8DZE6
A6NJ46	A0A8M1NSG6
A6NJI9	A0A8M9PCH9
A6NJJ6	A3KNM4
A6NJT0	Q50D79
A6NJV1	E7FGC3
A6NK06	A0JMM8
A6NK44	Q502D1
A6NK58	Q29R99
A6NK59	A0A8M9PG42
A6NKB5	A0A8N7TET3
A6NKC9	A0A8M9PKR3
A6NKF1	A0A8M1RRW3
A6NKP2	A0A8M1RIK4
A6NKX4	A0A8N7TFR5
A6NLP5	A8E7I5
A6NLU5	B3DK21
A6NM36	A0A0G2L9Z2
A6NM62	A0A8M9PK08
A6NMK8	A0A8M2BKC2
A6NMT0	Q9PTU0
A6NN90	A0A8M1RJN0
A6NNA2	A0A8M6YYC1
A6NNA5	B3DHJ6
A6NNB3	D3YGT6
A6NNE9	A0A8M1Q1P8
A6NNL5	A3KP29
A6NNP5	E9QJK3
A6NNS2	A8E5C5
A6NNW6	Q08BC6
A6NP61	E5LCR6
A6PVC2	Q1ECV4
A6PVS8	A0A8M1PZD3
A6XGL0	Q1LVI2
A7E2U8	Q0P4C5
A7E2V4	A0A8M2B3M7
A7KAX9	A0A8M3ALJ2
A7MBM2	Q6R5J1
A7MCY6	A0A8M2B2L1
A7MD48	P0CB65
A7XYQ1	A5X7A0
A8K0R7	A0A8N7UV57
A8K830	A0A8M6YUZ9
A8K855	Q6IQD9
A8K8P3	A0A8N7UUU5
A8K979	Q502M8
A8MPS7	A2BIR6
A8MQ27	A0A2R8QF54
A8MSI8	B3DFV0
A8MT69	E7F1X6
A8MT70	A0A8M6Z209
A8MTA8	A2RRW4
A8MTZ0	Q1L8Y6
A8MU46	A0A8M1RF70
A8MUP2	Q501S4
A8MV23	B0UYL8
A8MV65	E7FDS8
A8MVW5	A4JYQ6
A8MVX0	A0A8M9PP78
A8MW92	A0A8M9PDN4
A8MW99	Q5PNP6
A8MXD5	A0A8M1RRF3
A8MXE2	A0A8M2B7Y8
A8MXK1	A0A8M1REK4
A8MXV4	B3DHE6
A8MYJ7	A0A8N7TAJ5
A8MYZ0	A0A8M9PIC2
A9UHW6	Q5EAQ1
B0YJ81	A0A8M1P9G1
B1AJZ9	Q1RMB9
B1AK53	A0A8M3B290
B1AKI9	Q5EGE1
B1AL88	E7FA63
B2RTY4	E7EZG2
B2RUY7	B0UZC8
B2RUZ4	B3DHH5
B2RXF0	A0A8M1Q1D9
B2RXF5	A0A0R4IND3
B2RXH4	A0A8M9QL58
B3SHH9	E7FDB1
B4DJY2	A0A2R8PZG0
B4E2M5	A0A8M1P3Z2
B5MCY1	A0A8M1NXB8
B7ZBB8	A0A8M2B9X2
B7ZC32	A0A8M9PEJ5
C9J7I0	A0A8M2BHC2
C9JE40	A0A8N7USS0
C9JI98	Q1LUD4
C9JLR9	A0A2R8RML6
C9JLW8	Q0P4B9
C9JQI7	A5WVS1
C9JTQ0	A0A8M2BKV6
D6REC4	X1WCN7
D6RGH6	A0A8M3AWI8
D6RIA3	A0A8M9QCI5
E0CX11	B3DFW5
E5RQL4	A0A8M9QJU3
E9PRG8	A0A8M3AR26
F2Z333	A0A0R4IYG0
F5H4A9	A0A8M3AI74
H0YL14	A0A8M1RS65
H3BMG3	A0A2R8RHH6
H3BPM6	A0A0G2L4K0
H3BQB6	A0A8M1RKX1
H3BRN8	A0A8M9P176
H3BS89	Q1L8F4
H7C241	E7FDA9
K7EJ46	A0A0R4IAP1
M0QZC1	Q08CB0
O00115	B0JZP5
O00116	Q7ZVJ9
O00124	Q502L0
O00139	A0A8M2BEB6
O00141	Q7ZTW4
O00142	A0A8M1N0Z5
O00151	Q567X7
O00154	A0A8M2BEP9
O00155	A0A2S1XYZ5
O00159	A0A2R8Q9G7
O00160	B0S6F2
O00161	A0A8M2B5L7
O00165	Q6DHN8
O00170	Q90ZC5
O00186	A0A8M3AY21
O00187	A0A8M1NGF4
O00189	Q7SZZ7
O00192	A0A8M3ASI2
O00193	Q7ZVC9
O00194	A0A8N7TAL1
O00213	A0A8M2B2C2
O00219	A0A8M3AJI3
O00221	A1A5V8
O00231	F6P3G4
O00232	Q8AW07
O00233	A0A8M1N0I7
O00237	Q66I18
O00244	E7FEZ9
O00253	A0A8M1P467
O00255	Q9IAA9
O00257	Q804D1
O00258	Q6DRM0
O00264	Q5U3G0
O00267	Q9DDT5
O00268	A0A8M2BK83
O00273	Q6DHM1
O00287	A0A8M1P8W7
O00291	F1R6L2
O00299	Q6NYF2
O00303	A0A8M1NXK7
O00305	B0F0D0
O00308	A0A8M2BAJ0
O00311	A0A8M2BIF5
O00322	Q1RLU3
O00329	Q7SYE7
O00330	A0A8M1PHE0
O00339	Q5NJJ5
O00370	A0A8M9PHG4
O00391	A0A8M1NHY3
O00398	A3KP26
O00399	Q502J7
O00400	Q7SXX6
O00401	A2RUY4
O00408	A0A8M9PCP4
O00409	A0A8M9PED3
O00410	A0A8M3AWW3
O00411	A0A8M2BHV0
O00418	A0A8M2B253
O00422	Q6PC41
O00423	A0A8M9P088
O00425	Q9PW80
O00429	Q7SXN5
O00442	Q7ZUX5
O00444	Q7ZVS3
O00458	Q1LUD0
O00461	A5D6U4
O00462	Q7ZVY7
O00463	A0A8M9PEP5
O00468	A0A8M9PKT2
O00469	A4U7F9
O00470	Q90XH2
O00471	B0BLY0
O00472	A0A8M1NDW7
O00482	Q90YL6
O00487	A3KNN5
O00488	A0A8M9P8Y6
O00501	Q6NUZ6
O00505	Q8JFT7
O00512	F1R405
O00519	A8DRM1
O00522	F1REV3
O00526	A0A8M2BJE4
O00541	P79741
O00548	Q8UWJ4
O00559	Q7ZWA8
O00560	Q803J6
O00566	A0A8M1P1T3
O00567	Q6DRE5
O00584	B8XY56
O00592	Q5RHU2
O00622	F1QL10
O00623	A0A8N7V001
O00625	F1QLW3
O00628	Q5BKX2
O00629	Q7ZVY9
O00631	A0A8M1P751
O00716	A0A8N1YZZ8
O00743	Q7ZUS7
O00744	Q801F7
O00746	Q7ZUI5
O00750	F1QWN6
O00754	A0A8M2BH83
O00762	Q3B745
O00763	A0A8M9PKW2
O14490	Q7ZYZ6
O14492	A0A286Y8A3
O14493	Q90XR8
O14495	A0A8M1QL25
O14503	Q0D311
O14508	A0A8M3ARE8
O14512	A0A0R4IFZ8
O14514	A0A2R8PX08
O14519	A0A8M6Z0Z1
O14522	A0A8M9Q0Y4
O14523	A0A8M2BJ64
O14524	E7FE40
O14525	A0A8M1RIG4
O14526	E7FBF7
O14529	A0A8M3B1R7
O14530	Q7ZVX9
O14544	E7F166
O14545	A4IG51
O14548	Q7SXI1
O14556	Q5MJ86
O14562	A0A8M2BBI1
O14569	Q5XJT3
O14576	A0A8M3AI00
O14578	A0A8M9PZB2
O14579	Q5U3E8
O14593	B3DI78
O14595	Q6P3I6
O14610	Q6PBR4
O14613	Q5BKX1
O14617	A0A8M3AXP5
O14626	A0A8M9NYE5
O14627	A8KBT9
O14638	A0A8M6Z352
O14641	Q803Q5
O14645	F1Q6H8
O14646	A0A8M3B604
O14647	A0A8M9PQC3
O14649	A0A8M1N792
O14653	Q7T366
O14662	A0A8M9Q0Y1
O14672	A0A8M2BG63
O14678	F1Q4Y1
O14681	Q568A1
O14682	F1QKP6
O14684	Q5IHX7
O14686	A0A8M3B696
O14713	Q5RG21
O14717	Q588C1
O14718	Q66I55
O14727	Q9I9H8
O14730	Q6DEK0
O14732	Q503S9
O14733	D6RRB7
O14734	Q5XJP9
O14735	Q6NYP5
O14737	Q7ZUZ4
O14744	Q503E3
O14746	A2THE9
O14753	F8W4G4
O14757	A0A8M9PQA7
O14764	A0A8N7TER6
O14770	A0A8M3AK57
O14772	A0A8M1N6G7
O14773	F8W2M8
O14775	Q6PBY0
O14777	Q6DRJ7
O14782	A0A8M1RLR4
O14786	Q8QFX6
O14792	A0MGZ3
O14793	O42222
O14795	A0A8M9QKX5
O14796	A0A8M1NYL0
O14802	A0A8M9PWI3
O14813	A0A8M2BHH1
O14815	Q6DG44
O14817	A0A8M3B373
O14828	Q5U3I3
O14830	A0A8M3ASP8
O14832	Q5RHY0
O14836	A0A8M6Z201
O14841	E7F6Z6
O14863	A0A8M2BKW4
O14874	A0A8M1PEI5
O14880	Q7ZUH8
O14893	Q568J0
O14894	Q6DHT3
O14896	Q6PGZ7
O14904	B6V3E1
O14905	B6V3E2
O14907	Q8AWD4
O14908	Q6B337
O14910	A0A8M2BC73
O14917	C4P342
O14920	A0A8M1NIE6
O14924	Q6T9C3
O14929	Q66HU5
O14936	A0A8M6Z0S9
O14939	A0A8M2BCW6
O14948	Q1JQ62
O14949	F1QEJ5
O14957	A0A8M1NX84
O14958	Q6DI16
O14964	A0A8M9PVZ9
O14965	Q6DBZ4
O14967	Q08BY9
O14972	Q6DHL2
O14975	Q5PRD9
O14976	A0A8M3B9D0
O14977	Q801V3
O14979	Q7SXN2
O14980	A0A8M9PPG9
O14981	A0A8M2BGW0
O14986	A0A8M3AUW9
O15013	A0A8M3AJ04
O15014	A0A8M2BLJ2
O15016	A0A8M6Z7U9
O15018	A0A8M3AZV3
O15021	A0A8M3AZY5
O15033	A0A8M1RDN9
O15034	A0A8M3AVH5
O15040	F6P3V2
O15041	Q1LYS1
O15042	E9QCG7
O15047	E9QGQ0
O15049	A0A8M9QBP4
O15055	A0A8M9QFB2
O15060	F1QNW5
O15061	Q1LX72
O15062	A0A8M1Q796
O15066	F1QN54
O15067	A0A8M1NA52
O15068	A0A8M9QAY2
O15072	A0A8M9PJM4
O15075	E9QBD0
O15078	P85001
O15083	A0A8M3AXX0
O15084	E9QBZ2
O15090	A0A8M3AUG1
O15091	A0A8N7TCQ5
O15105	Q6NZT3
O15111	Q4G3H4
O15116	Q6DBW5
O15117	A0A8M3AWV8
O15118	A0A8M2BAZ2
O15119	A0A8M1NDW4
O15121	Q7T3B5
O15126	Q6P0B3
O15127	Q7SXR6
O15130	Q05KN0
O15131	Q503E9
O15143	Q7T372
O15144	Q6P2T5
O15145	Q6ZM62
O15146	Q5J1R9
O15151	Q7ZUW7
O15155	Q6IQT6
O15156	Q6PG26
O15160	Q6PHE7
O15165	A0A8M3AJA1
O15169	P57094
O15173	Q7SZC7
O15178	A0A8M1Q262
O15182	Q504B2
O15198	F1QXZ9
O15209	Q1LUU5
O15211	A0A8M2B5A7
O15212	Q7SX94
O15213	Q6PGU5
O15218	Q535D9
O15226	A0A0R4IUL8
O15228	A0A8M1RE83
O15230	A0A8M3ANE8
O15231	A0JMB8
O15234	Q1ECZ4
O15235	E7F8G8
O15239	F1QQ42
O15243	Q561T9
O15247	Q6DGV0
O15254	Q7T2B6
O15258	Q6PE45
O15259	Q08CL9
O15264	A0A8M1PUK7
O15265	E7F640
O15266	A0A8M2BFC1
O15269	Q502G6
O15273	E9QCX4
O15287	Q70YH6
O15304	A0A2R8QL23
O15305	Q7ZTZ3
O15315	Q7ZTX4
O15321	Q6DC05
O15327	A0A8M3AKS0
O15335	Q7SYE5
O15344	A0A8M3AWB4
O15350	B0S576
O15353	F1R9K2
O15354	A0A8M1RFY4
O15355	F1QJE5
O15357	Q2I6J1
O15370	A0A8M1N7K3
O15371	Q6TH15
O15374	F1QW16
O15379	Q803C3
O15381	Q803I9
O15392	Q90WU9
O15393	Q5PRA6
O15397	A5WW24
O15403	A0A8N7TEU2
O15405	A0A8M2BGB1
O15409	Q4JNX5
O15417	A0A8M2BBE3
O15431	F1QKH1
O15432	A0A8M1NW97
O15438	A0A8M3AXY3
O15439	Q8QFL6
O15440	E1B2R7
O15442	A0A8M3AYP4
O15446	X1WGE9
O15455	Q32PW5
O15457	A0A8M3AK30
O15460	A0A8M2BL82
O15466	A0A8M2B7X1
O15496	Q6DHQ7
O15498	Q7ZUN8
O15499	A0A8M9PKM2
O15504	Q6P0U9
O15514	A0A8M1N062
O15516	Q5RIV1
O15519	A0A8M1P2J9
O15522	A0A8M9P8T3
O15524	Q6DEF9
O15527	A0A8N7V0N6
O15528	A0A097HUX0
O15530	Q6NZV1
O15537	Q6DH01
O15539	Q7T2D3
O15540	Q9I8N9
O43143	A0A8M1NI02
O43147	A0A8M9PNK7
O43148	Q1MTD3
O43149	A0A8M9P8V5
O43150	A0A8M9P084
O43151	A0A8M1P395
O43155	X1WEV4
O43156	E7F9V6
O43157	A0A8M3AMN7
O43159	B0R0L1
O43166	Q5TYS4
O43167	Q52KB5
O43172	Q6PH45
O43173	B0CN48
O43174	P79739
O43175	A0A8M1PFH7
O43181	Q502E4
O43182	A0A8M3AUJ1
O43184	A0A0R4INJ8
O43189	A0A8M1RE33
O43194	Q7T298
O43196	A0A8M2B4N7
O43236	A0A8M9QPP7
O43237	A0A8M1N5F3
O43242	Q6NYV1
O43246	A4IG22
O43247	A0A8M6YZ80
O43252	B3DJF3
O43255	Q7SYL3
O43257	Q561S5
O43264	Q803G9
O43280	A0A8M1PUG5
O43281	A0A8M1P344
O43283	A0A8M6Z2U3
O43290	Q6DG11
O43291	F1QEV7
O43292	A0A8M2BIU5
O43293	E9QHI3
O43295	A0A0R4IAE2
O43298	A7MC10
O43299	A0A8M6YX82
O43300	F1R4D3
O43301	F1Q8K1
O43307	E9QHS5
O43310	A0A8M1RMW1
O43313	A0A8M6YW05
O43314	A0A8M3BCT9
O43318	A0A8M3AT57
O43320	Q2HXK8
O43324	A0A8N7UVB8
O43325	Q6DGP7
O43347	A0A8M1RIM1
O43353	Q4V958
O43364	O42365
O43365	Q8AWZ2
O43379	A0A286YBK5
O43395	A4QP06
O43396	F6NTA0
O43402	Q7ZUY2
O43405	Q8AW56
O43422	Q6DI10
O43424	Q68Y21
O43426	A0A8M2B1N6
O43432	A0A8M9PFF4
O43435	Q8AXX2
O43447	Q7ZVQ9
O43462	Q4V9P5
O43463	A0A8M1NJG5
O43474	A9X6Q5
O43482	A0A8N7UZ97
O43491	A0A8M9P2V3
O43493	A0A0R4IJR7
O43497	A0A8M9QER1
O43502	Q5XJT2
O43504	E7FA90
O43505	L7YAI7
O43508	Q08BZ0
O43511	A0A8M6Z5Y9
O43513	Q7ZV35
O43520	E7FFK0
O43521	B2KKY9
O43524	Q9W7F8
O43525	A0A8M3AXH4
O43526	A0A8M3B3S0
O43529	Q6AXM1
O43541	Q1L8Y3
O43542	Q5BL30
O43543	A0A8N7UUP4
O43556	A0A8M9P1Q4
O43567	Q803J9
O43570	A0A8M3AZS0
O43572	F1QDF6
O43583	Q6DH65
O43586	Q1LX61
O43592	Q5SPJ8
O43597	F1QU39
O43598	B8A556
O43609	B1PBZ7
O43612	Q0PIA1
O43614	A1YQE3
O43615	Q5BLH8
O43617	Q6DC31
O43623	Q5PQY5
O43633	Q7ZW25
O43639	Q4V9A1
O43660	Q6DRE2
O43663	Q802Y9
O43670	A0A8M3B3D8
O43674	A8E5B7
O43676	Q6P119
O43677	A0A8M1P062
O43678	Q4VBI5
O43679	A0A8M2B3G5
O43680	Q32PV5
O43681	Q6IQE5
O43683	F1QNS6
O43684	U3JAH9
O43692	Q7T141
O43707	A0A8M9QH30
O43708	Q6DGL3
O43709	A3KNP4
O43711	Q8JI11
O43715	F1Q6Y0
O43716	A2BHB7
O43719	Q7SXJ9
O43731	Q6PFS5
O43734	A0A8M2BL35
O43739	E7F2Q0
O43741	B3DLH3
O43747	A0A8M6YZX7
O43752	Q567Y3
O43759	Q5XJP3
O43765	Q6NXA1
O43766	Q6PHG4
O43768	A2BF67
O43772	Q6P5K6
O43776	A0A8N7TDX3
O43791	Q7T330
O43795	A0A8M2BG11
O43805	B8JLK1
O43808	A0A8M1NDU0
O43809	Q7T3C6
O43813	Q90ZL2
O43815	A1L1U1
O43818	A0A2R8RL46
O43819	Q5RH02
O43820	A0A8M1NJV4
O43822	A0A8M1RMC4
O43824	A0A8M3B3J4
O43825	Q6NYS6
O43826	Q6NY67
O43827	Q5XJQ0
O43829	Q7SYJ3
O43837	A0A8M6YWW8
O43847	B0S6B9
O43852	Q6IQP3
O43854	A0A0R4IMA9
O43861	F1Q4S1
O43865	Q7T2B5
O43895	Q6ZM25
O43896	A0A8M3B025
O43897	O57460
O43900	A0A8N7TE34
O43903	A0A8N7TCV0
O43909	Q5U7D2
O43913	Q6P0X9
O43914	A0A8M3B1L0
O43915	Q208T6
O43916	Q6DBY9
O43918	A8HG42
O43920	Q502P6
O43924	Q6DH83
O43927	A0A8M2BCP9
O43929	F1QRE0
O43933	D2CK11
O43934	A0A8M2BGE8
O60220	Q6DEM5
O60229	A0A8M6Z2L7
O60231	Q7ZVV8
O60232	Q5XJ32
O60239	Q803L6
O60240	A0A8M9PFT8
O60241	A0A8M9PGQ1
O60242	A0A8M1RNS0
O60244	A0A8M1PFL7
O60245	A0A0H2UKU4
O60256	Q803V2
O60258	Q6SJP8
O60260	Q561U2
O60262	Q6DGZ5
O60264	B8A552
O60266	A0A8M3AIU8
O60268	Q6GML0
O60271	A0A8M9QJE9
O60279	A0A8M3ASV6
O60281	Q5SNV1
O60282	A0A8M1NGN8
O60284	A0A8M9PGI6
O60287	A0A0R4ILM9
O60292	A0A8M2BKX6
O60293	A0A8M6YWE6
O60294	A0A8M1NI51
O60296	A0A0R4IDG7
O60303	A0A8M1RPB8
O60306	B1H1M2
O60308	A0A8M2BEF8
O60312	A0A8N7T882
O60313	Q5U3A7
O60315	B0LVF0
O60318	F1Q712
O60320	A0A0R4IHQ2
O60333	A0A8M3AV93
O60336	A0A0R4ICM6
O60337	A0A8M2BAR2
O60341	A0A8M1NYP3
O60343	A0A8M2BF73
O60346	A0A8M3AN82
O60359	E7EY10
O60381	A0A8M1N6K3
O60383	Q5MD90
O60393	A0A8M9PZH3
O60437	A0A8M2BBC1
O60447	A0A8M3ATD7
O60449	F1QS24
O60469	F1Q4W9
O60476	B0V2X9
O60477	E7FFP8
O60478	E7F594
O60479	Q01702
O60481	Q6PV84
O60486	A0A8M3ARP5
O60487	Q8JG36
O60488	Q6PFP1
O60493	Q3B7E7
O60494	A0A8M9PME6
O60496	A0A8M1PZH7
O60500	A0A8M9QPY5
O60502	A0A2R8RWC3
O60503	A0A8M1RTI1
O60504	A0A8M2B9N0
O60506	Q6NUZ3
O60507	Q9PTE6
O60508	Q5I0F8
O60512	A0A8M3AMT1
O60513	A0A0R4ICJ7
O60519	Q642H2
O60522	F1R237
O60524	A0A8M9PZY7
O60542	A0A8M6YXC4
O60543	A0A8M1RJK7
O60547	A0A8M1PF97
O60551	A7YT82
O60563	A0A8M2B9H0
O60565	A0A8M9PKX9
O60566	A0A8N7T876
O60568	A3KNH4
O60573	A1L200
O60583	A0A2R8QAB1
O60603	F1QWS9
O60610	A0A8M9QB73
O60613	Q802F3
O60637	Q4V915
O60641	A0A8M2B586
O60645	Q7ZVS2
O60658	A1L1W3
O60663	Q4L1M6
O60664	F1QGJ3
O60669	Q32PU4
O60671	Q6P2T4
O60673	A0A8M1RHW3
O60674	C0RW38
O60675	A0A8M2BBH9
O60678	Q566T5
O60683	Q5XJ92
O60684	A0A8M1QRD2
O60687	A0A8M1RE00
O60688	Q6AXK6
O60701	A8WGP7
O60706	A0A8M2BBT3
O60716	A0A8M9Q686
O60725	Q568J7
O60733	A0A8M9PJI1
O60739	Q7ZW93
O60741	A0A8M6YV97
O60749	Q32LT0
O60759	A0A8M1RF55
O60762	Q6DEJ9
O60763	Q7ZW40
O60779	E7F340
O60783	Q0P3Z3
O60806	A0A8M1RSL4
O60826	Q4V909
O60828	Q6DH51
O60830	A8WHN3
O60832	F1Q749
O60858	Q503I2
O60861	A0A8M1RHJ5
O60869	Q6PBY3
O60870	Q32LS2
O60879	A0A8M9PZW8
O60880	E7F0N7
O60882	A0A8M6YV12
O60883	F1R116
O60888	A0A8M6Z144
O60894	Q6DGA3
O60902	Q7SZN8
O60909	A8WHZ0
O60921	A3KP28
O60925	Q5D016
O60927	Q568K2
O60928	Q0KIZ7
O60930	A0A8M1N0V4
O60931	Q503T0
O60934	Q5I2W8
O60938	Q5RI43
O60939	Q06W28
O60941	A0A8M9PE99
O60942	Q6NY98
O75027	E7F6F7
O75030	F1Q885
O75031	A0A8M6YYV8
O75037	A0A8M3AXD5
O75038	A0A8M3AVI1
O75044	B0S6J3
O75051	A0A2R8QPJ6
O75052	A0A8M9QB59
O75054	M9MMA4
O75056	A0A8M1QUP8
O75061	A0A8M9Q6X2
O75063	Q5RH51
O75069	B7ZV20
O75071	Q6NZ30
O75072	A3KP10
O75074	A0A0G2KWX9
O75078	A0A8M9Q8W9
O75083	Q7ZVQ3
O75093	Q3S2J2
O75094	F1RCV3
O75096	A0A8M6Z1W5
O75110	A0A8M2BLD9
O75113	Q1LVK9
O75116	Q90Y37
O75121	A0A8M1P9U2
O75122	Q6NYW6
O75128	E7F568
O75131	F1Q9D2
O75132	Q5RFV1
O75140	A0A8M9QKY4
O75143	Q7SYE0
O75145	X1WCJ5
O75146	A0A0R4IKR8
O75150	F1R926
O75151	Q6P949
O75154	Q7T005
O75157	A0A2R8RWC4
O75159	A0A8M2B3H1
O75161	A0A8M9PS59
O75164	A0A8M1PZC5
O75167	A0A8M2B3R0
O75170	Q5RGI5
O75182	Q1LYM8
O75191	Q7T342
O75192	A3QJY9
O75197	F1QTJ4
O75204	Q504G0
O75208	A5PLI6
O75223	Q7ZVA5
O75251	A0A8M1NVL4
O75306	A0A8M1N612
O75311	A0A8M9Q7Y2
O75312	Q7ZTY3
O75317	A4FUN7
O75319	E9QD92
O75323	Q9PU58
O75324	Q6P957
O75325	A0A8M9Q7P8
O75326	E7FBE1
O75330	A0A8M9PZ19
O75334	A0A8M3ARR0
O75339	A0A8M1NUZ8
O75340	Q7T3D5
O75343	A0A8N7TEB2
O75344	A3QK11
O75347	Q7ZV25
O75348	Q6PBR5
O75351	A0A8M3AZR5
O75352	Q6IQH2
O75354	Q567W7
O75355	A0A8M2B467
O75360	A0A2R8QKN2
O75362	E7EZ61
O75364	Q6QU75
O75365	Q6NX92
O75366	Q1RLT7
O75367	Q1RLR9
O75368	Q7T2A8
O75369	A0A8M6Z8T4
O75376	A0A8M3B2M9
O75379	F6P4N7
O75380	Q66I52
O75381	A0A8M2B965
O75385	A0A8M1RRT1
O75386	A0A8M2BBP8
O75390	Q7ZVY5
O75391	Q7SYJ9
O75394	A0A8M1P663
O75396	Q7SXP0
O75398	A0A8M2BLH6
O75400	Q7ZUE4
O75410	A0A8M9PU00
O75414	Q6DI51
O75417	A0A8M9Q371
O75419	Q7ZU79
O75427	A0A8M3B1K6
O75431	Q6WFZ4
O75436	Q6TNP8
O75439	Q5EB15
O75443	A0A8M3ASW3
O75445	A0A8M3ARH7
O75448	Q2PW47
O75449	Q5RII9
O75460	A0A8M9PPK0
O75461	A0A8M2B7U6
O75469	A5WYG8
O75475	A0A8M3AH76
O75478	A0A8M2B3J9
O75486	A0A0R4IR35
O75489	Q566S4
O75494	A0A8M6YVI4
O75496	Q7SXL0
O75503	A0A8M3AVX6
O75506	Q6PBV8
O75509	A5D8S6
O75521	A0A8M1N0S4
O75525	A0A8M3AZY4
O75528	Q7SY21
O75529	Q6PGV3
O75530	Q566T0
O75531	Q6P026
O75533	A0A8N7TAM0
O75534	A0A8M9QDL2
O75541	A0A8N7TFU8
O75553	A0A8M3AW18
O75554	A0A8M9QGI0
O75558	Q6NXB1
O75563	Q6PG29
O75569	B0V3F8
O75570	Q5EB09
O75575	A0A8M1NAV1
O75578	A0A8M1RMK2
O75581	B5L5I6
O75582	A0A8N7UVD1
O75586	Q6IQ63
O75592	F1RD40
O75593	Q9I9E1
O75596	A0A8M2BIH9
O75600	A0A8M1NT19
O75602	Q6GMH8
O75603	Q68BU9
O75607	Q5BLA5
O75616	B0S6U7
O75618	Q6DHN2
O75626	Q68EH4
O75628	Q7ZVA2
O75629	A0A0R4IZQ0
O75631	A2CE76
O75643	B0S754
O75648	Q503J2
O75663	F1QRY4
O75665	Q7SZK7
O75688	A0A8M2B2A8
O75689	A0A8M2BK96
O75691	A0A0R4IQW7
O75694	Q7ZW07
O75695	F1QC45
O75712	Q567J2
O75716	Q566X9
O75717	A0A8M9PNN9
O75718	Q6NWL3
O75746	Q6PFM3
O75747	A0A8M6Z287
O75751	Q7T2C0
O75771	A0A8N1Z3M3
O75781	A0A8M2B2U8
O75783	E7FCU6
O75787	A0A8M3AUI7
O75792	Q6IQM9
O75794	Q6PC40
O75800	F1QN74
O75808	A0A8M2BLF5
O75815	F1R3Z4
O75817	Q5XJ22
O75818	Q6IQM3
O75821	Q6DRC4
O75822	Q7SXU0
O75832	Q6TGV5
O75838	Q6PC72
O75844	Q802Z1
O75845	Q66ID6
O75874	Q802Y2
O75879	Q7T010
O75880	E7FD19
O75881	E7FEI0
O75882	B8JI13
O75884	Q1MT41
O75886	A8WI00
O75888	D2DMJ8
O75899	A0A8N7UZ79
O75900	E7FGL6
O75901	A0A8M1QHP8
O75909	F1QMB9
O75912	A0A8M3ARE4
O75916	Q6ZM84
O75923	A0A8M9QH25
O75928	A0A8M2BCP8
O75934	Q5RKQ0
O75935	Q6GQL6
O75936	A0A1D5NSC9
O75937	Q1ED27
O75940	Q7ZV80
O75943	A2BGQ6
O75947	Q6PC77
O75949	A2AWH2
O75953	A5WUU0
O75956	Q6DHQ0
O75970	A0A8M6Z0B7
O75971	Q1LXI0
O75976	E7F254
O75995	A0A8N7UV81
O76003	Q5XJ54
O76021	F1R8M8
O76024	E7F921
O76031	A0A8M9QBU1
O76038	Q5XJX1
O76039	B9X2H6
O76050	A0A8M9PHX8
O76061	Q5IRA7
O76062	Q5PR41
O76064	Q803C1
O76071	Q6P0D9
O76074	A0A8M2BE10
O76075	Q9DGL7
O76080	A0A8M2BJ38
O76081	A0A8M2BAP9
O76090	A0A8N7T7I3
O76094	A0A8M6Z250
O76095	Q1L897
O76096	A0A8M1RM75
O77932	A0A8M9PTT4
O94759	A0A0R4IMY7
O94760	Q6NUW4
O94761	E7F2M7
O94762	A0A8M2BBK2
O94763	Q4V9N5
O94766	A0A8M1N560
O94768	Q6PHV6
O94769	A0A8N7UV16
O94776	F1QLG2
O94777	Q561S6
O94779	Q7ZW34
O94782	Q7ZVK6
O94788	Q90XS8
O94804	Q7SY52
O94805	F8W3Z2
O94806	E7F9Z2
O94810	B8A5L7
O94812	X1WGN8
O94813	A0A8M9Q2G1
O94817	F5ATB4
O94819	A0A8M2BL76
O94822	A0A8M1Q1V9
O94823	E7FFI1
O94826	Q6PBY6
O94829	A0A8M1RHX2
O94830	A0A8M9QCF2
O94832	E7F9L8
O94844	A0A8M1RSW5
O94851	F1RA39
O94855	F1QRB4
O94856	A0A8M9QHH2
O94864	Q5EAS4
O94874	Q6PGY6
O94876	Q08BC7
O94880	A0A286Y9D1
O94885	A0A8M6YVQ4
O94887	A0A8M3ATD1
O94888	Q6P3G3
O94889	Q7ZW26
O94898	A0A8N7UVD9
O94900	A0A8M1NZ21
O94903	B1H1M3
O94905	A3QK16
O94906	A0A8M1PHV5
O94907	Q9W6D9
O94910	A0A8M9PZN0
O94913	Q5U393
O94915	A0A8M2B7D7
O94916	Q6PD88
O94919	A5PM73
O94921	A0A8M9PD73
O94923	F1QR43
O94927	Q5U3T1
O94929	A0A8M9QB40
O94933	A0A8M9PFM3
O94941	A0A8M1P9U9
O94952	A0A8N7T7V0
O94955	A0A8N7TB76
O94956	F1Q5M5
O94964	A0A8M2B8S3
O94966	A0A8M2B997
O94967	A0A8M1QV96
O94972	E7FBZ8
O94979	Q7SYD5
O94985	A0A8M2B948
O94986	X1WBK2
O94988	A0A8M2B6Y2
O94991	A0A8M9NYE0
O94992	A5D8S8
O95025	Q9W6G6
O95045	Q803D6
O95059	Q502A2
O95067	Q7ZVA8
O95069	F1QAI2
O95070	Q6PC24
O95071	A0A8M9PJ96
O95073	A0A8M2B4C9
O95076	A0A8M2BF28
O95096	Q90481
O95104	E7F4U8
O95136	Q9I8K8
O95139	Q6PBJ6
O95140	A0A8M2BJP0
O95147	Q5XJN5
O95149	Q6P5J9
O95155	A0A8M9PKI9
O95156	E7FBT9
O95159	P62447
O95163	A0A0R4IJ07
O95164	Q6NY69
O95166	F1QY33
O95167	A0A8M1N1B6
O95168	Q6PBK0
O95169	Q6P5L5
O95171	A8WHU6
O95178	Q6PBN0
O95180	A0A8M9Q5I3
O95182	Q6DGM9
O95183	A0A8M1NZ07
O95185	A5WZG3
O95197	A0A8M9PNQ3
O95198	A0A8M9PEJ3
O95199	A0A8M2BKN7
O95202	Q1LY46
O95206	A0A0R4IYS4
O95208	A0A8N7TAM9
O95210	A0A8M1PYN9
O95214	Q6DBT6
O95218	A0A8M6Z7B1
O95219	Q58EC1
O95229	A0A8M6YXM6
O95232	A1L1N4
O95235	F1QDF0
O95237	F1Q7T8
O95238	F1QF97
O95243	A0A8M6Z8A1
O95248	A0A2R8PWA9
O95249	A0A8M2B4E0
O95251	Q7ZW29
O95257	Q6P021
O95260	A0A8M9QKC3
O95263	A0A8M3AWN1
O95264	A0A8M9PJB8
O95273	A3KNI7
O95279	Q32PR9
O95292	Q6P2B0
O95294	A0A8M2BLQ5
O95295	Q1L8R9
O95297	A0A8M1NZN4
O95299	Q6PBM0
O95302	Q6DBZ1
O95319	Q6P0B1
O95336	A0A8M1N1S8
O95342	A0A8M1RNN7
O95347	B8A5K9
O95352	A0A8M9QHT7
O95359	A0A8M9QNU1
O95363	A8E4Z0
O95365	F1QKT2
O95372	Q6PBW8
O95373	Q6NYN3
O95376	Q7T355
O95390	Q8JFP9
O95391	Q5U3F2
O95393	A2BGK2
O95394	A0A8M9Q5V4
O95395	F1RAK7
O95396	Q8AWD2
O95398	A0A8M2B9K2
O95400	Q7ZV87
O95402	Q90YL3
O95405	A5PMI2
O95406	Q498W4
O95409	Q9IAT0
O95415	A0A8M1NWM0
O95416	Q32PP9
O95424	Q6AXJ3
O95427	E7EXW2
O95428	A0A8M9P0S4
O95429	A0A8M1P3L3
O95445	A0A8M1NXE0
O95453	Q7ZU92
O95456	Q6DG91
O95461	Q66PG2
O95470	A0A2R8Q3N8
O95475	Q7T3G8
O95478	A0A8M1PE36
O95479	E7FGT2
O95486	A0A8M1PSG8
O95487	E7F715
O95490	A0A8M9Q7G8
O95500	A0A8M2BHN3
O95528	F1R0H0
O95544	Q568T8
O95551	Q5XJA0
O95563	Q7ZUJ3
O95568	A0A8M1NQ76
O95571	Q6NWI8
O95573	B0S5C4
O95600	A0S0R1
O95602	A0A8M1QKT6
O95613	A0A8M9Q5Z1
O95619	Q6DGB4
O95620	A0A8M1N156
O95622	D2CFN3
O95625	F1RAC1
O95633	A4IG14
O95639	Q98881
O95644	Q19AW4
O95671	Q7SXW8
O95672	A0A8M9P7I8
O95674	Q7SXP9
O95677	A0A8M9P540
O95684	A0A8M9PSK8
O95704	A0A8M3ALU2
O95707	Q503H3
O95711	A0A0A8P3N1
O95714	A0A8M9QG78
O95715	Q9DFG4
O95718	A0A8M1P2J7
O95721	A0A8M1NZG6
O95727	A0A8M9PLS5
O95749	A0A8M6Z9I5
O95750	A0A8M1P7M8
O95754	A0A8M2BE08
O95755	A0PJQ5
O95757	X1WBR5
O95758	E7FB37
O95759	A0A8M1RDS6
O95772	Q6DI38
O95777	A0A8M1P122
O95782	A0A8M3B8D0
O95785	A0A8M3AQA7
O95786	A0A0D5W690
O95793	A0A8M1PJS2
O95800	A0A8M3AZB7
O95801	Q6IQE3
O95807	Q803R8
O95810	F1R665
O95813	Q76C29
O95816	A0A8M1PFF3
O95817	Q6DC38
O95822	A3KP65
O95825	A0A8M2BIB0
O95831	A0A8M2BCB6
O95835	Q58FB8
O95838	A0A8M3B4C0
O95841	Q5KQU0
O95847	Q7T3F5
O95848	Q1LXZ5
O95858	Q568D1
O95859	Q7T2G0
O95861	A0A0R4IHR0
O95864	Q9DEX7
O95870	A9JR90
O95872	E7FC30
O95873	X1WGG3
O95876	E7F9Q9
O95881	Q503D8
O95886	A0A8M2B6G8
O95897	A0A8M2BB19
O95900	A0A8M1N020
O95905	Q7SXQ4
O95922	A0A8M1P2G8
O95926	Q6DGP2
O95931	A0A8M3AYF3
O95935	Q8JFF9
O95936	Q98TU2
O95947	Q8JIS6
O95948	A0A8M1QUT6
O95954	A0A8M1PIL2
O95965	Q4VBJ0
O95972	Q58FS4
O95977	F1QC10
O95980	A0A0R4IKU3
O95983	Q6TGX7
O95985	F1QNX4
O95992	Q5PRC0
O95994	Q5RZ65
O95995	F1QNW4
O95996	A0A8M9QMA5
O95999	A0A8M1RJX4
O96000	Q6PC16
O96005	Q6DEL2
O96007	A0A8M6Z1C5
O96011	Q0P453
O96013	A0A8M1N060
O96014	O73864
O96017	A0A8M2BC68
O96019	A0A8M2BD91
O96020	Q6IQK5
O96028	B8JIA4
P00156	Q9MIX8
P00167	A8WGS0
P00338	Q9PVK5
P00387	Q6NYE6
P00390	A0A8M6Z2M1
P00395	Q9MIY8
P00403	Q9MIY7
P00414	Q9MIY4
P00439	Q6PHI7
P00441	O73872
P00450	Q7ZU12
P00451	A0A8M3BEX0
P00480	E9QHD9
P00488	Q08CA3
P00492	Q7ZV49
P00519	A0A8M2BJW6
P00533	Q7SZF7
P00540	Q90YD0
P00568	A0A8M2BGJ7
P00734	A0A8M2BG95
P00742	F1QLC3
P00746	Q6DBS8
P00750	A0A8M1RLZ3
P00797	Q6YA65
P00813	Q6DG22
P00846	Q9MIY5
P00966	Q66I24
P01008	Q8AYE3
P01019	Q8JH29
P01031	E7FCV2
P01042	A0A8M2BIB3
P01100	Q6P0S4
P01111	P79737
P01116	A0A2R8Q8S1
P01130	A0A8M6Z1D1
P01133	A0A8M2B432
P01135	A0A8M3B0K7
P01160	F1QVW0
P01189	Q7ZT18
P01210	A8E7S2
P01213	A0A8M3AYT0
P01236	C6G3Y2
P01266	A0A193GP06
P01270	Q6WQ24
P01275	A0A0R4IS85
P01282	A0A8M1NG42
P01286	A0A181
P01303	Q9I8P3
P01584	A0A8M1PI54
P02144	Q6VN46
P02452	Q6U1J5
P02462	A0A8N7UT91
P02489	Q8UUZ6
P02511	Q9PUR2
P02545	B3DKC5
P02585	A0A8M9Q7U4
P02654	E9QDI1
P02671	A0A8M1NUN6
P02675	Q6NYE1
P02679	Q7ZVG7
P02686	A0A8M2B444
P02708	Q98880
P02745	Q504F7
P02749	A0A8M9PJY1
P02750	Q5RHE5
P02753	Q9PT95
P02760	A7E2Q2
P02765	Q800S8
P02766	A0A8M1N2H6
P02774	A0A8M1N0S6
P03372	P57717
P03886	Q9MIZ0
P03891	Q9MIY9
P03897	Q9MIY3
P03901	Q9MIY2
P03905	Q9MIY1
P03915	Q9MIY0
P03923	Q9MIX9
P03971	Q6B6Q2
P03999	Q9W6A9
P04035	A9JSZ0
P04040	Q9PT92
P04049	A0A8M1NV26
P04053	Q5J2Q9
P04054	A0A8M1NH23
P04062	A0A8N7TAR5
P04070	Q7T3B6
P04083	Q804H2
P04114	A0A8N7T7N7
P04150	Q1XHK0
P04179	Q6P980
P04180	A0A8M1P7R5
P04181	A0A8M1P886
P04183	Q803Y1
P04233	Q9PUT2
P04271	Q6DGT8
P04275	E7F9Z1
P04278	Q64HD0
P04406	Q5XJ10
P04424	F1RA91
P04626	Q5EBY4
P04628	P24257
P04629	A0A8M1P5Y5
P04637	P79734
P04792	A4VAK4
P04818	Q6P045
P04839	Q7T2A7
P04843	Q8AYB9
P04844	Q7ZV07
P04899	Q7ZWI5
P04921	Q6XFR2
P05019	Q90VV9
P05060	A0A8M2B7T7
P05062	Q8JH71
P05067	Q6NUZ1
P05089	A0A8M1NA41
P05106	Q3LTM5
P05107	A0A8N7TDC7
P05111	A0A8M1NA81
P05121	A8WGQ0
P05141	Q8JHI0
P05155	A0A8M2BED5
P05156	A0A8M6YYY8
P05165	Q6DGE2
P05166	Q6NWC8
P05186	A0A8M1PDW2
P05305	Q9I8G3
P05386	Q6P5K5
P05387	A0A8M9PZH4
P05408	Q6PC28
P05412	Q6NZT5
P05413	Q8UVG7
P05423	Q7ZWG2
P05452	A0A8M9PDC0
P05455	Q7ZTI0
P05546	B0V3R7
P05549	A0A8M2B9E2
P05771	Q7SY24
P05813	Q6DH14
P05937	A0A8M1PUZ3
P05981	A5D6S2
P06127	A0A8M6Z6P4
P06132	Q9PTS2
P06239	Q1RLY5
P06241	Q6EWH2
P06280	A0A8M1N2Y5
P06396	A0A8M9P366
P06400	A0JMQ4
P06401	C9V3N7
P06454	Q6NV32
P06493	Q7T3L7
P06576	A8WGC6
P06729	A0A8M9PSH0
P06733	Q6IQP5
P06746	Q6DRD3
P06748	A0A8M1PFC4
P06756	Q3LTM3
P06850	Q5U3N6
P06865	Q567F4
P07093	Q7ZVL5
P07099	Q7ZVB4
P07101	B3DJW5
P07108	Q6P5L2
P07148	Q1AMT3
P07197	A0A8M1NGQ3
P07199	A0A8M1QLH5
P07202	A0A8M9PP20
P07204	A0A8M6Z2V7
P07225	Q08BB9
P07237	A0A0R4IPV5
P07305	Q6NYV3
P07311	A3KPA7
P07332	A0A8M2BDT6
P07339	Q8AWD9
P07357	A0A8M3AY52
P07358	A0A8M1NZ23
P07359	A0A8M3AVT3
P07360	Q6P5J2
P07437	Q6NW90
P07492	A0A8M1NSY5
P07585	Q803T1
P07602	E7FCT1
P07686	A0A8M3B2G3
P07738	Q6DHM0
P07741	Q6PEI8
P07858	Q6PH75
P07902	A0A8M6Z8T3
P07942	Q8JHV7
P07947	A1A5H8
P07948	Q66I04
P07949	A0A8N1Z2F3
P07954	Q7SX99
P07992	Q6NY87
P07996	F1QL35
P08100	Q9PTX9
P08118	A0A8M1RME2
P08123	Q6IQX2
P08133	A8KBY8
P08138	E2DGP8
P08151	F1QAC4
P08172	B3DKN8
P08173	A0A8M1QV78
P08235	A6YIH7
P08236	A0A8M3AZ75
P08238	O57521
P08240	A0A8N7UW26
P08243	A0A8N1Z345
P08247	B0S5B9
P08253	Q7SZM5
P08294	A5PLA4
P08514	Q6EIY7
P08567	Q6P7E2
P08574	Q3B7R0
P08575	A0A8M9PK73
P08579	R4GDR2
P08581	F1QLR7
P08582	A0A8M3B3G9
P08588	B3DHM6
P08620	Q9DFC9
P08631	A0A8M2BLR4
P08648	Q5I2A9
P08651	A0A8M9QA09
P08670	Q9YHX5
P08686	A0A8M9NZM6
P08708	Q5BJA1
P08842	A0A8M2BFQ4
P08908	A0A8M1NIJ6
P08913	Q90WY4
P08922	A0A8M3AR79
P08962	Q6P2T9
P09001	A0A0R4IY00
P09012	Q6P2T1
P09017	Q9PWM3
P09038	B3DGE3
P09104	Q6GQM9
P09110	Q6GQN6
P09131	Q6NUT8
P09132	Q7T3C9
P09172	B3DGL8
P09234	Q8JGS0
P09326	A0A8M1REN7
P09327	F1QVU3
P09417	Q66IB5
P09455	A9JR93
P09471	F8W442
P09486	Q6IQH0
P09493	P13104
P09496	Q6P937
P09497	A0A8M2BG62
P09525	Q804G7
P09543	A0A8M3B0U8
P09619	A0A8M9QKL5
P09622	Q803L1
P09629	Q8AWY9
P09630	P15862
P09661	A0A8M1N398
P09668	Q6NWF2
P09669	A0A8M1P2M7
P09848	F1Q8B5
P09874	Q5RHR0
P09884	A0A8M1P7B4
P09917	B8A697
P09936	Q7ZTI4
P09960	Q6NUX4
P09972	Q8JH70
P0C024	A0A8M2BAC6
P0C025	Q4V8V2
P0C0S5	Q0Z946
P0C1Z6	E7F3N6
P0C221	X1WGC2
P0C2L3	E9QH86
P0C2S0	Q592E4
P0C2W1	Q6NZ03
P0C672	A0A8M9Q1D0
P0C6A0	A0A8M9PZX8
P0C6C1	F1QC31
P0C6T2	A0A8M1P6L7
P0C7T5	A0A8M1Q1A0
P0C7W6	A0A8M9QKF2
P0C870	Q568J4
P0C875	A4IGE2
P0CAP1	A0A8M9Q8W7
P0CAP2	A0A8M1P9J9
P0CG13	Q1LUE7
P0CG20	A0A8M2B9V9
P0CG40	Q6NW96
P0CG48	A0A0N4SUD2
P0CK96	A0A8M9QAA2
P0CW18	A0A8M6YWC2
P0CW27	A0A8M1RSN4
P0DH78	A0A8M3ASU8
P0DJ07	X1WHJ8
P0DJ93	B8JJV5
P0DJG4	A0A8M9QP94
P0DJH9	E7F3D1
P0DKB5	F1QLS2
P0DKX4	A0A0R4IP93
P0DMB2	B3DKF4
P0DMC3	P0DMC2
P0DP72	A0A8M9PIW6
P0DPB6	Q6DRI4
P0DPD7	A0A8M3B7X5
P0DPF4	Q5SNP8
P0DTL5	A0A8M9PYQ4
P0DTL6	Q08CH8
P10071	Q6U6Z9
P10074	E7FDZ5
P10109	E7F7J1
P10114	A0A8M1RM63
P10155	Q32PV8
P10176	X1WER9
P10242	F1QP24
P10243	A0A8M2B9R3
P10244	Q4KMF7
P10253	A0A8M1QKP5
P10275	A4GT83
P10301	Q4V9D8
P10398	Q5FBD1
P10515	Q804C3
P10589	Q06725
P10600	Q66I23
P10619	Q6PHJ3
P10644	Q567D1
P10645	Q5RIJ8
P10646	A0A8M1P282
P10745	A0A8M6Z8V0
P10746	Q568K6
P10768	Q567K2
P10809	Q803B0
P10828	Q9PVE4
P10909	Q6PBL3
P10912	A4IG30
P10914	Q6TGZ2
P10997	A0A8M1RH74
P11021	Q7SZD3
P11047	Q1LVF0
P11117	Q5CZP5
P11137	A0A8M3AW90
P11142	Q90473
P11150	Q7T359
P11161	Q05159
P11168	Q102R8
P11171	A0A8M3B3F1
P11172	A0A8M1PAW5
P11177	Q7T368
P11182	Q5BKV3
P11216	A4IG19
P11229	A0A8M1QL11
P11233	Q7T383
P11234	Q6DC92
P11274	F1Q9E9
P11279	Q6P299
P11308	Q5PR65
P11309	Q08BC0
P11310	A0A8M1PII2
P11362	Q90Z00
P11387	Q1ED17
P11388	A0A8M1P7U6
P11413	A0A8M2B959
P11441	Q7ZWB2
P11487	P48802
P11488	Q90WX6
P11532	A0A0R4IXX0
P11586	Q7ZVV5
P11597	A0A8M3ARX3
P11717	Q2TTK0
P11766	Q6NXA6
P11801	Q501V0
P11802	Q08C29
P11831	A0A8M1NFF2
P11912	A0A8M1P8N4
P11926	Q9DGJ4
P11940	Q6P3L1
P12004	Q9PTP1
P12034	Q5TLE2
P12074	Q642I9
P12081	E9QI36
P12104	A0A8M2BI88
P12107	A0A8M2BA28
P12109	F1Q6P3
P12110	A0A8M9PVL2
P12111	A0A8M6Z0G5
P12259	B7ZVT7
P12268	B0UXP9
P12270	A0A8M3AQ68
P12277	Q8AY63
P12644	O57574
P12645	A0JML2
P12694	Q4VBU0
P12755	Q1ECW8
P12757	A0A8M6YU52
P12814	A0A8M2B3U1
P12821	A0A8N7T834
P12829	Q4QRD2
P12931	Q1JPZ3
P12955	Q7SXT5
P12956	F1QZ60
P12980	A0A8M3AT04
P13010	A0A8M1N4T7
P13051	A0A8M6Z6T9
P13056	Q503E0
P13073	Q6TNV0
P13196	Q7T2F0
P13224	B8JLP1
P13349	Q9DDW0
P13498	Q6PH62
P13521	A0JMK6
P13569	Q1LX78
P13584	E7FB64
P13611	A0A8M9PX21
P13612	A0A0R4ICS1
P13639	A0A8N7UVM4
P13667	Q1ECX9
P13686	Q7SXT1
P13693	Q9DGK4
P13716	Q568L9
P13796	Q6P698
P13797	Q6DG81
P13798	A0A8M6Z7W7
P13804	Q7ZUS9
P13805	B3DG30
P13807	Q7SYB8
P13861	A9C3T0
P13929	Q6TH14
P13984	A0A8M1MZY4
P13987	E7F2M5
P13994	Q66I85
P13995	Q6GMK2
P14061	F1QUP2
P14136	Q58EE9
P14174	Q0ZBR7
P14314	A0A8M2BBI5
P14316	A0A8M1P3S1
P14324	Q4V916
P14384	Q568G8
P14543	F1RAG3
P14550	Q568L5
P14625	Q7T3L3
P14635	Q9IB44
P14651	O42368
P14652	O42367
P14679	A0A8M1PAD4
P14735	A0A0R4IL71
P14770	A0A8M9PTA8
P14780	Q7T317
P14784	A0A8M2BIX1
P14859	A0A8M2BFA0
P14867	A0A8M3ALU6
P14868	A0AUR8
P14921	Q568B4
P14927	Q4VBV1
P15036	Q501S1
P15056	A0A8M1P7T0
P15086	F1QJN9
P15153	Q6IQN5
P15169	Q6NY94
P15172	Q90477
P15173	Q9DG26
P15259	Q7T3G4
P15260	D2JGP1
P15289	A0A8M1N4V1
P15291	C1KH59
P15311	Q5TZG5
P15336	F1QIZ9
P15374	Q504C0
P15407	A0A8M3AHY8
P15408	A2RUX8
P15428	E7F258
P15502	A0A8M6YT25
P15559	A0A2R8PW65
P15586	Q4V902
P15692	O73682
P15735	Q7ZYW8
P15822	A0A8M9PBC6
P15848	A0A8M9PII1
P15880	Q6NWC3
P15882	Q7ZUT6
P15907	F1QMH5
P15918	O13033
P15923	B1H1L4
P15927	Q504I6
P15941	A0A8M6YWH8
P15954	Q6PBP0
P16035	Q7SZM6
P16070	A0A8M6YYL8
P16109	E5DV48
P16144	A0A8M2BEB1
P16157	A0A8M9Q355
P16219	Q6AXI7
P16234	Q9DE49
P16260	B8A698
P16278	A0A8M2B6W2
P16333	E7F6M0
P16383	A0A8M2B5P2
P16389	A9JTD2
P16410	A0A8M2BEX8
P16444	A0A8M1P2W9
P16455	F1R3V2
P16471	A0A8M9PQC9
P16473	C0SKM5
P16499	A0A8M1N2Q4
P16519	B6VCA2
P16591	A0A8M3ASR9
P16671	Q6DHC7
P16870	Q6NSM5
P16871	E9QDP8
P16885	A0A8M1N9W3
P16930	A0A8M9PNK3
P17050	A0A0R4IJL2
P17081	Q7ZVI3
P17152	Q6NWH5
P17174	Q7ZUW8
P17181	A0A8M1N7Q2
P17302	O57474
P17342	A0A8M2BCR6
P17405	A0A8M1P933
P17480	F1QZ83
P17481	Q8AWZ0
P17482	Q9PWM2
P17535	B0V1Q6
P17542	O93507
P17544	Q4VGW9
P17568	Q6P6E5
P17600	B0UXI4
P17655	Q6DFZ8
P17676	Q7ZU07
P17677	Q90462
P17706	Q803R3
P17707	Q7ZVU7
P17735	A0JMN6
P17787	E7F4S7
P17844	A0A8M1PKV3
P17861	Q90X27
P17900	A0A8M2BKE8
P17936	Q66I28
P17947	A0A8M2BG46
P17948	B3DKP1
P17980	A0A8M2BG93
P17987	Q9W792
P18031	A0A8M1P706
P18074	F1Q5E7
P18075	F1QD07
P18077	Q6DGM0
P18084	Q1MSX8
P18124	Q6Q417
P18146	P26632
P18206	B3DI32
P18283	A0A8M1PAJ9
P18405	A5PMI4
P18433	F1QE38
P18505	F1QPW7
P18507	F1RDP2
P18545	Q7ZVI5
P18564	F1QGX0
P18615	A0A8M9PN91
P18621	Q7T1K0
P18754	Q6NY65
P18825	Q90WY6
P18847	Q7ZVX7
P18850	A0A8M1NGJ3
P18858	A0A8M1NJ81
P18859	Q6NYF7
P18887	F1QXI2
P19021	A0A8M2B2D2
P19022	Q90275
P19086	A0A0G2LAU9
P19087	Q90WX5
P19113	A0A8M2BH77
P19174	Q804J6
P19235	Q2VBQ8
P19320	A4JYI2
P19367	Q7ZUM3
P19387	Q7ZV11
P19388	Q6DEG5
P19404	Q6PBX8
P19419	A0A8N7UV82
P19447	Q7ZVV1
P19484	A0A2R8RRI1
P19525	A9YT50
P19544	Q9PUT7
P19623	A0A8M1PDY7
P19634	A0A8M2BKS9
P19784	A0A8N7T715
P19793	A2T929
P19801	A0JMP5
P19823	Q5RH29
P19838	A0A8M2BHN4
P19878	A2VCY2
P19971	A0A8M3B8W2
P20020	A0A8M9Q5T9
P20042	Q6NY78
P20062	A0A8M1NIB7
P20226	Q7SXL3
P20248	Q6NV43
P20265	P79746
P20273	A0A8M9QDH8
P20290	A0A8M2BJ50
P20292	F1QKS8
P20309	A0A8M9PNY8
P20336	Q5RGB5
P20338	Q6PHI9
P20340	A0A8M1P3Z5
P20366	A3KQK1
P20393	F1RAU6
P20396	Q5EDF9
P20585	A0A8M3B2S9
P20594	A0A8M3B2U7
P20618	Q6DRF3
P20645	Q6P032
P20700	F1QHC4
P20701	A0A8M2BI95
P20711	Q7SZR0
P20719	Q9YGT6
P20749	E7FFI8
P20783	A0A8M1P3S4
P20794	Q7ZTX0
P20807	A0A8M9PNP6
P20810	A0A8M2B865
P20823	Q8UVH4
P20916	F1QSA4
P20929	A0A8M3B5M2
P20933	A8KC00
P20936	F1R3X3
P20963	A7KX13
P21128	A1L237
P21246	Q502U6
P21281	Q8QHA6
P21283	Q7T385
P21359	E7FFY1
P21399	Q3YMK9
P21453	Q9DDK4
P21554	Q7T3Q3
P21579	Q5TZ27
P21580	A0A8N7T672
P21589	Q7SXU4
P21728	B6E506
P21730	P0C7U4
P21731	T2HVK6
P21781	B3DHR9
P21796	Q6NWC1
P21802	Q8JG38
P21810	A0A8M1MZN9
P21817	A0A8M9QL69
P21912	A5PL98
P21941	A5WWJ4
P21953	A1L2C0
P22003	Q7T288
P22033	A5D6S3
P22059	A0A8M6YZQ9
P22061	Q92047
P22087	Q7ZTZ4
P22102	Q9I9E6
P22234	Q7ZUN6
P22301	Q5EFQ8
P22303	Q9DDE3
P22304	A1A5V0
P22307	Q6P4V5
P22314	Q6P9P3
P22413	B0JZL7
P22415	Q7ZWC6
P22459	F1Q929
P22460	A0A8M9Q172
P22466	E7EZ53
P22557	Q9YHT4
P22570	E7FB58
P22607	Q9I8X3
P22670	A0A8M9P3K7
P22674	A0A8M2BGJ4
P22680	A0A8N7V041
P22681	Q5U376
P22695	Q6IQ59
P22736	Q6GMG3
P22792	A0A8M9PN03
P22830	Q9DFU9
P22888	Q6TCF8
P22891	A0A8M1P3F2
P22897	A0A0R4INM0
P23025	Q7SY02
P23109	A0A8M6Z0E5
P23142	O42182
P23193	Q7T3C1
P23219	Q8JH44
P23229	A0A8M2BER2
P23246	Q6NUU2
P23258	Q7ZVM5
P23280	A0A8M3ANQ1
P23284	Q6PBW4
P23327	A0A8M1RSH0
P23352	A0A8M9QG93
P23368	A5PN55
P23378	Q6PFN9
P23381	Q6PBS3
P23396	Q7ZVD9
P23409	Q6VNZ9
P23415	O93430
P23416	F1RDZ6
P23435	A0A8M2B618
P23443	Q802Y7
P23458	O12990
P23467	A0A0R4ITJ9
P23470	A0A1B1LZI1
P23471	A0A8M2BAH5
P23508	A0A8M9PZA7
P23515	A0A8M2B4N5
P23526	Q803T5
P23560	A0A8M1P735
P23582	A8E7F8
P23610	A2BIC9
P23677	F1QC01
P23769	A0A8M3AXB8
P23771	Q91428
P23786	Q5U3U3
P23919	Q3B752
P23921	P79732
P23945	Q6TCF9
P23975	F1R3H6
P24043	G8IHU0
P24046	A0A8M1RQZ2
P24278	A0A8M6YV15
P24385	Q90459
P24387	Q6DG79
P24468	Q91430
P24530	Q9DGM2
P24534	Q7ZV16
P24539	Q5XJJ3
P24557	Q1LUX9
P24593	A5PLA3
P24666	A0A8M1N4J0
P24723	B1H1I7
P24752	Q6AZA0
P24821	A0A8M9PKQ8
P24855	Q6DG72
P24863	Q6STL0
P24864	P47794
P24928	A0A8M2B2W1
P24941	Q7ZWB1
P25021	A0A8M1NAH7
P25054	A0A0R4IWH7
P25067	A0A8M1NDE0
P25100	A0A8N7TFC1
P25105	E7EZR6
P25116	A2BIP6
P25189	A0A8M6Z8A8
P25205	A0A8N7V092
P25325	A4QP04
P25391	Q45H72
P25398	Q6PC90
P25445	A0A8N7UR03
P25490	Q7T1S3
P25686	Q08BM3
P25705	Q08BA1
P25786	Q6DGX8
P25788	Q4V918
P25789	Q7ZV77
P25791	Q9PTJ3
P25800	Q8JFQ2
P25929	A7UD89
P26012	A0A8M9PB88
P26045	F1QLN8
P26196	E7FD91
P26358	A0A8M6YUX4
P26373	Q90Z10
P26378	A0A0R4IEW8
P26440	Q7ZTH9
P26639	A8KC60
P26640	A0A8M1P7Y5
P26641	Q6PE25
P26678	A0A8M1P2H4
P26842	A0A140LFV5
P26885	A9JSW0
P26992	A4JYQ0
P26998	Q52JI3
P27037	A0A8M9QFD6
P27105	A0A8M6Z3Q4
P27448	A0A8M3AL25
P27469	B3DJV5
P27544	A0A8M3AM29
P27658	X1WGI4
P27694	Q6NY74
P27695	A0MTA1
P27707	Q5XJM2
P27708	A0A8M3AL15
P27815	A0A8M3B8I9
P27824	F1QKS4
P27986	B0S6V7
P27987	Q5RGF8
P28062	O57330
P28065	Q9PUS3
P28066	Q6TGV6
P28069	Q6TGI4
P28070	A0A8M2B6L9
P28072	O57332
P28074	Q6IQD0
P28221	C0ITM0
P28222	B3DK14
P28223	A0A8M3B093
P28288	Q803I6
P28289	A0A8M9PX33
P28290	A0A8M6Z880
P28300	Q6NYT8
P28324	A0A8N1TTL1
P28328	E7F4V8
P28330	Q7ZYX3
P28331	Q5RKM2
P28336	A0A8N7UR00
P28340	Q2KNE0
P28347	A0A8M3B730
P28358	Q90469
P28370	A5WUY4
P28472	A0A8M2BDH7
P28476	A0A8M6YTV3
P28482	Q7ZW72
P28562	Q7ZVL8
P28566	A0A8M9P2V8
P28676	Q63ZW0
P28715	F1QJS3
P28749	B3DI38
P28838	A0A8M1NGB5
P29074	Q8JFS7
P29083	Q5SQE1
P29084	Q6NXA3
P29120	B6VCA1
P29144	A0A8M2BFH5
P29218	Q6DGB2
P29275	Q29ST4
P29279	Q5RI33
P29322	A0A8M3BDV7
P29350	A0A8M3AJ85
P29353	A0A8M6Z1Z9
P29372	A3KP69
P29374	A0A8M2B539
P29375	A0A8M6Z4S0
P29401	A0A8N7TEC8
P29475	A0A0R4IQG7
P29558	A0A8M6Z0J2
P29597	A0A8M3AQW8
P29973	A0A8N7T8Q4
P29992	Q5RKP9
P30038	Q7SY23
P30039	Q4VBJ8
P30041	Q6PBK9
P30043	Q6DGA0
P30044	Q502C8
P30047	Q6PBT6
P30048	Q5BJB9
P30049	Q6P1J5
P30050	Q7ZUG1
P30084	Q7ZZ04
P30085	Q7ZWE9
P30086	Q6NYS4
P30101	A0A8M1NXI0
P30260	F1Q5X3
P30273	A0A0R4IN58
P30279	A3KNN7
P30291	Q1LYE1
P30304	A0A8N7UYT2
P30408	E7FBS4
P30411	A0A8M3AR39
P30414	A0A8M1Q7A9
P30419	Q4VBR7
P30520	Q568F6
P30530	A0A8M6Z1G5
P30532	Q567Y7
P30533	Q7ZW96
P30536	Q5XJB6
P30550	A0A8N7TBJ3
P30566	A0A8M1PC34
P30622	E7F2X0
P30626	A0A8M2B460
P30793	A0A8M1NLW2
P30872	A0A8N7TFB6
P30874	A0A8M2BHW4
P30876	A0A8M1N6S0
P30939	A0A8M2B6K6
P30988	A0A8M9PPS1
P30989	E7EZ19
P30990	A0A0A7H8E2
P31040	Q7ZVF3
P31150	A0A8M1N618
P31152	B0V360
P31249	O42370
P31260	Q8AWY2
P31273	Q68EH7
P31274	Q9YGS6
P31314	Q8JI13
P31321	Q08C49
P31323	A0A8M6Z4G7
P31327	A0A8N7TAJ3
P31350	P79733
P31431	Q0JY12
P31483	Q7ZVY0
P31629	A0A8M2B7M4
P31639	Q6NWD8
P31644	E9QE70
P31645	Q1WGB5
P31749	M4MD44
P31751	Q8UUX0
P31930	Q6PBH6
P31939	B3DKL0
P31948	Q5RKM3
P32019	A0A8M3AQB1
P32121	A0A8M3AWN0
P32242	Q91994
P32243	Q91981
P32245	B0V1P1
P32248	A5PLI3
P32297	A0A8M1QHJ5
P32298	A0A8M3BE02
P32302	A0A8M9PQZ3
P32321	Q568L4
P32418	Q32SG8
P32780	Q66I03
P32927	A8WHB0
P32969	Q6DRM3
P33076	A0A8M3AQW0
P33402	A0A8M3AT28
P33527	A0A8M1PZJ1
P33552	Q6IQC3
P33897	F1RBC8
P33908	A0A8N7TEA1
P33981	Q8AYG3
P33991	Q6NZV2
P33992	Q6NV07
P33993	Q7ZVL6
P34059	A0A8N7UYM1
P34741	Q66I66
P34896	Q7SXN1
P34897	A9LDD9
P34913	Q5PRC6
P34925	E7FAI5
P34949	Q3ZB95
P34998	A0A8N7TFI2
P35070	A0A0R4INZ6
P35080	Q6AZA1
P35219	Q568S6
P35221	Q9PVF8
P35222	F1QGH7
P35226	Q8JIR0
P35232	A0A8M2BB12
P35240	B3DGL5
P35244	Q7ZUZ6
P35249	Q6DRF4
P35250	A0A8M1N4C3
P35251	A0A8M1NED6
P35268	Q32Q51
P35269	Q7ZV95
P35348	A0A8M1P8T8
P35354	Q5RI06
P35367	Q195J2
P35372	A0A8M1P6J5
P35398	F1QLY4
P35408	Q2N1D9
P35443	Q8JGW0
P35452	Q90471
P35462	A0A8M2B9M1
P35475	A2ARH2
P35556	A0A0G2KQ62
P35557	A0A8M1NAW0
P35558	Q7T3G9
P35568	E7F4P8
P35573	A0A8M2BAR0
P35575	A0A8M1NV27
P35580	A0A8M3BA62
P35606	Q6JWU7
P35609	Q2YDR5
P35610	B0UYE4
P35611	A0A8M9PQG8
P35613	A0A8M1PDN1
P35625	A0A8M2BLZ1
P35626	A0A8M3B3P8
P35638	A0A8M2BDJ9
P35658	A0A8M6Z6M9
P35659	A0A8M3AID6
P35680	A1L1N5
P35711	A0A8M9Q0N4
P35712	F8W2H3
P35749	A0A8M9QFE6
P35754	Q5XJ42
P35790	Q1LWF1
P35813	A0A8M9Q9J2
P35858	E9QJJ1
P35869	Q4U3K9
P35913	A0A8N7TAN6
P35914	Q7ZV32
P35916	Q5MD89
P35968	Q5GIT4
P35998	Q7T3B1
P36021	G8XYX6
P36383	Q66HV7
P36402	Q5PU93
P36404	Q5XJ51
P36406	F1Q4Q5
P36508	A0A8M3AUB7
P36542	A0A8M1P526
P36551	Q05AK3
P36578	Q7ZW95
P36639	Q7ZWC3
P36776	A0A8N7T7A0
P36871	Q7SXW7
P36873	A0A8N7T728
P36888	A0A8M1QKN2
P36897	B0EXP7
P36915	Q1LXP8
P36941	A0A8M2B2L3
P36954	Q1LVK2
P36955	Q66I20
P36956	A6XLD8
P36957	Q7ZVL3
P36959	Q503G5
P36980	A0A8M2B8I9
P37058	Q6QA32
P37059	A0A8M2BAC5
P37108	Q4V9I5
P37173	Q58EQ1
P37198	A8WFZ2
P37231	A6XMH6
P37235	Q6PC34
P37268	A0A8M9PPK1
P37275	Q9DEH7
P37287	B0S6Z8
P37837	Q6P6Y0
P38117	Q7ZV76
P38405	Q5U3H6
P38432	A0A8M1P873
P38435	A0A8M1RIV5
P38571	Q7ZTR9
P38646	Q5XJ12
P38919	Q7ZVA6
P38935	M9MM98
P38936	A0A8M1RFS1
P39019	Q6PBW7
P39023	Q6Q418
P39060	A0A8M9Q0C8
P39086	A0A8N7TB31
P39210	Q5TZ51
P39656	Q6NYS8
P39687	Q7ZUP0
P39748	Q6TNU4
P39880	A0A8M2BJX8
P39905	Q98TU0
P40126	A1L1Y0
P40145	B7UCF8
P40189	A8WH79
P40197	A0A8M9PS39
P40222	A5D6U5
P40227	Q7ZYX4
P40238	A0A8M2BDQ1
P40259	A0A8M3AY10
P40337	A1L296
P40426	A0A8M3AV99
P40429	Q7ZUR9
P40616	Q6DGK1
P40617	Q7ZTT9
P40692	Q6PFL1
P40763	A0A8M2BB24
P40818	A0A8M9P169
P40855	Q561W9
P40926	Q7T334
P40937	Q6DRK4
P40938	Q8AW06
P41002	Q6NYX6
P41134	Q6IQW5
P41145	A0A8M2BAU5
P41146	A0A8M1P286
P41180	A0A8M6Z789
P41182	A0A8M9PZK1
P41212	Q7ZU22
P41214	Q7SXY6
P41219	Q502Q7
P41221	Q92050
P41223	Q567Z7
P41235	A0A8M9PEX6
P41240	A0JMN4
P41247	A3KNP7
P41250	A0A8M6YVR9
P41252	A0A8N7UZX0
P41271	Q6NZ13
P41279	A0A8N7T7L4
P41440	E7F2A7
P41586	Q5C8U6
P41587	A7UH65
P41594	U3N5Y5
P41595	Q0GH74
P41732	A0A8M1NIF9
P41743	Q90XF2
P41968	F1QQG9
P42025	Q7ZUZ2
P42126	A0A8M1P1C1
P42127	B3DGI7
P42224	O93598
P42226	B3DGV1
P42263	Q71E60
P42285	Q6P7X6
P42331	A0A8M2BCD9
P42336	F1QAD7
P42338	E7F251
P42345	Q06RG6
P42356	A0A8M3AWF4
P42357	A4FUP1
P42566	F1QIJ6
P42575	A0A288CG41
P42679	A0A8N7T808
P42680	A9ULT3
P42684	A0A8M2BEE2
P42685	A0A8M9PC12
P42694	Q6NYU2
P42695	Q7SZF2
P42696	Q6DHU2
P42701	A0A8M9QM82
P42704	A0A8N1TT16
P42765	Q7ZVG1
P42766	Q8JHJ1
P42768	Q7T318
P42773	B0UXZ0
P42785	A0A8M3ASI7
P42858	A0A8M3AIT6
P42892	A0JMP1
P42898	B0V153
P43004	A0A8N7UZX7
P43005	D7RVR6
P43007	D7RVS1
P43026	A0A8M1RDK8
P43034	Q803D2
P43080	Q90WX4
P43088	D7R7W5
P43115	A0A8M6YZR3
P43119	E7FE45
P43146	Q49BB0
P43166	Q6PBI7
P43234	A0A8M9QL31
P43235	Q568D6
P43243	A0A8M2BKD7
P43246	Q803R6
P43250	A0A8N7UUW2
P43251	Q0P471
P43268	Q9PUQ1
P43304	A0A8M2BDB8
P43307	Q8AWW3
P43308	A0A8M1MZK6
P43320	Q52JI4
P43351	F1QXE3
P43354	A0A2R9YJF7
P43378	E7F716
P43403	Q503P3
P43405	A0A8M2B201
P43487	Q6NWK3
P43681	Q0PJT8
P43686	B0R1D0
P43694	Q09JY7
P43897	A1A5Z3
P45381	A8KB34
P45452	A0A8M1Q2B6
P45844	A4QNW0
P45877	A0A8M1RLJ5
P45880	Q8AWD0
P45954	F1QFQ7
P45973	A1L223
P45974	Q1MT86
P45985	B1NA68
P46013	A0A8M1NZY3
P46019	A0A8M9QI67
P46020	A0A8M3AME4
P46063	A0A8M9PHB7
P46087	A0A8M1P6F7
P46091	A0A8M1PSR8
P46093	A0A8M2B4J4
P46095	A0A0G2L0R2
P46098	A0A8M3AM85
P46100	A0A8M9QKH6
P46108	Q6DEM2
P46109	Q6PH06
P46199	A4IG41
P46459	A0A8M9PEX3
P46527	Q90YX4
P46531	A0A8M2BFY6
P46695	A0PJR9
P46736	A0A8M3B525
P46776	Q6P2M0
P46778	Q6IQQ0
P46779	F1QFV6
P46781	Q6P5M3
P46782	Q6PC80
P46821	B2ZZ14
P46937	Q1L8J7
P46940	A0A0F7C9F3
P46952	Q5U3F8
P46977	Q7ZUY9
P47211	A0A8N7TFH8
P47224	Q6DGQ2
P47756	A0A8M3AUB3
P47775	E7FFG5
P47813	Q4V9N9
P47869	A0A8M3AYY1
P47871	E7FB43
P47895	Q0H2G3
P47897	Q7ZWG7
P47900	A0A0N4SUG9
P47914	Q6DGL4
P47928	Q32PN8
P47989	A0A8N7UV58
P48023	Q0PKX7
P48029	A0A8M1P953
P48047	Q6DRD1
P48051	A0A8M2BKC6
P48059	A0A8M9QLM6
P48060	A0A8M6YY67
P48066	A0A8M6Z396
P48067	Q4FIV6
P48147	Q503E2
P48165	Q503J6
P48169	Q568M9
P48200	A0A8M2BA36
P48230	Q6DBQ4
P48307	Q1WCN6
P48357	A0A8M1P6L4
P48378	Q5EAP5
P48380	A0JMF8
P48382	A0A8M2B678
P48426	B3DJ34
P48431	Q6P0E1
P48436	Q9DFH2
P48444	Q7ZW27
P48449	A4FVM4
P48506	Q6NV35
P48507	A0A8M3AUZ9
P48509	Q6P031
P48544	A0A0R4IAD0
P48546	E7FCX8
P48549	E7F2Y9
P48553	A0A8M1RHJ2
P48556	Q6IQH4
P48634	A0A8M2BHC6
P48637	F1RC64
P48643	Q6NVI6
P48645	F1R3S7
P48681	P86839
P48723	A4QNX8
P48728	Q5XJA4
P48729	Q8JHE0
P48730	Q6P3K7
P48735	Q7ZUP6
P48736	A0A8M9Q5U7
P48739	F1QRW4
P48740	X1WH68
P48742	Q90476
P48751	A0A8M3AWC1
P48995	E1U7G1
P49005	Q90X40
P49023	Q6R3L1
P49069	A0A8M1PHG7
P49116	F6PDV8
P49137	Q7T2F2
P49207	Q7ZWJ7
P49247	Q5U3H4
P49257	A0A8N7UQW5
P49281	Q1RLY4
P49321	A0A8M1PBV7
P49327	E7F5V3
P49336	Q8JH47
P49354	A1L1V1
P49356	Q6IQG3
P49366	Q6NYK1
P49368	Q8JHI7
P49406	Q6DC47
P49407	C3PTE8
P49411	Q5BJ17
P49418	A0A8M9QKX1
P49419	Q803R9
P49427	Q803V7
P49441	A0A8N7TAF6
P49447	A0A8N7UZ43
P49454	F1Q7X5
P49458	Q7ZW94
P49459	Q789K9
P49585	Q568K8
P49591	Q6DRC0
P49593	A2BE49
P49638	A0A8M1PFT6
P49639	Q98SI1
P49640	A0A8M1PBM6
P49641	A0A8M3AWC8
P49642	Q7ZUR8
P49643	B8JIP2
P49674	Q6P109
P49675	Q9DG10
P49682	F1Q6R0
P49703	Q6P5L0
P49711	Q6JAA4
P49715	Q8UVZ1
P49716	Q8UVY9
P49720	Q7ZUJ8
P49721	Q6DHI9
P49736	A0A8M1PE13
P49748	Q7T2C2
P49750	F6P6X1
P49754	E7F590
P49755	Q6NWI7
P49756	A8DZA0
P49757	Q1XD15
P49758	Q38JL1
P49760	Q1L8U4
P49763	A0A8M6Z2H3
P49767	Q7T3I6
P49768	Q9W6T7
P49770	Q6NXC7
P49773	Q642J0
P49789	Q6PBZ7
P49790	A0A0R4IVZ0
P49796	A0A8M3BA25
P49798	Q6TEM0
P49802	A0A8M9PKN0
P49810	Q90ZE4
P49815	A0A8M9PW15
P49821	Q6AZA2
P49841	A0A8M3AVR7
P49848	Q66HZ5
P49895	A0A8M1P8S9
P49902	A0A8M2B3I7
P49903	Q7ZW38
P49914	A0A0G2L0J2
P49915	A0A8M1PBG7
P49916	A0A8M1N7I1
P49917	A7E283
P49918	Q6IQT7
P49959	A0A8M9QPT3
P49961	E7FG27
P50052	Q5CZS2
P50053	A0A8M9PE63
P50120	Q8UVG6
P50135	Q6DC37
P50148	B8JLJ7
P50150	A0A8M9Q1C1
P50151	A0A8M1P1V0
P50213	Q6NV33
P50219	Q6SYZ1
P50221	F1Q4R9
P50222	E7FEH1
P50238	Q5BKV7
P50336	Q32LU4
P50395	Q7ZVL9
P50402	E9QIK0
P50406	A0A8M3ANX4
P50440	Q6PH19
P50443	E7F9I7
P50458	B0R107
P50461	A0A8M1P2D0
P50479	Q0PWB9
P50539	P50541
P50542	A0A8M3AHU4
P50549	B3DIF9
P50553	Q90259
P50570	A0A8M9PHT6
P50579	Q7SXK1
P50583	Q6DG97
P50591	Q6DHG9
P50607	A0A8M9PZ13
P50613	Q2V6H0
P50747	A0A8M1RR82
P50748	A0A8M3B017
P50749	A9C3N2
P50750	Q7SXE8
P50851	A0A8M3APD0
P50876	Q5RFV4
P50897	F1R8J6
P50914	Q6DRN7
P50990	A0A8M2B296
P50991	Q6PH46
P51114	A0A8M1P7M4
P51116	Q6NY99
P51149	Q7T2C6
P51151	Q0P458
P51153	Q7T3A4
P51157	Q7ZVW0
P51159	Q4V8U8
P51160	Q6P4P8
P51161	Q6IMW5
P51397	Q9I9N1
P51398	A5PLH1
P51451	A0A8M6YUU4
P51452	E7EXY0
P51512	A0A8M3AMT4
P51530	A0A8M9PSF9
P51531	A0A8M3ASL9
P51532	Q7ZSY3
P51553	F1QZA4
P51570	Q5XJU9
P51571	Q6IQ57
P51572	Q7ZUJ4
P51575	Q7SZM0
P51582	A0A8M2BL13
P51587	A0A8M2B481
P51606	A0A8M1NHG0
P51608	Q7T2T7
P51610	A0A8M9PQY4
P51617	A0A8M2BE72
P51636	Q6IQM8
P51649	A0A8M3AQW4
P51654	Q6V9Y8
P51659	A0A8M9PQQ8
P51665	Q7ZYX7
P51684	A0A8M1RMF0
P51687	A0A8M1P7X9
P51688	A0A8M1NG51
P51693	A0A0R4IXG2
P51790	A0A8M9Q887
P51793	Q08BG8
P51797	A0A8M3AVK2
P51798	A0JMG8
P51805	B0S5N4
P51808	Q6TGT3
P51809	E9QC42
P51810	A0A8M3AWB8
P51811	Q5GH44
P51812	A0A8M3AP68
P51817	F1QN39
P51826	A0A8M3AW05
P51841	B3DHF2
P51843	A3KNP5
P51861	A0A8M9Q157
P51884	Q6IQQ7
P51888	A0A8M1QLS6
P51911	A0A8N7UVF7
P51946	A0A8M9QDW3
P51948	Q5XJT0
P51955	Q7ZUN2
P51956	A0A8M9PLB0
P51957	Q7T299
P51959	A0A8M9QP15
P51970	Q6PC22
P52198	Q0P4B0
P52209	F1Q883
P52292	Q6DI01
P52294	A0A8N7TBY9
P52298	Q8JGR6
P52306	A0A8M9Q945
P52429	A0A8M1NVX4
P52434	Q568H8
P52435	Q4VBU5
P52564	Q9DGE0
P52565	Q802W6
P52566	Q7SZQ6
P52569	Q5PR34
P52594	A0A8M9QBV1
P52655	Q7ZUK2
P52657	Q503H9
P52701	Q803S7
P52732	A0A8M1PAA3
P52735	A0A8M9PUI9
P52739	A0A2R8QJR9
P52746	E9QCQ3
P52747	Q1LYE3
P52756	A0A8M1NE58
P52757	E7F3K5
P52758	Q6AXL2
P52788	Q9YGC9
P52789	Q7ZVL7
P52803	P79728
P52815	X1WHQ5
P52824	A0A8M2BLX1
P52848	A0A0R4IR84
P52888	A0A8M2BK60
P52926	Q6P038
P52945	Q6DC85
P52948	A0A8M1PHK6
P52951	Q8QGU1
P52952	Q98872
P52954	Q6ZM39
P53004	Q08CI5
P53007	F1R4U0
P53041	A0A8M2B3I0
P53350	Q4KMI8
P53355	A5WVL9
P53367	A0A8M2BI30
P53370	A3KNL9
P53384	Q6P298
P53396	Q6DG67
P53567	Q8UVY8
P53582	Q4QRK0
P53597	Q66I58
P53602	Q5U403
P53609	Q4V8Z9
P53611	Q4V946
P53618	Q66HV4
P53621	Q6DRK5
P53634	Q6P2V1
P53667	Q0PWB7
P53671	Q6DG29
P53673	Q52JI7
P53677	Q6IQP9
P53680	Q6PEJ2
P53701	Q803H2
P53708	A0A8M9PK29
P53779	A0A8M1P270
P53794	A0A8M2BF94
P53803	F1RDV9
P53804	A0A8M3BCR2
P53814	A0A8M9QEZ1
P53990	Q7ZVT1
P53992	A0A0R4IAZ9
P53999	Q6DGP6
P54098	A0A8M1QHI8
P54105	Q7ZTV8
P54132	A0A8M6YUA3
P54198	A0A8N7URB3
P54219	A0A8M9QA73
P54253	Q1L966
P54274	A0A8M9PXV3
P54277	Q8JFR9
P54278	A0A8N7T7Z7
P54289	A0A8M6Z241
P54368	Q9YI98
P54577	Q6TGS6
P54578	Q803B3
P54619	Q6PCS7
P54646	A0A8N7UTJ3
P54687	Q6PC10
P54725	Q6AXI3
P54727	A0A8M1PD10
P54750	A0A8M2BFE4
P54756	A0A8M1PUL7
P54762	A0A8M6Z303
P54764	F1QJD4
P54802	E7EYP9
P54819	Q1L8L9
P54829	A0A8M3B4B0
P54840	Q5RGX8
P54851	F1QIK8
P54886	A0A8M3B4R7
P54920	Q7T2F5
P54922	Q6DBR3
P55001	Q2VW43
P55010	Q7ZWA9
P55011	A0A0G2KTI4
P55017	Q1LX46
P55036	Q6IQC6
P55039	Q6TH20
P55042	A0A8M9PNL4
P55058	Q6DEI0
P55060	Q7SZC2
P55061	A0A8M1RKH6
P55072	Q7ZU99
P55081	Q7ZTX7
P55084	Q7ZTH6
P55087	A0A2R8Q5A8
P55089	A0A8M2B7S6
P55107	A0A8N7T7I5
P55145	Q08CA7
P55157	A0A0R4IVV0
P55160	A9JRH8
P55196	A0A8M9PQ24
P55197	A0A8M6YVP0
P55199	Q6PEG4
P55201	Q803M2
P55209	A0A8M2BJ13
P55210	Q503H4
P55211	F1QSB1
P55263	Q6P3J9
P55265	A0A8M1P8J0
P55268	A0A8M2B8V2
P55273	I3ISM6
P55283	A1L1M6
P55286	A0A8M6Z1S0
P55287	B3DGG4
P55289	A0A8M9Q975
P55290	A0A8M6YUA6
P55291	E9QEL7
P55316	O73862
P55317	Q6P0C9
P55327	A0A8M2B6H9
P55345	A0A8M1NCQ6
P55735	Q7T2E1
P55771	Q98865
P55786	A0A8M1NSE3
P55789	A4QNU9
P55822	A0A8M2BH31
P55851	Q9W720
P55884	A0A8M1P0I6
P55895	O13034
P56134	A0A8M1P1Q0
P56177	Q98875
P56178	P50576
P56179	Q98877
P56181	A0A8M3BCF6
P56192	Q6TEM5
P56199	A0A8M9QKV2
P56211	Q7ZUT5
P56277	A0A0R4IZJ0
P56282	Q8JHG8
P56373	A0A8M9PCJ8
P56377	Q6P0R9
P56524	A0A8M2BJV4
P56537	Q6ZM19
P56539	Q6YLH7
P56556	Q8AW03
P56589	Q7ZUZ5
P56597	Q6DGQ8
P56645	Q9I8L4
P56693	Q90XD1
P56703	B0LK22
P56704	Q6IYD9
P56705	P47793
P56715	A0A8M2BAJ4
P56730	A0A8M1QHD3
P56749	Q90XR1
P56817	Q6NZT7
P56856	A0A8M1RLM9
P56915	P53544
P56937	Q08BC5
P56945	A0A8M9PM80
P56962	A0A8M2B4D1
P56975	A0A8M6Z431
P57054	A0A8M2BJV2
P57057	Q5U3T2
P57058	A0A8M9Q6L8
P57060	Q08CF2
P57071	A0A8M3AX18
P57073	M4GJ66
P57076	Q6DRC3
P57078	Q8JHU3
P57081	A4IGH4
P57082	F1R688
P57088	Q803C2
P57103	A0A8M2B340
P57105	Q7ZV59
P57678	Q503T2
P57723	A0A8M3B5R6
P57729	A0A8M1RM91
P57738	Q6DGY3
P57740	A0A8M1N7A2
P57768	Q6P0D8
P57771	Q6DGI0
P57772	Q32LX1
P57775	Q9IBH3
P58005	F1R1P4
P58107	I3ISA6
P58294	A7MC07
P58304	O42477
P58340	A0A2R8PY46
P58397	F1R8A1
P58417	A0A8M1N0Y9
P58418	Q6DGA8
P58505	Q566X1
P58546	Q7T2B9
P58557	A0A2R8QTM9
P58658	A0A8M3B3H0
P58743	Q7T2C4
P58753	A0A8M6Z2S6
P58872	Q2A943
P59190	Q6DI36
P59780	Q6DGS0
P59910	Q568I8
P59998	Q6NZZ2
P60002	Q7T319
P60006	F1QY75
P60059	F2Z4R1
P60468	Q6DGH3
P60484	Q7ZZ56
P60510	A9JRC7
P60520	Q6TH05
P60602	Q6NYD1
P60604	Q567F7
P60866	Q6P6E7
P60880	Q5TZ66
P60891	Q08CA5
P60893	Q9I919
P60953	Q52WY2
P60983	Q7ZUD3
P61006	A4FVK4
P61009	Q6NWJ2
P61011	Q7ZVN5
P61018	Q68EK7
P61019	Q803J3
P61024	Q6DEL8
P61026	Q6DGV5
P61081	A0A8M1QUV9
P61086	Q5PR60
P61106	Q6PE19
P61129	A0A8N7UVR9
P61158	Q6PUQ3
P61165	Q6PBS6
P61201	Q6IQT4
P61204	Q78AP9
P61218	Q6DGS5
P61221	Q6TNW3
P61225	Q7SY59
P61236	Q6NWI4
P61244	P52161
P61247	Q6PBY1
P61266	Q9I9P6
P61278	Q8JHX5
P61289	Q7ZU20
P61296	P57102
P61313	Q6DHS3
P61328	A0A8M2BA97
P61353	Q7ZV82
P61366	E7F404
P61371	P53405
P61421	Q6PGV1
P61457	Q6PBI6
P61513	A7YY10
P61587	Q6PC71
P61599	Q58ED9
P61601	A9JTH1
P61604	Q6IQI7
P61647	A0A8M9PXN4
P61758	Q503D5
P61764	A0A0R4IQM9
P61803	A7E2L0
P61812	Q7SZV4
P61923	Q9IB48
P61925	A0A8M1NWK5
P61956	Q6DHL4
P61960	Q803Y4
P61962	A0A8M2BBB0
P61964	Q7ZTX2
P61966	Q6NSP1
P61968	Q8JFQ1
P61970	Q1LUT0
P61978	B8JLJ8
P62068	A5WWB0
P62070	Q568M0
P62072	Q6DI06
P62079	Q5XJE2
P62081	P62084
P62140	Q1JPZ8
P62166	Q53A16
P62195	Q6AZC1
P62241	P62247
P62244	Q6Q420
P62249	Q1LWH1
P62253	Q7ZVK2
P62256	Q7ZUF3
P62258	Q7ZW20
P62263	Q6PBW3
P62266	A8KB78
P62269	Q8JGS9
P62273	Q6Q419
P62277	Q6IMW6
P62280	Q7ZV05
P62304	Q7ZUG0
P62306	Q6DRC1
P62310	A0A8M1RJJ4
P62312	A0A8M2B6V1
P62314	Q8JHH1
P62316	Q567V5
P62318	Q7ZVB5
P62324	Q6PH73
P62330	Q6P2U5
P62333	Q6DRD2
P62341	Q802F2
P62380	Q5U385
P62424	Q6PBZ1
P62487	Q7ZW41
P62491	Q5U3E1
P62495	Q803E5
P62508	A0A8M9PE48
P62699	A0A8M1P8M6
P62701	Q642H9
P62714	Q803G3
P62736	Q6DHS1
P62750	Q6Q416
P62753	Q6DHL6
P62805	A0A8M9PVQ6
P62820	Q7ZSZ0
P62826	P79735
P62829	Q6PC14
P62837	Q7ZUK1
P62841	Q6Q421
P62847	A0A8M2B343
P62851	Q6PBI5
P62857	Q6PBK3
P62875	A5D6S6
P62877	A4FUL3
P62879	A0A8M2BCL1
P62888	Q7ZUG6
P62891	Q6IMW8
P62899	Q24JV3
P62906	Q6PC69
P62910	Q24JV1
P62913	Q6IQI6
P62917	Q6P0V6
P62952	Q9IB61
P62979	Q7SXA3
P62987	Q3B7P7
P62993	Q6PC73
P62995	Q7ZUG9
P63000	Q7ZSZ9
P63010	Q6NYJ9
P63027	Q7SZZ5
P63096	Q7T3D3
P63098	Q66HZ0
P63151	A2BG80
P63162	Q9I9E5
P63172	F1Q5L5
P63173	Q6DGL9
P63208	Q6PBY8
P63215	Q90Z40
P63220	Q7ZUG5
P63244	O42248
P63252	E7FGH1
P63272	Q6DGQ0
P63279	Q9DDJ0
P63302	Q568W0
P63316	Q800V7
P67809	B5DE31
P67812	Q6DGR3
P67870	Q91398
P68032	Q6IQL9
P68106	Q6PBJ1
P68363	A0A8M1NER1
P68402	A2BGB4
P68543	E7EY86
P78310	Q90Y50
P78312	A0A8M1P4R5
P78314	A0A8M2B1N9
P78316	Q6DRP8
P78317	A0A0R4IUS5
P78330	Q498V7
P78333	V5NES1
P78337	A9Y0D5
P78345	F1QS85
P78346	Q5BJK2
P78348	Q708S6
P78352	Q6R005
P78357	A0A8N7TDM7
P78363	F1R045
P78367	Q803Z6
P78369	Q8QHA3
P78371	Q6PBW6
P78381	A0A8M2BEP2
P78382	B3DIQ6
P78383	Q66HX0
P78396	F1QGH4
P78406	Q7ZWF0
P78411	Q1LXU5
P78412	A0A8M2BG97
P78413	A0A8M9PJE4
P78414	Q90XQ7
P78424	A0A8M9PGB2
P78426	Q6DGK5
P78504	Q90Y54
P78509	G1BJ50
P78527	A0A8M3B1E3
P78536	U3JAD1
P78537	Q1LXG2
P78539	Q58ED3
P78540	Q6PH54
P78543	Q9IB77
P78545	E7FB26
P78549	F1QBP9
P78560	Q5XJP2
P78562	F1R6K1
P80192	A0A8N7UQX6
P80217	A0A8N7T7D6
P80365	F1QLP1
P80404	I3IRW7
P81133	Q98SJ5
P81274	A0A8M9Q675
P81277	D3TI67
P81408	A0A0R4IZW2
P81877	A0A8M3AXA4
P82094	A0A8M1N1L0
P82251	F1QGJ2
P82279	Q1A5L3
P82650	A5PLF9
P82663	Q567W4
P82664	Q5SPH9
P82673	Q498P2
P82675	Q08C39
P82909	A8WHV7
P82912	Q5VSI2
P82914	Q6DGL8
P82921	F1QKS9
P82930	F1QEG6
P82932	Q0P459
P82933	Q0P4B8
P82979	Q504C3
P82987	E7FBX1
P83111	A0A8M3AWR6
P83369	A0A8M6Z9X5
P83436	Q08BK1
P83731	Q8JGR4
P83876	Q5XJ58
P84022	Q8AY15
P84077	Q7ZUZ7
P84090	Q98874
P84095	Q803F2
P84098	Q6P5L3
P84103	Q801U3
P84157	A0A8M2BFT1
P84243	Q6PI20
P85037	Q7SYM1
P85299	A0A8M6YY64
P98066	B0UY56
P98073	F1RER3
P98077	A0A8M6YXA6
P98082	A0A8M9P909
P98095	F1RCR3
P98153	Q6DG59
P98155	A0A8M2B1M8
P98160	A0A8M9PWV8
P98161	A0A8M9QBN4
P98164	E0AE56
P98172	Q90Z33
P98173	Q6PBL5
P98174	A0A8N7T6X2
P98175	F1R9N7
P98177	F1R3E6
P98194	A0A8M1RMK9
P98196	A0A8M2BIA1
P98198	A0A8M9PDL2
P99999	Q6IQM2
Q00005	A0A8M6Z3N4
Q00013	Q6NWY1
Q00059	Q08BL2
Q00169	A0A8M1RHH5
Q00341	A0A8M2BDG6
Q00403	Q7SX98
Q00444	P09074
Q00532	Q6AXJ9
Q00534	A0A8M2B6S8
Q00535	Q9DE44
Q00536	A0A8M9Q3R1
Q00537	A0A8M1NYW5
Q00597	B0V1A9
Q00604	A0A8M9QKA4
Q00610	A0A8M2B3J4
Q00613	A0A8M3B392
Q00653	Q0II00
Q00688	Q503C0
Q00765	Q6PBX9
Q00796	A0A8M1NTC2
Q00872	A0A8M3AYR3
Q008S8	A0A8M3ARI6
Q00987	O42354
Q00LT1	A0A8M2BIX3
Q01081	Q8JHJ3
Q01082	A0A8M3BDW6
Q01085	A0A8M2B338
Q01094	A0A8M2BLX5
Q01151	A4JYN9
Q01167	E7FFM9
Q01196	Q9DGB8
Q01201	A0A8M1Q745
Q01415	E7FDP4
Q01449	Q801M3
Q01453	A0A8M2BBU0
Q01459	Q504D9
Q01484	A0A8M9Q1E3
Q01543	A0A8M9PLW9
Q01581	A0A8M1PIL7
Q01650	A0A0R4IFJ3
Q01658	Q08BR1
Q01664	A0A8M2BFS3
Q01668	A0A8M9PUS4
Q01726	Q7ZTA3
Q01780	A0A8M1PFK9
Q01804	A0A8M1P7L2
Q01814	B2CZB8
Q01826	A0A8M2B5C5
Q01831	Q1LVE4
Q01850	E7FC97
Q01954	A0A0G2KIM8
Q01959	Q90ZV1
Q01968	A0A8M3AS36
Q01970	A0A8M2BDZ4
Q01973	F1QKB5
Q01974	E7FCE4
Q02040	Q6NYA9
Q02078	A0A8M9PF86
Q02080	J7HE56
Q02086	F1Q4L6
Q02094	Q7T067
Q02108	E7EZW5
Q02127	Q5PR57
Q02153	F1QNR4
Q02224	A0A8M1P2Y6
Q02241	A0A8M9PLX5
Q02246	Q9W675
Q02252	Q6DHT4
Q02297	A0A0R4IBM0
Q02338	A3KP84
Q02363	Q7SZQ2
Q02388	A0A8M3ATK9
Q02410	A0A8M1Q7S5
Q02446	Q7T300
Q02447	A0A286YA94
Q02509	A0JL26
Q02543	Q7ZWJ4
Q02548	A0A8M2BI63
Q02556	Q6DHK7
Q02577	Q6P0A8
Q02641	A0A8M2BAY4
Q02643	A0A182
Q02747	A0A8M9Q7R4
Q02750	Q4V947
Q02779	A0A8N7TB13
Q02790	A0A8M2BKV5
Q02809	A0A8N1TQB9
Q02818	A0A8M2BBG2
Q02878	Q567N5
Q02880	A0A8N7UYB5
Q02930	E7FFR4
Q02952	A0A0R4IC31
Q02978	Q6IQ89
Q03001	A0A8M9QAR3
Q03014	Q9IAV3
Q03112	A0A8M6YSJ7
Q03113	Q5YKG4
Q03135	Q6YLH9
Q03164	A0A8M2B3W9
Q03167	A0A0H3UK16
Q03252	B3DFN3
Q03393	A5PKS5
Q03426	Q5U3I7
Q03431	Q9PVD3
Q03468	A0A8M6Z974
Q03518	E7F8A9
Q03701	A0A8M1N5B4
Q03721	E0R7P9
Q03828	Q6PFR9
Q03933	Q90XA8
Q03989	A0A8M1P9A8
Q04206	A0A8M2BI19
Q04323	Q6NXA9
Q04637	A0A8M3B020
Q04656	Q4F8H5
Q04671	A0A8N7TDT0
Q04741	Q804S6
Q04743	Q568U8
Q04756	A0A8M1REP1
Q04759	A0A8M3B909
Q04760	Q6P696
Q04771	O73736
Q04837	B8A5I7
Q04864	Q6DGE6
Q04900	Q5TZ44
Q04941	A0A8M1NRM3
Q05048	F1QFK9
Q05084	Q6DHA0
Q05086	Q5U398
Q05193	A0A8M2BCV1
Q05195	A0A8N7URE9
Q05209	Q6PEI4
Q05329	F1R9E8
Q05397	Q7T2V4
Q05469	A0A8M3AJ48
Q05513	A0A8M3B1V2
Q05516	Q802Y8
Q05519	Q803U8
Q05639	Q6DHT2
Q05682	A0A8M9PU64
Q05707	A0A8M3AIZ5
Q05923	Q6DBR5
Q05925	A0A8M3B3Y5
Q05932	F1Q7N0
Q05940	A0A8M1P3E9
Q05BQ5	A0A8M2BGV5
Q05BV3	A0A8M3AUI6
Q05C16	A0A8M6Z890
Q05D32	Q08BB5
Q06124	Q7ZW17
Q06136	A0A8M1PE34
Q06187	A0A8M9QPK4
Q06190	E9QG28
Q06203	A6H8S4
Q06210	Q3S344
Q06265	Q5XJQ5
Q06323	Q9PTH5
Q06330	A4FTT4
Q06413	A0A8M3B3N7
Q06418	Q9YI66
Q06455	A0A0R4IXV4
Q06481	A0A2R8Q4V0
Q06495	A0A8M1RDZ0
Q06546	Q9I9E8
Q06547	Q05AI6
Q06609	Q5TYR1
Q06710	A0A8M1PSE2
Q06830	A2AWE1
Q06889	Q6DG27
Q06945	Q6P0Z4
Q07001	Q75XT1
Q07002	E7F9R5
Q07020	Q6DGL0
Q07021	A0A8M1N5K7
Q07065	Q6NW47
Q07075	A0A8M1NWG3
Q07092	A0A8M9PNN1
Q07326	Q6P0J9
Q07343	A0A8M9PMW2
Q07507	Q29RF0
Q07617	F1RBN2
Q07666	Q6NW62
Q07817	Q90Z98
Q07837	A0A8M9QA52
Q07864	A0A8M1NI27
Q07866	A0A8M2B3J0
Q07869	A6XMH7
Q07912	A0A8M9PXR5
Q07955	Q6NYA0
Q07960	Q568D8
Q07973	A3KNB0
Q08050	Q7T2G3
Q08211	A0A8M1P3F9
Q08257	A5PN39
Q08334	A0FJH9
Q08345	E7F3X9
Q08357	F1Q836
Q08378	A2CEB4
Q08379	A0A8M3AS19
Q08397	Q2PS19
Q08426	Q6NYL3
Q08495	A0A8M2B209
Q08499	A0A8M3B1W5
Q08623	Q503F9
Q08629	E7F9M2
Q08752	Q6IQL7
Q08828	D1MIA2
Q08830	A0A8M1QVF0
Q08881	O42200
Q08999	E7FDM3
Q08AG7	P0C8Y1
Q08AI6	A8KBL5
Q08AM6	Q66L58
Q08J23	A0A8M2BH99
Q09013	A0A8M3B300
Q09028	Q6P3H7
Q09161	A0A8M2B3F0
Q09327	A0A0G2KRY8
Q09328	Q1ECU6
Q09666	A0A8M2BKH7
Q0D2K0	F1QHP8
Q0D2K2	E7FCD9
Q0GE19	Q6DHK8
Q0IIM8	B0R0W9
Q0JRZ9	Q502I9
Q0P5N6	F1QAH7
Q0P5P2	E7FGZ8
Q0P641	A0A8M9PS29
Q0P651	A0A8M1N4L6
Q0P6D2	Q6NW49
Q0P6D6	A0A140LGC5
Q0P6H9	A0A8M1QRB9
Q0PNE2	Q0P424
Q0VAA2	A0A8M3B2P2
Q0VAM2	Q6DHR3
Q0VD83	Q567K3
Q0VDF9	Q5RGE6
Q0VDG4	Q803W1
Q0VDI3	Q6DC75
Q0VF49	A0A8M9QFT6
Q0VF96	F1R1I5
Q0VFZ6	E7F133
Q0VG06	U3JAR8
Q0VGL1	Q0P3X8
Q0ZGT2	A2BEV6
Q0ZLH3	A0A8M9QAQ7
Q10469	A4IG58
Q10471	A0A8M3B826
Q10472	E7FDA0
Q10567	A0A8M3AZG4
Q10570	A0A0R4IC37
Q10571	B8JKI7
Q10713	Q5U3T6
Q11206	A2RUW6
Q12766	E7FFB0
Q12767	A0A8M1PUF9
Q12768	Q7ZVM1
Q12769	Q6PFK8
Q12770	A0A8M2B4M5
Q12788	Q5U3Q5
Q12789	A0A8M9PQR3
Q12791	A0A8M3AYZ7
Q12792	Q6DKF4
Q12796	Q5TZ15
Q12800	E7EYC1
Q12805	A0A8M6Z9P8
Q12809	A0A8M6YY94
Q12824	Q5U379
Q12830	A0A8M3AQI5
Q12834	A0A0R4IU39
Q12837	Q6XZH1
Q12840	A0A8M1NWH1
Q12846	Q7ZV18
Q12849	F8W4V6
Q12852	A0A8M2BER7
Q12857	A0A8M3AUN3
Q12860	Q8AXZ4
Q12864	Q90X63
Q12866	A0A8M1RDY4
Q12870	Q9YHA3
Q12872	F1Q5L3
Q12873	A0A8M3B137
Q12874	Q6DRK2
Q12879	A0A8M9PXD6
Q12887	A0A8M1NVI9
Q12888	A0A8M6Z753
Q12893	Q1LVD9
Q12904	Q0P3U2
Q12905	Q6NZ06
Q12907	A0A8M1NBX2
Q12908	Q7T3A9
Q12913	A0A8M2BDT9
Q12923	A0A8M2B8N1
Q12926	A0A8M1N038
Q12929	A0A8M3AYF2
Q12931	A8WFV1
Q12933	A0A0R4ILY5
Q12934	A0A8N7UVS8
Q12946	A1L1S5
Q12952	Q7SY22
Q12955	A0A8M3AR97
Q12959	Q5PYH5
Q12962	Q1LVD6
Q12965	E7FDV0
Q12968	A0A8M9QCX3
Q12972	A0A8M1NDV7
Q12979	A0A8M2BJC9
Q12980	A0A8M9PZW5
Q12982	A0A8M3AP94
Q12983	A0A8M2BKA1
Q12986	A0A1D5NSC5
Q12988	A5JV81
Q12996	A0A8M1PEH9
Q12999	Q7ZUB3
Q13002	A0A2R8QF68
Q13011	Q5XJP4
Q13015	A3KQS5
Q13017	F1R372
Q13018	A0A8M2B1X5
Q13023	F1QAQ3
Q13029	F1QGQ8
Q13042	Q32PS0
Q13045	F8WK50
Q13049	A0A0R4IL45
Q13057	Q66HW0
Q13061	A0A8M9P0E4
Q13084	Q503Y2
Q13085	A0A8M9PK80
Q13087	A0A8M1P316
Q13093	A0A8M2B7J8
Q13094	A0A8M2B875
Q13098	A0A8M9Q1J0
Q13099	A0A8M9QJI0
Q13103	A0A8M1P445
Q13107	A0A8M1RK74
Q13111	A0JMK9
Q13112	E7EYR2
Q13113	Q90X36
Q13114	Q6DEG0
Q13115	Q7SZF3
Q13123	Q860B9
Q13126	Q7ZV22
Q13127	Q2EI20
Q13129	A0A8M9PPH3
Q13131	A5WUM0
Q13133	A0A0R4IVP0
Q13136	A9JR75
Q13144	A8WG65
Q13145	Q9DFZ0
Q13153	A0A8M9P9X9
Q13155	Q7T3C0
Q13158	A0A0R4IXF0
Q13162	A3KP44
Q13163	A9JRD0
Q13164	A0A8M2B237
Q13183	Q6P3L2
Q13185	F1QNF2
Q13188	Q7ZUQ3
Q13191	A0A8M1QR09
Q13200	Q6PHK7
Q13202	F1QVZ9
Q13206	A0A8M1QV67
Q13214	A0A8M1NJX9
Q13216	Q5XJ81
Q13217	Q6P0U6
Q13227	A0A8M9QDM7
Q13228	Q6PHD9
Q13232	A0A8M9PJG3
Q13233	A0A8M2B1Q9
Q13237	A0A8M9Q2S7
Q13239	Q3ZB94
Q13242	F1QVC6
Q13243	Q6DHJ0
Q13247	A0A8M2B8T5
Q13255	A0A0R4IU63
Q13257	Q567E0
Q13277	A0A8M1P6K2
Q13283	A0A8M2BKD5
Q13286	Q5U392
Q13304	A0A8M9PYM7
Q13308	A0A8M9QAQ9
Q13309	A0A8M2B860
Q13310	Q7T3G5
Q13315	F1QJB6
Q13324	A0A8M1RS95
Q13326	A0A8M1N1G5
Q13330	A0A2R8RTX5
Q13347	Q7ZV55
Q13356	Q6IQJ6
Q13362	A4QP33
Q13363	Q1RLQ4
Q13367	A0A8M9P6N0
Q13370	A0A8N7TEY5
Q13371	A0A8M1PFM0
Q13387	F1QF74
Q13394	Q6NYB4
Q13395	A0A8M1QV42
Q13402	A0A8M9P9W0
Q13404	Q3B7F0
Q13405	E7F2U2
Q13415	A0A8M2BDS9
Q13416	Q08BP8
Q13418	Q6PHD6
Q13422	A0A8M2B3C7
Q13423	Q6NYQ7
Q13424	A0A8M1RLW3
Q13425	E7FDL7
Q13426	A0A2R8RHK7
Q13432	F1QE32
Q13433	Q6L8F3
Q13435	A7YT51
Q13438	Q08C06
Q13439	A0A8M2B3Z8
Q13442	Q7ZV53
Q13443	A9JSX7
Q13449	Q2EGT7
Q13451	A0A8M2BDK0
Q13454	A0A8M9QAV6
Q13459	A0A8M3B5A2
Q13464	A0A8M9PRV2
Q13467	B3DIG4
Q13469	A0A8M1RTJ1
Q13472	A0A8N7UVT1
Q13474	A0A2R8QPA3
Q13480	A0A8M6YUV9
Q13485	A0A8M6Z2Y5
Q13487	E7F685
Q13488	Q7ZVM7
Q13496	Q32PM3
Q13501	F1Q5Z8
Q13503	Q7ZTI5
Q13507	A0A8M1P0G4
Q13515	A0A8M3B0B9
Q13516	Q8QGI4
Q13519	A0A8M1RJ67
Q13526	Q6PBX1
Q13535	A0A8N7TEF8
Q13542	Q6NYL2
Q13546	Q0MSH9
Q13554	A0A8M9Q3H8
Q13557	Q6DEH3
Q13561	Q7T3H1
Q13562	O42202
Q13563	Q6IVV8
Q13564	Q7SXP2
Q13568	B0S682
Q13569	Q503G3
Q13572	X1WEB0
Q13573	Q6DRP3
Q13591	F1R9L1
Q13596	A0A8M1NHR8
Q13601	A0A8M1NAE1
Q13608	F1QMB0
Q13610	Q7ZWE1
Q13614	A0JMK5
Q13615	A0A8M9Q3D0
Q13616	Q6NYS3
Q13617	A0A8M9P612
Q13618	B3DIU1
Q13620	A0A8M1NIA7
Q13621	A0A8M9PFN1
Q13627	A0A8M2B3P5
Q13634	A0A0G2L110
Q13636	A0A8N7UW24
Q13637	Q7ZW88
Q13639	A0A8M3AGL6
Q13641	F1Q983
Q13683	A0A8M6Z1P5
Q13685	Q6NW65
Q13686	Q502A8
Q13702	Q8QGW4
Q13705	Q9YGU4
Q13724	A1L1S8
Q13761	Q9DEA0
Q13769	Q6NY52
Q13772	Q6P0F7
Q13790	A0A8M9Q0R7
Q13795	E7FAS3
Q13797	A0A8M1P353
Q13822	A0A8M3AIW9
Q13823	Q7SZQ9
Q13825	F1RDX1
Q13838	Q7SXU7
Q13867	Q7SXJ5
Q13868	A0A8M1N4Y5
Q13873	Q288P2
Q13884	Q6GMG2
Q13887	I3IS61
Q13889	A0A8M1NHH3
Q13895	Q7T3F8
Q13901	Q5XJ97
Q13907	A0A8M2B9B7
Q13936	A0A8M9Q050
Q13946	A0A8M2B9K7
Q13951	A0A140LGT1
Q13952	Q7ZVY3
Q13972	A0A8M3B2X9
Q14003	A0A8M9PG37
Q14004	A0A8N7TAV3
Q14005	A0A8M9QCG1
Q14008	A0A8M3AP08
Q14019	Q6PFT7
Q14028	A0A8N7TBM6
Q14031	A0A8M6Z838
Q14050	F1R1F1
Q14055	Q1LXU2
Q14061	Q66I53
Q14088	Q0P3Y1
Q14094	Q6NUZ7
Q14103	A4QP67
Q14108	A0A8M9PU63
Q14112	A0A8M2BH70
Q14114	A0A8M2BDQ8
Q14117	B1H1J6
Q14118	F1QMH7
Q14135	Q6NV03
Q14137	A0JMQ0
Q14139	A0A8M3ASU4
Q14140	Q6NXD9
Q14141	A0A8M2BKJ6
Q14145	A0A2R8Q1W5
Q14146	B0V0U5
Q14147	A0A8M6Z2K3
Q14149	A4QN72
Q14153	F1QN48
Q14154	A1A5V4
Q14156	A0A8M9Q6B5
Q14157	A0A8M2B5X1
Q14159	A0A8M1RTK5
Q14160	Q4H4B6
Q14161	A0A8M2BCD7
Q14162	A0A8M1Q282
Q14165	A9C3P0
Q14166	Q7ZUQ4
Q14168	A0A8M2B2Q1
Q14181	A0A8M1PBJ8
Q14183	F1R9U1
Q14185	A8E1V6
Q14186	Q803N1
Q14188	Q6TNQ1
Q14191	A0A8M3AV58
Q14194	A0A8M2B701
Q14195	Q52PJ5
Q14197	E7F0D0
Q14201	A0A2R8QIP9
Q14203	A0A8M9QFT7
Q14204	Q2LEK1
Q14206	E7F2L5
Q14207	A0A8N7TB69
Q14209	A0A8M1RT51
Q14213	A8WH81
Q14232	A0A0R4ILD9
Q14240	A0A8M1PH45
Q14242	G4WJE8
Q14247	A0A8M2BC76
Q14249	Q503Y0
Q14257	Q4KMH6
Q14258	Q7ZVQ7
Q14296	B0S618
Q14314	Q5TYU3
Q14315	A0A8M9PHR9
Q14318	Q6P3J6
Q14320	Q568K9
Q14330	A0A8M2BFU7
Q14331	Q566W5
Q14332	Q90YL7
Q14344	Q4VBH5
Q14353	Q71N41
Q14376	F1Q5H4
Q14392	E7FFN8
Q14393	Q7T3H4
Q14397	A0A8M9PLS2
Q14432	A0A8M3B8Q1
Q14435	A0A8M9PT54
Q14439	B3DJ51
Q14442	Q6DGV4
Q14449	A0A8M9QGA2
Q14457	F1RCP1
Q14469	Q6PBX3
Q14493	A0A8M1P3D7
Q14494	L0ANA2
Q14511	Q08BB0
Q14512	A0A8M9PPG4
Q14517	A0A8M9PRG7
Q14520	F1QW52
Q14526	Q70ZY9
Q14527	A0A8M2BAK6
Q14534	A8E4T1
Q14549	Q90ZB2
Q14554	A8WG75
Q14558	Q6GML2
Q14562	A0A8M9Q925
Q14563	Q9W686
Q14565	Q50LF4
Q14566	A3KMS0
Q14571	A0A8M9PQQ3
Q14573	A0A8M6Z0J4
Q14576	A0A8M3AYA7
Q14582	A0A8N7TET9
Q14626	A8WH84
Q14627	A8WH77
Q14643	A0A8M9QDR3
Q14644	A0A8M3B360
Q14653	A0A8M6Z9B8
Q14654	Q2HX26
Q14656	F1QND5
Q14657	A0A2R8QB65
Q14669	F1RCR6
Q14671	A0A8M1NZX5
Q14674	A0A8M1Q1L6
Q14676	A0A8N7T6W3
Q14677	Q6DRL7
Q14678	A0A8M1RQY7
Q14679	F1Q6C4
Q14680	F1QGZ6
Q14681	Q0P490
Q14686	A0A8M2BHX6
Q14687	Q1LWL6
Q14689	A0A8M3AVP4
Q14690	A0A8M1NCQ8
Q14691	Q5XJQ9
Q14692	A0A8M1NFD4
Q14693	A0A8M2B5S6
Q14694	A0A8N7UVN4
Q14699	A0A8M9NZW7
Q14703	Q1LWH3
Q14714	Q2YDS4
Q14721	A0A2R8Q685
Q14722	A0A8M9PM35
Q14728	Q567H7
Q14738	Q6NWX4
Q14739	Q6DI34
Q14746	Q7ZUD7
Q14749	Q6P607
Q14764	Q6P3L0
Q14765	A0A8M2BFB6
Q14774	A0A8M3B4D8
Q14781	Q8JIQ9
Q14789	A0A8M2BC86
Q147X3	A0A8M1NLV5
Q14807	A8WFU8
Q14814	Q98870
Q14831	U3N867
Q14832	A3KPM6
Q14833	A0A8N7UTB5
Q14847	Q6NYJ1
Q14849	Q9DFS4
Q14863	P31367
Q14865	E7F888
Q14872	A0A0G2KFP7
Q14894	A1L2E5
Q14896	A0A8M9Q1L9
Q14919	A0A8M1PEP4
Q14938	A0A8M3AXU6
Q14940	A9XPA2
Q14956	A0A8M3B3J0
Q14973	Q5SPG0
Q14974	A0A8M1N881
Q14978	A0A8M1P4J0
Q14980	A0A0R4IH76
Q14993	A0A8M9Q1B4
Q14995	Q6GMI3
Q149M9	A0A8M3BDI6
Q149N8	X1WD98
Q14BN4	A0A8M2BG26
Q14C86	A0A8M3B237
Q14CB8	A0A8M1RFU9
Q14CM0	A0A8M9Q5Q1
Q14CW9	A1L209
Q14CX5	Q5PRC2
Q14CX7	E7FD56
Q14CZ0	F1Q4T4
Q14CZ7	A0A8M1PS97
Q14CZ8	A0A8M1REC6
Q14D04	A2BID5
Q15003	A1L231
Q15004	A0A8M1REG3
Q15005	Q5BJI9
Q15006	Q6TGY8
Q15007	Q7SXL7
Q15008	Q7ZWE5
Q15011	A0A8M2B617
Q15012	Q5TYX5
Q15013	E7F9G1
Q15019	A0A8M1P0X4
Q15020	B3DJT0
Q15021	A0A8M1NUS6
Q15022	B0R1D5
Q15024	Q561W8
Q15025	A1L1N2
Q15029	A8WFS1
Q15031	A7MBM0
Q15032	A0A8M9PSE0
Q15034	A0A8M1NTA5
Q15035	Q802X7
Q15036	Q5RID7
Q15038	Q6P4V6
Q15040	Q08C38
Q15041	Q7ZWB4
Q15042	Q6NUV0
Q15043	A0A0G2KQY6
Q15046	Q6DHE6
Q15047	Q08BR4
Q15049	A0A8M9PQ91
Q15050	Q7SX91
Q15051	Q5PRA5
Q15054	A0A8M1N920
Q15056	A0A8M1NUW6
Q15057	A0A8M2BAD9
Q15058	A0A8M2BHU2
Q15059	A0A8M2BCV6
Q15061	Q8JHG6
Q15067	Q5XIZ4
Q15070	F1QFT8
Q15075	F1QS51
Q15077	A0A8N7T841
Q15078	A0A8M1N0J6
Q15080	Q1LUW2
Q15084	Q803F3
Q15102	Q7ZTU4
Q15118	A0A8N7UUX2
Q15119	B3DIT9
Q15120	A0A8M2BA05
Q15121	A0A8N7UQM1
Q15124	B0R0B3
Q15125	Q6DG98
Q15126	A4IGD4
Q15131	A0A8M1N531
Q15139	A0A8M2B599
Q15147	A0A8M9PW40
Q15154	A0A8M9QAU8
Q15172	A0A8M2B7J5
Q15173	A0A8M9Q2D1
Q15185	Q7SZQ8
Q15198	A0A8M1PH05
Q15208	Q803L5
Q15233	Q802Z5
Q15256	A0A8M9QBZ0
Q15257	A2CF49
Q15262	A0A8M9PHN7
Q15269	Q7ZUV4
Q15270	Q75W95
Q15276	A0A8M2BJA3
Q15283	A0A8M6Z2T9
Q15286	Q6DEJ0
Q15287	Q6PG31
Q15291	A0A8M2BFL1
Q15293	F1R369
Q15306	A0A8M1NI50
Q15311	Q6NYN4
Q15319	Q90435
Q15326	Q08CT0
Q15327	A0A8M9PSQ0
Q15329	A0A8M1NXA0
Q15334	A0A8M2BBF6
Q15345	A0A8M1RI92
Q15349	A0A8N7URG4
Q15363	A0A8M9Q5S5
Q15369	Q502M9
Q15370	A0A8M1NSZ1
Q15375	Q5VSJ4
Q15382	Q6PC18
Q15386	A0A8M1PCX7
Q15388	Q6DH66
Q15389	Q90Z19
Q15390	F1RCE7
Q15391	A0A8M3AI81
Q15392	Q5PRC9
Q15393	Q1LVE8
Q15397	X1WGX5
Q15398	Q66HZ9
Q15404	A0A8M9PGI2
Q15406	Q9PU65
Q15413	A0A8M3ALN1
Q15427	Q6NWB3
Q15428	Q7ZVD4
Q15431	F1QYS1
Q15435	Q32PL1
Q15436	Q7SZE5
Q15437	A0A8M6Z6P7
Q15459	Q90X41
Q15466	A0A8M1P4B4
Q15468	Q8JGS1
Q15475	Q6NZ04
Q15477	F1R881
Q15493	Q6TLF6
Q15506	Q05AK7
Q15526	A1L248
Q15527	Q6DC16
Q15528	A5WUL3
Q15532	Q802V1
Q15542	Q32PW4
Q15543	Q66I70
Q15544	A8KBY5
Q15545	Q8JHG4
Q15546	Q32LT2
Q15554	A0A8M3ART8
Q15555	A7MC00
Q15560	A0A8M1PDT9
Q15572	A0A8M1RRS6
Q15573	Q1JQ67
Q15582	Q7T1R2
Q15583	Q803F0
Q15596	Q98TW1
Q15599	A0A8M9Q2I0
Q155Q3	A0A8M1QUQ3
Q15628	Q9I9N5
Q15629	Q6P4U7
Q15631	Q4V9N1
Q15633	Q7SXR1
Q15637	A0A8M3BAW2
Q15642	Q5U3Q6
Q15643	A0A8M1P007
Q15645	Q6PH52
Q15648	A0A8M9PXG2
Q15649	Q7ZUF9
Q15650	A0A8N7UYD4
Q15652	A0A8M3AY68
Q15669	F1R1D2
Q15691	A0A8M2B926
Q15699	Q1LVQ7
Q15700	Q5PYH7
Q15714	A0A8M1P8T9
Q15723	A0A2R8QIV0
Q15738	Q566U2
Q15742	A9JRC0
Q15743	A0A8M3AJ72
Q15746	A0A8M3BC88
Q15750	A0A8M1RLT6
Q15751	A0A8M3BB18
Q15759	Q6IQ84
Q15760	Q7T3E9
Q15762	A1L2D6
Q15771	Q6DGB3
Q15772	Q696W0
Q15773	Q4V8X5
Q15777	Q567D4
Q15784	Q9W6C8
Q15785	Q6ZM24
Q15796	Q9I9P9
Q15800	Q7ZW77
Q15811	A0A8M2BIP7
Q15813	Q5U378
Q15814	F1QJC8
Q15818	Q6NW91
Q15819	Q6PEH5
Q15831	Q568P5
Q15833	Q6NUX6
Q15834	A2CEM9
Q15835	Q1XHM0
Q15842	Q5RH88
Q15846	A5PMY8
Q15848	Q0P415
Q15853	A0A8M1NFY5
Q15884	A0A8M3B2U4
Q15907	Q6DGU2
Q15910	Q08BS4
Q15911	A0A8M9QI68
Q15915	O93311
Q15942	F1QC03
Q16082	Q566R8
Q16099	A0A8M9P799
Q16134	Q66I16
Q16143	Q7SX92
Q16181	Q4V966
Q16186	Q6NZ09
Q16204	A0AUQ3
Q16222	A0A0R4INK2
Q16236	Q8JIM1
Q16254	A0A8M1PF65
Q16270	Q6NW92
Q16342	A0A8M1NA20
Q16348	B0S6T2
Q16363	Q2TJF5
Q16401	A0A8M1N5A3
Q16445	F1QGW0
Q16513	A7MBL8
Q16514	Q6P013
Q16515	Q708S5
Q16520	F1QW76
Q16527	Q6P2T6
Q16531	Q6PGT6
Q16533	Q7ZUP7
Q16534	Q08BP9
Q16540	Q6IQS9
Q16543	Q7ZV56
Q16549	A0A8M1P8P5
Q16559	A0A8M1PJA4
Q16560	Q4KMD3
Q16566	Q568I9
Q16584	A0A8M2BJJ0
Q16585	Q3ZB93
Q16589	Q6NZ31
Q16595	A2RRV1
Q16602	Q68EK2
Q16610	A0A0R4IIK5
Q16625	F1R799
Q16626	A0A8M2B2J6
Q16629	Q4V8Q5
Q16630	Q6NWC6
Q16633	A0A8M9PC97
Q16637	Q9W6S8
Q16644	A1A5X1
Q16647	F1RE08
Q16649	Q68EL6
Q16650	B5DE34
Q16655	A0A8M9PQP6
Q16656	Q90X44
Q16658	Q08C47
Q16659	Q0H1F2
Q16665	Q6EHI4
Q16667	A0A8M2B335
Q16674	B3DGK0
Q16678	B8JKD5
Q16690	Q6PBT4
Q16698	A0A8M1N0E2
Q16706	A0A8M1NG99
Q16718	Q5BJA2
Q16719	A0A8M3BA40
Q16739	Q501W7
Q16740	Q502B9
Q16763	Q4V908
Q16769	A0A8M3AK24
Q16773	F1QAI8
Q16775	Q6P963
Q16790	A0A8M3B325
Q16795	A0A8N7UY68
Q16798	A4QPA0
Q16819	B3DKP9
Q16820	A0A8M3AME9
Q16821	E7EZR5
Q16825	A0A8M2BH12
Q16827	A4IFW3
Q16828	Q7T2L8
Q16829	A0A8M1PEJ2
Q16831	A0A8M6YTG2
Q16832	A0A8M2BDU8
Q16836	Q6DI22
Q16842	A0A8M3AUU8
Q16850	Q1JPY5
Q16854	A5WUY2
Q16864	Q6DRK0
Q16873	E7F8E5
Q16875	Q6P951
Q16878	Q6NWZ9
Q16880	Q1ECX6
Q16890	A0A8M2B812
Q16891	Q6PFS4
Q17R31	A0A8M2B4Y9
Q17R98	A0A8M2B762
Q17RB8	F1QJQ0
Q17RD7	A0A8M6Z3W6
Q17RM4	E7EYV9
Q17RQ9	E7F0N5
Q17RS7	A0A8M9PUX7
Q17RY0	A0A0G2KYC0
Q18PE1	A0A8N7T6Y5
Q19AV6	A4FVI0
Q1ED39	A0A8N7TER1
Q1EHB4	Q7T384
Q1L5Z9	A0A8M1Q1W3
Q1L6U9	A0A8M9Q9E2
Q1MSJ5	A0A8M6Z479
Q1MX18	A0A8M9PHR0
Q1RMZ1	Q0P410
Q1W6H9	X1WC17
Q1XH10	A0A8M1PSP4
Q1ZZU3	A0A8M1P2S3
Q27J81	A0A8M9P0A2
Q29RF7	A1L1F4
Q2KHM9	X1WC30
Q2KHN1	A0A8M9Q0M8
Q2KHR3	A0A8M2BHP4
Q2KHT3	A0A8M1RNA6
Q2KJY2	A0A8N7UW29
Q2LD37	A0A0R4IES7
Q2M1P5	Q58G59
Q2M1Z3	A0A8M2BD50
Q2M296	Q0P464
Q2M2Z5	A5D8S0
Q2M329	B3DID5
Q2M389	E7F4L4
Q2M3C6	A1L234
Q2M3C7	Q1LV19
Q2M3M2	A8WHP3
Q2M3R5	R4GE94
Q2M3T9	A0A8M6YWP6
Q2M3V2	A0A0R4IXB1
Q2MKA7	Q6DHR0
Q2MV58	A0A8M3B620
Q2NKJ3	A0JMF1
Q2NKX8	A2BGR3
Q2NKX9	A3KQ58
Q2NL67	A0A8M6YTJ6
Q2NL68	X1WDK7
Q2NL82	A0A8M2B3Q8
Q2NL98	A0A2R8QC89
Q2PPJ7	A0A8M1QUU4
Q2PZI1	Q6DRN1
Q2QL34	A0A0R4IUD3
Q2T9J0	B3DFU6
Q2T9K0	A0A8M2BGN8
Q2T9L4	Q1L899
Q2TAA2	Q503L4
Q2TAA5	Q7ZW24
Q2TAA8	A0A8M1NFA9
Q2TAC6	A0A8M2B2G5
Q2TAL5	Q76C07
Q2TAL6	B0I1T8
Q2TAL8	Q4V9P2
Q2TAP0	A0A8N7UT89
Q2TAY7	Q7ZVA0
Q2TAZ0	A0A8M3AZN3
Q2TB10	F1QH89
Q2TB18	A0A8M1PSR0
Q2TBF2	A2BGL3
Q2V2M9	A0A8M9PK03
Q2VPB7	A0A8M1P908
Q2VPK5	Q6DC53
Q2VWA4	Q0P456
Q2VWP7	Q2EY14
Q2VYF4	A0A8M1PZB6
Q2Y0W8	A0A8N7TAK6
Q2YD98	E7EXT2
Q32M84	A0A8M3BE27
Q32M88	A0JMP0
Q32MH5	Q1LV22
Q32MK0	A8C984
Q32MQ0	Q568E2
Q32NB8	A0A8M1RSX4
Q32NC0	Q1LUS5
Q32P28	A0A8M1RHI8
Q32P41	B8A5G9
Q32P44	A0A8M2BJK1
Q32P51	Q803K3
Q330K2	A0A8M9P823
Q33E94	A2BGA0
Q38SD2	A0A8M9QDD6
Q3B7T1	A0A0R4IK17
Q3B7T3	E7F6F0
Q3C1V8	Q6R3Q6
Q3KNV8	A0A8M9QGY3
Q3KP22	A0A8M6Z7I2
Q3KP44	A0A8M1PT06
Q3KQV9	Q7ZWD4
Q3KQZ1	A3KPP4
Q3KRA6	Q66IB8
Q3KRA9	Q6IQE9
Q3L8U1	A0A8M2BGA5
Q3LIE5	Q7T291
Q3LXA3	Q08CB4
Q3MII6	A0A8M1NHQ6
Q3MIP1	A0A8N7TEF1
Q3MIR4	Q6GMG4
Q3MIT2	A8KB22
Q3MIX3	A0A8M1NYL2
Q3SXM5	A5WWC6
Q3SXY7	B3DK88
Q3SXY8	Q8JHI3
Q3SXZ7	A0A8M1P4L6
Q3SY56	A0A0R4IPM5
Q3SY69	A0A8M1RK21
Q3SYC2	A0A8M1P3L0
Q3SYG4	A0A8M3AT49
Q3T906	Q5RGJ8
Q3V5L5	A0A8M2BIZ0
Q3V6T2	A0A8M6YWE2
Q3YBM2	E9QBB2
Q3YBR2	A0A8M1NHI5
Q3YEC7	A0A8M2BIZ7
Q3ZAQ7	B8JLV7
Q3ZCN5	A0A8M9Q6S7
Q3ZCQ3	Q1LVN1
Q3ZCQ8	Q6NWD4
Q3ZCT8	Q3ZB90
Q3ZCW2	Q1ECW6
Q494R4	A8KB59
Q494U1	A0A8M9PQR6
Q494V2	Q08CF7
Q495B1	A5D6U7
Q495M9	A0A8M1RQW2
Q495T6	A0A140LH71
Q495W5	Q08C60
Q496A3	A0A0G2KFJ3
Q49A17	B8A6C4
Q49A26	Q5RKN4
Q49A92	A3KP40
Q49AG3	A0A8M6YX50
Q49AH0	A4QNW4
Q49AJ0	A0A8M1PSQ6
Q49AM1	A4QP27
Q49AN0	Q7ZU53
Q49AR2	Q7SZF1
Q49B96	B7ZVA6
Q49MG5	A0A8M3B099
Q49MI3	A4QNW6
Q4AC94	A0A8M1Q789
Q4ADV7	A0A2R8QPS5
Q4AE62	Q568B7
Q4FZB7	Q5U3H2
Q4G0A6	A0A8M1RR77
Q4G0I0	A0A0R4II42
Q4G0J3	Q7ZWE3
Q4G0N4	A0A8M2B840
Q4G0P3	A0A8M6Z1W8
Q4G0S4	A8WGA0
Q4G0U5	A0A8M1RQR0
Q4G0W2	F1QE47
Q4G0X9	Q56A40
Q4G0Z9	A0A8M1P2I8
Q4G112	A4QNW9
Q4G148	A0A8M6YW11
Q4G163	F1QE49
Q4J6C6	A0A8M1NRM5
Q4KMG0	Q1L8D0
Q4KMQ1	A0A8M2BCS9
Q4KMQ2	A0A8M2BBU6
Q4KMZ1	B8A4M7
Q4KMZ8	Q6PHL4
Q4KWH8	A0A8M9P1F6
Q4L180	A3KNA5
Q4L235	Q5RG49
Q4LDE5	A0A1D5NSM8
Q4LDG9	Q6DHB1
Q4LDR2	A0A8M9QGV4
Q4LE39	A0A8M2BKB0
Q4LEZ3	A0A8M1RJC3
Q4U2R6	Q5BJJ8
Q4V328	B0UYE9
Q4V9L6	A3KNM6
Q4VC05	Q5XFY4
Q4VC31	Q6PBK1
Q4VCS5	A0A8M2BL72
Q4W4Y0	A0A8M3B272
Q4ZHG4	F1R5Z2
Q4ZIN3	E7FCD1
Q502X0	F1R4E2
Q504Q3	A0A8M2B989
Q504T8	Q6NYU6
Q504Y2	C4B4T7
Q50LG9	A0A8M3B0J4
Q52LA3	A0AUQ6
Q52LC2	A0A8M1P1M5
Q52LD8	Q7ZTU0
Q52LR7	Q7ZUK6
Q52WX2	A0A8N7UQV9
Q53EL6	Q1L8Y5
Q53EP0	B0S5P9
Q53EV4	Q5XJM1
Q53F19	Q803E1
Q53F39	Q566Y9
Q53FA7	A0A8M9P0V3
Q53FT3	Q568T4
Q53FZ2	A9JRA7
Q53G59	Q5U374
Q53GA4	Q503L1
Q53GD3	Q7T2B0
Q53GG5	A0A8M2B416
Q53GL0	A0A8M1P2S9
Q53GL7	A0A8M9PNZ8
Q53GS7	Q6DRB1
Q53GS9	A1A5Z2
Q53GT1	A0A8M1RF52
Q53H12	Q7ZW00
Q53H47	A8WG60
Q53H54	Q0P466
Q53H76	Q6NYZ4
Q53H80	A5WVY2
Q53H82	Q6NYF0
Q53H96	Q5SPD7
Q53HC0	Q32PM2
Q53HC5	Q5RGB8
Q53HC9	Q5XJP1
Q53HI1	Q7ZUU1
Q53HL2	Q5XLR4
Q53HV7	A0A0G2KZ26
Q53QV2	Q7SXH0
Q53QZ3	B0S8J8
Q53R41	A0A8M1PD17
Q53RD9	E7FFU9
Q53RE8	A9C3P2
Q53RY4	E7EZ14
Q53S33	Q6DC87
Q53S58	Q6PBI8
Q53T59	A0A8M1P2H7
Q53T94	F1R3W0
Q53TN4	Q503V1
Q53TQ3	A0A0R4INH3
Q562E7	E7FEV0
Q562F6	A0A8M1NIL6
Q567U6	A0A8M3B5S9
Q567V2	Q6DGV7
Q569H4	A8WGT0
Q569K6	F1QTW5
Q56NI9	Q5SPR8
Q56P03	Q6PH38
Q56UN5	A0A8M6Z138
Q56VL3	Q5RHX2
Q587I9	A0A8M1NV46
Q587J7	A0A8M9PZ22
Q58A45	A0A8M1NEV2
Q58DX5	A0A8M6Z146
Q58F21	F1QW93
Q58WW2	A0A8M2BFX4
Q59H18	A0A8M1P3P2
Q5BJD5	A1A5V7
Q5BJE1	A0A8M1Q728
Q5BJF2	A0A8M1P2L7
Q5BJF6	E7F186
Q5BJH2	Q4KMH9
Q5BJH7	Q5U3G6
Q5BKU9	A0A8M1PZ03
Q5BKX5	B0V3H4
Q5BKX6	E9QH03
Q5BKY1	Q5U8X4
Q5BKZ1	A2CEZ5
Q5BLP8	E7FEX9
Q5BN46	B0UXH9
Q5BVD1	A0A8M9PC53
Q5C9Z4	A0A8M1P9G3
Q5D0E6	A0JML8
Q5DID0	A0A8N7UW14
Q5DX21	A0A2R8RYG1
Q5EB52	A0A8N7UZF8
Q5EBL4	A0PJT0
Q5EBL8	Q6NXB2
Q5EBM0	A0A8N7T8K9
Q5EE01	A0A0R4ISL4
Q5F1R6	Q6PGY5
Q5FBB7	A1L1S4
Q5FVE4	A0A8M1NJ75
Q5FWF4	E7EXE0
Q5FWF5	A0A8M2BLF3
Q5FWF7	R4GEA9
Q5FYB0	A0A8N7UVS6
Q5GFL6	U3JA51
Q5GH70	B3DGC8
Q5GH72	Q5GH39
Q5GH76	Q5GH42
Q5GJ75	Q7T3D0
Q5GLZ8	A0A8M2BKS5
Q5H8A3	A0A8M3BCJ8
Q5H8A4	A0A8M2BKB6
Q5H8C1	D7PS89
Q5H9F3	A0A8M2BKM1
Q5H9R7	A0A8M3AWD3
Q5H9S7	A8WHR0
Q5HY92	Q503S1
Q5HYA8	A0A8M3AJ63
Q5HYC2	A0A8M2BL51
Q5HYI7	Q4VBW0
Q5HYI8	Q6TNS7
Q5HYJ3	Q6PBM7
Q5HYK3	Q66L51
Q5HYK7	A0A8M3B087
Q5HYL7	A0A8M3AJW9
Q5HYM0	A0A8M2BCG1
Q5HYW2	A0A8M3AUJ8
Q5I0G3	Q08BZ4
Q5I0X7	Q5TYX3
Q5J8M3	Q6P011
Q5JPH6	Q0P499
Q5JPI3	A0A8M1RM22
Q5JR98	A0A8M6Z2J8
Q5JRA6	A0A8M2B832
Q5JRX3	Q7ZVZ6
Q5JS13	B0UXH6
Q5JS54	A0A2R8QNS5
Q5JSH3	A0A8M1NE21
Q5JSL3	B0R034
Q5JSS6	Q5RGE4
Q5JST6	Q32TF8
Q5JSZ5	A0A8M2BJD6
Q5JTC6	F1RDM5
Q5JTD0	A0A8M9QNZ6
Q5JTD7	A0A8M2B2J9
Q5JTH9	Q4KMF4
Q5JTJ3	B8A5J2
Q5JTN6	Q567I2
Q5JTW2	F1Q543
Q5JTZ9	A0A8M1Q6V5
Q5JU00	A0A8M3AWI2
Q5JU67	A2BDR7
Q5JU69	Q4V8W5
Q5JU85	A0A8M2BEM6
Q5JUK3	A0A8M9PZ66
Q5JUQ0	A9JTH2
Q5JUR7	A0A8M9PZS8
Q5JV73	A0A8M9Q1D3
Q5JVF3	Q5U3P0
Q5JVL4	Q7T2F1
Q5JWF2	A0A8M1PZ01
Q5JWR5	A0A8M3AQT1
Q5JXA9	A0A8M1PB64
Q5JXC2	A0A140LGU5
Q5JXM2	A0A8M9PQ65
Q5KU26	A5PMY6
Q5M775	A0A8N7UV85
Q5M7Z0	Q6NZ21
Q5M8T2	A0A8N7TBG4
Q5MJ70	F1QWB8
Q5MNZ6	Q7ZUW6
Q5MNZ9	Q7T305
Q5MY95	F1QCU4
Q5NDL2	X1WGG5
Q5PRF9	A0A8M9PIX7
Q5PSV4	Q4V8V1
Q5QGS0	A0A8M2B3C0
Q5QJ74	E9QCV6
Q5QJE6	A0A8N7UZA2
Q5QJU3	A0A8M1RLY9
Q5QP82	Q6NWH1
Q5R3I4	A3KPN8
Q5RHP9	A0A8M3B4S6
Q5RI15	Q6DH88
Q5RKV6	Q6P0I8
Q5RL73	A4FVJ7
Q5S007	A0A8M3B7E3
Q5SGD2	A0JMP2
Q5SNT2	A4IG66
Q5SQH8	A3KPX0
Q5SQI0	Q6PH17
Q5SQN1	Q0P4A7
Q5SQQ9	Q801E0
Q5SRE5	A0A8M1QLP7
Q5SRE7	Q5U3U0
Q5SRH9	A1A5Y5
Q5SRI9	E7EYY9
Q5SSJ5	A0A8M2BGP7
Q5SSQ6	A0A8M9PHZ1
Q5ST30	B3DIT4
Q5SV17	E7FFC9
Q5SVQ8	F6PFI6
Q5SW24	Q673G8
Q5SW96	A1L2A8
Q5SWA1	A0A8M1NA66
Q5SWH9	F1QUY4
Q5SWX8	A0A8M1PHG1
Q5SXM2	A0A8M3ASS0
Q5SXM8	A1L1P7
Q5SY16	E7F654
Q5SYB0	A0A8M2BIA2
Q5SYC1	Q5SPP0
Q5SZI1	E7EYU5
Q5SZL2	F1QW15
Q5T011	A0A8M9QAK0
Q5T013	Q7T3H9
Q5T0D9	A0A8M1QHS5
Q5T0N1	F1QPL6
Q5T0N5	A0A8M2BEA0
Q5T0U0	A0A8M9PNE5
Q5T0W9	E7F4Q7
Q5T124	F1R1A5
Q5T160	Q6PGW8
Q5T197	A0A8M6YVA5
Q5T1A1	A0A8M6Z1B9
Q5T1B0	A4QNW8
Q5T1C6	A0A8M9NZE6
Q5T1M5	A0A8M3BC60
Q5T1N1	A0A8M9P1R1
Q5T1Q4	F1Q4Z9
Q5T1R4	A0A8M3AQU2
Q5T1V6	A4QN39
Q5T200	A0A8M1PCZ2
Q5T280	Q66ID3
Q5T2D3	Q6NW80
Q5T2E6	Q6PGW3
Q5T2R2	Q567H1
Q5T3F8	A0A0R4IKF9
Q5T3J3	E7F853
Q5T3U5	A0A8M9PSA7
Q5T440	B8JMH0
Q5T447	F1QF19
Q5T481	A0A8M9PW09
Q5T4B2	E7F0F2
Q5T4D3	B0S6W0
Q5T4F4	A0A8M2B732
Q5T4F7	Q6YNR8
Q5T4S7	A0A8M6YVB9
Q5T4T1	A0A8M9PPR6
Q5T5A4	A8Y5T1
Q5T5C0	A0A8M3AKV9
Q5T5J6	A0A8M9P2Z5
Q5T5M9	A0A8M9QKD2
Q5T5U3	F1QST2
Q5T5X7	B7ZD94
Q5T5Y3	A5WUN7
Q5T619	A0A8M9Q0F5
Q5T653	A0A8M1P304
Q5T655	F1QGB9
Q5T686	A0A8M1PSN2
Q5T6F0	Q08BB3
Q5T6F2	A0A8M6Z3P0
Q5T6S3	A0A8M2BE79
Q5T6V5	A4FUL9
Q5T6X5	Q5U9X3
Q5T7M4	A1A5X5
Q5T7N3	A0A8M2BDE3
Q5T7V8	Q7T320
Q5T7W0	A0A8M1P963
Q5T7W7	A0A8M9QBP9
Q5T890	A0A8M3AV89
Q5T8A7	A0A8M2BGM8
Q5T8D3	Q502L1
Q5T8I3	Q5RH77
Q5T8I9	Q568P9
Q5T8P6	A0A0R4IYE4
Q5T953	Q6NYT3
Q5T9C2	A0A8M1RF39
Q5T9C9	A0A8M9Q466
Q5T9L3	F2Z4U3
Q5T9S5	A8E7I8
Q5TA45	Q503E1
Q5TA50	Q6DBQ8
Q5TAB7	Q2WG80
Q5TAT6	A0A8M9Q436
Q5TAX3	A0A8M1PS24
Q5TB30	Q803Q4
Q5TB80	E7F5E1
Q5TBA9	A0A8M9PSZ2
Q5TBB1	A0A8M9QJJ8
Q5TC12	Q1L987
Q5TC79	Q1LV62
Q5TC82	A0A8M1NFT2
Q5TC84	A0A8M1P4A3
Q5TCS8	A0A8N7T768
Q5TCX8	A0A8M2B398
Q5TCZ1	Q1LYG0
Q5TDH0	Q6TH22
Q5TDP6	Q29RF4
Q5TEA3	B8JIN4
Q5TEJ8	F1QWG7
Q5TEU4	A3KP37
Q5TF21	A0A8M2B9B5
Q5TF39	A4QN56
Q5TFE4	A7MBY0
Q5TG30	A0A8M6YZV6
Q5TGL8	E7FBL5
Q5TGS1	Q90465
Q5TGY1	E7F6A2
Q5TGY3	A0A8M2B6V9
Q5TGZ0	Q0P405
Q5TH69	A0A8M3B4Z3
Q5TH74	A5WUY6
Q5THJ4	A0A8M1QUR7
Q5THK1	A0A8M9PLH6
Q5THR3	A0A8M1P241
Q5TIA1	A0A8M9PTI9
Q5TID7	Q1LY09
Q5TIE3	A0A8M6YY12
Q5TKA1	Q5RHQ8
Q5TZA2	E7F2T0
Q5TZF3	B0S794
Q5U3C3	A0A2R8RKM6
Q5U5R9	A0A8M3B7B1
Q5U5X0	A5PLG0
Q5U5X8	A0A8M2BCF5
Q5U5Z8	A6H8T7
Q5U651	E7F6P4
Q5UAW9	Q498W7
Q5UCC4	A7E2M3
Q5UIP0	B0UY57
Q5VIR6	E7FAG0
Q5VSG8	Q1L8D2
Q5VSL9	Q803T2
Q5VST9	A0A8M9PGJ4
Q5VSY0	Q6NWC9
Q5VT06	A0A8M2BED4
Q5VT52	Q6PGU3
Q5VT97	A0A8M6YVH1
Q5VTB9	A0A8M9PXZ7
Q5VTD9	E7FBX7
Q5VTE6	Q5RGT6
Q5VTH2	Q0P4F6
Q5VTH9	F1QHZ6
Q5VTJ3	A0A140LFU3
Q5VTL8	Q6P7Y3
Q5VTQ0	A0A8M9PLG3
Q5VTT5	A0A8M9P8M3
Q5VTY9	F8W2J4
Q5VU43	A0A8M2B7P4
Q5VU57	Q566S2
Q5VU97	A0A8M1PS05
Q5VUA4	A0A8M1RKK4
Q5VUB5	A0A8M1PUG2
Q5VUD6	B3DHK2
Q5VUE5	A5PL75
Q5VUG0	A0A8M2BC60
Q5VUJ6	A0A8M3AZV0
Q5VUJ9	A0A8M1P370
Q5VUM1	Q6ZM41
Q5VV17	A0A8M2B9G0
Q5VV41	A0A8M2BEQ4
Q5VV42	Q6PG34
Q5VV43	A0A8M2B581
Q5VV63	E7F6C7
Q5VVB8	Q5RGR1
Q5VVH5	Q501X6
Q5VVJ2	Q5RGA4
Q5VVM6	A0A8M2B955
Q5VVQ6	Q567B1
Q5VVY1	B8JM82
Q5VW32	A3KQV2
Q5VW36	E7FGT5
Q5VW38	A0A8M3ASE9
Q5VWG9	A0A8M1N925
Q5VWI1	A0A2R8QK73
Q5VWJ9	Q566W7
Q5VWN6	A0A8M3AUY9
Q5VWP2	Q7ZUP1
Q5VWP3	A0A8M3AYS2
Q5VWQ0	A0A8M3AN15
Q5VWW1	A0A8M3AZ95
Q5VWX1	Q08BJ2
Q5VWZ2	A0A8M6YV78
Q5VX71	E7FEC4
Q5VXD3	Q08C88
Q5VXM1	A0A8M9PHE2
Q5VXU1	A0A8M9PTE1
Q5VXU3	B0R125
Q5VXU9	A0A8M9QED4
Q5VY09	Q90X37
Q5VY43	E7F8N2
Q5VYJ5	E7F1Z9
Q5VYK3	B8A5L1
Q5VYS4	A0A8M9Q3I1
Q5VYV7	Q7T2B3
Q5VYX0	Q6DHI7
Q5VYY1	Q7ZUF7
Q5VZ03	Q5PRB4
Q5VZ18	E7F7N7
Q5VZ52	Q4VBJ9
Q5VZ89	A0A8M2BE44
Q5VZE5	Q7T322
Q5VZF2	A0A8M2BFL2
Q5VZI3	A0A8M2BHH6
Q5VZP5	F1QWM2
Q5VZQ5	A0A8M1P8I2
Q5VZY2	A0A8M1RRC7
Q5W041	E7F083
Q5W0B1	A0A8M1PSR2
Q5W0B7	A5WVU6
Q5W0Q7	Q6DRC5
Q5W0U4	A0A8M1P8L2
Q5W0V3	A0A8M1P8W5
Q5W111	Q8JFT6
Q5W5X9	A0A8M9PVW5
Q5XG87	A0A8M3B3K5
Q5XG99	Q6P606
Q5XKK7	A0A2R8Q6A6
Q5XKL5	E7F661
Q5XKP0	Q1LUK1
Q5XKR4	Q6DGH9
Q5XPI4	A0A8M3AXY4
Q5XUX0	A0A8M9P6V1
Q5XUX1	A0A8M1RK01
Q5XXA6	A0A8M6Z4E5
Q5ZPR3	F1QM89
Q629K1	A5WVU9
Q63HK5	A0A0R4IDX7
Q63HM1	Q566U4
Q63HM9	Q58EK3
Q63HN8	A0A0R4IBK5
Q63HQ0	A0A8M1P5Z3
Q63HQ2	A0A8M3B262
Q63ZY3	X1WE18
Q641Q3	Q7ZV46
Q643R3	A0A8M1PGC0
Q64LD2	A0A8M9PLR8
Q658L1	Q2YDR1
Q658N2	E7F082
Q658Y4	Q6TEP1
Q659A1	A0A8M1PZT2
Q66GS9	Q5RG45
Q66K64	A0A8N7TCP2
Q66K79	A0A8M9P814
Q66K89	Q4V8R6
Q66LE6	Q6NY64
Q66PJ3	Q502P0
Q674X7	A0A8M6Z133
Q676U5	Q568R2
Q67FW5	Q4V9J0
Q684P5	A0A8M9QHA0
Q687X5	F1Q9R5
Q68BL8	A0A8N7UVJ6
Q68CJ9	Q1LYG4
Q68CL5	Q6GMH5
Q68CP4	A0A8M1RQR4
Q68CP9	F6NXG0
Q68CQ4	Q6PEH4
Q68CQ7	Q5U3H3
Q68CR1	A0A8M9PF71
Q68CR7	A0A8M9PHT1
Q68CZ1	E7F4E7
Q68CZ6	Q08CD9
Q68D10	Q6DGN6
Q68D51	A0A8M1QH70
Q68D91	A0A8M1NII7
Q68DC2	Q5XJ13
Q68DE3	A0A8M2B9X8
Q68DH5	Q6P4P2
Q68DK2	A0A8M9QF82
Q68DK7	A0A8M9QMZ2
Q68DL7	A0A8M9PLY4
Q68DU8	B3DHI1
Q68DV7	A0A8M9Q3W1
Q68E01	Q1LXC9
Q68EN5	E7F2R7
Q68G74	Q6BDC3
Q68J44	Q29RA3
Q69YH5	A0A8M2BGI6
Q69YI7	A0A8M3B1Q7
Q69YL0	A0A0R4IQN0
Q69YN2	Q5RGJ5
Q69YN4	A0A8M2B4B7
Q69YQ0	Q2KN93
Q69YU3	A0A8M2B4N9
Q69YU5	E7EXZ6
Q6AHZ1	A0A8M1Q1Q9
Q6AI08	A9JRI0
Q6AI12	E7FE71
Q6AI39	A0A8M2B352
Q6AZY7	E9QDK3
Q6BDI9	A0A2R8QAP0
Q6BDS2	A0A8M1QHK1
Q6BEB4	B0S6I8
Q6DD88	Q5XJ96
Q6DHV7	Q4V9P6
Q6DKI1	Q6PFJ0
Q6DKJ4	Q503L9
Q6DKK2	A4QP73
Q6DN12	A0A8M9Q261
Q6DN14	A0A8M3B9W7
Q6DN90	A0A8M2BGN3
Q6DWJ6	A0A8M9PJM2
Q6EMB2	A0A140LH35
Q6FI81	Q6AZB3
Q6GMV2	F1RET2
Q6GMV3	A0A8M1N7G8
Q6GPH4	A0A8M1NBD8
Q6GYQ0	A0A8M9PEK0
Q6H8Q1	A0A8M3B7I4
Q6I9Y2	Q6DGZ3
Q6IA17	A4JYJ7
Q6IA69	A5PLA8
Q6IA86	Q05AM5
Q6IAA8	A0A8M1P653
Q6IAN0	Q566S6
Q6IBS0	E7F2D6
Q6IBW4	Q5RH01
Q6ICB0	Q6PC81
Q6ICG6	A0A0R4IGU3
Q6ICH7	A0JMH0
Q6ICI0	A0A2R8QDW2
Q6ICL3	A0A8M2BJ62
Q6ICL7	Q568R5
Q6IE81	Q803A0
Q6IEE7	L7VG99
Q6IEG0	A0A8M9PCY3
Q6IMI4	F1QYJ6
Q6IMN6	Q5RJ80
Q6IN84	A0A8M1P2P8
Q6IN85	Q5SP90
Q6IPM2	E7F5G1
Q6IPR3	Q6DHJ1
Q6IPU0	Q1LV50
Q6IQ20	Q5TZE8
Q6IQ22	Q502Q0
Q6IQ26	A0A8M3B1L1
Q6IQ49	Q7T293
Q6IQ55	E7FE66
Q6IS24	A0A8N7UVJ2
Q6ISB3	F7VJQ5
Q6IWH7	A0A8M3ASE6
Q6J4K2	A0A8M9QHY2
Q6KC79	F5HSE3
Q6KCM7	A2CEQ0
Q6L8Q7	A0A8M1NAN0
Q6L9W6	A0A8M1PSP9
Q6MZP7	Q08CM4
Q6MZQ0	X1WFB5
Q6N021	E7F958
Q6N022	Q9W7R3
Q6N063	A3KGZ2
Q6N075	Q6DG19
Q6NS38	A3QK41
Q6NSI4	A0A8M1Q249
Q6NSI8	A0A8M1PYT5
Q6NT16	A0A8M2B5I6
Q6NTE8	Q32PP1
Q6NTF9	A0A8M1Q275
Q6NUJ2	A0A8M1PU80
Q6NUJ5	A0A8M1QUX5
Q6NUK1	Q66L49
Q6NUN7	F1QES5
Q6NUP7	F1QXK8
Q6NUQ1	Q05AM7
Q6NUQ4	F1QEL0
Q6NV75	A0A8M3AVH6
Q6NVH7	E9QGK9
Q6NVV7	Q5RGZ1
Q6NVY1	Q58EB4
Q6NW29	A0A8M1P879
Q6NW34	Q567G6
Q6NW40	Q6IYD1
Q6NXE6	A0A8M3AQJ2
Q6NXG1	Q7ZVR8
Q6NXP0	A0A8M3ATK4
Q6NXP6	F1QDV9
Q6NXR4	E7F592
Q6NXT1	Q6DGX3
Q6NXT4	Q6P0D1
Q6NXT6	A2BIE7
Q6NYC1	Q6PFM0
Q6NYC8	A0A8N7T8K3
Q6NZI2	A6NA21
Q6NZY4	A4IFX9
Q6NZY7	F1R2T1
Q6P047	A0A8M1RRK3
Q6P050	Q5EAS7
Q6P0N0	F1RAN4
Q6P0Q8	A0A8M3BAG4
Q6P161	Q1LXI5
Q6P179	A0A8M2BCU9
Q6P1A2	A0A8M6YSQ0
Q6P1J6	A0A8M6YVU4
Q6P1J9	X1WHN7
Q6P1K2	A0A8M9QKW9
Q6P1L5	B0V0F6
Q6P1L8	Q7ZUH5
Q6P1M0	Q567D7
Q6P1M3	Q7SZE3
Q6P1N0	A0A8M1Q7L9
Q6P1N9	Q6GML7
Q6P1Q0	A0A8M6YVW3
Q6P1R3	A0A8M1Q7G8
Q6P1R4	A0A8M1PFK3
Q6P1S2	A0A8M1NR34
Q6P1X5	Q32PW3
Q6P1X6	B8JMG6
Q6P2C0	A0A8M9Q8W3
Q6P2C8	Q6PFL0
Q6P2D8	A0A8M1RFR4
Q6P2E9	Q1LUT1
Q6P2H3	E9QBC3
Q6P2H8	Q6DHN0
Q6P2P2	B3DKD8
Q6P2Q9	A0A8M2B4I2
Q6P2S7	A0A8M2BBQ7
Q6P3S1	A0A8M3B5N2
Q6P3S6	Q7T302
Q6P3W2	A0A8M9PMN3
Q6P3X3	A0A8M1P826
Q6P444	Q08BD8
Q6P499	Q6DHM4
Q6P4A7	A8E7G5
Q6P4E1	A0A8M2BG87
Q6P4F1	Q5F2N3
Q6P4F2	Q08C57
Q6P4F7	A0A8M1NX98
Q6P4H8	E7EXV0
Q6P4I2	Q567G2
Q6P4Q7	A0A8M9QEH1
Q6P4R8	A0A8M2B866
Q6P531	A0A8M6YZD6
Q6P587	Q504E5
Q6P5R6	Q0VFW0
Q6P5W5	A0A8M6Z2D9
Q6P5X5	Q0P3X7
Q6P5X7	B0S728
Q6P656	Q568D2
Q6P6B7	Q1LX89
Q6P6C2	Q08BA6
Q6P7N7	A0A8M3BBU0
Q6P988	C5H5C4
Q6P995	I3IRX1
Q6P9A2	A0A8M1RSP0
Q6P9B9	A0A0R4IY96
Q6P9F0	Q6DHT7
Q6P9G0	Q567I9
Q6PCB0	E7FF10
Q6PCB6	Q7ZVZ7
Q6PCB8	A4JYI4
Q6PCD5	A0A8M1RS26
Q6PCE3	B7ZVE8
Q6PCT2	A6H8I1
Q6PD62	A3KDM3
Q6PD74	Q6DH35
Q6PEV8	Q6AXJ7
Q6PEY0	Q5SNV2
Q6PF06	Q08BM0
Q6PF18	Q567H6
Q6PFW1	A0A8M9QD12
Q6PGP7	E7F2R1
Q6PGQ7	Q5U3U6
Q6PH81	Q6DGQ4
Q6PH85	Q6P007
Q6PHR2	A4IG43
Q6PHW0	E7FDV5
Q6PI25	Q5BL21
Q6PI26	A1L1R0
Q6PI48	A0A8N7UW37
Q6PI78	B3DHU2
Q6PI97	A5PN52
Q6PI98	F1R4X0
Q6PID6	Q6DI40
Q6PID8	A0A8M2BBZ4
Q6PIF2	Q56P19
Q6PII3	A0A8M9Q641
Q6PIJ6	E7F2P7
Q6PIL6	A0A8M9PQD0
Q6PIS1	A0A8M6Z2M6
Q6PIU1	A0A8N7UV51
Q6PIW4	B3DGU1
Q6PIY5	A0A8M6Z0M1
Q6PJ21	B1H1G8
Q6PJ61	A0A8M1NBU8
Q6PJ69	X1WBJ0
Q6PJG2	E7FFR7
Q6PJG6	Q1RLU1
Q6PJI9	A0A8M3ARS3
Q6PJP8	A0A8M1N609
Q6PJT7	Q5TYQ8
Q6PJW8	A0A8N7TBR6
Q6PK04	Q08C68
Q6PK18	B3DIJ1
Q6PKC3	A0A0R4IQE1
Q6PKG0	A0A8M9P457
Q6PKX4	A3KNM7
Q6PL24	A0A8M6Z269
Q6PL45	A0A8M1P972
Q6PML9	Q5PQZ3
Q6Q0C0	A1L1U9
Q6Q759	A0A8M3AUZ6
Q6QAJ8	E7FET6
Q6QEF8	A0A8M6YV26
Q6QHC5	A0A8M1NTC7
Q6QHF9	B8JJQ4
Q6QHK4	Q568W8
Q6QNK2	A0A8M9PR40
Q6QNY1	A2BIA5
Q6RFH5	Q08C95
Q6RI45	A0A8M3ASD3
Q6RW13	E7F2K3
Q6SZW1	F1QWA8
Q6T310	A1DZY4
Q6T311	Q0P495
Q6TCH4	A0A8M6YTQ0
Q6TCH7	Q6PC57
Q6TDP4	A0A8M2B929
Q6TDU7	A6H8T2
Q6TFL4	Q08BL9
Q6U736	E6P6L8
Q6U841	A0A8M1RNL2
Q6UB28	Q4VBS4
Q6UB35	F1QQ79
Q6UB98	B8JLP7
Q6UB99	A0A8M3AUK7
Q6ULP2	A0A8M1NRF7
Q6UUV7	A0A8M2BDX8
Q6UUV9	A0A8M3AQ99
Q6UVJ0	Q7ZVT3
Q6UVK1	E7FCN9
Q6UVY6	Q5TZ24
Q6UW02	F1QHW0
Q6UW56	A3KNS9
Q6UW63	Q7ZVE6
Q6UW78	B3DFP2
Q6UW88	A0A0R4IWG0
Q6UWE0	A0A8M1NF66
Q6UWF9	A0A8M1RNC5
Q6UWH4	E7F6L4
Q6UWH6	Q503X9
Q6UWI2	A0A2R8Q479
Q6UWI4	E7FEC3
Q6UWJ1	A0A8M9PJF7
Q6UWJ8	A0A8M9PGR0
Q6UWL2	A0A8M3ARY2
Q6UWP2	A5WUM7
Q6UWP7	Q6NYV8
Q6UWR7	Q5BKW7
Q6UWS5	E9QJ05
Q6UWU4	A4QNX3
Q6UWV2	Q6NW73
Q6UWV7	A0A8M1RFW2
Q6UWX4	A0A8N7TAZ3
Q6UWY0	Q08CJ7
Q6UWY2	A0A8M9PQ51
Q6UWY5	A0A8M1PSN8
Q6UX01	Q803C7
Q6UX04	Q7ZW86
Q6UX15	A0A8M9PZ46
Q6UX40	E7F1V6
Q6UX46	E7FAP8
Q6UX71	C0SQ73
Q6UX72	A0A8M9PD09
Q6UX73	A7MCS3
Q6UX98	F1QGD2
Q6UXB0	A6H8S6
Q6UXB8	A0A8M2B9H9
Q6UXC1	A0A8M9P3N8
Q6UXD5	A0A8M9P8A5
Q6UXD7	Q503P5
Q6UXF1	E7FAE6
Q6UXG2	A0A8M9PRE1
Q6UXH1	Q7SXF6
Q6UXH8	A8WGB1
Q6UXH9	A0A1L1QZP6
Q6UXI7	A0A8M6Z9P6
Q6UXK2	Q5BL20
Q6UXK5	A9JRH0
Q6UXL0	A0A8M2BAM2
Q6UXM1	A0A8M1NGB4
Q6UXN9	Q6NV31
Q6UXP7	A2BGP9
Q6UXS0	A0A8M1P4C1
Q6UXT9	E7FB35
Q6UXU4	Q4V922
Q6UXV0	A0A8N7UV70
Q6UXX5	A0A8M3AYJ4
Q6UXX9	F1Q5C9
Q6UXY8	A0A8M2BB66
Q6UXZ0	A4JYK3
Q6UY01	A0A8M3APA9
Q6UY11	A0A8M9PYA6
Q6UYE1	E9QBK2
Q6V0I7	A0A8M9QL68
Q6V0L0	A1L1M2
Q6V1P9	A0A8M3AGZ3
Q6V702	A2AVJ0
Q6VAB6	A0A8M3B9D7
Q6VMQ6	A0JME2
Q6VN20	Q1LUS8
Q6VUC0	Q6P0E7
Q6VVX0	F6P2A1
Q6W2J9	F1RCL8
Q6WN34	B4XEZ3
Q6WRI0	E7F5U2
Q6X4U4	A7MCD1
Q6X9E4	B0JZC0
Q6XD76	A0A8M9PUT6
Q6XE24	F1QGV3
Q6XQN6	Q6P3H4
Q6XR72	A0A0R4IEQ2
Q6XUX3	Q4VSN1
Q6XYQ8	A0A8M6Z5Z8
Q6XZF7	E7F1U2
Q6Y1H2	Q803P3
Q6Y288	A0A068F9P7
Q6Y2X3	A0A140LGQ6
Q6YBV0	E7F8C6
Q6YHK3	A0A8N7UTF1
Q6YHU6	A0A8M2BCI6
Q6YI46	Q1LU94
Q6YN16	Q6P5L8
Q6ZMB5	Q6PFI3
Q6ZMC9	A7IT77
Q6ZMG9	F1QPF3
Q6ZMI0	Q5U3A8
Q6ZMI3	A0A8M9P157
Q6ZMJ2	Q5RFW0
Q6ZMJ4	B3DLJ8
Q6ZMM2	A0A8M2BDZ1
Q6ZMP0	A0A8M9NZG4
Q6ZMT9	A0A8M6Z7W6
Q6ZMV7	A0A8M3AS37
Q6ZMV9	Q05AP4
Q6ZMZ0	Q1L8L6
Q6ZMZ3	A0A8M1NDL6
Q6ZN04	A2RRV6
Q6ZN16	A0A8M9PEA4
Q6ZN18	Q7SXV2
Q6ZN28	A0A8M1NXI5
Q6ZN30	A0A0R4IKC9
Q6ZN54	A0A0R4IHS8
Q6ZN55	E7F8Q2
Q6ZNA4	A0A8M2BG80
Q6ZNA5	A0A8M6Z4V8
Q6ZNB5	Q568L6
Q6ZNB6	A0A8M1RRX0
Q6ZNB7	Q6NYE4
Q6ZNC4	Q1LY51
Q6ZNC8	A0A0R4IZC9
Q6ZNE5	F1R340
Q6ZNF0	A5D6U8
Q6ZNI0	A0A8M2BG25
Q6ZNL6	A0A8M9QLY3
Q6ZNQ3	E7FCW6
Q6ZNW5	Q08CA1
Q6ZNX1	Q5XJR3
Q6ZP01	B0S6S9
Q6ZP29	A0A8N7UY59
Q6ZP65	P0CF95
Q6ZP80	Q5CZV0
Q6ZP82	A0A8M1QHJ9
Q6ZPD9	A0A8M3AUH9
Q6ZQR2	A2BFC9
Q6ZQW0	A2Q0R5
Q6ZQX7	E9QJB8
Q6ZQY2	A0A8M1PV94
Q6ZR37	A8HAL3
Q6ZRF8	E9QHE3
Q6ZRI0	A0A8M9Q1V8
Q6ZRI6	A0A8M3ARY4
Q6ZRP7	A0A8M3ASX7
Q6ZRQ5	B3DIY3
Q6ZRR7	A0A8M2B2V6
Q6ZRS2	A0A8M2B358
Q6ZRS4	A0A8M1RMS8
Q6ZS30	A0A0R4IDF6
Q6ZS81	A0A8N7TE93
Q6ZS82	A0A8M2BH52
Q6ZS86	A0JPE9
Q6ZSB9	A2RUZ2
Q6ZSG1	A0A8M2BE56
Q6ZSM3	Q503M4
Q6ZSS7	B0UYT5
Q6ZSZ6	B3DJM5
Q6ZT07	F1Q7J9
Q6ZT12	F1QJX5
Q6ZT21	Q08BG1
Q6ZT52	Q66I09
Q6ZT89	Q6DHS9
Q6ZT98	E7F887
Q6ZTI6	Q8QHA4
Q6ZTN6	A0A8M3AHV3
Q6ZTQ3	A0A8M3B355
Q6ZTW0	B0S661
Q6ZTZ1	A0A8M1P3U4
Q6ZU35	Q5RG44
Q6ZU52	A0A8M6YTL1
Q6ZU64	A0A8M1RHF7
Q6ZU67	A0A8N7TBL1
Q6ZUG5	A0A8M1RRA8
Q6ZUJ8	F1QIR0
Q6ZUS6	Q6DH86
Q6ZUT1	A4QNY5
Q6ZUT6	A0A8M2BH29
Q6ZUT9	Q6NXD8
Q6ZV29	A0A8N7T7U6
Q6ZV73	Q5RH33
Q6ZV89	A0A8M2BGS5
Q6ZVC0	A0A8M2BCP4
Q6ZVD7	B1WB79
Q6ZVE7	E7F770
Q6ZVF9	A0A8M9QGD4
Q6ZVK8	Q568Q0
Q6ZVL6	A0A8M3AJM2
Q6ZVT0	A0A8M3ANQ5
Q6ZVT6	F1QDR3
Q6ZVW7	A0A8M1RS12
Q6ZVX7	Q568V3
Q6ZVX9	A0A1L1QZK3
Q6ZVZ8	A0A8M6Z172
Q6ZW05	Q5RIV7
Q6ZW49	Q5XIY8
Q6ZW61	A0A2R8RT44
Q6ZW76	A8WG24
Q6ZWB6	Q3L1G3
Q6ZWH5	A0A8M3AJH8
Q6ZWJ1	A0A8M3B4S3
Q6ZWJ8	F1Q752
Q6ZXV5	A0A8M1QHQ4
Q6ZYL4	Q5SNQ6
Q709C8	A0A8M9P9K9
Q709F0	Q7ZVN9
Q70CQ2	A0A8M3AKU3
Q70CQ4	A0A8M2BBF5
Q70EK8	A0A8M6Z1V0
Q70EL2	E9QG68
Q70HW3	Q4V9P0
Q70IA8	Q6GQN1
Q70J99	F6NFN1
Q70SY1	A1L224
Q70UQ0	A0A8M6YZK7
Q70YC5	E7FDA3
Q70Z35	E7F2H9
Q70Z53	A0A0R4IK46
Q712K3	Q6DHH9
Q719H9	A0A8M3ALF6
Q71DI3	Q4QRF4
Q71F23	A0A8M3B5L1
Q71RG4	Q8JFU2
Q71RS6	Q49SH1
Q71SY5	Q6PEH8
Q71U36	Q6NWK7
Q71UI9	Q71PD7
Q75QN2	A3KQN9
Q75T13	A0A8M9PSV5
Q75VX8	A0A8M1RE92
Q76B58	F1R441
Q76EJ3	A0A8M1RNI6
Q76FK4	A0A8M2BLC0
Q76L83	E7FG88
Q76LX8	A0A286Y999
Q76M96	Q90X49
Q76N32	A0A8M2B364
Q76N89	A0A8M9QG29
Q76NI1	A0A8M3AZG2
Q7KZ85	Q8UVK2
Q7KZF4	Q7ZT42
Q7KZN9	F1R355
Q7L099	A0A8M3ASM9
Q7L0J3	E7F6Z2
Q7L0Q8	Q5U3T8
Q7L0R7	Q08CG8
Q7L0X0	A0A8M3AVH3
Q7L0X2	A0A8M6Z143
Q7L0Y3	A0A8M1N3C0
Q7L1Q6	Q6PD83
Q7L1T6	Q502I6
Q7L1W4	Q08BM6
Q7L211	Q32LS6
Q7L266	Q5BKW9
Q7L273	F1Q5M1
Q7L2E3	A0A8N7TE51
Q7L2H7	Q7T3B0
Q7L2Z9	A0A8M1P9D8
Q7L3B6	A7YY97
Q7L3T8	Q6P0C4
Q7L4E1	Q5BLE2
Q7L4I2	Q6NWI1
Q7L4P6	A0A8M1P9A6
Q7L523	Q7ZUI2
Q7L576	Q90YM8
Q7L590	Q5RHY1
Q7L592	Q08BY0
Q7L5A3	F1RBB7
Q7L5A8	Q0P3V8
Q7L5D6	F1R3Y3
Q7L5N1	Q567F8
Q7L5N7	Q502J0
Q7L5Y1	A0A8M1NB98
Q7L5Y6	Q6DG33
Q7L5Y9	Q7SXR3
Q7L622	Q8AW58
Q7L7X3	X1WGA8
Q7L804	A0A0R4ID81
Q7L8A9	F1QXP0
Q7L8C5	A0A8M6Z749
Q7L8L6	A0A8N7UVN1
Q7L8W6	A2RV01
Q7L985	A0A8M9QPL0
Q7L9B9	Q6TEQ0
Q7L9L4	Q7ZV94
Q7LBR1	Q7ZVB1
Q7LFX5	E7FD85
Q7LGA3	F1QLG4
Q7RTM1	Q7ZWK8
Q7RTN6	A0A8M9P4U0
Q7RTP0	Q5XJN7
Q7RTP6	F1QH17
Q7RTR2	A0A8M3APF3
Q7RTS1	A0FH50
Q7RTS3	Q7ZSX3
Q7RTS6	A0A8M1PS88
Q7RTS9	A0A8M6Z399
Q7RTT9	A1L272
Q7RTU1	A0A8M1PV37
Q7RTU3	A8WGS8
Q7RTU4	A3KNX5
Q7RTV0	Q6YMR2
Q7RTV3	Q567C6
Q7RTV5	A0A8M3AUW1
Q7RTX0	Q2MHK9
Q7RTX1	Q2MHL2
Q7RTY0	A0A8M1QL69
Q7RTY8	A0A8M9Q422
Q7Z2D5	A0A8M2BAD7
Q7Z2E3	P61799
Q7Z2K6	A0A8M2BL61
Q7Z2K8	A0A8M2BI32
Q7Z2T5	A0A8N7TEL4
Q7Z2W9	Q05AN2
Q7Z2X4	A0A8M9PFE7
Q7Z2Z1	Q6DRL4
Q7Z2Z2	A0A8N7T8F3
Q7Z304	A0A0R4ITP4
Q7Z333	A0A8N7UR12
Q7Z353	E7F5L7
Q7Z392	Q1RLX4
Q7Z3B0	A3KNM5
Q7Z3B1	A0A8M3B3I9
Q7Z3B4	A0A8M9PCH0
Q7Z3C6	A2RV24
Q7Z3D4	Q6IQA2
Q7Z3D6	A0A8M1QRC9
Q7Z3E1	A0A0R4IVH6
Q7Z3E5	E7F187
Q7Z3F1	A0A8M3B2E6
Q7Z3G6	F1REQ6
Q7Z3H4	A0A8M3B7T1
Q7Z3J2	A4VCH4
Q7Z3K3	A8E7N7
Q7Z3T8	E7F6D8
Q7Z3U7	A0A8M9PV63
Q7Z3V4	A0A8N1YZY7
Q7Z3Z2	A1L2C8
Q7Z401	A0A286Y972
Q7Z402	A0A8M1RE27
Q7Z403	A0A8M6Z556
Q7Z410	F1QKM9
Q7Z412	Q7T3A0
Q7Z417	E7FCK6
Q7Z418	D7NVC0
Q7Z419	A0A8M2BKT1
Q7Z422	Q504E7
Q7Z429	Q1ECY6
Q7Z434	F1REK4
Q7Z442	A0A2R8Q5E7
Q7Z449	B8A5Q1
Q7Z460	A0A8M9QFG7
Q7Z478	A0A8N7T8I5
Q7Z494	P0CI65
Q7Z4F1	E7FCU1
Q7Z4G1	A0A8M1PRR9
Q7Z4G4	Q7T064
Q7Z4H3	Q1LUI2
Q7Z4H7	A0JMF7
Q7Z4H8	A5PLC1
Q7Z4L5	B0R0W1
Q7Z4L9	Q6GQN5
Q7Z4N2	A0A8M6Z1K6
Q7Z4N8	A0A8M9P742
Q7Z4Q2	Q6P3I0
Q7Z4R8	Q6NZZ3
Q7Z4T9	A0A8M1PU84
Q7Z4V0	F1R394
Q7Z4W1	Q567K5
Q7Z553	A0A8M9PVK8
Q7Z569	Q6DGJ4
Q7Z570	A0A8M1NGB2
Q7Z589	Q7ZUV7
Q7Z591	A0A8N7UUX9
Q7Z5A7	A0A2R8QIB8
Q7Z5B4	Q6DHE0
Q7Z5G4	A0A8M9PTP1
Q7Z5J4	A0A8M2BJG9
Q7Z5J8	F1QF11
Q7Z5L2	E7F1G4
Q7Z5L3	A0A8M1QHG2
Q7Z5L7	A0A8M1RJK5
Q7Z5M5	A0A8M9Q8A7
Q7Z5Q1	A0A8M1RRV8
Q7Z5Q5	A5X572
Q7Z5R6	Q6PFT9
Q7Z5S9	Q68EK3
Q7Z5U6	X1WBQ1
Q7Z5V6	A0A8N7TC15
Q7Z601	A0A0R4IQJ4
Q7Z602	A0A8M1PZN3
Q7Z614	A0A8M2BA68
Q7Z624	A0A8M2B3G8
Q7Z628	A0A8M9Q5V8
Q7Z695	A0A8M9PXA8
Q7Z698	Q6NYK3
Q7Z699	Q6NV01
Q7Z6B7	A0A8M6Z228
Q7Z6E9	E7EXE9
Q7Z6G3	A3KQL1
Q7Z6G8	A5PMU4
Q7Z6I6	A0A8M9PP74
Q7Z6I8	E7FH33
Q7Z6J0	A5D8S5
Q7Z6J2	Q29RA7
Q7Z6J6	A0A8N7UTH7
Q7Z6J8	A0A8M1P8Z2
Q7Z6J9	A0A8M9PNE7
Q7Z6K3	A3KPW7
Q7Z6K4	Q7T3Y0
Q7Z6K5	Q1LWJ6
Q7Z6L1	A0A8M9Q8Y3
Q7Z6M1	Q6GQN7
Q7Z6M2	A0A8N7TBL2
Q7Z6M4	X1WDB2
Q7Z6R9	Q5RJ20
Q7Z6V5	Q5RIV4
Q7Z6Z7	A0A8M9Q812
Q7Z713	B8JIG2
Q7Z739	Q7ZW05
Q7Z769	Q1JQ66
Q7Z7A1	A0A8M3ASW8
Q7Z7A3	Q803X1
Q7Z7A4	Q1LVS2
Q7Z7B0	A0A8M9PCE0
Q7Z7B1	A0A8M1NHN2
Q7Z7C8	Q6P0T2
Q7Z7D3	A0A8M1RSR5
Q7Z7F7	A8WHP2
Q7Z7G1	A0A8M3AZH5
Q7Z7G2	Q08BK6
Q7Z7G8	A0A8M9PDA7
Q7Z7H3	Q08CH6
Q7Z7H5	Q6IQH9
Q7Z7H8	Q5BJB7
Q7Z7J7	A0A8M9Q6Q5
Q7Z7K0	A0A8M1PPM7
Q7Z7L7	Q6NWY3
Q7Z7L8	X1WG64
Q7Z7M0	F1QBZ9
Q7Z7M1	A0A8M9QA93
Q7Z7M9	A0A8M1RI86
Q86SE5	A0A8M3ANQ9
Q86SF2	Q502M4
Q86SG6	Q90XC2
Q86SH2	Q7T3T8
Q86SQ0	A0A8M9QL84
Q86SQ4	C6KFA3
Q86SQ6	U3JAP0
Q86SQ7	B8JK76
Q86SQ9	Q6NXA2
Q86SX3	A0A8N7UVG5
Q86SX6	Q6PBM1
Q86SZ2	F1QMV3
Q86T20	E7EZ47
Q86T24	A5PLK1
Q86T65	A0A8M1PZ97
Q86T82	E7F6T8
Q86T90	A4IG80
Q86T96	A8WGN5
Q86TA1	Q7ZW91
Q86TB3	F1QU13
Q86TB9	A2RRV3
Q86TC9	A0A8N7UTI8
Q86TD4	A0AUR2
Q86TE4	A5D8S1
Q86TH1	A0A8M9Q4Y9
Q86TI2	A0A2R8QP51
Q86TJ2	Q503N9
Q86TL2	Q7SY08
Q86TM6	Q803I8
Q86TN4	Q5EAR5
Q86TP1	A0A8M1NSX6
Q86TS9	A0A8M1P8H5
Q86TU7	Q7SXS7
Q86TV6	A0A8M3AJW5
Q86TW2	B1H1M5
Q86TZ1	A0A8M3AU20
Q86U10	A0A8M9P006
Q86U28	A0A8M1P3Z0
Q86U38	E7EZJ0
Q86U42	Q6NUT4
Q86U44	F1R777
Q86U70	Q2YDQ6
Q86U86	E7F8D8
Q86U90	A4IG71
Q86UA1	Q1JPZ7
Q86UA6	F1QKJ6
Q86UB9	A4QN71
Q86UC2	F1QPC4
Q86UD0	Q6NXC3
Q86UD5	A0A8M2B6Y3
Q86UE4	F1QAS0
Q86UE6	B8JKM0
Q86UE8	Q1ECX4
Q86UF1	Q5RH71
Q86UF4	A0A8M3B405
Q86UK0	A0A8N7T793
Q86UK7	Q6PFK1
Q86UL3	Q08CV3
Q86UL8	F1Q897
Q86UN6	A0A140LGZ4
Q86UP2	A0A8M1P1K0
Q86UP3	F6NXU9
Q86UP9	Q6DHB5
Q86UR5	A0A8M9Q519
Q86US8	A0A0R4IZ84
Q86UT6	E7FDW7
Q86UT8	F1QIL3
Q86UU0	Q67FY3
Q86UV5	A0A8M2BK68
Q86UW1	Q66I08
Q86UW6	A0JMG4
Q86UW8	A0A8M2BHT5
Q86UX2	A0A8M1PU27
Q86UY5	A0A8M1PSF8
Q86UY6	Q568K5
Q86UY8	E7FFE8
Q86V15	A0A8M3B6A1
Q86V20	A0A8M1NTG0
Q86V21	A3QK15
Q86V24	Q5TYU5
Q86V25	A0A8M2B7N9
Q86V42	A0A8M1QR29
Q86V48	A0A8N7UVR0
Q86V81	A7MBY2
Q86V85	A0A8M1RHB2
Q86V86	A0A8M1N833
Q86V88	E7F6V6
Q86VD7	Q0P483
Q86VE0	A0A8M9Q7B9
Q86VE9	Q803X0
Q86VF7	A0A8M9QIV4
Q86VI3	A0A0F7EVQ6
Q86VI4	Q801V1
Q86VK4	A0A8M3ALU5
Q86VM9	Q1LUE5
Q86VN1	Q7ZVK4
Q86VP1	Q6P132
Q86VP3	A0A8M3B5F0
Q86VP6	Q802V5
Q86VQ0	A0A8M6YVF9
Q86VQ1	A1L1Q3
Q86VQ6	A0A8M1PCD1
Q86VR2	F1QYM7
Q86VR7	A0A8M3AR17
Q86VR8	F1QZU9
Q86VS3	Q1LXZ7
Q86VS8	A0A8M6Z0P5
Q86VU5	A0A8M1NUZ9
Q86VV8	A0A8M2B9K1
Q86VW0	Q7SX85
Q86VW1	Q5TZ30
Q86VX2	Q6DBX2
Q86VX9	A0A8M1P7N8
Q86VY9	Q5RGQ8
Q86VZ1	A0A8N7TBG0
Q86VZ4	A0A8M2B7G6
Q86VZ5	A0JMN0
Q86VZ6	Q49TU3
Q86W33	Q4V8X0
Q86W34	A0A8M9Q8Z4
Q86W42	Q5XJS5
Q86W50	Q6DC64
Q86W56	A0A8N7UQU4
Q86W74	Q6TNT2
Q86W92	Q1LUM4
Q86WA6	A0A8M1NZX1
Q86WA8	Q5PQY6
Q86WA9	Q7T2A2
Q86WB0	Q08BA2
Q86WB7	Q5SPF7
Q86WC4	A0A8M1RHW9
Q86WG3	A0A8M9P4L2
Q86WG5	E7F4G2
Q86WI3	A0A8M1RT70
Q86WJ1	Q7ZU90
Q86WK6	A0A8M1QHZ7
Q86WQ0	Q1ED21
Q86WR0	Q7T312
Q86WR7	A0A8M1RQW5
Q86WU2	F1QXM5
Q86WV1	A1L1P4
Q86WV5	X1WCR0
Q86WV6	E7F4N7
Q86WW8	Q0P451
Q86WX3	A0A8M2BJX0
Q86WZ0	A0A8M3AJZ3
Q86X02	Q6NZT2
Q86X10	A0A8M9Q110
Q86X24	A2BF66
Q86X27	Q7SXZ6
Q86X29	A0A8M2B3Y8
Q86X40	E7FBW4
Q86X45	B3DH20
Q86X52	Q6P296
Q86X53	E7FD79
Q86X55	Q6DC04
Q86X67	A0A8M3B792
Q86X76	Q66IE6
Q86X83	Q6DH33
Q86X95	A0A8M9PSH9
Q86XD8	B8A682
Q86XE5	Q6NY77
Q86XI2	E7FH61
Q86XI6	Q803M0
Q86XJ0	E7FFW5
Q86XJ1	A0A8M2BBM5
Q86XK2	A0A0R4IXA1
Q86XK3	B7ZD04
Q86XL3	A2CEB2
Q86XN7	E7FCT7
Q86XN8	A0A8M6YWI6
Q86XP1	A0A8M9QFV5
Q86XP3	A0A8M1N856
Q86XR5	E7FER7
Q86XR8	A1L249
Q86XS5	F1QUC4
Q86XS8	A0A8M3B0D3
Q86XT2	A0A8M9PZ52
Q86XX4	A0A0R4IQJ3
Q86XZ4	A2VD26
Q86Y01	A0A0U3RBN1
Q86Y07	A0A8M1PE59
Q86Y34	A0A8M9QI43
Q86Y37	A0A8M1RNS4
Q86Y38	D3J0E7
Q86Y39	Q7SXE9
Q86Y56	A0A8M3AVC6
Q86Y78	Q66IA6
Q86Y79	Q5CZM9
Q86YB7	Q6NWF7
Q86YB8	A0A8M2BK75
Q86YC2	A0A8M1QKC3
Q86YC3	Q6AXL3
Q86YD3	A0A8M6Z113
Q86YD5	B3DJ30
Q86YF9	Q7T019
Q86YH6	Q6DHQ9
Q86YI8	A0A8M1RTN3
Q86YJ5	A0A8M1PSE0
Q86YJ6	Q2YDP8
Q86YJ7	E7F2R4
Q86YL5	A0A0R4IDJ7
Q86YM7	A0A8M1N0S0
Q86YN1	Q5XJT5
Q86YN6	A0A8M3AP47
Q86YP4	A0A8M2BHS7
Q86YQ8	A0A8M2BC78
Q86YR5	Q64HS5
Q86YS3	Q3LGD4
Q86YS6	Q0P3V5
Q86YS7	A0A8M9P9Y4
Q86YT6	Q804S5
Q86YV9	A0A8M2B3V8
Q86YW7	C6SUS4
Q86Z14	A0A0R4IX01
Q86Z20	A2BGP7
Q8HWS3	Q5RJA1
Q8IU60	Q803B9
Q8IU80	A0A8M9QFM2
Q8IU81	Q1LV17
Q8IU99	A0A8M2B6Z4
Q8IUB2	E7F3G3
Q8IUC6	Q1LUQ2
Q8IUD2	A0A8M9Q0Z2
Q8IUF8	Q7T3G6
Q8IUH2	Q5U391
Q8IUH3	B0S522
Q8IUH4	A0A0R4IQZ2
Q8IUH5	A5WVX9
Q8IUI8	Q568M3
Q8IUQ4	Q7ZVG6
Q8IUR0	Q6DGL5
Q8IUR5	A0A8M1QHN3
Q8IUR6	A0A8M2BHM9
Q8IUR7	Q05AL1
Q8IUS5	A0A0R4ILH2
Q8IUW5	F1QK31
Q8IUX7	A0A8M1P8F5
Q8IUX8	A0A8M6Z078
Q8IUZ0	A0A8M3AJB8
Q8IUZ5	Q2YDQ8
Q8IV01	B3DJ38
Q8IV08	Q1L8A0
Q8IV20	F1REB6
Q8IV32	Q1LVR7
Q8IV33	E7F7F8
Q8IV36	A0A8M6YWU8
Q8IV38	Q803N0
Q8IV48	Q503G0
Q8IV50	Q6DEF4
Q8IV61	A0A8M2B4V9
Q8IV63	Q5BLE9
Q8IV77	A0A8M1RHG3
Q8IVB5	A0A8M2B6G9
Q8IVD9	Q6NZR9
Q8IVE3	A0A8M9QFR0
Q8IVF4	E7FGT8
Q8IVF5	A0A8M3AJ94
Q8IVH2	A0A8M3BDN3
Q8IVH4	A7MBT8
Q8IVH8	A0A8M3B704
Q8IVI9	A8WFV6
Q8IVJ1	E7EXX2
Q8IVL0	Q5TZ18
Q8IVL1	A0A8M9PRM8
Q8IVL5	A0A8M1RFU2
Q8IVL8	B8JLQ9
Q8IVM0	A0A8M3AN52
Q8IVN3	A0A8M1P902
Q8IVN8	A0A8M1QUS9
Q8IVP5	Q6DH87
Q8IVQ6	B1H1H3
Q8IVS2	A0A8M1N9U7
Q8IVS8	Q08BL7
Q8IVU1	F1RAD6
Q8IVV7	E7FA54
Q8IVV8	A8WG59
Q8IVW8	A2SWM2
Q8IVY1	X1WDW0
Q8IW19	A0A8M3AL87
Q8IW35	A0A8M3B5Y9
Q8IW40	Q6DGB6
Q8IW41	Q6DHN7
Q8IW45	F1Q575
Q8IW50	Q6DC60
Q8IW52	A0A0R4IYE6
Q8IW93	E7EY47
Q8IWA0	Q7ZVR1
Q8IWA4	A0A8M6Z3E7
Q8IWB1	Q567X9
Q8IWB7	Q4VBV0
Q8IWB9	E7F4E5
Q8IWD4	F2Z4X0
Q8IWD5	Q6DBX0
Q8IWE2	A0A8M3B814
Q8IWE4	A7MD57
Q8IWE5	B3DJE5
Q8IWF2	B0UXS1
Q8IWF6	A0A8M9QLL1
Q8IWF9	A0A8M3B681
Q8IWI9	A0A8M2B5I7
Q8IWJ2	A0A8M9PSG0
Q8IWK6	S4X0Q8
Q8IWL3	B0V1J6
Q8IWP9	A0A8M2B561
Q8IWR0	Q7ZUL0
Q8IWR1	A0A8M9PIB6
Q8IWS0	A0A8M9QKI0
Q8IWT0	Q566V0
Q8IWT3	A0A8M9P7F0
Q8IWU2	A0A8M1P2P9
Q8IWU5	A0A8M2BGI3
Q8IWU6	Q6EFA1
Q8IWU9	A0A8M1P7E6
Q8IWV7	A0A8M9P0T8
Q8IWV8	A0A8M6Z1W9
Q8IWW6	A0A8M9QME4
Q8IWW8	Q6NYM8
Q8IWX5	A0A8M1RMB0
Q8IWX7	Q6DGE9
Q8IWX8	Q8AX67
Q8IWY4	A0A8M1PAA2
Q8IWY9	A0A8N7UT82
Q8IWZ3	A0A8M3AWZ5
Q8IWZ6	Q08C18
Q8IWZ8	A0A8M1RIH6
Q8IX03	E9QGC4
Q8IX04	Q6DBY5
Q8IX05	A0A8M9PT57
Q8IX12	A0A8M2B3E5
Q8IX18	A0A8M9PIH1
Q8IX21	A0A8M1RDX3
Q8IX29	Q566U8
Q8IX30	A0A8M9PKI0
Q8IX90	Q58EL7
Q8IXB1	A4IG47
Q8IXF0	A0A8M6YVR3
Q8IXH7	Q7ZVZ0
Q8IXH8	E7F370
Q8IXI1	Q32LU1
Q8IXI2	Q6NVC5
Q8IXJ6	Q7ZVK3
Q8IXJ9	A0A8M9PE54
Q8IXK2	A0A8N7TDK4
Q8IXL7	A0A8M1P8M4
Q8IXM2	Q5PR52
Q8IXM3	Q502B0
Q8IXP5	A0PJS5
Q8IXQ4	Q6DBU2
Q8IXQ5	Q6P403
Q8IXQ6	A0A8M1PZD8
Q8IXQ9	A3KP85
Q8IXR9	A0A8M1RQW8
Q8IXS0	A0A8M9PA02
Q8IXS2	Q6DHI2
Q8IXS8	A0A8M9PVK7
Q8IXT1	A0A8M9PPZ6
Q8IXT5	A0A8M1P6I4
Q8IXV7	A0A8M9Q3L7
Q8IXW5	B0UYH6
Q8IXY8	Q503L0
Q8IXZ2	E7FH07
Q8IXZ3	Q6P0J3
Q8IY17	A0A8M2B6R2
Q8IY18	A0A8M1NV01
Q8IY22	A0A8N7TD80
Q8IY26	Q5TZ07
Q8IY31	Q66I67
Q8IY37	A0A8M2BJM4
Q8IY45	Q0P4D1
Q8IY47	Q08CL1
Q8IY49	D3YLD4
Q8IY57	A0A8M6Z5E8
Q8IY67	A0A8M9PZA5
Q8IY81	A0A8M1P1T0
Q8IY82	A0A8M9PYW2
Q8IY84	E7F7X7
Q8IY92	A0A8M1RN23
Q8IY95	Q6NYE7
Q8IYA6	A2BG40
Q8IYA7	A5YC44
Q8IYA8	A0A8M1P8Z5
Q8IYB1	E7FBQ4
Q8IYB3	A0A8M2B5D0
Q8IYB5	A0A8M9Q9Y2
Q8IYB7	A0A8M2BAA3
Q8IYB8	A4IG62
Q8IYD8	A8QLH8
Q8IYD9	A0A8M2BHL8
Q8IYE0	A0A8M2BC56
Q8IYE1	A0A8M3ANE1
Q8IYF3	A0A8M9QGY5
Q8IYG6	A0A8M3APS4
Q8IYH5	A5PMR0
Q8IYI6	A4IG64
Q8IYJ1	A0A8M3B6D0
Q8IYJ2	A0A8N7TBS6
Q8IYJ3	Q1L8P2
Q8IYK2	E7F4M4
Q8IYL2	A0A8M1N2X3
Q8IYL3	Q1L9C7
Q8IYQ7	A0A8M2B9Q7
Q8IYR0	A2RV06
Q8IYR2	Q08C84
Q8IYR6	Q4KMI9
Q8IYS0	E7F236
Q8IYS2	A8WIN8
Q8IYT2	Q7ZVS8
Q8IYT3	E7F1G2
Q8IYT4	Q32PM7
Q8IYT8	A0A8M1RKN8
Q8IYU2	F8W2M1
Q8IYU8	Q1LYC5
Q8IYV9	A0A8M1P314
Q8IYW2	A0A8M9QAH0
Q8IYW5	Q7T308
Q8IYY4	Q32PN7
Q8IZ02	F1R6M0
Q8IZ07	A2BG46
Q8IZ08	A0A8N7UUR0
Q8IZ21	F1QIC4
Q8IZ40	Q6P116
Q8IZ41	A5WW21
Q8IZ57	Q6P976
Q8IZ69	Q7ZVY1
Q8IZ73	A0A8M1P3Z9
Q8IZ81	A0A8M3AT43
Q8IZ83	F1QGP1
Q8IZA0	A0A8M2B6J5
Q8IZA3	A0A8M2BLX3
Q8IZD0	A0A8M1RMD2
Q8IZD2	A0A8M9Q6C7
Q8IZD4	A3KNZ0
Q8IZD6	A7MBM1
Q8IZD9	A0A8M6YXG5
Q8IZE3	Q803U0
Q8IZF0	A0A8M2BF56
Q8IZF6	A0A140LGW6
Q8IZH2	A0A8M1PFH0
Q8IZJ1	A9JR35
Q8IZJ3	A0A8M1RP87
Q8IZK6	Q803Y8
Q8IZL2	A0A8M1RIA2
Q8IZL8	A0A8M1PSB8
Q8IZL9	A8WIP6
Q8IZM8	A0A8M1RN53
Q8IZM9	Q503G8
Q8IZN3	E9QCD3
Q8IZP9	A0A8M2B9R8
Q8IZQ1	A0A8M2BCS8
Q8IZQ5	A0A8M1PAE4
Q8IZQ8	A0A8M2BGQ6
Q8IZR5	Q6DGM6
Q8IZT6	A0A8M2B8W4
Q8IZU2	A0A8M3AR08
Q8IZU3	Q1RLP7
Q8IZU8	A0A8N7UTD6
Q8IZV2	A1L255
Q8J025	E7F3Y0
Q8N0S6	Q6DRD4
Q8N0T1	X1WDU0
Q8N0U4	A0A8M1RMU3
Q8N0U7	A0A8M3AVR8
Q8N0U8	Q502B2
Q8N0V3	F1QXS7
Q8N0V4	Q2HPG1
Q8N0W3	A0A8M3B6Y7
Q8N0W5	B3DI10
Q8N0X2	A0A8M1RJN5
Q8N0X4	Q1JPT8
Q8N0Z2	Q68EG8
Q8N0Z3	Q5PRD5
Q8N0Z6	Q567H0
Q8N0Z8	A0A8N7TE54
Q8N0Z9	B0CLX4
Q8N100	Q8AW52
Q8N108	A0A8M1P0M2
Q8N119	A0A0N9E2K8
Q8N122	A0A0R4IFI0
Q8N129	Q2L6K8
Q8N131	A0A8M9PW00
Q8N136	Q1LV15
Q8N137	A0A8M9PLF1
Q8N138	Q5XJR6
Q8N142	Q6NSN5
Q8N145	Q2HPG0
Q8N157	A0A8M1P8J8
Q8N159	E7FCP8
Q8N163	A0A8N7UVX0
Q8N165	Q32PP3
Q8N183	A9C3R5
Q8N187	A0A8M9QJZ6
Q8N1A0	A0A8M1PV69
Q8N1A6	Q6P2T7
Q8N1B4	A0A8M3AK60
Q8N1C3	A0A8M3B7W8
Q8N1D5	E7F2M2
Q8N1F7	Q7ZU29
Q8N1F8	A0A8M2BDQ2
Q8N1G1	A0A8M1NJD4
Q8N1G2	Q803R5
Q8N1G4	A8WFY2
Q8N1I0	E9QJL8
Q8N1K5	A5PF62
Q8N1P7	A0A8M3AL91
Q8N1S5	A0A8M9PXG7
Q8N1V2	Q502N0
Q8N201	A0A0R4IJ75
Q8N228	A0A8M1PRS4
Q8N239	A0A8M2B9Q0
Q8N264	A0A0R4IRU6
Q8N2A8	A3KNW0
Q8N2C7	A0A8M3B3C0
Q8N2E2	A0A0R4IWA2
Q8N2G6	A5D8K9
Q8N2G8	F1QSN8
Q8N2H3	A0A8M1P3E6
Q8N2H4	A0A8N7UZY0
Q8N2I9	A0A8M9NZS1
Q8N2K0	Q08C93
Q8N2K1	A4QNV0
Q8N2M4	Q5BLD1
Q8N2M8	A0A8M1N962
Q8N2Q7	D2X2F9
Q8N2R8	Q6NXA7
Q8N2U0	Q568J8
Q8N2U9	A0A8M9PH02
Q8N2W9	F1R4C4
Q8N2Y8	A0A8M2BCE9
Q8N2Z9	B3DJV8
Q8N300	P0C8M3
Q8N302	A0A8M9PIC1
Q8N335	Q5XIZ6
Q8N336	A0A8M9P3G2
Q8N344	A0A8M9PJL0
Q8N357	Q6DGU7
Q8N365	Q1LXW3
Q8N370	A0A2R8QSV3
Q8N371	A8E534
Q8N392	A0A8M1Q7T1
Q8N394	A0A8M9PQN7
Q8N398	A0A8M9P1N5
Q8N3A8	Q08CN1
Q8N3C0	E7F8F4
Q8N3F0	P0C8M4
Q8N3F8	E7FA45
Q8N3G9	A8KC42
Q8N3I7	Q7ZWB7
Q8N3J2	E7F6U3
Q8N3J3	I3ISZ9
Q8N3J5	A0A8M1P874
Q8N3K9	B3DJR0
Q8N3L3	Q5RIN3
Q8N3P4	A0A8M3AQ47
Q8N3R3	F1QHT7
Q8N3R9	Q8JHF4
Q8N3U4	A0A0R4IZR5
Q8N3V7	A0A2R8QMT1
Q8N3X1	F1QGN0
Q8N3X6	A0A8M3AGU5
Q8N3Y1	A9JRF9
Q8N3Z3	B0S8I0
Q8N3Z6	A0A8M3B5M8
Q8N412	Q08BC4
Q8N413	A0A8M1RH87
Q8N414	A0A8M1NRL7
Q8N428	A0A8M1Q1T5
Q8N434	Q1LVS8
Q8N436	A0A8M9Q9B3
Q8N441	Q7SX76
Q8N442	A0A8M3AZI5
Q8N448	F1R5N4
Q8N456	R4GEA8
Q8N461	I3ITN3
Q8N465	A1L258
Q8N475	B3DH26
Q8N485	A2BF97
Q8N488	Q5EG55
Q8N490	A0A8M1P2H3
Q8N4A0	Q5CZV4
Q8N4B1	A0A8M2B9I6
Q8N4B5	F1Q501
Q8N4C6	A0A8M3AZC8
Q8N4C7	A0A8M9QK10
Q8N4C8	A0A8M9QDG2
Q8N4F7	A0A8M1P4N4
Q8N4G2	B8JLB2
Q8N4H0	Q7T2B2
Q8N4H5	F6NZ76
Q8N4J0	A0A8M2BJ21
Q8N4K4	A5PLA0
Q8N4L2	Q1LWC3
Q8N4L8	A0A8M2BAU6
Q8N4N3	Q503R4
Q8N4P3	Q568P1
Q8N4P6	Q1L8U9
Q8N4Q1	Q6DEI8
Q8N4S0	Q7SYI8
Q8N4T0	E7F2H8
Q8N4T4	B0R089
Q8N4T8	Q6P0H7
Q8N4U5	Q5RGW3
Q8N4V1	Q6TLE4
Q8N4V2	A0A8M2BCL8
Q8N4W6	A0A8M1PS19
Q8N4X5	A0A8M9Q402
Q8N4Y2	A1A600
Q8N511	A8E5C6
Q8N531	A0A8M1P1L5
Q8N543	A0A8M1PED0
Q8N554	A0A8M9PUR8
Q8N556	A0A8M2B299
Q8N565	Q6GQM0
Q8N567	Q7ZUI6
Q8N568	A2A121
Q8N573	A0A8M9PD70
Q8N584	Q1LXE6
Q8N594	Q08CH3
Q8N5A5	Q7SXW2
Q8N5B7	Q7T3F1
Q8N5C6	A0A8M9QFT1
Q8N5C7	Q5XJ56
Q8N5C8	A4IFZ0
Q8N5D0	B3DJF2
Q8N5G0	A0A2R8Q9H3
Q8N5G2	Q2TLY2
Q8N5H7	A0A8M2B1T6
Q8N5I2	A0A8M9PW76
Q8N5I4	B8A5W4
Q8N5I9	A0A8M1P1M8
Q8N5J2	A3KQS4
Q8N5J4	Q66IC6
Q8N5K1	Q7T326
Q8N5L8	Q6DGS1
Q8N5M1	A3KP55
Q8N5M4	Q7ZUI3
Q8N5M9	Q5XJX0
Q8N5R6	A0A8M6Z4I6
Q8N5T2	Q7SXU2
Q8N5U6	A0A8M1NIH6
Q8N5V2	E7FDB4
Q8N5W9	A0A8M1RHN8
Q8N5X7	Q66HY7
Q8N5Y8	Q6NX05
Q8N5Z0	A0A8N7TEE2
Q8N653	A1L1Q7
Q8N668	B8A6D0
Q8N680	F2Z4W3
Q8N682	Q5XJL0
Q8N695	Q3ZMH1
Q8N697	A0A0R4ICA5
Q8N699	Q5SNQ9
Q8N6D2	Q0P447
Q8N6D5	Q502M6
Q8N6F1	A0A8M6Z925
Q8N6F8	F1QE45
Q8N6G5	A0A8M1NHC5
Q8N6H7	A0A8M2B5S0
Q8N6I4	Q5TZA3
Q8N6K7	A0A8M2BB39
Q8N6L1	Q0P494
Q8N6M0	Q7ZV00
Q8N6M3	Q52KL1
Q8N6M5	Q6DGA6
Q8N6M6	B0V1A5
Q8N6N2	Q1LXX9
Q8N6N3	Q7SZP2
Q8N6N6	Q5D014
Q8N6N7	Q4V8S5
Q8N6Q8	A0A8M1N9Y4
Q8N6R0	A5WVX1
Q8N6R1	B0V1G1
Q8N6S4	Q7ZUV0
Q8N6S5	E7F1I2
Q8N6T0	B3DIP6
Q8N6T3	Q5U370
Q8N6T7	Q6IQK0
Q8N6V4	Q08BN1
Q8N6V9	A0A8M1P8Y3
Q8N6W0	A0A8M9PVC1
Q8N6Y1	E7F9B5
Q8N6Y2	F1R0N0
Q8N755	Q66I89
Q8N766	A0A8M2B912
Q8N7H5	Q4U0S5
Q8N7J2	F1QGH6
Q8N7M0	Q66IC8
Q8N7P1	A0A8M1RIN8
Q8N7R7	Q08CI4
Q8N7U6	E7F7T9
Q8N7W2	A0A8M6Z224
Q8N7X0	A0A8M3B490
Q8N801	A0A8M1P9C4
Q8N806	Q803P8
Q8N815	A0A8M1QUU2
Q8N841	A8CVX7
Q8N865	A0A8M3AQJ3
Q8N884	F1QCP4
Q8N895	E7F2K0
Q8N8A2	E7FC91
Q8N8A6	Q6DRI7
Q8N8B7	A0A8M9Q5X9
Q8N8D1	Q6DRL2
Q8N8E3	A0A8M1P9B8
Q8N8G2	Q4V8U0
Q8N8I0	A0A8M2B6P2
Q8N8J7	Q501T4
Q8N8K9	A0A8M2B2I4
Q8N8M0	E7FET0
Q8N8N0	Q58EC8
Q8N8N7	A0A8M1P4D1
Q8N8Q1	Q66HZ6
Q8N8Q8	A0A8M9PZ05
Q8N8Q9	A0A8M2BDB1
Q8N8R5	A0JMH2
Q8N8R7	Q0P4A1
Q8N8S7	A0A8M3B449
Q8N8U9	A6H8K2
Q8N8V4	Q6GMG7
Q8N8Z6	F1QGI1
Q8N944	A0A8M1PSK9
Q8N954	Q6DGZ0
Q8N957	A0A8M9QN10
Q8N960	A0A8M6Z7P2
Q8N961	A0A8M3AP57
Q8N966	X1WBB5
Q8N967	A0A8M9Q6C3
Q8N983	Q6DH43
Q8N987	Q568Q5
Q8N998	A8WG43
Q8N999	Q5PR55
Q8N9A8	Q561X0
Q8N9B5	Q6NVC9
Q8N9F0	A4IGD2
Q8N9F7	Q68EJ8
Q8N9H8	A0A8M9Q6C2
Q8N9H9	A0A8M3ANT6
Q8N9I5	A0A8M1RNR3
Q8N9I9	A0A8M3AVB3
Q8N9M1	Q1JQ47
Q8N9N2	Q566X5
Q8N9N5	Q502P7
Q8N9N7	Q6DHL5
Q8N9N8	Q7SY07
Q8N9Q2	Q3B7G7
Q8N9R8	A0A8M9PYR3
Q8N9T8	Q6DRJ4
Q8N9U0	A0A8M3B864
Q8N9V3	A0AUS0
Q8N9V6	A0A0R4IMF1
Q8N9V7	A0A8M3AVW5
Q8NA03	Q566N9
Q8NA23	A0A8M2BC93
Q8NA31	Q1LX29
Q8NA47	Q5U3R2
Q8NA54	A0A8M1RS07
Q8NA56	A0A8M6YTI4
Q8NA66	E7FDP1
Q8NA72	A0A8N7T784
Q8NAA4	A0A8M9P7L8
Q8NAA5	A0A8N7UUY9
Q8NAB2	A0A8M1PV51
Q8NAG6	Q6NUU1
Q8NAP3	A0A0R4IVZ9
Q8NAP8	Q1LUJ6
Q8NAT1	Q5NDE5
Q8NAT2	Q1L981
Q8NAV1	Q6DHU4
Q8NAX2	E7F2A2
Q8NB12	Q2MJQ9
Q8NB14	A0A8M1RIE1
Q8NB15	Q7ZZ00
Q8NB37	Q3B7H1
Q8NB46	Q502K3
Q8NB49	A0A8M3AS49
Q8NB59	A0A8M6Z9M8
Q8NB66	A0A8M2BII5
Q8NB78	A0A8M6YWK0
Q8NB90	A0A8M9Q017
Q8NB91	A0A8M6Z0K9
Q8NBA8	A0A8M9PQP1
Q8NBD8	Q08CG9
Q8NBE8	A0A8N7UUT7
Q8NBF1	A0A8M6YZY3
Q8NBF2	A0A8M3BE96
Q8NBF6	A0A8M1P335
Q8NBH2	A0A8M9PSF2
Q8NBI2	A3KPR5
Q8NBI3	Q4V9H3
Q8NBI6	E7F9V4
Q8NBJ7	Q5XJ75
Q8NBJ9	A0A8M9P7I2
Q8NBK3	A0A8M2BDC4
Q8NBL1	Q32LR4
Q8NBL3	Q08CE6
Q8NBM4	A1L247
Q8NBM8	A0A8M3AX62
Q8NBP0	B3DIY5
Q8NBP5	A0A8M1QKK6
Q8NBP7	A0A8M1RTA9
Q8NBQ7	A0A8M1P9I6
Q8NBR0	E7F4B0
Q8NBR6	F1RBY0
Q8NBS3	A0A8M2B2N8
Q8NBS9	A0A8M2B9N7
Q8NBT0	Q7ZVF0
Q8NBT2	Q503N2
Q8NBT3	A0A8N7T776
Q8NBU5	Q503W7
Q8NBV4	Q6P0E8
Q8NBW4	Q08BA4
Q8NBZ7	Q6GMI9
Q8NC06	Q6NV40
Q8NC24	Q1RLT5
Q8NC44	A0A8M2B745
Q8NC54	E7EY36
Q8NC67	A0A8M9Q8U8
Q8NC74	A0A8M2BLD6
Q8NCA5	X1WEE6
Q8NCC3	A0A8M1RTL2
Q8NCC5	A0A8M2BLQ3
Q8NCE0	Q08BW3
Q8NCE2	E7F0C5
Q8NCF5	A0A8M1P3N7
Q8NCG7	A0A8M3AXY9
Q8NCH0	Q805E5
Q8NCJ5	A7MBV6
Q8NCL8	A2BGS3
Q8NCM2	B3DJV7
Q8NCM8	A0A8M9PCL1
Q8NCN2	B0V1A3
Q8NCN4	E7FAP1
Q8NCN5	E7FC79
Q8NCP5	A0A8M2BJS0
Q8NCR0	Q502B3
Q8NCR3	A0A8M9Q873
Q8NCR9	A0A0G2KJ86
Q8NCT3	A0A286Y841
Q8NCU4	Q5M7X8
Q8NCV1	A0A8N7TDG9
Q8NCW5	Q6DHK1
Q8NCW6	F1R7M5
Q8NCX0	A0A8M6Z0Z0
Q8NCY6	E7EXN2
Q8ND04	A0A8N7T6K6
Q8ND23	A0A0P0CP42
Q8ND24	A0A8M1QKL4
Q8ND25	Q6P4U6
Q8ND76	A0A8M3ANE7
Q8ND83	A0A8M2BFG7
Q8NDC4	Q566N4
Q8NDD1	B3DHE5
Q8NDG6	B8A4F4
Q8NDH3	Q561T4
Q8NDI1	A0A8M2B4X7
Q8NDL9	Q68EI3
Q8NDM7	A0A8N7TBN9
Q8NDN9	B8A4R1
Q8NDV1	Q704S4
Q8NDV2	E7FGY4
Q8NDV3	A0A8M3AP39
Q8NDX2	Q1L8X9
Q8NDX5	A0A8M3AQB7
Q8NDX6	A0A8M2B9H4
Q8NDY3	Q5XJB9
Q8NDY6	Q4V9J8
Q8NDZ0	Q4V9E7
Q8NDZ2	A0A0R4IYT1
Q8NDZ6	Q7SY10
Q8NE00	E7F9F2
Q8NE09	A0A8M9PJQ5
Q8NE18	A0A8M6Z698
Q8NE22	A0A8M1PRU1
Q8NE31	A0A8M9Q8S2
Q8NE35	A0A8M3AZE0
Q8NE62	A0A8M1RM14
Q8NE71	Q6NV15
Q8NE79	Q5PQZ7
Q8NE86	Q08BI9
Q8NEA4	Q0D281
Q8NEA6	A0A8M6Z1B7
Q8NEB9	A0A8M9QGZ6
Q8NEC7	A0A8M1N6W6
Q8NEE6	A0A8M6YW52
Q8NEF3	A0A8M6Z0J8
Q8NEF9	Q6DI30
Q8NEG2	E7FD23
Q8NEG5	A6H8U0
Q8NEG7	Q803T4
Q8NEH6	Q6PBA8
Q8NEJ9	Q6PFJ1
Q8NEM0	A0A8M2B3G0
Q8NEM2	Q6PFI4
Q8NEM7	A0A8M1QV20
Q8NEN0	F1QBI9
Q8NEN9	E7F7C3
Q8NEP3	Q7ZV84
Q8NER5	A0A8M9PSI8
Q8NES3	Q8JHF2
Q8NEU8	B2XCM0
Q8NEV4	Q90XG6
Q8NEW0	A5PMX1
Q8NEW7	D2ITC5
Q8NEY1	A0A8M6Z1D6
Q8NEY3	Q6DNI1
Q8NEZ2	Q6TH08
Q8NEZ3	A0A8M9Q0I2
Q8NEZ5	Q5SPK4
Q8NF50	F1QJ79
Q8NF64	A0A8M2B1Q3
Q8NF91	A0A8M3AR55
Q8NFA0	A0A8N7T783
Q8NFC6	A0A8M3B8C2
Q8NFD2	B3DHM4
Q8NFD5	A0A8M2B773
Q8NFF5	Q68EH8
Q8NFG4	F1R3E5
Q8NFH3	Q6NYF4
Q8NFH4	Q6DHK2
Q8NFH5	Q6P6X9
Q8NFH8	A0A8M2B9B6
Q8NFI3	A1L251
Q8NFJ8	A0A8M1PC14
Q8NFJ9	A4QP86
Q8NFL0	Q8UWM4
Q8NFM7	Q8QHJ9
Q8NFN8	E7F1E4
Q8NFP4	A0A8M3AZH0
Q8NFP9	E7EZD1
Q8NFR3	Q1RLT2
Q8NFR9	A0A8M9QF23
Q8NFT2	A0A8M9PY20
Q8NFT6	A0A8N7UTA7
Q8NFT8	S4TYY2
Q8NFU1	A0A8N7TBM7
Q8NFU3	A0A8M9Q576
Q8NFU5	A1A5W8
Q8NFU7	F1R3C6
Q8NFV4	Q6DRD9
Q8NFW1	M5BFV8
Q8NFX7	Q6IQP2
Q8NFY4	A0A8M2BLA1
Q8NFY9	Q08CL3
Q8NFZ0	A0A8M3B1M6
Q8NFZ5	A0A8N7TE24
Q8NFZ8	A0A8M2B4F3
Q8NG08	A0A8M1PUI1
Q8NG11	Q0P407
Q8NG31	A0A8M3AY08
Q8NG41	A0A8M3AXJ0
Q8NG48	F1QRU0
Q8NG50	Q5U3G4
Q8NG66	A0A8M3AQY2
Q8NG68	F1QP95
Q8NHE4	Q504A1
Q8NHG7	X1WFU2
Q8NHG8	Q08CN9
Q8NHH1	Q08BJ4
Q8NHH9	A8KAZ3
Q8NHM5	A0A8M9Q6R7
Q8NHP6	A0A2R8QKX7
Q8NHP7	Q0P3U3
Q8NHP8	A2RV19
Q8NHQ1	A0A8M9P470
Q8NHQ8	Q7T398
Q8NHQ9	Q8JHJ2
Q8NHR7	Q5BJD2
Q8NHR9	A0A8M1P408
Q8NHS3	Q0VA82
Q8NHS9	A0A8M9QEX7
Q8NHU2	A0A8M6YU94
Q8NHU3	A0A8M1NT99
Q8NHV4	A0A8M2BA03
Q8NHV5	F1QJW0
Q8NHW3	A3KMR8
Q8NHW6	A0A286Y9F3
Q8NHX9	A0JMD4
Q8NHY2	A4QP94
Q8NHY3	A0A8M1RQY9
Q8NHZ8	Q68EK9
Q8NI08	A0A8M6Z3G5
Q8NI22	Q5XJ39
Q8NI27	A0A8M2B3X8
Q8NI32	B0S8J0
Q8NI35	A0A8M2B8K6
Q8NI36	A0A8M1P741
Q8NI38	A0A8M9PK20
Q8NI60	Q5RGU1
Q8NI77	Q7ZUW9
Q8TA86	A0A0R4IJK4
Q8TAA3	Q6P0I2
Q8TAA5	E7F0C3
Q8TAA9	B0V210
Q8TAB3	A0A2R8QME5
Q8TAB5	A0A8M3B9G7
Q8TAC1	A0A8N7TAU5
Q8TAC2	Q803C0
Q8TAD2	Q5TKT1
Q8TAD4	Q6DG36
Q8TAD8	Q4V8W8
Q8TAE7	A0A8M9QJ67
Q8TAE8	A0A8M1PVC0
Q8TAG5	Q5CZM7
Q8TAG9	A0A8M9QME7
Q8TAK6	Q5QJR2
Q8TAM1	A0A286Y9A6
Q8TAM2	Q1RLX7
Q8TAP4	Q503U0
Q8TAP6	A7E2V1
Q8TAP8	Q0P427
Q8TAP9	B0V0W7
Q8TAQ2	A0A8M9Q5E9
Q8TAS1	Q08CD4
Q8TAT5	A0A8M2B3F3
Q8TAT6	Q7ZVI8
Q8TAU0	Q98871
Q8TAX0	Q5XJQ7
Q8TB22	A0A8M1QL85
Q8TB24	E7FC22
Q8TB36	Q78AN2
Q8TB37	Q6DH61
Q8TB40	A0A8M2BAQ5
Q8TB45	A0A8M2BKU4
Q8TB52	Q7SXZ3
Q8TB61	Q6P101
Q8TB68	E7EXZ8
Q8TB73	F1QPX0
Q8TB92	A8WG57
Q8TB96	E7F1C8
Q8TBA6	Q7SXE4
Q8TBB0	A0A8M1NYS7
Q8TBB1	A0A8M2B7L4
Q8TBB5	A0A0R4IHX2
Q8TBB6	B0UYF2
Q8TBC3	A0A8M1QHH8
Q8TBC4	Q7ZVX6
Q8TBE3	A0A8M2BDI9
Q8TBE9	Q502P8
Q8TBF2	Q6NV24
Q8TBF4	Q5SP50
Q8TBF5	A0A8M1NHF7
Q8TBG4	Q7SY54
Q8TBG9	A0A8N7TAS3
Q8TBH0	Q6TEM6
Q8TBJ4	Q6IQH6
Q8TBJ5	Q804Q5
Q8TBK2	Q803K4
Q8TBK6	F1QUQ1
Q8TBM7	Q7T380
Q8TBM8	A0JMH5
Q8TBN0	A0A8M9PH17
Q8TBP6	Q6DHC3
Q8TBQ9	Q5BJC2
Q8TBY0	Q08BH5
Q8TBY8	A0A8M6Z0A2
Q8TBZ0	A0A8M1Q7I8
Q8TBZ2	F8W2D0
Q8TBZ3	E7FA76
Q8TBZ6	E7FBE2
Q8TBZ9	A0A8M6Z1W2
Q8TC05	Q5RHU7
Q8TC07	A0A8M2B5M9
Q8TC29	A0A8M1P6E4
Q8TC41	A0A8M1NC36
Q8TC44	A2CEH0
Q8TC57	A4IG29
Q8TC59	A2CEI6
Q8TC71	Q503Q1
Q8TC76	Q4QRD7
Q8TC84	A0A8M1RRC4
Q8TC92	A0A8M3BCE4
Q8TCA0	A0A8M9QMF3
Q8TCB7	Q6NY40
Q8TCC3	Q502J9
Q8TCD6	A9JRB9
Q8TCF1	Q6DGC0
Q8TCG1	A9JSX6
Q8TCG2	Q49GP5
Q8TCJ0	A0A8M9PT00
Q8TCJ2	A0A8M1P4G3
Q8TCN5	E7F342
Q8TCS8	G5CTT5
Q8TCT0	A0A8M1NE99
Q8TCT1	Q6DBV4
Q8TCT6	Q5BP97
Q8TCT7	A0A8M1NA84
Q8TCT9	A0A8M2B8N4
Q8TCU5	A0A8M3AWH5
Q8TCU6	F1R6J2
Q8TCX1	Q7SXY4
Q8TCX5	A0A8M1RP49
Q8TCZ2	Q6DBW9
Q8TD08	A0A8M3AL82
Q8TD10	A0A0R4ITG1
Q8TD16	A0A8M3B5A4
Q8TD19	A0A8M9PLP7
Q8TD20	Q6NWF1
Q8TD22	F1R7K0
Q8TD26	A0A8N7T870
Q8TD30	A0A8M1NDP9
Q8TD31	A0A8N7TFF4
Q8TD55	A0A8M1RLX1
Q8TD57	A0A8M3ANU1
Q8TD84	A0A8M2B4A1
Q8TDB4	A0A8M3AS86
Q8TDB6	A0A8M1RM44
Q8TDD1	Q8JGR2
Q8TDD2	Q6U1J4
Q8TDF5	A0A8M9PGC0
Q8TDG4	F1Q4P2
Q8TDH9	Q4V9F5
Q8TDI0	A0A8M3AXS2
Q8TDJ6	U5U756
Q8TDN1	A3KQM6
Q8TDN4	A7YX81
Q8TDN6	A0A8M1NVZ7
Q8TDN7	Q568I2
Q8TDP1	E9QD20
Q8TDR0	Q6PGZ3
Q8TDV0	A0A8M3ASB1
Q8TDV5	A0A8M1PUJ3
Q8TDW0	A0A8M1P936
Q8TDW5	A0A8N7TAN5
Q8TDW7	A0A2R8QAL3
Q8TDX5	A4QP55
Q8TDX6	A0A8M1PU89
Q8TDX7	Q6DEH7
Q8TDX9	A0A8M9PXN6
Q8TDY2	E7FFM2
Q8TDY8	F1Q4R3
Q8TE02	A1A5V9
Q8TE04	A2RV28
Q8TE49	A0A8M1RPC9
Q8TE56	A0A8M9QHG7
Q8TE57	E7FFX0
Q8TE60	E7FEJ5
Q8TE73	A0A8M9PDG5
Q8TE82	A0A8M2BE07
Q8TE99	Q6DH46
Q8TEA1	A0A0R4IAT4
Q8TEA7	E7F1V3
Q8TEA8	F1QGC8
Q8TEB1	Q499B0
Q8TEB7	Q6NX00
Q8TEB9	Q568J3
Q8TED0	Q7ZW33
Q8TED1	Q7ZV14
Q8TED4	Q7SY29
Q8TEH3	A0A8M2B8E1
Q8TEK3	A0A8M2BHW6
Q8TEM1	F1QC46
Q8TEP8	A0A8M3AQD1
Q8TEQ0	E7EYK3
Q8TEQ6	A0A8M1Q7H4
Q8TEQ8	A0A8N7TDE4
Q8TER0	E7F2S5
Q8TES7	A0A8M9PNU4
Q8TEU7	A0A8M6Z3X1
Q8TEV9	E7FA21
Q8TEW0	A0A8M6YY70
Q8TEW6	E7F0P2
Q8TEX9	A0A8N7T6F8
Q8TEY5	A0A8M9PMP4
Q8TEY7	A5PMR2
Q8TEZ7	Q801G2
Q8TF01	A4IG17
Q8TF05	Q7ZUL5
Q8TF09	A0A8M1P1P5
Q8TF17	A0A8M2BKM4
Q8TF21	A0A8M9PSG1
Q8TF30	A0A8M9PQE9
Q8TF40	A0A8M1NHL9
Q8TF46	A2RV18
Q8TF61	A0A8N7UTD0
Q8TF64	Q1ECV5
Q8TF66	A1L1S0
Q8TF71	A1L1W9
Q8TF74	Q6IR48
Q8TF76	A0A8M6YZ20
Q8WTR2	Q6NTA7
Q8WTS1	A0A8M2B4Q8
Q8WTS6	Q6DHG0
Q8WTT2	Q6DRN3
Q8WTU2	A0A8M9QEF2
Q8WTV0	A0A8M6Z8R4
Q8WTV1	Q58EG0
Q8WTW3	A0A8M1RH56
Q8WTW4	Q0P403
Q8WTX7	Q58ER9
Q8WTX9	E7F4Z4
Q8WU10	Q6PBT5
Q8WU17	B1H1M0
Q8WU20	A0A8M6Z5Y5
Q8WU58	E7F6C1
Q8WU67	Q66HU2
Q8WU76	Q5BLD9
Q8WU79	Q1LXU3
Q8WU90	Q803J8
Q8WUA2	A5PM92
Q8WUA4	F1R215
Q8WUA8	Q58A48
Q8WUB2	A0A8M6YV54
Q8WUB8	Q6NWE1
Q8WUD4	Q6DC23
Q8WUF5	Q1L9A3
Q8WUF8	Q7T297
Q8WUG5	A0A8M1REG0
Q8WUH1	Q5U3N7
Q8WUH2	A4IG72
Q8WUH6	Q7T352
Q8WUI4	A0A8M9PX70
Q8WUJ0	Q503G4
Q8WUJ1	A2CES0
Q8WUJ3	A0A8M9Q254
Q8WUK0	A1L293
Q8WUM0	F1QNV4
Q8WUM4	A0A8M2B6D5
Q8WUM9	Q6PFM1
Q8WUN7	Q6DG43
Q8WUP2	Q08B86
Q8WUQ7	F1Q8W0
Q8WUR7	X1WD69
Q8WUS8	A8DZE7
Q8WUT9	Q5U3V7
Q8WUU5	Q1L8G7
Q8WUU8	A0A8M2BJ99
Q8WUW1	Q6IQ86
Q8WUX2	Q4KMJ1
Q8WUX9	Q6PBQ2
Q8WUY1	B0JZP3
Q8WUY3	A8KB36
Q8WUY8	Q0P4A4
Q8WUY9	A0A8M1RMV8
Q8WV07	A4FVI3
Q8WV19	Q7T375
Q8WV22	Q6DGT7
Q8WV24	Q5XJ33
Q8WV28	A0A8M6Z948
Q8WV41	B5RHZ3
Q8WV60	Q566X6
Q8WV74	A0A8M9QPZ0
Q8WV92	Q7ZV91
Q8WV93	X1WDT8
Q8WV99	Q7SXI4
Q8WVB3	A0A8M2BB54
Q8WVB6	A0A8M1NEK2
Q8WVC0	Q6NYV9
Q8WVC6	Q0P4C4
Q8WVD5	Q6IV56
Q8WVE7	A3KPL7
Q8WVF1	A0A0G2L033
Q8WVF2	Q6NWB6
Q8WVF5	Q6GMI6
Q8WVI0	E7FFR8
Q8WVI7	Q6DGR9
Q8WVJ2	Q6DC89
Q8WVK2	Q6DH74
Q8WVK7	Q0P426
Q8WVL7	F1RCG8
Q8WVM0	A0A8M9P924
Q8WVM8	Q8AUT3
Q8WVP5	Q7SZE8
Q8WVP7	A0A8M2BDY2
Q8WVQ1	Q6NUZ5
Q8WVR3	E7F240
Q8WVS4	A0A8M1RKA7
Q8WVT3	F1RE04
Q8WVV4	A0A2R8PYS8
Q8WVX9	A0A8M2BLL5
Q8WW01	A5WV68
Q8WW24	A0A8M1NTB8
Q8WW35	F1QMY1
Q8WW38	F1R4T3
Q8WW52	A5PN38
Q8WW59	Q6DGK7
Q8WW62	A0A8M2BA93
Q8WWB5	Q5PRB3
Q8WWB7	Q66HW4
Q8WWC4	Q32LQ2
Q8WWF8	A0A8M1N594
Q8WWG9	Q1LVA7
Q8WWH4	Q7ZUY1
Q8WWH5	B3DHG0
Q8WWI5	A0A8M9QGI9
Q8WWL2	Q5U3H9
Q8WWL7	Q08C91
Q8WWM9	Q575S8
Q8WWN8	A0A140LH27
Q8WWQ0	A0A8M3AN51
Q8WWQ2	A0A8M3B5H5
Q8WWQ8	F6P8Y7
Q8WWR8	Q503Z4
Q8WWT9	Q6NWY4
Q8WWV3	Q7T3C7
Q8WWW0	E7EXR8
Q8WWW8	A0A8M1PUK4
Q8WWX0	Q561U7
Q8WWX8	Q5U3A9
Q8WWY3	Q7SXM7
Q8WWZ3	A0A8N7UVZ8
Q8WWZ7	F1QEL5
Q8WWZ8	A0A8M1RNR8
Q8WX92	Q7ZVU3
Q8WX93	F8W315
Q8WXA3	A9JRF1
Q8WXA9	A0A8M1N1N7
Q8WXB1	Q5BLD8
Q8WXC6	Q6P6E6
Q8WXD2	A3KQQ9
Q8WXD5	A0A8M1RNP7
Q8WXE1	Q1LXB1
Q8WXE9	Q4V9G6
Q8WXF0	Q7SZS0
Q8WXF1	Q1JPY8
Q8WXF7	A0A8M2B377
Q8WXF8	A0A8M6YTH0
Q8WXG1	Q5RH95
Q8WXG6	A0A8M9Q2G4
Q8WXG9	Q6JAN0
Q8WXH2	A0A8M1NGP7
Q8WXI2	A0A8M9PXZ0
Q8WXI9	A0A8M1N9R4
Q8WXK3	A0A8N7T5C7
Q8WXR4	A0A8M1QKE9
Q8WXS3	E7F5E6
Q8WXS4	Q4KM17
Q8WXS8	A0A8M6Z9G0
Q8WXU2	Q6P010
Q8WXW3	B8JHR8
Q8WXX0	A0A8N7UQZ5
Q8WXX5	Q6DH49
Q8WXX7	E7F4D0
Q8WY21	A0A8M9PN08
Q8WY22	A2CEA9
Q8WY36	A0A8M9Q027
Q8WY41	E7FDB3
Q8WY54	Q53VM5
Q8WY64	Q6TEM9
Q8WY91	B0S7M2
Q8WY98	B8A4M2
Q8WYA0	Q6IVW2
Q8WYA6	Q6P4V4
Q8WYB5	A0A8M3BER5
Q8WYH8	A5WVS7
Q8WYK0	E7FCU2
Q8WYK2	A0A8M2B5W8
Q8WYN0	Q4VBK1
Q8WYN3	A0A2R8RSH3
Q8WYP5	A0A8N7T6T7
Q8WYQ4	A0A8M2BEK5
Q8WYQ5	A2BEG3
Q8WYQ9	A0A8M1Q764
Q8WYR1	A0A8M9Q7E2
Q8WYR4	A0A0M3HEM6
Q8WZ42	A0A8M9QGA6
Q8WZ55	E7F4W6
Q8WZ60	A0A8M1N2B9
Q8WZ64	E7F7Y0
Q8WZ71	A0A8M2BKP9
Q8WZ73	Q6NX02
Q8WZ74	A0A8M9P1C3
Q8WZ79	F1QKH7
Q8WZ82	Q503Y4
Q8WZA0	Q6DHH7
Q8WZA1	F1QNB2
Q8WZA2	A0A8M9Q4T0
Q92185	Q6KC13
Q92186	Q8QH83
Q92187	Q6KC03
Q92466	Q2YDS1
Q92481	A0A8M2B7U7
Q92484	A0A8M2BHJ3
Q92485	A0A8M1P530
Q92499	A0A8M1NW84
Q92503	A0A8M9Q0B8
Q92504	Q9PUB8
Q92506	Q561S1
Q92508	A0A8N7TDV6
Q92519	A0A8M1RLI9
Q92520	Q7ZYY4
Q92521	Q7SXZ1
Q92522	Q802U8
Q92529	A0A8M9PRG3
Q92530	A0A8M1N0P9
Q92535	Q6NUU9
Q92536	Q59I64
Q92537	U3JAN2
Q92538	A0A8M3AYU2
Q92539	A0A8M2BAN1
Q92540	Q1LVF3
Q92541	A3KDM2
Q92542	Q5XLR3
Q92544	A0A8M1PCY3
Q92545	A0A8M9QB17
Q92546	Q6DHI8
Q92547	A0A2R8RVN3
Q92551	F1RE97
Q92552	Q6AXL6
Q92556	A0A8M3ASM3
Q92558	A0A8M1Q749
Q92560	A1L2G3
Q92562	A0A8M9PI17
Q92563	A0A8M1RM78
Q92564	Q5RHX6
Q92565	A0A8M1RMG6
Q92567	A0A8M2BKV9
Q92569	A0A8M9PLR5
Q92572	Q5XJJ8
Q92575	Q6P267
Q92576	B8A483
Q92581	A0A8M3AP93
Q92585	A0A8M2B411
Q92597	Q6A3P5
Q92600	Q6NWL4
Q92604	Q4KMD5
Q92609	F1QXM3
Q92610	A0A8M2B5T2
Q92611	A0A8M1PFS6
Q92613	Q7ZVP1
Q92615	A0A8M9PU52
Q92616	A0A8M3BBK0
Q92618	Q1L941
Q92620	Q6P404
Q92621	A0A8M9PFD6
Q92622	A0A8M2BLQ4
Q92623	A0A8N7TAX5
Q92624	Q6NY32
Q92626	A0A8M3AJA6
Q92628	F1QJT2
Q92629	A0A0R4IBS6
Q92630	A0A8M2BBR5
Q92633	Q6DHQ8
Q92636	F1QZ06
Q92643	Q6IQM5
Q92664	Q6DRH9
Q92665	A2BEP0
Q92673	A0A8M2B4D2
Q92674	F1QJK1
Q92685	Q501Z4
Q92688	A0A8N1Z3N3
Q92696	Q08CG5
Q92698	F1Q8K0
Q92731	Q7ZU32
Q92733	A3KQS1
Q92734	Q6P0G5
Q92736	A0A8M9P9G0
Q92738	A0A8M2BC35
Q92747	Q7ZUQ0
Q92752	Q7T3T6
Q92753	A3R3J9
Q92754	Q5PQZ4
Q92759	Q6P2T8
Q92765	Q9W6E0
Q92769	A0A8M2B6N2
Q92782	A0A8M1P4C0
Q92783	A5PMY5
Q92784	A9LMC0
Q92786	F1QAE1
Q92791	A0A0R4INE3
Q92794	A2CG09
Q92796	A0A8M9QL03
Q92797	A0A0R4I9D6
Q92802	A0A0R4IMJ9
Q92804	F1R0M4
Q92805	A1IH01
Q92813	A0A8N7V0B4
Q92819	Q9DG41
Q92823	A0A8M2BC02
Q92824	A0A8M1RIN1
Q92830	A0A0R4IXF6
Q92831	Q1LUC3
Q92833	Q1LVC2
Q92834	F1QM29
Q92835	A0A8M1QLP5
Q92838	B0YIF1
Q92839	A0A8M9NZ80
Q92841	F1QBS1
Q92844	Q08CI3
Q92845	Q66JN7
Q92854	A0A8M9PCY2
Q92858	A0A8M1P6Y3
Q92859	A0A8M3AUL1
Q92870	A0A8M2BFP9
Q92871	A0A8M1RII2
Q92878	A0A8N7UW22
Q92879	Q9IBD0
Q92882	Q6TGW5
Q92886	O42606
Q92887	F1DB26
Q92889	Q7SYE8
Q92890	Q6DRD5
Q92896	A0A8M1PU45
Q92900	F1RCY6
Q92902	Q32PM6
Q92903	A0A8M1Q7N6
Q92905	Q6PC30
Q92908	Q6NW63
Q92911	A4IG60
Q92915	Q5TKR1
Q92917	Q90X38
Q92922	F1Q9K1
Q92925	A0A8N7T7V7
Q92930	A5PLC7
Q92945	A4QP88
Q92949	F1QDF8
Q92953	A0A8N7UVH3
Q92954	A0A8M2B7K8
Q92963	B3DJU3
Q92966	Q7ZU76
Q92968	Q6PFQ3
Q92973	A0A8N7TD97
Q92979	Q1RM81
Q92982	A0A0R4IDX9
Q92989	E7F3I6
Q92990	B0UYH7
Q92994	Q6P9Z3
Q92995	F1QFS9
Q92997	E7F737
Q93009	A0A8M3B8A7
Q93015	A0A8M9QIZ4
Q93034	F1REN0
Q93052	Q7ZU85
Q93063	Q5U7A7
Q93073	A0A8M6YTL2
Q93074	Q2QCI8
Q93075	B3DH59
Q93086	B0R182
Q93088	Q32LQ4
Q93096	A0A0R4IN05
Q93098	P51029
Q93099	Q6P2V4
Q93100	A0A8M2BDU6
Q969E2	Q4V8U2
Q969E3	Q1LYP1
Q969E8	Q3KRG3
Q969F1	Q7ZUJ5
Q969F9	A0A8M2B8S1
Q969G2	B0S5S7
Q969G3	A0A8M2BB53
Q969G6	A0A8M1P3I8
Q969G9	Q2TJA6
Q969H0	A0A8M9PIU0
Q969H4	A0A8M3AJV6
Q969H6	Q5BJI6
Q969H8	Q6DGL1
Q969I6	A0A8M6YZH0
Q969J3	Q5XIX8
Q969J5	Q1JPU3
Q969K4	E7F920
Q969L2	B3DKG3
Q969L4	A0A8M2BLE8
Q969M1	A9JSV7
Q969M2	A0A8M2B7L5
Q969M3	Q6P5I8
Q969M7	Q6NY82
Q969N2	A0A2R8Q264
Q969P0	F1Q534
Q969P5	Q7ZTY2
Q969Q4	Q7ZVD8
Q969Q5	Q4KME1
Q969Q6	Q803V3
Q969R5	F1R4V8
Q969R8	Q5RHI2
Q969S0	Q7ZW46
Q969S3	F1QU59
Q969S6	Q6DGR1
Q969S8	F1QCV2
Q969S9	A0JMI9
Q969T3	Q08BL4
Q969T4	B0S6A7
Q969T9	A0A8M1N607
Q969U6	Q6PFV0
Q969U7	Q1LXS2
Q969V4	A0A8M3ASX1
Q969V5	A5PLF8
Q969W0	Q5BJC1
Q969X0	A4IGC3
Q969X1	X1WGS1
Q969X2	A0A8M6YV93
Q969X5	Q4V8Y6
Q969X6	A0A8M2BH80
Q969Y0	Q08BN9
Q969Y2	Q501Z5
Q969Z0	E7F3K7
Q969Z4	Q6NZ11
Q96A11	E7F380
Q96A19	Q6NZW0
Q96A23	E9QJ75
Q96A26	A3KP48
Q96A29	A0A8M2BH03
Q96A33	Q66I12
Q96A35	Q6DH02
Q96A37	A0A8M3B1I8
Q96A44	B0S5W3
Q96A46	Q7T292
Q96A47	P53406
Q96A49	Q7ZV98
Q96A56	A0PJS8
Q96A57	Q68EJ3
Q96A58	A0A8M1P339
Q96A59	Q7SXC4
Q96A65	A0A8M1N783
Q96A72	Q566Y8
Q96A73	A4QNZ7
Q96A83	A0A8M2BKI7
Q96A84	A0A8M2BCG7
Q96A98	Q8QGA2
Q96A99	A0A8M9Q479
Q96AA3	A0A8N7TDL0
Q96AA8	A0A8M1QHM0
Q96AB3	A0JME6
Q96AB6	A0A8M9Q122
Q96AC1	F1Q8X5
Q96AD5	A0A8M2BLV4
Q96AE7	E7F211
Q96AG3	Q6DGU5
Q96AG4	Q6NWG1
Q96AH0	Q5PRC7
Q96AJ1	Q7ZVC2
Q96AJ9	A0A8M2B2E0
Q96AP4	A0A8M1NC71
Q96AP7	B0CLV1
Q96AQ7	Q0P4E5
Q96AQ8	F1Q729
Q96AQ9	A0A8M3AVD7
Q96AT1	A0A8M1PHK9
Q96AV8	Q5RIX9
Q96AW1	A0A8M2BHY0
Q96AX1	A0A0R4ID82
Q96AX2	Q567B0
Q96AX9	A0AR23
Q96AY2	E7F6N8
Q96AY3	B3DKC0
Q96AY4	A0A8M6Z8C1
Q96B01	A3KNR8
Q96B02	Q1JPX4
Q96B21	Q6P0S3
Q96B23	A0A8M2B7W2
Q96B26	Q6DRN4
Q96B36	E7EY34
Q96B42	Q641M3
Q96B45	Q4V8S9
Q96B49	X1WBS5
Q96B67	Q1ECU3
Q96B70	F1R3F5
Q96B77	B3DI94
Q96B86	Q1LVM8
Q96B97	A0A8M1RMS5
Q96BA8	A0A8M2BGW2
Q96BD0	A0A0G3Y3D1
Q96BD5	A0A8M9PN21
Q96BD6	Q4V8W1
Q96BD8	Q6DHG8
Q96BF3	A0A8M6Z361
Q96BH1	Q7SXJ6
Q96BI1	Q32LS0
Q96BI3	Q8JHE9
Q96BJ3	Q6PBN2
Q96BJ8	A0A8M6Z4G1
Q96BK5	Q5QGN4
Q96BM9	F8W2P1
Q96BN2	Q6NWA8
Q96BN6	A1L253
Q96BP2	A3KNX4
Q96BP3	A5PL48
Q96BR1	A4IG56
Q96BR5	Q5TYQ3
Q96BR9	F1RE12
Q96BT3	A0A8M6YX66
Q96BT7	A0A8M3ATS0
Q96BW1	Q6NYU7
Q96BW5	Q0P3Z2
Q96BW9	Q3B7H2
Q96BY6	X1WF60
Q96BY9	F1QPC3
Q96BZ8	Q66HZ8
Q96BZ9	Q4QRJ8
Q96C01	Q6PBU0
Q96C10	F1QUY3
Q96C11	Q6NUW9
Q96C12	U3JA44
Q96C19	Q1LVD7
Q96C23	Q6DHD6
Q96C24	A0A8M9QP53
Q96C34	A0A8M2BB57
Q96C45	E7F1L0
Q96C57	A9C3N6
Q96C74	Q66IC9
Q96C86	A0A8M1PGD6
Q96CB8	Q6IQU7
Q96CB9	A0A8M9Q8A2
Q96CD0	A0A8M1N810
Q96CD2	A0A8M3AJI9
Q96CG3	A0A8M2BJQ1
Q96CH1	A0JMI2
Q96CJ1	Q6IQU8
Q96CM3	Q6DBR0
Q96CM4	A5PMF7
Q96CM8	Q0P4F7
Q96CN4	A0A8M3AUU5
Q96CN5	A0A0R4IU41
Q96CN7	Q08C33
Q96CN9	Q6DBX5
Q96CP7	Q5XJP8
Q96CQ1	Q6DG32
Q96CS2	F1QWF9
Q96CS3	B3DID0
Q96CS7	Q7ZVV3
Q96CT7	Q6PHE8
Q96CU9	A8WG78
Q96CV9	Q5RI56
Q96CW5	F1QA15
Q96CW6	Q5U3I2
Q96D15	Q6IQR6
Q96D31	A0A0R4IYV8
Q96D46	Q5BLF0
Q96D70	A1L246
Q96D71	A0A8M2B7S1
Q96D96	Q6DHQ1
Q96DA6	Q6PBT7
Q96DB2	A0A8M9QHL6
Q96DB5	A7MBU4
Q96DC7	A4QNX0
Q96DC8	A0PJR5
Q96DD0	F1R6I3
Q96DD7	Q567X6
Q96DE5	A0A8M2BKA0
Q96DF8	F1QAX0
Q96DG6	A7MBU9
Q96DI7	Q7ZTY9
Q96DM3	A0A8M6Z4P8
Q96DN0	A0A8M6YWU0
Q96DN5	A0A8N7T6G9
Q96DP5	A5PL71
Q96DR4	A0A8M2BHK6
Q96DT5	A0A8M9QBI1
Q96DT6	Q6IQ96
Q96DT7	A5PMB0
Q96DV4	A0A8M2BGS3
Q96DX4	A4IG82
Q96DX7	A0A8M6YVZ0
Q96DY2	A0A8M9Q9C0
Q96DY7	E7F5B9
Q96DZ1	Q803G0
Q96DZ5	A0A0R4J8N1
Q96E09	A0A8M2BKI5
Q96E11	Q6GMJ7
Q96E14	A0A0R4IUC9
Q96E16	Q4V921
Q96E22	Q6DHR8
Q96E29	Q6DHJ7
Q96E35	Q7ZW43
Q96E40	Q0P3W8
Q96E52	E9QBI7
Q96E66	A0A8M3AIT5
Q96EA4	A7MD70
Q96EB1	Q566Y1
Q96EB6	A0A8M1Q1C3
Q96EC8	Q6IQ85
Q96EE3	Q6TGU2
Q96EE4	Q0P3Y5
Q96EF0	Q6TEL0
Q96EG1	A4QP89
Q96EH3	E7F2E7
Q96EK2	A0A8M9QBZ4
Q96EK4	Q6TGZ4
Q96EK5	A8WE67
Q96EK6	Q4VBJ4
Q96EK7	A0A8M2BGU7
Q96EK9	Q0P457
Q96EL2	Q502C1
Q96EL3	Q66I54
Q96EM0	A0A8M9PML3
Q96EN8	A2VD33
Q96EN9	B8JL57
Q96EP0	A0A8M3B0A7
Q96EP1	A5WW08
Q96EP5	A0A8M9Q795
Q96EP9	A0A8M1PA55
Q96EQ0	A0A8M1N099
Q96ER3	Q803M5
Q96ER9	F1QRW6
Q96ES6	A0A0R4ICC7
Q96ES7	F1QQW7
Q96EU6	Q1L876
Q96EV2	A0A8M3BB72
Q96EV8	Q7ZWE6
Q96EW2	Q6AXL5
Q96EX1	Q5BKW8
Q96EX2	A0A8M2BCC1
Q96EX3	A7MD87
Q96EY1	A0A8M2BFS1
Q96EY4	A7MCB7
Q96EY5	Q7SXX7
Q96EY7	Q32LU7
Q96EY8	A0A8M1NBZ7
Q96EY9	Q8JFW4
Q96EZ8	Q6P0E3
Q96F05	E7EYE9
Q96F07	A5A5E1
Q96F24	Q6DHJ4
Q96F25	Q5XJS2
Q96F45	Q6UFS5
Q96F63	E7FBN4
Q96F81	Q6R5J2
Q96F86	Q502M5
Q96FA3	A4QN36
Q96FB5	A0A8M1NE81
Q96FE5	A0A8M2BLV8
Q96FE7	Q7SXB3
Q96FG2	A0A8M1RM58
Q96FH0	A3KQI3
Q96FI4	Q6TGW9
Q96FJ0	A0A8M3AYE4
Q96FJ2	Q5BL99
Q96FK6	A0A8M1NSZ9
Q96FL9	A0A8M9PHF5
Q96FM1	A8WFS8
Q96FN4	Q1LX40
Q96FN9	Q68EL2
Q96FT9	E7F555
Q96FV2	Q5TYS5
Q96FV3	A0A8M9QAV9
Q96FV9	Q7SYB2
Q96FX7	Q6DI31
Q96FX8	E9QHT9
Q96FZ2	A5PLB0
Q96FZ5	A0A8M1NIL5
Q96FZ7	Q503V0
Q96G01	A0A8N7T6T3
Q96G03	Q6NYE3
Q96G21	Q6DI25
Q96G25	Q6NYT1
Q96G27	Q6P0Z3
Q96G28	Q1RM35
Q96G46	Q6PEH0
Q96G75	Q6PBS0
Q96G79	A0JMG9
Q96G91	A0A8M1P2Q4
Q96G97	Q32PM4
Q96GA3	Q5U3J8
Q96GA7	A0A8M9PEB6
Q96GC5	Q5EAS0
Q96GC9	Q6NYY9
Q96GD0	B3DI21
Q96GE6	B3DGM2
Q96GE9	A0A8M9Q9A8
Q96GF1	Q6PC78
Q96GG9	Q6PFJ2
Q96GJ1	A4QP75
Q96GL9	B0S6B8
Q96GM5	Q802C8
Q96GM8	A0A8M1P3K4
Q96GN5	A0A8M1RHV1
Q96GP6	A0A8M6Z706
Q96GQ5	F1QF25
Q96GQ7	Q6DRN0
Q96GR2	A0A8M1PSY2
Q96GS4	Q1LVE2
Q96GV9	B3DHS1
Q96GW7	A4JYN2
Q96GW9	E7F5M3
Q96GX1	F1R5E2
Q96GX5	Q6DBX4
Q96GX9	Q66I75
Q96GY0	Q7SXT7
Q96GY3	Q567Z3
Q96H15	A0A8M2B899
Q96H20	Q5U3V9
Q96H22	Q6DHP4
Q96H35	Q6PBM8
Q96H55	A0A8M9Q957
Q96H72	Q8AW42
Q96H96	A3KNW5
Q96HA4	A0A8M9QFF2
Q96HA7	A9JR78
Q96HA8	Q1LWX3
Q96HA9	Q4V8Z0
Q96HD1	A0A8M3AVN2
Q96HE7	Q7T3D1
Q96HE9	E7FAB4
Q96HF1	F1R238
Q96HH6	Q6IQ88
Q96HH9	A0A8M1RR47
Q96HI0	A0A8N7UYK4
Q96HJ9	A0A8M1RJZ5
Q96HL8	A0A8N7TF62
Q96HN2	Q6PC06
Q96HP4	A3KP77
Q96HQ2	Q5XJM4
Q96HR3	Q6PC45
Q96HR8	F1QXL6
Q96HS1	Q502L2
Q96HU1	Q7T2D0
Q96HU8	A0A8M2B1M4
Q96HW7	E7F2X3
Q96HY7	Q5PRA2
Q96I15	A8WFT4
Q96I23	A3KNX3
Q96I24	Q5RKQ3
Q96I25	A0A8M2BC07
Q96I34	E7FFN3
Q96I36	A8E7D3
Q96I45	Q0D285
Q96I51	A3KNL0
Q96I59	A0A8M9QLG1
Q96I76	A0A8M2B4U6
Q96I82	B0V1B1
Q96I99	A0A8M9PAQ3
Q96ID5	A0A8M1N7V4
Q96IF1	E7FFI0
Q96IG2	A0A8M1RHP8
Q96II8	A0A8M2BKV2
Q96IK0	A0A2R8PYE5
Q96IL0	B8A5M9
Q96IQ9	A8WGQ5
Q96IU4	Q7T387
Q96IV0	Q503I8
Q96IV6	Q803P4
Q96IW2	A0A8M3AMA3
Q96IW7	F1QBW3
Q96IX5	H0WES8
Q96IY1	Q5RGS8
Q96IY4	A0A8M1N6I8
Q96IZ0	Q5XJ95
Q96IZ5	Q5U3Q9
Q96IZ7	Q6NWH9
Q96J01	Q6AXK9
Q96J42	A5PLH0
Q96J65	F8W557
Q96J86	Q6NYG4
Q96J88	F1QAT8
Q96J94	Q8UVX0
Q96JA1	E7EZ01
Q96JB2	A0A8M1NPJ9
Q96JB3	Q90W33
Q96JB5	Q6IQA6
Q96JC1	A0A8N1YZ39
Q96JC9	Q6IQD2
Q96JF0	Q701R2
Q96JG6	A0A8M6Z2H2
Q96JG9	A0A8M9PHE9
Q96JH7	A0A8M2BJ69
Q96JH8	A7UA95
Q96JI7	D4HMK8
Q96JJ3	A0A8M1NXH9
Q96JJ7	Q0IIP9
Q96JK2	Q08BZ1
Q96JK4	A0A8M1P8G5
Q96JK9	A0A8M2B6W6
Q96JM2	A0A8M9PCW4
Q96JM7	E9QEX7
Q96JN0	A0A8M9PW25
Q96JN8	A0A8N7T6V4
Q96JP0	Q7T3P8
Q96JP5	F6NIE2
Q96JQ2	A0A8M1RE43
Q96JT2	A4QP56
Q96JW4	E7F597
Q96JX3	Q5SNQ7
Q96JY6	A0A8M3AVD9
Q96JZ2	Q56A36
Q96K17	Q6PC91
Q96K19	Q7SZN2
Q96K21	Q6DH17
Q96K37	Q802Y0
Q96K49	F1REF3
Q96K58	Q5EB03
Q96K62	Q6NZS5
Q96K76	A0A8M9QBK3
Q96K78	A0A8M9PJW1
Q96K80	Q6ZM22
Q96K83	A0A8M9NZ55
Q96KA5	Q6DHU1
Q96KB5	Q6DHU8
Q96KC2	Q7SZE7
Q96KC8	A0JMB9
Q96KE9	Q5TZE1
Q96KF7	Q502E5
Q96KG7	E9QJQ6
Q96KG9	A0A8M1Q6V7
Q96KJ4	A0A8M9PTN4
Q96KK3	A0A8M6Z6V7
Q96KM6	A0A8M2B8T6
Q96KN3	Q8AYN1
Q96KN4	Q6PGW5
Q96KN9	A0A8M9PXR7
Q96KP1	Q6PGY8
Q96KP4	A3KQX1
Q96KQ4	A0A8M3AT48
Q96KQ7	A8TT22
Q96KR1	Q6PCR6
Q96KR4	A0A8N7TEQ0
Q96KR6	Q4V9H6
Q96KR7	A0A8M9QHN5
Q96KS0	E7F8S1
Q96KS9	Q5RFZ7
Q96KV7	F1RA29
Q96L03	B6VAM9
Q96L08	A0A8M6YZ29
Q96L42	A0A8M6Z362
Q96L50	Q6NYX1
Q96L58	Q256Z7
Q96L91	A0A8M3AVF1
Q96L93	A0A8M3AVN1
Q96LA8	Q6NWG4
Q96LB3	A0A8M9Q8D0
Q96LD1	A0A286Y8U0
Q96LD8	Q08CI6
Q96LI5	A2BHJ4
Q96LI9	A0A8M9PY92
Q96LJ7	Q6GQN9
Q96LJ8	Q0P3Z8
Q96LK0	Q4V8Z3
Q96LM5	A0A8M3APE8
Q96LP2	A0A8M3ASS7
Q96LQ0	A0A8M3AVW0
Q96LR2	A7MC09
Q96LR4	Q08B94
Q96LR5	Q6DG68
Q96LR7	B8JJ41
Q96LT4	A4QNV5
Q96LT6	Q567C3
Q96LT7	Q6TLH8
Q96LT9	F1Q8J0
Q96LU5	A0A8M1PYZ0
Q96LU7	A0A8M1RS78
Q96LW4	Q32PL8
Q96LW7	A0A8M3AXW6
Q96LX7	A0A8M1PZG6
Q96LZ7	A0A8M6Z3X0
Q96M02	A0A8M9PXB9
Q96M11	A0A8M3AXF2
Q96M27	Q5XJA3
Q96M32	A0A8M1NEC6
Q96M34	E9QGQ7
Q96M53	A0A8M6Z3N1
Q96M69	A0A8M9PHU2
Q96M86	A0A8M9QDX1
Q96M91	A0A0R4IFG5
Q96M93	F1RC56
Q96M94	Q6DEL7
Q96M96	D5FS19
Q96M98	Q5U3Q1
Q96MA6	Q502L7
Q96MB7	Q6AZB8
Q96MC2	F1QRC1
Q96MC5	Q4V8S6
Q96MC6	A0A8M1PFD4
Q96MD2	Q1L8F9
Q96MD7	Q68EL4
Q96ME1	Q4V8X1
Q96ME7	A0A8M2B822
Q96MF2	Q6DBR6
Q96MF7	B3DIX8
Q96MG8	Q32PW8
Q96MH6	Q7SXT8
Q96MH7	Q08C98
Q96MK3	B3DI75
Q96MM6	Q0R4G9
Q96MM7	Q800H9
Q96MN5	B0UYI1
Q96MP8	Q0VFV7
Q96MR6	A0A8M9PBZ0
Q96MS3	A0A8M2BEP1
Q96MT3	F1Q6J9
Q96MT7	A0A8M6Z5D9
Q96MT8	Q6PGZ0
Q96MU7	Q5U3V6
Q96MU8	B0BLV6
Q96MV8	F1QXD3
Q96MW1	Q6PFL6
Q96MW5	Q5BLI1
Q96MX0	Q6DEF8
Q96MX6	Q561Y0
Q96MY7	A0A8N7T6U5
Q96MZ0	B8A514
Q96N03	A0A0R4ILX9
Q96N11	Q7ZTY6
Q96N21	A0A8M1QH98
Q96N23	A0A8M9Q6B6
Q96N28	E7EZZ3
Q96N46	A0A8M1N4K3
Q96N64	A0A8N7T7B9
Q96N66	Q7SZQ0
Q96N67	A0A8M9Q6X7
Q96N76	B3DJ54
Q96N87	A8WG91
Q96N96	A0A8M2B9P0
Q96NA8	A0A0R4IK07
Q96NB1	A0A8M1P8Q1
Q96NB2	Q6NYD2
Q96NB3	Q6P0I6
Q96NC0	Q6TLH9
Q96NE9	Q503U6
Q96NG3	Q7ZU45
Q96NH3	Q5RHR6
Q96NI6	F1Q9H7
Q96NJ5	A2RV48
Q96NK8	Q6NYU3
Q96NL0	Q5U3W3
Q96NL1	A0A8M2B4L6
Q96NL6	E7EZ46
Q96NL8	P0DOC8
Q96NN9	F2Z4R3
Q96NS5	Q1RLW6
Q96NT0	Q5EAR6
Q96NT3	Q08CN7
Q96NT5	Q7ZWG6
Q96NU1	E7F6B2
Q96NU7	Q7SXK5
Q96NW4	A0A8M9PZ85
Q96NW7	A0A8M2BDH3
Q96NX9	A0A8M3AME8
Q96NY9	Q7SXA9
Q96NZ1	A2BGM5
Q96P11	A0A8M3BD27
Q96P16	A0A8M9PGZ9
Q96P44	A0A8M1RDX1
Q96P47	A0A8M3AZA0
Q96P48	A0A8N7TBX5
Q96P53	Q6TLF1
Q96P66	A0A8M2BL08
Q96P70	Q6PCR2
Q96PB1	Q1LW89
Q96PB8	A3KNN3
Q96PD2	A0A8N7UYK1
Q96PD7	Q4V9F0
Q96PE1	E7FBY6
Q96PE3	B0S737
Q96PE7	Q502B7
Q96PH1	A0A8M6YWR9
Q96PL2	A0A8M6Z9A6
Q96PM5	Q90ZZ0
Q96PM9	A0A8M3AN31
Q96PN7	A0A8M3AIN3
Q96PQ0	A0A8M9PQ08
Q96PQ7	A0A8M1NT39
Q96PR1	E0R7P8
Q96PS8	F1QZV4
Q96PU5	A0A8M9P3L7
Q96PU9	A3KQA5
Q96PV6	A4QNR8
Q96PV7	A0A8N7TE05
Q96PX1	A0A8M2B321
Q96PX8	A0A8M2BLU2
Q96PX9	E7FEK1
Q96PY5	A0A8M6Z0B9
Q96PY6	A0A8M3B435
Q96PZ0	B1H1H9
Q96PZ7	A0A8N7UT85
Q96Q04	A0A8M2B4R3
Q96Q05	A0A8M6YU25
Q96Q07	Q6GML3
Q96Q11	F6NXI9
Q96Q15	C5J7W8
Q96Q40	Q1RLU9
Q96Q42	A0A8M3B372
Q96Q77	A0A8M1RSD9
Q96Q83	F1QRD8
Q96QB1	A0A8M6Z677
Q96QC0	A3KPX4
Q96QD5	Q1JQ19
Q96QD8	Q5SPB1
Q96QE2	A0A8M2BA61
Q96QE3	A0A8M1RIJ3
Q96QE5	Q0P4D6
Q96QF0	Q503R3
Q96QF7	A0A0R4IWG9
Q96QG7	Q5RHK5
Q96QK1	A0A8M1N767
Q96QK8	Q6NVI5
Q96QP1	A0A8M3B0V4
Q96QT4	Q563W7
Q96QT6	A0A2R8RZL6
Q96QU6	F1QMK2
Q96QU8	Q8QHJ8
Q96QV1	A1A5I0
Q96QZ0	E7F7V4
Q96QZ7	A0A8M2B284
Q96R05	B3DHK5
Q96R06	R4GEI9
Q96RD6	B1P2E8
Q96RG2	A0A8M2BIR6
Q96RI0	A0A8M3AGU0
Q96RI1	Q6DGW7
Q96RJ0	Q5QNN1
Q96RJ6	A0A8M9PB86
Q96RK0	A0A8M2BKS3
Q96RK4	E7EXH4
Q96RL1	A0A8M1RMY1
Q96RL7	A0A8M2BET3
Q96RN5	Q7ZVN7
Q96RP9	Q08BB1
Q96RQ1	Q7T2D4
Q96RQ3	A0A0R4IH35
Q96RQ9	A0A8M3AIK9
Q96RR1	A0A0R4ICC1
Q96RS0	A0A8M1RLP2
Q96RS6	Q503C8
Q96RT7	A0A8M1RLC1
Q96RT8	F1QBQ4
Q96RU3	A0A8M9P3K0
Q96RU8	A0A8M3AKB5
Q96RV3	A0A8M3BET8
Q96RW7	A0A8M2B7L6
Q96RY5	A0A8M1RIJ0
Q96RY7	A0A8M9PXA0
Q96S06	A0A8M6Z8X4
Q96S15	Q7ZVL2
Q96S16	A0A8M1REV3
Q96S19	Q7ZVJ8
Q96S21	Q1RLP4
Q96S38	A0A0R4IV01
Q96S44	A0A8M1N5U6
Q96S52	Q08CM2
Q96S53	A2VCY1
Q96S55	Q6NW46
Q96S59	A1L252
Q96S66	A0A2R8Q3S9
Q96S79	A0A8M3AS78
Q96S82	Q567F6
Q96S86	Q6NV41
Q96S90	Q08CB1
Q96S96	A0A8M2BII2
Q96SA4	Q1LXL6
Q96SB4	A0A8M2B1S0
Q96SB8	A0A8M1NHD0
Q96SC8	Q5UU75
Q96SD1	Q5RGE5
Q96SF7	A0A8M1P4V6
Q96SI9	A0A8M2B247
Q96SK2	A0A8M1NZT5
Q96SL1	Q66I15
Q96SL4	Q502E1
Q96SN7	A0A8M2BCU4
Q96SN8	A0A8M3ATJ9
Q96SQ7	D2CLZ9
Q96ST2	A0A8M1RRH3
Q96ST8	Q6P402
Q96SU4	A0JMN8
Q96SW2	Q68EH9
Q96SY0	Q1LWK5
Q96SZ6	A8WGJ0
Q96T17	E7FG02
Q96T23	A0A8M6Z1G1
Q96T37	F1RCY7
Q96T49	A0A8M1PSE7
Q96T51	E7FE23
Q96T52	Q6AZD4
Q96T53	B1Q006
Q96T58	F1QMN6
Q96T60	A0A0R4IRS4
Q96T66	A0A8N7URH6
Q96T68	Q06ZW3
Q96T76	E7FBU4
Q96T83	A0A8M1N7F8
Q96T88	E7EZF3
Q96T91	C6SUQ4
Q96T92	A0A8M1PRS8
Q96TA2	A0A8M1P496
Q96TC7	Q5TYQ9
Q99062	A8Y5W0
Q99081	A0A0R4IBL7
Q99417	Q24JV0
Q99418	E7F1N2
Q99426	Q803K6
Q99435	F1QV50
Q99436	A0A8M9PQK9
Q99437	F1QYM3
Q99439	A0A8M9Q784
Q99442	Q4V8Z6
Q99447	Q5XJC6
Q99453	Q5I7G4
Q99459	E9QIC1
Q99460	F1QK93
Q99467	A0A8M1P6U9
Q99469	A0A8M1Q7W1
Q99470	Q7SXI7
Q99471	A9JT16
Q99489	A0A8M1P573
Q99496	Q803I4
Q99497	Q5XJ36
Q99500	A0A8M2BL54
Q99501	F1Q515
Q99502	A0A8M6YVK2
Q99504	A0JME1
Q99519	Q1LWP9
Q99527	B3G515
Q99536	Q8JFV8
Q99538	Q6NYJ7
Q99541	F1QWT0
Q99542	A0A8M9PVZ3
Q99543	Q6NWJ4
Q99547	Q6DBY4
Q99549	B0S768
Q99551	A0A8M1RJ98
Q99558	A0A8M1RLQ2
Q99567	A2CEI4
Q99569	A0A2R8QAD2
Q99570	A0A8M1QHR9
Q99571	Q98TZ0
Q99572	Q7SZM2
Q99574	B3DJI9
Q99575	A0A8M9NZG1
Q99576	A0A140LG17
Q99581	A3FEM2
Q99590	A0A8M2BBX1
Q99592	Q1L8W0
Q99593	Q9IAK8
Q99594	A0A8M9PF88
Q99595	Q6NZZ0
Q99598	Q4V8Z1
Q99607	A0A8M6Z2K0
Q99611	Q66I14
Q99612	F1R7F0
Q99614	Q5U3P1
Q99615	A0A8M3B873
Q99618	F1QZD2
Q99622	Q6TH01
Q99624	A0A8M3B0T1
Q99626	A5PLE8
Q99627	Q7ZUZ0
Q99633	Q6GMH0
Q99638	A0A8M1PCL5
Q99640	A4VCH1
Q99643	B0S5Q2
Q99645	B0S5X0
Q99653	Q7T2F7
Q99665	A8WH97
Q99674	A0A8M6YTD1
Q99675	Q1JQ68
Q99677	A0A8M1Q725
Q99678	A0A8M9PK33
Q99679	A0A8M2BLP6
Q99683	A0A8M1NUN7
Q99685	Q7ZWC2
Q99689	Q6PBT3
Q99697	Q9W5Z2
Q99698	A0A8M6Z2E9
Q99700	A2CF31
Q99704	Q6NY95
Q99707	Q8JIY6
Q99708	F1R983
Q99712	F1QQH0
Q99714	Q5XJS8
Q99715	A0A8M3AJ97
Q99720	Q7ZWG9
Q99728	A0A8M9QKB4
Q99732	Q6GMG8
Q99733	Q5U3U9
Q99735	Q1ECY7
Q99741	A8KC19
Q99747	F1RC32
Q99750	E7F670
Q99757	Q6P131
Q99758	A0A8M9Q293
Q99759	X1WGZ3
Q99766	Q7ZV27
Q99767	A0A8M2BG86
Q99788	A0A8M1RFG5
Q99797	A0A8M1Q297
Q99798	Q6PEI6
Q99801	A0A8N7TAH9
Q99805	Q7ZUF5
Q99807	A2RV27
Q99814	B3DJD1
Q99816	Q6IQ70
Q99829	A0A8M2BH47
Q99832	Q8JHG7
Q99835	Q5RH73
Q99836	Q5XJ85
Q99848	Q6DRD0
Q99871	A0A8M9Q5B3
Q99873	A0A8M1PET2
Q99928	A0A8M3B3K2
Q99932	A0A0G2L1H9
Q99933	A5PLC6
Q99941	A0JMK4
Q99942	A0A8M1RFK9
Q99943	A0JMM2
Q99946	F1R6N6
Q99952	Q5BJ20
Q99959	B0BF33
Q99961	A0A0R4IGE6
Q99962	A0A8M1NYJ7
Q99963	A1L2A6
Q99966	B1AAP0
Q99967	Q5XJD6
Q99972	Q5F0G5
Q99973	A0A8M3AXG0
Q99983	A0A8M6Z497
Q99985	A0A8M6Z658
Q99988	A0A8M9PIY4
Q99996	A0A8M9PS32
Q99999	A2BGH3
Q9BPU6	Q52PJ7
Q9BPU9	Q6DGZ1
Q9BPW5	Q6P0U3
Q9BPX1	Q6DEH9
Q9BPX3	A0A8M1P3E1
Q9BPX6	A4IG32
Q9BPX7	Q803H0
Q9BPY3	A0A8M9PFZ3
Q9BPY8	Q8AYB8
Q9BPZ7	A0A8M1RND7
Q9BQ13	A0A8N7T679
Q9BQ16	A0A8M3BEW5
Q9BQ24	A0A8M2B3Z3
Q9BQ31	B3DJ89
Q9BQ48	A0A8M1NWF3
Q9BQ49	A5PLC9
Q9BQ52	A0A8M1P4C7
Q9BQ61	A0A0R4IP71
Q9BQ65	Q6DEF6
Q9BQ67	Q6DBV2
Q9BQ70	Q68EJ4
Q9BQ75	Q5XJK9
Q9BQ83	A0A8M1P343
Q9BQ90	A0A8M9QNZ4
Q9BQ95	Q08CK1
Q9BQA1	Q7SZR9
Q9BQA5	Q6DRP5
Q9BQA9	Q6DGA7
Q9BQB4	A0A8M1PZF1
Q9BQC3	A4QN59
Q9BQC6	Q6PBR7
Q9BQD3	Q6DBR9
Q9BQD7	Q6IQ61
Q9BQE3	B8A516
Q9BQE4	Q0VFV6
Q9BQG0	Q6DRL5
Q9BQG1	I3IS33
Q9BQG2	Q567I5
Q9BQI0	Q6PBZ5
Q9BQI3	A0A8M9Q8H6
Q9BQI4	Q5RI55
Q9BQI5	A0A8M9PKD6
Q9BQI6	A0A8M2BCT7
Q9BQI7	A0A8M9QBB3
Q9BQJ4	Q6PFT6
Q9BQL6	E9QBZ4
Q9BQN1	A0A8M1P823
Q9BQP7	Q5PRC4
Q9BQQ3	A0A8M2BIG8
Q9BQT8	Q08C83
Q9BQT9	A0A8M9PFP2
Q9BR01	Q1RLU6
Q9BR09	A4IG40
Q9BR26	Q58EH6
Q9BR39	A4QNV2
Q9BR61	Q4V8X4
Q9BR77	A0A8M6YYE2
Q9BRA0	A2BIG9
Q9BRA2	Q6DBT3
Q9BRB3	F1QHT3
Q9BRD0	F1QH05
Q9BRF8	Q5U3W0
Q9BRG1	Q6NWF4
Q9BRI3	F1QFA1
Q9BRJ2	E9QEK4
Q9BRJ6	A0A8M2BA59
Q9BRK0	Q4KMI4
Q9BRK5	Q7ZUC2
Q9BRL7	E9QFN4
Q9BRN9	A5PLF5
Q9BRP1	Q7ZV10
Q9BRP7	A0A8M1NE01
Q9BRP8	Q6PH11
Q9BRQ3	F1QQK5
Q9BRQ8	E7FFC4
Q9BRR3	Q08BD2
Q9BRR6	A0JML7
Q9BRR8	A0A8M1P3M2
Q9BRS2	Q7ZV65
Q9BRS8	Q6PHD4
Q9BRT2	Q6PBU7
Q9BRT6	Q3B748
Q9BRT9	A0A8M1N188
Q9BRU9	A0A0R4IA74
Q9BRV3	Q5EB14
Q9BRV8	A0A0R4ISE8
Q9BRX2	Q7ZWC4
Q9BRX5	Q6DRM7
Q9BRX8	Q6PBP3
Q9BRX9	Q6DH44
Q9BS16	A0A8M1NZ19
Q9BS18	E7FFM7
Q9BS26	Q6P3G9
Q9BS40	Q5PR40
Q9BS91	Q90X48
Q9BSA9	A5PN43
Q9BSB4	Q3B736
Q9BSC4	Q802W4
Q9BSD3	E7F2N1
Q9BSD7	A0A8M9PXS5
Q9BSE4	Q6NYI0
Q9BSE5	Q08C97
Q9BSF0	P0C8S0
Q9BSF4	Q5PNM7
Q9BSH3	Q6DEG8
Q9BSH4	A0A0G2L877
Q9BSH5	Q7T012
Q9BSI4	A0A8M2BK53
Q9BSJ2	Q7SYD6
Q9BSK0	Q5BLB7
Q9BSK2	Q6P036
Q9BSL1	A0A8M9PKK5
Q9BSM1	Q7ZYZ7
Q9BSN7	F1R6J6
Q9BSQ5	Q6DRP4
Q9BSR8	Q6NYF1
Q9BST9	A0A8M2BCU1
Q9BSU1	Q1LV04
Q9BSV6	A2BIL9
Q9BSW7	A0A8M1QHQ7
Q9BSY4	A0A8M1PUC7
Q9BSY9	Q6DC39
Q9BT04	E7F707
Q9BT09	A3KNS2
Q9BT17	A0A8M9PXJ5
Q9BT22	Q7SXK9
Q9BT23	A0A8M3AQP1
Q9BT25	A0A2R8QND7
Q9BT30	Q566X4
Q9BT40	A0A8M3AHJ9
Q9BT43	Q5XJJ2
Q9BT49	A3KQ64
Q9BT56	F1QQI2
Q9BT73	Q6DGH7
Q9BT78	Q6P0H6
Q9BT81	Q6TEN5
Q9BT92	Q1RM03
Q9BTA9	Q7ZUK7
Q9BTC0	E7FB55
Q9BTC8	E7EY65
Q9BTD8	Q6DRG1
Q9BTE0	A0A8M1P3E7
Q9BTE1	Q6DGN7
Q9BTE3	Q803A6
Q9BTE6	Q6DEJ5
Q9BTE7	A0A8M2BKU6
Q9BTF0	A0A8M9PP87
Q9BTK6	E7F1D2
Q9BTM9	F2Z4T6
Q9BTP7	A3KNN2
Q9BTT0	Q6NUW5
Q9BTT4	Q0VIA1
Q9BTT6	Q5BL36
Q9BTU6	Q6PE18
Q9BTV5	Q1LY10
Q9BTV6	A3KNN6
Q9BTW9	A0A8M1QKS2
Q9BTX1	Q7SZC5
Q9BTX3	Q6NYP0
Q9BTX7	A0A8M9P501
Q9BTY2	Q68EI7
Q9BTY7	Q6DGR4
Q9BU02	A0A8M2B9I1
Q9BU19	A0A8N1YZN8
Q9BU20	Q66JN8
Q9BU23	B3DK37
Q9BU61	A1L1F1
Q9BU64	A7YY05
Q9BU70	A0A8M1P8Z4
Q9BU76	A0A8M1PH48
Q9BU79	Q6NWJ1
Q9BU89	Q7ZUX6
Q9BUB4	A3KNP2
Q9BUB5	A0A8M2B223
Q9BUB7	E7FGK5
Q9BUD6	Q0V935
Q9BUE0	Q7T3H7
Q9BUE6	Q4QRC6
Q9BUF5	A0A8M1N5M5
Q9BUF7	Q1A5L0
Q9BUH6	B3DFL2
Q9BUH8	A0A8M2BHI1
Q9BUI4	Q7ZUX1
Q9BUJ0	Q1LV46
Q9BUK0	F1QKA5
Q9BUK6	Q1L908
Q9BUL8	Q6PHH3
Q9BUM1	A1A5Z0
Q9BUN5	B8A4M8
Q9BUN8	A0A8M1PJE6
Q9BUP3	Q90Z77
Q9BUQ8	Q6P9Z2
Q9BUR4	A0A8M1P3C1
Q9BUR5	Q3B747
Q9BUT1	Q561X9
Q9BUT9	Q1MT54
Q9BUU2	B3DIQ7
Q9BUV8	F1RD59
Q9BUW7	P0C8Y3
Q9BUX1	Q5SPB6
Q9BUY7	Q568G4
Q9BUZ4	Q7T1K2
Q9BV10	A5PLJ6
Q9BV19	Q502G5
Q9BV20	A9JRE2
Q9BV23	A0A8M1Q7F5
Q9BV29	X1WGV5
Q9BV36	A0A8M9QFY9
Q9BV38	Q68EI0
Q9BV40	Q7ZUC1
Q9BV44	E9QJ61
Q9BV47	A0A8M1NRN1
Q9BV57	Q6PBX5
Q9BV68	A2RV40
Q9BV79	Q6GQN8
Q9BV81	Q6P0F0
Q9BV86	Q6NWX7
Q9BV87	Q803E6
Q9BV90	Q567J5
Q9BV94	A0A8M1P1W0
Q9BV99	Q1ED18
Q9BVA0	Q7ZUV2
Q9BVA6	Q6ZM51
Q9BVC3	Q66I84
Q9BVC4	Q803V5
Q9BVC5	Q32LR5
Q9BVG4	Q6DH77
Q9BVG8	A0A8M3AKN3
Q9BVG9	E7EY42
Q9BVH7	F1Q5Y4
Q9BVI4	Q4VBT2
Q9BVJ7	Q6DGI7
Q9BVK2	Q566T2
Q9BVK6	Q561X2
Q9BVK8	Q6DGL7
Q9BVL2	A0A8M2B9R7
Q9BVM2	Q0P448
Q9BVN2	A0A8M2B4A0
Q9BVP2	Q6DRP2
Q9BVQ7	F1Q8W3
Q8TEU8	A0A8N7T7H1
Q8TEU8	E7FCX1
Q96I13	A0A8M3AXE6
Q96I13	A0A8M6YWL1
Q96IJ6	Q6GMK8
Q96IJ6	Q7SXP8
Q96IP4	A0A8M2B4Q6
Q96IP4	A7MBZ2
Q96IR7	A0A8M9PPG7
Q96IR7	A7MC29
Q96J02	U6C7R6
Q96J02	U6C7X6
Q96J84	A0A8M3BAV1
Q96J84	A0A8M6Z878
Q96J84	B3DHL7
Q96J84	Q6NY23
Q96J92	A0A8M9PWP2
Q96J92	A0A8N7T6U8
Q96JB6	A0A8M1RKL6
Q96JB6	A0A8M9Q7Y1
Q96JB8	A0A8M3AT59
Q96JB8	A0A8M9PV16
Q96JE9	E7F624
Q96JE9	E7FFM0
Q96JM4	A0A8M3B2W7
Q96JM4	A0A8M9PPH9
Q96JN2	A0A8M2BBU7
Q96JN2	A0A8M9PHI2
Q96JP9	A0A8M6Z246
Q96JP9	Q6B3P0
Q96JQ0	A0A8M9Q3B3
Q96JQ0	X1WDW2
Q96KN1	Q1LYM4
Q96KN1	Q568P3
Q96L34	A0A8M2B3S3
Q96L34	A0A8M2BCS1
Q96L34	R4GEN1
Q96L73	A0A8M9PJB1
Q96L73	F1QA79
Q96L92	Q1L8B0
Q96L92	Q6P3G2
Q96L96	A0A8M9PZ45
Q96L96	A0A8M9Q9T8
Q96LL9	A0A8M1P398
Q96LL9	A0A8M2BKI1
Q96LW2	A0A8M1RJG2
Q96LW2	A0A8M2B3K5
Q96MK2	A0A8M2BDS6
Q96MK2	Q5EB20
Q96MT1	A0A8M3APB9
Q96MT1	Q7ZWF4
Q96MV1	A0A8M1NG98
Q96MV1	A0A8M2B9S8
Q96ND0	Q1MTD4
Q96ND0	Q5CZQ0
Q96NX5	A0A8M9PSZ5
Q96NX5	Q6PC33
Q96NY8	A0A0R4ICR1
Q96NY8	E7F9P1
Q96P50	A0A8M9PLB8
Q96P50	A2RUY3
Q96P65	A0A8M6Z242
Q96P65	A0A8M9QAD8
Q96P68	A0A8M1NTF8
Q96P68	A0A8M9PA55
Q96P68	A0A8M9Q4R4
Q96P68	A0A8N7UZ98
Q96P68	Q1RLT8
Q96PB7	A0A8N7UT25
Q96PB7	A8KB73
Q96PD5	A0A0R4IJX9
Q96PD5	Q1W1Y3
Q96PE2	A0A8M1RJ80
Q96PE2	A0A8M9PQG3
Q96PU8	A0A8M9Q889
Q96PU8	Q6P104
Q96PV0	A0A8M2B5U5
Q96PV0	E7F1U4
Q96PX6	A0A8M3AT27
Q96PX6	A0A8M3BEL9
Q96Q27	A0A8M1RFP2
Q96Q27	A0A8N7TEH0
Q96Q45	F1Q930
Q96Q45	Q66IE4
Q96Q89	A0A8M1RFH9
Q96Q89	A0A8M9QMV5
Q96QR8	A0A0R4IS70
Q96QR8	Q6PHK6
Q96QS3	A0A0G2KXF6
Q96QS3	O42115
Q96QU1	A0A8M3AY16
Q96QU1	A0A8M3B5H0
Q96RD7	A0A8M1NE09
Q96RD7	Q7ZUN0
Q96RE7	A0A0R4IHV2
Q96RE7	A0A8M6YZ89
Q96RF0	A5PMM5
Q96RF0	Q5DTD0
Q96RT1	A0A8M1NUM6
Q96RT1	A0A8M2B233
Q96S42	O13144
Q96S42	Q7ZZT5
Q96S65	A0A8M2B9M0
Q96S65	A0A8N7TEV8
Q96S95	Q503R1
Q96S95	Q6DHN6
Q96S97	B0S636
Q96S97	X1WCE8
Q96SB3	A0A8M3AY48
Q96SB3	E7F3J0
Q96SI1	A0A8M2BA07
Q96SI1	Q5XJ34
Q96SI1	Q6DC02
Q96SJ8	A0A8M2B5N2
Q96SJ8	A0A8M9QBT2
Q96SM3	A0A8M3B0L0
Q96SM3	A0A8M9PYE2
Q96ST3	A0A8M3B4C3
Q96ST3	A5D6S0
Q96SZ5	Q5PRD3
Q96SZ5	Q6P0S8
Q96T25	B2BM15
Q96T25	Q6VUB8
Q96TA1	A1L1T1
Q96TA1	F1R7A2
Q99075	A0A8M1NE67
Q99075	A9JRW9
Q99259	A0A8M1RDR2
Q99259	Q7ZUS3
Q99523	A0A8M1NGU1
Q99523	A0A8M2BK63
Q99523	Q6NUT7
Q99583	A0A8M2BI31
Q99583	A0A8M3AIM1
Q99623	F1R9C6
Q99623	Q6PC13
Q99680	A0A2R9YJI3
Q99680	A0A8M9PMY9
Q99684	Q501T1
Q99684	Q7SZV1
Q99705	A0A8M1PV65
Q99705	A0A8N7TF54
Q99719	A0A8M9PTI3
Q99719	Q6PBW0
Q99729	Q6NYA1
Q99729	Q6NYU8
Q99731	A0A8M1NLM1
Q99731	A0A8M1P631
Q99731	A2BIR2
Q99748	A0A8M3AQ38
Q99748	E7FAV4
Q99784	A0A8M1P3V0
Q99784	A0A8M1P3W5
Q99795	A0A0R4IIH3
Q99795	A0A8M2BFC2
Q99795	A0A8M6YXN3
Q99808	A0A140LG26
Q99808	F1QAM5
Q99828	A0A8M1RFX7
Q99828	Q567I6
Q99853	O73779
Q99853	O93312
Q99986	A0A8M9PXN8
Q99986	Q7ZUS1
Q9BPX5	A0A8M3ASH3
Q9BPX5	Q6P0D3
Q9BQE9	A2BIL8
Q9BQE9	Q6NWJ0
Q9BQF6	A0A8M2B8Q7
Q9BQF6	A0A8M9QBG7
Q9BQS8	A0A8M1RLQ4
Q9BQS8	A0A8M3B6E4
Q9BRC7	A0A8N7T820
Q9BRC7	A0A8N7TDS1
Q9BRK3	A0A8M3BDP1
Q9BRK3	B0CLV0
Q9BRK4	A0A8M1NQ64
Q9BRK4	A0A8M6Z909
Q9BRQ4	A0A8M1NA87
Q9BRQ4	A0A8M3ALI5
Q9BRQ6	A0A8M2BFY9
Q9BRQ6	Q63ZW2
Q9BRT3	A0A8M1PB21
Q9BRT3	Q802F5
Q9BSA4	A0A8M3B7M6
Q9BSA4	Q6NUZ2
Q9BSE2	A0A8M3AQN8
Q9BSE2	F6NI22
Q9BSF8	A0A8M2BAC2
Q9BSF8	X1WDG9
Q9BSJ8	A0A8N7T801
Q9BSJ8	A0A8N7T8M6
Q9BSW2	A0A8M1RS74
Q9BSW2	A0A8M3ARL2
Q9BSW2	A0A8M9PHH4
Q9BT67	F1QQT7
Q9BT67	Q6DGP4
Q9BT88	F1QQZ8
Q9BT88	F1RD06
Q9BTD3	A0A8M1NPS8
Q9BTD3	E7F5Q9
Q9BTL4	B7SXM5
Q9BTL4	E7F7B8
Q9BTV4	A0A8M2BL86
Q9BTV4	Q6NUT9
Q9BTV7	A0A8M1QKI2
Q9BTV7	A0A8M9Q830
Q9BU68	Q566Z6
Q9BU68	Q6DBU1
Q9BUJ2	A0A8M1RF06
Q9BUJ2	Q6NUT5
Q9BUL5	Q5BJ10
Q9BUL5	Q7SXB5
Q9BUL9	A0A8M1P4G4
Q9BUL9	A0A8M1PAI7
Q9BV35	A0A8M9QBS3
Q9BV35	Q5PNM8
Q9BVG3	A0A8M9QHS6
Q9BVG3	A1L254
Q9BVI0	A0A8M2B947
Q9BVI0	A0A8M9QDM8
Q9BVL4	A0A8M1P5M3
Q9BVL4	Q1LVN8
Q9BVM4	A0JMM9
Q9BVM4	A3KNL6
Q9BVM4	Q66I06
Q9BW04	A0A8M2B998
Q9BW04	A1L1R1
Q9BW60	A0A0R4IT00
Q9BW60	Q5XJ87
Q9BWC9	Q1LUD6
Q9BWC9	Q5EB04
Q9BX67	A3KPA0
Q9BX67	F1QYW3
Q9BX70	A0A8M2BGD7
Q9BX70	Q09WH7
Q9BX74	A0A8M1RPE3
Q9BX74	A5PLH4
Q9BX95	A0A8M1PZN9
Q9BX95	A0A8N7T5B5
Q9BX97	B0BLX9
Q9BX97	F1Q8W5
Q9BXB5	A0A8M2B4K8
Q9BXB5	A0A8M9PNU2
Q9BXF6	A0A8M3B546
Q9BXF6	A0A8M6Z499
Q9BXI3	A0A286Y9C9
Q9BXI3	A0A8M9PEZ4
Q9BXI6	A0A8M3BBZ7
Q9BXI6	A0A8N7TB33
Q9BXJ3	A0A8M2BHA7
Q9BXJ3	Q566Z3
Q9BXS9	A0A8M1Q7V1
Q9BXS9	A0A8N7T6L6
Q9BXS9	A9JTH4
Q9BXT2	E7F9M5
Q9BXT2	Q1L8R4
Q9BXU9	A0A8M9PIG6
Q9BXU9	A0A8M9PUN0
Q9BXW7	A0A0R4IJ50
Q9BXW7	Q6P0Z8
Q9BY07	A0A8M9QEL8
Q9BY07	A0A8M9QHC3
Q9BY42	A0A8M6Z109
Q9BY42	Q7ZW03
Q9BY67	A0A8M1NF64
Q9BY67	B0F6R1
Q9BYB0	A0A8M3ARK3
Q9BYB0	A0A8M9PFP4
Q9BYC5	A0A8M2BLI2
Q9BYC5	F1QW63
Q9BYD5	A0A8M1PUM0
Q9BYD5	A0A8M1RST6
Q9BYD5	E7F147
Q9BYD5	E7F6S4
Q9BYD5	E7F907
Q9BYD5	E7FAV8
Q9BYD5	E9QD19
Q9BYE2	A0A8M1NRD3
Q9BYE2	A5PF55
Q9BYI3	A0A8M9PRF6
Q9BYI3	Q6P121
Q9BYJ0	A3KP08
Q9BYJ0	F1R8L1
Q9BYL1	A0A8M9PQG5
Q9BYL1	A8WG33
Q9BYM8	A0A8M2BDW7
Q9BYM8	A9JTG5
Q9BYT1	A0A8M1PS49
Q9BYT1	Q6DHM5
Q9BYV6	A0A8M2B9N2
Q9BYV6	Q6DHS0
Q9BYV7	F1QU45
Q9BYV7	Q1RLW1
Q9BYV7	Q90WH3
Q9BZ71	A0A8M2B402
Q9BZ71	Q9I9N8
Q9BZB8	A0A8M9Q7I0
Q9BZB8	Q9YGX5
Q9BZR9	A0A8M3BEH8
Q9BZR9	B7ZVP9
Q9BZV3	A0A8M3B5Q4
Q9BZV3	A0A8M6Z0H2
Q9C009	A0A8M1P3Z1
Q9C009	Q6NXD5
Q9C0B5	E7FBS9
Q9C0B5	Q2THW0
Q9C0B7	A0A2R8Q077
Q9C0B7	A0A2R8Q2U0
Q9C0C6	A0A2R9YJG4
Q9C0C6	E7FAN7
Q9C0D5	A0A8M9QKE7
Q9C0D5	E7F6L6
Q9C0E8	A0A8M2BD13
Q9C0E8	Q6PFM4
Q9C0H2	A0A8M3AY88
Q9C0H2	Q32LT7
Q9C0I4	A0A8M3B715
Q9C0I4	A0A8N7T848
Q9GZM8	Q7SXI6
Q9GZM8	Q803Q2
Q9GZQ4	A0A8M3B6Y3
Q9GZQ4	A0A8M9PE67
Q9GZR5	Q6P978
Q9GZR5	Q6PBM2
Q9GZT9	E7F518
Q9GZT9	F6P6J7
Q9GZU1	A0A8M1PA13
Q9GZU1	E7FBN6
Q9GZU8	A0A8M2B5M8
Q9GZU8	Q1LX81
Q9GZV3	A0A8M1PUR8
Q9GZV3	A0A8M9PXI7
Q9GZV3	F1Q620
Q9H0C1	A0A8M9Q3E9
Q9H0C1	Q5U390
Q9H0E3	A0A8M1NEX8
Q9H0E3	B0S8H2
Q9H0E9	A0A8M6Z2L2
Q9H0E9	A0A8M6Z376
Q9H0E9	Q6PFM2
Q9H0R3	A0A8M1RHV5
Q9H0R3	Q5CZS9
Q9H115	F1Q9P4
Q9H115	Q502J1
Q9H172	A2BFT1
Q9H172	A8KB77
Q9H1K1	A0A8M1N5P4
Q9H1K1	Q6DC82
Q9H1P3	A0A8M2B8V1
Q9H1P3	A0A8M2B9J8
Q9H1U4	A0A8N7TEX5
Q9H1U4	A2CEV2
Q9H1Z8	P0CAX4
Q9H1Z8	Q566V9
Q9H246	Q66I00
Q9H246	Q6AZ99
Q9H2A9	A0A8M3B780
Q9H2A9	A0A8M9PVY1
Q9H2D1	Q5CZP1
Q9H2D1	Q7ZUN1
Q9H2F5	A0A8N7T863
Q9H2F5	A3KNA6
Q9H2K2	A0A8M2BJ18
Q9H2K2	A0A8M3ALH5
Q9H2X0	A0A8M1PB12
Q9H2X0	O57472
Q9H2X9	A0A8M3B534
Q9H2X9	A0A8M9Q103
Q9H2X9	M1EVR1
Q9H2Z4	A8KB41
Q9H2Z4	Q98TX4
Q9H300	A0A8M9PWK1
Q9H300	Q58EK4
Q9H3Q1	A0A8M1RNR2
Q9H3Q1	Q6GMK1
Q9H3Q3	E7F223
Q9H3Q3	E7FFN6
Q9H3T3	A0A8M1RJY7
Q9H3T3	A0A8M9PS42
Q9H3W5	A0A8M2BA82
Q9H3W5	A0A8M3AR64
Q9H3Y8	Q6PBI2
Q9H3Y8	Q6PFP3
Q9H3Z4	E7FF34
Q9H3Z4	Q6DGJ0
Q9H400	A0A8M1Q285
Q9H400	A0A8M2BEI3
Q9H425	A0A8M1P1P3
Q9H425	Q4KMC9
Q9H461	Q9PWK6
Q9H461	Q9YI00
Q9H4A3	A0A8M3B1I2
Q9H4A3	A0A8M9PVJ1
Q9H4A6	E7FGM1
Q9H4A6	Q503S3
Q9H4E7	A0A8M6Z7K3
Q9H4E7	Q7SYB5
Q9H4L4	A2BEN4
Q9H4L4	A4IFY7
Q9H4L7	B0R061
Q9H4L7	E7F1C4
Q9H582	A0A8M1P3Y2
Q9H582	A0A8M9PMS3
Q9H5V8	A0A2R8PY98
Q9H5V8	Q58EM7
Q9H6A0	A0A8M6Z849
Q9H6A0	Q5U3I4
Q9H6B4	A0A2R8Q356
Q9H6B4	A0A8M6Z281
Q9H6D3	A0A8M1QR63
Q9H6D3	B7ZVS9
Q9H6D8	A0A8M1RMD9
Q9H6D8	A0A8M9P2X3
Q9H6E4	A0A0G2KTT4
Q9H6E4	A0A8M6Z583
Q9H6Q3	A0A8M6Z4G2
Q9H6Q3	A9JR87
Q9H6X2	A0A8M1PU60
Q9H6X2	A0A8N7TEH8
Q9H6Z4	A0A8M9QLI8
Q9H6Z4	Q6PCR4
Q9H7D7	A0A8M1QKM2
Q9H7D7	Q5SP67
Q9H7U1	A0A8M9QJ31
Q9H7U1	E7F0A9
Q9H7Z7	A0A8M9QDX0
Q9H7Z7	Q7ZUC7
Q9H898	A0A8M1RSK1
Q9H898	A0A8M6Z305
Q9H8L6	A0A8M1NTG9
Q9H8L6	A0A8M6Z3K5
Q9H8M5	A0A8M3AJ29
Q9H8M5	A2ATX7
Q9H8M9	A0A8M9P091
Q9H8M9	Q08CB3
Q9H8N7	A0A8M2BH36
Q9H8N7	Q5RIC3
Q9H936	F8W3S7
Q9H936	F8W494
Q9H974	A0A8M2B9M3
Q9H974	Q7ZVJ6
Q9H987	A0A8M1PSI6
Q9H987	A0A8M3B845
Q9H9G7	A0A8M3ATW3
Q9H9G7	K4I722
Q9H9H4	A3KGZ5
Q9H9H4	Q4V8S7
Q9H9Z2	A0A0R4IRA3
Q9H9Z2	Q803L0
Q9HA72	E9QI65
Q9HA72	Q6DBR8
Q9HAC8	A0A8M2B376
Q9HAC8	Q4V8W7
Q9HAI6	A0A8M1PYV5
Q9HAI6	A0A8M9PFC1
Q9HAW0	A0A0G2L8U4
Q9HAW0	A8KBY2
Q9HB14	A8KB76
Q9HB14	Q5VSE6
Q9HB21	A0A0R4I9G1
Q9HB21	Q7ZYX2
Q9HB89	A0A8M3B6Y3
Q9HB89	A0A8M9PE67
Q9HB90	A0A8M1NE38
Q9HB90	Q502N9
Q9HBB8	A0A8M1Q2D0
Q9HBB8	A0A8M6YYJ8
Q9HBH9	Q7ZVV9
Q9HBH9	Q803R1
Q9HBM0	A0A8M2BC40
Q9HBM0	A8WFS3
Q9HC52	A0JMJ7
Q9HC52	Q502N4
Q9HCE1	A0A8M1RLW1
Q9HCE1	Q1LXK4
Q9HCE1	Q1LXK5
Q9HCE6	A0A8M3BDR1
Q9HCE6	A0A8M9Q3S0
Q9HCE9	A0A8M1RQT0
Q9HCE9	A0A8N7UT44
Q9HCH3	A0A286Y928
Q9HCH3	A0A8M3AV55
Q9HCH5	A0A8M3B6D8
Q9HCH5	R4GE71
Q9HCJ0	A0A8M3AQR0
Q9HCJ0	A0A8M3ATC8
Q9HCL0	A0A8M2B3F9
Q9HCL0	F1QRP2
Q9HCM3	A0A8M2B5Y9
Q9HCM3	A0A8M6YX83
Q9HCN3	A0A8M2BI41
Q9HCN3	B8A5M7
Q9HCP6	F1QYT4
Q9HCP6	Q6P3I5
Q9HCS4	Q800Q5
Q9HCS4	Q9YHE8
Q9HCU0	A0A0R4IKQ6
Q9HCU0	E9QBZ7
Q9HD43	A0A8M3ANF4
Q9HD43	A0A8M6YYB8
Q9HDC5	A0A8M1NU33
Q9HDC5	Q1ECU7
Q9NP72	Q6DHC1
Q9NP72	Q6P129
Q9NP86	E7FEW4
Q9NP86	Q504A7
Q9NP95	Q2LJ24
Q9NP95	Q38PL0
Q9NP98	A0A8M6Z1X3
Q9NP98	Q6P0T8
Q9NPA3	P47805
Q9NPA3	Q1LUV9
Q9NPB9	A0A8M2B9G9
Q9NPB9	A0A8M2BAW7
Q9NPC6	F1QBP1
Q9NPC6	Q6P2T2
Q9NPC7	A0A8M3B7I1
Q9NPC7	Q7ZVR6
Q9NPC8	B3DIJ7
Q9NPC8	Q98TH1
Q9NPI5	F1QSN9
Q9NPI5	Q7ZW81
Q9NPR2	A0A8M2BG75
Q9NPR2	E7F898
Q9NQ03	A8WGA5
Q9NQ03	Q58EN9
Q9NQ03	Q6YI50
Q9NQ88	Q29RA5
Q9NQ88	Q7ZVE3
Q9NQM4	A0A8M3AQ07
Q9NQM4	Q6IVV7
Q9NQS3	A0A0G2KQC0
Q9NQS3	Q58EG3
Q9NQU5	A0A8M1RML4
Q9NQU5	A5PEY8
Q9NQX3	A0A8M9PE84
Q9NQX3	A0A8M9PSF7
Q9NQX5	B3DJ13
Q9NQX5	F1QQY1
Q9NQX7	A0A8M9QGD2
Q9NQX7	Q6DGT2
Q9NR22	E7F3B5
Q9NR22	Q5RGQ2
Q9NR23	A0A8M9PNK2
Q9NR23	P35621
Q9NR28	A0A8M1NZ47
Q9NR28	Q7T3E1
Q9NR97	A0A8M1QHF1
Q9NR97	A0A8M1RHY6
Q9NR99	A0A8M1QK92
Q9NR99	F1QHX4
Q9NRN5	Q0P3W2
Q9NRN5	Q29RB4
Q9NRS4	A0A0R4INC3
Q9NRS4	A0A8M2B4C3
Q9NRY4	A5PF53
Q9NRY4	E7F8G5
Q9NS00	Q08BL3
Q9NS00	Q7SYI5
Q9NS64	Q502I1
Q9NS64	Q6PBK8
Q9NS82	E7FE11
Q9NS82	G8JL19
Q9NSC5	A0A8M9PSF3
Q9NSC5	Q7ZVW5
Q9NSC7	A0A8M9QEC7
Q9NSC7	Q5P991
Q9NSE2	L0N8L8
Q9NSE2	Q08BW5
Q9NSI5	A0A8M9NYE8
Q9NSI5	A0A8M9QCQ0
Q9NSI8	A0A8M2BH30
Q9NSI8	B3DH22
Q9NSK7	A0A0R4IF73
Q9NSK7	A0A8M1RM27
Q9NSY0	A0A8M1QKH0
Q9NSY0	A0A8M9PXK2
Q9NT22	A0A8M2B8R1
Q9NT22	A0A8M9PS18
Q9NT99	A0A8M1RFX4
Q9NT99	A0A8M9PEX1
Q9NTJ5	A1L244
Q9NTJ5	A4VCH0
Q9NTN9	A0A8M1QKK9
Q9NTN9	A0A8M1RFA4
Q9NTX9	A0A8N7T5E0
Q9NTX9	E7F1J2
Q9NUE0	E7FH11
Q9NUE0	Q7ZVN4
Q9NUJ1	A0A8M1REF1
Q9NUJ1	A0A8M2BCX5
Q9NV79	E7F846
Q9NV79	Q29R93
Q9NV96	A0A8M1PFN3
Q9NV96	Q6P0V2
Q9NVM9	A0A8M6Z599
Q9NVM9	Q7ZVZ8
Q9NW97	A0JMC5
Q9NW97	A7E2J0
Q9NWB6	Q6P5L7
Q9NWB6	Q7ZVW9
Q9NWU2	E7FGY2
Q9NWU2	Q6PC55
Q9NX04	A0A8M9PN26
Q9NX04	Q8JHH5
Q9NX07	A0A8M1N7C7
Q9NX07	Q4KM14
Q9NX46	A0A8M3ARH3
Q9NX46	Q66HT8
Q9NX63	A0A8M3B8X9
Q9NX63	A4QP12
Q9NXH8	A7MBW1
Q9NXH8	Q568B8
Q9NXK6	Q6DC77
Q9NXK6	Q7ZVH1
Q9NXR5	Q08BM2
Q9NXR5	Q803R0
Q9NY28	A0A8M9PHA4
Q9NY28	A0A8M9PI67
Q9NY28	A0A8M9PN74
Q9NY28	A0A8M9QC69
Q9NY28	A0A8N7UVK9
Q9NY35	Q6AXK7
Q9NY35	Q6P9P5
Q9NY47	A0A8M3AUK1
Q9NY47	A0A8M3B0S8
Q9NY74	A0A8M1Q7V8
Q9NY74	R4GDY2
Q9NYQ6	A0A8M3ARK0
Q9NYQ6	F1QBS8
Q9NYR8	F1QT23
Q9NYR8	Q6PC70
Q9NZ08	A0A8M1PE71
Q9NZ08	A0A8M3AWF2
Q9NZ20	A0A8M2BGC8
Q9NZ20	Q32PR6
Q9NZF1	A2VD52
Q9NZF1	Q498P1
Q9NZK5	A0A8N7T7C5
Q9NZK5	P58781
Q9NZM1	A0A8M3AY58
Q9NZM1	A0A8N7T5L8
Q9NZN5	A0A8M3ASS4
Q9NZN5	E7FDV8
Q9NZP8	A9JSU2
Q9NZP8	Q4V9I1
Q9NZR2	A0A8M9PEH3
Q9NZR2	A0A8M9QG41
Q9NZT2	A0A8M1P7K8
Q9NZT2	A0A8M9PYD5
Q9NZU1	A0A8M9PLL4
Q9NZU1	F1QF54
Q9NZW5	A0A8M2BHB1
Q9NZW5	F1QKE3
Q9NZW5	Q1LW94
Q9P0N5	A0A8M1P9Z5
Q9P0N5	E7EYQ9
Q9P0U4	Q6PGZ4
Q9P0U4	Q7SZE4
Q9P0V3	B0UYA0
Q9P0V3	Q1LVQ2
Q9P1P5	A0A8M1NCF5
Q9P1P5	A0A8M1NCI7
Q9P1P5	A0A8M1NDM5
Q9P1P5	Q5QNP2
Q9P1P5	Q5QNP8
Q9P1Y5	A0A8M1RLN2
Q9P1Y5	A0A8M9Q5K1
Q9P1Z2	A2BGD5
Q9P1Z2	F1RBA9
Q9P244	A8WGA3
Q9P244	E7FB24
Q9P265	A0A8M3BAI5
Q9P265	Q6NVJ5
Q9P266	A0A8M2BFR3
Q9P266	E7FAR1
Q9P281	A0A8M3B8L2
Q9P281	U3JAH0
Q9P283	A0A8M1Q1V7
Q9P283	F1QPQ6
Q9P2B4	A0A8M1RM06
Q9P2B4	A0A8M2BED7
Q9P2E5	A0A8M1PUJ0
Q9P2E5	A0A8M1RR72
Q9P2E7	Q6NYV7
Q9P2E7	Q805F0
Q9P2E9	B8A4D7
Q9P2E9	Q1LXR3
Q9P2F5	A0A8M3B8F0
Q9P2F5	F1QWT9
Q9P2F9	A0A8M1QKV7
Q9P2F9	A0A8M2BLK1
Q9P2J2	A0A8N7TDD3
Q9P2J2	F1QXA6
Q9P2M7	A0A8M2B603
Q9P2M7	A0A8M9Q5K0
Q9P2M7	Q1L8T5
Q9P2P5	A0A8M1RSA0
Q9P2P5	A0A8M3AW15
Q9P2S2	A1XQX4
Q9P2S2	A1XQX6
Q9P2U7	A0A8M3ANT7
Q9P2U7	A3QK31
Q9P2V4	A0A8M1N636
Q9P2V4	Q1ED19
Q9UBD6	A0A8M1P2Z1
Q9UBD6	A4QNU4
Q9UBD6	A8E4T4
Q9UBD6	Q8JI14
Q9UBP4	A2CEU2
Q9UBP4	C1K6H6
Q9UBR2	A0A8M1RDC6
Q9UBR2	Q5XJD4
Q9UBS5	A0A8M2BHH0
Q9UBS5	A0A8N7UVF8
Q9UBS8	A0A8M1RNU2
Q9UBS8	A0A8M1RS57
Q9UBS8	A0A8M2BKN8
Q9UBS8	F1RB95
Q9UBU6	A0A8M1RP26
Q9UBU6	Q56A52
Q9UFB7	A0A8M1RPB0
Q9UFB7	A0A8N7TAL0
Q9UG63	A0A8M9Q7F4
Q9UG63	F1QZ64
Q9UGI9	A0A8M2B748
Q9UGI9	F1QK10
Q9UGK3	A0A8M9QIJ5
Q9UGK3	Q7T2F4
Q9UGM5	A5D6T5
Q9UGM5	E7FE90
Q9UGV2	A0A8M3AV52
Q9UGV2	A0A8M9PUP4
Q9UH90	A0A8M9PFY8
Q9UH90	A8WG36
Q9UHC6	A0A8M3B6M0
Q9UHC6	L7NKK5
Q9UHH9	Q6DG55
Q9UHH9	Q6PBN6
Q9UHM6	G8Z411
Q9UHM6	Q1JPS6
Q9UHM6	Q2KNE5
Q9UHR4	A0A8M3AYE5
Q9UHR4	E7F8C7
Q9UHY8	E7FBD4
Q9UHY8	Q05AM6
Q9UIG8	A0A8M1NAF8
Q9UIG8	A0A8M9Q2R5
Q9UII2	A3KNL5
Q9UII2	Q1LYB6
Q9UIK5	A0A8M2BD12
Q9UIK5	B0S6Y8
Q9UIL1	Q08BG7
Q9UIL1	Q5XJK1
Q9UIU6	A4IG26
Q9UIU6	Q9DEE7
Q9UIW2	A0A8M6Z3W4
Q9UIW2	A8IYK2
Q9UJM3	A0A8N7TBJ8
Q9UJM3	A3KNJ9
Q9UJU6	F1QIB3
Q9UJU6	Q6GMH1
Q9UK39	A0A8M9PJP7
Q9UK39	A0A8N7UVF4
Q9UK76	A0A8M2BAY7
Q9UK76	A3KPB2
Q9UKB1	A0A2R8QFQ6
Q9UKB1	A0A2R8RWN9
Q9UKM7	A0A8M2B815
Q9UKM7	A5WWD5
Q9UKP6	A0A8M1PRY8
Q9UKP6	A0A8M3B7J6
Q9UKP6	A0A8M9QMZ8
Q9UKU6	A0A8M1Q7Z4
Q9UKU6	A0A8N7TF16
Q9UKU9	A0A8M1NGU9
Q9UKU9	Q4LES0
Q9UKV3	A0A8M1P1U4
Q9UKV3	A0A8M9Q0P4
Q9UKW4	A0A8M2BAQ7
Q9UKW4	A0A8M9PGG6
Q9UKX5	A0A8M1NW01
Q9UKX5	A0A8N7UV63
Q9UL03	A0A8M6Z212
Q9UL03	Q7SYD9
Q9UL19	A0A8M1NAZ5
Q9UL19	Q6DHK9
Q9ULD2	A0A8M9PX35
Q9ULD2	A0JMQ7
Q9ULE6	B7ZD37
Q9ULE6	Q803E0
Q9ULH1	A0A8M2BAL0
Q9ULH1	A0A8M3AZ08
Q9ULH4	A0A286Y8D8
Q9ULH4	E7FE43
Q9ULH7	A0A8M3B193
Q9ULH7	A0A8M3B4N8
Q9ULI2	A0A8M3AV62
Q9ULI2	Q66HZ2
Q9ULK0	A0A8M3AY56
Q9ULK0	A0A8M9P0L3
Q9ULL5	A0A8M2B2W6
Q9ULL5	A0A8N7UVP4
Q9ULV4	A0A8M9QEN6
Q9ULV4	B0R0D7
Q9UMN6	A0A8M1RHP2
Q9UMN6	A0A8N7TDQ0
Q9UMR5	A0A8M9PAS0
Q9UMR5	A3KPZ6
Q9UN86	A1L1U3
Q9UN86	Q4V942
Q9UNI1	A0A8M1N745
Q9UNI1	A0A8M1P7N7
Q9UNI1	A0A8M1RRV3
Q9UNI1	A0A8M9PRR3
Q9UNI1	Q4QRH5
Q9UNI1	Q6AZC0
Q9UNI1	Q6DHC9
Q9UNQ0	A0A8M3B3I6
Q9UNQ0	A0A8M9PT70
Q9UNU6	A0A2R8QC82
Q9UNU6	A8KBX6
Q9UNU6	Q6AZW0
Q9UNW1	Q08CJ4
Q9UNW1	Q7ZUU7
Q9UNW8	A0A8M1N701
Q9UNW8	A0A8M9PLR3
Q9UP65	A0A8M1P1U7
Q9UP65	A0A8M9PGT1
Q9UP65	A0A8M9Q5W4
Q9UP65	A0A8M9QA14
Q9UP65	Q5U3S0
Q9UP79	A0A8M1Q208
Q9UP79	A0A8M9QEM5
Q9UPA5	A0A8M1QUW7
Q9UPA5	A0A8M2B2S6
Q9UPC5	A0A8M1NHP0
Q9UPC5	Q6XCC7
Q9UPI3	A0A8M1RMV1
Q9UPI3	A0A8N7TF83
Q9UPP2	A0A8M3ART2
Q9UPP2	A0A8N7UUK6
Q9UPQ4	A0A0G2L0E2
Q9UPQ4	A0A0R4ICE2
Q9UPQ4	A0A0R4IIJ3
Q9UPQ4	A0A0R4IPB1
Q9UPQ4	A0A2R8RZP6
Q9UPQ4	A0A8M1PZW6
Q9UPQ4	A0A8M1Q7P5
Q9UPQ4	A0A8M1QHK9
Q9UPQ4	A0A8M1RM68
Q9UPQ4	A0A8M2BHW3
Q9UPQ4	A0A8M3AXQ8
Q9UPQ4	A0A8M9PAX5
Q9UPQ4	A0A8M9Q7M1
Q9UPQ4	A0A8M9QAN4
Q9UPQ4	A0A8N7TBF6
Q9UPQ4	A0A8N7UV72
Q9UPQ4	A3KH08
Q9UPQ4	A7MBU2
Q9UPQ4	A8WG17
Q9UPQ4	A8WG90
Q9UPQ4	B8JLS7
Q9UPQ4	F1QMZ7
Q9UPQ4	F1QWI8
Q9UPQ4	F1QZQ5
Q9UPQ4	F1R7D2
Q9UPQ4	F2Z4W9
Q9UPQ4	I3ITQ0
Q9UPQ4	Q1L9F9
Q9UPQ4	Q1MT09
Q9UPQ4	Q1MT11
Q9UPQ4	Q5U3I5
Q9UPQ9	A0A8M2BCS0
Q9UPQ9	A0A8M9PGS9
Q9UPQ9	A0A8M9QJF1
Q9UPQ9	E7F923
Q9UPR5	A0A8M3AIS0
Q9UPR5	A0A8M3ASJ4
Q9UPW8	A0A8M3AN14
Q9UPW8	A0A8M3BBV7
Q9UPX0	A0A8M3ATY0
Q9UPX0	A0A8M3B141
Q9UPX8	A0A8M9P6G4
Q9UPX8	A2AV32
Q9UPY8	A0A8M2B5B2
Q9UPY8	A0A8M9Q0D6
Q9UPZ3	A0A8M1NEE3
Q9UPZ3	A0A8M6YXH7
Q9UQ05	A0A142J9E8
Q9UQ05	E7FB36
Q9UQ10	Q642M9
Q9UQ10	Q7T379
Q9UQ26	A0A8M3AIH2
Q9UQ26	A0A8M9PSB0
Q9UQ49	A0A8M2B883
Q9UQ49	A0A8M2B8F8
Q9UQ49	A7TUD6
Q9UQ49	Q4V9A4
Q9UQ80	Q6PHD8
Q9UQ80	Q8AW82
Q9UQB3	A0A286Y804
Q9UQB3	A0A8M3B7R3
Q9UQB8	A0A8M2BAV5
Q9UQB8	A0A8M3AYL9
Q9UQD0	A0A8M2B935
Q9UQD0	A0A8M2BDE6
Q9Y215	A0A8M1Q7R8
Q9Y215	A0A8M3ATD0
Q9Y219	A0A8N7TDN4
Q9Y219	Q90Y56
Q9Y235	D2D565
Q9Y235	Q5CZQ2
Q9Y287	Q7T328
Q9Y287	Q803H7
Q9Y289	A0A8M1N6Y6
Q9Y289	B7ZVD9
Q9Y294	Q6NY34
Q9Y294	Q6NYY4
Q9Y2A9	A0A8M1NHP2
Q9Y2A9	A0A8M1NJQ1
Q9Y2A9	A0A8M2BEV7
Q9Y2A9	A8KB44
Q9Y2D1	A0A8M9P756
Q9Y2D1	A2BFU3
Q9Y2D5	A0A0R4ISM7
Q9Y2D5	A0A8M9QBS9
Q9Y2G0	A0A8M2BI10
Q9Y2G0	Q5SPP5
Q9Y2G8	A0A8M2BDP4
Q9Y2G8	A0A8M9QDB3
Q9Y2G9	A0A8M1Q7N9
Q9Y2G9	D6RUV4
Q9Y2H0	A0A8M9PLE1
Q9Y2H0	A0A8N7TFM8
Q9Y2H9	A0A8M3AKH8
Q9Y2H9	A0A8M3AXQ6
Q9Y2J0	A0A140LH42
Q9Y2J0	A0A8M2BJS5
Q9Y2J0	A0A140LH42
Q9Y2J0	A0A8M6YYK0
Q9Y2L6	A0A8M3AV01
Q9Y2L6	A0A8M9PN59
Q9Y2Q3	A0A8M3AQR9
Q9Y2Q3	A0A8M6YVE9
Q9Y2Q3	A0A8M9P8E0
Q9Y2Q3	Q6DGU9
Q9Y2V3	O42356
Q9Y2V3	O42357
Q9Y2W7	A0A8M2BGD4
Q9Y2W7	Q6PBP8
Q9Y2X9	E7F1T3
Q9Y2X9	F1QM98
Q9Y305	F1R961
Q9Y305	Q32PS1
Q9Y330	Q1LWQ4
Q9Y330	Q1LWQ5
Q9Y371	A0A8M3APC9
Q9Y371	A0A8M3AW37
Q9Y3M8	A0A8N7UVJ5
Q9Y3M8	E7F8B8
Q9Y3Q4	A0A8N7TEJ3
Q9Y3Q4	A0A8N7UQR8
Q9Y3S1	A0A8M9QDR7
Q9Y3S1	A0A8M9QDX9
Q9Y446	F1Q8J9
Q9Y446	F1QWE6
Q9Y487	A0A8M3AWJ9
Q9Y487	A2BEG0
Q9Y493	A0A8M1QQZ4
Q9Y493	A0A8M6YYG1
Q9Y4C0	A1XQX8
Q9Y4C0	A1XQY1
Q9Y4C5	A0A8M1QRB1
Q9Y4C5	A0A8N1TQ63
Q9Y4D1	A0A8M6Z2D8
Q9Y4D1	Q5RHJ3
Q9Y4F5	A0A8M2B758
Q9Y4F5	A0A8M6YT69
Q9Y4F9	A0A8M2B6I2
Q9Y4F9	Q1LU99
Q9Y4G6	A0A8M6Z7P4
Q9Y4G6	A0A8M9PZ51
Q9Y4H2	A0A0R4IKQ9
Q9Y4H2	A0A8M9PD89
Q9Y4K1	A0A8M9QBP3
Q9Y4K1	F1QAH5
Q9Y4X5	Q6NW85
Q9Y4X5	Q6PFJ9
Q9Y543	A0A8M9QIL4
Q9Y543	Q0P454
Q9Y5F6	A0A2R8Q015
Q9Y5F6	A0A2R8Q3A5
Q9Y5F6	A0A8M6Z8Y8
Q9Y5F6	I6LC14
Q9Y5F6	I6LC16
Q9Y5F6	I6LC17
Q9Y5F6	I6LC18
Q9Y5F6	I6LC20
Q9Y5F6	I6LC22
Q9Y5L3	A0A8M3AWQ3
Q9Y5L3	A0A8N7UUT2
Q9Y5L3	Q66L64
Q9Y5N1	A0A8M1RP71
Q9Y5N1	Q6ZM33
Q9Y5Q3	A0A8M9P0X6
Q9Y5Q3	Q98UK4
Q9Y5W3	Q1LXI7
Q9Y5W3	Q90XE7
Q9Y5X0	A8WG21
Q9Y5X0	F1Q506
Q9Y5X5	A0A8M9PL57
Q9Y5X5	A2AV71
Q9Y5Y6	A0A8M3AWU9
Q9Y5Y6	A5PMY0
Q9Y5Y7	A0A8M1P6N1
Q9Y5Y7	A0A8M1P976
Q9Y624	A3KNL2
Q9Y624	Q66I72
Q9Y691	A0A8M2BK33
Q9Y691	Q5BL22
Q9Y693	A0A8M9PC63
Q9Y693	Q5PRC1
Q9Y694	A0A8M1PS65
Q9Y694	A0A8M1PZ35
Q9Y694	A0A8M1Q7J2
Q9Y694	A0A8M9PNM2
Q9Y694	A4IG77
Q9Y6A2	A0A0N4SU47
Q9Y6A2	A0A8M2B763
Q9Y6A2	A0A8M3AW06
Q9Y6A2	Q1JPS3
Q9Y6A2	Q504G3
Q9Y6C2	F1QC17
Q9Y6C2	Q0VA81
Q9Y6C5	A0A8M1P6L9
Q9Y6C5	Q98864
Q9Y6I9	A0A8M9PM94
Q9Y6I9	Q6P018
Q9Y6N5	A0A8M2BAC0
Q9Y6N5	Q566N7
Q9Y6Y0	Q5RG82
Q9Y6Y0	Q7ZVQ8
Q9Y6Y1	A0A8M6Z970
Q9Y6Y1	A0A8M9P5K3
A0A1B0GTW7	A0A1D5NSK0
A0A1B0GTW7	A0A8M9Q364
A0A1B0GU71	A0A0R4IW21
A0A1B0GU71	E9QFI8
A0A1B0GVZ9	A0A8M9P550
A0A1B0GVZ9	E7F188
A0A8I5KY20	A0A8M1RP67
A0A8I5KY20	A0A8M2B3T2
A0FGR8	A0A8M2BIQ8
A0FGR8	A0A8M9QCZ0
A0JLT2	Q08C81
A0JLT2	Q6DRL8
A1A5B4	A0A8M1QHN0
A1A5B4	A0A8M1QR52
A1A5C7	A0A8M1PAI9
A1A5C7	A0A8M1RN07
A2RU49	A0A8N7USY7
A2RU49	A8WFT6
A2RUS2	A0A8M3ATM0
A2RUS2	A0A8M9P256
A4D126	A0A8M6Z0R9
A4D126	A0JPF9
A4D2P6	A0A2R8RTP4
A4D2P6	A0A8M3AYB4
A4D2P6	Q6ZM86
A4UGR9	F1QP52
A4UGR9	F8W4U4
A4UGR9	F8W4U4
A4UGR9	Q5PZ43
A5D6W6	A0A286YBK9
A5D6W6	A0A8M1P5Q1
A5D6W6	Q5CZN0
A5PKW4	A0A8M9PU72
A5PKW4	A0A8M9PXC4
A5PLL1	A0A8M2BJQ9
A5PLL1	E9QC15
A5PLL7	A0A8M2B5J8
A5PLL7	Q5XJL5
A6NCL7	A0A8M9PLN2
A6NCL7	A0A8N7UVK1
A6NCQ9	A0A8M2BAV9
A6NCQ9	A0A8M9PQH1
A6ND36	A0A8M2BI56
A6ND36	A0A8N7UT19
A6NE02	A0A2R8QB83
A6NE02	A0A8N7TB50
A6NED2	A0A8M3APH0
A6NED2	A0A8M3B041
A6NEY8	A0A8M3APG1
A6NEY8	Q6PFS2
A6NFN3	A0A8M9PBK2
A6NFN3	A0A8M9QJ91
A6NGG8	A0A0G2KDL6
A6NGG8	F8W5A8
A6NHN0	A0A8M1P7N3
A6NHN0	A5PN28
A6NI61	A0A8M6Z0J1
A6NI61	Q6IQ69
A6NI79	A0A2R8QE83
A6NI79	A7MC22
A6NIH7	A0A8M9Q9J8
A6NIH7	Q90Z08
A6NK89	A0A8M1QQY8
A6NK89	A0A8M2BLW7
A6NKD9	Q0P485
A6NKD9	Q6DHL7
A6NKG5	A0A8M1RIT4
A6NKG5	A0A8M2B4M9
A6NKG5	A0A8M6Z468
A6NKG5	A0A8M6Z618
A6NKG5	A0A8M9P0J8
A6NKG5	A0A8M9P3I1
A6NKG5	A0A8M9P9V4
A6NKG5	A0A8M9PC86
A6NKG5	A0A8M9PG65
A6NKG5	A0A8M9PIK8
A6NKG5	A0A8M9PJQ1
A6NKG5	A0A8M9PYA5
A6NKG5	A0A8M9Q9B7
A6NKG5	A0A8M9QDF2
A6NKG5	A0A8M9QEW5
A6NKG5	A0A8M9QFP7
A6NKG5	A0A8M9QN66
A6NKL6	A0A8M9P2I5
A6NKL6	E7FAA8
A6NL88	A0A8M2B6I1
A6NL88	A0A8M9PJY6
A6NLC5	A3KNX6
A6NLC5	Q1LY84
A6NN92	A0A8M9P965
A6NN92	U3JA75
A6NNN8	A0A8M9PPQ5
A6NNN8	A5WVQ9
A6NNX1	A0A8M1RMK4
A6NNX1	H9GZ74
A6PVL3	A0A0R4IEL4
A6PVL3	A0A8M9QE95
A6QL63	A0A8M1RJ87
A6QL63	A0A8M2BBT2
A6QL63	P0C7A6
A6QL63	Q1LVW0
A8K2U0	A0A8M1QHK3
A8K2U0	A0A8M9PLG1
A8MPY1	A0A8M3AZ57
A8MPY1	B3DIE5
A8MVW0	E7F078
A8MVW0	E7F922
A8MWY0	A0A8M2BBU3
A8MWY0	A0A8M6Z2L0
A8MY62	A0A8M3AVF4
A8MY62	A0A8N7UW05
A8MZF0	A0A8M2BAA1
A8MZF0	A0A8M9QCY5
A9YTQ3	Q3T2L2
A9YTQ3	Q3T2L3
B2RV13	A0A0R4IW21
B2RV13	E9QFI8
B4DS77	B3DHW5
B4DS77	Q5BLC7
B6SEH9	A0A8M9P297
B6SEH9	A0A8M9PG35
B6SEH9	A0A8M9PIW4
B6SEH9	A0A8M9PLK1
B6SEH9	A0A8M9PLP8
B6SEH9	A0A8M9PLV5
B6SEH9	A0A8M9PXV9
B6SEH9	A0A8M9Q5H5
B6SEH9	A0A8M9Q7A2
B6SEH9	A0A8M9QI16
B9EJG8	A0A2R8RK24
B9EJG8	E9QCN7
C9J069	A0A8M1Q1V0
C9J069	A0A8M6YZ78
C9JH25	A0A0R4IBE2
C9JH25	A0A8M9PYT1
C9JL84	A0A8M3AXH3
C9JL84	A0A8M9PQ19
C9JR72	A0A8M1PS76
C9JR72	A0A8M9Q942
C9JR72	A0A8N7TBT4
E7ERA6	A0A8M2B978
E7ERA6	A0A8M2BDI7
F5GYI3	A0A8M1REJ0
F5GYI3	A0A8M6YW56
O00144	A3QK10
O00144	Q9I8V7
O00148	A0A8M1P8Z3
O00148	Q803W0
O00178	A0A8M2BBB3
O00178	A3KQI1
O00180	A0A8M1P6I7
O00180	A5PLK0
O00206	A0A8M1P458
O00206	A0A8M1PFR8
O00206	A0A8M3B7X7
O00214	A0A8M1RJC6
O00214	A0A8M9P949
O00217	A0A8M1N6N6
O00217	Q6P0T0
O00222	E7F4Z5
O00222	E7FH00
O00238	C0L3D6
O00238	Q9W629
O00254	A0A8M1RML1
O00254	A0A8M2BCP2
O00294	A0A8M3AQ24
O00294	A0A8M3AY46
O00327	A0A8M2BE61
O00327	Q9I879
O00341	C5H4R2
O00341	D7RVS5
O00358	A0A8M2B6T0
O00358	B0UXI3
O00443	A0A2R8QSP1
O00443	A0A8M2B5U1
O00451	A0A8M1N5N5
O00451	A0A8N7UT76
O00483	Q6PBH5
O00483	Q7ZTT8
O00499	A0A2R8QMI5
O00499	A0A8M3B2G2
O00506	A0A8M2BDG3
O00506	A0A8M2BII7
O00533	A0A8M6YZS5
O00533	A0A8M9PF48
O00534	A0A8M3ANV7
O00534	A0A8M3AZF0
O00534	A0A8M3B6Y1
O00534	A0A8M6YYH8
O00534	A0A8M9PNI2
O00534	Q66HV5
O00555	A0A8M9PFQ8
O00555	A0A8M9PUZ6
O00570	Q2Z1R2
O00570	Q6DGL6
O00585	A0A8M1RQU0
O00585	F1QBE9
O00591	A0A8M9PYV2
O00591	A0A8M9QPJ3
O00591	B0JZB5
O00755	A0A8N7UW17
O00755	Q4JLT0
O00764	A0A8M9QJU9
O00764	B8A4Q2
O00767	A0A8M2B301
O00767	F1QG70
O14494	A0A8M1PYW2
O14494	A0A8N7UVL6
O14497	A0A8M9PDQ2
O14497	A0A8M9PSC1
O14511	A0A8M2B890
O14511	E7FGA4
O14521	Q68FN7
O14521	Q6DGM2
O14543	Q6NYJ2
O14543	Q7ZUC6
O14561	F1QCE9
O14561	Q6DH81
O14594	A0A8M1RLN8
O14594	F1QEZ8
O14618	A0A8M1P2P3
O14618	A0A8M9Q879
O14625	A0A0R4INB9
O14625	A0A8M1RDH8
O14625	A0A8N7UTC7
O14625	B0R191
O14639	A0A8M3BE44
O14639	A0A8M9QJF9
O14683	Q08BP4
O14683	Q5CZU4
O14745	A0A8M2BLP8
O14745	Q6P2U7
O14776	A0A8M1PCM8
O14776	A0A8M3AU80
O14787	A0A8M9PNK8
O14787	Q68EK8
O14807	A0A286Y9A7
O14807	E7F5A7
O14827	A0A8M3ASM8
O14827	A0A8M3B5Z6
O14827	A2CEA7
O14901	A0JMN3
O14901	Q5RIQ4
O14926	B2LT49
O14926	B2LT50
O14960	A0A8M6Z274
O14960	E7F1W2
O14960	Q0H0R9
O14983	A0A8M2B2Q3
O14983	Q642Z0
O15031	C5H5I1
O15031	E3NZJ2
O15054	A0A8M3AU53
O15054	A0A8M9QGN3
O15194	A0A8M2B9P9
O15194	A0A8M2BAS3
O15229	A0A8M1P332
O15229	Q1RLY6
O15232	Q5NIW0
O15232	Q68EK6
O15240	A0A1D5NS72
O15240	A0A8M1PRV3
O15260	Q6DGJ8
O15260	Q7SZQ7
O15270	B0JZN8
O15270	Q503F0
O15294	A0A8M1QLF2
O15294	Q5GA13
O15297	Q5U3H7
O15297	Q6NYW2
O15347	F1QGP8
O15347	Q567G0
O15360	A0A8M9PVL4
O15360	Q1X874
O15372	Q5PR67
O15372	Q6AXJ2
O15375	A0A8M1QL30
O15375	E7FB53
O15394	Q08CM9
O15394	Q90YM0
O15399	A0A8M3AT83
O15399	I3NI77
O15427	A0A8M2BBA0
O15427	F1Q7T3
O15444	A0A8M1RQU0
O15444	F1QBE9
O15484	A0A8M3ATX3
O15484	A0JMG3
O15492	Q568M8
O15492	Q568Q4
O15511	Q7ZWH4
O15511	Q803M7
O15520	Q1XG75
O15520	Q8AY90
O15525	A0A8M2BGQ2
O15525	A0A8M9P5V5
O15533	B3DIC7
O15533	Q1LUU3
O15534	A0A8M2BJV3
O15534	Q6E2N4
O15551	A0A8M2BGY4
O15551	Q90XR0
O15551	Q90XR2
O43248	A0A0R4IDM3
O43248	Q58EL0
O43272	A0A8M2B7X5
O43272	A0A8M6Z0Q4
O43278	A0A2R8QCE4
O43278	A9JR82
O43303	A0A8M9P8A2
O43303	A0A8M9PA57
O43306	A0A8M1RMQ6
O43306	A0A8M6Z3Y2
O43315	D5FFZ1
O43315	Q498W2
O43399	A0A8M2BEH5
O43399	A0A8M9PWB5
O43427	Q6T938
O43427	Q7T2B7
O43464	A0A8M1RRS1
O43464	A0A8M6Z9M5
O43464	A0A8M9PBC7
O43464	A0A8M9PLT5
O43464	A0A8M9PYY8
O43464	A0A8M9Q128
O43464	A0A8M9QAR7
O43464	A0A8M9QC71
O43464	A0A8M9QCV4
O43464	A0A8M9QG75
O43464	A0A8M9QG79
O43464	A0A8M9QKF1
O43464	A0A8M9QLE8
O43490	A0A8M9QBM3
O43490	Q9W735
O43516	A0A8M1QUR0
O43516	F1QZL9
O43557	A0A8M9Q7U7
O43557	E7FBC0
O43581	A0A8M9PH33
O43581	D4P8S0
O43603	A0A8M9PTM9
O43603	E7F7V7
O43603	F1R332
O43688	A0A8N7TEZ5
O43688	Q7SYJ5
O43761	A7E288
O43761	Q503N6
O43921	A0A8M9PAP8
O43921	P79727
O60216	Q1L8E1
O60216	Q6TEL1
O60238	Q58EQ7
O60238	Q5VK49
O60243	A0MGZ5
O60243	Q56UJ5
O60269	A0A8M2B3U2
O60269	A0A8M9QN24
O60285	A0A8N7T734
O60285	A0A8N7T7L7
O60291	B0R0J5
O60291	Q7ZUL9
O60299	A0A8M3AS26
O60299	E7F179
O60307	A0A8M3AXH0
O60307	A0A8M9PPY9
O60331	A0A8M2BIV4
O60331	A0A8M3B5L6
O60347	A0A8M2BGR0
O60347	A0A8M9PFQ4
O60443	A0A8M6YSN6
O60443	Q6J2R6
O60462	Q6T867
O60462	Q6T868
O60516	Q5U3D2
O60516	Q98TT6
O60575	A0A8M1P9J0
O60575	A0A8M1RDZ4
O60602	A0A8M1NIN6
O60602	A0A8M1QK86
O60635	A0A8M1PH50
O60635	A0A8M6Z7L3
O60635	Q0P3Z7
O60662	E9QIN8
O60662	F1QEG2
O60825	A0A8M2B1V7
O60825	Q7ZU78
O60884	Q7ZUP5
O60884	Q7ZVS0
O60906	A0A8M1PUN2
O60906	F1QUD7
O75077	A0A8M9PSE6
O75077	F8W3T1
O75084	Q8QFM3
O75084	Q90ZT3
O75095	A0A8M3B4A3
O75095	A0A8M6Z4L7
O75127	A0A2R8RTA8
O75127	E7F3M0
O75153	A0A8M9QHB0
O75153	A0JMD0
O75175	F1Q4L8
O75175	Q7ZVL4
O75293	Q5NU21
O75293	Q6PC51
O75356	E7F8A7
O75356	E9QI88
O75382	A0A8M2B1X4
O75382	E7F1U3
O75387	A2RUY1
O75387	F2Z4V7
O75420	A0A8M9PLM5
O75420	A0A8M9Q2B5
O75462	B8JL58
O75462	Q6DG28
O75508	A4QNU3
O75508	Q6DHL0
O75604	A0A8M3AST8
O75604	A0A8M9QLD6
O75762	Q5UM14
O75762	Q5UM15
O75791	Q567F1
O75791	Q6PE32
O75829	A0A8M3BCN7
O75829	P58239
O75840	Q502L8
O75840	Q5TYN4
O75896	Q08BH0
O75896	Q6DH03
O75907	Q6DHG2
O75907	Q6P3J0
O75911	Q5XJP6
O75911	Q6DBS5
O75915	Q5XJS6
O75915	Q6DGQ9
O75925	A0A1D5NSS2
O75925	A0A8M9PST5
O75954	F1QR74
O75954	Q6GMK6
O75955	Q6TH07
O75955	Q7ZZ76
O75962	A0A8M9PRK6
O75962	Q1LUA6
O76070	A0A8M9PWC8
O76070	Q568R9
O76083	A0A8M3AW03
O76083	A0A8N7T8G3
O76083	A0A8N7UT66
O76093	Q5TKR7
O76093	Q5TKR8
O94778	A1L2B1
O94778	Q66I64
O94818	A0A8M3AMS1
O94818	F1QGF6
O94827	A0A0G2L933
O94827	F1R1Q2
O94842	A9JRY1
O94842	F1QXS5
O94868	A0A8M2BHM0
O94868	A0A8M6Z5H5
O94875	A0A8M6YY36
O94875	A0A8M9PN75
O94901	A0A8M1N5L0
O94901	A0A8M3B4H1
O94925	A0A8M1NA58
O94925	A0A8N7TDH1
O94983	A0A8M2BID3
O94983	A0A8M9PHT2
O94989	A0A8M3BE83
O94989	A0A8M6Z762
O95072	A0A8M6Z9W6
O95072	Q1RLS1
O95196	A0A8M3AK55
O95196	A0A8M3B1Y9
O95231	Q9DG33
O95231	Q9DGM9
O95259	A0A8M3ARE9
O95259	A0A8M3AXZ2
O95271	A0A8M2BJ18
O95271	A0A8M3ALH5
O95340	A0JPF3
O95340	Q802U9
O95343	O73708
O95343	O73709
O95388	A8WG98
O95388	D0E2W1
O95389	A0A8M6YUV4
O95389	D0E2W2
O95425	A0A8M9PB08
O95425	A0A8M9QII8
O95433	Q29RB9
O95433	Q7SXN3
O95436	Q9DDS6
O95436	Q9PTQ8
O95450	A0A0R4ISF7
O95450	A0A8M3AUS2
O95476	Q5U395
O95476	Q5U3T3
O95477	B8A446
O95477	E7F2Y6
O95562	Q501Z6
O95562	Q5EAQ9
O95628	A0A286YAE5
O95628	Q7SYD1
O95630	Q2YDQ9
O95630	Q6TH47
O95631	F1QUK5
O95631	O42140
O95685	A0A8M1NFA7
O95685	A0A8M1RM97
O95696	A0A8M2BA66
O95696	F1QFR1
O95747	A5PLJ7
O95747	Q6NWY2
O95857	Q5XJK6
O95857	Q6DG37
O95967	Q5PR37
O95967	Q5WQV6
O95970	B3DJS9
O95970	Q2HPG2
O95989	A0A8M6Z122
O95989	Q7ZUM4
O96006	A0A8M9PAG6
O96006	A0A8M9PYK6
O96008	A0A8M6Z1R1
O96008	Q6NWH3
O96015	Q503Z7
O96015	Q6DEH4
P00491	Q1LWJ1
P00491	Q6NYG0
P00505	Q7SYK7
P00505	Q7ZWF5
P00740	A0A8M1PEI6
P00740	Q1RLV2
P00749	A0A8M6Z265
P00749	G8CXX6
P00751	A2VD28
P00751	F1R886
P00918	Q6PFU7
P00918	Q92051
P01024	A0A0R4IMB2
P01024	A0A8M1P7C1
P01024	A0A8M1RQR9
P01024	A0A8M3ALC4
P01024	F1QX13
P01024	Q3MU74
P01106	P52160
P01106	Q7ZVS9
P01112	Q503B6
P01112	Q568K0
P01127	A0A2R8Q0D8
P01127	A0A8M9Q3E7
P01138	A0A8M1PAS0
P01138	A0A8M3AY43
P01138	O73797
P01138	Q6YBR5
P01215	A0A8M9P0W3
P01215	Q6QX43
P01222	A0A8M6Z4G8
P01222	A0A8M9PLW7
P01344	Q8JIE4
P01344	Q9PUD0
P01374	Q08CQ3
P01374	Q4W898
P01588	A0A8M9QCG3
P01588	Q2XNF5
P02458	L0S5L0
P02458	Q2LDA1
P02649	O42364
P02649	Q503V2
P02751	A0A8M1PBH3
P02751	A0A8M3BD92
P02786	Q32PQ5
P02786	Q5MPX4
P02790	A0A8M2BKS1
P02790	Q6PHG2
P03950	A5HAK0
P03950	A5HAK1
P04004	A0A8M1NM11
P04004	Q502F1
P04066	Q6DC50
P04066	Q7ZW80
P04075	Q6P043
P04075	Q803Q7
P04080	A7MCL7
P04080	E7EYW5
P04080	Q08BN2
P04085	A5PMP7
P04085	Q08CD2
P04920	A0A8M9PZ09
P04920	A9NIM6
P05023	Q90X33
P05023	Q9DEU1
P05023	Q9DGL6
P05026	Q6NYH5
P05026	Q9DEY4
P05090	A0A8M1NAX4
P05090	F1QDM9
P05091	A0A8M3APD8
P05091	Q6TH48
P05091	Q7SXU3
P05093	A0A8M1PIC7
P05093	A7U483
P05108	A0A8M9Q8E0
P05108	Q7SYJ6
P05198	Q7ZWD3
P05198	Q9I9E9
P05556	A0A8M6YW86
P05556	Q3YAA0
P05783	Q6PHE4
P05783	Q7ZTS4
P05787	A0A8M1P5N6
P05787	F1QV31
P05787	Q6NWF6
P05997	A0A8M1NTE7
P05997	E7FE47
P06213	A0A8M2BIL6
P06213	Q1LVG4
P06307	A0A8M1PZY2
P06307	A0A8M1RE78
P06727	A0A8M1PVB3
P06727	A0A8M9NZC6
P06727	A0A8M9P1T6
P06727	Q3B7G4
P06730	Q5RKQ5
P06730	Q9DFS6
P06732	A2BHA3
P06732	A8E5L0
P06744	Q0IJ39
P06744	Q8QFU2
P06858	A0A8M2BLP2
P06858	Q6P2U2
P07195	Q6DGK2
P07195	Q9PVK4
P07196	A0A8M9PUK6
P07196	Q29RE8
P07203	A0A8M1N295
P07203	A0A8M1N370
P07333	A0A8M3AX73
P07333	A0A8M9QKN6
P07333	Q9I8N6
P07384	A0A8M3AMD7
P07384	Q7ZUR1
P07510	A2BG85
P07510	E7F9V1
P07550	A4QNV7
P07550	I7GPU6
P07814	A0A8M3ARK1
P07814	F1QP23
P07900	Q5RG12
P07900	Q90474
P08034	A0A8M1QQY5
P08034	Q9DF29
P08069	A0A8M1PBN6
P08069	A0A8N7UZS2
P08195	A0A8M1PBP2
P08195	A1A5Y9
P08195	Q6P3H9
P08237	A0A8M3B3J9
P08237	Q66HV8
P08397	A0A8M2B3W7
P08397	A0A8M2BJ45
P08476	A1L1T8
P08476	Q8QGE3
P08697	A0A8N7T5R7
P08697	A1A5Y8
P08709	F1R612
P08709	Q504H3
P08758	A8WG37
P08758	Q803A1
P08833	A4K8J2
P08833	Q90YJ7
P08910	Q05AK6
P08910	Q802V6
P08912	A0A8M1N7A3
P08912	Q7T286
P08949	A0A8M2B675
P08949	B3DFU2
P09016	O57374
P09016	P22574
P09067	P09013
P09067	P09014
P09086	A0A8M3AT79
P09086	A0A8M3B3B2
P09211	Q50LC6
P09211	Q9DDU5
P09382	A0A8M1N2K6
P09382	A0A8M2BJG5
P09382	Q6IQI2
P09467	Q6PFT1
P09467	Q7T337
P09529	A0A8M2BK69
P09529	A0A8M2BK93
P09529	B0S7E0
P09603	A9JRD6
P09603	B0UYR0
P09958	A0A8M1NAA5
P09958	F1QQ43
P0C6S8	A0A8M1NBX3
P0C6S8	A0A8M6YUT0
P0C7U0	A0A8M2BBN8
P0C7U0	F1Q7Y5
P0DMQ5	A0A8M9PKZ7
P0DMQ5	Q0P4C1
P10070	Q5BN24
P10070	Q9YGS4
P10415	A0A8M1Q7L4
P10415	Q564A4
P10586	A0A8M3AQ53
P10586	A0A8M9QA39
P10586	A4IFW2
P10588	A0A8M9Q751
P10588	Q6P117
P10599	Q6DGI6
P10599	Q7ZUI4
P10606	A0A8M1PZK0
P10606	Q0P3U4
P10606	Q6IQU9
P10620	B0R1E9
P10620	Q5XJJ0
P10643	A0A8M9PWA7
P10643	A0A8N7UT40
P10721	A0A8M1NPF4
P10721	Q8JFR5
P10767	Q2LGG1
P10767	Q5TLE1
P10827	A0A8M3B4P5
P10827	Q98867
P10911	A0A8M3B396
P10911	F1Q4X6
P10915	A0A8M9P7I1
P10915	E7FBW8
P10916	E7FG54
P10916	Q24JV6
P11166	A0A8M1RR10
P11166	Q285P3
P11217	E7EXT3
P11217	Q503C7
P11230	E7F2Q4
P11230	G1FMP8
P11473	Q1L673
P11473	Q9PTN2
P11498	A0A0R4IFJ4
P11498	A0A8N7UZL1
P11511	A0A8M9PGW6
P11511	O42145
P12271	Q6P027
P12271	Q6PC74
P12272	Q1L5E7
P12272	Q1L5E8
P12429	Q5U369
P12429	Q66ID8
P12643	O13109
P12643	O93369
P13284	A0A8N7UR65
P13284	Q5XJN2
P13497	A0A8M2B1Y0
P13497	Q2ABP1
P13591	A0A8M2B3P6
P13591	A0A8M3ATS9
P13631	A2T928
P13631	Q91392
P13637	Q4KMK4
P13637	Q6P271
P13671	A0A8M2B846
P13671	A0A8M9Q791
P13674	E7FEB4
P13674	Q7ZVE9
P13726	A0A8M1N555
P13726	C7S6G4
P14138	A0A8M2B1S8
P14138	E9QFS0
P14210	A0A8M2BBX2
P14210	A0A8M3AUS6
P14222	A0A0R8WGG0
P14222	E7F996
P14222	E7FA66
P14222	I3IS28
P14415	A0A8M9PKU7
P14415	Q90Z34
P14416	Q7T1A1
P14416	Q8AWE0
P14618	A0A8M2BA79
P14618	Q7ZVT2
P14653	O42366
P14653	Q90423
P14854	Q6DH63
P14854	Q7SXM1
P14866	A0A8M9PX80
P14866	A8KC22
P14866	Q7ZW09
P14920	A2BGT3
P14920	Q6NY97
P14920	Q6P009
P14923	A0A8M9PS81
P14923	Q9PVF7
P15104	Q7T2P7
P15104	Q7ZVF2
P15121	Q1JPZ2
P15121	Q6IQU1
P15144	A0A8M1QL77
P15144	A4FUN4
P15144	E7F123
P15863	A0A8N7TFV9
P15863	A1L2C3
P15924	A0A8M9P346
P15924	A0A8M9PQ61
P16066	A0A8M3AQN2
P16066	Q1LX84
P16112	A0A8M9P6I2
P16112	F1QDA1
P16118	A0A8M1RL50
P16118	A0A8M2B9A7
P16220	A0A8M2BF48
P16220	Q803K8
P16284	A0A8M9Q6P1
P16284	F1R1B9
P16401	A0A8M1PUI6
P16401	A0A8M1Q6T5
P16401	A0A8M1RLA4
P16401	A0A8M1RS22
P16401	A0A8M1RSM5
P16401	A0A8M2BG38
P16401	A0A8M2BI26
P16401	A0A8M3B3U9
P16401	A0A8M6YYI1
P16401	A0A8N7TAZ2
P16401	A0A8N7TF89
P16401	A0A8N7UY69
P16401	Q0P452
P16401	Q568D0
P16435	A0A8M1P8C5
P16435	Q499B1
P16615	A0A8M2B848
P16615	A0A8M2BEU8
P16949	Q1RLQ1
P16949	Q568Q7
P17096	Q08BD1
P17096	Q6NV11
P17252	A0A8M1NZE8
P17252	A0A8M3AR84
P17252	A0A8M9PM31
P17275	Q7T367
P17275	Q7T3E3
P17301	A0A8M9PTU0
P17301	F1QC06
P17483	O57374
P17483	P22574
P17509	P15861
P17509	Q9YGT4
P17540	A0A0R4IFJ7
P17540	A8E5J9
P17643	F1QEC9
P17643	Q6DGE4
P17661	A0A8M1PA74
P17661	Q05AI8
P17752	A2VCX5
P17752	Q6PBX4
P17812	A9JT21
P17812	Q6PEI7
P17858	A0A8M1P3T0
P17858	A0A8N7TBX7
P17931	F1R5H7
P17931	Q32PT4
P18065	B3F211
P18065	Q9PTH3
P18509	Q5XJ29
P18509	Q98TU3
P18669	A0A8M1PEA1
P18669	Q7SZR4
P18848	A0A8M2BJE3
P18848	A7MBV8
P18848	Q6NW59
P19237	A0A8N7TEP8
P19237	Q5PR62
P19256	A0A8M3AVN9
P19256	A0A8M9Q4S1
P19532	F1R1N1
P19532	Q561Z2
P19622	P09015
P19622	P31533
P19835	A0A8M9PQY7
P19835	Q7SXC0
P19883	Q2PMI4
P19883	Q9YHV4
P20155	A0A0R4IW50
P20155	A0A8M1NUY1
P20155	A0A8M1RFC4
P20155	A0A8M1RJ19
P20155	A0A8M1RJ21
P20155	A0A8M1RMG7
P20155	A0A8M1RMG9
P20155	A0A8M1RNT3
P20155	A0A8M1RSZ7
P20155	A0A8M2B3K0
P20155	A0A8M9QKV3
P20264	P56224
P20264	P79745
P20339	Q7ZUG4
P20339	Q7ZUW5
P20472	Q804W1
P20472	Q804W2
P20674	A0A8M1P7E4
P20674	Q4VBU7
P20774	B3DGR2
P20774	Q5BLC1
P20827	O93431
P20827	Q6PGZ9
P20839	Q5RGV1
P20839	Q6GMG5
P20849	B3DJC9
P20849	B8A4T6
P20941	A0A8M1N6T6
P20941	A0A8M1P6P2
P21145	A2VD46
P21145	F1QHP6
P21145	Q567J3
P21145	Q66ID0
P21549	Q6DG86
P21549	Q6PHK4
P21583	Q56JH5
P21583	Q56JH6
P21673	Q4V8U3
P21673	Q6GQM2
P21695	Q567A1
P21695	Q7T1E0
P21741	Q9DDG2
P21741	Q9W767
P21860	A0A8M2BD22
P21860	Q5G254
P21917	A0A8M1N4C0
P21917	Q32PM9
P21917	Q5DJ14
P21918	A0A8M1PZI1
P21918	A0A8M9PVG2
P21926	A0A8M2B5F8
P21926	A0A8M2BBY1
P21964	A4IG53
P21964	F4ZGF2
P21980	Q1ECX3
P21980	Q66L63
P22001	A0A8M2BLG6
P22001	A0A8M9Q783
P22676	Q6PC44
P22676	Q6PC56
P22735	A0A8M1Q6T7
P22735	A0A8M3ANY3
P22735	A0A8M3AV10
P22735	A0A8M3AVQ9
P22735	A0A8M9PX16
P22735	A0A8N7UVZ7
P22735	Q4V9H9
P22748	A0A8M1NSW5
P22748	A0A8M1RJF7
P22748	A9JSU9
P22914	E9QE97
P22914	Q5XTP1
P23297	A3KH13
P23297	Q503K9
P23434	Q5BJB5
P23434	Q6DGX4
P23469	A0A8M2B5P8
P23469	A0A8M9QJB7
P23511	A0A8M3B723
P23511	A0A8M9PR11
P23588	A0A8M1NDT4
P23588	A0A8M2BDG2
P23743	A0A8M2B985
P23743	A0A8M6Z984
P23759	C0M005
P23759	O57418
P23942	Q66HW7
P23942	Q6PBN3
P24347	A0A8M9Q3Z2
P24347	A0A8N7T826
P24522	A0A8M1PBG0
P24522	Q6GMM1
P24844	B3DKC6
P24844	F1QYK9
P24844	Q6NVA6
P24844	Q6PHJ8
P25092	A0A8M3AQ67
P25092	A0A8M9Q9D5
P25101	A0A8M1P7F8
P25101	B3DLG5
P25103	E9QCW0
P25103	I6UDB5
P25106	A0A8M2BEZ8
P25106	A4IG54
P25208	Q561X4
P25208	Q5CZV3
P25685	Q6DEJ4
P25685	Q7ZVY8
P25774	A0A8M3ATF0
P25774	Q502A6
P25787	B3DG31
P25787	Q4VBR8
P25963	F1QCG4
P25963	Q7ZW68
P26006	A0A8M6YWS7
P26006	D7PS99
P26022	A0A8N7UT96
P26022	A3KPN2
P26022	A3KPN4
P26038	A0A8M1P3G2
P26038	Q66I42
P26232	A0A8M2B6X9
P26232	B7ZC77
P26367	A0A0R4IQL7
P26367	P26630
P26368	A0A8M2B465
P26368	A0A8M3ASC8
P26572	A0A8M2B420
P26572	A3KQ03
P26599	F1QKG2
P26599	Q503D3
P27216	Q4VBH6
P27216	Q6PHG3
P27449	F1QSP4
P27449	Q6P041
P27487	B0R1C4
P27487	B5DDZ4
P27701	F1Q6P4
P27701	Q7T2E0
P27797	A0A8M1PCH6
P27797	Q6PE26
P27816	A0A8M2BA80
P27816	A0A8M2BII8
P27918	A0A8M1NF67
P27918	B0S697
P28329	A0A8M9Q9G1
P28329	B2ZGJ1
P28799	A0A8M3B8B0
P28799	F1R6I2
P28845	A0A2R8Q5R7
P28845	Q6PUF3
P29274	Q29ST5
P29274	Q29ST6
P29317	A0A8M2B920
P29317	Q6NZS1
P29323	A0A8M1P981
P29323	A0A8M1QKD8
P29371	F1R3V0
P29371	H6A6A7
P29373	A4VCG2
P29373	Q801Y4
P29459	A0A8M6Z2C4
P29459	A0A8M6Z3D3
P29460	A0A8M9PP85
P29460	A0A8M9PV11
P29460	Q6F3Q9
P29536	A0A8M1Q744
P29536	A0A8M9PRG4
P29692	A0A8M2B7W1
P29692	A0A8M6Z1P2
P29762	Q6IWJ1
P29762	Q7T0F4
P29972	B6CMI5
P29972	Q6NZ72
P30153	A5PMV7
P30153	Q642H5
P30301	Q4ZJI3
P30301	Q6DEI6
P30405	Q3B738
P30405	Q66ID2
P30519	A7MD59
P30519	E7F079
P30531	A0A8M1NAB5
P30531	Q5U3E5
P30542	A0A8M1NI73
P30542	A0A8M1PVE0
P30556	A0A8M6YVN7
P30556	E7FEQ8
P30559	E4W698
P30559	E4W699
P30679	A0A8M1RS61
P30679	F1QJL5
P30711	E7EZ94
P30711	Q6PH41
P30740	A0A8M1NYK4
P30740	Q5RIK7
P30740	Q6DG30
P30825	A0A2R8QFJ7
P30825	A0A8M6Z2B2
P30968	A3QJZ0
P30968	B9P4N3
P30968	B9P4N4
P30968	B9P4N5
P31153	A0A8M6YZ65
P31153	F1QYU7
P31213	A0A8M2B3D1
P31213	Q566Z4
P31271	P79724
P31271	Q1ECY2
P31271	Q6W990
P31275	A2BE68
P31275	Q9YGT0
P31276	Q6JIY4
P31276	Q6JIY5
P31641	A0A8M1NHB3
P31641	Q2VRP7
P31785	A0A8M3AGM8
P31785	A8WH93
P31937	Q6DC72
P31937	Q7SXJ4
P31946	Q5PRD0
P31946	Q7T356
P32238	A0A8M1NFU1
P32238	A0A8M6Z0C4
P32241	F1R383
P32241	F1R788
P32249	A5PLE7
P32249	B0UXR0
P32314	A0A8M1N4V2
P32314	A0A8M1RLE7
P32320	A0A8M1P5S0
P32320	Q6P0R4
P32754	Q6AZV8
P32754	Q6TGZ5
P32929	A0A8M1PHM3
P32929	Q68EI1
P33032	A3KGQ1
P33032	Q8JGW1
P33121	B8JK22
P33121	F1QDA6
P33176	A0A8M1RHK3
P33176	A0A8M2BJ79
P33316	A0A8M9PI68
P33316	Q5XJ23
P33947	Q6PEH1
P33947	Q6PH70
P34932	Q7ZU46
P34932	Q7ZUM5
P34969	A0A8M1RIZ1
P34969	A0A8M9PVG7
P34972	A0A8M6Z1G2
P34972	Q20HN0
P34981	A0A8N7TAU6
P34981	A0A8N7UYR9
P35052	F1QCC6
P35052	Q7T3D6
P35228	A2BIN8
P35228	A9JNR5
P35243	E7FBI7
P35243	Q4V8S2
P35270	A0A8M1N6P5
P35270	B3DJY2
P35318	A0A8M1P2W6
P35318	A0A8M9Q9S2
P35346	A0A8M9QBN7
P35346	Q6NV10
P35368	A0A8M1QKP8
P35368	Q5U3D9
P35414	A0T2N3
P35414	Q7SZP9
P35442	A0A8M3B7K3
P35442	F8W5Z7
P35499	Q20JQ7
P35499	Q2XVR3
P35520	A9JT04
P35520	Q5EI65
P35523	A0A8M9P896
P35523	F1Q5M3
P35716	Q9I9C7
P35716	Q9I9C8
P36269	A0A8M1REQ8
P36269	A0A8M2BET1
P36382	F1QL21
P36382	Q3S2N4
P36405	A0A2R8QI61
P36405	Q1MTE5
P36507	A9JRF0
P36507	Q1LY62
P36543	F1RDT4
P36543	Q8JHH4
P36544	A0A0G2L879
P36544	Q800C7
P36894	Q1RLX1
P36894	Q66HY1
P36896	A0A8M2B949
P36896	A0A8N7T733
P36969	A0A8M1N743
P36969	A0A8M1PAF3
P37288	E7FH20
P37288	F1Q5N3
P37802	A0A8M9QHD6
P37802	Q6TGT5
P38570	A0A8M1RMI4
P38570	X1WEX1
P38606	E7FCD8
P38606	Q7SY46
P39059	A0A8M3APP4
P39059	A0A8M9P6B2
P40121	A0A0R4IML0
P40121	X1WEC4
P40313	A0A8M6YTB3
P40313	Q66HW9
P40424	A0A8M9QFI5
P40424	Q9I9B7
P40879	B6DUH7
P40879	Q1RLN9
P40925	A0A8M1P861
P40925	Q7ZSY2
P40939	A3KMH5
P40939	A7YT47
P40967	Q1ECY0
P40967	Q1JQ71
P41143	A0A8M1PAZ1
P41143	B3DH72
P41161	A0A8M1P213
P41161	B0S6S7
P41217	A0A8M1RID7
P41217	A0A8M3AY03
P41217	Q5CZS6
P42166	Q503J3
P42166	Q5RGX4
P42261	E7F1V8
P42261	Q71E65
P42262	A0A8M2B3D3
P42262	A0A8M2BI34
P42574	A0A8M2BKT2
P42574	Q98UI8
P42658	A0A8M1NHZ0
P42658	A0A8M3AP34
P42658	E7F5R8
P42677	Q4VBV2
P42677	Q6PBT1
P43003	D7RVS0
P43003	Q6P4V2
P43121	A0A8M2B4F9
P43121	A0A8M3B2W5
P43155	A0JMN2
P43155	Q642H6
P43490	A0A8M1RH67
P43490	A0A8M3AKJ6
P43490	A0A8M9QE05
P43657	A0A8M2B891
P43657	Q08BG4
P43699	A8KB41
P43699	Q98TX4
P45378	A0A8M2BAI0
P45378	A8WGA6
P46059	A0A8M9QB23
P46059	Q7SYE4
P46060	A9JTA8
P46060	Q08BV5
P46094	A0A8M1PYN6
P46094	A0A8M1PYR9
P46094	A0A8M2BLE2
P46094	A0A8M9PRS6
P46379	A0A8M6YTY2
P46379	A3KPW9
P46379	Q7SZF4
P46597	A0A8M3B5X1
P46597	A3KNM1
P46777	Q6IQB1
P46777	Q7ZUI0
P46976	Q6IQP1
P46976	Q803Q1
P47712	A0A8M6YV03
P47712	P50392
P47736	A0A8M3ATN1
P47736	B1H1M1
P47804	Q567Y2
P47804	Q6DH22
P47870	A0A8M1N6N1
P47870	A0A8M2BKD0
P47874	Q4QRD6
P47874	Q8QGH5
P47898	A0A0R4IFY3
P47898	Q7ZZ32
P47972	A0A8M2BBR8
P47972	D2D0C0
P48039	A0A8M9PN98
P48039	P51046
P48048	A5PLA5
P48048	Q1L8I4
P48048	Q1L8I5
P48048	Q1L8I9
P48058	F1QBT6
P48058	Q71E59
P48061	Q6V9B5
P48061	Q8AV10
P48145	Q5VJN2
P48145	Q5VJN3
P48167	A0A8M9QB01
P48167	Q9DES8
P48201	Q7ZVE5
P48201	Q7ZYW7
P48454	A0A8M2B1V9
P48454	A0A8M2BJ63
P48539	A0A8M9P729
P48539	Q45NF8
P48547	E0R7P5
P48547	F1Q4T7
P48552	A0A8M2BGF6
P48552	F1QMY9
P48651	A0A8N7T7D0
P48651	Q803C9
P48764	A9XP97
P48764	A9XPA1
P48775	A7MBU6
P48775	Q7SY53
P48788	A0A8M2BA47
P48788	F1QCC0
P48788	Q5U3E9
P48788	Q6DHP2
P48788	Q6DHU6
P48960	A0A8M2B737
P48960	A0A8M2BIB9
P48960	A0A8M9PXQ7
P48960	R4GDT3
P49006	Q6NWH2
P49006	Q6PD99
P49146	A0A8M1P3R9
P49146	A0A8M1Q254
P49189	A0A8M9QDI6
P49189	Q7ZVB2
P49190	F1RBM7
P49190	Q9PWB7
P49326	Q5TZD3
P49326	Q7T1D7
P49588	A0A8M1N8X4
P49588	A0A8M2B5M3
P49589	A0A8M1NI72
P49589	A0A8M2BGP2
P49683	A0A8M9PI58
P49683	B1NYI1
P49683	Q4FE81
P49746	Q1L8P7
P49746	Q8JHW2
P49842	A0A0R4IK86
P49842	F1Q4X7
P49908	A0A8M1PAF5
P49908	Q98SV1
P50281	Q7T2J1
P50281	Q7T2J2
P50416	A0A8M1N9G1
P50416	A0A8M2BIG5
P50454	A8WFU6
P50454	F1QQ04
P50548	A0A8N7TBE5
P50548	B7ZVP1
P50616	Q7SZP8
P50616	Q7SZR1
P50895	A0A8M2B4H6
P50895	A0A8M6Z4U4
P50995	A0A8N7UZU9
P50995	Q804G3
P51178	A0A8M2BAJ8
P51178	A7MD68
P51511	A0A8M1QLV7
P51511	A0A8M9P9J4
P51513	Q1LYC7
P51513	X1WBB9
P51580	A0A8M1N0R6
P51580	Q504A5
P51580	Q5XJQ2
P51589	A0A8M1PZ56
P51589	Q5TZ75
P51589	Q5TZ85
P51589	Q5TZ86
P51589	Q5U3D5
P51589	Q7ZU60
P51589	Q803J0
P51674	Q6DI17
P51674	Q8UUT4
P51686	A0A8M9PE75
P51686	B0V1K7
P51787	A0A8M1NIC4
P51787	A0A8M2BDW5
P51788	A0A8M3AV81
P51788	F1Q5F4
P51795	A0A8M1QL99
P51795	A0A8N7TEL9
P52797	A0A8M1Q1X6
P52797	Q90YC5
P52799	O73874
P52799	Q90Z32
P52823	Q0P481
P52823	Q6PHV3
P52849	A0A8M9PU51
P52849	E7F995
P52943	F1QZB0
P52943	Q5XJK3
P53365	A0A8M2B217
P53365	A0A8M2B475
P53672	Q45FX9
P53672	Q6IQU2
P53674	A7E2K5
P53674	Q6DGZ8
P53778	O42376
P53778	Q5RHW0
P53801	E7FDD4
P53801	Q5XJ41
P53805	A0A8M9P730
P53805	Q6DC33
P53985	E7F7B3
P53985	Q7ZUL1
P54136	A0A8M6Z3L7
P54136	Q7ZVF4
P54284	A0A8M2B8T1
P54284	A0A8M9PL84
P54296	A0A8M1RPD2
P54296	E7EYE1
P54709	Q8QHI1
P54709	Q9DGI4
P54760	O73875
P54760	O73878
P54803	Q5SNX7
P54803	Q7ZUD5
P54821	A0A8M6YUR5
P54821	Q7T373
P54826	A0A8M2BL90
P54826	A0JML1
P54826	A9JRD9
P54852	E7F9B4
P54852	Q4V8V3
P55073	A0A3G0ZGD9
P55073	A0A8M1P485
P55075	O57341
P55075	Q805B2
P55085	A0A8M2B8I8
P55085	A1A5V5
P55212	A0A8M2BBK1
P55212	Q52KK6
P55344	Q1L960
P55344	Q5BKW4
P55347	A0A8N7TEV4
P55347	Q90VY7
P55769	Q7ZU93
P55769	Q7ZV23
P55809	Q08CC2
P55809	Q6AZB2
P55854	Q6DI05
P55854	Q6NV25
P56159	Q98TT8
P56159	Q98TT9
P56270	A0A8M1QH64
P56270	A0A8M1RLT3
P56385	A7YY99
P56385	Q08C42
P56559	Q561U6
P56559	Q6P5M7
P56706	A0A8M1QHC7
P56706	A0A8N7TDZ7
P56746	Q1RLW4
P56746	Q7T2E7
P56880	A0A8M9PF12
P56880	A0A8M9PT72
P57721	A0A8M9Q4K7
P57721	A4IGG5
P57727	A0A8M2BI86
P57727	A0A8M9QK25
P57735	F1Q9W8
P57735	Q1LVA5
P57737	A0A8M1RN75
P57737	Q4KMD0
P57773	Q6NYU5
P57773	Q9DF30
P57789	A0A8M2BH55
P57789	A3QJX1
P57796	A0A2R8QKE6
P57796	A0A8M9QIQ8
P58012	F1QJW8
P58012	Q1JPV2
P58215	B8A4W9
P58215	F1RD85
P58335	A4QP34
P58335	A6YIP9
P59544	Q2MHK8
P59544	Q58WW7
P59773	A0A8M9QLE1
P59773	F1QEA1
P60033	Q6AZB9
P60033	Q6PFU1
P60174	Q1MTI4
P60174	Q90XG0
P60228	Q1LUA8
P60228	Q6DRI1
P60660	A0A8M6Z3P2
P60660	F1QWU4
P60709	Q7ZVF9
P60709	Q7ZVI7
P60763	A9JRY8
P60763	Q6DGB7
P60842	Q7ZU67
P60842	Q802C9
P60900	Q6DGY8
P60900	Q7SXN6
P61073	Q7ZU02
P61073	Q9PTF7
P61088	Q7T3F3
P61088	Q803J2
P61160	Q56A35
P61160	Q7SXW6
P61586	Q6DHE8
P61586	Q7T2E8
P61619	Q90YL4
P61619	Q90ZM2
P61769	A0A8M1PNS3
P61769	Q04475
P61916	B3DFW4
P61916	Q9DGJ3
P61981	E7F354
P61981	Q6PC29
P62136	Q6NSN6
P62136	Q7ZVR3
P62191	Q6IQ72
P62191	Q7ZWD1
P62633	E7FCQ0
P62633	F1Q6Z5
P62760	F6NI63
P62760	Q5TZ35
P62834	E7FBI4
P62834	Q6IQP4
P62854	Q6P6E2
P62854	Q6PBZ2
P62861	F1RA98
P62861	Q6PC01
P62873	Q6PH57
P62873	Q803H5
P62955	A0A8M1Q7R1
P62955	A0A8M2B624
P63261	Q7ZVF9
P63261	Q7ZVI7
P68371	A0A8M1N7Z8
P68371	Q6P5M9
P78325	E7F6J8
P78325	Q7ZYZ9
P78344	A0A8M1N4J3
P78344	Q5KTT7
P78368	A0A8M2BIW9
P78368	Q0P446
P78508	A0A0G2KM96
P78508	E7FD27
P78524	A0A8M2BDS4
P78524	Q6DG80
P78556	A9ZPE0
P78556	B3DGM0
P78559	A0A8M1QUZ1
P78559	X1WDB0
P78563	A0A8M1P669
P78563	A0A8M9Q590
P80303	Q7ZUS2
P80303	Q7ZUY4
P83110	A0A8M9QDF7
P83110	Q6DBR1
P83916	F1QM86
P83916	Q6IQ71
P84085	Q6P5M5
P84085	Q7ZUW4
P84101	A0A8M1NT34
P84101	F1Q4L4
P84550	B3DIV1
P84550	Q1LXZ9
Q00325	A0A8M2BBW5
Q00325	Q7ZV45
Q00577	A0A0R4I9N0
Q00577	Q6JIZ2
Q00587	A0A8M1P8I7
Q00587	A0A8M2B274
Q00839	E7F3J2
Q00839	Q5RHQ7
Q00973	A0A8M2BDH6
Q00973	A1L229
Q00975	A0A8M3ASG9
Q00975	A0A8M9PQZ4
Q01101	Q6P0F9
Q01101	Q7T3H2
Q01130	Q6NZT9
Q01130	Q7ZV13
Q01432	A0A8M3BBF1
Q01432	Q1LYD7
Q01433	A0A8M1REB8
Q01433	A0A8M3AV69
Q01538	A0A8M3AYN3
Q01538	A0A8M6YW04
Q01813	A0A8M2B9C5
Q01813	A0A8M9PAY2
Q01844	A0A8M9P7K0
Q01844	A0A8M9QJW4
Q01844	Q4QRG0
Q01995	A0A8M9QHD6
Q01995	Q6TGT5
Q02156	A0A8M2B2B8
Q02156	B8A467
Q02218	A0A8M1PZ74
Q02218	A0A8M2BJT5
Q02318	B0UYB4
Q02318	E9QG08
Q02318	E9QJ06
Q02318	F1Q7H1
Q02318	F1QAE0
Q02763	A0A8M3ARU2
Q02763	O73791
Q02962	O93370
Q02962	Q90268
Q03111	A0A8M2BIJ1
Q03111	A0A8M3AV46
Q03154	A0A8M1QLL8
Q03154	A0A8M3ANA5
Q03169	A0A8M2B7A4
Q03169	F1RDH8
Q03181	A9C4A5
Q03181	F8W3D2
Q03519	E7F2I0
Q03519	Q801W2
Q04446	A0A8M1RDT8
Q04446	A0A8M3AIA9
Q04726	O13166
Q04726	O13168
Q04844	A2BG85
Q04844	E7F9V1
Q04912	A0A8M2BDJ7
Q04912	A0A8M9QI71
Q05586	A0A8M1NPN1
Q05586	A0A8M2B7Z4
Q05655	A0A8M9QDJ7
Q05655	Q7ZUC5
Q05901	Q7ZZP6
Q05901	Q8AV68
Q05DH4	A0A286YBG1
Q05DH4	A0A8M9PRC5
Q06278	F1Q5R8
Q06278	M1ZMM0
Q06432	A0A8N7T8E5
Q06432	Q803X9
Q06828	A0A8M1PS86
Q06828	Q4V9E0
Q07011	A0A8M1P3D0
Q07011	A0A8M3AVK5
Q07157	A0A8M3BB23
Q07157	A0A8M9PHF8
Q07352	A0A8M1NB74
Q07352	Q6P3H0
Q07687	P50574
Q07687	Q98876
Q07699	B3F0A3
Q07699	Q06W32
Q07812	A0A8M1P3H9
Q07812	Q9I9N4
Q07820	Q568W5
Q07820	Q9I9N3
Q07954	A0A8M9PTJ2
Q07954	A0A8M9QD95
Q08043	Q7SYD3
Q08043	Q8AX99
Q08116	A0A8M1PU34
Q08116	A3KP92
Q08117	Q7T289
Q08117	Q9PTS6
Q08174	A0A8M3AI27
Q08174	F6NJQ3
Q08209	A0A8M1NVA3
Q08209	A0A8M3BEY4
Q08380	Q24JV9
Q08380	Q566T6
Q08380	Q6NY73
Q08462	A0A8M2BHB8
Q08462	A0A8N7TBA8
Q08945	A0A8M1PHY6
Q08945	A0A8M9PMB1
Q08AD1	A0A8M3AXI9
Q08AD1	A0A8M3B5I3
Q08AE8	A0A8M3AVM7
Q08AE8	A0A8M9NZX8
Q09428	A0A8M9P1K6
Q09428	F1QMZ9
Q09470	E7FEJ3
Q09470	E7FFE9
Q09472	A0A8M3AQU5
Q09472	A0A8M3BE71
Q0D2I5	A0A8M2B4X3
Q0D2I5	A0A8N7TB37
Q0VAF6	A0A8M6YUK1
Q0VAF6	E7F4D5
Q0VAF6	E7FFZ6
Q0VAK6	A0A2R8QDE5
Q0VAK6	E7F7X0
Q10587	A0A8M2B278
Q10587	Q502I5
Q11130	A0A8M9Q443
Q11130	Q32WF4
Q11203	A0A8M9PLX6
Q11203	A0A8M9Q7C0
Q12778	A3RK74
Q12778	A3RK75
Q12797	A0A8M2BAF4
Q12797	A0A8M3B1J7
Q12802	A0A8M3AWE0
Q12802	A0A8M9PPF1
Q12841	Q2PMI2
Q12841	Q567W5
Q12851	A0A8M2B8G6
Q12851	Q1RLZ2
Q12882	A0A8M6YVM7
Q12882	Q6NYG8
Q12891	A0A8M3ATS4
Q12891	A0A8N7TES9
Q12906	A0A8M2BB13
Q12906	Q6NXA4
Q12912	A0A8M9QBC0
Q12912	Q5RHB5
Q12947	A0A8M1RJD4
Q12947	A4IGF4
Q12948	Q9DE24
Q12948	Q9DE25
Q12951	A3KNJ3
Q12951	Q7T1C0
Q12967	A0A8M2BF59
Q12967	A0A8M3AL55
Q12967	A0A8M3BBA7
Q12981	A0A0R4IG59
Q12981	A0A2R8Q2W9
Q12981	E9QBD8
Q13009	A0A8M3AQ65
Q13009	E7FBR4
Q13148	A0A8M9PSZ1
Q13148	Q802C7
Q13151	F1QS28
Q13151	Q6NYW8
Q13151	Q7ZU48
Q13177	Q4V9B9
Q13177	Q6DG42
Q13190	A0A8M1PD64
Q13190	Q6DG84
Q13207	A0A8M2BCU2
Q13207	Q7ZTU9
Q13219	A0A8M3ASU7
Q13219	M1XYM1
Q13224	A0A8M1NH89
Q13224	A0A8M9Q0I1
Q13253	Q9W741
Q13253	Q9YHV3
Q13275	A0A2R8Q5T8
Q13275	F1QPG9
Q13303	A0A8M2B970
Q13303	A0A8M9QM51
Q13322	A0A8M9P869
Q13322	Q68EG5
Q13368	A0A8M6Z3K2
Q13368	A0A8M9PTM0
Q13393	A0A8M9PGG2
Q13393	B0V1J1
Q13409	A0A8M3B334
Q13409	E7F6H7
Q13445	A1L273
Q13445	Q6DBT1
Q13491	Q5CZM4
Q13491	Q8UUT0
Q13492	A0A8M6Z9M1
Q13492	A0A8M9Q5T5
Q13505	A2THY5
Q13505	Q5RKQ2
Q13506	A0A8M1NIJ0
Q13506	A0A8M3AM67
Q13510	Q5XJR7
Q13510	Q6PH71
Q13523	B0V1K6
Q13523	Q7ZUL4
Q13555	A0A8M2B2E6
Q13555	A0A8M9QK76
Q13574	A0A8M1RN59
Q13574	A0A8M9Q2N7
Q13586	A0A8M2B879
Q13586	A0A8M2BKP3
Q13609	A0A8M1PNY3
Q13609	Q6DH05
Q13613	A0A8M3B3Y3
Q13613	Q58EE0
Q13630	B0S7C9
Q13630	Q5SPD5
Q13630	Q6DC41
Q13642	F1Q7A2
Q13642	Q6GQL7
Q13643	A0A8M1NDX6
Q13643	E7EZP9
Q13671	A0A8M2BDW1
Q13671	A0A8N7TEJ2
Q13698	A0A8M2BFL7
Q13698	Q6RKB0
Q13740	F1QE54
Q13740	Q90460
Q13751	A0A8M2BLN7
Q13751	A0A8N7UVR1
Q13796	A0A8M6YZQ7
Q13796	E7F501
Q13813	A0A8M9PQF2
Q13813	A3FG33
Q13835	A0A8M9P5B3
Q13835	E7FBR0
Q13882	A0A8N7TED1
Q13882	Q08BY6
Q13905	A0A8M2BED2
Q13905	A0A8M9PTQ9
Q13950	A0A8M1PMM2
Q13950	Q6U1J2
Q13976	A0A8M2B3F1
Q13976	A0A8M3AY19
Q14012	A0A8M9QHV1
Q14012	A0A8N7UVK7
Q14119	E7F042
Q14119	Q0P433
Q14123	A0A8M6YUN9
Q14123	A0A8M9PY25
Q14152	A0A8M2B2X2
Q14152	Q6PCR7
Q14155	A0A8M6Z5N5
Q14155	A0A8M9Q4K4
Q14184	A0A140LH42
Q14184	A0A8M6YYK0
Q14192	B0V234
Q14192	Q6AZB7
Q14254	Q6PFT0
Q14254	Q98TZ8
Q14289	A0A8M2B5G2
Q14289	Q7T2P8
Q14324	A0A0R4IGP9
Q14324	A0A8M1N4T5
Q14444	E7FDQ5
Q14444	Q802U4
Q14498	Q58ER0
Q14498	Q803H1
Q14596	A0A8M1QKU5
Q14596	A0A8M9Q884
Q14642	A0A8M9PYV7
Q14642	A0A8M9QG68
Q14683	A0A8M1NUL7
Q14683	Q6DRM9
Q14696	A0A8M9PP56
Q14696	A1L243
Q14697	A0A8M3AI40
Q14697	A0A8M3BA22
Q14790	A0A2U9DQL0
Q14790	A0A8M2BD46
Q14839	A0A8M9PRM2
Q14839	F1RBT2
Q14914	A0A8M2BJR2
Q14914	Q5PRB9
Q14957	E7FGL8
Q14957	E7FH62
Q14966	A0A0R4IZ89
Q14966	A0A8M9QHK5
Q14997	F1QFR9
Q14997	F1R2X6
Q15018	A0A8M3AJY3
Q15018	Q6NWD2
Q15063	A0A0R4IS83
Q15063	A0A8M1RKG7
Q15113	B3DJG2
Q15113	Q1ECX8
Q15149	A0A8M9PDC8
Q15149	A0A8M9PRN8
Q15181	Q568N9
Q15181	Q6PC11
Q15223	A0A8M2B8A6
Q15223	B0JYH6
Q15303	A0A8M3BCL4
Q15303	A0A8M9Q7Y5
Q15303	B8LFF6
Q15361	A0A8M2BGJ0
Q15361	A0A8M6YYK8
Q15361	A0A8M6Z0Y0
Q15361	A0A8M9Q4X7
Q15361	F1Q786
Q15417	Q32PU2
Q15417	Q7T303
Q15434	E7F112
Q15434	Q6DGB5
Q15438	A0A8M2BHC1
Q15438	A0A8M6Z459
Q15465	Q90419
Q15465	Q92008
Q15654	A0A2R8PVS7
Q15654	A0A8M2BJI7
Q15717	A0A8M2BIL8
Q15717	A0A8N7UZD7
Q15722	A0A0A8JWS4
Q15722	A0A8M1P208
Q15722	A0A8M6Z1F9
Q15735	A0A8M1RLT2
Q15735	A0A8M3AWI3
Q15822	F1R808
Q15822	Q1RLX8
Q15843	A0A8M1PFY0
Q15843	Q6DGU4
Q15904	A2AR67
Q15904	F1R9A7
Q15906	A0A8M1NDH2
Q15906	A0A8M3AJ70
Q16280	A0A8M3AZJ6
Q16280	Q0GFG2
Q16288	A0A8M1P2M2
Q16288	A0A8M1RHB8
Q16322	A0A8M1RS50
Q16322	A0A8N7T815
Q16352	A0A8N1TT67
Q16352	A0A8N7UZF7
Q16394	Q5IGR7
Q16394	Q5IGR8
Q16478	A0A8M1P3L5
Q16478	A0A8M6YU34
Q16518	A9C3R8
Q16518	A9C3R9
Q16518	Q6PBW5
Q16526	A4QN37
Q16526	Q7ZU27
Q16537	Q7ZUQ2
Q16537	Q8AXX6
Q16539	Q9DGE1
Q16539	Q9DGE2
Q16555	A0A8M1RM42
Q16555	A0A8M2B1U6
Q16563	A0A8M1RDF9
Q16563	A0A8M6Z851
Q16563	F1Q7F9
Q16568	F1QZX9
Q16568	Q568S2
Q16572	P59845
Q16572	Q08C75
Q16613	Q6V7J8
Q16613	Q9PVD7
Q16620	A0A8M1NUU1
Q16620	A0A8M3AVL1
Q16635	A0A8M3AV28
Q16635	F1QCP6
Q16720	A0A8M2BEB4
Q16720	A0A8M9PWI4
Q16774	A0A8M1P7T4
Q16774	Q6PC32
Q16799	A0A8M1P3N9
Q16799	Q4G5V7
Q16816	A0A8M3AWT9
Q16816	A0JME5
Q16849	A0A8M2BD60
Q16849	F1R8X1
Q16851	A0A8M1P748
Q16851	A0A8M2B230
Q16877	A0A8M2BDC1
Q16877	Q32LS8
Q17R89	A0A8M9Q151
Q17R89	A0A8M9QN52
Q17RC7	A0A0R4IIR8
Q17RC7	A0A8M1NSX5
Q17RW2	A0MSJ1
Q17RW2	C7DZK3
Q24JQ0	A0A8M3ANS5
Q24JQ0	A0A8M3B218
Q2KHR2	A0A8M1RJN6
Q2KHR2	A0A8N7UT00
Q2M1K9	A0A2U3TVM2
Q2M1K9	A1L1R6
Q2M2I8	A0A8M2BFD5
Q2M2I8	A0A8M3B6K5
Q2M385	A0A8M1NIM6
Q2M385	A0A8M9PY53
Q2M385	Q503Q0
Q2M385	Q7SXE0
Q2M3D2	A0A8M3B147
Q2M3D2	A0A8N7TEH3
Q2M5E4	A0A8M1PU34
Q2M5E4	A3KP92
Q2TBA0	B3DIV9
Q2TBA0	E9QJ30
Q2TBE0	A0A8M9PIF7
Q2TBE0	Q3LSS0
Q2UY09	A0A060Q6E4
Q2UY09	C0H5W1
Q2UY09	F1QAB3
Q2WGJ6	A0A8N7UVW2
Q2WGJ6	Q1LYM6
Q32ZL2	A0A8M1NHY4
Q32ZL2	A0A8M9PX92
Q3B726	A0A8M6Z2B1
Q3B726	Q6PHG8
Q3KNS1	A0A8M1RMZ0
Q3KNS1	A0A8M1RPB3
Q3KNS1	A0A8M9PJT4
Q3KP66	A0A8M9Q2R6
Q3KP66	A0JML5
Q3KQU3	A0A8M2BL29
Q3KQU3	A0A8M9PD59
Q3KR37	A0A8M9PMT0
Q3KR37	A0A8M9Q6Q6
Q3MHD2	Q6NSN1
Q3MHD2	Q6PBA2
Q3SX64	B3DI43
Q3SX64	Q568P2
Q3SXP7	A0A8M1RLI0
Q3SXP7	Q1RMB5
Q460N5	A0A8M6Z0S6
Q460N5	A0A8M9PLM0
Q460N5	A0A8M9Q393
Q460N5	A0A8N1YZD3
Q496H8	B3DFT1
Q496H8	F1QK42
Q496J9	A0A8M2BCG9
Q496J9	A2CF25
Q49A88	A0A8M3AT55
Q49A88	A0A8M9PXX3
Q49AM3	A0A8M2BHD5
Q49AM3	A0A8M9QFE8
Q4G0F5	Q6DH23
Q4G0F5	Q7ZV03
Q4G176	A0A2R8QA86
Q4G176	A0A2R8QFY7
Q4G176	E7F2S8
Q4U2R8	A0A8M1PHF9
Q4U2R8	A0A8M6Z3Y7
Q4U2R8	Q6NYN7
Q4VC12	A0A8M1RTK8
Q4VC12	A0A8M9P6A2
Q52LW3	A0A8M2BAB9
Q52LW3	A0A8N7TE50
Q52LW3	Q6PCS4
Q53EL9	A0A8M1QL49
Q53EL9	A0A8M2B3S8
Q53EU6	A3KGT9
Q53EU6	Q6DG38
Q53EZ4	A0A8M2B241
Q53EZ4	Q502I3
Q53FP2	A0A8M1N4V6
Q53FP2	Q58EL2
Q53GQ0	Q6P3L6
Q53GQ0	Q6QA33
Q53LP3	A0A0R4IS55
Q53LP3	A0A8M3AQY4
Q53SF7	A0A8M2BD63
Q53SF7	A0A8M6Z2T6
Q58EX2	A0A8M3BEB8
Q58EX2	A0A8M9PJI8
Q59EK9	A0A8M1QLJ8
Q59EK9	A7YDW0
Q5BKX8	A1L260
Q5BKX8	Q5PQY9
Q5D1E8	A0A8M1NUF4
Q5D1E8	A0A8M9P842
Q5FWE3	A0A8M2BJR3
Q5FWE3	A0A8M3BDM1
Q5FWE3	A0A8M9QLX5
Q5FYB1	A0A8M1RKM2
Q5FYB1	A0A8N7T651
Q5GH73	A0A8M1N402
Q5GH73	A0A8M6YVQ0
Q5JPI9	A0A8M9PNQ1
Q5JPI9	Q5D013
Q5JR59	A0A8M9P716
Q5JR59	E7F246
Q5R3F8	A0A8M2BBL4
Q5R3F8	A0A8M6YV52
Q5SQS7	A0A8M1RKL1
Q5SQS7	A0A8M9QES0
Q5SV97	A0A8M9PTI2
Q5SV97	B5DE32
Q5SW79	A0A8M3AT34
Q5SW79	A0A8M3AYY4
Q5SXH7	A0A8M2B2A9
Q5SXH7	A0A8M2B2X9
Q5SXH7	A1L1V3
Q5SXH7	A8WG23
Q5SXH7	Q08BD5
Q5SYE7	A0A8M2B5S1
Q5SYE7	E7EXR7
Q5SZJ8	A0A8M9PMF0
Q5SZJ8	A0A8M9PQD1
Q5SZK8	B6IDE7
Q5SZK8	B6IDE8
Q5SZK8	D7PS91
Q5SZQ8	A0A8M9PGK3
Q5SZQ8	Q9IBD1
Q5T0B9	A0JMM0
Q5T0B9	A3KNX0
Q5T1H1	A0A8M3AZD3
Q5T1H1	B8JI71
Q5T2S8	A0A8M9QMY0
Q5T2S8	E7FB07
Q5T2T1	A0A8M9PW28
Q5T2T1	Q6P0D7
Q5T4W7	A0A8M2BAD5
Q5T4W7	A0A8M2BHZ9
Q5T5P2	A0A8M6YVS1
Q5T5P2	A0A8M9PM53
Q5T6C5	A0A8M1N0T8
Q5T6C5	A0A8M2BK86
Q5T7M9	A0A8M1PZ72
Q5T7M9	Q1RLQ5
Q5T7P8	A0A8M6YXX1
Q5T7P8	A0A8M9Q848
Q5T848	A0A8M2B9E5
Q5T848	A0A8N7UV94
Q5TA89	Q6TA36
Q5TA89	Q7T3J0
Q5TAA0	A0A2R8QA06
Q5TAA0	F1QV38
Q5TC63	Q566X0
Q5TC63	Q6PBU5
Q5TCQ9	A0A8M2B9B8
Q5TCQ9	A0A8M6YYZ5
Q5TCY1	A0A8M3BDS7
Q5TCY1	A0A8M6YTB4
Q5TF58	A0A8M2B974
Q5TF58	A0A8M9Q7X1
Q5TGI0	A0A8N7TB71
Q5TGI0	E7FFZ1
Q5UE93	A0A8M3AQJ0
Q5UE93	A0A8M3B0F5
Q5VT25	A0A8M9P0C3
Q5VT25	A0A8M9PPH2
Q5VT40	B0V2R6
Q5VT40	E7EZK7
Q5VT99	A0A2R8QU37
Q5VT99	A0A8M9QDP0
Q5VT99	F1Q7W4
Q5VTL7	A0A8M9P1R3
Q5VTL7	A0A8M9P5Q3
Q5VV67	A0A8M1P1P0
Q5VV67	A0A8M9PVT8
Q5VVW2	A0A8M3ASH8
Q5VVW2	A5PF44
Q5VWQ8	A0A8M6YZX5
Q5VWQ8	A5PF31
Q5VX52	A0A8M9PTA3
Q5VX52	A0A8M9QDH6
Q5VZ46	A0A8M3AN32
Q5VZ46	A0A8M9PJP1
Q5VZL5	A0A8M1N9D6
Q5VZL5	A0A8M2B6F4
Q5VZL5	F1R7N4
Q5VZV1	A0A8M3AWP4
Q5VZV1	A9JRB6
Q63HM2	A0A8M3BEN9
Q63HM2	A2RUW7
Q63HR2	A0A8M1QLC1
Q63HR2	A0A8M9PKG9
Q66K66	A0A8N7TBA0
Q66K66	Q498W5
Q68BL7	A0A8M1NGU7
Q68BL7	A0A8M1RLE1
Q68CJ6	A0A8M2B615
Q68CJ6	A0A8M3AKS8
Q68CJ6	A0A8M6Z2J7
Q68CJ6	F1QZV6
Q68CJ6	Q1L8Q6
Q68DA7	A0A8M1QHL6
Q68DA7	A0A8N7UUW0
Q68DD2	A0A8M9P9G8
Q68DD2	A0A8M9P9U1
Q68DX3	A0A8M3AZ90
Q68DX3	A0A8M9QEI0
Q68EM7	A0A8M3AXW1
Q68EM7	F1R7M1
Q695T7	A0A8M1RKV4
Q695T7	A5D6R9
Q695T7	Q6PBA3
Q69YG0	A0A8M1RRJ1
Q69YG0	A0A8M1RT79
Q69YW2	A0A8M2B7P8
Q69YW2	Q5TYP8
Q6EMK4	A4QNV9
Q6EMK4	A8DZ86
Q6GMR7	Q05AM4
Q6GMR7	Q6DH69
Q6GTS8	Q08BB2
Q6GTS8	Q32LT9
Q6HA08	A0A8M1PHD0
Q6HA08	A0A8M1PZM4
Q6HA08	A0A8M3AVT9
Q6HA08	A4VCG4
Q6HA08	Q14TH1
Q6HA08	Q1LW01
Q6HA08	Q4QRC8
Q6HA08	Q5BKW6
Q6IC98	A0A8M2BA25
Q6IC98	A0A8M3B930
Q6IPR1	A3KNJ8
Q6IPR1	Q503U1
Q6IQ16	A0JMG1
Q6IQ16	Q5BL35
Q6IQ19	A0A8M2B3H0
Q6IQ19	Q6P3G4
Q6IQ23	A0A8M9PKP6
Q6IQ23	B6RSP1
Q6IQ32	A0JMC9
Q6IQ32	A4QP16
Q6J9G0	A0A8M2B634
Q6J9G0	E9QCV8
Q6JBY9	Q0P484
Q6JBY9	Q0P4B6
Q6JEL2	A0A8M9P9T9
Q6JEL2	A0A8M9PNX9
Q6KF10	A8E7N9
Q6KF10	P85857
Q6MZM0	A0A8M9QCU6
Q6MZM0	X1WD76
Q6MZT1	Q08BU8
Q6MZT1	Q4V9P3
Q6NSJ0	A0A8M9Q4T9
Q6NSJ0	E7F1U0
Q6NT76	A0A8M2BH68
Q6NT76	A0A8M2BL53
Q6NUI6	E7EXH9
Q6NUI6	F1Q881
Q6NUK4	Q2YDS2
Q6NUK4	Q7ZVX5
Q6NUM9	A0JMQ8
Q6NUM9	Q5BLE8
Q6NUT3	A0A8M9PZC8
Q6NUT3	F1R9L4
Q6NV74	A0A8M2B6Z7
Q6NV74	A0A8M2BEX9
Q6NV74	Q6PCR1
Q6NXR0	A0A8M1P8B8
Q6NXR0	A0A8M1PUM3
Q6NXR0	A0A8M6YUN5
Q6NXR0	A0A8M9PSD7
Q6P158	A0A2R8Q3V8
Q6P158	F1QCB1
Q6P1K1	Q6ZM28
Q6P1K1	Q7T3B2
Q6P3W7	A0A8M3AYU4
Q6P3W7	Q1L881
Q6P4A8	A0A8M1Q152
Q6P4A8	B3DJ80
Q6P589	Q1ECV8
Q6P589	Q7T364
Q6P5Q4	A0A8M2BAA0
Q6P5Q4	F1Q5L7
Q6P5S2	A5PF61
Q6P5S2	Q4QRF7
Q6P5S7	Q0P442
Q6P5S7	Q0P467
Q6P9B6	A0A8M9P137
Q6P9B6	Q1LWV7
Q6PCB7	Q08BF2
Q6PCB7	Q5BL26
Q6PEY1	E7F115
Q6PEY1	Q6P0G3
Q6PIU2	A0A8M1Q1F6
Q6PIU2	Q6DKF1
Q6PIY7	A0A8M9PK41
Q6PIY7	Q503I9
Q6Q0C1	A4QNX2
Q6Q0C1	Q1ECW7
Q6R327	A0A8M3B4Q4
Q6R327	A0A8M9QEG1
Q6SPF0	A0A8M1P2M5
Q6SPF0	A0A8M2BB29
Q6STE5	A0A8M2BAQ8
Q6STE5	A0A8M9Q1P6
Q6T4P5	A0A8M1NT41
Q6T4P5	A0A8N7TEN8
Q6T4R5	A0A8M9PLD5
Q6T4R5	A0A8M9PVJ7
Q6TFL3	A0A8M1PZ12
Q6TFL3	A0A8M1RMK7
Q6UN15	A0A8M3AYF7
Q6UN15	Q5XJD3
Q6UW68	A0A8N7UVB6
Q6UW68	A1L2F6
Q6UWM7	A0A286Y8V0
Q6UWM7	A0A8M9QBT7
Q6UWV6	F6NXI2
Q6UWV6	F6PAL8
Q6UWW0	Q0D282
Q6UWW0	Q0P4C2
Q6UWW0	Q8QGV5
Q6UWZ7	A0A8M9PTT5
Q6UWZ7	Q1LVP6
Q6UX06	A0A8M9PF31
Q6UX06	A0A8M9Q2M7
Q6UX07	Q5U3E7
Q6UX07	Q5U3R4
Q6UX07	Q66IF0
Q6UX07	Q6P001
Q6UX65	A0A8M1PRT0
Q6UX65	F1R7U0
Q6UX68	A0A8M6Z2G9
Q6UX68	Q5GH41
Q6UXI9	A0A8M3B3H9
Q6UXI9	B8A5G4
Q6UXT8	A0A8M2BEE7
Q6UXT8	F8W2C9
Q6UXY1	A0A8M9Q8N0
Q6UXY1	Q1LWE6
Q6UXZ4	A0A8M1P4P1
Q6UXZ4	A0A8M1PSM1
Q6VY07	A0A8M2BJG8
Q6VY07	A0A8M6Z5I7
Q6VY07	A0A8M2BJG8
Q6VY07	A5PKS9
Q6WKZ4	A0A8M1RF48
Q6WKZ4	A0A8M2BBC4
Q6X4W1	A0A8M3ALC9
Q6X4W1	B8PYG1
Q6YP21	A0A8M1PEC5
Q6YP21	A0A8M3B0G1
Q6YP21	A0A8N7TFT2
Q6YP21	Q7T3E5
Q6ZMQ8	A0A8M1Q7U4
Q6ZMQ8	A0A8M9Q963
Q6ZMT4	P0CF52
Q6ZMT4	Q5RHD1
Q6ZRR5	A0A8M1NZ90
Q6ZRR5	Q1LXV8
Q6ZRV2	A0A8M2B6N0
Q6ZRV2	F1R9L2
Q6ZRV2	Q1LVV0
Q6ZRY4	Q6DH13
Q6ZRY4	Q7ZUL7
Q6ZS17	A0A8M9PM75
Q6ZS17	Q1LXK2
Q6ZSG2	A0A286Y931
Q6ZSG2	A0A286YAW5
Q6ZSJ9	A0A2R8RZ78
Q6ZSJ9	A0A8M1RMZ7
Q6ZU65	A7MD64
Q6ZU65	I3ISA2
Q6ZU80	A0A8M6YV00
Q6ZU80	A4QNW2
Q6ZUK4	A0A8M1Q715
Q6ZUK4	A8WG84
Q6ZUM4	A0A8M2B2D3
Q6ZUM4	E7F1R9
Q6ZUT3	A0A8M2BL62
Q6ZUT3	A0A8M9PJK0
Q6ZUX7	Q568B9
Q6ZUX7	Q6P0C6
Q6ZVH7	A0A8M6Z259
Q6ZVH7	A0A8M9Q6U8
Q6ZVK1	E7EYU1
Q6ZVK1	Q6AZD1
Q6ZVM7	A0A8M3AR96
Q6ZVM7	E7FC90
Q6ZWE6	B0UYC9
Q6ZWE6	F1R282
Q6ZWL3	A0JMN1
Q6ZWL3	A0JMQ6
Q6ZWT7	A0A0R4IJL5
Q6ZWT7	F6NQA9
Q702N8	F8W4U4
Q702N8	Q5PZ43
Q70CQ3	A0A8M6YWZ3
Q70CQ3	A2BGT0
Q70E73	A0A8M3AQ39
Q70E73	A0A8N7UQQ7
Q70EL1	A0A140LGR1
Q70EL1	A0A8M3B4R1
Q70EL4	A0A8M1QQP5
Q70EL4	A0A8M3ATB5
Q70IA6	A0A8M2BHZ0
Q70IA6	A0A8M2BKY9
Q711Q0	A0A8M2B3A7
Q711Q0	A0A8M2BKQ6
Q71H61	A0A8M2BFX8
Q71H61	A0A8M9Q2M1
Q71RC2	A0A8M3AYK9
Q71RC2	A0A8M6YZR7
Q71RH2	A0A8M2BBE5
Q71RH2	E7FG14
Q71RH2	Q6PBV7
Q75N03	A0A8M1P6L1
Q75N03	A0A8M2BAD1
Q75V66	A0A8M2BGR8
Q75V66	A0A8M9P700
Q765P7	A0A8M2BHP3
Q765P7	A0A8M6Z7D0
Q76G19	A0A8M1PV03
Q76G19	A0A8M3B4W0
Q76I76	A0A8M2B4L4
Q76I76	A0A8M3AX49
Q76KP1	A0A8N7UQU9
Q76KP1	E7F204
Q7KZI7	A0A8M3B4V1
Q7KZI7	A0A8M3BAY8
Q7L1V2	A0A8M9QE07
Q7L1V2	E7EY38
Q7L2J0	A3KQ55
Q7L2J0	F1R4M0
Q7L7V1	A0A8M1NYY8
Q7L7V1	A0A8N7T6R8
Q7L8J4	A0A8N7TAP6
Q7L8J4	Q6PFU6
Q7LDG7	A0A8M3AUT3
Q7LDG7	A0A8N7TAP0
Q7LFL8	A0A8M3AX14
Q7LFL8	A0A8M9PZH1
Q7LGC8	A8WFU7
Q7LGC8	B8A5X2
Q7RTU7	A0A8M1NCA2
Q7RTU7	A0A8N7T827
Q7RTW8	A0A8M6Z1A9
Q7RTW8	E7EXK7
Q7RTY1	Q6DBW3
Q7RTY1	Q7T2B4
Q7Z2Y8	A0A8M1PT33
Q7Z2Y8	A0A8M2BLS2
Q7Z2Y8	A0A8M2BLY7
Q7Z2Y8	A0A8M3B5R2
Q7Z2Y8	A0A8M9P1V9
Q7Z2Y8	A0A8M9P8F0
Q7Z2Y8	A0A8M9PQC7
Q7Z2Y8	A0A8M9PRW0
Q7Z2Y8	A0A8M9PTV9
Q7Z2Y8	A0A8M9PZW1
Q7Z2Y8	A0A8M9PZW6
Q7Z2Y8	A0A8M9Q306
Q7Z2Y8	A0A8M9Q5N0
Q7Z2Y8	A0A8M9Q5N6
Q7Z3B3	A0A8N7TF07
Q7Z3B3	F1QUH6
Q7Z3E2	A0A2R8PZL9
Q7Z3E2	E7F2H4
Q7Z3K6	A0A8M2BE82
Q7Z3K6	F1Q9V8
Q7Z3Q1	A0A8M3AWN8
Q7Z3Q1	A0A8M3AWS9
Q7Z3S7	A0A8M3AZP4
Q7Z3S7	A0A8M9QBV8
Q7Z407	A0A8M9PNC7
Q7Z407	A0A8M9PNP5
Q7Z4H4	A0A8M3B2S0
Q7Z4H4	B3DJI5
Q7Z4K8	A0A8M3B3B7
Q7Z4K8	E7F8R6
Q7Z4V5	A0A8M3AN22
Q7Z4V5	Q5XXA7
Q7Z5A9	A0A8M2B8Z7
Q7Z5A9	A0A8M3B3Z9
Q7Z5H3	A0A8N7UVV5
Q7Z5H3	E7F065
Q7Z5J1	A0A2R8Q5R7
Q7Z5J1	Q6PUF3
Q7Z5K2	A0A8M9QEL9
Q7Z5K2	A0A8N7TDM0
Q7Z5L0	E7FEJ4
Q7Z5L0	F1RCF0
Q7Z5L9	Q6NZT6
Q7Z5L9	Q7T2G1
Q7Z5N4	A0A8M3B8G6
Q7Z5N4	A0A8M6YY19
Q7Z5W3	A0A8M9PK17
Q7Z5W3	A8E7D2
Q7Z6L0	A0A8M1Q7E1
Q7Z6L0	E7F7R0
Q7Z7F0	A0A8M3AJJ6
Q7Z7F0	Q6NZ18
Q7Z7G0	A0A2R8RYU1
Q7Z7G0	A0A8M3AW52
Q7Z7J9	Q503R1
Q7Z7J9	Q6DHN6
Q7Z7N9	E7F498
Q7Z7N9	Q7T392
Q86SE9	B3DK16
Q86SE9	Q1JPS1
Q86SG7	A0A8M1RHM5
Q86SG7	A3KP47
Q86SG7	Q6DH80
Q86SK9	A0A8M2B301
Q86SK9	F1QG70
Q86SS6	E7F1D9
Q86SS6	Q68EH6
Q86SU0	A0A8M1N206
Q86SU0	Q7T2Z9
Q86T03	Q32PR0
Q86T03	Q66I51
Q86TG1	Q0P401
Q86TG1	Q7SXK4
Q86TL0	A0A8M3B835
Q86TL0	A0A8M6YWH4
Q86TL0	R4GER2
Q86UD1	A0A8N7T8B3
Q86UD1	A0A8N7TE77
Q86UN2	A0A8M9Q3H6
Q86UN2	Q6WZD2
Q86UN3	Q6WZD1
Q86UN3	Q6WZD3
Q86UP6	A0A8M9PCN4
Q86UP6	A0A8M9PVC9
Q86UP6	A0A8M9Q6G7
Q86UT5	A0A8N7TAP5
Q86UT5	B3DJ78
Q86UU1	A0A8M9PCA0
Q86UU1	A0A8N7TEA5
Q86UX7	A0A8M1PBY1
Q86UX7	A0A8M9Q9W5
Q86UZ6	A0A8M9PL10
Q86UZ6	A0A8M9PWQ9
Q86V35	B0S519
Q86V35	F1QI16
Q86VF2	A0A8M2BG29
Q86VF2	A0A8M9PNG3
Q86VF2	A0A8M9QAC8
Q86VH4	A0A2R8Q9L0
Q86VH4	A0A8M6Z7S1
Q86VW2	A0A2R8Q2V3
Q86VW2	A0A8M3AYL2
Q86VW2	E7FF78
Q86WC6	A0A2R8QPQ5
Q86WC6	Q3B7P6
Q86WI1	A0A8M1P7C8
Q86WI1	A0A8M6YTX7
Q86X19	A5D6V4
Q86X19	Q502E0
Q86XA0	A0A0G2L4U4
Q86XA0	A0A0R4IMW2
Q86XA9	A0A2R8S021
Q86XA9	Q8JFV4
Q86XD5	A0A8M3ATB3
Q86XD5	A0A8M6YUQ2
Q86XE3	A0A8M3AS45
Q86XE3	A0A8M9Q0E9
Q86XH1	A0A8M3AT90
Q86XH1	A0A8N7UYH5
Q86XW9	A0A8M9Q4G2
Q86XW9	A4IG45
Q86Y22	A0A8M2B8L3
Q86Y22	A0A8M9QGJ1
Q86Y82	A5PMJ7
Q86Y82	E7F0D3
Q86YT5	A0A2R8QQN0
Q86YT5	X1WE78
Q86YV6	A0A8M9PPX4
Q86YV6	A0A8N7TBH3
Q8IU85	B1H1J7
Q8IU85	B5MF72
Q8IUK8	A5PKT3
Q8IUK8	B3DK67
Q8IUM7	E7FFX1
Q8IUM7	Q1ECW2
Q8IUY3	A0A8M2BE55
Q8IUY3	A0A8M6Z513
Q8IV35	A0A8M6Z1K7
Q8IV35	A0A8M9Q9E0
Q8IV42	A0A0G2L1G9
Q8IV42	A0A2R8RR04
Q8IVT2	A0A0R4IHS7
Q8IVT2	A0A8M9PM47
Q8IVT5	A0A8M1QUL5
Q8IVT5	A0A8M9NYP7
Q8IVU9	A0A8M2BK76
Q8IVU9	B3DIS7
Q8IVV2	A0A8M1QHF7
Q8IVV2	A0A8M9PUC9
Q8IVW6	A0A0R4IZF6
Q8IVW6	A0A8M2BKV0
Q8IW00	A0A8M9PXU0
Q8IW00	A0A8M9Q8Q6
Q8IW70	A7E2I7
Q8IW70	E7FFG7
Q8IWG1	A0A0G2KIZ8
Q8IWG1	A0A8M6YVX9
Q8IWN7	A0A8M2BH38
Q8IWN7	A0A8M6Z2W2
Q8IWT1	Q06W25
Q8IWT1	Q06W26
Q8IWT6	A2BF98
Q8IWT6	Q4V8W3
Q8IX15	B3DJM1
Q8IX15	Q1ED06
Q8IXH6	A0A2R8Q3N4
Q8IXH6	A0A8M9PF81
Q8IXK0	F6P2R0
Q8IXK0	Q8QHL5
Q8IXL6	A0A8M3B8M1
Q8IXL6	A0A8M9QJ44
Q8IXM6	A0A8M9PWU7
Q8IXM6	Q1L911
Q8IXN7	A0A8M3AV62
Q8IXN7	Q66HZ2
Q8IXU6	A0A8M9PFN2
Q8IXU6	Q08C86
Q8IY33	A0A8M9Q072
Q8IY33	F1QAZ3
Q8IY50	A0A8M1P877
Q8IY50	A0A8M9QKB7
Q8IYB4	A0A8M3AQ86
Q8IYB4	A0A8M9PRE9
Q8IYD2	A0A2R8RJF0
Q8IYD2	E7FFI7
Q8IYP9	F1QHM7
Q8IYP9	F1QX91
Q8IZ52	A0A8M1PUJ0
Q8IZ52	A0A8M1RR72
Q8IZC4	A0A8M1N269
Q8IZC4	Q5XIZ9
Q8IZC6	A0MSJ1
Q8IZC6	C7DZK3
Q8IZF5	A0A8M9PP29
Q8IZF5	A0A8N7UVY3
Q8IZJ6	A5PLC4
Q8IZJ6	Q6P3J8
Q8IZP0	A0A286YAJ7
Q8IZP0	A0A8M3AND6
Q8IZP7	A0A8M1PU32
Q8IZP7	A0MGZ7
Q8IZS8	A0A8M3BC64
Q8IZS8	A0A8M6Z1U2
Q8IZU9	A0A2R8RME3
Q8IZU9	A0A8M9PG27
Q8IZV5	A1L1W4
Q8IZV5	Q7T2D1
Q8N0X7	A0A8M2BJX6
Q8N0X7	A8WFZ3
Q8N103	A0A8M3AT33
Q8N103	F1Q8C7
Q8N128	A0A8M2BFI5
Q8N128	A7MBV3
Q8N1B3	A0A8M3B605
Q8N1B3	Q503D6
Q8N1E6	Q5RH13
Q8N1E6	Q6TGX5
Q8N1G0	A0A0R4IYX6
Q8N1G0	F6NSX9
Q8N1T3	A0A8M3B2M0
Q8N1T3	A0A8M3B9I7
Q8N1W1	A0A8M6YYE7
Q8N1W1	F6P6M2
Q8N1W2	A0A2R8RWY8
Q8N1W2	A0A8M1QVA2
Q8N350	A0A8M2BFS0
Q8N350	A0A8N7UUZ9
Q8N387	A0A1D5NS46
Q8N387	A0A2R8Q219
Q8N3D4	A0A8M9QHI9
Q8N3D4	E7FDY6
Q8N3E9	A0A8M2B2T4
Q8N3E9	A5D6R3
Q8N3H0	A0A8M1NL22
Q8N3H0	E7FC03
Q8N3J6	A0A8M2B1M0
Q8N3J6	A0A8M2B3K2
Q8N3Y7	A8E7S3
Q8N3Y7	Q7SZ49
Q8N3Z0	E7FDL4
Q8N3Z0	Q6GML6
Q8N427	A0A8M9Q4G2
Q8N427	A4IG45
Q8N468	A9JTG4
Q8N468	Q7SXB7
Q8N4S7	E7EYL0
Q8N4S7	E7FEU9
Q8N4S9	A0A8M9Q3L6
Q8N4S9	F1QIE2
Q8N539	A0A8M2BEE8
Q8N539	A0A8M2BJ76
Q8N5C1	A0A8M9NZR5
Q8N5C1	A4FUN9
Q8N5D6	A0A8M2BCD3
Q8N5D6	A0A8M3ASD7
Q8N5D6	A0A8M6Z6Z5
Q8N5D6	A0A8M9QDS3
Q8N5D6	A2BIR9
Q8N5D6	B0S7I1
Q8N5D6	Q7SXD8
Q8N5D6	Q7ZTV7
Q8N5H3	A0A8M1QV06
Q8N5H3	A0A8M6YV08
Q8N5S9	A0A8M2BJ77
Q8N5S9	A0A8M9QL88
Q8N612	A0A8M9Q4F7
Q8N612	B0V207
Q8N6U8	A0A8M1RK53
Q8N6U8	Q90X46
Q8N8E2	A0A0G2KXF2
Q8N8E2	R4GDS0
Q8N8R3	A0A0G2KLU8
Q8N8R3	Q4V8X8
Q8N8X9	A0A8M9QAS2
Q8N8X9	A8E4S7
Q8N9W5	A0A8M1RPB5
Q8N9W5	F1Q7Z7
Q8NA29	Q5U3U7
Q8NA29	Q6DEJ6
Q8NAN2	A0A8M2BAM7
Q8NAN2	Q5XJS0
Q8NAU1	A0A8M1Q740
Q8NAU1	Q1L867
Q8NAU1	A0A8M9PNB5
Q8NAU1	Q1L867
Q8NB25	A0A8M1PK39
Q8NB25	A0A8N7T570
Q8NBI5	E7F4C3
Q8NBI5	F1RC11
Q8NBJ5	A5PMF6
Q8NBJ5	X1WCE6
Q8NBN7	A0A8N7TEZ4
Q8NBN7	F1QCW3
Q8NBN7	Q0P435
Q8NBX0	E7FAL8
Q8NBX0	Q5XJV1
Q8NBX0	Q6DHB9
Q8NC51	A0A8M2BIU7
Q8NC51	A0A8M3ATG7
Q8NC60	A0A8M2BLT3
Q8NC60	A9JRX9
Q8NC69	A0A8M2BL96
Q8NC69	Q6DG99
Q8NCB2	A0A8M3ATL1
Q8NCB2	Q7SY49
Q8NCQ5	A0A8N7TEX1
Q8NCQ5	A3KNG1
Q8NCS7	A5PMW0
Q8NCS7	B0S5A7
Q8ND07	A0A8M1NHE7
Q8ND07	Q08C53
Q8ND30	F1QB48
Q8ND30	F1QBQ0
Q8ND56	A0A0R4IVM1
Q8ND56	A0A8M9PUV2
Q8ND71	A0A8M9PQI5
Q8ND71	A0A8M9Q1U4
Q8ND71	A0A8M9Q338
Q8ND71	A0A8M9Q9B4
Q8ND71	R4GDV0
Q8NDA8	A0A8M6Z208
Q8NDA8	A0A8M9PNQ9
Q8NDF8	A0A1D6UPT1
Q8NDF8	A0A8M9QH41
Q8NDZ4	A9JST5
Q8NDZ4	Q5U3S9
Q8NE01	A0A8M1RMB4
Q8NE01	A0A8M3AX15
Q8NEE8	A0A8M6Z0Y4
Q8NEE8	A0A8M9PWE1
Q8NEG4	A0A8M1N373
Q8NEG4	A0A8N7TBK4
Q8NEL9	A0A8M1N7T1
Q8NEL9	E7F9W6
Q8NEY8	A0A8M6Z2E2
Q8NEY8	A0A8M9Q633
Q8NEZ4	A0A8M2B9E0
Q8NEZ4	A0A8M3B7B2
Q8NF37	A0A8M9PNG0
Q8NF37	Q1LWG4
Q8NFA2	F6NRK2
Q8NFA2	Q08CM7
Q8NFF2	A0A8M2B5T1
Q8NFF2	F1QXK9
Q8NFW5	Q566X8
Q8NFW5	Q8JI10
Q8NFW8	H9BFW7
Q8NFW8	Q0E671
Q8NFW9	A0A8N7T7D8
Q8NFW9	A8T6P4
Q8NFZ4	A0A8M3AU21
Q8NFZ4	D0EVW9
Q8NHU6	A0A8M1QHU1
Q8NHU6	E7FDW8
Q8NI37	A0A8M3B340
Q8NI37	Q5U3N5
Q8TAC9	A0A8M1PSS4
Q8TAC9	Q6P0C7
Q8TAD7	A0A8M3B6Y4
Q8TAD7	B3DGJ2
Q8TAF3	A0A8M2BFQ8
Q8TAF3	Q6PFM9
Q8TAF8	B0UYJ1
Q8TAF8	F1Q837
Q8TAK5	A3KQS6
Q8TAK5	Q0D273
Q8TAL6	A0A8M1REQ1
Q8TAL6	A1IGX5
Q8TB03	A0A2R8QA84
Q8TB03	A0A8M9P6H5
Q8TB03	E7F0Y9
Q8TBE0	A0A8M2BL45
Q8TBE0	A0A8M9PPC4
Q8TBE7	A0A8M1P444
Q8TBE7	Q5BLI7
Q8TBX8	A0A8M1RSU5
Q8TBX8	Q6IQE1
Q8TBY9	A0A2R8RY46
Q8TBY9	F1Q8Y1
Q8TC26	A0A8M2BF29
Q8TC26	A0A8M2BLF0
Q8TCD1	A0A8M2BL63
Q8TCD1	P0C8Y2
Q8TCI5	A0A8M3AN55
Q8TCI5	A0A8M9Q836
Q8TCU4	A0A8M9Q132
Q8TCU4	A0A8N7T7E4
Q8TCW7	A0A8M9PLJ9
Q8TCW7	A0A8M9Q662
Q8TD43	A0A8M3AY04
Q8TD43	F1RC25
Q8TD43	S5TRY1
Q8TD43	S5TZ97
Q8TDI7	E7FFT2
Q8TDI7	F1QZE9
Q8TDM6	A0A8M2B3K9
Q8TDM6	A0A8M9QF19
Q8TDN2	A2ARG8
Q8TDN2	F1Q6N3
Q8TDR2	A0JMF9
Q8TDR2	Q5PRB1
Q8TDU6	A0A8M3ATU5
Q8TDU6	A0A8M3AWA6
Q8TDV2	A0A8M2BIU6
Q8TDV2	A0A8M3AXJ2
Q8TE58	A0A8M1NJA7
Q8TE58	A0A8M1PZJ5
Q8TE67	A0A8M1P9W0
Q8TE67	A0A8M1RMN2
Q8TED9	A0A8M2B884
Q8TED9	A0A8M2BKK9
Q8TED9	Q4V8Y7
Q8TEL6	A0A8M1P2D2
Q8TEL6	Q9IAV5
Q8TEW8	A0A8M6YYR6
Q8TEW8	A0A8N7UUX7
Q8TF42	A0A0B4J1A8
Q8TF42	A2BFG9
Q8TF44	A0A8M2BI01
Q8TF44	A0A8M2BIA9
Q8TF68	A0A8M2B5Y0
Q8TF68	A0A8M3ATC2
Q8WTQ7	Q1XHL7
Q8WTQ7	Q49HM9
Q8WTR4	A0A8M2B4R1
Q8WTR4	A0A8M3AX60
Q8WU66	A0A8N7T858
Q8WU66	A0A8N7TAH3
Q8WVE0	A0A8M2BEZ0
Q8WVE0	Q6NYP8
Q8WVH0	D2K289
Q8WVH0	D2K290
Q8WVJ9	Q568M7
Q8WVJ9	Q9PTE3
Q8WVM7	A0A8N7T7W9
Q8WVM7	E7FC33
Q8WVN8	A0A8M1P4I9
Q8WVN8	A0A8M9PA27
Q8WVY7	A0A8M3AX23
Q8WVY7	Q6DI37
Q8WW12	A0A8M1P872
Q8WW12	A0A8M9PPD2
Q8WW33	A0A0G2KRK2
Q8WW33	Q7ZUF8
Q8WWI1	A0A8M9QJL3
Q8WWI1	F6NN15
Q8WWX9	A0A8M1PC15
Q8WWX9	Q802G7
Q8WWY8	A0A8M1Q7Q2
Q8WWY8	A0A8M9PQD8
Q8WWY8	Q6DBU8
Q8WXD0	A0A8M1PA79
Q8WXD0	F8W5N7
Q8WXE0	A0A8M2BLR5
Q8WXE0	A0A8M2BLT0
Q8WXE0	A0A8M2BLT0
Q8WXE0	A0A8M3B7H5
Q8WXF3	A0A8M9Q7S0
Q8WXF3	Q2VT45
Q8WXF5	Q5XTN8
Q8WXF5	Q6DGY7
Q8WXG8	A3KH13
Q8WXG8	Q503K9
Q8WXI4	A0A8M9QDV5
Q8WXI4	E9QJN3
Q8WXK1	A0A2R8PZ70
Q8WXK1	A0A8M1N8G3
Q8WXK4	A2CEZ8
Q8WXK4	Q68EL0
Q8WXS5	A0A8M1P8P0
Q8WXS5	E9QCW1
Q8WY07	A0A8M1Q242
Q8WY07	F1R9X0
Q8WYL5	A0A8M3ASC3
Q8WYL5	A0A8N7UVI6
Q8WYP3	A0A8M3AZ86
Q8WYP3	E7F662
Q8WZ04	A0A193KX02
Q8WZ04	A0A8M9PLX8
Q92482	D3TI80
Q92482	Q803U6
Q92543	B3DJX2
Q92543	E7F2X4
Q92574	A0A8M2BJK9
Q92574	E7FEJ0
Q92599	A4FUM1
Q92599	Q642H3
Q92614	A0A8M9NYM9
Q92614	A0A8M9QL86
Q92619	A0A8M1QL19
Q92619	A0A8M2BHU6
Q92667	A0A8M1Q220
Q92667	F1RBY1
Q92729	A0A8M2B6M2
Q92729	A0A8M3AJ74
Q92729	B3DK56
Q92730	Q52WX7
Q92730	Q6TEM4
Q92743	A9JRB3
Q92743	Q6GMI0
Q92766	A0A8N7TAJ7
Q92766	F1R609
Q92777	A0A0R4IJU5
Q92777	F1R0A8
Q92785	A0A8M2BCR7
Q92785	Q58E00
Q92793	A0A8M2B8L6
Q92793	A0A8M3B0Q0
Q92817	A0A8M1NG87
Q92817	A0A8M1QHN7
Q92820	A8KB50
Q92820	Q6NY42
Q92828	A0A8M2B6N4
Q92828	Q6P935
Q92847	A0A8M1REF5
Q92847	B0V1I9
Q92913	A0A8M1P4W4
Q92913	E7F5G0
Q92914	A0A8M1QQP9
Q92914	Q5TKR4
Q92934	A0A8M2B8K5
Q92934	Q4V925
Q92947	Q5XJA7
Q92947	Q6P3I8
Q92956	A0A8M1NII6
Q92956	A0A8M1RM46
Q92956	A0A8M3BBS2
Q92956	A0A8M9PRR4
Q92956	A0A8M9QIX2
Q92956	A2RV47
Q92956	Q0P402
Q92974	A0A8M9PRC8
Q92974	E7F4U1
Q92993	A0A8M9QDW0
Q92993	Q6DHD0
Q93045	A0A8M1N2J6
Q93045	Q4VBT7
Q93050	A0A8M2BB25
Q93050	A0A8M3AYX3
Q93097	Q1L130
Q93097	Q8AY89
Q969E1	A0A8M1RP63
Q969E1	B3DGL6
Q969F2	A4ZNR4
Q969F2	A4ZNR5
Q969F8	A8CAH4
Q969F8	F1R5R4
Q969K3	A0A8M2B9I4
Q969K3	A0A8M2BK99
Q969R2	A0A8M1Q712
Q969R2	A0A8M9Q8S0
Q969V1	A0A8M1QLG6
Q969V1	A0A8M1RPE0
Q969V3	A0A8M2B8L1
Q969V3	Q6NZ07
Q969W1	A0A0R4IF99
Q969W1	B8A4F0
Q96A00	Q567W8
Q96A00	Q6PBJ4
Q96A32	O93409
Q96A32	Q66I73
Q96A54	F1QJJ9
Q96A54	Q803Q0
Q96AQ2	A0A8M3ATH9
Q96AQ2	A0A8M9PF29
Q96AQ2	A0A8M9QH85
Q96AQ6	A0A8M2B630
Q96AQ6	A0A8M9PD37
Q96B33	A0A0R4IHD8
Q96B33	F1Q6Q0
Q96BF6	A0A8M2BJF5
Q96BF6	A0A8N7TAW8
Q96BM1	F1RCM1
Q96BM1	Q5U3A5
Q96BN8	A0A8M2BAN8
Q96BN8	F1QGG2
Q96BQ5	A0A8M2BKU8
Q96BQ5	Q1LVA0
Q96BS2	Q6NYK0
Q96BS2	Q6P005
Q96C90	Q0P4A9
Q96C90	Q7ZZ37
Q96C92	A0A8M2BCT9
Q96C92	A2CE83
Q96CC6	A0A8M2BBI4
Q96CC6	Q6GMF8
Q96CG8	F6P0H3
Q96CG8	Q6AXL0
Q96CT2	A0A8M1RTC0
Q96CT2	A0A8M3B246
Q96CW1	Q6NWK2
Q96CW1	Q7ZW98
Q96CX2	Q561T3
Q96CX2	Q804Q4
Q96CX6	B8JKF3
Q96CX6	E7FF15
Q96DA2	A1A5H9
Q96DA2	A5PLA1
Q96DH6	A0A8M3AX32
Q96DH6	Q7SXT6
Q96DM1	A0A8M1NED1
Q96DM1	A0A8M1RN34
Q96DM1	A0A8M2B6N5
Q96DM1	A0A8M2B6R3
Q96DM1	A0A8M3AW26
Q96DM1	A0A8M6Z4A8
Q96DM1	A0A8M9PJU7
Q96DU7	A0A8M1P1A2
Q96DU7	A0A8N7T5H5
Q96DW6	P0CAT2
Q96DW6	Q08CI8
Q96EL1	F1QPR4
Q96EL1	F1QR98
Q96F10	A0A1D5NSF9
Q96F10	Q5PR44
Q96F10	Q6DGU1
Q96F46	A0A8M1NDZ0
Q96F46	A0A8M9Q204
Q96F85	A0A8M1P3P7
Q96F85	Q6DBX3
Q96FC7	A0A8M2B4A8
Q96FC7	A4QNW7
Q96FL8	A1L1P9
Q96FL8	U3Q0C3
Q96FL8	X1WEU3
Q96FT7	Q708S3
Q96FT7	Q708S4
Q96FW1	A0A8M1N0M6
Q96FW1	Q6DH16
Q96G23	E7F9X7
Q96G23	Q90YY7
Q96G30	A0A2R8Q573
Q96G30	F8W4H9
Q96G74	A0A8M1P2Z0
Q96G74	Q08BW0
Q96GI7	A0A8M1QV06
Q96GI7	A0A8M6YV08
Q96GM1	A0A8M2BD34
Q96GM1	Q7SY32
Q96GR4	B0S5D5
Q96GR4	E7F021
Q96H78	Q5BJK6
Q96H78	Q5U3I8
Q96HC4	A0A8M6Z6A6
Q96HC4	Q7ZVC1
Q96HH4	A0A8M1P8M9
Q96HH4	E7EZZ8
Q96HJ3	A0A8M1NAK2
Q96HJ3	A0A8M3AQ14
Q96HR9	A0A8M1N4R2
Q96HR9	Q66IF1
Q96HV5	Q502G2
Q96HV5	Q6NV38
Q96HY6	A0A8M9PZB7
Q96HY6	Q6P0E5
Q96HZ4	Q568A5
Q96HZ4	Q6P0J1
P98179	A0A8M1N8U3
Q14011	A0A8M1N8U3
P38159	Q7ZWA3
Q96E39	Q7ZWA3
P40123	A0A0R4IXA9
Q01518	A0A0R4IXA9
P40123	Q6YBS2
Q01518	Q6YBS2
P41091	F1QGW6
Q2VIR3	F1QGW6
P41208	F1R789
Q12798	F1R789
P41227	Q7T3B8
Q9BSU3	Q7T3B8
P41229	A0A8M1NGK0
Q9BY66	A0A8M1NGK0
P41236	Q6P0J0
Q6NXS1	Q6P0J0
Q96PQ5	Q6P0J0
P42771	E9QFU2
P42772	E9QFU2
P43353	Q7ZU10
P48448	Q7ZU10
P46783	Q7T1J9
Q9NQ39	Q7T1J9
P46926	A0A8N7TCS4
Q8TDQ7	A0A8N7TCS4
P50502	Q6NX98
Q8IZP2	Q6NX98
Q8NFI4	Q6NX98
P51003	A0A8M2B770
Q9NRJ5	A0A8M2B770
P51800	A0A8M9PKM9
P51801	A0A8M9PKM9
P54252	A0A8M1P7P2
Q9H3M9	A0A8M1P7P2
P55285	Q2MLR9
Q9ULB4	Q2MLR9
Q9Y6N8	Q2MLR9
P56180	F1QG29
Q6XPS3	F1QG29
P56381	F8W3H2
Q5VTU8	F8W3H2
P58550	Q7SZ52
Q9H0Q3	Q7SZ52
P60321	Q90WW1
P60323	Q90WW1
P61254	Q7SXA1
Q9UNX3	Q7SXA1
P61626	Q90YS5
Q6UWQ5	Q90YS5
Q7Z4W2	Q90YS5
Q8IXA5	Q90YS5
Q96QH8	Q90YS5
P61952	Q6PBN9
P63211	Q6PBN9
P63241	Q6NX89
Q6IS14	Q6NX89
Q9GZV4	Q6NX89
P68104	Q6P969
Q5VTE0	Q6P969
P68400	A0A8M2B6B1
Q8NEV1	A0A8M2B6B1
P69849	X1WEJ6
Q15155	X1WEJ6
Q5JPE7	X1WEJ6
P78329	A3KP35
P98187	A3KP35
Q08477	A3KP35
Q6NT55	A3KP35
Q9HBI6	A3KP35
Q9HCS2	A3KP35
P78347	A0A8M3ASL1
Q6EKJ0	A0A8M3ASL1
Q86UP8	A0A8M3ASL1
P83881	P61485
Q969Q0	P61485
P86790	Q803R2
P86791	Q803R2
P98168	I3IT94
P98169	I3IT94
Q2QGD7	I3IT94
P98170	A0A8M2B8S5
Q96P09	A0A8M2B8S5
P98170	A2RV08
Q96P09	A2RV08
Q02487	F1QSQ0
Q08554	F1QSQ0
Q14574	F1QSQ0
Q02505	A0A8M9QHP2
Q685J3	A0A8M9QHP2
Q9UKN1	A0A8M9QHP2
Q04609	Q7ZUD9
Q9Y3Q0	Q7ZUD9
Q07889	F1R019
Q07890	F1R019
Q13117	Q9YGW7
Q86SG3	Q9YGW7
Q92904	Q9YGW7
Q9NQZ3	Q9YGW7
Q9NR90	Q9YGW7
Q13268	F1Q8N0
Q9BTZ2	F1Q8N0
Q13336	Q533H0
Q15849	Q533H0
Q13434	Q4VBT5
Q9UHC7	Q4VBT5
Q13489	Q7T0K2
Q13490	Q7T0K2
Q13888	Q7ZVV4
Q6P1K8	Q7ZVV4
Q14129	Q6TH21
Q9BY27	Q6TH21
Q14151	Q803X6
Q15424	Q803X6
Q14241	Q803L4
Q8IYF1	Q803L4
Q14766	A0A8M6Z2F6
Q14767	A0A8M6Z2F6
Q14767	A0A8M9PMU9
Q8N2S1	A0A8M9PMU9
Q14982	Q642G9
Q9P121	Q642G9
Q15365	Q7ZVK5
Q15366	Q7ZVK5
Q15399	B3DIW3
Q9BXR5	B3DIW3
Q9Y2C9	B3DIW3
Q15695	A0A8M1QHE8
Q15696	A0A8M1QHE8
Q15797	Q9I8V2
Q99717	Q9I8V2
Q15797	Q9W7E7
Q99717	Q9W7E7
Q16594	F1QDT4
Q9HBM6	F1QDT4
Q1AE95	Q58EK0
Q8IXX5	Q58EK0
Q1HG43	A0A8M1RI64
Q1HG44	A0A8M1RI64
Q2QD12	Q6PBW9
Q96AT9	Q6PBW9
Q3LFD5	A0A8M2BBS7
Q9UMW8	A0A8M2BBS7
Q3T8J9	F1QI87
Q9H869	F1QI87
Q495M3	A0A8N7USY1
Q7Z2H8	A0A8N7USY1
Q499Y3	A0A8M6Z9D3
Q9H8K7	A0A8M6Z9D3
Q4V339	B0R0B1
Q5JTY5	B0R0B1
Q5RIA9	B0R0B1
Q8IUF1	B0R0B1
Q9BRT8	B0R0B1
Q4VC39	Q566Y4
Q9BW72	Q566Y4
Q569K4	A0A8M9NZX0
Q9H6B1	A0A8M9NZX0
Q5BKT4	A0A8M1P3T7
Q5I7T1	A0A8M1P3T7
Q5H9B9	A0A8M1NX70
Q9NSY1	A0A8M1NX70
Q5H9R4	A0A8M3AWJ8
Q7L311	A0A8M3AWJ8
Q8N2F6	A0A8M3AWJ8
Q9P291	A0A8M3AWJ8
Q9UH62	A0A8M3AWJ8
Q5JRV8	A0A8M1RRM5
Q8WV15	A0A8M1RRM5
Q5JRV8	A0A8M9PZT9
Q8WV15	A0A8M9PZT9
Q5M9Q1	Q6DRM1
Q8N5F7	Q6DRM1
Q5T0T0	A0A8M1P379
Q8TCQ1	A0A8M1P379
Q5T0T0	F1Q546
Q8TCQ1	F1Q546
Q5T1J5	Q6PBS8
Q9Y6H1	Q6PBS8
Q5T4T6	A0A8M6YYB4
Q9BX26	A0A8M6YYB4
Q5T9A4	Q6NZU8
Q9NVI7	Q6NZU8
Q5TAP6	A2CEY8
Q9BVJ6	A2CEY8
Q5TD94	A0A8M1QHY3
Q9H0K4	A0A8M1QHY3
Q5VUY0	A0A8M1NVX1
Q5VUY2	A0A8M1NVX1
Q641Q2	A0A8M2B2V0
Q9Y4E1	A0A8M2B2V0
Q6AI14	A9XPA0
Q9UBY0	A9XPA0
Q6N043	A0A8M2BDY8
Q8ND82	A0A8M2BDY8
Q6NSW5	A8E7G4
Q8TCE6	A8E7G4
Q6NSW7	A5JNG8
Q8N7R0	A5JNG8
Q9H9S0	A5JNG8
Q6NUM6	Q08C92
Q9NV66	Q08C92
Q6NZ67	Q6DC17
Q6P582	Q6DC17
Q6P1Q9	A8KBL7
Q96IZ6	A8KBL7
Q6P2I3	A0A8M9QDP1
Q96GK7	A0A8M9QDP1
Q6P474	Q66HY8
Q6P996	Q66HY8
Q6PIV2	A7MBX0
Q6PJQ5	A7MBX0
Q6WCQ1	A0A8M2B9V7
Q9H2D6	A0A8M2B9V7
Q6ZT62	E7FFF8
Q9Y3L3	E7FFF8
Q6ZUX3	A0A8M9PEF5
Q9Y4F4	A0A8M9PEF5
Q7RTY7	A0A8M9PN70
Q7RTZ1	A0A8M9PN70
Q86TM3	A0A8M1PA27
Q9NXZ2	A0A8M1PA27
Q86UX6	A0A8M3B519
Q9NY57	A0A8M3B519
Q86V97	A0A8M1PRY0
Q8WVZ9	A0A8M1PRY0
Q86VD1	Q68EG7
Q9Y6X9	Q68EG7
Q8IYN6	Q1JQ18
Q8TB05	Q1JQ18
Q8IYN6	Q502A3
Q8TB05	Q502A3
Q8IYS8	Q08CT1
Q96IK1	Q08CT1
Q8N140	Q504G2
Q9NXX6	Q504G2
Q8N3S3	A9ULS8
Q9UMS5	A9ULS8
Q8N7A1	A0A8M9P0A0
Q9Y2U9	A0A8M9P0A0
Q8N7A1	A0A8M9QA10
Q9Y2U9	A0A8M9QA10
Q8NC96	A0A8M1P218
Q9NVZ3	A0A8M1P218
Q8NC96	Q6PC36
Q9NVZ3	Q6PC36
Q8NEA9	Q6NYQ2
Q96IK5	Q6NYQ2
Q8NFB2	Q7SYC7
Q9H7F4	Q7SYC7
Q8NFJ6	D3TZW2
Q8TCW9	D3TZW2
Q8NHV1	A0A8M3ATA4
Q9NUV9	A0A8M3ATA4
Q8NHV1	A0A8M9Q0K0
Q9NUV9	A0A8M9Q0K0
Q8TC12	Q6DG78
Q96NR8	Q6DG78
Q8TE69	Q568L7
Q96DE9	Q568L7
Q8WWB3	A0A8M3ARM9
Q96IM9	A0A8M3ARM9
Q8WYK1	A0A8M2B1Z8
Q9C0A0	A0A8M2B1Z8
Q96C55	A0A8M3AQE5
Q9P0T4	A0A8M3AQE5
Q96DE0	Q5XJ30
Q9BRJ7	Q5XJ30
Q96DN6	A0A8N7UVU6
Q9P267	A0A8N7UVU6
Q96EF9	E9QFC8
Q96K31	E9QFC8
Q96ET8	Q4VBU3
Q9NYZ1	Q4VBU3
Q96FX2	Q502H4
Q9H4G8	Q502H4
Q96GD4	Q6NW76
Q9UQB9	Q6NW76
Q96HM7	Q5PR46
Q9H1Q7	Q5PR46
Q96MG7	Q7T0K5
Q9HAY2	Q7T0K5
Q99584	A3KNW4
Q9HCY8	A3KNW4
Q9BQ51	A0A8M3AL67
Q9NZQ7	A0A8M3AL67
Q9BQI9	B0S7J7
Q9NQ35	B0S7J7
Q9BQS2	A0A8M3AYL5
X6R8R1	A0A8M3AYL5
Q9BS92	F1QWR0
Q9UFN0	F1QWR0
Q9BZ67	E7F221
Q9BZ68	E7F221
Q9BZA7	A0A8M2BKI4
Q9BZA8	A0A8M2BKI4
Q9BZW8	A0A8M6YVR5
Q9UIB8	A0A8M6YVR5
Q9GZS9	A0A8M2BA60
Q9GZX3	A0A8M2BA60
Q9H1D0	F1QN56
Q9NQA5	F1QN56
Q9H2X3	A8WGQ6
Q9NNX6	A8WGQ6
Q9H4A9	E7FBC7
Q9H4B8	E7FBC7
Q9H4I8	A2BGU9
Q9NQF3	A2BGU9
Q9H9Q2	A0A8M1P1C6
Q9UBW8	A0A8M1P1C6
Q9HAB3	Q7SXU6
Q9NWF4	Q7SXU6
Q9NPJ8	E9QCN6
Q9UKK6	E9QCN6
Q9NQ29	A0A8M2BA63
Q9Y383	A0A8M2BA63
Q9NQ29	A3KMT0
Q9Y383	A3KMT0
Q9NQV7	Q6P2A1
Q9NQW5	Q6P2A1
Q9NRD8	A0A8M6YYK2
Q9NRD9	A0A8M6YYK2
Q9NUU7	Q8JGR1
Q9UMR2	Q8JGR1
Q9NYL9	Q66I39
Q9NZR1	Q66I39
Q9NYY1	Q4LDR4
Q9UHD0	Q4LDR4
Q9UBK7	A0A8M3AJE6
Q9UNT1	A0A8M3AJE6
A0A024RBG1	A0A8M1P6U7
Q8NFP7	A0A8M1P6U7
Q96G61	A0A8M1P6U7
Q9NZJ9	A0A8M1P6U7
A0A075B6Q5	A0A8M9Q572
A0A075B7B8	A0A8M9Q572
A0A075B7D0	A0A8M9Q572
A0A075B7E8	A0A8M9Q572
A0A075B7F0	A0A8M9Q572
A0A075B7F1	A0A8M9Q572
A0A087WYE8	A0A8M9Q572
A0A0A0MS15	A0A8M9Q572
A0A0B4J1V0	A0A8M9Q572
A0A0B4J1V1	A0A8M9Q572
A0A0B4J1V6	A0A8M9Q572
A0A0B4J1V7	A0A8M9Q572
A0A0B4J1X5	A0A8M9Q572
A0A0B4J1X8	A0A8M9Q572
A0A0B4J1Y9	A0A8M9Q572
A0A0B4J2B8	A0A8M9Q572
A0A0B4J2H0	A0A8M9Q572
A0A0C4DH29	A0A8M9Q572
A0A0C4DH32	A0A8M9Q572
A0A0C4DH33	A0A8M9Q572
A0A0C4DH35	A0A8M9Q572
A0A0C4DH42	A0A8M9Q572
A0A0G2JMI3	A0A8M9Q572
A0A0J9YVY3	A0A8M9Q572
A0A0J9YX35	A0A8M9Q572
A0A0J9YY99	A0A8M9Q572
P01742	A0A8M9Q572
P01743	A0A8M9Q572
P01762	A0A8M9Q572
P01763	A0A8M9Q572
P01764	A0A8M9Q572
P01767	A0A8M9Q572
P01768	A0A8M9Q572
P01772	A0A8M9Q572
P01780	A0A8M9Q572
P01782	A0A8M9Q572
P0DP01	A0A8M9Q572
P0DP02	A0A8M9Q572
P0DP03	A0A8M9Q572
P0DP04	A0A8M9Q572
P23083	A0A8M9Q572
S4R3C0	A0A8M9Q572
A0A075B734	A0A8M2B7X7
A6NL99	A0A8M2B7X7
O14520	A0A8M2B7X7
A0A087WTH5	A0A8M6Z2V1
P15382	A0A8M6Z2V1
A0A096LP55	Q3B750
P07919	Q3B750
A0A0B4J264	A4JYR0
A0JD32	A4JYR0
P0DTU3	A4JYR0
A0A0B4J2D5	F1QCN0
P0DPI2	F1QCN0
A0A0B4J2F2	A0A8M1NGM6
P57059	A0A8M1NGM6
A0A0C4DGP1	A0A0G2L765
P0DMW4	A0A0G2L765
P0DMW5	A0A0G2L765
A0A0U1RR11	A0A8M9QES7
A0A0U1RRI6	A0A8M9QES7
P0DPI3	A0A8M9QES7
Q7Z7K6	A0A8M9QES7
A0A1B0GTU1	A0A8M2BGM4
A0A8V8TLD8	A0A8M2BGM4
O75152	A0A8M2BGM4
P0DQW0	A0A8M2BGM4
A0A1B0GUS4	Q6IQK2
P68036	Q6IQK2
A0A1B0GVK7	A0A8M1NX83
A0A1B0GVZ2	A0A8M1NX83
A0A1W2PR95	Q6PI45
P78318	Q6PI45
A0A2R8YE69	A0A8M9PEK9
A4D2H0	A0A8M9PEK9
A4FU28	A0A8M9PEK9
P0CG41	A0A8M9PEK9
Q86UF2	A0A8M9PEK9
Q8IX94	A0A8M9PEK9
Q96PC5	A0A8M9PEK9
Q96RT6	A0A8M9PEK9
A0A3B3IRV3	Q7ZV34
Q9ULC4	Q7ZV34
A0A494C071	A0A8M1PVE2
Q2TAK8	A0A8M1PVE2
Q5H9M0	A0A8M1PVE2
A0A590UK10	A0A8N7TD86
Q6ZSZ5	A0A8N7TD86
A0A5B9	A0A8M9P0A5
P01850	A0A8M9P0A5
P0DTU4	A0A8M9P0A5
A0A804HLA8	Q6TH03
P63218	Q6TH03
A0A8I5KQE6	Q803F6
P08865	Q803F6
A0A8I5KW96	Q6NUY0
P27144	Q6NUY0
A0A8Q3SIG1	A0A8M9PD97
Q6ZTK2	A0A8M9PD97
A2RUH7	A0A8M6Z3P8
Q13203	A0A8M6Z3P8
A2RUH7	A6H8Q3
Q13203	A6H8Q3
A2RUR9	A0A8M9PYM5
A6NC57	A0A8M9PYM5
Q5JPF3	A0A8M9PYM5
Q8N2N9	A0A8M9PYM5
Q9UPS8	A0A8M9PYM5
A6NCE7	Q7ZUD8
Q9GZQ8	Q7ZUD8
A6NCV1	A0A8M3ALT7
A6NIJ9	A0A8M3ALT7
A6NJZ3	A0A8M3ALT7
A6NL08	A0A8M3ALT7
A6NL26	A0A8M3ALT7
A6NM76	A0A8M3ALT7
B2RN74	A0A8M3ALT7
O14581	A0A8M3ALT7
O43749	A0A8M3ALT7
O60412	A0A8M3ALT7
O76000	A0A8M3ALT7
O76002	A0A8M3ALT7
O76099	A0A8M3ALT7
O76100	A0A8M3ALT7
O95006	A0A8M3ALT7
O95007	A0A8M3ALT7
O95221	A0A8M3ALT7
O95222	A0A8M3ALT7
O95918	A0A8M3ALT7
P0C617	A0A8M3ALT7
P0C626	A0A8M3ALT7
P0C7N1	A0A8M3ALT7
P0C7N5	A0A8M3ALT7
P0C7N8	A0A8M3ALT7
P0DN81	A0A8M3ALT7
P0DN82	A0A8M3ALT7
P30953	A0A8M3ALT7
P30954	A0A8M3ALT7
P47881	A0A8M3ALT7
P47887	A0A8M3ALT7
P47888	A0A8M3ALT7
P47890	A0A8M3ALT7
P47893	A0A8M3ALT7
P58173	A0A8M3ALT7
Q13606	A0A8M3ALT7
Q13607	A0A8M3ALT7
Q15619	A0A8M3ALT7
Q15622	A0A8M3ALT7
Q5JQS5	A0A8M3ALT7
Q5TZ20	A0A8M3ALT7
Q6IEU7	A0A8M3ALT7
Q7Z3T1	A0A8M3ALT7
Q8N127	A0A8M3ALT7
Q8N146	A0A8M3ALT7
Q8N162	A0A8M3ALT7
Q8N628	A0A8M3ALT7
Q8NGA1	A0A8M3ALT7
Q8NGA2	A0A8M3ALT7
Q8NGC0	A0A8M3ALT7
Q8NGC1	A0A8M3ALT7
Q8NGC2	A0A8M3ALT7
Q8NGC3	A0A8M3ALT7
Q8NGC7	A0A8M3ALT7
Q8NGC8	A0A8M3ALT7
Q8NGC9	A0A8M3ALT7
Q8NGD0	A0A8M3ALT7
Q8NGE1	A0A8M3ALT7
Q8NGE2	A0A8M3ALT7
Q8NGE5	A0A8M3ALT7
Q8NGE8	A0A8M3ALT7
Q8NGF4	A0A8M3ALT7
Q8NGF7	A0A8M3ALT7
Q8NGG0	A0A8M3ALT7
Q8NGG4	A0A8M3ALT7
Q8NGG8	A0A8M3ALT7
Q8NGH3	A0A8M3ALT7
Q8NGI8	A0A8M3ALT7
Q8NGI9	A0A8M3ALT7
Q8NGJ0	A0A8M3ALT7
Q8NGM8	A0A8M3ALT7
Q8NGM9	A0A8M3ALT7
Q8NGN0	A0A8M3ALT7
Q8NGN3	A0A8M3ALT7
Q8NGN4	A0A8M3ALT7
Q8NGN6	A0A8M3ALT7
Q8NGP2	A0A8M3ALT7
Q8NGP3	A0A8M3ALT7
Q8NGP4	A0A8M3ALT7
Q8NGP6	A0A8M3ALT7
Q8NGP8	A0A8M3ALT7
Q8NGP9	A0A8M3ALT7
Q8NGQ1	A0A8M3ALT7
Q8NGQ2	A0A8M3ALT7
Q8NGQ3	A0A8M3ALT7
Q8NGQ6	A0A8M3ALT7
Q8NGR2	A0A8M3ALT7
Q8NGR5	A0A8M3ALT7
Q8NGR8	A0A8M3ALT7
Q8NGR9	A0A8M3ALT7
Q8NGS0	A0A8M3ALT7
Q8NGS2	A0A8M3ALT7
Q8NGS3	A0A8M3ALT7
Q8NGS4	A0A8M3ALT7
Q8NGS6	A0A8M3ALT7
Q8NGS9	A0A8M3ALT7
Q8NGT1	A0A8M3ALT7
Q8NGV0	A0A8M3ALT7
Q8NGX0	A0A8M3ALT7
Q8NGX6	A0A8M3ALT7
Q8NGX8	A0A8M3ALT7
Q8NGX9	A0A8M3ALT7
Q8NGY5	A0A8M3ALT7
Q8NGY6	A0A8M3ALT7
Q8NGZ4	A0A8M3ALT7
Q8NGZ6	A0A8M3ALT7
Q8NH10	A0A8M3ALT7
Q8NH40	A0A8M3ALT7
Q8NH48	A0A8M3ALT7
Q8NH50	A0A8M3ALT7
Q8NH79	A0A8M3ALT7
Q8NH81	A0A8M3ALT7
Q8NH85	A0A8M3ALT7
Q8NH92	A0A8M3ALT7
Q8NH93	A0A8M3ALT7
Q8NH94	A0A8M3ALT7
Q8NHA6	A0A8M3ALT7
Q8WZ94	A0A8M3ALT7
Q96KK4	A0A8M3ALT7
Q96R08	A0A8M3ALT7
Q96R09	A0A8M3ALT7
Q96R84	A0A8M3ALT7
Q96RB7	A0A8M3ALT7
Q96RD1	A0A8M3ALT7
Q9GZK3	A0A8M3ALT7
Q9GZK6	A0A8M3ALT7
Q9H207	A0A8M3ALT7
Q9H208	A0A8M3ALT7
Q9H209	A0A8M3ALT7
Q9H210	A0A8M3ALT7
Q9NZP0	A0A8M3ALT7
Q9NZP2	A0A8M3ALT7
Q9UGF6	A0A8M3ALT7
Q9Y3N9	A0A8M3ALT7
A6NDR6	Q90ZE3
A8K0S8	Q90ZE3
Q99687	Q90ZE3
A6NF01	F1R543
A8CG34	F1R543
Q96HA1	F1R543
Q96KW2	F1R543
A6NFT4	A0A8M3B9K7
Q96M95	A0A8M3B9K7
A6NGE4	F1QF18
P0C7V8	F1QF18
Q5TAQ9	F1QF18
A6NHG4	Q6IQL4
P30046	Q6IQL4
A6NHR8	A0PJQ6
Q5HY64	A0PJQ6
Q5JRC9	A0PJQ6
Q6ZV65	A0PJQ6
Q8NA70	A0PJQ6
A6NI72	Q4Z8P3
A8MVU1	Q4Z8P3
P14598	Q4Z8P3
A6NIZ1	Q6TEN1
P61224	Q6TEN1
A6NJ78	A0A8N7T6Y6
P0C7V9	A0A8N7T6Y6
A6NKQ9	Q6TCF5
P01229	Q6TCF5
P0DN86	Q6TCF5
P0DN87	Q6TCF5
Q6NT52	Q6TCF5
A6NKT7	A0A8M9QJW3
O14715	A0A8M9QJW3
P0DJD0	A0A8M9QJW3
P0DJD1	A0A8M9QJW3
P49792	A0A8M9QJW3
Q7Z3J3	A0A8M9QJW3
Q99666	A0A8M9QJW3
A6NL82	E7FBI9
Q6ZVS7	E7FBI9
A6NM10	Q0IIQ6
Q8IXF9	Q0IIQ6
A8K0Z3	A4IG59
A8MWX3	A4IG59
C4AMC7	A4IG59
Q6VEQ5	A4IG59
Q9NQA3	A4IG59
A8MPP1	F1R345
Q92771	F1R345
Q96FC9	F1R345
A8MT19	Q6TNR1
Q8IUC4	Q6TNR1
A8MT33	B3DFT5
Q8N0S2	B3DFT5
A8MUH7	F1QTX0
Q5T2W1	F1QTX0
A8MUU9	A0A8M2BB78
Q9UF83	A0A8M2BB78
A8MVJ9	Q7SXS8
Q9NWY4	Q7SXS8
A8MWD9	A0A8M1N2G4
P62308	A0A8M1N2G4
A8MWL7	Q0P436
Q9NUH8	Q0P436
Q9P0S9	Q0P436
B2RC85	Q08CH7
P0C881	Q08CH7
B2RNN3	A0A8M2B9M2
P0C862	A0A8M2B9M2
B3KU38	Q568A8
P0DPB3	Q568A8
B5ME19	Q6PFQ2
Q99613	Q6PFQ2
B7U540	A0A0R4ICH9
Q14500	A0A0R4ICH9
B7ZAQ6	E7FB29
P0CG08	E7FB29
C9J798	A0A0R4IE78
O43374	A0A0R4IE78
C9JQL5	A5WUL9
P13164	A5WUL9
Q01628	A5WUL9
Q01629	A5WUL9
E9PQ53	Q5BJK4
O95298	Q5BJK4
G2XKQ0	Q7SZR5
P63165	Q7SZR5
G9CGD6	A8WG10
Q6P9H4	A8WG10
H0Y354	B0S6J4
Q5TYM5	B0S6J4
Q6L9T8	B0S6J4
Q86X60	B0S6J4
O00337	A0A8M2B698
O43868	A0A8M2B698
O00507	A0A8M2BF50
Q93008	A0A8M2BF50
O14604	Q45QT2
P62328	Q45QT2
O14607	A0A8M2BF90
O15550	A0A8M2BF90
O14656	A0A8M1NXL2
O14657	A0A8M1NXL2
O14810	A0A8M2BKM7
Q6PUV4	A0A8M2BKM7
O14925	A0A0J9YJ60
Q5SRD1	A0A0J9YJ60
O14925	Q7T2P6
Q5SRD1	Q7T2P6
O14974	Q6DRG7
O60237	Q6DRG7
O15027	A0A8M9P971
Q96JE7	A0A8M9P971
O15217	F1R4Z8
P08263	F1R4Z8
P09210	F1R4Z8
Q16772	F1R4Z8
Q7RTV2	F1R4Z8
O15541	Q6DRF0
Q8IZP6	Q6DRF0
O43164	A0A8M3AZZ7
Q8NG27	A0A8M3AZZ7
O43451	A0A8M6Z206
P14410	A0A8M6Z206
Q2M2H8	A0A8M6Z206
O43488	Q6DHD5
O95154	Q6DHD5
Q8NHP1	Q6DHD5
O60814	Q6PC60
P06899	Q6PC60
P23527	Q6PC60
P33778	Q6PC60
P57053	Q6PC60
P58876	Q6PC60
P62807	Q6PC60
Q16778	Q6PC60
Q5QNW6	Q6PC60
Q93079	Q6PC60
Q99877	Q6PC60
Q99879	Q6PC60
Q99880	Q6PC60
O75106	A0A8M1N4I9
Q16853	A0A8M1N4I9
O75190	A0A8M3B1D6
Q7Z6W7	A0A8M3B1D6
O75474	Q9YI01
Q92837	Q9YI01
O75715	A0A8M1NIR5
P22352	A0A8M1NIR5
P59796	A0A8M1NIR5
O75828	Q7SYD0
P16152	Q7SYD0
O75964	Q6P6E0
Q7Z4Y8	Q6P6E0
O76054	A2BIR0
Q9UDX3	A2BIR0
Q9UDX4	A2BIR0
O76082	A0A0E4G213
Q9H015	A0A0E4G213
O95050	F1QUL7
P40261	F1QUL7
O95170	E7FEU4
Q5XX13	E7FEU4
O95239	Q6P9P4
Q2VIQ3	Q6P9P4
O95258	A0A8M6Z2Y9
Q5SVS4	A0A8M6Z2Y9
O95361	A0A8M1P9M9
Q309B1	A0A8M1P9M9
O95397	Q5U3N0
Q96JA3	Q5U3N0
O95452	Q503F4
P29033	Q503F4
O95803	A0A8M3BEW2
Q9H3R1	A0A8M3BEW2
O95944	A0A8M9Q7V8
Q6UXN2	A0A8M9Q7V8
O95997	B8A4J0
Q9NZH4	B8A4J0
Q9NZH5	B8A4J0
P00374	Q6IQS4
Q86XF0	Q6IQS4
P00558	Q7ZV29
P07205	Q7ZV29
P00747	A0A8M1PG22
P08519	A0A8M1PG22
P01023	A0A8M1PZW5
P20742	A0A8M1PZW5
Q6IE36	A0A8M1PZW5
P01023	A0A8M1QLT2
P20742	A0A8M1QLT2
Q6IE36	A0A8M1QLT2
P01178	Q8AV79
P01185	Q8AV79
P01178	Q8UUT8
P01185	Q8UUT8
P01241	Q1JQ34
P01242	Q1JQ34
P0DML2	Q1JQ34
P0DML3	Q1JQ34
Q14406	Q1JQ34
P01258	F1QIK6
P10092	F1QIK6
P01833	A0A8M1P621
Q8WWV6	A0A8M1P621
P01854	A0A8M9PGQ8
P01857	A0A8M9PGQ8
P01859	A0A8M9PGQ8
P01860	A0A8M9PGQ8
P01861	A0A8M9PGQ8
P01871	A0A8M9PGQ8
P01877	A0A8M9PGQ8
P02746	Q5XJ71
P02747	Q5XJ71
P02775	A0A8M1Q7Q0
P09341	A0A8M1Q7Q0
P10145	A0A8M1Q7Q0
P19875	A0A8M1Q7Q0
P02787	A0A8M1P0N7
P02788	A0A8M1P0N7
P04798	Q8UW07
P05177	Q8UW07
P05164	A0A8M1P4H4
P11678	A0A8M1P4H4
P22079	A0A8M1P4H4
P05187	Q4QRJ9
P09923	Q4QRJ9
P10696	Q4QRJ9
P05204	A0A8M1P318
Q15651	A0A8M1P318
P05204	Q3B732
Q15651	Q3B732
P05388	Q9PV90
Q8NHW5	Q9PV90
P07306	F8W3Q0
P07307	F8W3Q0
Q8IUN9	F8W3Q0
P07315	B0UYP0
P07316	B0UYP0
P07320	B0UYP0
P11844	B0UYP0
P07477	Q561Z7
P07478	Q561Z7
P35030	Q561Z7
Q8NHM4	Q561Z7
P07911	A0A8M9QIX6
P55259	A0A8M9QIX6
P08183	E7F1E3
P21439	E7F1E3
P08217	A0A8M9QDY3
P08218	A0A8M9QDY3
P08684	Q32LT1
P20815	Q32LT1
P24462	Q32LT1
Q9HB55	Q32LT1
P09429	Q66IB6
P26583	Q66IB6
P09651	A0A8M1P4F7
P51991	A0A8M1P4F7
P09758	Q568H0
P16422	Q568H0
P09912	A0A8M3B5G7
P40305	A0A8M3B5G7
Q96BM0	A0A8M3B5G7
Q9H2X8	A0A8M3B5G7
P0C0L4	F1Q4X5
P0C0L5	F1Q4X5
P0C5J1	Q5XJN3
Q8N7N1	Q5XJN3
Q96G04	Q5XJN3
P0C7P4	A7MCR1
P47985	A7MCR1
P0C7U3	E7EZI4
Q9H8X9	E7EZI4
P0CW24	A0A8M9PH71
Q8ND90	A0A8M9PH71
Q96BY2	A0A8M9PH71
Q96PV4	A0A8M9PH71
Q9UL41	A0A8M9PH71
Q9UL42	A0A8M9PH71
P0DI81	Q08CN0
P0DI82	Q08CN0
P0DJI8	Q642J9
P0DJI9	Q642J9
P0DN25	E7FBK8
Q96EU7	E7FBK8
P0DP23	Q6PI52
P0DP24	Q6PI52
P0DP25	Q6PI52
P0DPD6	A0A8M6YUW2
P0DPD8	A0A8M6YUW2
P10266	A0A8M9Q1J9
P63128	A0A8M9Q1J9
P63132	A0A8M9Q1J9
P63133	A0A8M9Q1J9
P63135	A0A8M9Q1J9
P63136	A0A8M9Q1J9
Q9BXR3	A0A8M9Q1J9
Q9QC07	A0A8M9Q1J9
Q9UQG0	A0A8M9Q1J9
Q9WJR5	A0A8M9Q1J9
P13385	A0A8M1PBB6
P51864	A0A8M1PBB6
P13866	Q6NWE6
Q9NY91	Q6NWE6
P14207	A5PLB2
P15328	A5PLB2
P41439	A5PLB2
P14778	A0A8M9Q5Q6
Q01638	A0A8M9Q5Q6
P15531	A0A8M6Z292
P22392	A0A8M6Z292
P16562	A0A8M6Z1E8
P54108	A0A8M6Z1E8
P17213	A0A8M1Q233
P18428	A0A8M1Q233
P17612	A0A8M2BIA6
P22694	A0A8M2BIA6
P17612	Q6DBV8
P22694	Q6DBV8
P19438	E7FDJ7
Q93038	E7FDJ7
P20382	C9W8C3
Q16048	C9W8C3
Q9BQD1	C9W8C3
P21127	A0A8M3BC62
Q9UQ88	A0A8M3BC62
P21397	Q6NSN2
P27338	Q6NSN2
P21675	A0A8M9Q3C1
Q8IZX4	A0A8M9Q3C1
P22760	E7F2W1
Q6P093	E7F2W1
P23468	A0A8M9PJX4
Q13332	A0A8M9PJX4
P24311	B3DJA6
Q8TF08	B3DJA6
P24386	Q6RFG0
P26374	Q6RFG0
P25024	A0A8M6Z0L3
P25025	A0A8M6Z0L3
P25942	A0A8M2B9J4
Q9Y6Q6	A0A8M2B9J4
P26927	Q90ZN6
Q2TV78	Q90ZN6
P27635	Q7ZV96
Q96L21	Q7ZV96
P28360	Q90455
P35548	Q90455
P28907	A0A8M9PGA1
Q10588	A0A8M9PGA1
P31689	A0A8M9PNG1
Q8WW22	A0A8M9PNG1
P31689	Q803K1
Q8WW22	Q803K1
P32189	A0A8M3AIJ0
Q14409	A0A8M3AIJ0
Q14410	A0A8M3AIJ0
P33240	A0A8M3AHX3
Q9H0L4	A0A8M3AHX3
P33681	A0A8M9P7K8
P42081	A0A8M9P7K8
P34820	A0A8N7V0N2
Q7Z5Y6	A0A8N7V0N2
P35218	A8KB74
Q9Y2D0	A8KB74
P35498	F1QXF5
Q99250	F1QXF5
Q9NY46	F1QXF5
A6NMZ7	A0A8M3B8A2
A6NMZ7	A0A8M6YSX4
A8TX70	A0A8M3B8A2
A8TX70	A0A8M6YSX4
A6NN14	A0A8M9PRG0
A6NN14	A0A8M9PVT6
A6NN14	A0A8M9PVK5
A6NN14	A0A8M9Q6Z1
A6NN14	A0A8M9QB88
A6NN14	A0A8M9Q6U6
A6NN14	A0A8M9Q1L1
A6NN14	A0A8M9PVQ8
A6NN14	A0A8M9PGW1
A6NN14	A0A8M9PW66
A6NN14	A0A8M9QCG6
A6NN14	A0A8M9Q7E9
A6NN14	A0A8M9QCG2
A6NN14	A0A8M9Q1G5
A6NN14	A0A8M9Q6Q7
A6NN14	A0A8M9Q1P2
A6NN14	A0A8M9PIR6
A6NN14	A0A8M9PWE4
A6NN14	A0A8M9Q737
A6NN14	A0A8M9QC86
A6NN14	A0A8M9QC16
A6NN14	A0A8M6YXH4
A6NN14	A0A8M9QCX9
A6NN14	A0A8M6Z5Z1
A6NN14	A0A8M9PUX2
A6NN14	A0A8M9Q5Q7
A6NN14	A0A8M9QCX6
A6NN14	A0A8M6Z073
A6NN14	A0A8M9PNH9
O43345	A0A8M9PRG0
O43345	A0A8M9PVT6
O43345	A0A8M9PVK5
O43345	A0A8M9Q6Z1
O43345	A0A8M9QB88
O43345	A0A8M9Q6U6
O43345	A0A8M9Q1L1
O43345	A0A8M9PVQ8
O43345	A0A8M9PGW1
O43345	A0A8M9PW66
O43345	A0A8M9QCG6
O43345	A0A8M9Q7E9
O43345	A0A8M9QCG2
O43345	A0A8M9Q1G5
O43345	A0A8M9Q6Q7
O43345	A0A8M9Q1P2
O43345	A0A8M9PIR6
O43345	A0A8M9PWE4
O43345	A0A8M9Q737
O43345	A0A8M9QC86
O43345	A0A8M9QC16
O43345	A0A8M6YXH4
O43345	A0A8M9QCX9
O43345	A0A8M6Z5Z1
O43345	A0A8M9PUX2
O43345	A0A8M9Q5Q7
O43345	A0A8M9QCX6
O43345	A0A8M6Z073
O43345	A0A8M9PNH9
Q05481	A0A8M9PRG0
Q05481	A0A8M9PVT6
Q05481	A0A8M9PVK5
Q05481	A0A8M9Q6Z1
Q05481	A0A8M9QB88
Q05481	A0A8M9Q6U6
Q05481	A0A8M9Q1L1
Q05481	A0A8M9PVQ8
Q05481	A0A8M9PGW1
Q05481	A0A8M9PW66
Q05481	A0A8M9QCG6
Q05481	A0A8M9Q7E9
Q05481	A0A8M9QCG2
Q05481	A0A8M9Q1G5
Q05481	A0A8M9Q6Q7
Q05481	A0A8M9Q1P2
Q05481	A0A8M9PIR6
Q05481	A0A8M9PWE4
Q05481	A0A8M9Q737
Q05481	A0A8M9QC86
Q05481	A0A8M9QC16
Q05481	A0A8M6YXH4
Q05481	A0A8M9QCX9
Q05481	A0A8M6Z5Z1
Q05481	A0A8M9PUX2
Q05481	A0A8M9Q5Q7
Q05481	A0A8M9QCX6
Q05481	A0A8M6Z073
Q05481	A0A8M9PNH9
B7ZW38	A0A8M9QBR5
B7ZW38	A0A8M9Q728
P07910	A0A8M9QBR5
P07910	A0A8M9Q728
B2RXH8	A0A8M9QBR5
B2RXH8	A0A8M9Q728
O60812	A0A8M9QBR5
O60812	A0A8M9Q728
P0DMR1	A0A8M9QBR5
P0DMR1	A0A8M9Q728
C9JRZ8	Q6IQU1
C9JRZ8	Q1JPZ2
O60218	Q6IQU1
O60218	Q1JPZ2
O00292	Q9W6I7
O00292	Q9PW55
O75610	Q9W6I7
O75610	Q9PW55
O00748	Q08BF1
O00748	A0A8M9PPJ2
O00748	A0A8M1N9N2
O00748	A0A8M9PZ17
Q6UWW8	Q08BF1
Q6UWW8	A0A8M9PPJ2
Q6UWW8	A0A8M1N9N2
Q6UWW8	A0A8M9PZ17
O15162	A0A8M1NE83
O15162	Q6NY24
Q9NRY7	A0A8M1NE83
Q9NRY7	Q6NY24
O15523	Q6PBB2
O15523	A0A8M9QFI7
O15523	A0A8M2BG36
O15523	B0S6P6
O00571	Q6PBB2
O00571	A0A8M9QFI7
O00571	A0A8M2BG36
O00571	B0S6P6
O15529	A0A8M1NC42
O15529	A0A8M6YSZ6
O15529	A0A8M9P8Q0
O15529	A0A8M6YVB4
O15529	A0A8M6Z1W1
O14843	A0A8M1NC42
O14843	A0A8M6YSZ6
O14843	A0A8M9P8Q0
O14843	A0A8M6YVB4
O14843	A0A8M6Z1W1
O43760	A0A8M1NC39
O43760	A1L1F7
A8MWL6	A0A8M1NC39
A8MWL6	A1L1F7
O60656	D3XD69
O60656	F1R1P2
O60656	D3XD60
O60656	A0A8M1NVN7
O60656	D3XD65
O60656	D3XD63
O60656	Q561S7
O60656	D3XD61
O60656	A0A8M1N813
O60656	D3XD67
Q9HAW9	D3XD69
Q9HAW9	F1R1P2
Q9HAW9	D3XD60
Q9HAW9	A0A8M1NVN7
Q9HAW9	D3XD65
Q9HAW9	D3XD63
Q9HAW9	Q561S7
Q9HAW9	D3XD61
Q9HAW9	A0A8M1N813
Q9HAW9	D3XD67
P22310	D3XD69
P22310	F1R1P2
P22310	D3XD60
P22310	A0A8M1NVN7
P22310	D3XD65
P22310	D3XD63
P22310	Q561S7
P22310	D3XD61
P22310	A0A8M1N813
P22310	D3XD67
P35503	D3XD69
P35503	F1R1P2
P35503	D3XD60
P35503	A0A8M1NVN7
P35503	D3XD65
P35503	D3XD63
P35503	Q561S7
P35503	D3XD61
P35503	A0A8M1N813
P35503	D3XD67
P19224	D3XD69
P19224	F1R1P2
P19224	D3XD60
P19224	A0A8M1NVN7
P19224	D3XD65
P19224	D3XD63
P19224	Q561S7
P19224	D3XD61
P19224	A0A8M1N813
P19224	D3XD67
P35504	D3XD69
P35504	F1R1P2
P35504	D3XD60
P35504	A0A8M1NVN7
P35504	D3XD65
P35504	D3XD63
P35504	Q561S7
P35504	D3XD61
P35504	A0A8M1N813
P35504	D3XD67
P22309	D3XD69
P22309	F1R1P2
P22309	D3XD60
P22309	A0A8M1NVN7
P22309	D3XD65
P22309	D3XD63
P22309	Q561S7
P22309	D3XD61
P22309	A0A8M1N813
P22309	D3XD67
Q9HAW8	D3XD69
Q9HAW8	F1R1P2
Q9HAW8	D3XD60
Q9HAW8	A0A8M1NVN7
Q9HAW8	D3XD65
Q9HAW8	D3XD63
Q9HAW8	Q561S7
Q9HAW8	D3XD61
Q9HAW8	A0A8M1N813
Q9HAW8	D3XD67
Q9HAW7	D3XD69
Q9HAW7	F1R1P2
Q9HAW7	D3XD60
Q9HAW7	A0A8M1NVN7
Q9HAW7	D3XD65
Q9HAW7	D3XD63
Q9HAW7	Q561S7
Q9HAW7	D3XD61
Q9HAW7	A0A8M1N813
Q9HAW7	D3XD67
O60911	A0A8M9PWY5
O60911	A2BEM8
O60911	A7MCR6
O60911	A8E588
O60911	E7F8Y7
O60911	A8KBT8
O60911	E9QBE2
O60911	A0A8M2BCJ2
O60911	F1R7B3
P07711	A0A8M9PWY5
P07711	A2BEM8
P07711	A7MCR6
P07711	A8E588
P07711	E7F8Y7
P07711	A8KBT8
P07711	E9QBE2
P07711	A0A8M2BCJ2
P07711	F1R7B3
O75452	A0A286Y8B5
O75452	F1RCW4
O14756	A0A286Y8B5
O14756	F1RCW4
O95471	Q9YH92
O95471	Q6DHP1
O95832	Q9YH92
O95832	Q6DHP1
P00367	Q6NZ29
P00367	Q6P3L9
P49448	Q6NZ29
P49448	Q6P3L9
P01034	A0A8M1N7I0
P01034	A0A8M1ND27
P01036	A0A8M1N7I0
P01036	A0A8M1ND27
P28325	A0A8M1N7I0
P28325	A0A8M1ND27
P01037	A0A8M1N7I0
P01037	A0A8M1ND27
P09228	A0A8M1N7I0
P09228	A0A8M1ND27
P01308	A0A8M6Z2M5
P01308	O73727
F8WCM5	A0A8M6Z2M5
F8WCM5	O73727
P01574	A8E6E3
P01574	A8E6E2
P05013	A8E6E3
P05013	A8E6E2
Q86WN2	A8E6E3
Q86WN2	A8E6E2
P01562	A8E6E3
P01562	A8E6E2
P01566	A8E6E3
P01566	A8E6E2
P05000	A8E6E3
P05000	A8E6E2
P01569	A8E6E3
P01569	A8E6E2
P01571	A8E6E3
P01571	A8E6E2
P05014	A8E6E3
P05014	A8E6E2
P01563	A8E6E3
P01563	A8E6E2
P05015	A8E6E3
P05015	A8E6E2
P01568	A8E6E3
P01568	A8E6E2
P01570	A8E6E3
P01570	A8E6E2
P01567	A8E6E3
P01567	A8E6E2
P32881	A8E6E3
P32881	A8E6E2
P01594	A0A8M9PVQ1
P01594	A0A8M2B9U4
P01594	A0A8M6YWL5
A0A0A0MRZ8	A0A8M9PVQ1
A0A0A0MRZ8	A0A8M2B9U4
A0A0A0MRZ8	A0A8M6YWL5
A0A075B7D4	A0A8M9PVQ1
A0A075B7D4	A0A8M2B9U4
A0A075B7D4	A0A8M6YWL5
A0A087WSZ0	A0A8M9PVQ1
A0A087WSZ0	A0A8M2B9U4
A0A087WSZ0	A0A8M6YWL5
P01614	A0A8M9PVQ1
P01614	A0A8M2B9U4
P01614	A0A8M6YWL5
A0A075B6S6	A0A8M9PVQ1
A0A075B6S6	A0A8M2B9U4
A0A075B6S6	A0A8M6YWL5
P04432	A0A8M9PVQ1
P04432	A0A8M2B9U4
P04432	A0A8M6YWL5
P01593	A0A8M9PVQ1
P01593	A0A8M2B9U4
P01593	A0A8M6YWL5
P0DSN7	A0A8M9PVQ1
P0DSN7	A0A8M2B9U4
P0DSN7	A0A8M6YWL5
A0A0C4DH26	A0A8M9PVQ1
A0A0C4DH26	A0A8M2B9U4
A0A0C4DH26	A0A8M6YWL5
P01599	A0A8M9PVQ1
P01599	A0A8M2B9U4
P01599	A0A8M6YWL5
A0A075B6H7	A0A8M9PVQ1
A0A075B6H7	A0A8M2B9U4
A0A075B6H7	A0A8M6YWL5
A0A0B4J2D9	A0A8M9PVQ1
A0A0B4J2D9	A0A8M2B9U4
A0A0B4J2D9	A0A8M6YWL5
A0A0C4DH73	A0A8M9PVQ1
A0A0C4DH73	A0A8M2B9U4
A0A0C4DH73	A0A8M6YWL5
A0A075B6R9	A0A8M9PVQ1
A0A075B6R9	A0A8M2B9U4
A0A075B6R9	A0A8M6YWL5
P06310	A0A8M9PVQ1
P06310	A0A8M2B9U4
P06310	A0A8M6YWL5
P01597	A0A8M9PVQ1
P01597	A0A8M2B9U4
P01597	A0A8M6YWL5
A0A087WW87	A0A8M9PVQ1
A0A087WW87	A0A8M2B9U4
A0A087WW87	A0A8M6YWL5
A0A0C4DH90	A0A8M9PVQ1
A0A0C4DH90	A0A8M2B9U4
A0A0C4DH90	A0A8M6YWL5
A0A087WSY6	A0A8M9PVQ1
A0A087WSY6	A0A8M2B9U4
A0A087WSY6	A0A8M6YWL5
A0A0A0MT36	A0A8M9PVQ1
A0A0A0MT36	A0A8M2B9U4
A0A0A0MT36	A0A8M6YWL5
A0A0C4DH72	A0A8M9PVQ1
A0A0C4DH72	A0A8M2B9U4
A0A0C4DH72	A0A8M6YWL5
A0A0C4DH55	A0A8M9PVQ1
A0A0C4DH55	A0A8M2B9U4
A0A0C4DH55	A0A8M6YWL5
A0A0C4DH69	A0A8M9PVQ1
A0A0C4DH69	A0A8M2B9U4
A0A0C4DH69	A0A8M6YWL5
A0A075B6S9	A0A8M9PVQ1
A0A075B6S9	A0A8M2B9U4
A0A075B6S9	A0A8M6YWL5
A0A075B6P5	A0A8M9PVQ1
A0A075B6P5	A0A8M2B9U4
A0A075B6P5	A0A8M6YWL5
P04433	A0A8M9PVQ1
P04433	A0A8M2B9U4
P04433	A0A8M6YWL5
A0A0C4DH68	A0A8M9PVQ1
A0A0C4DH68	A0A8M2B9U4
A0A0C4DH68	A0A8M6YWL5
P04430	A0A8M9PVQ1
P04430	A0A8M2B9U4
P04430	A0A8M6YWL5
A0A075B6S4	A0A8M9PVQ1
A0A075B6S4	A0A8M2B9U4
A0A075B6S4	A0A8M6YWL5
P01619	A0A8M9PVQ1
P01619	A0A8M2B9U4
P01619	A0A8M6YWL5
A0A0G2JRQ6	A0A8M9PVQ1
A0A0G2JRQ6	A0A8M2B9U4
A0A0G2JRQ6	A0A8M6YWL5
A0A0C4DH24	A0A8M9PVQ1
A0A0C4DH24	A0A8M2B9U4
A0A0C4DH24	A0A8M6YWL5
A0A0C4DH25	A0A8M9PVQ1
A0A0C4DH25	A0A8M2B9U4
A0A0C4DH25	A0A8M6YWL5
P01615	A0A8M9PVQ1
P01615	A0A8M2B9U4
P01615	A0A8M6YWL5
P01602	A0A8M9PVQ1
P01602	A0A8M2B9U4
P01602	A0A8M6YWL5
P01601	A0A8M9PVQ1
P01601	A0A8M2B9U4
P01601	A0A8M6YWL5
A0A0B4J1Z2	A0A8M9PVQ1
A0A0B4J1Z2	A0A8M2B9U4
A0A0B4J1Z2	A0A8M6YWL5
A0A075B6S5	A0A8M9PVQ1
A0A075B6S5	A0A8M2B9U4
A0A075B6S5	A0A8M6YWL5
P01624	A0A8M9PVQ1
P01624	A0A8M2B9U4
P01624	A0A8M6YWL5
P06312	A0A8M9PVQ1
P06312	A0A8M2B9U4
P06312	A0A8M6YWL5
A0A0C4DH67	A0A8M9PVQ1
A0A0C4DH67	A0A8M2B9U4
A0A0C4DH67	A0A8M6YWL5
P01611	A0A8M9PVQ1
P01611	A0A8M2B9U4
P01611	A0A8M6YWL5
A0A075B6S2	A0A8M9PVQ1
A0A075B6S2	A0A8M2B9U4
A0A075B6S2	A0A8M6YWL5
A2NJV5	A0A8M9PVQ1
A2NJV5	A0A8M2B9U4
A2NJV5	A0A8M6YWL5
P06315	A0A8M9PVQ1
P06315	A0A8M2B9U4
P06315	A0A8M6YWL5
P0DP09	A0A8M9PVQ1
P0DP09	A0A8M2B9U4
P0DP09	A0A8M6YWL5
A0A0A0MRZ7	A0A8M9PVQ1
A0A0A0MRZ7	A0A8M2B9U4
A0A0A0MRZ7	A0A8M6YWL5
P01920	A0A8M3AVD5
P01920	Q32Q47
P01920	Q31357
P01920	Q95HJ4
P01920	A0A8M9Q4F5
P01920	A0A8M2BFK2
P01920	A0A8M2B5P7
P01920	A0A8N7UYL8
P01920	A0A8M3BBY8
P01920	Q8MGW8
P01920	A0A8M2BEN9
P13765	A0A8M3AVD5
P13765	Q32Q47
P13765	Q31357
P13765	Q95HJ4
P13765	A0A8M9Q4F5
P13765	A0A8M2BFK2
P13765	A0A8M2B5P7
P13765	A0A8N7UYL8
P13765	A0A8M3BBY8
P13765	Q8MGW8
P13765	A0A8M2BEN9
P01911	A0A8M3AVD5
P01911	Q32Q47
P01911	Q31357
P01911	Q95HJ4
P01911	A0A8M9Q4F5
P01911	A0A8M2BFK2
P01911	A0A8M2B5P7
P01911	A0A8N7UYL8
P01911	A0A8M3BBY8
P01911	Q8MGW8
P01911	A0A8M2BEN9
Q30154	A0A8M3AVD5
Q30154	Q32Q47
Q30154	Q31357
Q30154	Q95HJ4
Q30154	A0A8M9Q4F5
Q30154	A0A8M2BFK2
Q30154	A0A8M2B5P7
Q30154	A0A8N7UYL8
Q30154	A0A8M3BBY8
Q30154	Q8MGW8
Q30154	A0A8M2BEN9
P79483	A0A8M3AVD5
P79483	Q32Q47
P79483	Q31357
P79483	Q95HJ4
P79483	A0A8M9Q4F5
P79483	A0A8M2BFK2
P79483	A0A8M2B5P7
P79483	A0A8N7UYL8
P79483	A0A8M3BBY8
P79483	Q8MGW8
P79483	A0A8M2BEN9
P13762	A0A8M3AVD5
P13762	Q32Q47
P13762	Q31357
P13762	Q95HJ4
P13762	A0A8M9Q4F5
P13762	A0A8M2BFK2
P13762	A0A8M2B5P7
P13762	A0A8N7UYL8
P13762	A0A8M3BBY8
P13762	Q8MGW8
P13762	A0A8M2BEN9
P05538	A0A8M3AVD5
P05538	Q32Q47
P05538	Q31357
P05538	Q95HJ4
P05538	A0A8M9Q4F5
P05538	A0A8M2BFK2
P05538	A0A8M2B5P7
P05538	A0A8N7UYL8
P05538	A0A8M3BBY8
P05538	Q8MGW8
P05538	A0A8M2BEN9
P04440	A0A8M3AVD5
P04440	Q32Q47
P04440	Q31357
P04440	Q95HJ4
P04440	A0A8M9Q4F5
P04440	A0A8M2BFK2
P04440	A0A8M2B5P7
P04440	A0A8N7UYL8
P04440	A0A8M3BBY8
P04440	Q8MGW8
P04440	A0A8M2BEN9
P02741	A0A8N7UVP1
P02741	A3KPG5
P02741	Q1RM11
P02741	A3KPH6
P02741	A3KPH5
P02741	Q0IIP8
P02743	A0A8N7UVP1
P02743	A3KPG5
P02743	Q1RM11
P02743	A3KPH6
P02743	A3KPH5
P02743	Q0IIP8
P02794	Q66HX7
P02794	Q9DDT0
Q8N4E7	Q66HX7
Q8N4E7	Q9DDT0
P06133	A0A8M1NWR9
P06133	A0A8M1NVM9
P06133	A0A8M1NT44
P06133	A0A8M1N5N2
P06133	B8JMA2
P06133	A0A8M1NX95
Q9BY64	A0A8M1NWR9
Q9BY64	A0A8M1NVM9
Q9BY64	A0A8M1NT44
Q9BY64	A0A8M1N5N2
Q9BY64	B8JMA2
Q9BY64	A0A8M1NX95
O75310	A0A8M1NWR9
O75310	A0A8M1NVM9
O75310	A0A8M1NT44
O75310	A0A8M1N5N2
O75310	B8JMA2
O75310	A0A8M1NX95
O75795	A0A8M1NWR9
O75795	A0A8M1NVM9
O75795	A0A8M1NT44
O75795	A0A8M1N5N2
O75795	B8JMA2
O75795	A0A8M1NX95
Q6UWM9	A0A8M1NWR9
Q6UWM9	A0A8M1NVM9
Q6UWM9	A0A8M1NT44
Q6UWM9	A0A8M1N5N2
Q6UWM9	B8JMA2
Q6UWM9	A0A8M1NX95
P0DTE5	A0A8M1NWR9
P0DTE5	A0A8M1NVM9
P0DTE5	A0A8M1NT44
P0DTE5	A0A8M1N5N2
P0DTE5	B8JMA2
P0DTE5	A0A8M1NX95
P36537	A0A8M1NWR9
P36537	A0A8M1NVM9
P36537	A0A8M1NT44
P36537	A0A8M1N5N2
P36537	B8JMA2
P36537	A0A8M1NX95
P16662	A0A8M1NWR9
P16662	A0A8M1NVM9
P16662	A0A8M1NT44
P16662	A0A8M1N5N2
P16662	B8JMA2
P16662	A0A8M1NX95
P54855	A0A8M1NWR9
P54855	A0A8M1NVM9
P54855	A0A8M1NT44
P54855	A0A8M1N5N2
P54855	B8JMA2
P54855	A0A8M1NX95
P07355	Q804G9
P07355	A8E5G1
A6NMY6	Q804G9
A6NMY6	A8E5G1
P08185	A0A8M6YU45
P08185	A0A8N7V0N1
P01011	A0A8M6YU45
P01011	A0A8N7V0N1
P01009	A0A8M6YU45
P01009	A0A8N7V0N1
P08311	A0A8M1NFT9
P08311	A0A8N7UYS0
P08311	A0A8M1PUX6
P08311	A0A8M1NI47
P20718	A0A8M1NFT9
P20718	A0A8N7UYS0
P20718	A0A8M1PUX6
P20718	A0A8M1NI47
P23946	A0A8M1NFT9
P23946	A0A8N7UYS0
P23946	A0A8M1PUX6
P23946	A0A8M1NI47
P10144	A0A8M1NFT9
P10144	A0A8N7UYS0
P10144	A0A8M1PUX6
P10144	A0A8M1NI47
P08559	A0A8M2B9P1
P08559	A0A8M2BCB9
P29803	A0A8M2B9P1
P29803	A0A8M2BCB9
P09341	A9ZPF0
P09341	N0GW19
P19875	A9ZPF0
P19875	N0GW19
P02775	A9ZPF0
P02775	N0GW19
P10145	A9ZPF0
P10145	N0GW19
P09429	X1WFI9
P09429	Q6NX86
P26583	X1WFI9
P26583	Q6NX86
P0C0S8	E7EXD7
P0C0S8	A0A8N7TAW0
P0C0S8	A0A8M2BA83
P0C0S8	F1QTL1
P0C0S8	Q4FZZ7
P0C0S8	Q5XJK2
P0C0S8	E7F5W3
P0C0S8	A0A8M3ATV1
P0C0S8	A4FVM2
P0C0S8	Q561S9
Q6FI13	E7EXD7
Q6FI13	A0A8N7TAW0
Q6FI13	A0A8M2BA83
Q6FI13	F1QTL1
Q6FI13	Q4FZZ7
Q6FI13	Q5XJK2
Q6FI13	E7F5W3
Q6FI13	A0A8M3ATV1
Q6FI13	A4FVM2
Q6FI13	Q561S9
P20671	E7EXD7
P20671	A0A8N7TAW0
P20671	A0A8M2BA83
P20671	F1QTL1
P20671	Q4FZZ7
P20671	Q5XJK2
P20671	E7F5W3
P20671	A0A8M3ATV1
P20671	A4FVM2
P20671	Q561S9
Q96QV6	E7EXD7
Q96QV6	A0A8N7TAW0
Q96QV6	A0A8M2BA83
Q96QV6	F1QTL1
Q96QV6	Q4FZZ7
Q96QV6	Q5XJK2
Q96QV6	E7F5W3
Q96QV6	A0A8M3ATV1
Q96QV6	A4FVM2
Q96QV6	Q561S9
Q8IUE6	E7EXD7
Q8IUE6	A0A8N7TAW0
Q8IUE6	A0A8M2BA83
Q8IUE6	F1QTL1
Q8IUE6	Q4FZZ7
Q8IUE6	Q5XJK2
Q8IUE6	E7F5W3
Q8IUE6	A0A8M3ATV1
Q8IUE6	A4FVM2
Q8IUE6	Q561S9
Q99878	E7EXD7
Q99878	A0A8N7TAW0
Q99878	A0A8M2BA83
Q99878	F1QTL1
Q99878	Q4FZZ7
Q99878	Q5XJK2
Q99878	E7F5W3
Q99878	A0A8M3ATV1
Q99878	A4FVM2
Q99878	Q561S9
Q7L7L0	E7EXD7
Q7L7L0	A0A8N7TAW0
Q7L7L0	A0A8M2BA83
Q7L7L0	F1QTL1
Q7L7L0	Q4FZZ7
Q7L7L0	Q5XJK2
Q7L7L0	E7F5W3
Q7L7L0	A0A8M3ATV1
Q7L7L0	A4FVM2
Q7L7L0	Q561S9
Q93077	E7EXD7
Q93077	A0A8N7TAW0
Q93077	A0A8M2BA83
Q93077	F1QTL1
Q93077	Q4FZZ7
Q93077	Q5XJK2
Q93077	E7F5W3
Q93077	A0A8M3ATV1
Q93077	A4FVM2
Q93077	Q561S9
Q96KK5	E7EXD7
Q96KK5	A0A8N7TAW0
Q96KK5	A0A8M2BA83
Q96KK5	F1QTL1
Q96KK5	Q4FZZ7
Q96KK5	Q5XJK2
Q96KK5	E7F5W3
Q96KK5	A0A8M3ATV1
Q96KK5	A4FVM2
Q96KK5	Q561S9
Q16777	E7EXD7
Q16777	A0A8N7TAW0
Q16777	A0A8M2BA83
Q16777	F1QTL1
Q16777	Q4FZZ7
Q16777	Q5XJK2
Q16777	E7F5W3
Q16777	A0A8M3ATV1
Q16777	A4FVM2
Q16777	Q561S9
P0CE71	Q800A1
P0CE71	Q5U3P2
P0CE72	Q800A1
P0CE72	Q5U3P2
P0CJ87	Q1RM27
P0CJ87	A0JPE5
Q96PT3	Q1RM27
Q96PT3	A0JPE5
A6NLW8	Q1RM27
A6NLW8	A0JPE5
Q96PT4	Q1RM27
Q96PT4	A0JPE5
O43812	Q1RM27
O43812	A0JPE5
A0A1W2PPF3	Q1RM27
A0A1W2PPF3	A0JPE5
P0CJ86	Q1RM27
P0CJ86	A0JPE5
P0CJ90	Q1RM27
P0CJ90	A0JPE5
P0CJ89	Q1RM27
P0CJ89	A0JPE5
P0CJ85	Q1RM27
P0CJ85	A0JPE5
P0CJ88	Q1RM27
P0CJ88	A0JPE5
Q6RFH8	Q1RM27
Q6RFH8	A0JPE5
A0A1B0GW55	Q1RM27
A0A1B0GW55	A0JPE5
Q9UBX2	Q1RM27
Q9UBX2	A0JPE5
P0DME0	Q6TGU0
P0DME0	Q7ZUY0
Q01105	Q6TGU0
Q01105	Q7ZUY0
P0DMV9	Q6PH56
P0DMV9	B0UXR9
P0DMV9	B0UXS6
P0DMV9	A8WFS0
P0DMV9	A0A8M1NE33
P0DMV8	Q6PH56
P0DMV8	B0UXR9
P0DMV8	B0UXS6
P0DMV8	A8WFS0
P0DMV8	A0A8M1NE33
P34931	Q6PH56
P34931	B0UXR9
P34931	B0UXS6
P34931	A8WFS0
P34931	A0A8M1NE33
P0DN78	Q8AYN0
P0DN78	Q9W6A7
P04000	Q8AYN0
P04000	Q9W6A7
P0DN77	Q8AYN0
P0DN77	Q9W6A7
P04001	Q8AYN0
P04001	Q9W6A7
P0DOY3	A0A8M9QAL8
P0DOY3	A0A8M9PGR5
P15814	A0A8M9QAL8
P15814	A0A8M9PGR5
P0CF74	A0A8M9QAL8
P0CF74	A0A8M9PGR5
P0DOY2	A0A8M9QAL8
P0DOY2	A0A8M9PGR5
B9A064	A0A8M9QAL8
B9A064	A0A8M9PGR5
P0CG04	A0A8M9QAL8
P0CG04	A0A8M9PGR5
A0M8Q6	A0A8M9QAL8
A0M8Q6	A0A8M9PGR5
P0DTE7	Q7SYK9
P0DTE7	Q6DHR7
P0DTE7	Q6P5J0
P0DUB6	Q7SYK9
P0DUB6	Q6DHR7
P0DUB6	Q6P5J0
P0DTE8	Q7SYK9
P0DTE8	Q6DHR7
P0DTE8	Q6P5J0
P19961	Q7SYK9
P19961	Q6DHR7
P19961	Q6P5J0
P04746	Q7SYK9
P04746	Q6DHR7
P04746	Q6P5J0
P10276	Q90271
P10276	Q7ZTI3
P10826	Q90271
P10826	Q7ZTI3
P11215	A0A8N7UVW7
P11215	F1QSJ9
P20702	A0A8N7UVW7
P20702	F1QSJ9
Q13349	A0A8N7UVW7
Q13349	F1QSJ9
P11509	Q4VBR9
P11509	A0A8M6YUY2
P05181	Q4VBR9
P05181	A0A8M6YUY2
P11712	Q4VBR9
P11712	A0A8M6YUY2
P10632	Q4VBR9
P10632	A0A8M6YUY2
Q16696	Q4VBR9
Q16696	A0A8M6YUY2
P20853	Q4VBR9
P20853	A0A8M6YUY2
P33260	Q4VBR9
P33260	A0A8M6YUY2
P33261	Q4VBR9
P33261	A0A8M6YUY2
P24903	Q4VBR9
P24903	A0A8M6YUY2
P12524	Q9PSI9
P12524	Q1LWL8
P12525	Q9PSI9
P12525	Q1LWL8
P12883	A0A8M1NBP6
P12883	A0A8M9PEC3
P12883	A0A8M9PR47
P12883	B6IDE1
P12883	A0A0R4INI3
P12883	B6IDE0
P12883	F1QZW1
P13533	A0A8M1NBP6
P13533	A0A8M9PEC3
P13533	A0A8M9PR47
P13533	B6IDE1
P13533	A0A0R4INI3
P13533	B6IDE0
P13533	F1QZW1
P14060	Q7ZZC3
P14060	A0A8N7TFA8
P26439	Q7ZZC3
P26439	A0A8N7TFA8
P14406	A0A2R8Q5H6
P14406	Q504B4
O60397	A0A2R8Q5H6
O60397	Q504B4
P15085	F1QVD7
P15085	Q6GMH9
P48052	F1QVD7
P48052	Q6GMH9
P15085	Q4VBJ2
P15085	Q6PHV5
P48052	Q4VBJ2
P48052	Q6PHV5
P15151	E7F6D0
P15151	A0A8M6Z2D5
Q92692	E7F6D0
Q92692	A0A8M6Z2D5
P17538	Q7SX97
P17538	Q1JPZ1
P17538	Q561U4
Q6GPI1	Q7SX97
Q6GPI1	Q1JPZ1
Q6GPI1	Q561U4
P18440	Q5XJ69
P18440	A0A8M2BGE0
P18440	Q6DEG7
P18440	E7FAM7
P11245	Q5XJ69
P11245	A0A8M2BGE0
P11245	Q6DEG7
P11245	E7FAM7
P19012	Q568U3
P19012	A0A8M1NXG3
P19012	Q6DHU3
P19012	Q1LXJ7
P19012	Q9PWD8
Q04695	Q568U3
Q04695	A0A8M1NXG3
Q04695	Q6DHU3
Q04695	Q1LXJ7
Q04695	Q9PWD8
P08779	Q568U3
P08779	A0A8M1NXG3
P08779	Q6DHU3
P08779	Q1LXJ7
P08779	Q9PWD8
P08727	Q568U3
P08727	A0A8M1NXG3
P08727	Q6DHU3
P08727	Q1LXJ7
P08727	Q9PWD8
P02533	Q568U3
P02533	A0A8M1NXG3
P02533	Q6DHU3
P02533	Q1LXJ7
P02533	Q9PWD8
P13646	Q568U3
P13646	A0A8M1NXG3
P13646	Q6DHU3
P13646	Q1LXJ7
P13646	Q9PWD8
O76013	Q568U3
O76013	A0A8M1NXG3
O76013	Q6DHU3
O76013	Q1LXJ7
O76013	Q9PWD8
P19827	E7FCH6
P19827	Q503P4
Q06033	E7FCH6
Q06033	Q503P4
P20036	A0A8M1N2Z6
P20036	A0A8N7UVQ1
P20036	Q5U3R9
P20036	A0A8M3B282
P20036	A2VD38
P20036	Q4KM20
P20036	Q8WM94
P20036	A0A8M2BF99
P20036	A0A8M1RH16
P20036	A0A8M3B254
P01903	A0A8M1N2Z6
P01903	A0A8N7UVQ1
P01903	Q5U3R9
P01903	A0A8M3B282
P01903	A2VD38
P01903	Q4KM20
P01903	Q8WM94
P01903	A0A8M2BF99
P01903	A0A8M1RH16
P01903	A0A8M3B254
P01909	A0A8M1N2Z6
P01909	A0A8N7UVQ1
P01909	Q5U3R9
P01909	A0A8M3B282
P01909	A2VD38
P01909	Q4KM20
P01909	Q8WM94
P01909	A0A8M2BF99
P01909	A0A8M1RH16
P01909	A0A8M3B254
P06340	A0A8M1N2Z6
P06340	A0A8N7UVQ1
P06340	Q5U3R9
P06340	A0A8M3B282
P06340	A2VD38
P06340	Q4KM20
P06340	Q8WM94
P06340	A0A8M2BF99
P06340	A0A8M1RH16
P06340	A0A8M3B254
P01906	A0A8M1N2Z6
P01906	A0A8N7UVQ1
P01906	Q5U3R9
P01906	A0A8M3B282
P01906	A2VD38
P01906	Q4KM20
P01906	Q8WM94
P01906	A0A8M2BF99
P01906	A0A8M1RH16
P01906	A0A8M3B254
P20591	Q800G8
P20591	Q8JH68
P20592	Q800G8
P20592	Q8JH68
P20742	A0A8M9PLG1
P20742	A0A8M1QHK3
Q6IE36	A0A8M9PLG1
Q6IE36	A0A8M1QHK3
P01023	A0A8M9PLG1
P01023	A0A8M1QHK3
P21266	Q6PFJ6
P21266	A8KBR8
P21266	A0A8M1NS60
P46439	Q6PFJ6
P46439	A8KBR8
P46439	A0A8M1NS60
Q03013	Q6PFJ6
Q03013	A8KBR8
Q03013	A0A8M1NS60
P09488	Q6PFJ6
P09488	A8KBR8
P09488	A0A8M1NS60
P28161	Q6PFJ6
P28161	A8KBR8
P28161	A0A8M1NS60
P21754	A0A8M1N4F0
P21754	A0A8M1RNX3
P21754	Q4QRF0
P21754	A7MBZ6
P21754	A7MCA0
P21754	Q5TYP2
P21754	A0A8M2BHI9
P21754	Q9PWC7
Q6PJE2	A0A8M1N4F0
Q6PJE2	A0A8M1RNX3
Q6PJE2	Q4QRF0
Q6PJE2	A7MBZ6
Q6PJE2	A7MCA0
Q6PJE2	Q5TYP2
Q6PJE2	A0A8M2BHI9
Q6PJE2	Q9PWC7
P22223	A0A8M6YZI6
P22223	A0A8M6Z1U1
P22223	Q90Z37
P12830	A0A8M6YZI6
P12830	A0A8M6Z1U1
P12830	Q90Z37
P27169	A0A8M1NFS1
P27169	Q66JN5
P27169	A0A8M1N6P9
P27169	Q6NXA5
Q15166	A0A8M1NFS1
Q15166	Q66JN5
Q15166	A0A8M1N6P9
Q15166	Q6NXA5
Q15165	A0A8M1NFS1
Q15165	Q66JN5
Q15165	A0A8M1N6P9
Q15165	Q6NXA5
P28360	A0A8N7UZI3
P28360	Q01704
P35548	A0A8N7UZI3
P35548	Q01704
P29034	Q6XG62
P29034	A3FKT8
P26447	Q6XG62
P26447	A3FKT8
P30511	Q31365
P30511	A0A0S1RUH3
P30511	A0A8M2B625
P17693	Q31365
P17693	A0A0S1RUH3
P17693	A0A8M2B625
P13747	Q31365
P13747	A0A0S1RUH3
P13747	A0A8M2B625
P01889	Q31365
P01889	A0A0S1RUH3
P01889	A0A8M2B625
Q95460	Q31365
Q95460	A0A0S1RUH3
Q95460	A0A8M2B625
P10321	Q31365
P10321	A0A0S1RUH3
P10321	A0A8M2B625
Q30201	Q31365
Q30201	A0A0S1RUH3
Q30201	A0A8M2B625
P01893	Q31365
P01893	A0A0S1RUH3
P01893	A0A8M2B625
P04439	Q31365
P04439	A0A0S1RUH3
P04439	A0A8M2B625
P30838	Q90ZZ8
P30838	A0A8M2B3W0
P30838	A0A8M1P3N5
P51648	Q90ZZ8
P51648	A0A8M2B3W0
P51648	A0A8M1P3N5
P32322	A0A8M9Q700
P32322	Q6P971
Q96C36	A0A8M9Q700
Q96C36	Q6P971
P32926	H2EQR6
P32926	A0A8M2BIB6
Q14126	H2EQR6
Q14126	A0A8M2BIB6
Q02413	H2EQR6
Q02413	A0A8M2BIB6
Q86SJ6	H2EQR6
Q86SJ6	A0A8M2BIB6
P35247	Q504I3
P35247	A0A8M3AQC7
P35247	A9JSU1
P35247	A0A8M3B0E5
P11226	Q504I3
P11226	A0A8M3AQC7
P11226	A9JSU1
P11226	A0A8M3B0E5
P36268	A0A8M6YZQ0
P36268	A0A8N7T800
A6NGU5	A0A8M6YZQ0
A6NGU5	A0A8N7T800
P19440	A0A8M6YZQ0
P19440	A0A8N7T800
P42229	Q68SP3
P42229	Q68SP2
P51692	Q68SP3
P51692	Q68SP2
P42702	A0A8M3ATV3
P42702	A0A0R4IE17
Q99650	A0A8M3ATV3
Q99650	A0A0R4IE17
P50225	Q6DHH8
P50225	Q49IK6
O43704	Q6DHH8
O43704	Q49IK6
O75897	Q6DHH8
O75897	Q49IK6
O00338	Q6DHH8
O00338	Q49IK6
P50226	Q6DHH8
P50226	Q49IK6
P0DMN0	Q6DHH8
P0DMN0	Q49IK6
P0DMM9	Q6DHH8
P0DMM9	Q49IK6
Q6IMI6	Q6DHH8
Q6IMI6	Q49IK6
P51681	A0A8M1PZS1
P51681	F1QYD4
P51681	A0A8M1Q7U1
P32246	A0A8M1PZS1
P32246	F1QYD4
P32246	A0A8M1Q7U1
P41597	A0A8M1PZS1
P41597	F1QYD4
P41597	A0A8M1Q7U1
P51679	A0A8M1PZS1
P51679	F1QYD4
P51679	A0A8M1Q7U1
P51677	A0A8M1PZS1
P51677	F1QYD4
P51677	A0A8M1Q7U1
P52597	F1QFJ8
P52597	Q6P0V0
P31943	F1QFJ8
P31943	Q6P0V0
P55795	F1QFJ8
P55795	Q6P0V0
P52907	Q7ZUR4
P52907	Q6ZM50
P47755	Q7ZUR4
P47755	Q6ZM50
P54792	A0A8M9PFK0
P54792	A0A8M2BGK1
O14640	A0A8M9PFK0
O14640	A0A8M2BGK1
P56750	Q568F1
P56750	A8E4Z2
P56750	Q6AZV9
P56748	Q568F1
P56748	A8E4Z2
P56748	Q6AZV9
P59025	A0A8N7T7H9
P59025	B3DKF1
Q5QGT7	A0A8N7T7H9
Q5QGT7	B3DKF1
P69891	Q6ZM12
P69891	Q7T1B0
P69891	Q90485
P69891	O93548
P69891	Q90486
P68871	Q6ZM12
P68871	Q7T1B0
P68871	Q90485
P68871	O93548
P68871	Q90486
P02100	Q6ZM12
P02100	Q7T1B0
P02100	Q90485
P02100	O93548
P02100	Q90486
P02042	Q6ZM12
P02042	Q7T1B0
P02042	Q90485
P02042	O93548
P02042	Q90486
P69892	Q6ZM12
P69892	Q7T1B0
P69892	Q90485
P69892	O93548
P69892	Q90486
P69905	Q90487
P69905	Q7ZT21
P69905	Q6ZM17
P69905	Q7ZYZ4
P69905	Q6ZM13
P69905	A0A8M1P8W3
P02008	Q90487
P02008	Q7ZT21
P02008	Q6ZM17
P02008	Q7ZYZ4
P02008	Q6ZM13
P02008	A0A8M1P8W3
P78417	Q6DHK5
P78417	Q5U3M8
Q9H4Y5	Q6DHK5
Q9H4Y5	Q5U3M8
P98088	A0A8M9PYQ3
P98088	A0A8M9PHK0
P98088	A0A8M9PZB0
Q02817	A0A8M9PYQ3
Q02817	A0A8M9PHK0
Q02817	A0A8M9PZB0
Q9HC84	A0A8M9PYQ3
Q9HC84	A0A8M9PHK0
Q9HC84	A0A8M9PZB0
P98088	X1WBL9
P98088	A0A8M9PYQ3
P98088	A0A8M9PHK0
Q02817	X1WBL9
Q02817	A0A8M9PYQ3
Q02817	A0A8M9PHK0
Q9HC84	X1WBL9
Q9HC84	A0A8M9PYQ3
Q9HC84	A0A8M9PHK0
Q06520	Q6P2U4
Q06520	A4FUP0
Q06520	A0EXC5
O00204	Q6P2U4
O00204	A4FUP0
O00204	A0EXC5
Q08708	A0A8M9PPK3
Q08708	E7F150
Q08708	A0A8M9Q8I7
Q08708	A0A8M2B729
Q9UGN4	A0A8M9PPK3
Q9UGN4	E7F150
Q9UGN4	A0A8M9Q8I7
Q9UGN4	A0A8M2B729
Q8TDQ1	A0A8M9PPK3
Q8TDQ1	E7F150
Q8TDQ1	A0A8M9Q8I7
Q8TDQ1	A0A8M2B729
Q6UXZ3	A0A8M9PPK3
Q6UXZ3	E7F150
Q6UXZ3	A0A8M9Q8I7
Q6UXZ3	A0A8M2B729
Q496F6	A0A8M9PPK3
Q496F6	E7F150
Q496F6	A0A8M9Q8I7
Q496F6	A0A8M2B729
A0A0K2S4Q6	A0A8M9PPK3
A0A0K2S4Q6	E7F150
A0A0K2S4Q6	A0A8M9Q8I7
A0A0K2S4Q6	A0A8M2B729
A8K4G0	A0A8M9PPK3
A8K4G0	E7F150
A8K4G0	A0A8M9Q8I7
A8K4G0	A0A8M2B729
Q12836	F1QUS3
Q12836	F1QJ26
Q12836	Q98SS0
Q12836	A3KP56
Q12836	F1QNI8
Q12836	A7MBW8
Q12836	F1R003
Q12836	F1QMZ0
P60852	F1QUS3
P60852	F1QJ26
P60852	Q98SS0
P60852	A3KP56
P60852	F1QNI8
P60852	A7MBW8
P60852	F1R003
P60852	F1QMZ0
Q14684	A0A8M9QJV2
Q14684	A0A8M9PT95
P56182	A0A8M9QJV2
P56182	A0A8M9PT95
Q3SXM0	A0A8M9NZH4
Q3SXM0	Q6PC79
Q8WV16	A0A8M9NZH4
Q8WV16	Q6PC79
Q8NA75	A0A8M9NZH4
Q8NA75	Q6PC79
Q3SY17	Q6PBV5
Q3SY17	E7F6T6
Q9H1U9	Q6PBV5
Q9H1U9	E7F6T6
Q53G44	A0A8M9P4B9
Q53G44	A0A8M1RFT6
Q53G44	A0A8M1RJI1
Q53G44	B0S6B6
Q53G44	A0A8M3AN49
Q53G44	B3DJY8
Q53G44	A0A8M1NB83
Q8TCB0	A0A8M9P4B9
Q8TCB0	A0A8M1RFT6
Q8TCB0	A0A8M1RJI1
Q8TCB0	B0S6B6
Q8TCB0	A0A8M3AN49
Q8TCB0	B3DJY8
Q8TCB0	A0A8M1NB83
Q5JTV8	A0A8M1PSD4
Q5JTV8	A0A8M2BEC0
Q8NFQ8	A0A8M1PSD4
Q8NFQ8	A0A8M2BEC0
Q5K651	A0A8M9PXF2
Q5K651	A0A8M9P853
Q8IVG5	A0A8M9PXF2
Q8IVG5	A0A8M9P853
Q5T764	A0A0G2KV16
Q5T764	E7FCM5
Q5T764	E7FBH4
Q5T764	A0A8M1NUT8
O14879	A0A0G2KV16
O14879	E7FCM5
O14879	E7FBH4
O14879	A0A8M1NUT8
P09914	A0A0G2KV16
P09914	E7FCM5
P09914	E7FBH4
P09914	A0A8M1NUT8
P09913	A0A0G2KV16
P09913	E7FCM5
P09913	E7FBH4
P09913	A0A8M1NUT8
Q13325	A0A0G2KV16
Q13325	E7FCM5
Q13325	E7FBH4
Q13325	A0A8M1NUT8
Q6P3X8	A0A8M2B6L3
Q6P3X8	A0A8M1RP73
Q8N328	A0A8M2B6L3
Q8N328	A0A8M1RP73
Q96JS3	A0A8M2B6L3
Q96JS3	A0A8M1RP73
Q6UX53	A0A8M9PRK7
Q6UX53	Q05AJ2
Q6UX53	A0A8M9PKI7
Q9H8H3	A0A8M9PRK7
Q9H8H3	Q05AJ2
Q9H8H3	A0A8M9PKI7
Q6UXS9	A7MBW7
Q6UXS9	Q504J1
Q6UXS9	Q9I9L7
Q6UXS9	B8A526
P51878	A7MBW7
P51878	Q504J1
P51878	Q9I9L7
P51878	B8A526
P29466	A7MBW7
P29466	Q504J1
P29466	Q9I9L7
P29466	B8A526
P49662	A7MBW7
P49662	Q504J1
P49662	Q9I9L7
P49662	B8A526
Q6WCQ1	A0A8M3B0C4
Q6WCQ1	A0A8M1P324
Q9H2D6	A0A8M3B0C4
Q9H2D6	A0A8M1P324
Q86TX2	Q5SPG8
Q86TX2	A0A8M1NZE7
Q86TX2	A0A8N7T759
Q8N9L9	Q5SPG8
Q8N9L9	A0A8M1NZE7
Q8N9L9	A0A8N7T759
P49753	Q5SPG8
P49753	A0A8M1NZE7
P49753	A0A8N7T759
Q3I5F7	Q5SPG8
Q3I5F7	A0A8M1NZE7
Q3I5F7	A0A8N7T759
Q86WT1	A7YE96
Q86WT1	A0A8M9PYI9
Q8N4P2	A7YE96
Q8N4P2	A0A8M9PYI9
Q8IYD1	Q68EH0
Q8IYD1	Q7T358
P15170	Q68EH0
P15170	Q7T358
Q8IZF3	A0A8M9P2Z8
Q8IZF3	A0A8M6Z2X2
Q5T601	A0A8M9P2Z8
Q5T601	A0A8M6Z2X2
Q8N3T6	X1WHI7
Q8N3T6	F1RAQ3
Q14C87	X1WHI7
Q14C87	F1RAQ3
Q14DG7	X1WHI7
Q14DG7	F1RAQ3
Q8N635	F1R891
Q8N635	A0A2R8RX28
H3BU10	F1R891
H3BU10	A0A2R8RX28
Q8N7P3	A0A8M9PY60
Q8N7P3	A0A8N7UYT8
A6NM45	A0A8M9PY60
A6NM45	A0A8N7UYT8
C9JDP6	A0A8M9PY60
C9JDP6	A0A8N7UYT8
Q8N9E0	A1A5I1
Q8N9E0	A0A8M9PRU0
Q5BKY9	A1A5I1
Q5BKY9	A0A8M9PRU0
Q8NCI6	A0A8M9QH93
Q8NCI6	A0A8M3AS61
Q8IW92	A0A8M9QH93
Q8IW92	A0A8M3AS61
Q8ND94	A0A8M9QGI4
Q8ND94	A0A2R8RVM5
Q8WUT4	A0A8M9QGI4
Q8WUT4	A0A2R8RVM5
Q8NF86	A0A8M1Q1Z2
Q8NF86	Q6DHH4
Q9BQR3	A0A8M1Q1Z2
Q9BQR3	Q6DHH4
Q9GZN4	A0A8M1Q1Z2
Q9GZN4	Q6DHH4
Q8NFZ3	D0EVX4
Q8NFZ3	A0A8M9QBU0
Q8N0W4	D0EVX4
Q8N0W4	A0A8M9QBU0
Q8NH64	Q2PRE4
Q8NH64	Q2PRE5
Q8NH64	A0A8M9P7L0
Q8NH64	A0A8M1RJ33
Q8NGF3	Q2PRE4
Q8NGF3	Q2PRE5
Q8NGF3	A0A8M9P7L0
Q8NGF3	A0A8M1RJ33
Q9UKL2	Q2PRE4
Q9UKL2	Q2PRE5
Q9UKL2	A0A8M9P7L0
Q9UKL2	A0A8M1RJ33
Q8NGK5	Q2PRE4
Q8NGK5	Q2PRE5
Q8NGK5	A0A8M9P7L0
Q8NGK5	A0A8M1RJ33
Q8NGH9	Q2PRE4
Q8NGH9	Q2PRE5
Q8NGH9	A0A8M9P7L0
Q8NGH9	A0A8M1RJ33
Q8NGK3	Q2PRE4
Q8NGK3	Q2PRE5
Q8NGK3	A0A8M9P7L0
Q8NGK3	A0A8M1RJ33
Q8NH60	Q2PRE4
Q8NH60	Q2PRE5
Q8NH60	A0A8M9P7L0
Q8NH60	A0A8M1RJ33
Q9H346	Q2PRE4
Q9H346	Q2PRE5
Q9H346	A0A8M9P7L0
Q9H346	A0A8M1RJ33
Q8NGJ4	Q2PRE4
Q8NGJ4	Q2PRE5
Q8NGJ4	A0A8M9P7L0
Q8NGJ4	A0A8M1RJ33
Q8NGI2	Q2PRE4
Q8NGI2	Q2PRE5
Q8NGI2	A0A8M9P7L0
Q8NGI2	A0A8M1RJ33
Q9H2C5	Q2PRE4
Q9H2C5	Q2PRE5
Q9H2C5	A0A8M9P7L0
Q9H2C5	A0A8M1RJ33
Q8NGK0	Q2PRE4
Q8NGK0	Q2PRE5
Q8NGK0	A0A8M9P7L0
Q8NGK0	A0A8M1RJ33
Q8NH67	Q2PRE4
Q8NH67	Q2PRE5
Q8NH67	A0A8M9P7L0
Q8NH67	A0A8M1RJ33
Q8NGJ5	Q2PRE4
Q8NGJ5	Q2PRE5
Q8NGJ5	A0A8M9P7L0
Q8NGJ5	A0A8M1RJ33
Q8NGF0	Q2PRE4
Q8NGF0	Q2PRE5
Q8NGF0	A0A8M9P7L0
Q8NGF0	A0A8M1RJ33
Q8NGH6	Q2PRE4
Q8NGH6	Q2PRE5
Q8NGH6	A0A8M9P7L0
Q8NGH6	A0A8M1RJ33
Q8NGI0	Q2PRE4
Q8NGI0	Q2PRE5
Q8NGI0	A0A8M9P7L0
Q8NGI0	A0A8M1RJ33
Q96RD2	Q2PRE4
Q96RD2	Q2PRE5
Q96RD2	A0A8M9P7L0
Q96RD2	A0A8M1RJ33
Q8NH63	Q2PRE4
Q8NH63	Q2PRE5
Q8NH63	A0A8M9P7L0
Q8NH63	A0A8M1RJ33
Q8NGJ3	Q2PRE4
Q8NGJ3	Q2PRE5
Q8NGJ3	A0A8M9P7L0
Q8NGJ3	A0A8M1RJ33
Q9H343	Q2PRE4
Q9H343	Q2PRE5
Q9H343	A0A8M9P7L0
Q9H343	A0A8M1RJ33
Q9H2C8	Q2PRE4
Q9H2C8	Q2PRE5
Q9H2C8	A0A8M9P7L0
Q9H2C8	A0A8M1RJ33
Q8NGK6	Q2PRE4
Q8NGK6	Q2PRE5
Q8NGK6	A0A8M9P7L0
Q8NGK6	A0A8M1RJ33
Q8NGH7	Q2PRE4
Q8NGH7	Q2PRE5
Q8NGH7	A0A8M9P7L0
Q8NGH7	A0A8M1RJ33
Q8NH53	Q2PRE4
Q8NH53	Q2PRE5
Q8NH53	A0A8M9P7L0
Q8NH53	A0A8M1RJ33
Q8NH55	Q2PRE4
Q8NH55	Q2PRE5
Q8NH55	A0A8M9P7L0
Q8NH55	A0A8M1RJ33
Q8NH57	Q2PRE4
Q8NH57	Q2PRE5
Q8NH57	A0A8M9P7L0
Q8NH57	A0A8M1RJ33
Q8NGK1	Q2PRE4
Q8NGK1	Q2PRE5
Q8NGK1	A0A8M9P7L0
Q8NGK1	A0A8M1RJ33
Q96RD3	Q2PRE4
Q96RD3	Q2PRE5
Q96RD3	A0A8M9P7L0
Q96RD3	A0A8M1RJ33
P0C646	Q2PRE4
P0C646	Q2PRE5
P0C646	A0A8M9P7L0
P0C646	A0A8M1RJ33
Q9H344	Q2PRE4
Q9H344	Q2PRE5
Q9H344	A0A8M9P7L0
Q9H344	A0A8M1RJ33
Q6IFG1	Q2PRE4
Q6IFG1	Q2PRE5
Q6IFG1	A0A8M9P7L0
Q6IFG1	A0A8M1RJ33
Q8TCB6	Q2PRE4
Q8TCB6	Q2PRE5
Q8TCB6	A0A8M9P7L0
Q8TCB6	A0A8M1RJ33
Q8NGJ6	Q2PRE4
Q8NGJ6	Q2PRE5
Q8NGJ6	A0A8M9P7L0
Q8NGJ6	A0A8M1RJ33
Q8NH61	Q2PRE4
Q8NH61	Q2PRE5
Q8NH61	A0A8M9P7L0
Q8NH61	A0A8M1RJ33
Q9H255	Q2PRE4
Q9H255	Q2PRE5
Q9H255	A0A8M9P7L0
Q9H255	A0A8M1RJ33
Q8NGK4	Q2PRE4
Q8NGK4	Q2PRE5
Q8NGK4	A0A8M9P7L0
Q8NGK4	A0A8M1RJ33
Q8NGJ2	Q2PRE4
Q8NGJ2	Q2PRE5
Q8NGJ2	A0A8M9P7L0
Q8NGJ2	A0A8M1RJ33
A6NGY5	Q2PRE4
A6NGY5	Q2PRE5
A6NGY5	A0A8M9P7L0
A6NGY5	A0A8M1RJ33
Q8NGK2	Q2PRE4
Q8NGK2	Q2PRE5
Q8NGK2	A0A8M9P7L0
Q8NGK2	A0A8M1RJ33
Q8NGJ9	Q2PRE4
Q8NGJ9	Q2PRE5
Q8NGJ9	A0A8M9P7L0
Q8NGJ9	A0A8M1RJ33
Q8NGF1	Q2PRE4
Q8NGF1	Q2PRE5
Q8NGF1	A0A8M9P7L0
Q8NGF1	A0A8M1RJ33
Q9Y5P1	Q2PRE4
Q9Y5P1	Q2PRE5
Q9Y5P1	A0A8M9P7L0
Q9Y5P1	A0A8M1RJ33
Q8NH56	Q2PRE4
Q8NH56	Q2PRE5
Q8NH56	A0A8M9P7L0
Q8NH56	A0A8M1RJ33
Q8NHW4	A9ZPD8
Q8NHW4	A9ZPD7
P10147	A9ZPD8
P10147	A9ZPD7
P13236	A9ZPD8
P13236	A9ZPD7
Q16627	A9ZPD8
Q16627	A9ZPD7
P16619	A9ZPD8
P16619	A9ZPD7
P55774	A9ZPD8
P55774	A9ZPD7
Q8TDC3	A0A8M3B1F0
Q8TDC3	A0A8M6YYI9
Q8IWQ3	A0A8M3B1F0
Q8IWQ3	A0A8M6YYI9
Q8TDS4	C6EVZ7
Q8TDS4	C6EVZ8
P49019	C6EVZ7
P49019	C6EVZ8
Q9BXC0	C6EVZ7
Q9BXC0	C6EVZ8
Q8WWU7	A0A8M9PRW6
Q8WWU7	A0A8M9Q2D9
Q8WWU7	C1IHV0
Q8WWU7	A0A8M2BG89
Q8WWU7	A0A8M9Q2I1
Q8WWU7	F1QYP1
Q8WWU7	A0A8M6Z0D1
Q8WWA0	A0A8M9PRW6
Q8WWA0	A0A8M9Q2D9
Q8WWA0	C1IHV0
Q8WWA0	A0A8M2BG89
Q8WWA0	A0A8M9Q2I1
Q8WWA0	F1QYP1
Q8WWA0	A0A8M6Z0D1
Q969I3	A0A8M1P898
Q969I3	A0A8M1P906
Q969I3	A0A8M3B4A7
Q6IB77	A0A8M1P898
Q6IB77	A0A8M1P906
Q6IB77	A0A8M3B4A7
A0A0U1RQE8	A0A8M1P898
A0A0U1RQE8	A0A8M1P906
A0A0U1RQE8	A0A8M3B4A7
Q8WU03	A0A8M1P898
Q8WU03	A0A8M1P906
Q8WU03	A0A8M3B4A7
Q5SZD4	A0A8M1P898
Q5SZD4	A0A8M1P906
Q5SZD4	A0A8M3B4A7
Q969Z3	Q58EJ9
Q969Z3	A0A8M1N4P2
Q5VT66	Q58EJ9
Q5VT66	A0A8M1N4P2
Q96AQ1	A0A8M3AUX5
Q96AQ1	E9QFF3
Q96LY2	A0A8M3AUX5
Q96LY2	E9QFF3
Q96DX8	A0A8N7T7H9
Q96DX8	B3DKF1
Q9BQQ7	A0A8N7T7H9
Q9BQQ7	B3DKF1
Q96JQ5	X1WEF3
Q96JQ5	Q0P3U8
Q96JQ5	A5WUV2
Q96JQ5	A5WUU8
Q96JQ5	A2RRW5
Q96JQ5	A0A8M3ARS8
Q96JQ5	A5WUU9
Q96JQ5	A0A8M2BC58
Q96JQ5	A0A8M1P8I9
Q96JQ5	A0A8M1P8N1
Q96JQ5	E9QHI6
Q96JQ5	A3KNL7
Q96JQ5	A0A8M2BC98
Q96JQ5	E7F0M5
Q96JQ5	X1WHH5
Q96JQ5	X1WE70
Q96JQ5	A0A8M1NED8
Q96JQ5	Q567H8
Q96PG1	X1WEF3
Q96PG1	Q0P3U8
Q96PG1	A5WUV2
Q96PG1	A5WUU8
Q96PG1	A2RRW5
Q96PG1	A0A8M3ARS8
Q96PG1	A5WUU9
Q96PG1	A0A8M2BC58
Q96PG1	A0A8M1P8I9
Q96PG1	A0A8M1P8N1
Q96PG1	E9QHI6
Q96PG1	A3KNL7
Q96PG1	A0A8M2BC98
Q96PG1	E7F0M5
Q96PG1	X1WHH5
Q96PG1	X1WE70
Q96PG1	A0A8M1NED8
Q96PG1	Q567H8
Q96KV6	A0A8M9PZP6
Q96KV6	A4IG35
Q96KV6	A0A8M9PP59
Q96KV6	A0A8M9Q302
Q96KV6	A0A8M6Z5J6
Q96KV6	Q2YDQ1
Q6UXG8	A0A8M9PZP6
Q6UXG8	A4IG35
Q6UXG8	A0A8M9PP59
Q6UXG8	A0A8M9Q302
Q6UXG8	A0A8M6Z5J6
Q6UXG8	Q2YDQ1
Q6UX41	A0A8M9PZP6
Q6UX41	A4IG35
Q6UX41	A0A8M9PP59
Q6UX41	A0A8M9Q302
Q6UX41	A0A8M6Z5J6
Q6UX41	Q2YDQ1
Q7KYR7	A0A8M9PZP6
Q7KYR7	A4IG35
Q7KYR7	A0A8M9PP59
Q7KYR7	A0A8M9Q302
Q7KYR7	A0A8M6Z5J6
Q7KYR7	Q2YDQ1
O00481	A0A8M9PZP6
O00481	A4IG35
O00481	A0A8M9PP59
O00481	A0A8M9Q302
O00481	A0A8M6Z5J6
O00481	Q2YDQ1
Q6UXE8	A0A8M9PZP6
Q6UXE8	A4IG35
Q6UXE8	A0A8M9PP59
Q6UXE8	A0A8M9Q302
Q6UXE8	A0A8M6Z5J6
Q6UXE8	Q2YDQ1
Q8WVV5	A0A8M9PZP6
Q8WVV5	A4IG35
Q8WVV5	A0A8M9PP59
Q8WVV5	A0A8M9Q302
Q8WVV5	A0A8M6Z5J6
Q8WVV5	Q2YDQ1
O00478	A0A8M9PZP6
O00478	A4IG35
O00478	A0A8M9PP59
O00478	A0A8M9Q302
O00478	A0A8M6Z5J6
O00478	Q2YDQ1
Q13410	A0A8M9PZP6
Q13410	A4IG35
Q13410	A0A8M9PP59
Q13410	A0A8M9Q302
Q13410	A0A8M6Z5J6
Q13410	Q2YDQ1
Q96L15	A0A8M1P856
Q96L15	A0A8M9PQL7
Q96L15	A0A8M9PGT6
Q96L15	A0A8M1P3J5
Q96L15	A0A8M9PBL7
Q96L15	A0A8M9P894
Q96L15	A0A8M9PQ81
Q96L15	A0A8M9PTX9
Q96L15	A0A8M9Q2Y2
Q96L15	A0A8M9P9B1
Q96L15	A0A8M9Q2X1
Q96L15	A0A8M6Z571
Q96L15	A0A8M6Z5M4
Q96L15	A0A8M9PJ83
Q96L15	A0A8M9Q236
P52961	A0A8M1P856
P52961	A0A8M9PQL7
P52961	A0A8M9PGT6
P52961	A0A8M1P3J5
P52961	A0A8M9PBL7
P52961	A0A8M9P894
P52961	A0A8M9PQ81
P52961	A0A8M9PTX9
P52961	A0A8M9Q2Y2
P52961	A0A8M9P9B1
P52961	A0A8M9Q2X1
P52961	A0A8M6Z571
P52961	A0A8M6Z5M4
P52961	A0A8M9PJ83
P52961	A0A8M9Q236
Q93070	A0A8M1P856
Q93070	A0A8M9PQL7
Q93070	A0A8M9PGT6
Q93070	A0A8M1P3J5
Q93070	A0A8M9PBL7
Q93070	A0A8M9P894
Q93070	A0A8M9PQ81
Q93070	A0A8M9PTX9
Q93070	A0A8M9Q2Y2
Q93070	A0A8M9P9B1
Q93070	A0A8M9Q2X1
Q93070	A0A8M6Z571
Q93070	A0A8M6Z5M4
Q93070	A0A8M9PJ83
Q93070	A0A8M9Q236
Q96L46	A7MBX1
Q96L46	Q1LYC9
P04632	A7MBX1
P04632	Q1LYC9
Q96PD4	Q5TKT4
Q96PD4	Q5TKT0
Q16552	Q5TKT4
Q16552	Q5TKT0
Q96PP9	A0A8M9Q4E9
Q96PP9	A0A8N7TFH1
P32455	A0A8M9Q4E9
P32455	A0A8N7TFH1
Q6ZN66	A0A8M9Q4E9
Q6ZN66	A0A8N7TFH1
Q9H0R5	A0A8M9Q4E9
Q9H0R5	A0A8N7TFH1
P32456	A0A8M9Q4E9
P32456	A0A8N7TFH1
Q8N8V2	A0A8M9Q4E9
Q8N8V2	A0A8N7TFH1
Q96PP8	A0A8M9Q4E9
Q96PP8	A0A8N7TFH1
Q96PZ2	A0A8M9Q3X8
Q96PZ2	A0A8M9PYA9
Q96PZ2	A0A8M2BCY0
Q96PZ2	A0A8M2BD64
Q6SJ93	A0A8M9Q3X8
Q6SJ93	A0A8M9PYA9
Q6SJ93	A0A8M2BCY0
Q6SJ93	A0A8M2BD64
Q9BPW4	A0A8M1REK7
Q9BPW4	A0A8M2BJ26
Q9BPW4	A0A8M2BE66
Q9BPW4	A0A8M9QFD9
Q9BQE5	A0A8M1REK7
Q9BQE5	A0A8M2BJ26
Q9BQE5	A0A8M2BE66
Q9BQE5	A0A8M9QFD9
Q9BWW8	A0A8M1REK7
Q9BWW8	A0A8M2BJ26
Q9BWW8	A0A8M2BE66
Q9BWW8	A0A8M9QFD9
O14791	A0A8M1REK7
O14791	A0A8M2BJ26
O14791	A0A8M2BE66
O14791	A0A8M9QFD9
Q9BWW9	A0A8M1REK7
Q9BWW9	A0A8M2BJ26
Q9BWW9	A0A8M2BE66
Q9BWW9	A0A8M9QFD9
O95236	A0A8M1REK7
O95236	A0A8M2BJ26
O95236	A0A8M2BE66
O95236	A0A8M9QFD9
Q9BRJ9	Q9IB70
Q9BRJ9	I2AVW0
Q9BRJ9	Q9IB69
Q9BRJ9	I2AVV9
Q0VG99	Q9IB70
Q0VG99	I2AVW0
Q0VG99	Q9IB69
Q0VG99	I2AVV9
Q9BWF3	Q6IQ97
Q9BWF3	Q803F7
Q9BQ04	Q6IQ97
Q9BQ04	Q803F7
Q9BXE9	A0A0R4IM31
Q9BXE9	A0A8M9PEQ0
Q8NFZ6	A0A0R4IM31
Q8NFZ6	A0A8M9PEQ0
Q9GZP7	A0A0R4IM31
Q9GZP7	A0A8M9PEQ0
Q7Z5H5	A0A0R4IM31
Q7Z5H5	A0A8M9PEQ0
Q9BXR6	E2FHP4
Q9BXR6	Q32PU8
Q9BXR6	Q5U3W5
Q02985	E2FHP4
Q02985	Q32PU8
Q02985	Q5U3W5
Q03591	E2FHP4
Q03591	Q32PU8
Q03591	Q5U3W5
P08603	E2FHP4
P08603	Q32PU8
P08603	Q5U3W5
Q9BZP6	Q6P006
Q9BZP6	Q6NZZ8
Q9BZP6	B7ZVM0
Q9BZP6	Q7SYA8
Q13231	Q6P006
Q13231	Q6NZZ8
Q13231	B7ZVM0
Q13231	Q7SYA8
Q9BZW4	A0A8M2BFR9
Q9BZW4	A1L2E0
Q9BZW5	A0A8M2BFR9
Q9BZW5	A1L2E0
Q9C0A0	A0A8M3AUM4
Q9C0A0	A0A8M3AW13
Q8WYK1	A0A8M3AUM4
Q8WYK1	A0A8M3AW13
Q9H2X3	A0A8M9PSS0
Q9H2X3	A0A8M9PZZ6
Q9H2X3	A0A8M3B380
Q9H2X3	A0A8M1NXD2
Q9H2X3	A0A8M2B1V0
Q9H2X3	A0A8M9PAA7
Q9H2X3	A0A8M3AWR2
Q9H2X3	A0A8M9PWQ4
Q9H2X3	A0A8M3BCY5
Q9H2X3	A0A8M6Z3U1
Q9H2X3	A0A8M9Q001
Q9H2X3	A0A8M9Q3A1
Q9H2X3	A0A8M2BJT7
Q9H2X3	A0A8M9PUK8
Q9H2X3	A0A8M9PAA9
Q9NNX6	A0A8M9PSS0
Q9NNX6	A0A8M9PZZ6
Q9NNX6	A0A8M3B380
Q9NNX6	A0A8M1NXD2
Q9NNX6	A0A8M2B1V0
Q9NNX6	A0A8M9PAA7
Q9NNX6	A0A8M3AWR2
Q9NNX6	A0A8M9PWQ4
Q9NNX6	A0A8M3BCY5
Q9NNX6	A0A8M6Z3U1
Q9NNX6	A0A8M9Q001
Q9NNX6	A0A8M9Q3A1
Q9NNX6	A0A8M2BJT7
Q9NNX6	A0A8M9PUK8
Q9NNX6	A0A8M9PAA9
Q9HAZ1	A0A8M1RNS5
Q9HAZ1	A0A8M1PAK3
P49759	A0A8M1RNS5
P49759	A0A8M1PAK3
Q9HB58	A0A8M9PWS6
Q9HB58	A0A8M9PN79
Q9HB58	A0A8M9PDW0
Q9HB58	A0A8M9PQJ3
Q9H930	A0A8M9PWS6
Q9H930	A0A8M9PN79
Q9H930	A0A8M9PDW0
Q9H930	A0A8M9PQJ3
Q13342	A0A8M9PWS6
Q13342	A0A8M9PN79
Q13342	A0A8M9PDW0
Q13342	A0A8M9PQJ3
Q9NR16	A0A8M9PY22
Q9NR16	A0A8M9Q1D9
Q9NR16	A0A8M9PHM5
Q9NR16	A0A8M9Q0V4
Q9UGM3	A0A8M9PY22
Q9UGM3	A0A8M9Q1D9
Q9UGM3	A0A8M9PHM5
Q9UGM3	A0A8M9Q0V4
Q9NRD1	F1QSL6
Q9NRD1	F1Q8M7
Q9NRD1	A0A8M9PKT0
Q9NRD1	Q08C31
Q9NRD1	A0A8M9PWH6
Q9NRD1	Q4QRC9
Q9NRD1	A8KBJ9
Q9H4M3	F1QSL6
Q9H4M3	F1Q8M7
Q9H4M3	A0A8M9PKT0
Q9H4M3	Q08C31
Q9H4M3	A0A8M9PWH6
Q9H4M3	Q4QRC9
Q9H4M3	A8KBJ9
Q9NWW9	Q6DHK9
Q9NWW9	A0A8M1NAZ5
P53816	Q6DHK9
P53816	A0A8M1NAZ5
Q9P232	F1QGN2
Q9P232	F1QQK1
Q8IWV2	F1QGN2
Q8IWV2	F1QQK1
Q9UBN6	A0A8M1P718
Q9UBN6	F1QD95
O14763	A0A8M1P718
O14763	F1QD95
O00220	A0A8M1P718
O00220	F1QD95
O14798	A0A8M1P718
O14798	F1QD95
Q9UHE5	A0A8M1PSN6
Q9UHE5	A0A8M9PYZ3
Q9UHF3	A0A8M1PSN6
Q9UHF3	A0A8M9PYZ3
Q9UI42	F1QVD7
Q9UI42	Q6GMH9
P48052	F1QVD7
P48052	Q6GMH9
Q9UN74	F1QIY1
Q9UN74	Q60I68
Q9UN74	Q60I65
Q9UN74	Q60I76
Q9UN74	I6LC33
Q9UN74	Q60I70
Q9UN74	Q60I72
Q9UN74	Q60I67
Q9UN74	E7F4G4
Q9UN74	Q60I74
Q9UN74	Q60I75
Q9UN74	Q60I71
Q9UN74	Q60I69
Q9UN75	F1QIY1
Q9UN75	Q60I68
Q9UN75	Q60I65
Q9UN75	Q60I76
Q9UN75	I6LC33
Q9UN75	Q60I70
Q9UN75	Q60I72
Q9UN75	Q60I67
Q9UN75	E7F4G4
Q9UN75	Q60I74
Q9UN75	Q60I75
Q9UN75	Q60I71
Q9UN75	Q60I69
Q9UN72	F1QIY1
Q9UN72	Q60I68
Q9UN72	Q60I65
Q9UN72	Q60I76
Q9UN72	I6LC33
Q9UN72	Q60I70
Q9UN72	Q60I72
Q9UN72	Q60I67
Q9UN72	E7F4G4
Q9UN72	Q60I74
Q9UN72	Q60I75
Q9UN72	Q60I71
Q9UN72	Q60I69
Q9Y5I1	F1QIY1
Q9Y5I1	Q60I68
Q9Y5I1	Q60I65
Q9Y5I1	Q60I76
Q9Y5I1	I6LC33
Q9Y5I1	Q60I70
Q9Y5I1	Q60I72
Q9Y5I1	Q60I67
Q9Y5I1	E7F4G4
Q9Y5I1	Q60I74
Q9Y5I1	Q60I75
Q9Y5I1	Q60I71
Q9Y5I1	Q60I69
Q9Y5H7	F1QIY1
Q9Y5H7	Q60I68
Q9Y5H7	Q60I65
Q9Y5H7	Q60I76
Q9Y5H7	I6LC33
Q9Y5H7	Q60I70
Q9Y5H7	Q60I72
Q9Y5H7	Q60I67
Q9Y5H7	E7F4G4
Q9Y5H7	Q60I74
Q9Y5H7	Q60I75
Q9Y5H7	Q60I71
Q9Y5H7	Q60I69
Q9Y5I0	F1QIY1
Q9Y5I0	Q60I68
Q9Y5I0	Q60I65
Q9Y5I0	Q60I76
Q9Y5I0	I6LC33
Q9Y5I0	Q60I70
Q9Y5I0	Q60I72
Q9Y5I0	Q60I67
Q9Y5I0	E7F4G4
Q9Y5I0	Q60I74
Q9Y5I0	Q60I75
Q9Y5I0	Q60I71
Q9Y5I0	Q60I69
Q9Y5H9	F1QIY1
Q9Y5H9	Q60I68
Q9Y5H9	Q60I65
Q9Y5H9	Q60I76
Q9Y5H9	I6LC33
Q9Y5H9	Q60I70
Q9Y5H9	Q60I72
Q9Y5H9	Q60I67
Q9Y5H9	E7F4G4
Q9Y5H9	Q60I74
Q9Y5H9	Q60I75
Q9Y5H9	Q60I71
Q9Y5H9	Q60I69
Q9Y5H6	F1QIY1
Q9Y5H6	Q60I68
Q9Y5H6	Q60I65
Q9Y5H6	Q60I76
Q9Y5H6	I6LC33
Q9Y5H6	Q60I70
Q9Y5H6	Q60I72
Q9Y5H6	Q60I67
Q9Y5H6	E7F4G4
Q9Y5H6	Q60I74
Q9Y5H6	Q60I75
Q9Y5H6	Q60I71
Q9Y5H6	Q60I69
Q9Y5I2	F1QIY1
Q9Y5I2	Q60I68
Q9Y5I2	Q60I65
Q9Y5I2	Q60I76
Q9Y5I2	I6LC33
Q9Y5I2	Q60I70
Q9Y5I2	Q60I72
Q9Y5I2	Q60I67
Q9Y5I2	E7F4G4
Q9Y5I2	Q60I74
Q9Y5I2	Q60I75
Q9Y5I2	Q60I71
Q9Y5I2	Q60I69
Q9UN73	F1QIY1
Q9UN73	Q60I68
Q9UN73	Q60I65
Q9UN73	Q60I76
Q9UN73	I6LC33
Q9UN73	Q60I70
Q9UN73	Q60I72
Q9UN73	Q60I67
Q9UN73	E7F4G4
Q9UN73	Q60I74
Q9UN73	Q60I75
Q9UN73	Q60I71
Q9UN73	Q60I69
Q9Y5H8	F1QIY1
Q9Y5H8	Q60I68
Q9Y5H8	Q60I65
Q9Y5H8	Q60I76
Q9Y5H8	I6LC33
Q9Y5H8	Q60I70
Q9Y5H8	Q60I72
Q9Y5H8	Q60I67
Q9Y5H8	E7F4G4
Q9Y5H8	Q60I74
Q9Y5H8	Q60I75
Q9Y5H8	Q60I71
Q9Y5H8	Q60I69
Q9Y5H5	F1QIY1
Q9Y5H5	Q60I68
Q9Y5H5	Q60I65
Q9Y5H5	Q60I76
Q9Y5H5	I6LC33
Q9Y5H5	Q60I70
Q9Y5H5	Q60I72
Q9Y5H5	Q60I67
Q9Y5H5	E7F4G4
Q9Y5H5	Q60I74
Q9Y5H5	Q60I75
Q9Y5H5	Q60I71
Q9Y5H5	Q60I69
Q9Y5I3	F1QIY1
Q9Y5I3	Q60I68
Q9Y5I3	Q60I65
Q9Y5I3	Q60I76
Q9Y5I3	I6LC33
Q9Y5I3	Q60I70
Q9Y5I3	Q60I72
Q9Y5I3	Q60I67
Q9Y5I3	E7F4G4
Q9Y5I3	Q60I74
Q9Y5I3	Q60I75
Q9Y5I3	Q60I71
Q9Y5I3	Q60I69
Q9UQ72	B0CLZ7
Q9UQ72	E9QJI4
Q00889	B0CLZ7
Q00889	E9QJI4
P06731	B0CLZ7
P06731	E9QJI4
Q16557	B0CLZ7
Q16557	E9QJI4
Q9UQ74	B0CLZ7
Q9UQ74	E9QJI4
P13688	B0CLZ7
P13688	E9QJI4
Q6UY09	B0CLZ7
Q6UY09	E9QJI4
Q00887	B0CLZ7
Q00887	E9QJI4
Q00888	B0CLZ7
Q00888	E9QJI4
P11464	B0CLZ7
P11464	E9QJI4
Q13046	B0CLZ7
Q13046	E9QJI4
Q9UQC9	A0A8M1P6E2
Q9UQC9	A0A8M3APN3
Q9UQC9	A0A8M6YT75
A8K7I4	A0A8M1P6E2
A8K7I4	A0A8M3APN3
A8K7I4	A0A8M6YT75
Q14CN2	A0A8M1P6E2
Q14CN2	A0A8M3APN3
Q14CN2	A0A8M6YT75
Q9Y4X3	A9ZPF4
Q9Y4X3	A0A8M1P9V0
Q9NRJ3	A9ZPF4
Q9NRJ3	A0A8M1P9V0
Q9Y5H3	I6LC25
Q9Y5H3	I6LD60
Q9Y5H3	I6LD73
Q9Y5H3	I6LD65
Q9Y5H3	I6LD76
Q9Y5H3	I6LD69
Q9Y5H3	I6LC12
Q9Y5H3	I6LD74
Q9Y5H3	I6LD66
Q9Y5H3	I6LD61
Q9Y5H3	I6LC07
Q9Y5H3	I6LC19
Q9Y5H3	I6LD75
Q9Y5H3	B3DGX5
Q9Y5H3	I6LD72
Q9Y5H3	I6LD67
Q9Y5H3	I6LC28
Q9Y5H3	I6LD63
Q9Y5H3	B3DFM1
Q9Y5H3	I6LC10
Q9Y5H2	I6LC25
Q9Y5H2	I6LD60
Q9Y5H2	I6LD73
Q9Y5H2	I6LD65
Q9Y5H2	I6LD76
Q9Y5H2	I6LD69
Q9Y5H2	I6LC12
Q9Y5H2	I6LD74
Q9Y5H2	I6LD66
Q9Y5H2	I6LD61
Q9Y5H2	I6LC07
Q9Y5H2	I6LC19
Q9Y5H2	I6LD75
Q9Y5H2	B3DGX5
Q9Y5H2	I6LD72
Q9Y5H2	I6LD67
Q9Y5H2	I6LC28
Q9Y5H2	I6LD63
Q9Y5H2	B3DFM1
Q9Y5H2	I6LC10
Q9Y5G1	I6LC25
Q9Y5G1	I6LD60
Q9Y5G1	I6LD73
Q9Y5G1	I6LD65
Q9Y5G1	I6LD76
Q9Y5G1	I6LD69
Q9Y5G1	I6LC12
Q9Y5G1	I6LD74
Q9Y5G1	I6LD66
Q9Y5G1	I6LD61
Q9Y5G1	I6LC07
Q9Y5G1	I6LC19
Q9Y5G1	I6LD75
Q9Y5G1	B3DGX5
Q9Y5G1	I6LD72
Q9Y5G1	I6LD67
Q9Y5G1	I6LC28
Q9Y5G1	I6LD63
Q9Y5G1	B3DFM1
Q9Y5G1	I6LC10
Q9Y5G9	I6LC25
Q9Y5G9	I6LD60
Q9Y5G9	I6LD73
Q9Y5G9	I6LD65
Q9Y5G9	I6LD76
Q9Y5G9	I6LD69
Q9Y5G9	I6LC12
Q9Y5G9	I6LD74
Q9Y5G9	I6LD66
Q9Y5G9	I6LD61
Q9Y5G9	I6LC07
Q9Y5G9	I6LC19
Q9Y5G9	I6LD75
Q9Y5G9	B3DGX5
Q9Y5G9	I6LD72
Q9Y5G9	I6LD67
Q9Y5G9	I6LC28
Q9Y5G9	I6LD63
Q9Y5G9	B3DFM1
Q9Y5G9	I6LC10
Q9Y5G4	I6LC25
Q9Y5G4	I6LD60
Q9Y5G4	I6LD73
Q9Y5G4	I6LD65
Q9Y5G4	I6LD76
Q9Y5G4	I6LD69
Q9Y5G4	I6LC12
Q9Y5G4	I6LD74
Q9Y5G4	I6LD66
Q9Y5G4	I6LD61
Q9Y5G4	I6LC07
Q9Y5G4	I6LC19
Q9Y5G4	I6LD75
Q9Y5G4	B3DGX5
Q9Y5G4	I6LD72
Q9Y5G4	I6LD67
Q9Y5G4	I6LC28
Q9Y5G4	I6LD63
Q9Y5G4	B3DFM1
Q9Y5G4	I6LC10
Q9Y5F8	I6LC25
Q9Y5F8	I6LD60
Q9Y5F8	I6LD73
Q9Y5F8	I6LD65
Q9Y5F8	I6LD76
Q9Y5F8	I6LD69
Q9Y5F8	I6LC12
Q9Y5F8	I6LD74
Q9Y5F8	I6LD66
Q9Y5F8	I6LD61
Q9Y5F8	I6LC07
Q9Y5F8	I6LC19
Q9Y5F8	I6LD75
Q9Y5F8	B3DGX5
Q9Y5F8	I6LD72
Q9Y5F8	I6LD67
Q9Y5F8	I6LC28
Q9Y5F8	I6LD63
Q9Y5F8	B3DFM1
Q9Y5F8	I6LC10
Q9Y5G0	I6LC25
Q9Y5G0	I6LD60
Q9Y5G0	I6LD73
Q9Y5G0	I6LD65
Q9Y5G0	I6LD76
Q9Y5G0	I6LD69
Q9Y5G0	I6LC12
Q9Y5G0	I6LD74
Q9Y5G0	I6LD66
Q9Y5G0	I6LD61
Q9Y5G0	I6LC07
Q9Y5G0	I6LC19
Q9Y5G0	I6LD75
Q9Y5G0	B3DGX5
Q9Y5G0	I6LD72
Q9Y5G0	I6LD67
Q9Y5G0	I6LC28
Q9Y5G0	I6LD63
Q9Y5G0	B3DFM1
Q9Y5G0	I6LC10
Q9Y5H1	I6LC25
Q9Y5H1	I6LD60
Q9Y5H1	I6LD73
Q9Y5H1	I6LD65
Q9Y5H1	I6LD76
Q9Y5H1	I6LD69
Q9Y5H1	I6LC12
Q9Y5H1	I6LD74
Q9Y5H1	I6LD66
Q9Y5H1	I6LD61
Q9Y5H1	I6LC07
Q9Y5H1	I6LC19
Q9Y5H1	I6LD75
Q9Y5H1	B3DGX5
Q9Y5H1	I6LD72
Q9Y5H1	I6LD67
Q9Y5H1	I6LC28
Q9Y5H1	I6LD63
Q9Y5H1	B3DFM1
Q9Y5H1	I6LC10
Q9UN71	I6LC25
Q9UN71	I6LD60
Q9UN71	I6LD73
Q9UN71	I6LD65
Q9UN71	I6LD76
Q9UN71	I6LD69
Q9UN71	I6LC12
Q9UN71	I6LD74
Q9UN71	I6LD66
Q9UN71	I6LD61
Q9UN71	I6LC07
Q9UN71	I6LC19
Q9UN71	I6LD75
Q9UN71	B3DGX5
Q9UN71	I6LD72
Q9UN71	I6LD67
Q9UN71	I6LC28
Q9UN71	I6LD63
Q9UN71	B3DFM1
Q9UN71	I6LC10
O60330	I6LC25
O60330	I6LD60
O60330	I6LD73
O60330	I6LD65
O60330	I6LD76
O60330	I6LD69
O60330	I6LC12
O60330	I6LD74
O60330	I6LD66
O60330	I6LD61
O60330	I6LC07
O60330	I6LC19
O60330	I6LD75
O60330	B3DGX5
O60330	I6LD72
O60330	I6LD67
O60330	I6LC28
O60330	I6LD63
O60330	B3DFM1
O60330	I6LC10
Q9Y5H0	I6LC25
Q9Y5H0	I6LD60
Q9Y5H0	I6LD73
Q9Y5H0	I6LD65
Q9Y5H0	I6LD76
Q9Y5H0	I6LD69
Q9Y5H0	I6LC12
Q9Y5H0	I6LD74
Q9Y5H0	I6LD66
Q9Y5H0	I6LD61
Q9Y5H0	I6LC07
Q9Y5H0	I6LC19
Q9Y5H0	I6LD75
Q9Y5H0	B3DGX5
Q9Y5H0	I6LD72
Q9Y5H0	I6LD67
Q9Y5H0	I6LC28
Q9Y5H0	I6LD63
Q9Y5H0	B3DFM1
Q9Y5H0	I6LC10
Q9Y5F9	I6LC25
Q9Y5F9	I6LD60
Q9Y5F9	I6LD73
Q9Y5F9	I6LD65
Q9Y5F9	I6LD76
Q9Y5F9	I6LD69
Q9Y5F9	I6LC12
Q9Y5F9	I6LD74
Q9Y5F9	I6LD66
Q9Y5F9	I6LD61
Q9Y5F9	I6LC07
Q9Y5F9	I6LC19
Q9Y5F9	I6LD75
Q9Y5F9	B3DGX5
Q9Y5F9	I6LD72
Q9Y5F9	I6LD67
Q9Y5F9	I6LC28
Q9Y5F9	I6LD63
Q9Y5F9	B3DFM1
Q9Y5F9	I6LC10
Q9Y5G3	I6LC25
Q9Y5G3	I6LD60
Q9Y5G3	I6LD73
Q9Y5G3	I6LD65
Q9Y5G3	I6LD76
Q9Y5G3	I6LD69
Q9Y5G3	I6LC12
Q9Y5G3	I6LD74
Q9Y5G3	I6LD66
Q9Y5G3	I6LD61
Q9Y5G3	I6LC07
Q9Y5G3	I6LC19
Q9Y5G3	I6LD75
Q9Y5G3	B3DGX5
Q9Y5G3	I6LD72
Q9Y5G3	I6LD67
Q9Y5G3	I6LC28
Q9Y5G3	I6LD63
Q9Y5G3	B3DFM1
Q9Y5G3	I6LC10
Q9Y5H4	I6LC25
Q9Y5H4	I6LD60
Q9Y5H4	I6LD73
Q9Y5H4	I6LD65
Q9Y5H4	I6LD76
Q9Y5H4	I6LD69
Q9Y5H4	I6LC12
Q9Y5H4	I6LD74
Q9Y5H4	I6LD66
Q9Y5H4	I6LD61
Q9Y5H4	I6LC07
Q9Y5H4	I6LC19
Q9Y5H4	I6LD75
Q9Y5H4	B3DGX5
Q9Y5H4	I6LD72
Q9Y5H4	I6LD67
Q9Y5H4	I6LC28
Q9Y5H4	I6LD63
Q9Y5H4	B3DFM1
Q9Y5H4	I6LC10
Q9Y5G6	I6LC25
Q9Y5G6	I6LD60
Q9Y5G6	I6LD73
Q9Y5G6	I6LD65
Q9Y5G6	I6LD76
Q9Y5G6	I6LD69
Q9Y5G6	I6LC12
Q9Y5G6	I6LD74
Q9Y5G6	I6LD66
Q9Y5G6	I6LD61
Q9Y5G6	I6LC07
Q9Y5G6	I6LC19
Q9Y5G6	I6LD75
Q9Y5G6	B3DGX5
Q9Y5G6	I6LD72
Q9Y5G6	I6LD67
Q9Y5G6	I6LC28
Q9Y5G6	I6LD63
Q9Y5G6	B3DFM1
Q9Y5G6	I6LC10
Q9Y5G8	I6LC25
Q9Y5G8	I6LD60
Q9Y5G8	I6LD73
Q9Y5G8	I6LD65
Q9Y5G8	I6LD76
Q9Y5G8	I6LD69
Q9Y5G8	I6LC12
Q9Y5G8	I6LD74
Q9Y5G8	I6LD66
Q9Y5G8	I6LD61
Q9Y5G8	I6LC07
Q9Y5G8	I6LC19
Q9Y5G8	I6LD75
Q9Y5G8	B3DGX5
Q9Y5G8	I6LD72
Q9Y5G8	I6LD67
Q9Y5G8	I6LC28
Q9Y5G8	I6LD63
Q9Y5G8	B3DFM1
Q9Y5G8	I6LC10
Q9Y5G2	I6LC25
Q9Y5G2	I6LD60
Q9Y5G2	I6LD73
Q9Y5G2	I6LD65
Q9Y5G2	I6LD76
Q9Y5G2	I6LD69
Q9Y5G2	I6LC12
Q9Y5G2	I6LD74
Q9Y5G2	I6LD66
Q9Y5G2	I6LD61
Q9Y5G2	I6LC07
Q9Y5G2	I6LC19
Q9Y5G2	I6LD75
Q9Y5G2	B3DGX5
Q9Y5G2	I6LD72
Q9Y5G2	I6LD67
Q9Y5G2	I6LC28
Q9Y5G2	I6LD63
Q9Y5G2	B3DFM1
Q9Y5G2	I6LC10
Q9Y5G7	I6LC25
Q9Y5G7	I6LD60
Q9Y5G7	I6LD73
Q9Y5G7	I6LD65
Q9Y5G7	I6LD76
Q9Y5G7	I6LD69
Q9Y5G7	I6LC12
Q9Y5G7	I6LD74
Q9Y5G7	I6LD66
Q9Y5G7	I6LD61
Q9Y5G7	I6LC07
Q9Y5G7	I6LC19
Q9Y5G7	I6LD75
Q9Y5G7	B3DGX5
Q9Y5G7	I6LD72
Q9Y5G7	I6LD67
Q9Y5G7	I6LC28
Q9Y5G7	I6LD63
Q9Y5G7	B3DFM1
Q9Y5G7	I6LC10
Q9Y5G5	I6LC25
Q9Y5G5	I6LD60
Q9Y5G5	I6LD73
Q9Y5G5	I6LD65
Q9Y5G5	I6LD76
Q9Y5G5	I6LD69
Q9Y5G5	I6LC12
Q9Y5G5	I6LD74
Q9Y5G5	I6LD66
Q9Y5G5	I6LD61
Q9Y5G5	I6LC07
Q9Y5G5	I6LC19
Q9Y5G5	I6LD75
Q9Y5G5	B3DGX5
Q9Y5G5	I6LD72
Q9Y5G5	I6LD67
Q9Y5G5	I6LC28
Q9Y5G5	I6LD63
Q9Y5G5	B3DFM1
Q9Y5G5	I6LC10
Q9Y619	A1L288
Q9Y619	A2BEN9
Q9BXI2	A1L288
Q9BXI2	A2BEN9
Q9Y623	F1R6C7
Q9Y623	B8A568
Q9Y623	A0A8M9PJW6
Q9Y623	F1QVX3
Q9Y623	B8A569
Q9Y623	A2BGX6
Q9Y623	Q6IQX1
Q9Y623	A0A8M9QEC8
P13535	F1R6C7
P13535	B8A568
P13535	A0A8M9PJW6
P13535	F1QVX3
P13535	B8A569
P13535	A2BGX6
P13535	Q6IQX1
P13535	A0A8M9QEC8
Q9UKX2	F1R6C7
Q9UKX2	B8A568
Q9UKX2	A0A8M9PJW6
Q9UKX2	F1QVX3
Q9UKX2	B8A569
Q9UKX2	A2BGX6
Q9UKX2	Q6IQX1
Q9UKX2	A0A8M9QEC8
P12882	F1R6C7
P12882	B8A568
P12882	A0A8M9PJW6
P12882	F1QVX3
P12882	B8A569
P12882	A2BGX6
P12882	Q6IQX1
P12882	A0A8M9QEC8
Q9Y662	A0MGY9
Q9Y662	A0A8M1RM64
Q9Y663	A0MGY9
Q9Y663	A0A8M1RM64
A6NFQ2	A0A8M6YT66
A6NFQ2	A0A8M3ASB9
A6NFQ2	A4IG42
A6NFQ2	A0A8N7USS2
A0A1B0GVM2	A0A8M6YT66
A0A1B0GVM2	A0A8M3ASB9
A0A1B0GVM2	A4IG42
A0A1B0GVM2	A0A8N7USS2
Q9Y4C2	A0A8M6YT66
Q9Y4C2	A0A8M3ASB9
Q9Y4C2	A4IG42
Q9Y4C2	A0A8N7USS2
A6NGW2	A0A8M9PQJ1
A6NGW2	A0A8M9PYU7
Q7RTU9	A0A8M9PQJ1
Q7RTU9	A0A8M9PYU7
A0A0B4J2A2	Q66ID2
A0A0B4J2A2	Q3B738
A0A075B767	Q66ID2
A0A075B767	Q3B738
P0DN37	Q66ID2
P0DN37	Q3B738
F5H284	Q66ID2
F5H284	Q3B738
Q9Y536	Q66ID2
Q9Y536	Q3B738
P62937	Q66ID2
P62937	Q3B738
P0DN26	Q66ID2
P0DN26	Q3B738
A0A075B759	Q66ID2
A0A075B759	Q3B738
