A0PK11	A0A2I3RH01
O75351	A0A2I3RLZ5
P56696	A0A2I3RRL2
Q6FI13	A0A2I3RS50
Q4G0F5	A0A2I3RSX4
Q12841	A0A2I3RTN5
Q9BVJ6	A0A2I3RZ40
P22570	A0A2I3S4F8
O75323	A0A2I3S6C3
P55075	A0A2I3SF78
Q8NDT2	A0A2I3STD1
Q8TAG6	A0A2I3SX56
Q8IX15	A0A2I3SY96
Q9NSA0	A0A2I3T0C1
Q96GF1	A0A2I3T5A2
Q9BQY9	A0A2I3T6Q5
Q01970	A0A2I3T8F7
Q05D60	A0A2I3TBY3
Q9H324	A0A2I3TUP0
Q16720	A0A2J8IPN2
Q8NEE6	A0A2J8IQK3
Q5VT98	A0A2J8JT64
Q9NWQ4	A0A2J8PK46
P11310	A5A6I0
A8MUM7	C4XV99
O15303	C7G3N0
Q9NUW8	G2HG04
Q8TEY7	H2PZ96
Q8NBP0	H2Q1C0
Q5SVJ3	H2Q1F6
O95231	H2Q2T4
Q4G0T1	H2Q2T9
Q8NGF1	H2Q2Y6
Q8NH76	H2Q314
Q16581	H2Q5D2
Q9NVK5	H2Q5M7
Q99571	H2Q724
Q9UKV3	H2Q801
Q96L21	H2Q886
Q9UKY4	H2Q8P3
P24468	H2QA47
Q86XT9	H2QAW0
P49711	H2QBB9
P60520	H2QBJ0
P09067	H2QDC1
Q63HM1	H2QDZ4
Q96B54	H2QGI0
P60321	H2QGM4
Q99742	H2QGN8
Q8IV63	H2QGX3
Q8N2C7	H2QJB8
Q96BY6	H2QJJ2
Q5TEU4	H2QJZ4
Q9ULW0	H2QK54
Q9BX40	H2QKQ1
Q9H1K4	H2QL72
Q96AA3	H2QMS8
Q9NYL5	H2QT44
Q8NHG8	H2QUD0
Q99983	H2QXG5
Q9NXF1	H2QXL1
Q9Y689	H2R0M4
P13945	H2R1M3
Q5T6F2	H2R2C1
O75771	H2R412
P98169	H2R4P8
O00204	H2R5X6
Q9C0K0	H2R971
Q8N1A0	H2RBN3
P11717	K7B5K7
Q7Z4I7	K7B861
Q9BVC3	K7BHU9
Q8N4V1	K7C1A5
Q64LD2	K7C3U7
Q9Y6I9	K7CBB3
Q7Z4V5	K7CBJ3
Q9HCK5	K7CEM5
Q53HC9	K7D5S1
Q9BRX5	K7DJX2
Q8IVQ6	K7DRL1
O95139	Q0MQE1
Q9H158	Q5DRE2
Q96IZ2	A0A2I3RF37
P0DME0	A0A2I3RQV3
Q14964	A0A2I3RT35
Q9Y2A4	A0A2I3RXQ4
Q96SA4	A0A2I3RYE6
Q9UKF7	A0A2I3RYP6
P11464	A0A2I3S6J1
Q6T4R5	A0A2I3S9I8
Q7Z2W7	A0A2I3SDF4
Q6P1K2	A0A2I3TL01
Q6ZMJ4	A0A2J8KA73
Q6UXU6	A0A2J8MG44
Q02153	A0A2J8MUV1
P18621	A0A2J8NEA5
Q9H227	A0A2J8NW19
Q9Y6S9	A0A2J8PJU5
O60687	A3FEK5
P53350	G2HFG8
P31689	G2HHH7
Q6ZV89	H2PY90
Q96A09	H2PYE9
Q9UNY4	H2PZS1
Q16695	H2PZV4
Q9NSE4	H2Q157
Q96A46	H2Q2E6
Q8NGJ4	H2Q2Z2
Q8WWB5	H2Q4S1
A2RU30	H2Q652
Q9Y6H3	H2Q6D0
Q9H7H0	H2Q7X3
P61803	H2Q7Y9
Q9UM01	H2Q7Z2
Q9BVV6	H2Q8D9
P49755	H2Q8M7
Q15370	H2QAE2
Q96A32	H2QAX2
Q9NXF8	H2QBM8
O75973	H2QD82
P56703	H2QD96
P47211	H2QEQ7
Q96MG2	H2QEW2
P40939	H2QHK4
Q16678	H2QHS0
A1KXE4	H2QIQ8
P49441	H2QJ55
P10523	H2QJM8
A1Z1Q3	H2QJZ6
Q9UM82	H2QKJ9
P98073	H2QKV6
Q8WYR4	H2QL30
Q8IWD4	H2QLF3
P0C7P4	H2QLR0
Q8N4C7	H2QMZ0
P15088	H2QNJ6
P26022	H2QNM9
P11766	H2QPX5
Q5XG87	H2QQM1
Q8IXY8	H2QTI9
Q9H2A2	H2QTS3
O15354	H2QVB0
Q69YH5	H2QVX4
Q8TDY2	H2QW57
P15538	H2QWT4
Q6PI48	H2R3I4
P85037	H2R3X7
O00358	H2R467
Q8WTU2	H2R585
Q5CZA5	H2R5T9
Q9ULX9	H2R6Z3
O75600	H2R6Z4
Q9H2I8	H2R7N4
Q96L33	H2R8G9
Q03721	H2R8Q5
Q9NRC9	H2R939
B2RV13	H2RID6
Q13569	K6ZC87
Q15691	K7ARF5
Q9H582	K7B3T0
O00308	K7BK39
Q9NVA4	K7C5E2
O14964	K7DRH9
Q96PH6	Q30KK9
A6NC05	A0A2I3RGI0
Q13946	A0A2I3RKX4
Q9GZQ6	A0A2I3RW10
O60613	A0A2I3RY83
Q8TDB8	A0A2I3S6B9
Q86V40	A0A2I3SEZ8
Q5SSJ5	A0A2I3SFQ8
A6NKG5	A0A2I3SJ63
Q9H6Z4	A0A2I3T4L2
P14920	A0A2I3T6D7
Q96P68	A0A2I3T9W0
O95319	A0A2I3TA86
Q9BZR6	A0A2I3TEJ8
Q99643	A0A2I3TEK6
Q15782	A0A2I3TG97
P10242	A0A2I3TGC2
A0A1B0GX68	A0A2I3TN66
Q9BYE3	A0A2I3TWA9
Q96NN9	A0A2J8IQB9
P04406	A0A2J8JEW8
Q14916	A0A2J8JQC3
P54852	A0A2J8K237
K7EJ46	A0A2J8LAE4
Q6J9G0	A0A2J8QQJ8
P27469	H2Q121
O15121	H2Q174
Q8N2M4	H2Q399
P30044	H2Q3Z9
Q9NQ88	H2Q585
Q7M4L6	H2Q9C9
Q86WA8	H2QB22
Q9P2A4	H2QDD0
P63252	H2QDR5
Q9BVV7	H2QEP7
Q149M9	H2QFQ0
Q9BTD8	H2QG34
P15151	H2QGJ9
Q8IYV9	H2QGS4
A6NC51	H2QH59
Q9NRX1	H2QI04
Q8WY91	H2QJR7
Q14149	H2QL01
P54922	H2QN57
Q96QV1	H2QQ84
P42262	H2QQC5
Q8WVE6	H2QR23
C9JQI7	H2QRA7
O60383	H2QRG9
Q8TED9	H2QRR6
Q02094	H2QT55
P08263	H2QT69
Q9UBI9	H2QTU3
Q9Y6E2	H2QU76
Q7L2J0	H2QV26
Q5VST6	H2QXC4
Q8N4J0	H2QXC9
Q8NHG7	H2QZD5
Q9UJ72	H2R048
Q8WWY8	H2R0M0
Q96D09	H2R292
Q9Y5N1	H2R2N9
Q5THJ4	H2R3T3
P13164	H2R5P4
Q15049	H2R6X5
Q587J8	H2R752
Q5SRN2	H2R7F9
A8MZG2	H2RBR8
A8MTZ7	H2RGS1
Q9NWD9	H2RII1
A0FGR9	K6ZR51
Q92917	K7A3T9
Q96BF6	K7APV9
P50748	K7BG50
P08572	K7C8W0
Q9H213	K7CDF1
Q6P3X3	K7CEF2
P50416	K7D636
Q9HCB6	K7D759
Q16394	K7DAN3
Q92793	K7DBC8
Q99705	Q5IJ49
P02766	Q5U7I5
Q3ZCM7	Q8WP14
Q7Z353	A0A2I3RBE6
P0CG12	A0A2I3RGG8
Q7Z4V0	A0A2I3RPG9
P17927	A0A2I3RSN6
P41182	A0A2I3RU44
A0A0K2S4Q6	A0A2I3S4D9
Q7Z4G1	A0A2I3S6X3
P49908	A0A2I3SB67
Q96DT5	A0A2I3SDD3
Q8N819	A0A2I3T3Y3
P42681	A0A2I3T8H3
Q7Z442	A0A2I3TC87
Q9BQE6	A0A2I3TEI6
Q9UPW0	A0A2I3TI48
Q53QV2	A0A2I3TK64
O14976	A0A2I3TPA9
P20962	A0A2J8JEM2
Q5HYK9	A0A2J8JLL1
Q8NHY6	A0A2J8JLM8
P42679	A0A2J8JQT2
Q8NER1	A0A2J8KR40
Q06141	A0A2J8L5B5
B2RXH4	A0A2J8LCA9
Q2M1K9	A0A2J8MX30
O14921	A0A2J8N697
Q9UER7	A0A2J8NYK5
Q96BQ1	A0A2J8P7L1
Q9BYS8	A0A2J8PAE8
P25705	A5A6H5
Q53HL2	G2HI31
P84077	G2HIU2
Q9Y4U1	H2PYX3
Q8NI35	H2PZ54
Q8NGX3	H2Q0B6
Q96BJ3	H2Q166
Q9GZW8	H2Q3S3
Q8N413	H2Q430
O95998	H2Q4C1
P41439	H2Q4C3
Q86WS5	H2Q5X2
Q00973	H2Q6B9
Q96AX1	H2Q742
O75339	H2Q9M0
Q01850	H2QAR2
P13498	H2QBQ0
A6NLX3	H2QC87
P17152	H2QCG2
Q6UXU0	H2QF04
P35269	H2QF47
Q8N587	H2QFA1
A6NJJ6	H2QFJ9
O14526	H2QFR7
P11049	H2QGU4
Q8N661	H2QH55
Q08ER8	H2QH98
Q9NQ48	H2QMG1
Q9BWF2	H2QMM6
Q9NYF3	H2QRK4
Q6UWT4	H2QRQ9
P51959	H2QRY5
A7XYQ1	H2QTH9
P28336	H2QTU6
P14598	H2QUR6
Q9NXR8	H2QVA1
Q8IVN8	H2QWA7
Q8NGS4	H2QXM1
Q16384	H2QYM8
Q9Y546	H2R0A5
Q9P2J3	H2R0C1
Q9NRR3	H2R2H3
Q8NG48	H2R3Q0
Q9Y2T2	H2R420
Q9BQ48	H2R6A9
A6NNM8	H2R872
Q6UXG3	H2R9R2
Q8TAG5	H2RD36
Q8IYN2	H2RF56
Q96PC5	H2RGJ6
Q15819	K7A6R3
Q9H1X3	K7BQN9
Q8IZW8	K7BYE2
Q8TAV0	K7BZT0
Q9UET6	K7C690
P20749	K7DP79
Q06643	Q862Z7
Q12791	A0A2I3R9W8
Q496M5	A0A2I3R9X6
A0A1B0GVS7	A0A2I3RLN6
Q9NVR2	A0A2I3RLU7
Q8NHV9	A0A2I3RMS5
O15041	A0A2I3RN25
O60481	A0A2I3RP19
Q9C000	A0A2I3RZH6
Q15485	A0A2I3S722
Q5VT25	A0A2I3SG77
Q6JHZ5	A0A2I3SGX5
C9JLR9	A0A2I3SLF7
O15344	A0A2I3SM24
O00626	A0A2I3SMD5
Q17R89	A0A2I3SMH6
Q96JK9	A0A2I3SSE2
P18545	A0A2I3T3T8
A0A096LP55	A0A2I3T4V4
Q3SYG4	A0A2I3T6B3
Q7L0Q8	A0A2I3TGK4
Q9NS67	A0A2I3TNN2
Q6VN20	A0A2I3TQ05
Q13576	A0A2I3TWS1
Q9HB55	A0A2I3TX51
Q8IZ20	A0A2J8JNQ6
Q9H2B2	A0A2J8MMH3
Q8NE62	A0A2J8P7Z9
O00590	A0A2J8PAV6
P15328	A0A2J8PZV0
P55259	A0A2J8Q5N5
Q9NYY1	A0A2J8QVU7
Q14209	H2PYA6
Q9H9Y4	H2PYE5
Q96NB2	H2Q2I1
Q9H8K7	H2Q2Q2
Q8NHM5	H2Q729
Q99986	H2Q8W5
Q96SY0	H2Q9M5
Q9H2W6	H2QA11
Q9Y4F3	H2QAM6
Q86YC2	H2QAS1
O14874	H2QAZ6
Q8N6T7	H2QF08
Q9UIE0	H2QGI8
P55089	H2QHM4
Q8N5P1	H2QIJ8
Q9Y680	H2QJ22
Q9UI33	H2QMB6
Q9UNA3	H2QNG0
A6NIV6	H2QNQ1
Q9Y666	H2QQK9
O75962	H2QQN5
Q6PIJ6	H2QRR2
Q9GZQ4	H2QRU6
O43566	H2QS37
A4D1B5	H2QUT9
O75410	H2QW18
Q8N987	H2QWF0
Q86UY5	H2QWN6
P20594	H2QX89
P83859	H2QY22
Q969J3	H2R1T3
Q8NGA0	H2R6E0
Q8IUC6	H2R6G6
A6NGQ2	H2R751
Q9NY46	H2RAZ9
Q9BYR4	H2RBB2
P30084	K7AHE9
Q8J025	K7AHR8
Q8IXQ6	K7AYQ3
O75787	K7BE88
Q16763	K7BPT6
Q5T5M9	K7BQC1
Q9UHG3	K7CXN9
Q96AH8	K7D641
Q96FV2	K7DE34
Q9NRP7	K7DNJ5
P03901	Q37809
Q8TD22	A0A2I3RAB5
P13805	A0A2I3RFB6
O14776	A0A2I3RJ71
P39905	A0A2I3RKL7
P35030	A0A2I3RLD2
Q9H936	A0A2I3RLI0
P32121	A0A2I3S2M1
Q13087	A0A2I3SLQ2
Q9UL16	A0A2I3SN11
Q6UWM5	A0A2I3SNM6
O95391	A0A2I3SPP3
Q99828	A0A2I3SQB6
P01033	A0A2I3SWW3
Q96T59	A0A2I3SYI2
Q5EBN2	A0A2I3T040
A0A0J9YY54	A0A2I3T4V2
Q9UC06	A0A2I3TER9
Q5T7W0	A0A2I3TGD2
Q8N1T3	A0A2I3TGH9
P56706	A0A2I3TH72
Q6PEX7	A0A2I3TLP2
Q8NEB9	A0A2I3TRY9
Q8NGD2	A0A2J8JHD7
P40261	A0A2J8KZX9
Q96LU5	A0A2J8P498
Q9NX95	A0A2J8PN74
Q96IR2	A0A2J8Q7H4
P07477	A0A2J8QUC3
Q9NRW7	H2PZW0
Q9BXD5	H2Q0Q9
Q5T442	H2Q198
Q9BXX3	H2Q1R9
Q16572	H2Q1W2
Q8WYB5	H2Q248
Q8NGJ2	H2Q302
Q9HB07	H2Q620
Q16671	H2Q624
Q9Y4H2	H2Q7S8
Q9NQU5	H2Q960
O95273	H2Q9A2
Q9Y4G6	H2Q9J8
Q96KF2	H2QDC4
Q9NXB0	H2QDI7
Q9C0F0	H2QEF3
O75635	H2QEN5
O95473	H2QGR0
Q9Y2D1	H2QGX0
Q9GZX5	H2QH14
P42331	H2QI10
Q569K6	H2QLH0
Q9HCI7	H2QNF4
Q15283	H2QNH9
Q15645	H2QQK7
Q6UXB8	H2QSX2
Q13595	H2QU97
Q9Y3Q8	H2QV29
Q8N1Q1	H2QWD3
Q8N5L8	H2QX66
P08842	H2QY96
O95972	H2QYM3
P28328	H2R0I3
P18627	H2R1K3
P0CG22	H2R3L5
Q15633	H2R7F2
Q8NGY3	H2R8J7
Q8TCX5	H2R9M8
P41002	H2RDP3
Q12962	H2RF08
C9JJ37	H2RFW9
Q15270	H2RHB1
P27987	K6ZTH2
P12235	K7AY97
Q96S55	K7BSN9
Q9NVJ2	K7CJK1
Q96PH1	K7CKC9
Q9NZ52	K7CPU6
Q9H6J7	K7CRK2
Q6IQ49	K7DFY0
P15907	Q701R5
Q93045	A0A2I3RC94
Q08AD1	A0A2I3RE09
P20340	A0A2I3RF53
O00526	A0A2I3RKC4
O15499	A0A2I3RLS0
P17024	A0A2I3RPA8
Q86SQ9	A0A2I3RQZ6
P35555	A0A2I3RTE4
O15034	A0A2I3RZR7
A0A075B6T7	A0A2I3SED0
Q08050	A0A2I3SH33
Q8N769	A0A2I3T529
P59861	A0A2I3T8G2
P55265	A0A2I3T9M4
A0A1B0GVH4	A0A2I3TAI4
P60228	A0A2I3TSK0
P02745	A0A2J8K443
Q92597	A0A2J8KEY9
Q96FI4	A0A2J8KS58
Q13630	A0A2J8LG06
Q9P2D6	A0A2J8PW32
Q96E66	B6CZ40
O76064	G2HFB4
Q6VUC0	H2PYM4
Q5T1C6	H2Q000
Q5T3I0	H2Q099
Q07507	H2Q0J9
Q96D05	H2Q208
Q9NTM9	H2Q2E9
P46776	H2Q351
Q3SY84	H2Q5Z9
Q6JQN1	H2Q6W3
P63167	H2Q713
A6NK06	H2Q7N6
Q9H867	H2Q896
P24278	H2Q8G4
Q16520	H2Q8N1
P21781	H2Q9E4
P36578	H2Q9N4
Q9BRJ9	H2QA24
Q7L5N7	H2QB42
Q7Z417	H2QCK2
P80075	H2QCN5
Q08AF3	H2QCP5
P23443	H2QDK7
P10415	H2QEM8
Q6ZR52	H2QFW6
O60234	H2QGA4
P62955	H2QH31
Q9H8M1	H2QJ70
A8MPX8	H2QM63
Q8WUF8	H2QR83
P48506	H2QT77
Q8NFV4	H2QUQ2
Q9Y222	H2QUV4
Q6ZTQ4	H2QV76
Q15406	H2QXV7
Q96HG1	H2QZ55
Q6ZN01	H2R004
O14717	H2R2B5
A8K2U0	H2R2T1
Q96N87	H2R3L2
Q8IXM3	H2R5Z4
Q14249	H2R675
P09210	H2R768
P26842	H2R7K8
B1ANS9	H2R7Z2
Q9C0A1	H2R9F0
Q4LEZ3	H2R9Q3
P20807	H2RBT6
P56746	H2RC53
Q92623	H2RFE8
Q9UKJ3	H2RGB6
P37288	H2RHW7
Q7Z6K3	H2RI15
Q9H410	K7AZK1
Q8NHP8	K7B3B5
Q9H832	K7BAZ7
Q9NVH1	K7BJ24
P30038	K7BJ44
P17032	K7CAF9
Q9P241	K7DFV6
P61626	P61628
P61916	P61917
Q9NX14	Q0MQJ5
Q16602	A0A2I3RAK9
E2RYF6	A0A2I3RG66
Q0VDG4	A0A2I3RHI5
Q12959	A0A2I3RPZ4
Q6IA69	A0A2I3RZ54
O75897	A0A2I3RZK0
P21757	A0A2I3S2Z4
Q96FC9	A0A2I3S5T0
O15269	A0A2I3SNL1
Q9UHD8	A0A2I3T6Y0
A8MY62	A0A2I3TAX3
Q5VWP3	A0A2I3TGF5
Q6RW13	A0A2I3TJZ6
Q9UNW8	A0A2J8IY83
O14498	A0A2J8KRK4
Q8WWY6	A0A2J8LWW0
O75355	A0A2J8PB70
Q8TCV5	A0A2K6I0L7
Q567U6	G2HFT9
Q9Y478	G2HGR1
Q6P0Q8	H2PYY0
Q8WZ79	H2PZA4
Q6NUK1	H2PZI9
Q86SM8	H2Q2X5
O75489	H2Q3J2
Q9Y2H1	H2Q5N0
P31275	H2Q630
Q8TC44	H2Q6L0
P50579	H2Q6M7
O43597	H2Q7P2
Q6H9L7	H2Q8P8
A6NH21	H2Q9B4
Q6ZRY4	H2Q9L2
Q02846	H2QC65
Q02086	H2QDB1
Q9Y3D9	H2QDI1
Q8WVB3	H2QE53
Q8N8Z8	H2QFE8
O95183	H2QI96
Q8WYK1	H2QIN4
Q9H1P3	H2QKQ4
Q9Y3M2	H2QLN8
Q9UNU6	H2QMD8
Q6PI26	H2QMX7
P42081	H2QN76
P57772	H2QNB0
P35968	H2QPH6
P50443	H2QRS4
Q16658	H2QU49
Q9UJU6	H2QUH8
Q8N129	H2QV19
O95429	H2QW14
P60468	H2QXK5
Q9UJX6	H2QY82
O75437	H2QZD8
P13726	H2R022
O60682	H2R068
O75373	H2R682
Q9BZH6	H2R7B8
Q5VTA0	H2R9H3
Q8TBE3	H2RH59
F2Z3F1	H2RHP0
Q9H7U1	K7ADH4
P41240	K7AWV1
Q96FS4	K7B4C7
Q99873	K7BS54
P63104	K7DDM2
P99999	P99998
P08048	Q6B4Z5
P04080	Q8I030
P61289	A0A2I3RFE0
Q8NG04	A0A2I3RGQ7
Q7Z4M0	A0A2I3RHR3
P30281	A0A2I3RXN8
Q9NQV6	A0A2I3S7R8
Q68CP4	A0A2I3SAL8
P43356	A0A2I3SCA6
Q8IYH5	A0A2I3SGM8
Q92832	A0A2I3SSA6
Q9NP99	A0A2I3SUN9
Q9NPI1	A0A2I3SXE3
O75093	A0A2I3T1U4
Q05682	A0A2I3T5C6
A8MVX0	A0A2I3TJ21
Q9Y6Q6	A0A2I3TJN8
P59910	A0A2I3TR02
Q5M775	A0A2J8J798
Q8NI36	A0A2J8KIT9
P08684	B1NL93
Q14093	G2HIG2
Q15466	H2PYE6
Q15392	H2PZ41
Q8N0S6	H2Q0M9
Q8TDX7	H2Q0U7
O75794	H2Q1M2
O95470	H2Q220
P53634	H2Q4I9
O95125	H2Q504
Q9ULR3	H2Q6D5
O75901	H2Q6K2
O95409	H2Q7R3
Q6NXP6	H2Q8P5
Q8TDY8	H2Q9M3
Q99856	H2Q9S7
P22223	H2QBE4
Q96GS4	H2QC73
Q13432	H2QCH9
P02533	H2QCZ7
Q14126	H2QEE5
O00194	H2QEK3
Q9C0B9	H2QEM6
Q9UNZ5	H2QFI9
Q8NHR9	H2QHI9
Q0P641	H2QJB4
Q8NGV6	H2QMZ7
Q96IW7	H2QN87
P08582	H2QP17
P56385	H2QP27
P42702	H2QQS8
Q8NEF9	H2QRD9
Q96NK8	H2QUE0
Q14004	H2QUG7
Q9UDT6	H2QUR3
Q01469	H2QWC3
Q502W6	H2R0W7
Q86T13	H2R166
Q9NUT2	H2R3F4
Q8NFD2	H2R4Y7
A6NCN8	H2R7L7
Q7Z4T9	H2R834
Q15554	H2RA24
P18583	H2RAJ1
P51449	H2RAL9
A8MQ27	H2RDE4
Q13976	K6ZDM7
O94868	K7AP78
Q9Y4L5	K7AVF5
Q8N4Z0	K7AYY0
Q9HCM4	K7BC44
P43490	K7BN66
Q6FHJ7	K7CC23
Q9BWV1	K7CCV7
Q9H7C4	K7CJH9
P08240	K7D648
P68400	K7D8P4
P67775	K7DAZ4
Q14641	Q5CZK6
P36871	A0A2I3RDN8
Q5VT28	A0A2I3RF94
P08195	A0A2I3S1I3
Q99816	A0A2I3SDN5
O60610	A0A2I3SFP3
O95825	A0A2I3SJJ8
P07311	A0A2I3SP27
Q6PEY0	A0A2I3SZH3
Q9Y2L6	A0A2I3TEC6
P40227	A0A2I3TGI7
Q92185	A0A2I3TNR2
A0A1B0GVY2	A0A2I3TTF6
Q5JSP0	A0A2J8IXB3
P08697	A0A2J8JKR7
P17643	A0A2J8M4Q3
P11150	A0A2J8NSE0
O15072	A0A2J8PFD7
O60512	G2HE03
Q16773	G2HET0
Q96PP8	H2PZD2
Q9H040	H2Q1C7
O43903	H2Q3B3
O95070	H2Q462
Q04118	H2Q5G6
P82979	H2Q665
Q8WVE0	H2Q794
Q9NRM7	H2Q796
Q8IZ73	H2Q965
Q96AB6	H2QAM3
Q15276	H2QC01
Q6UXZ0	H2QCL3
Q9ULV0	H2QEI7
Q99748	H2QF36
Q9NXK8	H2QFA2
Q9UMF0	H2QFB3
O14559	H2QG44
Q9Y5K2	H2QGZ0
Q9UHA7	H2QIK8
Q9P0S3	H2QJ51
Q8WXB1	H2QJA8
Q9UGU5	H2QLJ9
Q8NEL0	H2QN19
Q9H9H5	H2QNU0
Q9UI17	H2QR51
Q6UXP7	H2QR59
P28062	H2QSR8
Q9BYV9	H2QTF0
Q9Y3D6	H2QV54
Q6IQ20	H2QV64
O43657	H2QYV9
Q9UJU3	H2R0X8
P58317	H2R1F3
O95876	H2R2S2
Q9UGR2	H2R6Y8
Q8NGF7	H2R7T2
A6NGA9	H2R8A6
Q96GW7	H2R8K1
A8MWY0	H2RDC6
Q8N8A8	H2RE51
A0A183	H2RED1
A1L188	H2RHN8
P33897	K6ZKQ4
Q96AT9	K7A873
Q9UJP4	K7AD10
Q15154	K7B4I5
Q96M94	K7BHE3
Q92930	K7BHS2
P48426	K7BJ75
Q9BWT1	K7BRT4
Q9BVC5	K7CD88
Q969Y2	K7CHB2
Q9UMZ2	K7CQP2
Q9Y297	K7CWH9
Q9NTJ4	K7D1G6
Q86U70	K7D3H1
O43825	A0A2I3RIK9
Q92804	A0A2I3RMZ1
Q03167	A0A2I3RNZ4
Q9Y6M4	A0A2I3RZN6
P85298	A0A2I3S205
Q14BN4	A0A2I3S7F4
Q13555	A0A2I3S956
A6NHT5	A0A2I3SJT0
Q96EK2	A0A2I3SKI4
O94956	A0A2I3SLB0
Q96QU1	A0A2I3SPN6
Q96RK0	A0A2I3SU62
Q9BYE2	A0A2I3SWN6
Q7Z5J4	A0A2I3T0M6
P13631	A0A2I3T1N3
Q9NWB1	A0A2I3T7A9
Q04864	A0A2I3TAV0
Q8NCP5	A0A2I3TC84
Q8TBB0	A0A2I3TWD4
P15036	A0A2J8M7W2
Q9BZE3	A0A2J8NAK0
Q53H80	G2HG91
Q5VUY2	H2PY22
Q5TGY1	H2PY73
Q68E01	H2Q040
Q9NR55	H2Q141
Q9UL58	H2Q334
A6NLI5	H2Q3K3
O00212	H2Q480
O75956	H2Q492
Q96A22	H2Q4R9
P48444	H2Q4W6
Q8NGE7	H2Q655
Q8IWA6	H2Q6Z8
O00634	H2QAD5
Q9BSJ5	H2QDS0
Q02413	H2QEE3
P24158	H2QES4
Q96DU7	H2QGD0
Q16478	H2QGF5
P21145	H2QIB8
Q8N0Z3	H2QN46
Q8IZ02	H2QNQ0
Q86SK9	H2QPT0
Q14515	H2QPU9
Q96D03	H2QPY4
Q9ULB4	H2QQP8
Q14154	H2QRN9
P01903	H2QSR4
Q99551	H2QUW9
Q9H3H5	H2R3F6
Q6UWF7	H2R4Y5
Q9NTK1	H2R7Q5
P04114	H2R8Y5
O14926	H2R9C3
P16284	H2R9G1
B2RXF0	H2REH8
Q8NGU2	H2RGD5
Q9Y3X0	H2RH17
O75298	K6ZEG9
Q9HD45	K6ZGA1
Q9Y3D2	K7AJ99
Q9H492	K7BI42
Q15382	K7C1E5
Q9HBH9	K7C336
Q9BTL4	K7CI00
Q9Y316	K7CMT3
Q9Y397	K7CVY0
Q30KP8	Q30KJ3
Q9NYW0	Q646B5
P02649	Q9GJU3
Q9GZX7	R4GNJ9
Q86YW7	A0A0F7RQF3
Q6P3V2	A0A2I3RAN8
P78363	A0A2I3RDT3
P42568	A0A2I3RE48
Q96L96	A0A2I3REQ6
Q5JTW2	A0A2I3RH09
Q12974	A0A2I3RRD6
A8MW95	A0A2I3RU22
P36537	A0A2I3S7F6
A4D0Y5	A0A2I3SJ16
Q02930	A0A2I3SKA8
P35610	A0A2I3SP88
Q5UCC4	A0A2I3T888
Q9H270	A0A2I3TA18
Q2VPB7	A0A2I3TGV9
Q96EF6	A0A2I3TI77
O95755	A0A2I3TS01
Q2L4Q9	A0A2I3TTW1
Q3KRA9	A0A2I3TW59
Q9NSK7	A0A2J8KSM9
Q13491	A0A2J8KUC1
Q9H116	A0A2J8KWZ9
Q96NA8	A0A2J8LFI6
O95500	A0A2J8M7Q2
Q14721	A0A2J8MJF2
A5PKW4	A0A2J8PCZ7
Q6YP21	H2PZC7
P04746	H2PZI5
Q5T0L3	H2Q0H5
Q13325	H2Q289
Q6U949	H2Q2W6
P52961	H2Q2X7
Q6ZSA7	H2Q3N5
Q96NZ1	H2Q6U3
Q96K30	H2Q6X6
Q6PJG2	H2Q8K6
Q6ZMI3	H2Q9F6
P54098	H2QA19
P51665	H2QBI1
Q9UKN7	H2QCE0
Q92764	H2QCZ2
Q9UH92	H2QD25
Q8N3J3	H2QD64
P01024	H2QF54
Q9H8S5	H2QGC1
Q14623	H2QJG1
Q08188	H2QJU1
Q13530	H2QKE5
Q8WW35	H2QP08
Q9Y2T4	H2QP63
O43927	H2QPR5
Q99650	H2QQS9
Q6UB35	H2QTW9
P36639	H2QU33
Q86UQ4	H2QUK3
O60496	H2QVU0
P24386	H2QYV2
Q96M86	H2R5L0
Q5T2S8	H2R7R5
Q8N7F7	H2R8Q4
Q07889	H2R8U9
Q7Z4H3	H2RC12
Q3MUY2	H2REL6
C9JDP6	H2RI21
Q04941	K7A944
Q14160	K7AG48
O15382	K7AWP9
P53816	K7BR37
Q13887	K7BXG6
Q5JSL3	K7C5A1
Q9BSY4	K7CSN2
Q8IVM0	K7CY97
Q9UNX3	K7D1B0
P56545	K7D511
Q99418	K7DCH1
Q86U06	K7DIC9
P48029	K7DP91
P48742	Q5IS44
O60500	A0A2I3RBF3
Q9P2E9	A0A2I3RBM8
P49419	A0A2I3RJH3
Q14697	A0A2I3RXU4
Q9ULL4	A0A2I3S1H6
Q8TDI0	A0A2I3SB75
Q6IE38	A0A2I3SV79
A0A0B4J234	A0A2I3SYM8
Q8WV15	A0A2I3T3R3
Q96EQ8	A0A2I3TFY9
Q14168	A0A2J8J492
Q9Y4F9	A0A2J8JQC0
P57739	A0A2J8K3N3
A6NFC5	A0A2J8K7V3
Q9ULD2	A0A2J8KII3
Q9NRL2	A0A2J8MHY0
Q6ZMR3	A0A2J8P4T2
Q13214	A0A2J8P933
Q8WV37	A0A2J8Q766
O75152	A0A2J8QWF6
Q96L58	H2PXT4
Q8NDY8	H2PXU4
P62241	H2PYW3
P20337	H2PZ08
O95999	H2PZB6
Q5VTL8	H2PZJ2
O00186	H2PZJ4
P02545	H2Q091
Q9H093	H2Q0Z2
O00292	H2Q183
Q6SJ93	H2Q3Q6
Q8WUD6	H2Q6Q2
Q8N309	H2Q739
Q99805	H2Q7R2
Q9NQ29	H2QA70
O75352	H2QC48
Q92925	H2QDN6
Q9Y2J2	H2QE82
Q5FWF5	H2QEB6
Q03924	H2QFX8
Q8IVE3	H2QHT8
P43403	H2QIE3
P48553	H2QL40
Q92609	H2QM58
Q96CJ1	H2QN73
Q8NE18	H2QPD5
P49590	H2QRM9
P00995	H2QRQ7
O15212	H2QST1
Q6DKI1	H2QT09
O95415	H2QUZ7
Q9UBV4	H2QVA4
Q70Z35	H2QW98
O14977	H2QWJ3
O75129	H2QXS3
O15537	H2QYD2
P51786	H2QYI9
P19793	H2R395
Q6UWW9	H2R3H5
Q9ULA0	H2R643
P0DMU3	H2R8Q0
Q30154	H2RC37
Q9H0B3	H2RCG1
P21283	H2RD64
Q15653	H2RDG6
Q2WGJ8	H2RDQ9
O43313	H2RHJ0
Q8WV99	K7AQW6
O00461	K7BAL8
P25942	K7BNQ5
P42166	K7C541
Q8N7R7	K7CJ94
Q9P2F9	K7CWY1
Q9BRK5	K7CYI3
P57087	K7DD79
Q6AHZ1	K7DEU1
Q9H4I3	K7DTC9
Q9Y5I1	Q5DRF3
P01854	A0A2I3RCA9
Q8NEG4	A0A2I3RSD4
Q9Y6N3	A0A2I3RUK2
P84103	A0A2I3RXN3
O95954	A0A2I3RY06
Q14153	A0A2I3S167
Q96HE7	A0A2I3SDR7
Q9BUB5	A0A2I3SMJ4
Q9NQ84	A0A2I3SP01
Q86SX3	A0A2I3STP3
Q9P0L0	A0A2I3SVG4
Q5T0J7	A0A2I3T0Z1
Q8WWR8	A0A2I3T7L0
Q96JI7	A0A2I3T9P4
Q7RTP6	A0A2I3TBJ7
Q5EBL2	A0A2I3TEI2
Q16623	A0A2I3TFT0
P09132	A0A2I3THT8
Q02224	A0A2I3TLT8
Q9UMX2	A0A2J8JJR1
Q7Z2G1	A0A2J8K3J5
O75143	A0A2J8LH96
Q49AN0	A0A2J8LHI8
Q8NEG0	G2HI77
Q5XKL5	H2PZE2
O95076	H2PZM0
P33764	H2Q033
P16066	H2Q039
Q92963	H2Q086
Q96LB0	H2Q390
A6NI28	H2Q4L7
P45973	H2Q639
Q9NVI1	H2QA18
Q9UNE7	H2QA80
Q96J92	H2QD37
Q8N8V8	H2QE23
O00459	H2QFS6
Q8IZ83	H2QGV0
Q96S97	H2QH29
Q9Y2G0	H2QHJ7
Q99726	H2QHM1
P10646	H2QJ44
Q13618	H2QJJ1
Q8IYE1	H2QMD6
Q13449	H2QN50
Q92547	H2QNE6
P54753	H2QNV9
O60760	H2QPW6
Q13888	H2QR13
Q9UNA1	H2QRP5
P23415	H2QRU5
O00624	H2QSE8
O00481	H2QSH4
P20815	H2QV08
Q9GZV8	H2QWA1
Q15149	H2QWV3
O95279	H2QZK1
Q9BRJ6	H2R0F2
O14511	H2R1G8
Q6UXN8	H2R254
Q02747	H2R2F2
P31269	H2R5F9
O60391	H2R6J9
Q12950	H2R6N4
Q6Q8B3	H2R840
P29353	H2R8L2
Q9NPE2	H2RBF9
A8MYZ5	H2RCU9
P0C264	H2RFI2
Q9NXA8	K7AYD4
O00329	K7BKN5
Q9GZT9	K7C5B9
O00151	K7CAW2
Q96SU4	K7CBW4
O14802	K7D6W6
P52948	K7DLA0
Q6XUX3	Q4VSN5
P08908	Q9N298
Q07627	A0A2I3RDT7
Q8N8C0	A0A2I3RE27
Q5U4N7	A0A2I3RHW3
Q96NM4	A0A2I3RJD8
Q92890	A0A2I3RLE7
Q7RTY8	A0A2I3RQR4
Q96RN5	A0A2I3RY71
Q16760	A0A2I3SCS2
O94761	A0A2I3SIG9
P48147	A0A2I3SPB4
A0A087WT01	A0A2I3ST82
Q99967	A0A2I3SY88
Q9BX84	A0A2I3TG76
Q15119	A0A2I3TIU1
Q9Y5U5	A0A2I3TKP5
Q9NQX3	A0A2I3TKY2
A6NK89	A0A2I3TPG0
O14896	A0A2I3TSL3
Q01629	A0A2J8JW18
Q96EG1	A0A2J8KKK6
Q06830	A0A2J8M026
Q13113	A0A2J8NIP8
P13378	A2T748
P56557	G2HFA3
Q8N2W9	G2HI14
P32320	H2PY87
Q9NR48	H2Q081
Q8NEV4	H2Q1R1
Q9UNL4	H2Q5A9
O60938	H2Q6L2
P0C862	H2Q7A6
Q92843	H2Q805
O15304	H2Q902
Q8TDJ6	H2Q9F7
Q9NWW5	H2Q9P4
Q8WWX8	H2QAT0
Q9ULX3	H2QBF5
Q2NL98	H2QF37
A6NLU5	H2QFY3
Q6UXB1	H2QGM6
A6NGD5	H2QH89
Q86VH4	H2QI79
Q86X83	H2QNK3
P18077	H2QP22
Q99935	H2QPL7
Q96NT1	H2QPW0
A2VDJ0	H2QQA7
Q8NB78	H2QSC6
Q9Y4K1	H2QTH3
Q5TFE4	H2QTL4
O00270	H2QU14
Q9BT76	H2QUT7
O43316	H2QVB3
Q8IV76	H2QZ83
Q92902	H2QZM8
Q9UN86	H2R0J3
Q8IYS0	H2R140
Q9Y5Y9	H2R1N2
P54274	H2R473
Q9NZU1	H2R5B4
Q0VF49	H2R689
Q75N90	H2R6E2
Q6ICI0	H2R715
Q8NGG5	H2R7T8
A3KFT3	H2R7X8
Q9ULI4	H2RC47
Q9NWF4	K6Z975
Q96AQ6	K7B593
Q8TEU7	K7B8A0
Q15555	K7BCL6
O75132	K7BED9
P05155	K7BH37
Q8NE00	K7BUI3
Q99798	K7BWF9
Q12829	K7CVZ9
P07942	K7DGH1
Q9NYW5	Q646B0
Q96HY7	A0A2I3RFZ5
O95154	A0A2I3RKZ2
Q96SF7	A0A2I3RLL6
P11362	A0A2I3RMA9
Q9UN76	A0A2I3RZU2
Q8NCE0	A0A2I3S008
Q8NGZ0	A0A2I3S505
P57721	A0A2I3SQ67
Q9BSV6	A0A2I3SRA9
Q9HCZ1	A0A2I3SW56
Q9C0I3	A0A2I3SXD4
Q8IZJ3	A0A2I3T0P1
Q9Y580	A0A2I3T389
Q99598	A0A2I3T603
Q7L591	A0A2I3T9M2
O95600	A0A2I3TQK3
P49585	A0A2I3TX04
Q14994	A0A2J8JAS3
Q9NWS9	A0A2J8JMB9
Q00LT1	A0A2J8K7D2
Q9UKK9	A0A2J8KYR7
O15455	B3Y620
Q8WVJ2	G2HIJ2
Q9UKD2	H2PY69
Q5T5A4	H2PZJ8
Q9NR30	H2Q201
Q9P0L9	H2Q2F2
Q9H668	H2Q2J2
Q4U2R6	H2Q5A4
P54687	H2Q5L8
O14910	H2Q6J4
A7MD48	H2Q6Z6
Q8N6K0	H2Q7T4
P00491	H2Q7W4
Q6UX73	H2QAJ2
Q9BT22	H2QAJ3
O60931	H2QBW8
Q96GD4	H2QC74
Q7Z4W1	H2QE41
Q13433	H2QEG0
Q15762	H2QEP1
P08246	H2QES3
Q9UK85	H2QGU6
Q9HD43	H2QH54
Q9H222	H2QHU0
Q9Y679	H2QI70
Q8N8R5	H2QJ77
Q96BW9	H2QM26
Q99727	H2QM27
Q9Y226	H2QMB0
Q9Y2K3	H2QN23
P01591	H2QPM1
Q8N4F7	H2QQA9
Q7Z392	H2QQH8
Q96DR4	H2QRB2
Q9Y4E5	H2QT88
P50222	H2QU74
Q15386	H2QVP1
Q76LX8	H2QZE3
Q9UBC7	H2R0N8
Q9HCL0	H2R198
A6PVY3	H2R1E7
Q9P1Z2	H2R201
Q7Z3C6	H2R2P4
Q8N4W6	H2R3U9
Q9UJW0	H2R581
O15551	H2R590
Q6PIY7	H2R5N3
Q17R60	H2R749
Q9Y2Y8	H2R7T4
Q9NZT2	H2R8T4
P48357	H2RDQ7
Q13029	H2RE19
Q9BXC1	H2RFB0
P31944	H2RFZ4
Q13442	H2RI83
B0YJ81	K6ZA68
Q5FYB1	K7AL36
Q9BQI6	K7AZ13
Q92538	K7B2B9
Q9UMY4	K7BFD5
Q5TA45	K7CG02
Q96AB3	K7D1E5
P60033	P60034
Q9NYV9	Q646B6
O60688	A0A2I3RQV4
P04085	A0A2I3RSU2
Q6N021	A0A2I3RVZ1
Q86TN4	A0A2I3RYN0
Q8N8Q3	A0A2I3RZB3
Q13103	A0A2I3S5S7
Q8NDX5	A0A2I3S7R2
Q9Y6C9	A0A2I3SEX0
O60486	A0A2I3SGZ9
Q9UKB1	A0A2I3SMC0
S4R3P1	A0A2I3SZV9
P04629	A0A2I3T3D1
Q08462	A0A2I3T3G3
Q8N8I0	A0A2I3THN8
Q9UGJ0	A0A2I3TLI0
Q6ZU15	A0A2I3TQC5
Q99963	A0A2I3TTN2
Q8WU58	A0A2I3TU55
P26439	A0A2J8JUI4
A6PVS8	A0A2J8LKR2
Q0VDE8	A0A2J8MKN6
Q96B21	A0A2J8N150
Q9H665	A0A2J8QHK7
Q8IW75	A0A2J8QMI4
Q9BV79	H2PYI2
Q9UBY5	H2PZB1
P09326	H2Q0E9
P05160	H2Q0U3
Q15726	H2Q0Y7
Q9BU19	H2Q1I4
Q5SQS8	H2Q2Q0
A6NFZ4	H2Q2Q1
Q96HE8	H2Q2V6
P55851	H2Q4D8
Q8IY63	H2Q4K8
P04275	H2Q597
Q6W0C5	H2Q5C8
P61204	H2Q5U2
O43281	H2Q807
P10645	H2Q8T7
Q8IUW3	H2QBR9
P51575	H2QBX4
O95147	H2QCS1
Q16787	H2QEC7
Q9BXW6	H2QED0
P27348	H2QHF1
Q8TDR2	H2QJU0
P60568	H2QQ44
O43324	H2QSA0
Q9NUN5	H2QT95
Q00535	H2QVM3
Q8WXF5	H2QVN2
Q9HAB3	H2QWW8
P17097	H2QWY2
Q9UI46	H2QX63
P20774	H2QXG4
P24311	H2QYU1
Q8N6R0	H2QZK5
P51677	H2R0Z4
O95248	H2R2W0
Q99996	H2R568
A6NJI9	H2R5G7
Q9Y4D8	H2R748
Q0D2I5	H2R7K7
Q14761	H2RC40
Q96Q45	H2RDU7
P56270	H2RH97
Q9GZR2	K6Z9Z0
Q70CQ2	K7A966
Q9P287	K7BH08
Q9BU76	K7BID7
Q7Z769	K7BJZ9
Q05923	K7C7C3
Q9Y4A0	K7CA80
P29323	K7CN32
Q05655	K7DA70
O95298	Q0MQF9
P60507	Q8MIB6
Q9UNA4	A0A2I3RMJ2
A0A1B0GU33	A0A2I3RNW1
O94759	A0A2I3RSV8
A0A1B0GVK7	A0A2I3S595
P14210	A0A2I3S5X5
O94910	A0A2I3S9E0
A0A087X1C1	A0A2I3SFU2
A0A1B0GUA7	A0A2I3SG66
O76003	A0A2I3SMT6
Q9NQL2	A0A2I3SUN0
P02689	A0A2I3SV75
Q9HB75	A0A2I3SZI3
O14529	A0A2I3TL77
Q9HCR9	A0A2I3TM29
A0A075B6N1	A0A2I3TNY1
Q9BYN7	A0A2I3TSW3
P0C8F1	A0A2I3TWG0
O43734	A0A2J8PU88
P0DP42	A0A2J8Q0D2
O15552	A0A2J8QHG9
Q8NGT7	A0A2J8QUL1
P54851	A5A6N6
Q9Y265	G2HJD7
Q9HB90	H2PYQ4
P30085	H2PYZ9
Q9P2Q2	H2Q1M9
P11229	H2Q3X5
Q75WM6	H2Q5T2
Q96DY2	H2Q6X7
Q99766	H2Q898
Q9NYL9	H2Q9G1
Q9NYB0	H2QBJ4
Q9UNK0	H2QC91
P08779	H2QCC5
Q8N1S5	H2QDR7
Q9NSC7	H2QDY3
A6NDB9	H2QFJ7
O00168	H2QG18
Q9UF12	H2QG46
P14866	H2QG92
Q7Z692	H2QGK0
P20809	H2QH62
Q9BTX7	H2QKE4
Q9Y5M8	H2QNE7
P49773	H2QRF6
Q16552	H2QT64
Q92820	H2QW82
P0DTL6	H2QWX1
Q7Z304	H2QXC3
Q9UHF1	H2QY66
Q5TYW1	H2QYI0
Q4VC05	H2QZR6
Q5VU65	H2QZS5
P49796	H2R051
Q86VS3	H2R057
Q92523	H2R3K5
O00584	H2R3S7
P02786	H2R4A3
P0C2W7	H2R4K3
Q6ZMS7	H2R4W2
Q3KQV9	H2R601
Q9BR84	H2R6D9
Q8NGL2	H2R7U1
Q5T447	H2R940
Q9P0X4	H2RCS5
Q7Z5Q5	H2RDC4
D6RIA3	H2RH86
Q9Y6I4	K7ANC2
Q01831	K7ASV2
P14406	K7B1V3
Q6ZUT9	K7B3J6
Q9NR56	K7BKP0
Q96MN5	K7BKS3
Q96RQ1	K7C1H5
Q6RUI8	K7CFW9
Q8N3I7	K7CV40
Q7Z3F1	K7DEI6
Q16739	K7DHP1
Q9Y5G0	Q5DRA7
P57058	Q68UT7
Q9BXB5	A0A2I3REZ0
P07602	A0A2I3RJS9
O43633	A0A2I3RL10
A0A1B0GVR7	A0A2I3RMI8
P0DO97	A0A2I3RRJ1
Q6ZMB5	A0A2I3RUX1
Q6P1L6	A0A2I3RVE2
Q6P499	A0A2I3S5E2
Q53H47	A0A2I3SBE1
Q8TAU0	A0A2I3SCR6
P31483	A0A2I3SKJ5
Q8WY36	A0A2I3SQQ6
O75925	A0A2I3SSB8
P18510	A0A2I3STJ9
O95199	A0A2I3T7E9
Q9Y262	A0A2I3TFB6
Q6NXG1	A0A2I3TJU9
Q12860	A0A2I3TL46
Q9UK08	A0A2I3TLZ8
Q8N3J5	A0A2I3TS68
Q96KX1	A0A2J8L2F4
Q9Y2A9	A0A2J8LTG2
O76100	A0A2J8LUH9
Q96EX1	A0A2J8LYB7
Q96SE7	A0A2J8Q7G5
Q9BXN2	A0A2J8QQS0
Q9UBX0	A2T777
O60602	B3Y634
Q96IC2	G2HG75
Q96LB9	H2Q024
P10746	H2Q2R3
Q9NQ35	H2Q356
Q8N146	H2Q3M1
A0PJW6	H2Q3X2
A6NLP5	H2Q4W3
Q8IZ07	H2Q6V1
Q9NZU7	H2Q716
Q96P53	H2Q7L3
Q96T92	H2Q868
P12277	H2Q8Y8
P30926	H2Q9W8
O60356	H2QAU4
P61970	H2QBC9
P28072	H2QBY8
Q14781	H2QE05
Q7Z460	H2QIN1
P04070	H2QIN8
Q5JX71	H2QKM5
P43487	H2QL95
Q8N402	H2QLC3
A0AVT1	H2QPJ4
P02775	H2QPN7
Q9UN19	H2QPY0
Q8TE57	H2QQL7
P15248	H2QRJ2
Q8TF17	H2QRR4
O43653	H2QWS6
Q96A49	H2QYC6
Q96NX9	H2QYV3
Q9HD15	H2R218
P54252	H2R2I4
Q8IZN3	H2R6V4
Q15459	H2R708
Q9UKM9	H2R916
Q9ULM0	H2R9A1
Q711Q0	H2RAF9
Q9NXP7	H2RAU6
O15111	H2RBD4
Q86T65	K7B8E2
Q9BYC9	K7C7Y2
O60308	K7CDZ2
Q1RMZ1	K7CX06
P11055	K7D9M1
P04049	K7DGA2
P57105	K7DKX9
P10147	Q5I1Z0
A0A087WUV0	A0A2I3RAR0
P46439	A0A2I3RD86
Q96AX9	A0A2I3REA4
P35325	A0A2I3RK47
Q8NGC1	A0A2I3RPS1
P42356	A0A2I3RR13
Q9ULE6	A0A2I3RUW6
Q8IUA7	A0A2I3RX67
P22392	A0A2I3RX81
A6NI87	A0A2I3S3H2
P33402	A0A2I3SBY3
Q09FC8	A0A2I3SKW4
Q9NVH2	A0A2I3SKX0
P42330	A0A2I3SPE1
Q8N988	A0A2I3THY5
Q3KQZ1	A0A2I3TKL1
Q14966	A0A2J8KUM8
Q14032	A0A2J8LPR7
Q9Y215	A0A2J8NP61
Q96IS3	A2T711
A1A4G5	G2HFM5
Q9P2S5	H2PXV9
P09093	H2PY97
Q8IUS5	H2PZE0
Q5TCM9	H2Q005
Q8TDU9	H2Q087
O60779	H2Q0K3
Q96T76	H2Q2C9
Q8N684	H2Q3U2
Q6IPW1	H2Q4T4
Q9NZP8	H2Q5C0
Q68CP9	H2Q5R8
Q5W0A0	H2Q7I8
Q9Y467	H2Q7Y6
Q13268	H2Q811
Q6ZNA4	H2Q9I6
P57073	H2QA91
Q9NPA2	H2QAF3
Q8N1V2	H2QC92
P52429	H2QDH4
Q9BSF4	H2QFC7
Q8N135	H2QG17
Q92888	H2QGF2
Q9H7R5	H2QH18
Q86W28	H2QH83
A6NI15	H2QHH0
Q6GMV3	H2QHJ3
P07315	H2QJB1
Q9NUS5	H2QJW4
Q460N5	H2QN82
Q96T66	H2QNH3
Q93052	H2QNY3
P09417	H2QP94
Q14108	H2QPQ5
Q8IY95	H2QQE2
P48643	H2QQM7
Q96KG7	H2QRE9
P50479	H2QRG2
Q5TC84	H2QTA0
Q9NP71	H2QUP8
P15085	H2QVD8
Q6XQN6	H2QWU4
O00757	H2QXI1
O00400	H2R208
Q99442	H2R3Q3
P21452	H2R3V4
Q6X784	H2R499
Q9NYK1	H2R4T7
Q09428	H2R5J8
A6ND91	H2R5W1
A6NET4	H2R852
Q8NHY2	H2R8E1
Q9Y483	H2R8V8
P31947	H2RC87
P19971	K7ALP6
P30566	K7BSK5
Q00013	K7CVG7
O75190	K7D6W0
Q9ULH1	K7D7X0
P48061	K7DAF8
Q13572	K7DAN4
Q8N145	Q1EGL0
Q9UN74	Q5DRE8
O75955	Q7YR41
Q7L0X0	A0A2I3RHP2
Q3T8J9	A0A2I3S1R0
Q15195	A0A2I3S7A8
P11308	A0A2I3SPS3
E5RQL4	A0A2I3SRF5
Q8NGR3	A0A2I3SST2
Q9Y2H6	A0A2I3T502
Q6ZVT6	A0A2I3TAT0
Q8TDC3	A0A2I3TB43
O95704	A0A2I3TC20
O15550	A0A2I3TI41
Q08378	A0A2I3TPJ6
P46783	A0A2I3TQW4
A6NMZ2	A0A2I3TR69
Q86TV6	A0A2I3TVA8
Q6P5R6	A0A2I3TXN7
Q96LZ2	A0A2J8L3B6
P41161	A0A2J8M5T6
Q9P286	A0A2J8MSR9
Q14141	G2HEP4
Q9UF47	G2HFJ9
Q96DZ1	G2HFN3
Q7L0J3	H2PZV7
Q9BVN2	H2Q080
P49798	H2Q0H9
Q99633	H2Q1M8
O14531	H2Q2S9
Q9BVK2	H2Q4H1
Q8IWF9	H2Q4I2
Q9UEE9	H2QBI8
Q14703	H2QBL9
Q9NZI8	H2QDC8
Q8WVN6	H2QE48
O14544	H2QEP3
Q8NA69	H2QF63
Q6NY19	H2QF82
Q86W25	H2QH82
Q9C086	H2QI62
Q15631	H2QIN3
Q53QZ3	H2QIS7
Q9NQX7	H2QJK7
P57081	H2QL33
Q9HBI0	H2QLV4
Q8TCT0	H2QLW9
Q96IU4	H2QMQ6
Q9HBL6	H2QMT3
Q04446	H2QMY2
Q9P278	H2QQD0
Q8NBA8	H2QRD2
P54136	H2QRZ0
Q8IZF2	H2QT47
Q8N6F8	H2QUQ4
Q14296	H2QVM5
Q8N4L2	H2QWF1
Q92688	H2QXJ7
Q9NVG8	H2QXZ9
Q9BZI7	H2QZ21
Q9HBJ0	H2QZ51
Q8NDW4	H2QZG5
O95461	H2QZS2
A6NJ69	H2R142
Q9UNS1	H2R1D2
Q13033	H2R1X9
Q9C0K1	H2R2F5
O15342	H2R562
Q9UPZ3	H2R5J2
Q9H3Q3	H2R5X0
Q9Y5L3	H2R602
Q8NGZ4	H2R7Y2
Q16864	H2REW2
A8MWV9	H2RFS7
P0DJ07	H2RG05
A8MW92	K6ZZL6
Q15121	K7C224
P98082	K7C7Y5
Q6UX98	K7CBF0
Q8IX90	K7CBN9
O43175	K7DD09
Q12906	K7DTQ9
P02008	P06347
Q9Y5H3	Q5DRC1
Q16401	A0A2I3RDM8
Q9ULD4	A0A2I3RE53
Q9H2F3	A0A2I3RFD7
P55884	A0A2I3RG64
A0A1B0GTH6	A0A2I3RS25
O60706	A0A2I3S6S2
Q9NV39	A0A2I3SCM8
Q5H9L4	A0A2I3STA2
Q9NXE4	A0A2I3SUB6
M0QZC1	A0A2I3T0D9
P32241	A0A2I3T1V9
Q8TF44	A0A2I3T5K5
Q5JUK3	A0A2I3T7F0
P41218	A0A2I3TM40
P16070	A0A2I3TNC3
P48378	A0A2J8JRM6
Q5JQS6	A0A2J8KNR5
P04628	A0A2J8LQ70
Q8N9A8	A0A2J8MX20
Q9UJA9	A0A2J8P0N5
P49683	A0A2J8PC40
Q8NCA5	G2HFC6
Q9P2R6	H2PXY0
Q15345	H2PYY6
O94886	H2Q181
Q53EZ4	H2Q2A3
O75474	H2Q2C6
P09630	H2Q635
Q9Y2V7	H2Q7G3
Q8NGD4	H2Q7V2
Q15436	H2Q876
Q7Z5M8	H2Q8A3
Q14442	H2Q8H6
Q8TBY8	H2QBH9
Q15046	H2QBJ2
Q8N4L4	H2QC37
P41567	H2QCZ9
P38432	H2QDH6
Q9Y5L4	H2QEW9
O15235	H2QG96
Q9Y664	H2QGP6
Q6ZNA1	H2QH16
O75461	H2QHG0
Q96LM6	H2QIB2
Q8TEJ3	H2QII9
Q5FWF4	H2QIR6
Q9H6E4	H2QLS9
Q8IVS2	H2QLU8
Q8N2I2	H2QMC6
Q9H3R1	H2QQ27
Q13591	H2QQM4
P22492	H2QSF9
O43189	H2QST7
Q7Z6R9	H2QT61
O43680	H2QTS0
O15069	H2QUJ1
P00918	H2QWD5
Q6UWW0	H2QY68
Q6ZRI8	H2QZ41
Q9Y3T9	H2R0B1
Q8NAV1	H2R123
Q8TBC4	H2R294
Q8N336	H2R4Z8
Q8NGB2	H2R5F3
Q5VUA4	H2R796
Q96BJ8	H2RBU5
Q9NSU2	H2RDA8
Q8WXS4	H2RH66
O43826	K7AIB8
P27037	K7ALD8
Q9UIV1	K7AMH1
P09871	K7AR52
P51795	K7B9J0
P51793	K7BMC0
P49591	K7BPF4
Q14573	K7CRA5
Q9P2X3	K7CX77
Q2NL67	K7DIA8
Q9C0C9	K7DLJ7
O43676	Q0MQD2
P48047	A0A2I3RUL9
P19022	A0A2I3RWA5
Q8TC41	A0A2I3S1Z9
Q8TE99	A0A2I3S586
P0CAP2	A0A2I3SBP4
Q8TC17	A0A2I3SH98
Q9BRP7	A0A2I3SNL6
A0A1B0GV90	A0A2I3SWF1
Q9BX70	A0A2I3T4H7
P62834	A0A2I3T5X3
Q8TEV8	A0A2I3T8F3
E9PQX1	A0A2I3TJX1
Q68DD2	A0A2I3TLH3
O75110	A0A2I3TTY5
Q4LDR2	A0A2J8LS97
P32456	A0A2J8MH40
Q96PC2	A0A2J8NYQ2
B9EJG8	A0A2J8PG62
O95741	A0A2J8QK84
P05026	A5A6J8
Q14833	C7G3M9
Q8N108	G2HIP0
Q9H9A6	H2PZ80
Q6ZN66	H2PZD3
Q5QJE6	H2PZF3
Q9UNH6	H2PZG3
Q5T3J3	H2PZM8
Q99795	H2Q0J1
P07949	H2Q1T9
Q6ZSM3	H2Q290
Q9UKL2	H2Q2Z4
Q8N4L1	H2Q463
Q9NQ89	H2Q588
P78386	H2Q5Z3
Q9Y6K5	H2Q6X1
O94991	H2Q7P4
Q8N3F9	H2Q8B4
Q9H079	H2Q937
Q6N043	H2Q9H8
O95995	H2QBS5
Q9P2J8	H2QCC1
Q96A25	H2QD48
Q15029	H2QD78
Q9BSA4	H2QDS4
Q15365	H2QI21
Q13506	H2QJ58
Q13416	H2QJ84
O15066	H2QK62
Q9NXL6	H2QN47
A8TX70	H2QND3
P02778	H2QPQ2
Q9UNQ2	H2QQY8
Q9HCC0	H2QR16
Q96LP2	H2QR86
Q6AI39	H2QT08
Q12774	H2QVK1
O43692	H2QWB2
Q7Z591	H2QXR4
Q5VTD9	H2QY36
Q96BY7	H2R049
Q8IV31	H2R0H7
Q01118	H2R108
Q6NUJ2	H2R1N9
Q6UWY0	H2R2W4
Q7Z553	H2R2Y5
Q9UKR0	H2R3G2
O14813	H2R547
Q02383	H2RAU5
P0C0P6	H2RB75
A1L167	H2RCE9
Q9BZL3	H2RHX5
P13686	K6ZHT1
P78348	K7B9U4
Q96K83	K7BVL1
P62253	K7CGF3
O75177	K7CH13
P38117	K7CUE8
Q9BZV1	K7D885
Q9NZI5	A0A2I3RAW6
O75365	A0A2I3REL6
Q12948	A0A2I3RLL3
O75309	A0A2I3RN05
Q8TD90	A0A2I3SCD0
P98194	A0A2I3SH84
P29965	A0A2I3SM76
Q6E0U4	A0A2I3SWA9
O15488	A0A2I3T5G4
P41440	A0A2I3T9B1
Q9H5P4	A0A2I3TDV0
Q8N3J6	A0A2I3TIX1
Q9HCK4	A0A2I3TRC9
Q9Y5X2	A0A2I3TXH0
Q8NGC4	A0A2J8JI97
A4D250	A0A2J8KLS6
Q8WXA2	A0A2J8N1F6
Q15937	A0A2J8NBT7
Q8NBX0	G2HEX1
Q9BZQ2	G2HI19
Q86UV5	H2PY94
P51589	H2PZ51
P23458	H2PZ66
Q92845	H2Q0K8
Q8N7W2	H2Q1M7
Q3KNS1	H2Q1S0
Q9UMD9	H2Q2J4
Q9Y5Y7	H2Q366
Q96GX9	H2Q3E7
P62861	H2Q422
Q8NCY6	H2Q4P0
O14595	H2Q6C9
Q9BZF1	H2Q6I6
Q9Y5T4	H2Q7H9
Q14644	H2Q7U7
Q9P2Y4	H2Q7X8
Q9H293	H2Q808
P52657	H2Q9J2
P15144	H2QA26
Q02223	H2QAL5
Q6UWD8	H2QAV2
P48436	H2QDR6
Q8TAA3	H2QED5
Q9HA65	H2QGW8
Q9BV40	H2QI95
O95932	H2QJU2
Q96DF8	H2QL81
A2RUT3	H2QMJ7
Q8TBB1	H2QPH1
Q12849	H2QPM2
Q53FE4	H2QPX8
P49767	H2QQG7
P20719	H2QUB6
Q9UKN8	H2QY33
P51817	H2QZC3
Q8N9S9	H2R1W1
Q9BZD2	H2R251
Q9BTE0	H2R369
Q9HBM6	H2R4N5
Q969S0	H2R4Y0
Q3ZCU0	H2R538
O75820	H2R6I1
Q8N436	H2R7A3
Q8NGZ2	H2R7Y1
Q5JTJ3	H2R808
O14503	H2R8H1
Q9H4K7	H2R8U0
Q9H7Z3	H2R982
Q3LI67	H2RAK2
Q2VPA4	H2RAL5
Q9P0J1	H2RBM0
Q96PU5	H2RCB1
P27544	H2RFU5
A2CJ06	H2RGV0
Q15269	K7B0L9
Q9P2K2	K7BNU8
O75880	K7C047
P29034	K7CD40
P06280	K7D6T7
Q9NVV5	K7DGU3
P0DP72	A0A2I3RFF7
P16109	A0A2I3RHW5
O43897	A0A2I3RMG2
P15622	A0A2I3RUI0
Q9NP72	A0A2I3RWF1
Q9ULZ0	A0A2I3RX47
A0A1B0GTZ2	A0A2I3S1P8
A8MXY4	A0A2I3S5C2
Q96I45	A0A2I3SFY6
Q9NVP4	A0A2I3SGM9
Q2TAP0	A0A2I3SQ20
Q8N1P7	A0A2I3STH5
P06454	A0A2I3SY97
Q96NI6	A0A2I3SYX7
Q13045	A0A2I3T1S7
Q9H2X0	A0A2I3TA26
A0A0B4J279	A0A2I3TH14
Q8WYL5	A0A2I3TM55
Q9BXK1	A0A2I3TSN6
P25105	A0A2J8JP69
A8MXT2	A0A2J8KU74
Q8TAA1	G2HGP5
P08887	H2Q053
Q5TGP6	H2Q0L2
P0C7W6	H2Q2M2
Q68D10	H2Q398
Q99689	H2Q523
Q9BZE2	H2Q528
Q8NGE1	H2Q656
P30301	H2Q690
Q15742	H2Q6A3
P54707	H2Q7A8
Q9NYF0	H2Q8E0
Q8N6V9	H2Q9H6
P29762	H2Q9W4
Q9NY59	H2QBE3
Q9UKX3	H2QC97
Q8NAA5	H2QCC0
Q9UHN1	H2QDP3
Q01167	H2QE55
Q96FV9	H2QE64
Q9BV35	H2QF50
Q14156	H2QHJ8
P48751	H2QJH6
P53007	H2QL82
Q9H1I8	H2QLG6
Q8N9V7	H2QME3
Q8WXA8	H2QNU3
Q9H5U6	H2QPA8
Q8TCQ1	H2QQD9
Q9BX69	H2QQT4
Q9H6S0	H2QRC0
Q6NSZ9	H2QV05
O60393	H2QVK2
Q9H7D0	H2QVX1
Q86X45	H2QWQ9
Q712K3	H2QX58
O75348	H2QXR5
Q9UHY8	H2R008
Q9UHR4	H2R0D5
O75764	H2R320
Q96JB8	H2R690
Q9UNN8	H2R909
O95674	H2R943
Q2UY09	H2RBZ7
Q8NAG6	H2RC07
Q9BTX3	H2RDX4
P13501	K7ARK7
Q9BY76	K7AXV2
P25786	K7BLE3
P49748	K7BRR3
Q9H5H4	K7BW97
P62873	K7CIH8
Q7L2E3	K7CIQ7
Q9HC96	K7CKA1
P14921	K7CMF3
P17858	K7DD35
Q96DR7	K7DD75
Q5BKY9	K7DJ32
P51812	K7DQL9
Q9Y5H6	Q5DRE4
Q9NXC2	A0A2I3RAX9
O15399	A0A2I3RID4
P43489	A0A2I3RJ56
Q6PL24	A0A2I3RLN2
P46597	A0A2I3S0B0
Q86UW7	A0A2I3S0C2
Q9H974	A0A2I3S0D9
Q7Z601	A0A2I3S3A2
Q5D0E6	A0A2I3S3G8
Q8N7C3	A0A2I3SHA2
Q9P2W9	A0A2I3SL67
Q9Y261	A0A2I3T6K7
Q9ULD9	A0A2I3T7K3
P55263	A0A2I3TBB5
Q14244	A0A2I3TBR4
Q969V3	A0A2I3TFK5
A0A1B0GUX0	A0A2I3TID3
Q96N58	A0A2I3TTR7
Q9C040	A0A2I3TV72
Q9BXL5	A0A2J8JWL2
Q9Y600	A0A2J8KD81
P51813	A0A2J8KU70
Q9UHF0	A0A2J8KWI1
Q8NGP8	A0A2J8LC46
Q9HCE9	A0A2J8LTP6
P23396	A0A2J8MB83
Q96LP6	A0A2J8N020
Q8WXS5	A0A2J8Q7N5
Q96KP4	G2HGZ3
Q15906	H2PZY3
O14966	H2Q0Z7
Q12955	H2Q1Y0
Q9HA72	H2Q2I9
P00734	H2Q3I2
Q8TBF4	H2Q5Q8
Q9NSB2	H2Q5Z4
P49770	H2Q8M3
Q99853	H2Q9J4
Q9UPU7	H2Q9V7
Q9UJJ7	H2QA88
Q96BT3	H2QBC7
Q14667	H2QCI4
A6NF36	H2QDI0
Q86WR6	H2QDL1
Q58EX2	H2QDS3
Q9UM47	H2QFL8
Q02386	H2QGI5
Q8WUY8	H2QH69
Q9P2S6	H2QJQ6
Q9Y3A4	H2QLU2
Q9NUP1	H2QP66
Q8NEZ3	H2QPC5
Q9HCE5	H2QQ29
Q7RTY5	H2QQ99
O75521	H2QS87
P00488	H2QS92
Q16890	H2QTP4
Q8TA86	H2QUE7
Q14832	H2QUV3
Q8N8M0	H2QV50
Q5EB52	H2QVE0
Q9HCM3	H2QVG5
Q6P5Z2	H2QXZ6
P62166	H2QY15
Q9BXU8	H2QYG0
Q9UQC2	H2R3E1
P21817	H2R650
Q9UQ07	H2R960
Q96F24	H2RB79
Q0P5P2	H2RBY0
Q3LI81	H2REY3
O96013	K7C9R2
Q14689	K7CC60
Q9BZF9	K7CTP5
Q96L08	K7CWE4
O94966	K7DSX5
Q68J44	P0C594
P33032	Q9TT23
Q01860	A0A140TAX9
O95477	A0A2I3RDI4
A0A0B4J245	A0A2I3RQT5
Q2M2W7	A0A2I3RSM4
B2RUZ4	A0A2I3RWE2
Q8TF63	A0A2I3SEG5
Q86YZ3	A0A2I3SFM7
O75970	A0A2I3SG76
Q9Y6D5	A0A2I3SN59
P20742	A0A2I3SRL9
Q6IFN5	A0A2I3SVL8
O00764	A0A2I3T5F1
Q9H4Y5	A0A2I3TA14
Q8WUE5	A0A2I3TL68
Q9UIL1	A0A2J8K2T9
P33681	A0A2J8M3E9
Q99502	A0A2J8M9N5
Q8IUA0	A0A2J8MK14
A2RU14	A0A2J8N1M0
Q9UII6	A0A2J8NU66
Q9H1D0	A0A2J8QUD9
Q96MC2	G2HHQ9
Q5TD97	G2HIJ7
P17987	G2HIL6
P35573	H2PZG8
P82921	H2PZW6
Q5SY80	H2Q1F8
O60494	H2Q1P2
Q15327	H2Q294
Q9UGI0	H2Q2Q8
Q8NGG2	H2Q3M3
Q8IW92	H2Q560
Q14507	H2Q7W9
Q8N5C7	H2Q9E5
Q8WXD9	H2QAC6
Q99758	H2QAD3
Q8N143	H2QC19
P09629	H2QDC3
Q6QNY0	H2QGL0
Q96Q04	H2QGR5
O60462	H2QJA3
P09923	H2QJL8
Q9H4I2	H2QKD1
P05162	H2QLM3
Q6ZNL6	H2QM43
Q02388	H2QMJ5
P59025	H2QNX8
Q969H0	H2QQA2
Q96T55	H2QSY2
Q96PD4	H2QT65
Q9NQW6	H2QUF5
Q13422	H2QUK7
P47972	H2QUZ8
Q16656	H2QVD0
A2AJT9	H2QYD7
Q96EF0	H2QYP9
Q9NVW2	H2QYT6
Q6J272	H2R0T3
Q9NUP9	H2R0V3
P47901	H2R1Q0
P49286	H2R515
Q6KCM7	H2R699
Q7Z6B0	H2R7A5
P49895	H2R927
P21918	H2RAB4
Q1KMD3	H2RBK7
A4D126	H2RBQ4
Q52LJ0	H2RDI6
P61009	K7A146
Q8N0V3	K7AW40
Q96J02	K7BGN1
Q96B97	K7BQU9
Q9NTJ5	K7BR19
P28324	K7BXE8
Q13951	K7CV22
Q7L5L3	K7D306
P21810	K7DR91
P03905	P03906
O95394	A0A2I3RA96
Q16653	A0A2I3RAV8
Q15723	A0A2I3RCF6
Q8NET8	A0A2I3RJS5
P33241	A0A2I3RMA7
Q8WTX9	A0A2I3RMV7
Q6UWN0	A0A2I3RW05
O15394	A0A2I3RW30
Q96Q91	A0A2I3RYG6
Q86VP3	A0A2I3S2K2
A0A0C4DH38	A0A2I3S4I1
O94776	A0A2I3S626
O75715	A0A2I3S834
P17812	A0A2I3SD26
Q9C0D3	A0A2I3SGJ3
Q9Y6J3	A0A2I3SGY7
Q8IWS0	A0A2I3SQV3
P41208	A0A2I3SUG9
Q15116	A0A2I3SUZ1
Q9H2K0	A0A2I3SWB3
Q86V21	A0A2I3SYW1
P48735	A0A2I3T147
P31213	A0A2I3T791
Q86VB7	A0A2I3TAV9
Q9Y237	A0A2I3TRC5
Q5H9J7	A0A2J8IVQ5
P56381	A0A2J8KMQ3
Q9H255	A0A2J8P6V2
O00233	G2HEU0
Q6ZVT0	H2PXT2
P08217	H2PY34
Q53G44	H2PZA1
P43235	H2PZX4
Q537H7	H2Q143
Q9H2C2	H2Q1C1
Q9BT17	H2Q2T8
P19474	H2Q2Y1
Q6ZUT1	H2Q4S2
P07766	H2Q4V9
P36896	H2Q5Y6
Q9NSB4	H2Q5Z5
Q13438	H2Q6C0
Q8N4U5	H2Q6S3
Q9UL15	H2Q8Z0
Q6P656	H2Q9Y3
Q969V4	H2QC16
Q8IZC7	H2QFV8
Q6ZNE9	H2QJD9
Q8N7U6	H2QM61
Q92560	H2QMR4
Q96BT1	H2QMW0
P82650	H2QNG9
Q96HF1	H2QQB0
Q9H0N5	H2QRI5
O60609	H2QRK3
Q5T4T6	H2QSA9
Q3MJ62	H2QSK3
Q86UF1	H2QVC6
O43292	H2QWV7
Q6ZN55	H2QZU0
Q9HBW0	H2R094
Q96NZ9	H2R0J4
Q8IVW6	H2R0M8
Q96PS8	H2R2J9
P33176	H2R425
O75388	H2R5V9
O43921	H2R6J3
Q92854	H2R6L6
Q12947	H2R7P3
Q7Z7B1	H2R9M3
A8MWE9	H2RD57
Q8N7X0	H2RDH8
O00148	K7A9J4
Q8N142	K7ALD1
Q96EY1	K7B1X7
O75608	K7BDK8
O75907	K7CE61
P11182	K7CN26
Q7LC44	K7CQS0
Q49SQ1	Q49SQ3
Q8NG35	Q5IAB6
A9YTQ3	A0A2I3RNY8
P67936	A0A2I3RSY7
Q8IXQ9	A0A2I3RYG1
Q6IPM2	A0A2I3S1G4
B3SHH9	A0A2I3S8U0
Q96J87	A0A2I3SG28
Q13136	A0A2I3SIN6
Q58EX7	A0A2I3ST12
O60423	A0A2I3T3U3
Q9UKJ1	A0A2I3THY9
Q9UPT6	A0A2I3TSV8
P05546	A0A2J8IQB4
Q13367	A0A2J8JA28
Q9H173	A0A2J8JIC6
O75564	A0A2J8LFJ6
Q15622	A0A2J8LUF1
A0A087WTH5	A0A2J8M7I3
Q5U5X8	A0A2J8MZ51
A6NDD5	A0A2J8PJN9
O00219	A0A2J8Q3Z6
P49368	G2HJ25
Q9UM07	H2PY60
Q9NZK7	H2PY76
Q5JR98	H2PYW6
P23786	H2PZ20
P16298	H2Q237
Q99959	H2Q5P7
Q13683	H2Q659
Q16828	H2Q6K9
A6NFT4	H2Q6X4
Q9NYU1	H2Q7Q4
Q8NGC9	H2Q7V7
Q13023	H2Q854
O60306	H2Q944
P15735	H2QAY4
Q99741	H2QCW3
Q495M9	H2QDT7
Q96EE3	H2QEA7
Q03252	H2QEX0
Q96L12	H2QFP5
Q6UX27	H2QH33
P48549	H2QIU3
Q8N0X2	H2QJC7
Q9Y282	H2QK95
Q8N6M3	H2QKE1
Q9UHP6	H2QLC0
Q8IZH2	H2QNI6
Q86SH2	H2QPF8
Q8WV60	H2QR19
Q9BWJ5	H2QTV3
Q7Z6K1	H2QV87
Q9BYD1	H2QWN0
Q9UFN0	H2QXM5
Q96BI3	H2R2D2
O00453	H2R2F3
Q6NV74	H2R316
P21579	H2R3R2
Q96GJ1	H2R4N1
Q5DT21	H2R588
Q5BN46	H2R629
Q587I9	H2R6K7
A6NKL6	H2R6U0
Q15078	H2R9L6
Q9BUU2	H2RAD8
O75324	H2RG45
Q99759	K6ZLE7
O43290	K7AQ90
Q8IWX8	K7BQY6
P16615	K7BZQ7
Q8IX01	K7C3X0
Q8N157	K7C450
Q9BZJ6	K7CZQ0
O14561	Q0MQC3
P47755	Q2QLF0
Q9Y5F3	Q5DRE0
Q9NUE0	A0A2I3RQP3
O60542	A0A2I3RU23
Q86SQ4	A0A2I3RWU7
Q8WZ33	A0A2I3S7E1
P49961	A0A2I3SBB0
Q9Y277	A0A2I3SDM8
Q6ZRR7	A0A2I3SIQ3
Q5VV17	A0A2I3SUX9
P98198	A0A2I3T0U4
Q9P2D1	A0A2I3T3M3
A0A075B734	A0A2I3T4M7
M5A8F1	A0A2I3T5X7
Q9Y6H8	A0A2I3TGE0
Q8IZJ4	A0A2I3TL34
Q01813	A0A2I3TMC3
P42684	A0A2I3TWE6
O15068	A0A2I3TX10
Q8WTT0	A0A2J8JE59
A0A0U1RRA0	A0A2J8JNM3
Q13303	A0A2J8KY92
Q4G0S4	A0A2J8M1N6
Q96MT1	A0A2J8NKD5
P62081	A0A2J8NM90
P10912	A0A2J8QAB1
P22695	G2HJF6
Q7RTX1	H2PXX1
P19878	H2Q0R6
Q9NVF9	H2Q0Y6
Q96BN6	H2Q232
Q495W5	H2Q240
P38571	H2Q287
Q8ND24	H2Q4U7
Q4G0P3	H2QBG9
Q12946	H2QBN8
O95249	H2QCL4
P46092	H2QD32
O43603	H2QDX3
Q6UX52	H2QDZ2
Q9Y2G9	H2QET8
Q9UMN6	H2QG38
O95630	H2QI53
Q9BZ19	H2QKN4
Q969R5	H2QLS1
Q9UJX5	H2QPA9
Q9HBE4	H2QQ45
P02671	H2QQB5
Q17RP2	H2QRS5
P17040	H2R053
O43752	H2R1H0
Q9GZU3	H2R1T0
Q8IWB1	H2R1U1
Q4V9L6	H2R2I7
P04839	H2R4R9
Q8NGV0	H2R536
Q58A45	H2RA81
P59542	H2RAY5
Q96M83	H2RBE8
Q9UK12	H2RC02
A0A0B4J1V2	H2REE2
Q68DQ2	H2RHK4
Q6UWQ7	H2RHR5
Q8N6M9	K6ZEH4
Q14657	K7ASN9
Q8TBR7	K7BHM5
Q8WWC4	K7BQI6
Q14204	K7DEX7
P34741	K7DH55
P02654	P0CE38
P09544	Q2QLE7
Q96RI8	Q5W8W0
Q8NDV1	Q6ZYP1
O76081	A0A2I3RBJ2
Q96PV0	A0A2I3RBQ9
P02774	A0A2I3RDW5
Q8TBK2	A0A2I3RJ48
Q9GZU1	A0A2I3RL30
O43824	A0A2I3RNV7
P42768	A0A2I3RTY4
Q86XK3	A0A2I3S3Q2
A6PVC2	A0A2I3SA33
Q86XT4	A0A2I3SED5
Q8WXA9	A0A2I3SK48
Q9H313	A0A2I3SLJ4
Q8IXR9	A0A2I3SN22
Q12980	A0A2I3SNN6
Q5T7P3	A0A2I3SZM7
P41586	A0A2I3T268
Q16288	A0A2I3T8J4
Q9BYE4	A0A2I3TGN4
Q8TCU4	A0A2I3THE8
Q969X6	A0A2I3TM19
Q5JY77	A0A2J8IU99
Q7RTU5	A0A2J8KHT2
Q86UG4	A0A2J8L7W2
Q13489	A0A2J8LBK1
Q6PIF6	A0A2J8M1K6
Q92583	A0A2J8MW74
P0C7T8	G2HF92
Q9UHD1	G2HFX0
Q96NY9	G2HH66
Q92526	G2HJ75
Q9ULW8	H2PY59
Q5T5D7	H2PYS4
Q9UBQ6	H2PZH8
Q9NXN4	H2PZS3
Q96PN6	H2Q0J3
P23921	H2Q2Y0
Q86XR8	H2Q4L1
Q8NG78	H2Q510
Q9UBC5	H2Q6A1
P57740	H2Q6F6
Q8N6Q8	H2Q6J7
Q9Y693	H2Q7G2
A6NEE1	H2Q8I7
Q13114	H2Q8Y3
Q96CD0	H2QBA9
Q3KNW1	H2QBQ2
Q9UL33	H2QBQ9
Q9NPF8	H2QCL8
Q96IG2	H2QCU2
Q7Z3Y7	H2QCX2
P23258	H2QD29
Q6P9A3	H2QED3
Q9GZN6	H2QGU3
Q8N653	H2QLA3
Q93075	H2QM20
Q8NFY9	H2QMW8
Q2QGD7	H2QNA0
Q7Z449	H2QQ03
O75121	H2QQF2
O95759	H2QS60
P48651	H2QWG7
Q7Z7M1	H2QXV5
Q9NXS3	H2R0Y7
P23469	H2R3E7
Q01082	H2R3X5
Q5HYW2	H2R4P2
Q96BV0	H2R4V8
Q9NQT4	H2R632
Q9H094	H2RBV2
P13236	H2RDM0
P48594	H2REU3
O60412	H2RGS8
C9J3I9	H2RHR1
Q9UBY8	K7ASK0
Q16836	K7AUA4
Q6UW78	K7BSX4
Q9H160	K7BU65
Q9NS68	K7C4D1
Q96A26	K7CLD5
Q9BPU9	K7D2U4
Q6PI73	Q8MJZ2
Q6TCH4	A0A2I3RAU8
C9JL84	A0A2I3RRD1
Q99687	A0A2I3S5F2
P58182	A0A2I3SEB0
P35504	A0A2I3SI43
Q9Y6Z4	A0A2I3SML0
Q9NXW2	A0A2I3SNV4
Q99603	A0A2I3SVX4
Q8N2U0	A0A2I3T254
Q9NVQ4	A0A2I3T771
P05023	A0A2I3TMJ5
Q9Y5R5	A0A2J8JH20
Q96LB4	A0A2J8KHZ4
Q16625	A0A2J8L0W8
Q8NGP2	A0A2J8LC31
P29692	A0A2J8LFV2
A0A1B0GUI7	A0A2J8NA94
Q9H205	A0A2J8P6A7
Q2WEN9	A0A2J8PYB1
P22303	A0A2J8Q8V8
Q6NXR4	G2HGH8
O75381	H2PXZ8
O00488	H2PYD5
Q9NZ56	H2Q1E7
P49903	H2Q1M6
Q5T686	H2Q2D5
P17980	H2Q3J1
O15397	H2Q5N9
O75908	H2Q613
Q86YJ5	H2Q6C3
Q9Y2B1	H2Q6D8
Q86TW2	H2Q8Q2
P62191	H2Q8S2
Q6UWM7	H2Q9N6
Q9BV90	H2QA66
P78412	H2QB40
Q6ZSG1	H2QEH5
Q3KQV3	H2QG14
A6NFX1	H2QHI4
Q15788	H2QHJ2
O60733	H2QLN4
O00533	H2QLY7
Q14012	H2QM08
Q9UI38	H2QMH2
Q9H5J4	H2QQ14
Q01804	H2QQ87
P47902	H2QRS8
O95445	H2QSN2
Q8TF01	H2QTG1
Q86VY9	H2QTQ7
P04090	H2QWZ6
P19652	H2QXR3
P17813	H2QXY0
Q8TDG4	H2QZF4
A6ND48	H2R187
Q8NGS0	H2R1W5
O60513	H2R2Q5
O95377	H2R3E5
Q2TB10	H2R4Z3
Q6L8G4	H2R557
Q5JUQ0	H2R658
Q6ZMN7	H2R7B9
Q5VVX9	H2R907
Q30KP9	H2R9W3
P60510	H2RA87
Q8IVU9	H2RBL9
P62195	H2RBT3
Q702N8	H2RCL4
Q06828	K7A2A5
Q9UM11	K7ANJ1
P43119	K7B7S3
Q12767	K7BYZ7
Q03933	K7C5Z5
Q5TC12	K7CCF1
Q92750	K7CTG6
Q9UPC5	P60019
Q8WXF3	Q5CZK2
Q9Y5E8	Q5DRD3
Q9Y5I2	Q5DRF4
Q6UY09	A0A2I3RAB8
P49802	A0A2I3RUV5
P11532	A0A2I3S4X0
Q9UMX1	A0A2I3SA11
Q9Y661	A0A2I3SIJ1
P61366	A0A2I3SP93
Q96G74	A0A2I3T8J5
O60716	A0A2I3TBC2
Q92995	A0A2I3TG67
P49918	A0A2I3TME0
O96002	A0A2I3TPF6
A0A0B4J265	A0A2I3TTM7
Q495N2	A0A2I3TUA3
Q6JBY9	A0A2I3TUZ2
Q9NP91	A0A2I3TVI5
P27918	A0A2J8IU45
Q6Q4G3	A0A2J8LJZ2
Q16620	A0A2J8MRP9
Q7Z5L4	A0A2J8N0Y1
P07355	A0A2J8NS01
P34981	A0A2J8PN27
Q9Y337	A0A2J8Q6I4
O43242	G2HF36
O95661	H2PZ75
Q08257	H2PZ89
Q9UDY4	H2PZ99
Q16875	H2Q1L1
P30405	H2Q253
Q9H346	H2Q301
P57729	H2Q4I8
Q9UI36	H2Q7M7
Q8IZF0	H2Q7R6
Q5J8M3	H2Q938
O15524	H2QAK6
Q53EL9	H2QCJ9
Q2M2I5	H2QCW8
Q9Y2R9	H2QDV1
Q96LD4	H2QDW6
Q5MNZ6	H2QE56
P20160	H2QET5
Q8N350	H2QEU0
Q96FF7	H2QFJ8
P36954	H2QG57
P24390	H2QGR1
Q7Z570	H2QJ40
P30989	H2QKR3
Q8IVV8	H2QKS1
Q9Y3I1	H2QLJ6
P06276	H2QNP1
P78414	H2QQL6
A6NHY2	H2QR37
Q5U5X0	H2QRF7
Q5VXU1	H2QTP2
Q9Y5Z4	H2QTT8
Q9UM63	H2QTV2
P49675	H2QW13
Q8TB45	H2QWM8
O95813	H2QX07
Q8NGT2	H2QX92
O75683	H2QY41
O15479	H2QYF7
O60828	H2QYK3
Q8IYB7	H2R1E6
A6NDL8	H2R7F7
Q6UWZ7	H2RA73
P20226	H2RD22
Q9H596	H2RH74
O75159	H2RII6
O14519	K7ADF1
Q96C86	K7ALT2
Q9C026	K7C0W0
Q8N8U9	K7CAA8
Q9H6B1	K7CLZ7
P00403	P50690
P26718	Q9MZ37
Q4VC31	A0A2I3RII1
A2RRD8	A0A2I3RKK8
P0DJH9	A0A2I3RTI5
Q969G3	A0A2I3RU20
Q5TZA2	A0A2I3RUX0
Q9UL01	A0A2I3RX73
Q5BKY6	A0A2I3S2T3
P0DN84	A0A2I3S986
P55210	A0A2I3SBZ3
Q15075	A0A2I3SDM1
Q6GYQ0	A0A2I3SHC9
P01718	A0A2I3SHS2
Q86UR5	A0A2I3SK77
P41146	A0A2I3SM21
Q9HCJ1	A0A2I3TB06
Q9Y5P4	A0A2I3TC89
P41225	A0A2I3TQ10
Q8NGP6	A0A2I3TR19
Q5QGS0	A0A2J8JD21
P55157	A0A2J8MAT8
Q9GZK7	A0A2J8NWW6
Q5MCW4	A0A2J8QIB0
P26998	A0A2J8QN05
Q6P9G9	A2T6W2
P17844	A5A6J2
O95382	H2PYF3
Q8WY98	H2PYK0
P58294	H2PZM4
Q6UX65	H2PZM9
Q53G59	H2Q0X4
Q7Z418	H2Q2M7
Q9NPI8	H2Q3B2
Q9NS93	H2Q5M8
Q9UJY1	H2Q6Z7
Q5JR59	H2Q7D1
Q9Y4F1	H2Q7Q9
Q8IUD6	H2QCL9
Q96DH6	H2QDH9
Q9H8H0	H2QDQ6
Q9P2T0	H2QER9
Q14145	H2QFB9
Q13445	H2QFC5
Q9Y289	H2QHL8
O43194	H2QIR2
Q9HC58	H2QK12
Q96DW6	H2QMC1
Q8WZ64	H2QPB6
Q9ULI1	H2QPB7
Q96LW4	H2QQI2
P45877	H2QRE2
Q8TC20	H2QS95
Q8N6D2	H2QSB8
Q9NTX5	H2QTQ0
Q8N2E2	H2QU72
P11233	H2QUG6
Q96T53	H2QVZ6
O43623	H2QW52
Q5VUD6	H2QY67
Q96QF7	H2QYS7
Q86X67	H2R1E9
Q6ISS4	H2R5U8
O75293	H2R6I0
O43506	H2R996
Q9NPB1	H2R9K1
Q9NUV7	H2RCY8
Q5T200	H2RDD7
Q9H3L0	K6ZVR7
O75695	K7AWF4
Q9UKX7	K7AZ41
O43679	K7B2X8
Q96Q07	K7B4N3
Q7Z698	K7B5Y6
P35052	K7BMY8
P09936	K7C9R6
P51797	K7CM04
O43719	K7D6H0
Q30201	P60018
P00395	Q9T9W1
Q7L1V2	A0A2I3RI88
P23467	A0A2I3RP82
Q6PL45	A0A2I3S145
Q16881	A0A2I3S327
Q8NFZ8	A0A2I3SCG6
Q2T9K0	A0A2I3SDE8
A8K5M9	A0A2I3SI96
Q2M2Z5	A0A2I3SMJ3
Q6P9H5	A0A2I3STS5
Q9HBW9	A0A2I3SX25
Q96I25	A0A2I3T1W0
P41252	A0A2I3T958
A0A1B0GUA6	A0A2I3TEW0
Q8WYH8	A0A2I3TFD1
Q8WUI4	A0A2I3TJ29
Q15056	A0A2I3TKH1
Q9H5N1	A0A2I3TMN4
P35638	A0A2J8KW39
P02686	A0A2J8KWS2
O15353	A0A2J8LI15
Q9BRR0	A0A2J8NWT3
Q9P2E2	H2PY89
Q6IPR3	H2PZ90
P51153	H2Q047
Q9BZQ4	H2Q0R3
Q8TEA1	H2Q1P7
Q86Y37	H2Q2N3
Q8NGL0	H2Q3L4
Q9UPX8	H2Q4B8
O75312	H2Q4U0
Q96HM7	H2Q5S2
P23743	H2Q668
O14524	H2Q6A2
Q9H0W7	H2Q6H0
O43169	H2QBF2
Q08AM6	H2QBG8
O43149	H2QBX5
O14745	H2QDT2
Q08AN1	H2QFX3
Q9C0C4	H2QID7
Q9Y4P1	H2QJR8
Q9H8E8	H2QK03
Q9H490	H2QK82
Q15560	H2QKU1
P32298	H2QP48
Q99467	H2QR03
Q96K19	H2QW40
P22612	H2QXB9
Q5VZI3	H2QXR6
P55107	H2R170
Q5SVZ6	H2R3M6
Q9NPB3	H2R468
Q5JPI9	H2R7A1
Q5VUJ9	H2R7Y6
A6NNT2	H2RAD9
A8MUZ8	H2RBF8
Q2M218	H2RBV8
O60397	H2RDY1
Q9UJY4	K6ZQV6
Q86YB7	K7B969
C9J3V5	K7BC38
Q96NE9	K7BEH7
Q6UXV4	K7BH18
Q8WWF1	K7BZE4
Q8IX30	K7C6I2
Q96CN9	K7CEC5
Q13164	K7CEN2
Q6RI45	K7CWG3
Q96IT1	K7D7M5
Q8IXM6	Q1XHX8
P11226	Q66S63
Q9H1Z4	Q6DKP5
A6NKX1	A0A2I3RE34
A6NJT0	A0A2I3RJ94
Q9Y4K0	A0A2I3RN48
Q8NEA4	A0A2I3S946
P32004	A0A2I3ST95
Q8N7B9	A0A2I3SYV2
Q86XT2	A0A2I3SYZ7
A8MYA2	A0A2I3T2W1
P16157	A0A2I3T7G2
Q8NBF6	A0A2I3TKN2
Q86U42	A0A2I3TPN1
Q15652	A0A2I3TWV3
Q92913	A0A2J8JP80
Q6ICG8	A0A2J8LN03
Q9H336	A0A2J8M9V0
Q99684	A0A2J8MHD0
Q9ULB5	A0A2J8ND39
Q6ZUK4	A0A2J8NVD1
Q0ZLH3	A0A2J8PRG2
Q5T5X7	A0A2J8PUM7
O95236	G2HFS4
Q9NPF5	G2HH13
Q99062	H2PYN7
P31949	H2Q002
Q8IYJ2	H2Q1Q5
Q9P2V4	H2Q267
Q13488	H2Q498
Q8NAB2	H2Q4P1
Q5VTU8	H2Q7C4
Q9Y4X5	H2Q9R3
Q01954	H2QA00
Q16775	H2QAB2
Q9H2A7	H2QBY3
A6NH57	H2QCT9
O14730	H2QEC3
Q03923	H2QFW5
P40429	H2QGV2
O43529	H2QIF5
Q9NS64	H2QIU2
P05111	H2QJH4
O00258	H2QL13
Q9Y6G9	H2QM89
Q494V2	H2QN99
Q9UK59	H2QNG1
Q8IVB4	H2QNJ1
Q8WZ60	H2QNT7
Q14512	H2QP90
Q16878	H2QRC7
P55008	H2QSN0
Q14999	H2QT18
Q9ULC3	H2QT90
Q5M8T2	H2QTT1
Q9BS86	H2QUK5
Q9Y574	H2QUY7
Q5C9Z4	H2QVP0
Q5QJU3	H2QX17
P55072	H2QX75
Q96T68	H2R1P1
Q9BZE0	H2R2A4
Q92643	H2R3H4
P15309	H2R438
Q8TCA0	H2R4A0
Q8N5C8	H2R4S6
Q7LBE3	H2R868
C9JTQ0	H2RI56
Q13112	K6ZZZ5
Q96SI9	K7A0Q8
P61966	K7B188
Q9BRQ5	K7B6T1
P45974	K7B7B4
Q12789	K7BH73
Q00613	K7BNC5
Q5T9C2	K7BY29
O95214	K7C5I5
O15040	K7CA73
Q9BW83	K7CNP1
Q9UHJ6	K7CRI8
Q9BT40	K7D6H2
P10586	K7D8P0
Q6ZMZ3	K7DPQ3
P12318	Q8SPV8
O95866	A0A2I3RAH1
P48449	A0A2I3RGG5
Q15287	A0A2I3RR01
P98173	A0A2I3RU53
Q06187	A0A2I3RVY9
Q9NUZ1	A0A2I3S1K2
P23109	A0A2I3SAJ6
Q9NZJ0	A0A2I3SKD6
Q9NUY8	A0A2I3SP95
Q8WTZ4	A0A2I3SU74
Q9BW60	A0A2I3SUS4
Q9UDY2	A0A2I3SY75
Q99962	A0A2I3SZG1
P15884	A0A2I3TC50
Q9P203	A0A2I3TC63
Q9UKU0	A0A2I3THX6
O14513	A0A2I3TSA2
Q16651	A0A2J8J541
Q9UM21	A0A2J8J6Q6
Q9NRJ3	A0A2J8JUN5
Q8WVI7	A0A2J8PRM2
P38159	A5A6M3
Q99447	G2HHX0
Q9Y2J8	H2PY57
Q8N5D0	H2PYF0
Q32ZL2	H2PZG4
Q6P589	H2PZX9
P41214	H2Q102
P80303	H2Q384
Q8NH90	H2Q3N4
Q9Y5Q0	H2Q3U9
Q15771	H2Q4H7
Q9GZT6	H2Q4I0
P54710	H2Q4V1
Q9Y2Z4	H2Q5P6
P81605	H2Q650
Q6UW63	H2Q7S2
Q96CW5	H2Q7T6
Q8NFX7	H2Q842
Q9HA92	H2QDF3
O95336	H2QFR4
Q7Z7M0	H2QGG4
Q9UP65	H2QGQ4
Q9UIF8	H2QIV5
Q8N1F8	H2QJH5
O60676	H2QK31
P48739	H2QLF0
P10721	H2QPH5
Q8TF72	H2QPR1
Q6PCB8	H2QQV1
Q93088	H2QR53
P56597	H2QRJ9
Q9GZU0	H2QSE0
Q86VQ0	H2QTB1
Q9BXM9	H2QXM7
Q7L311	H2QYX2
P12259	H2QZV8
P31997	H2R427
P59826	H2R449
Q6ZN08	H2R680
Q6ZMC9	H2R6R2
O60269	H2R7Q3
Q75VX8	H2R8X8
Q9GZU8	H2RA62
Q5VWQ8	H2RC65
P35789	H2RCK6
Q8WVV4	H2RCX2
Q8TE85	H2RDV8
Q9H0I2	K7AF37
Q5T6V5	K7ANV2
Q52LR7	K7BBT4
Q6UXD7	K7BDS0
Q9BQ65	K7BF71
P55039	K7C7B5
Q9H1A4	K7CIL4
Q8NCJ5	K7CJV8
Q99675	K7CV01
O15370	K7CW19
Q9BZ11	K7D2R9
P03999	P60015
P56181	Q0MQJ2
Q9Y231	Q659L0
Q9UBC1	Q861W0
Q9Y3Q7	A0A2I3RAE7
Q9UPT8	A0A2I3RKH7
Q6P9F5	A0A2I3RMP3
Q8NB49	A0A2I3RPK8
Q08477	A0A2I3RWG5
Q9Y6I8	A0A2I3RXX6
Q6IF36	A0A2I3SAL0
Q5T011	A0A2I3SC16
P06241	A0A2I3SKP4
P52943	A0A2I3SQI4
Q99676	A0A2I3T1I2
Q16594	A0A2I3T3P3
P10767	A0A2I3T7V6
Q9UQ10	A0A2I3T8Z2
O00418	A0A2I3TJP1
P20839	A0A2I3TM38
A6NMX2	A0A2J8J5W2
Q9NRX3	A0A2J8KWA5
Q5VXU9	A0A2J8LPC3
P08235	A0A2J8MUF6
A6NML5	A0A2J8P1D3
P61086	G2HEI6
Q8NEB7	G2HEW0
Q8N0Z8	H2PXT5
Q8IXK0	H2PYL7
Q9BZD4	H2Q0I0
Q9UNG2	H2Q0M3
Q96A54	H2Q0X5
Q96EB6	H2Q1Z0
Q96I59	H2Q4H3
Q6UQ28	H2Q4S6
Q8WU10	H2Q5K8
Q7Z5W3	H2Q5V9
Q00688	H2Q883
P49768	H2Q8K1
Q9UGJ1	H2Q9A6
Q96CW6	H2QBE1
Q8N511	H2QCH1
Q6P4F2	H2QFB4
Q6ZRH7	H2QG81
P62316	H2QGL7
Q17RM4	H2QI64
Q9H1Q7	H2QJU8
Q9H1F0	H2QKG2
Q9Y5N5	H2QKW2
Q6NVV3	H2QPF3
P25116	H2QR41
Q8IVW4	H2QRH8
P08922	H2QTM7
Q5TF21	H2QTQ1
Q658Y4	H2QWP2
Q9NUQ3	H2QYC7
Q9HAI6	H2QYF9
Q9UN88	H2QZ89
Q9C0B6	H2QZM3
A2RUC4	H2QZW0
Q9UGP5	H2R0B4
P20813	H2R0G3
Q8TEX9	H2R168
Q6NX45	H2R1B3
Q5TAT6	H2R296
Q01484	H2R3U2
Q5VUJ6	H2R4L5
Q6IF82	H2R5F2
Q6NZY7	H2R5U9
Q13873	H2R686
Q9BPU6	H2R8X1
Q96MZ0	H2R8Y1
P57679	H2RAB9
Q86WV5	H2RBR6
P0C221	H2RE31
B4DU55	H2REH7
A6NH13	H2RIJ2
Q9UIU6	K7A7J5
Q9BY27	K7ANQ5
Q9UNH5	K7CBN5
P03950	Q8WME8
A0A1W2PP97	A0A2I3RAH2
Q9HB19	A0A2I3RLB0
Q8N6R1	A0A2I3RQR8
Q08499	A0A2I3RRZ5
A8MXE2	A0A2I3RSU1
Q96FZ7	A0A2I3RVG8
Q9Y365	A0A2I3RWX0
O95988	A0A2I3RZQ9
P16885	A0A2I3SHP7
Q9UGB7	A0A2I3SKF9
Q9Y644	A0A2I3SKV9
P22891	A0A2I3SMS1
Q86Y25	A0A2I3SNE8
Q9C037	A0A2I3SNK6
Q8N4L8	A0A2I3STJ6
Q9UH17	A0A2I3SZP2
P43003	A0A2I3T0G3
Q17RD7	A0A2I3T476
Q9BY31	A0A2I3T5F9
Q92599	A0A2I3T692
Q96FN4	A0A2I3TBN0
I3L3R5	A0A2I3TFX0
Q9BYR6	A0A2I3THN9
Q499Y3	A0A2I3TIA5
O15530	A0A2I3TN41
O95260	A0A2I3TQE7
O95677	A0A2I3TVQ1
Q8NH01	A0A2J8IQT2
Q8NH48	A0A2J8LCF5
A6NLE4	A0A2J8LXV3
Q8NDH6	A0A2J8N5D7
O94851	A0A2J8P5E8
Q9ULI2	G2HDZ5
Q9ULC6	H2PY58
O95881	H2PZ09
Q9ULX7	H2PZW3
Q9NQ25	H2Q0F0
O75529	H2Q1B2
O95858	H2Q207
Q6WN34	H2Q4E4
Q11206	H2Q535
Q09470	H2Q593
Q9BRT6	H2Q6E7
Q96QF0	H2Q6G3
Q12982	H2Q9J3
Q6ZN04	H2Q9Y6
Q8N729	H2QAC0
O15063	H2QG06
O00322	H2QG36
Q9NS71	H2QI13
P49247	H2QIB4
P01178	H2QJV1
Q9UFP1	H2QMD9
Q7RTY3	H2QMH3
Q9NR81	H2QMT7
O95803	H2QQ28
Q5TH69	H2QTT7
Q9BYC8	H2QUH2
P15121	H2QVE6
Q99969	H2QVL6
Q86UE4	H2QWH0
Q86YN1	H2QY06
Q9HCC8	H2QYR7
P51841	H2QZ00
A0JP26	H2R2I9
O95965	H2R464
Q8NGF3	H2R498
Q13151	H2R5B8
Q9BZJ0	H2R934
Q9BXJ9	H2R9X9
P23769	H2RAN3
Q9BZB8	H2RC94
Q13487	H2RHY8
O15438	K7AAA2
A6NKD9	K7AAL2
P28827	K7B5N7
Q96LT4	K7B946
Q8NC67	K7BTZ4
Q9NVM4	K7CDI0
O15055	K7CE70
P10909	K7CQT0
Q8N556	K7DSM5
P68104	Q5R1X2
Q9HBE5	A0A2I3RB72
O75592	A0A2I3RH77
P43155	A0A2I3RYT6
Q9H2W2	A0A2I3S1L3
Q13363	A0A2I3SKD1
P35680	A0A2I3T0L8
A0A0A0MS02	A0A2I3T1F1
P06870	A0A2I3T245
P41235	A0A2I3TE66
P15056	A0A2I3TK00
Q8TD91	A0A2I3TSX5
Q9H0F5	A0A2I3TWA4
O75845	A0A2J8N215
Q7RTY1	A0A2J8NVH1
Q15669	A0A2J8PGS2
Q96NX5	A0A2J8QVK8
P56915	A2T733
P00558	A5A6K4
Q9UN36	A5A6K6
P55001	H2PY54
P27144	H2PZ67
P22001	H2PZM6
Q96S38	H2Q147
Q8N9N2	H2Q224
Q04743	H2Q2N0
O14817	H2Q2W3
Q1EHB4	H2Q3B6
Q8NGQ5	H2Q3P7
P07195	H2Q5L1
Q99733	H2Q6I4
A0A024RBG1	H2Q6L7
Q9NS73	H2Q870
Q8N428	H2Q8I4
Q3MJ16	H2Q988
Q8IUZ0	H2Q9Q5
Q96N20	H2QAG2
Q15697	H2QAG4
Q9NPG3	H2QAI8
Q96C10	H2QD12
P47989	H2QHQ2
Q9H3P2	H2QP42
Q86Z14	H2QPC7
P29120	H2QR92
O15535	H2QSJ7
Q6P5S2	H2QTQ2
Q6ZVC0	H2QV30
Q8TCJ0	H2QVP4
Q9NVV9	H2QW39
P08574	H2QWV8
Q8NF50	H2QWY5
Q13444	H2R0F0
Q6V9R5	H2R0I4
Q6XYQ8	H2R7B4
Q5VXJ0	H2R7L9
Q9BQM9	H2RAX1
P51582	H2RCL9
A6NDH6	H2RCX3
Q16560	H2RDZ4
A4D1F6	H2RFM8
B3KS81	H2RGC8
Q9H7B4	K7AJC1
Q86VW0	K7ARD1
Q96DE0	K7ASN3
P10092	K7B3W1
O94855	K7B5H4
Q8WUJ1	K7BKM2
Q9UQ49	K7BTR7
Q8IYR6	K7DCF5
Q8TDR4	Q68US1
P26715	Q95MI5
P12821	Q9GLN7
Q00987	A0A2I3RE00
Q7Z443	A0A2I3RJZ3
Q9HBM0	A0A2I3RRA9
Q9UJH8	A0A2I3RS73
A7E2Y1	A0A2I3S3U5
P0C2L3	A0A2I3S5E9
P09619	A0A2I3S8A5
P45378	A0A2I3SAV0
P49023	A0A2I3SDP5
Q9BY67	A0A2I3SG22
Q495Z4	A0A2I3SGP6
Q5R387	A0A2I3SZ66
Q15746	A0A2I3TJW3
Q5SSQ6	A0A2I3TKU7
P51671	A0A2I3TV26
Q5JQS5	A0A2J8KNQ6
Q9H714	A0A2J8ML35
P17098	G2HEC2
P19623	H2PY02
Q5VU97	H2PZ64
Q13536	H2Q096
Q5TID7	H2Q0K2
Q9NZT1	H2Q1K4
Q6AZZ1	H2Q2Y4
Q86VG3	H2Q3F6
Q8NGF4	H2Q3N0
Q13405	H2Q423
Q8IV04	H2Q485
Q9H3J6	H2Q756
P36888	H2Q7C7
P61201	H2Q9E2
Q9H5X1	H2Q9K3
Q13349	H2QB04
Q9BUL5	H2QC25
Q13360	H2QF98
O95716	H2QFD5
A6NGN9	H2QGZ9
Q8NBN7	H2QH50
Q53S33	H2QI56
Q8IUH3	H2QJ20
Q9HB20	H2QJ23
O95096	H2QK20
Q9UDW3	H2QLG4
Q96D21	H2QLK3
Q09327	H2QLQ5
Q8IXV7	H2QML1
O43820	H2QMN6
Q9NY15	H2QMR9
P19875	H2QPP0
P56199	H2QQV4
Q96G75	H2QS45
P01215	H2QTD1
P35869	H2QU80
O15503	H2QVN6
Q15629	H2QWA3
Q8TCF1	H2QWC7
Q9H7X3	H2QWU1
Q9NZQ7	H2QWZ8
Q5SXM2	H2QY63
P30550	H2QYC3
P78552	H2QZ14
Q9UPY6	H2R026
Q01130	H2R259
Q6GMR7	H2R4P9
A6NKB5	H2R809
Q5GFL6	H2RB42
O60224	H2RCU5
P05013	H2RI85
B3GLJ2	H2RIG0
Q86WI3	K7AQT1
P24666	K7AXM4
O15427	K7BRN4
O94906	K7BSZ8
P28074	K7CQQ2
Q86SR1	K7CYT4
O75648	K7D7E3
P26006	K7D843
Q8IVL6	K7DG55
Q6UXF1	K7DHL5
Q96SN8	Q19UN5
P12236	A0A2I3REW3
P35580	A0A2I3RJ22
Q9Y2W7	A0A2I3SCG1
Q9Y2L9	A0A2I3SCH1
Q8NEM2	A0A2I3SII7
Q53SF7	A0A2I3T0G4
Q9BYV8	A0A2I3T2H4
P57054	A0A2I3T5I9
Q9H841	A0A2I3T847
Q9NUJ7	A0A2I3TAT6
Q14191	A0A2I3TSQ1
P12035	A0A2I3TV17
A0A0B4J238	A0A2I3TWF6
Q8NGN6	A0A2J8N1T2
Q86WT6	A0A2J8NTM4
Q3ZCQ8	A0A2J8QFJ6
O43768	H2PZX2
P25774	H2PZX3
P36222	H2Q0Y0
Q8N119	H2Q2R2
Q92466	H2Q3I6
Q9UID3	H2Q419
Q9NRQ5	H2Q4J8
Q9ULY5	H2Q5D5
Q49AM1	H2Q6S6
Q6NSX1	H2Q7L4
A5D6W6	H2Q817
Q9NQX4	H2Q9G6
Q12979	H2QBT6
P07737	H2QBZ3
Q96CS2	H2QEH3
Q92797	H2QGM1
Q7Z4P5	H2QHH9
P23945	H2QHW6
Q6GPH6	H2QIC9
Q96FT7	H2QJH2
Q9NTU7	H2QKL7
P53801	H2QL53
Q9UG56	H2QLI7
Q6WRI0	H2QNL6
Q9BRK0	H2QRK6
Q5VZK9	H2QSE3
Q86VW1	H2QTJ9
Q155Q3	H2QTW2
Q8IY47	H2QUE5
Q8N2F6	H2QV63
Q9BWK5	H2QVF1
Q9C099	H2QWD0
Q8N4H5	H2QXA2
Q02410	H2QXC2
Q12967	H2QY37
Q92838	H2QYQ8
Q5VIY5	H2R060
Q96S86	H2R087
Q15052	H2R1Z7
Q9UGQ3	H2R2P8
P40306	H2R3I7
Q6NX49	H2R5T1
Q8N614	H2RA88
P28329	H2RAF8
Q8NEQ6	H2RFL4
Q66K14	K7AR09
Q9H3S7	K7B4N8
P54284	K7BAV7
Q8N3S3	K7BUH3
P53539	K7CED2
Q6P1N0	K7CFC9
Q6ZW13	K7CIW3
P40426	K7DG78
Q8N9R6	K7DPV8
P36915	Q7YR35
Q02750	A0A2I3RF04
P40394	A0A2I3RGP0
Q9H903	A0A2I3S1A7
P61960	A0A2I3SBY7
P32239	A0A2I3SDE5
Q05086	A0A2I3SJZ1
Q9H8X9	A0A2I3SSQ6
Q9UPW6	A0A2I3SX19
Q86XP3	A0A2I3TD92
Q2TAC6	A0A2I3TNH6
Q9Y3P9	A0A2I3TNH7
Q9H2B4	A0A2J8K6W8
Q8NI99	A0A2J8LWM4
Q9HAT0	A0A2J8M414
A8MPY1	A0A2J8MY57
Q9ULS6	A0A2J8PMB3
P20851	A0A2J8QVR3
Q9GZU2	A2T7F2
Q8TE67	H2PZL6
P50150	H2Q1D9
Q2M3R5	H2Q2A5
O75477	H2Q2F0
Q8N1L9	H2Q414
Q9Y296	H2Q4X4
Q14134	H2Q4Y9
P13349	H2Q6J3
Q8N3Y1	H2Q6Y9
Q6UW49	H2Q9P7
Q92620	H2QBH8
Q96M91	H2QEI8
Q14011	H2QEU2
Q96SR6	H2QG66
Q17RN3	H2QG85
Q9NXT0	H2QHA9
Q8IVC4	H2QHC0
O15232	H2QHH5
Q9NPI7	H2QIA8
P07148	H2QIB0
Q9UBY0	H2QIG9
Q9GZN2	H2QKA4
Q9Y295	H2QLI6
Q9H4K1	H2QLW0
Q9H981	H2QMT2
Q99424	H2QMV1
P28332	H2QPX6
Q86Y33	H2QQW6
P22674	H2QQW9
Q08629	H2QRJ5
O15213	H2QST0
Q8NES3	H2QU37
Q9NWM8	H2QUC7
Q9NVT9	H2QW84
P37287	H2QYB7
Q9UGN4	H2QZD3
Q14940	H2R045
Q9BY07	H2R0C3
Q9H361	H2R0X7
P27487	H2R124
P50225	H2R150
Q5T2Q4	H2R3E9
Q5T2W1	H2R424
Q9Y2D0	H2R4T4
P23471	H2R4Z7
Q6PKX4	H2R6P9
Q96MI9	H2R881
Q9HAB8	H2R951
Q6P387	H2RA12
Q8IVV7	H2RBE9
Q9NZL3	H2RC45
C9JN71	H2RGF2
Q9H400	H2RHF0
O76062	K6ZIY4
Q2TAM9	K7A2Y6
P00568	K7AP41
P98174	K7BJJ0
Q9Y5R4	K7BSP4
Q12846	K7BT43
A6NKF1	K7C465
Q02880	K7CLW1
Q5D1E8	K7CMP2
Q9H2X8	K7DN15
Q11203	P61132
P58658	Q68US5
Q13439	A0A2I3RAD2
Q6P2I7	A0A2I3RME4
P35398	A0A2I3RNV8
Q9NRQ2	A0A2I3RTQ2
P01871	A0A2I3RU10
Q8IWW8	A0A2I3RUM5
P51811	A0A2I3RVW1
Q9ULM6	A0A2I3RXM9
Q86TD4	A0A2I3SBG9
Q9NQ39	A0A2I3SBH7
Q7Z589	A0A2I3SN87
Q8N4B1	A0A2I3SQ96
P01714	A0A2I3SXH8
A8K554	A0A2I3SZP9
A0A1B0GUU1	A0A2I3TSD6
Q9GZV3	A0A2J8J6W3
Q96C74	A0A2J8L4P9
Q92698	A0A2J8M086
O00206	B3Y627
P11117	G2HFX5
Q09028	G2HII9
O60725	H2PXW4
Q96PB7	H2PZI2
Q15573	H2Q165
P11161	H2Q1Y5
Q6P9A2	H2Q369
Q05516	H2Q4T2
Q9Y487	H2Q764
P09958	H2QA34
Q9C0G0	H2QEQ2
O43707	H2QG89
Q15102	H2QGG1
Q86XI8	H2QGQ6
Q8NHL6	H2QH43
Q86X19	H2QHZ1
P49792	H2QII6
Q9H0T7	H2QJP4
Q9BYL1	H2QKT8
Q7Z3B4	H2QPQ4
O75879	H2QQA1
Q8IY21	H2QQE5
P20036	H2QSS4
Q9UBD5	H2QTD6
P63096	H2QUU5
A8MVW5	H2QUX6
P49354	H2QW42
Q9H295	H2QWJ8
Q9P0W0	H2QX40
Q6ZRP7	H2QY61
P37173	H2QZF5
Q8N7X2	H2R043
Q7KZN9	H2R085
A2RUH7	H2R227
Q03181	H2R2N3
P29122	H2R439
Q8NBJ5	H2R6A5
Q6UXQ4	H2R6B1
P29350	H2R7K2
Q5VXI9	H2R7L8
Q9UKL0	H2R956
Q5MNV8	H2R9N4
Q6NUJ1	H2RAB7
Q86V88	H2RBZ5
A8MVS5	H2RCL6
Q7Z4W3	H2REJ2
P59539	J7ME62
Q96MI6	K6ZAF1
O60936	K7AU21
Q7Z429	K7BS10
Q70HW3	K7BUR1
Q9Y5W8	K7C2Q1
Q9BY50	K7CVG0
Q15477	K7CW25
P49427	K7D195
Q5XUX0	K7DBJ1
Q9BQ52	Q9GL72
O00602	A0A2I3RBH8
Q96T51	A0A2I3RVA7
O00154	A0A2I3RXR4
Q9BYQ7	A0A2I3RYQ7
P12018	A0A2I3S3B0
P37231	A0A2I3SI31
O95948	A0A2I3SWV1
Q9P2J5	A0A2I3SYT4
Q9NV72	A0A2I3SZR7
W6CW81	A0A2I3TB27
P34995	A0A2I3TEJ3
B7Z8K6	A0A2I3TJW8
Q7KYR7	A0A2I3TKV3
Q71RC1	A0A2I3TM70
Q4VX76	A0A2I3TMY3
Q14831	A0A2I3TRA9
Q9H257	A0A2I3TXJ8
Q3SY77	A0A2J8JSA0
Q6IF99	A0A2J8K5S4
Q9NP95	A0A2J8KIM5
Q9H6B9	A0A2J8LUH0
Q9Y328	A0A2J8LXV0
O75083	A0A2J8NWJ5
Q08AI6	A0A2J8PQ83
Q8N9K5	G2HH05
Q8N2Z9	H2PXZ6
O43488	H2PY70
Q9NP64	H2PYI8
Q4KMZ1	H2PYJ9
P08754	H2PZK9
P49746	H2Q073
Q9HBX8	H2Q0W9
P30542	H2Q0X8
P28845	H2Q122
Q9H5V7	H2Q2Q4
Q9P000	H2Q3F2
Q12851	H2Q407
Q6P1A2	H2Q5B9
P20645	H2Q5D8
Q8NFW8	H2Q5L3
Q13790	H2Q689
Q6SJ96	H2Q8C8
Q8TCT8	H2Q9F2
O60884	H2QB18
P14672	H2QC29
Q96GE4	H2QDP5
Q13098	H2QE44
P49366	H2QFG3
Q9NS82	H2QG01
Q9H0K4	H2QGM0
Q8NEA5	H2QHB2
Q53RT3	H2QI20
Q9HCG8	H2QJ27
Q9BQF6	H2QN10
Q9NWU5	H2QRV7
Q99614	H2QRX5
Q5JXM2	H2QTJ7
Q8TB52	H2QTV7
Q99720	H2QX68
O00585	H2QX72
Q9BPZ7	H2QXW4
P10082	H2R2G0
O15049	H2R543
Q8NFT8	H2R623
P02768	H2RBT1
P52179	H2RC44
Q00G26	H2RCN8
Q9NQY0	H2RDE5
Q8N2C3	H2RG35
Q8N8E2	K7AHE8
Q16587	K7AHT1
Q13330	K7B139
Q12816	K7B4B1
Q9NS84	K7B502
Q9H0U3	K7C3Q4
Q9BRR3	K7C8T7
Q9H4F1	K7CE68
Q9H8M5	K7CZV7
A0AVI4	K7D040
Q5T653	K7D0P6
Q9H706	K7DAY9
O75486	K7DEW9
Q9Y4L1	K7DFA3
Q969T4	K7DG87
P56556	Q0MQA5
P00325	Q5R1W2
P48146	A0A2I3RLS1
Q9H9J4	A0A2I3RP02
P40933	A0A2I3RU68
Q5T870	A0A2I3S5C5
Q9P2E5	A0A2I3S725
O15259	A0A2I3S9S1
P26639	A0A2I3SJZ5
P40145	A0A2I3SK46
A0A087WT03	A0A2I3SLD2
Q99879	A0A2I3T8D8
A0A087X0K7	A0A2I3TC23
Q8NDV2	A0A2I3TEF9
A8MYZ6	A0A2I3TEI7
Q8N257	A0A2I3TFZ4
Q9H7X2	A0A2I3TIC9
Q13435	A0A2I3TKX5
Q06413	A0A2I3TMM0
Q14D33	A0A2I3TTQ2
Q86SG6	A0A2I3TW04
A6NMB9	A0A2J8KDL7
Q6PIY5	A0A2J8LZT0
Q8NAT2	A0A2J8N6U3
Q96KN4	A0A2J8NLR4
P55895	A0A2J8P3L5
Q68CK6	A0A2J8Q5S9
P25089	A0A2J8Q6W1
Q8N8J6	A0A2J8Q709
O75934	H2PZQ5
Q16832	H2Q0H8
Q9Y5K5	H2Q0T5
Q8NDD1	H2Q1C4
Q15973	H2Q1G5
Q8IZ40	H2Q3Y6
Q9BQ04	H2Q476
Q9H306	H2Q4M9
Q6Q788	H2Q4U1
Q14674	H2Q618
P55103	H2Q6B1
P13056	H2Q6M4
P30040	H2Q6W7
O15091	H2Q865
O95067	H2Q9I7
Q7Z2Z2	H2Q9Y7
Q8NCC3	H2QBD9
Q9UNE2	H2QBS8
O95251	H2QDD8
Q9H6F2	H2QFP9
Q6ZMV8	H2QFX0
Q86WZ6	H2QGJ4
Q8WUU4	H2QGK6
Q6MZZ7	H2QHQ0
Q8N6S5	H2QIU1
Q9Y6W8	H2QJA1
Q9H3D4	H2QNY5
O14792	H2QP83
Q8NFU4	H2QPL3
Q13237	H2QPS4
A6H8Y1	H2QR15
Q969Q5	H2QS35
Q9NRX5	H2QTN8
Q9NW13	H2QVB6
O43909	H2QVZ1
Q76KD6	H2QWV5
Q9BXN1	H2QXG6
Q9H7R0	H2R247
Q96R09	H2R5E8
Q8NGU9	H2R5P7
Q8IVP9	H2R668
Q5TFG8	H2R6W7
A6NC42	H2R753
Q9NRG4	H2R842
P57071	H2RAI0
O60279	H2RGT8
O43572	K6ZQ05
Q9NZQ3	K7AP56
Q8IWC1	K7BDY9
Q9NPI6	K7BVB0
Q9UHG2	K7CT05
Q9NS62	K7D951
O43900	K7DBC5
Q9UBS9	K7DP08
P42858	A0A2I3RLD9
O60763	A0A2I3RND8
Q9UKV8	A0A2I3S0Z1
P81277	A0A2I3S1S4
Q8NG98	A0A2I3S2A7
O96019	A0A2I3S6M5
O60729	A0A2I3SFQ6
Q9UGK3	A0A2I3SFU1
Q03164	A0A2I3SPK2
Q10471	A0A2I3SR16
Q16557	A0A2I3SUH0
Q641Q3	A0A2I3SVM2
A0A075B6I3	A0A2I3T0N1
Q86UT5	A0A2I3T333
P43251	A0A2I3T7F9
Q8WYN3	A0A2I3T7P6
Q7Z6M4	A0A2I3T8S3
P78560	A0A2I3TFE7
P35237	A0A2I3TGP4
Q9Y2S7	A0A2I3TLE4
P0CE72	A0A2J8KJQ6
Q9Y3M9	A0A2J8KX76
Q6UXH0	A0A2J8LVZ6
O43283	A0A2J8M5S0
Q6BCY4	A0A2J8P665
Q6P4H8	G2HJW7
Q07666	H2PYJ6
P20827	H2Q067
Q8NGX6	H2Q0B9
P08603	H2Q0T8
Q8WXA3	H2Q1Z4
Q9BSK0	H2Q2D6
Q9Y5J9	H2Q4S3
Q01995	H2Q4U6
P48048	H2Q537
Q15773	H2Q5B2
Q9UBJ2	H2Q5Q0
Q01064	H2Q647
Q12999	H2Q6C2
P48060	H2Q6I0
Q96QK1	H2QB13
Q2NL82	H2QBV3
Q96R06	H2QCI2
Q9NT99	H2QGY2
Q49AM3	H2QI66
Q92835	H2QJM6
Q9BY71	H2QL46
Q9NQH7	H2QLR7
Q96P65	H2QQ39
Q6V1P9	H2QQB1
Q7Z6J8	H2QTB8
Q8N865	H2QUA5
O00175	H2QUS5
Q8TEE9	H2QV33
O95861	H2QZM1
Q7Z6A9	H2R071
O14639	H2R0M2
Q8N1N4	H2R0Z9
P62508	H2R2K0
Q96Q89	H2R321
P82279	H2R3X3
A6NNB3	H2R5P5
Q7Z5D8	H2R7J5
Q5JWF8	H2R917
O95865	H2RBV7
Q86W34	K7BXN7
Q96RT8	K7CK16
Q9UIS9	K7CVL7
Q5SNT2	K7CX57
Q9Y473	K7D416
B2RTY4	K7DAA9
P35408	Q95KZ0
Q9P1Q5	Q9TUA7
P33947	A0A2I3RNJ4
Q96M98	A0A2I3RY68
O75747	A0A2I3S6S7
Q86SE5	A0A2I3SDH2
P27986	A0A2I3SIY1
Q9HD64	A0A2I3SN81
Q9UMQ6	A0A2I3SSG1
Q9NVP2	A0A2I3T6J8
Q8WWI1	A0A2I3TH23
Q9BYJ1	A0A2I3TUR9
Q96F15	A0A2I3TV62
Q9H9V9	A0A2J8IWC1
Q96T37	A0A2J8JXH2
Q92502	A0A2J8L3J5
Q15053	A0A2J8N708
Q9HCP6	A0A2J8PAX9
O75325	A0A2J8QW85
Q8NEH6	G2HIC0
Q8TAK5	G2HIT5
Q8NAX2	H2PYE8
Q9UII2	H2PYG9
O60241	H2PYJ4
O14828	H2Q077
Q8NCW5	H2Q098
Q5T655	H2Q2J9
Q86W26	H2Q347
P82980	H2Q5C1
Q9NRV9	H2Q5H6
Q6N075	H2Q617
Q9UEU0	H2Q8H8
P06865	H2Q9R2
Q9BRR6	H2Q9R5
O95180	H2QA94
O60359	H2QAS8
Q9BV97	H2QAX8
Q9BXX0	H2QE75
Q8NGA5	H2QFN4
Q7Z6I6	H2QG45
O43379	H2QG55
Q075Z2	H2QGQ3
Q96CT2	H2QHI1
Q9NPC8	H2QHU8
O75643	H2QIC8
Q8IWA0	H2QJ47
Q9Y5Q9	H2QJ67
Q07817	H2QK53
Q96KM6	H2QKT7
Q9NQ50	H2QL85
Q6UXY1	H2QLN3
P13196	H2QMR0
Q8N5X7	H2QMX5
Q9UL52	H2QPK1
Q8TBG4	H2QQ06
Q96QV6	H2QSE5
O95918	H2QSL4
Q9NQE9	H2QTP6
Q6ZNC4	H2QWC1
Q9GZQ3	H2QWY3
Q5H913	H2QYW3
Q96EN9	H2QZE2
Q9Y303	H2R122
Q86WJ1	H2R494
P06127	H2R5E0
Q5T1V6	H2R895
Q6ZRI0	H2RBG8
O75387	K6ZBH3
Q9NWW7	K7ADB8
Q96A19	K7AN23
Q4G176	K7AV26
Q8NCT1	K7B2Y3
Q8TD19	K7CFQ0
O14972	K7CS68
Q9H7D7	K7CSM5
Q99501	K7DAW1
O75380	Q0MQH7
P51649	Q6A2H0
Q9BZA7	Q71M42
P05112	Q8HYB1
Q09161	A0A2I3RA69
P0DKB5	A0A2I3RBU4
Q8TB92	A0A2I3RD22
A0A1B0GTU2	A0A2I3RGT7
Q9H4E7	A0A2I3RHJ1
Q5JTV8	A0A2I3RSF7
Q93084	A0A2I3S0Q1
Q9H1K0	A0A2I3S2B8
A8MTY0	A0A2I3S2Q9
P26885	A0A2I3S5B2
O43749	A0A2I3S5F3
Q3B7S5	A0A2I3S624
Q8IVV2	A0A2I3S673
Q5SXH7	A0A2I3S8T3
Q76KX8	A0A2I3SAT3
Q86XW9	A0A2I3SG45
Q9NYB5	A0A2I3SHM5
Q8N184	A0A2I3SVA6
Q9NYZ2	A0A2I3T209
Q4VNC1	A0A2I3T921
Q99102	A0A2I3TEN9
Q7L0L9	A0A2I3TI82
P55036	A0A2I3TPZ7
O00115	A0A2I3TWP9
Q9UK13	A0A2J8IXK4
P54868	A0A2J8JUL8
Q5H9M0	A0A2J8K3S8
P14923	A0A2J8KG58
Q8TE96	A0A2J8KV47
Q58F21	A0A2J8MHA5
O75936	A0A2J8P4G6
Q8NH74	A0A2J8P651
P54317	A0A2J8PC75
Q9UJ98	A0A2J8Q0Q2
P61224	A5A6J7
Q9Y675	A5A6K1
P30533	G2HEC3
Q9BRS8	G2HEU7
P35232	G2HHK9
Q969T9	G2HIQ3
O95479	H2PXY5
Q16322	H2PZM5
Q5D862	H2Q003
P19237	H2Q0V9
Q16584	H2Q439
O75443	H2Q4Z4
Q2HXU8	H2Q5F0
Q9NYD6	H2Q632
Q5VZV1	H2Q7R9
P01011	H2Q8V6
Q52M58	H2Q8W6
Q9P2K8	H2Q956
Q9Y2Y1	H2QA65
O43402	H2QBN4
Q14525	H2QCY6
P16144	H2QDV9
Q9NUG4	H2QK58
Q9Y698	H2QLK9
Q13797	H2QMA4
O14625	H2QPQ3
Q9NXV6	H2QQH5
Q0VDI3	H2QQU6
Q13451	H2QSW0
Q6STE5	H2QVN0
P06850	H2QW88
Q8WU17	H2QWP5
Q13049	H2QXS4
Q8TCZ2	H2QZ80
Q9UIX4	H2R2Y3
P58499	H2R4F0
Q9NPH5	H2R516
Q13671	H2R578
Q6KB66	H2R7E1
Q9UBW7	H2RAA7
A0A096LP49	H2RG04
C9JSJ3	H2RG39
Q15759	K6Z8H5
Q14839	K7B9Z5
Q05932	K7BAH4
Q9NWS0	K7C5U6
Q6EMB2	K7D0H3
Q00536	K7D7I4
Q6P2Q9	K7DMH6
Q6PJW8	K7DNK4
P17693	Q95IT1
Q8TEP8	A0A2I3RHR9
Q4KMG0	A0A2I3RWQ1
Q96TA1	A0A2I3S228
Q7Z309	A0A2I3SFS4
A0A1B0GW15	A0A2I3SGQ1
P35579	A0A2I3SQU2
Q92834	A0A2I3SRD1
P27816	A0A2I3SXL0
P04179	A0A2I3T2J1
O75448	A0A2I3T2Y7
Q2M1P5	A0A2I3T455
Q9UBF8	A0A2I3T690
Q96PY5	A0A2I3T7N1
O43314	A0A2I3TCF4
Q96NA2	A0A2I3TDB3
P0C860	A0A2I3TEX2
Q8WTS1	A0A2I3TL64
Q14183	A0A2J8ISS6
Q96HL8	A0A2J8J670
Q8N3H0	A0A2J8KVP3
P11844	A7KK31
Q9BXC0	G2HJ56
Q9NX76	G2HJL5
Q9NWT8	H2PXT7
Q9Y3V2	H2PZG0
P30520	H2Q1F7
Q8NG06	H2Q1H4
P39748	H2Q3U7
Q2TAZ0	H2Q410
Q96T91	H2Q412
A6NJI1	H2Q478
O95390	H2Q663
Q99645	H2Q6L1
Q9Y3C0	H2Q6Q6
Q15004	H2Q9K8
Q9H0A8	H2Q9T9
Q96AJ1	H2QAG8
Q96LL3	H2QAW4
Q9BRJ2	H2QCS5
Q7L5Y1	H2QE69
Q8TDS5	H2QHT6
Q8IW19	H2QI08
Q92844	H2QIV9
P78310	H2QKV2
Q8IZV2	H2QM86
P28069	H2QMY4
Q7L0X2	H2QNK9
Q09666	H2QPH0
Q9BZI1	H2QQL5
P21796	H2QRH5
P35221	H2QRK9
Q96S59	H2QSB6
Q9NP80	H2QV86
P54296	H2QVP8
P01574	H2QX22
Q9UL12	H2QY47
Q9UBD0	H2QZ75
Q13393	H2R1L6
Q15018	H2R3J2
Q8N9W5	H2R408
B1ATL7	H2R4K0
O43933	H2R566
Q496F6	H2R9E4
A8MX76	H2RBJ8
A8MTT3	H2RDG7
Q96BR9	H2RE95
Q15813	H2RET5
Q9H5Z6	H2REZ8
Q92629	H2RFS9
Q13608	K7ATM2
O95863	K7BGT3
Q9H501	K7BUZ2
Q8IXJ6	K7BWL3
Q9NWV8	K7CLA9
P49959	K7CQU3
Q6PJG9	K7D2Z3
Q13153	K7DSU6
Q16099	Q5IS46
P51957	A0A2I3RJ85
Q8N813	A0A2I3RKW4
Q92918	A0A2I3S3M4
Q8IZJ6	A0A2I3SIW5
O14525	A0A2I3SKY2
Q6P3W7	A0A2I3SN15
Q9UHW9	A0A2I3SQ36
O00763	A0A2I3SRE3
O14683	A0A2I3T132
Q8TD17	A0A2I3T4X0
Q92945	A0A2I3T864
P32519	A0A2I3TEC2
A6NKH3	A0A2I3THQ8
P54278	A0A2I3TMT9
Q5TAP6	A0A2I3TQL6
Q5FWE3	A0A2J8M148
Q9UBM8	A0A2J8MIL4
Q8N9W6	A0A2J8N4S8
Q96PB8	A0A2J8NPL6
Q9H2S9	A0A2J8Q1G0
Q8IYK8	A0A2J8QJR7
Q9Y3C6	G2HDU7
Q5VWZ2	G2HFL0
Q9NX04	H2PYP5
Q5SWH9	H2PYX9
P20941	H2Q0S8
O00463	H2Q131
P61457	H2Q221
Q8WWZ8	H2Q228
P27352	H2Q3R7
P58166	H2Q6B2
Q70CQ3	H2Q6T9
Q6J4K2	H2Q6X9
Q3LIE5	H2QCA4
Q8IUK5	H2QCT8
Q6ZMQ8	H2QE19
Q14246	H2QF59
Q92911	H2QFS1
Q96S99	H2QFY5
O14842	H2QG25
Q9H977	H2QI60
Q9NQR9	H2QIX7
Q8NC44	H2QJG3
O60573	H2QJM1
P30531	H2QM23
Q14651	H2QNI7
Q13201	H2QPW3
Q9P2N5	H2QRQ3
P07550	H2QRR3
Q92608	H2QRZ4
Q02539	H2QSF0
Q7RTU3	H2QTT4
P09669	H2QWI1
Q9HBL7	H2QWZ7
Q8WUX1	H2QYJ8
Q86UX7	H2R0U2
Q9NS87	H2R1S9
Q9H6P5	H2R460
Q6JVE9	H2R615
A6NEK1	H2R6G5
Q29980	H2R7H5
Q9H9S3	H2R7U3
B1AL88	H2RA00
A6NKP2	H2RAB3
O94777	H2REH0
Q9BQE4	H2RHQ5
P47974	K7CC74
Q9BQ95	K7CVL1
Q6UXN9	K7DDD1
Q96GD3	K7DDS6
Q9BXJ1	K7DJB7
Q05066	Q28798
P05107	Q5NKT5
P59535	Q646B1
A0FGR8	A0A2I3RBL5
Q6B9Z1	A0A2I3RD52
O14829	A0A2I3RH60
Q6UVW9	A0A2I3RXD4
P05177	A0A2I3S1F1
P32302	A0A2I3S7U4
A0AVI2	A0A2I3S8B8
Q15546	A0A2I3SJS0
O00237	A0A2I3SYQ8
Q14151	A0A2I3TE76
Q9H869	A0A2I3TGA8
Q5T9A4	A0A2I3THY0
Q9NS00	A0A2I3TNL3
Q9Y458	A0A2J8KJZ2
P22792	A0A2J8M6D2
O14965	G2HFJ0
Q9NZN4	G2HGA7
O15375	G2HHS4
Q9Y6B7	H2PZP9
Q9BWG6	H2PZY1
Q96L03	H2Q152
Q5VZ66	H2Q2S8
Q96AD5	H2Q2V9
P07864	H2Q395
P26441	H2Q3Q2
P52566	H2Q5I9
Q8WXF1	H2Q790
P32249	H2Q7R1
Q96JK2	H2Q8I2
Q96Q27	H2Q8U5
P35858	H2QAB1
Q96MX3	H2QAX4
P04004	H2QCH3
P09972	H2QCI1
Q96AG4	H2QDF0
Q96Q06	H2QF20
P51911	H2QFE4
P05451	H2QI81
P98164	H2QIY0
Q9UKI3	H2QLC7
O43819	H2QLY2
A6NJG6	H2QN69
Q8IWZ5	H2QNH5
P62995	H2QNW6
P20700	H2QRE7
Q9H1J5	H2QRJ8
Q16873	H2QS57
Q15814	H2QT07
O60381	H2QV78
Q9UDV6	H2QVL2
P18440	H2QVT4
Q9HCI5	H2R4N6
Q03393	H2R4Y8
P63146	H2R5C5
Q8TAC1	H2R5P8
Q5T8I9	H2R8U3
Q1L6U9	H2RBN6
Q86YV0	H2RCL7
Q96AQ8	K7A0J9
Q8NI29	K7B043
P21731	K7BJ86
P11388	K7BYJ3
Q7L9L4	K7BZZ3
Q96C24	K7D3C4
Q9BZ67	K7D3G4
Q9UBF2	K7DFG0
Q9Y5S1	K7DPE9
P25090	P79242
Q9H7B2	A0A2I3RSJ1
A0A1B0GUW6	A0A2I3RSP5
Q7Z401	A0A2I3RVZ3
Q96FL9	A0A2I3S1P2
Q93079	A0A2I3S3G2
Q96JB1	A0A2I3S5A4
Q9UPR6	A0A2I3SAV1
Q10571	A0A2I3SC32
P63165	A0A2I3SHN2
Q9GZP0	A0A2I3SLM0
Q5T0F9	A0A2I3SU04
Q9H9S5	A0A2I3T1D1
A0A1B0GVZ9	A0A2I3TD98
Q13952	A0A2I3THJ0
Q66K80	A0A2I3TI15
Q0Z7S8	A0A2I3TLP3
Q8IV48	A0A2I3TXS5
Q13162	A0A2J8JAX1
P61353	A0A2J8KFF6
Q6ZRT6	G2HHF5
Q8NDY4	H2PYA8
Q8N165	H2PYD4
Q5VZL5	H2PYM2
Q7L4P6	H2PZ02
Q9NQ94	H2Q1W9
Q00266	H2Q259
Q96AM1	H2Q4A8
P21695	H2Q5W6
Q9Y592	H2Q6M2
Q9H2C1	H2Q6Y3
Q969X0	H2Q760
Q8NEM7	H2Q7F7
Q9Y639	H2Q9R9
P49914	H2Q9X5
A0A8Q3SIG1	H2QAL1
Q76MJ5	H2QAS4
P13535	H2QC98
P45985	H2QCA7
Q9C073	H2QDD7
Q96HE9	H2QDJ9
P57082	H2QDL4
Q6ZS72	H2QEW4
Q53GS9	H2QI99
Q6PI47	H2QJ80
Q9HBL0	H2QJD8
Q9BUP0	H2QJM2
Q9H3Y8	H2QKS6
O75419	H2QL86
P18848	H2QLQ7
Q6UWR7	H2QQI0
Q6MZW2	H2QRH3
Q9Y330	H2QSP8
Q13255	H2QTV8
Q9Y4C2	H2QVJ9
P34913	H2QVX9
Q9BS26	H2QXK9
Q9Y3A0	H2QXY9
Q13769	H2R061
Q9HC56	H2R0P7
Q7Z6G8	H2R3K9
Q5VZM2	H2R4Q2
Q6UX41	H2R534
P49765	H2R5B3
Q8NB25	H2R6Z2
Q9H4Q3	H2R725
Q2M3C6	H2R893
O95789	H2R988
Q14184	H2RB74
P01780	H2RG02
O75391	K7A3N1
O95361	K7AY68
Q8IUQ4	K7B016
P43116	K7B7K1
Q02297	K7B8C7
Q03989	K7BCT7
Q96TA2	K7D8A7
Q96HD1	K7D9C9
O75582	K7DH81
P19404	Q0MQI9
P13569	Q2QLE5
P20273	Q9N1E6
Q15043	A0A2I3RHN9
P62495	A0A2I3RIE3
Q9P0L2	A0A2I3RKZ0
Q9Y2C3	A0A2I3RVU4
Q92900	A0A2I3RWB5
Q9Y3Y2	A0A2I3RY56
Q9H3S4	A0A2I3S878
P06315	A0A2I3SBC7
Q13620	A0A2I3SCU3
P34896	A0A2I3SI33
A0A1B0GU71	A0A2I3SIC5
P0DPQ3	A0A2I3SJ84
Q9BWM7	A0A2I3SK35
Q8IWX5	A0A2I3SNM7
Q96A83	A0A2I3SQ84
Q99719	A0A2I3SY58
Q5VXD3	A0A2I3T1K9
Q96C01	A0A2I3T1N1
Q9GZR5	A0A2I3T3A6
Q96JC4	A0A2I3T627
P27708	A0A2I3TBT7
Q7L0R7	A0A2I3TEN4
O75369	A0A2I3TG73
Q93038	A0A2I3TJ97
Q5UIP0	A0A2I3TVH6
P62266	A0A2J8NMW8
Q15077	A0A2J8PZI9
P41223	A0A2J8Q0A9
P17020	A2T759
Q9H4D5	G2HI10
P25067	H2PZI4
Q5VU69	H2Q050
O76041	H2Q1Q0
Q8NH92	H2Q3Q0
Q9H0H5	H2Q5W4
Q8NEX9	H2Q698
Q86UN2	H2QBU8
Q9Y272	H2QCD4
A2RTY3	H2QCQ5
Q9NV29	H2QDH1
Q3MIN7	H2QFD8
Q03936	H2QFX6
Q8N2S1	H2QGC8
O15389	H2QH08
A0PJX0	H2QHK6
Q9NZH8	H2QIK7
Q86Y78	H2QIT5
Q6ZSC3	H2QIT7
Q6ZSS7	H2QJ56
P53672	H2QJF9
Q13627	H2QL08
O95696	H2QLX2
O14718	H2QQ11
Q86Y22	H2QS46
P58173	H2QSJ4
A4D0S4	H2QV85
Q9NR00	H2QW26
Q14210	H2QWT1
Q5JU69	H2QXX6
Q4KMP7	H2R0A3
O60583	H2R0N5
Q5BKY1	H2R0W3
Q9UPR3	H2R0Y6
O14522	H2R1K1
Q96QG7	H2R5W3
Q6NUI6	H2R6Z0
Q70EL2	H2R727
Q9UNZ2	H2R963
P29375	H2RBQ9
Q96PV7	H2RC95
Q96B49	H2RCC7
Q6XE38	H2RFA8
P35452	H2RG81
Q9UPZ9	K7BPI4
Q9NX24	K7CE31
Q9C0I1	K7CH21
P55735	K7CHA4
Q6ZNF0	K7DA91
Q14582	K7DEU0
P35240	K7DSQ5
Q6NXS1	A0A2I3RAC1
P10911	A0A2I3RCV9
Q8NH93	A0A2I3RF75
P22087	A0A2I3RF95
Q7Z3U7	A0A2I3S1G0
Q9UBF6	A0A2I3S2X5
Q5T5Y3	A0A2I3S9D2
Q92954	A0A2I3S9V7
Q9BYT9	A0A2I3SGP9
Q9C075	A0A2I3SLT5
Q99497	A0A2I3SNT8
O43299	A0A2I3SQ68
Q9GZL8	A0A2I3T5W2
H3BQB6	A0A2I3T7D0
O60235	A0A2I3TLA1
P57103	A0A2I3TMT7
P23760	A0A2I3TNC5
Q6ZV73	A0A2I3TNQ0
Q9UP83	A0A2I3TTQ3
Q8IWU2	A0A2I3TVX9
Q6DJT9	A0A2I3TWP5
P32321	A0A2J8L8E7
Q15848	A0A2J8M5Y7
Q9UBG7	A0A2J8MK73
Q86TC9	A0A2J8NV85
Q8IY42	A0A2J8NVS8
P22532	A0A2J8Q3P2
A6NJB7	A0A2J8QGN7
O14843	A0A2J8QHA9
O75526	G2HFJ8
Q9BXM7	H2PY88
Q9Y696	H2PYC1
Q9BZE4	H2Q1J0
Q6ZVD7	H2Q1Z9
Q96NS1	H2Q3P3
Q92731	H2Q8G2
Q96MY7	H2Q8K9
Q92994	H2Q908
Q86Y26	H2Q940
Q6PJ21	H2QAA9
P24394	H2QAT6
Q8WVK7	H2QDJ8
Q70J99	H2QDW4
Q8NHH9	H2QHS1
Q13021	H2QIJ1
P68366	H2QJG6
Q9BYN8	H2QJV0
P18075	H2QKM7
P51965	H2QM68
P02795	H2QPK0
Q8WYK0	H2QR65
Q96IV6	H2QRV4
Q9NWD8	H2QUN5
Q6ZMT4	H2QVH5
Q8NEZ2	H2QVS7
P83105	H2QW20
Q8TDN2	H2QWY9
Q5JUK2	H2QY56
Q9UIF3	H2R2T7
Q6PIL6	H2R3Z9
Q9H2T7	H2R564
A6NHS7	H2R7A2
Q9UK80	H2R8H8
P23381	H2R965
P11277	H2R9A4
Q8N743	H2RCV6
Q9Y3B9	H2RFU3
P0CJ71	H2RGI3
Q8IXS6	H2RGJ3
O00264	K6ZK25
Q9BUV8	K7AWS1
Q02363	K7B2V9
Q14914	K7CF22
Q9BQJ4	K7CN41
O75191	K7CXC6
Q9Y388	K7D0L8
Q9Y2B9	K7D3D0
Q8WZ04	P86243
P10809	A0A2I3RAU3
O75881	A0A2I3RGP8
Q92833	A0A2I3RU26
Q5VWK5	A0A2I3S079
Q15735	A0A2I3S416
Q8NGN7	A0A2I3SAT5
Q13875	A0A2I3SEP2
Q0VDD7	A0A2I3SSL1
Q53EL6	A0A2I3SU83
Q96A98	A0A2I3SW66
Q3SYA9	A0A2I3SZH9
Q9NQC1	A0A2I3T1P2
Q9H0E2	A0A2I3T3E9
P62079	A0A2I3TEU3
Q99961	A0A2I3TG40
P28223	A0A2J8J9Q7
Q02577	A0A2J8JRV6
Q6B0I6	A0A2J8L1L4
Q5VW38	A0A2J8NAX4
P62760	A0A2J8NLP5
P08571	B3Y6B3
Q9NYP7	G2HIY9
P29317	H2PY47
Q9NX46	H2PYM9
Q99848	H2PYU4
Q8NAN2	H2PZ97
Q9NUP7	H2PZH2
Q96S42	H2Q215
Q9Y6F6	H2Q367
Q8N5U1	H2Q3S7
Q86UT6	H2Q4Y0
Q13522	H2Q648
Q8WXD2	H2Q9F8
P51159	H2Q9H0
Q86VI1	H2QBB1
Q9UBE8	H2QCG7
Q8N122	H2QE16
Q02543	H2QFS0
Q53T94	H2QHF2
Q8N357	H2QHK8
O75688	H2QHU3
Q14435	H2QIX0
P05976	H2QJC2
P48637	H2QK87
Q9NT22	H2QKD3
Q5JX69	H2QKM4
P35558	H2QKN1
Q8N3R3	H2QME4
P47869	H2QPE5
Q9NUQ7	H2QQI9
Q9BYV1	H2QQR4
Q7Z478	H2QQX0
Q9BW19	H2QST6
Q96PN7	H2QT05
P04920	H2QVM4
Q56NI9	H2QVY3
Q96BW1	H2QYT7
Q9UKE5	H2R2F6
Q6ZMT9	H2R2S3
O00144	H2R591
Q12769	H2R5F5
Q66K66	H2R637
Q8WVP5	H2R6G8
Q5TD94	H2R6Z6
P52954	H2R7G6
Q96DA6	H2R7X0
Q5QNW6	H2R8P8
Q15615	H2R9H9
Q13454	H2RDL6
O14598	H2RHJ9
Q9Y561	K7BJL2
Q9Y5J1	K7BMK0
Q9UNM6	K7BNB7
Q14247	K7BUV0
O75390	K7BWL5
Q8NEA6	K7C919
Q8TAP6	K7CJP1
Q15172	K7CXU1
Q9BWU1	K7DDU7
P54105	K7DM64
Q9BYD6	K7DU26
Q8TD94	Q19A40
Q9Y5H7	Q5DRE7
Q96GM1	A0A2I3RDQ7
Q9C0D2	A0A2I3RIH0
O75356	A0A2I3RJZ8
Q92610	A0A2I3RKV1
P56134	A0A2I3RLZ7
Q1HG43	A0A2I3RWQ7
Q6ZR37	A0A2I3RX28
P62906	A0A2I3S3D5
Q00532	A0A2I3S5W2
Q66K74	A0A2I3S7W3
O75444	A0A2I3SE02
P40126	A0A2I3SHA6
P26951	A0A2I3SMI6
Q9UPQ7	A0A2I3STH0
Q16515	A0A2I3SWQ2
P35348	A0A2I3T596
Q9ULQ1	A0A2I3TAQ8
A8MUX0	A0A2I3TDL2
Q8N1N2	A0A2I3TL62
P21333	A0A2I3TWC9
P78314	A0A2J8K6J5
Q96AX2	A0A2J8KBZ5
Q6P4R8	A0A2J8N141
Q5JQF8	A0A2J8PX07
Q02246	A0A2J8QW84
C9JH25	A0A2J8QWV2
Q92785	G2HG46
Q502X0	G2HJK2
P49326	H2PZU9
Q9BUK6	H2Q084
O94907	H2Q1X1
Q86W24	H2Q336
Q8N5H3	H2Q435
Q9BQI9	H2Q576
Q9BSW2	H2Q582
Q12778	H2Q7G4
P10600	H2Q8N5
P27449	H2QAD7
P07438	H2QB55
O95838	H2QC94
P48556	H2QG82
Q6PF04	H2QH12
P46781	H2QH38
Q3SY52	H2QHA3
Q8TEW8	H2QJA2
Q9NU02	H2QJY7
P56537	H2QK92
Q9Y3I0	H2QLJ4
Q9H5L6	H2QPT1
Q08752	H2QQC9
P20290	H2QR25
P50453	H2QS77
Q9Y334	H2QSP3
Q5SW24	H2QU22
O95620	H2QV80
P61925	H2QWB4
Q6P6B1	H2QWH4
Q96HR3	H2QWM0
O60488	H2QZ01
Q8TC90	H2QZV2
Q8IZF4	H2R0P9
P15173	H2R2K4
Q9Y2H2	H2R382
Q8IW70	H2R784
Q5PT55	H2R9S2
Q5HYK7	H2R9X5
P35637	H2RA80
A8MYJ7	H2RDT5
P46778	H2RFG1
Q9Y6D0	H2RIH7
Q8IUR6	K6ZKI8
O95685	K7B5X0
Q96CD2	K7C3Q5
P02708	K7D8C4
O43462	K7DAA0
Q12968	K7DDW5
P42785	K7DG91
Q9UGI8	Q2QLF4
P59533	Q697L5
Q14511	A0A2I3RUY7
P26378	A0A2I3RVI2
A6NK59	A0A2I3RVR1
O60333	A0A2I3S565
Q96RI1	A0A2I3S5L3
Q9C0D0	A0A2I3S8D2
H3BQW9	A0A2I3SG87
Q99578	A0A2I3SGM7
P07202	A0A2I3SH53
O43151	A0A2I3SHT0
P61018	A0A2I3SSH3
Q8NEB5	A0A2I3SYF8
P67812	A0A2I3T2V8
Q96GA3	A0A2I3T3Q5
Q86YR7	A0A2I3T9I2
Q8NA58	A0A2I3TDD2
Q659A1	A0A2I3TQ67
Q92561	A0A2J8N982
Q8N130	A0A2J8N9J5
Q9BWV2	A0A2J8NMG4
Q86SG5	A0A2J8Q3Q1
P56378	A0A2J8QLK1
Q9NRR6	A0FI79
Q9UBB9	A1XD93
P12955	G2HFR0
Q15761	G2HFT0
Q8WWU7	H2Q0F3
Q8N715	H2Q169
Q9C056	H2Q2T2
Q8N127	H2Q3L8
Q9Y256	H2Q477
Q8WV74	H2Q494
A0PK00	H2Q732
Q8WW43	H2Q9J9
Q9Y3Q4	H2Q9R7
Q6P2C0	H2QA23
Q96CS4	H2QAY2
Q3SXM5	H2QBM0
Q8NCQ7	H2QCI8
Q14562	H2QD51
Q9BUM1	H2QD59
P14652	H2QDB8
P0C263	H2QH70
Q8NAM6	H2QHA6
Q8IYA6	H2QIK4
Q9UGI9	H2QJF7
Q8WY41	H2QK22
Q9BR26	H2QKI5
Q9H0A9	H2QL60
P01040	H2QN77
A6NMZ7	H2QND2
Q9C0D4	H2QP81
Q9P2E7	H2QQ62
Q96JP0	H2QRC5
Q9H814	H2QRE6
Q01151	H2QSB9
P0C671	H2QSW3
Q9Y530	H2QSY7
P21399	H2QX43
Q12933	H2QY73
Q99217	H2QYA4
Q99590	H2R3I6
Q9NSD4	H2R4H6
Q674R7	H2R4V3
O14681	H2R4W4
Q9UBU7	H2R576
Q5SZB4	H2R666
P59990	H2RAH3
O95292	H2RCC8
Q7Z494	K7AK28
Q15126	K7AWU9
P23508	K7BFD0
Q9NVU0	K7BW50
Q9P0B6	K7C7M4
Q9BSD7	K7CPD8
P21980	K7D7G1
Q9Y5G5	Q5DRB2
P31513	Q7YS44
Q9H310	Q95M74
P14651	A0A2I3RED6
Q8N4G2	A0A2I3RKY3
A0A1B0GUV7	A0A2I3RR08
Q9BTX1	A0A2I3RT46
Q14596	A0A2I3RXJ6
Q96N67	A0A2I3S5Y4
A1L390	A0A2I3S9Y0
P0CF75	A0A2I3SQL5
Q8WW27	A0A2I3T158
Q96CA5	A0A2I3T1A9
Q6P587	A0A2I3T220
O14649	A0A2I3T7P3
A0A1B0GWB2	A0A2I3TN19
Q6ZMS4	A0A2I3TNJ1
Q9NRR2	A0A2I3TRF4
Q6NW29	A0A2I3TU61
P23368	A0A2I3TUA7
Q9NR82	A0A2I3TX72
Q8NA31	A0A2J8MV99
Q92786	A0A2J8QV82
Q8NC74	G2HEF6
P27635	G2HFW2
P08670	G2HJ38
P14324	H2Q079
P06126	H2Q0B3
Q5SVQ8	H2Q0U4
Q14CX5	H2Q2H6
Q86YS7	H2Q5L5
Q13610	H2Q6S9
P04054	H2Q707
Q96IY4	H2Q7J0
P55010	H2Q8Y7
Q8IVU1	H2Q9M2
Q9Y3E1	H2Q9Z9
Q9Y2T7	H2QC30
Q96JB5	H2QDB4
Q9H0H0	H2QDL6
Q86SJ6	H2QEE4
O94818	H2QEF4
Q9UHX3	H2QFK9
Q6UWP8	H2QG29
P20151	H2QGY9
Q05195	H2QI19
O75204	H2QIC6
P61129	H2QIJ9
Q8IZ52	H2QJH3
P43026	H2QK94
P56750	H2QKW9
Q9Y6N8	H2QQP7
Q9NRJ7	H2QRN3
Q86WA6	H2QS80
O43739	H2QU58
Q9UMR3	H2QUF0
P63211	H2QUX9
Q96JN2	H2QVC2
Q5T4B2	H2QXZ2
Q9BUR5	H2QYE8
Q9BUK0	H2QZP8
Q53H12	H2R0W4
Q99536	H2R0X1
Q14678	H2R2A1
Q9H2S6	H2R377
P16520	H2R3A6
Q9Y2H0	H2R4C0
Q5JTC6	H2R4P7
Q6UW60	H2R6J0
A6NKF2	H2R6Q2
Q5T6X5	H2R6Z5
P14415	H2R9S8
Q9P0N5	H2RCE3
Q9P031	H2RGL5
Q96AY4	K6ZL88
Q9BUZ4	K7B4A6
P17480	K7B7K3
Q68CR1	K7B9Q5
Q9H4M3	K7BUP0
O15305	K7CN12
P51790	K7CVZ3
Q8N0Y7	Q8MKE8
P00156	Q9T9V5
Q9BQ16	A0A2I3RAD1
Q92851	A0A2I3RFE8
O14764	A0A2I3RJN7
Q8N2K1	A0A2I3RL41
Q9NRD9	A0A2I3RMC1
A0A087WXM9	A0A2I3RQN1
Q8TCX1	A0A2I3RSN7
Q9UHQ4	A0A2I3RWQ2
Q14680	A0A2I3RXR8
Q99698	A0A2I3S3C6
Q6W5P4	A0A2I3SCM0
P17535	A0A2I3SL27
Q08495	A0A2I3SNK8
Q68D42	A0A2I3SWX8
Q8N6K7	A0A2I3T206
Q15054	A0A2I3T826
P06312	A0A2I3T946
Q70CQ1	A0A2I3T961
P98171	A0A2I3TGI1
Q96RU2	A0A2I3THG2
Q6P1J9	A0A2I3TM86
Q9UPZ6	A0A2I3TMJ4
Q6F5E8	A0A2I3TRN2
Q70EK9	A0A2I3TUL3
P15923	A0A2J8J1T8
Q96BD0	A0A2J8KMX2
Q969Z0	A0A2J8L992
Q8N386	A0A2J8LTB8
Q8N6F1	H2PYT7
P36894	H2Q272
Q9Y5W5	H2Q6E5
Q9H2J7	H2Q6J9
P20718	H2Q840
Q6ZNE5	H2Q8C7
Q8ND07	H2Q8L2
Q8N5M1	H2QCD7
P35499	H2QDN9
Q9NRA0	H2QGR9
Q9UBP0	H2QHQ4
Q99743	H2QIF6
Q6PIS1	H2QJG2
Q8IWB7	H2QJI7
P62942	H2QJT5
O43837	H2QJU4
P24844	H2QKA3
Q9BVP2	H2QMS2
Q8N5N4	H2QNA3
Q9NRY7	H2QNJ4
Q96S95	H2QNV2
Q6UX39	H2QPL9
Q9ULD6	H2QQ52
Q9BT67	H2QRP2
A6NGH8	H2QU56
O15504	H2QU93
Q92621	H2QVF5
Q06889	H2QVV4
Q9UJV8	H2QW00
Q9NQ60	H2QX38
Q56A73	H2QYP8
Q6ZNJ1	H2R007
Q14542	H2R018
Q8IWG1	H2R1G6
Q5JRX3	H2R1S7
Q96P31	H2R346
Q86WV6	H2R3B4
Q8N8F6	H2RA79
A4FU49	H2RBB4
Q9H1B4	H2RBW2
Q05193	H2RDH9
Q9H987	H2RDT9
Q8N7Q3	H2RE20
P50995	K7AKE4
P52815	K7AU98
Q6UWU2	K7BBC0
Q7Z6E9	K7BJY2
Q86TI2	K7BQ85
P63151	K7BRE6
Q9BUT9	K7BSC2
Q96GX1	K7BW15
Q8NEY3	Q6DMN8
Q9HA38	A0A2I3R9W9
Q2M3W8	A0A2I3S390
P07332	A0A2I3SF41
Q86XH1	A0A2I3SHJ6
O95255	A0A2I3SJS2
Q6P3S1	A0A2I3SMC2
Q719I0	A0A2I3SRF8
P13232	A0A2I3SRV2
Q13018	A0A2I3SX55
Q6NTF7	A0A2I3T2F3
P0CJ68	A0A2I3T3Y2
Q8TBK6	A0A2I3TAT3
Q9Y6Y8	A0A2I3TB03
Q96JQ0	A0A2I3TID8
Q13283	A0A2I3TNX2
A0A0U1RRI6	A0A2I3TSE0
Q6NXE6	A0A2I3TSX2
Q9BSD3	A0A2J8KM87
Q86UZ6	A0A2J8KNA2
Q9GZK6	A0A2J8NWV9
Q86WZ0	A0A2J8PJE3
Q9NZD2	B0YN54
Q8IV32	G2HIJ6
P0DMS9	H2PZN6
P42677	H2Q048
O60783	H2Q0N3
Q8NGR1	H2Q1U8
Q96A29	H2Q3G9
Q5QJ74	H2Q4Z3
Q6XD76	H2Q6T1
P24723	H2Q8F2
Q9P253	H2Q973
Q9NVX0	H2Q997
Q96QT4	H2Q9F1
Q9BTK6	H2QAV6
P47944	H2QB49
Q7Z6G3	H2QBL8
Q9UPM9	H2QCF2
Q13057	H2QD24
Q9UQL6	H2QD61
P51570	H2QDW0
O75019	H2QH44
Q9H4B0	H2QJ50
Q9NX31	H2QKE0
Q96HU1	H2QLR4
Q9H5V8	H2QMF7
Q9BYD9	H2QNP8
Q8N475	H2QQD3
Q9H0I9	H2QQD7
P35443	H2QR56
P52803	H2QRA5
P28702	H2QSS5
P56589	H2QTU9
Q9UJS0	H2QUZ0
P53673	H2R0F6
Q5TYM5	H2R0P4
Q8TEW0	H2R1H3
Q9UGM3	H2R1S1
Q9NZQ8	H2R1V3
O43307	H2R2Z7
Q86Y13	H2R422
A6NFH5	H2R476
Q09019	H2R5Z7
Q6ZWJ1	H2R9I3
Q14019	H2RA06
Q8IYP9	H2RCE2
P59998	H2RDP9
Q92819	H2RFR8
Q8TEQ8	K7A107
Q9NUU6	K7AXF1
Q9NTG7	K7AZ95
O75157	K7B7A4
Q15532	K7B7Z9
P22304	K7BKV4
P36406	K7BY84
P57737	K7CJD6
P98170	K7D8W8
Q8NCG7	A0A2I3RBL4
Q8NH70	A0A2I3RCN5
A0A075B6I4	A0A2I3RDD7
Q9H251	A0A2I3RE49
O43423	A0A2I3RIR5
Q7KZI7	A0A2I3RZW8
Q9H853	A0A2I3SAR5
P17752	A0A2I3SMD3
Q86V87	A0A2I3T2B2
P0DMU9	A0A2I3T3H5
P80404	A0A2I3T3Z8
O43439	A0A2I3T5A1
Q9H7P6	A0A2I3T8V0
A6NM62	A0A2I3THS1
Q99707	A0A2I3TRS7
Q8IWL2	A0A2J8JCI9
Q8NEF3	A0A2J8KJ09
Q9Y6A9	A0A2J8P873
P12081	G2HG51
Q9BUE0	H2PYH1
Q9NQ87	H2PYQ8
P62328	H2PYT4
Q5SWX8	H2Q0S7
Q6GTS8	H2Q0Z9
Q7Z3Z2	H2Q132
P01589	H2Q1K9
P10745	H2Q1V4
Q9UNW1	H2Q277
Q9NPQ8	H2Q2U3
Q8TC92	H2Q7I0
Q9UHK0	H2Q7I5
Q8WXE9	H2Q8Q6
Q9GZS3	H2Q9W3
Q9UEG4	H2QAY6
Q9UFG5	H2QEU8
O94806	H2QHR7
Q13478	H2QIG6
Q96M89	H2QII7
P24347	H2QLC9
O94933	H2QNP0
Q9Y6A5	H2QP38
P58335	H2QPS0
Q8TBZ6	H2QPX9
P51161	H2QRX6
Q86YV6	H2QS75
Q04760	H2QSX9
Q99750	H2QSZ4
Q8WVM0	H2QTY1
Q01449	H2QUI2
A8CG34	H2QUS2
P0DP57	H2QWT0
P49207	H2QZU9
Q96LC9	H2R016
O60476	H2R1F7
Q14676	H2R1M7
P58546	H2R2H5
P36542	H2R2Y8
Q8NCU4	H2R3G4
A4UGR9	H2R6F2
Q6P5W5	H2R9M1
Q9H169	H2R9V7
P50238	H2RBE5
P63027	H2RCB8
Q14242	H2RCX5
A2RU48	H2RD74
Q9HC24	K6ZBP7
Q9GZS1	K7A0K8
P32189	K7AU48
Q86WP2	K7B9M1
P78324	K7BGA6
Q5JSH3	K7CB05
O14920	K7CMD5
Q14353	K7CS47
Q07890	K7CZM1
Q7Z5K2	K7D5N0
Q6RFH5	K7D6I4
Q02241	K7DBP0
P35462	Q5IS72
Q9BYC5	Q6EV77
Q9Y5Z6	Q7JK26
P60006	A0A2I3RWR7
Q9UHX1	A0A2I3S0E4
Q9BZQ6	A0A2I3S3I2
O95758	A0A2I3S9B0
Q7Z6I5	A0A2I3SEI0
Q14055	A0A2I3SID3
Q5KSL6	A0A2I3SL15
O94964	A0A2I3SL22
Q9H089	A0A2I3SM78
P19823	A0A2I3SNF6
Q8NI38	A0A2I3SPK4
Q8IZQ5	A0A2I3T061
Q9HCJ0	A0A2I3T6F7
O75084	A0A2I3TGC6
P40967	A0A2I3TK98
P10451	A0A2I3TT27
Q8NGX5	A0A2J8K5R5
P47775	A0A2J8L555
O60240	A0A2J8L6A5
Q8WWN9	A0A2J8Q9R2
Q15760	A0A2J8QQD0
Q96TC7	G2HHB7
O00187	H2PY01
Q16518	H2PZ77
Q9H2L5	H2Q1U6
Q9H207	H2Q331
Q9BVC6	H2Q3T3
Q5TBK1	H2Q7E3
Q9Y2Z0	H2Q7L9
Q9UJJ9	H2QAA0
Q6NUN0	H2QAP3
Q8WTQ4	H2QB26
P55291	H2QBR2
Q9H091	H2QBY4
Q9BRA2	H2QC11
P55773	H2QCR2
Q8N4Q0	H2QEQ3
Q8TDN7	H2QF43
Q9H8G1	H2QFW4
Q9NX00	H2QGN9
Q9BZG2	H2QGY5
Q96G28	H2QHX5
Q96PD6	H2QJI3
Q9UJM8	H2QJY2
Q9UBR2	H2QKN8
P20062	H2QLH6
Q9BQQ7	H2QMG7
Q8WTW4	H2QMN9
Q9Y4B4	H2QMQ0
Q8NFC6	H2QP85
Q8IVH4	H2QQ89
P25054	H2QRB5
P43694	H2QVR5
O00559	H2QWL1
Q15527	H2QY44
Q8TDX6	H2R0B9
Q2M3G4	H2R2G4
A2RUB1	H2R3B0
Q7Z4G4	H2R4E3
Q12798	H2R6T4
Q9UBS4	H2R7V8
Q16586	H2R9I6
Q6ICH7	H2RB50
A8MYU2	H2RBT2
Q15027	H2RD06
Q63HM2	H2RD07
Q96DZ7	H2RD21
Q8N5A5	K7AJ69
P41226	K7BL13
Q86WA9	K7D328
Q92562	K7DGN1
P59020	P59021
Q16795	Q0MQB4
P21554	Q5IS73
P59536	Q646B2
O15229	A0A2I3RF66
Q96PU9	A0A2I3RIF3
Q86V42	A0A2I3RK34
A8MV23	A0A2I3RN24
Q5JNZ3	A0A2I3RRJ7
Q9UPQ3	A0A2I3RU57
A6NHQ2	A0A2I3RWY8
O15539	A0A2I3S8P0
Q16549	A0A2I3SSR3
Q8WV44	A0A2I3SV92
Q6XZB0	A0A2I3T1G1
Q8WWL2	A0A2I3T3X0
Q6SA08	A0A2I3TA30
P10588	A0A2I3TD27
A0A0U1RQE8	A0A2I3TI90
Q99747	A0A2I3TWQ4
Q5HYW3	A0A2J8IVX1
Q8NG08	A0A2J8K075
Q9BPX7	A0A2J8K9Q9
Q2LD37	A0A2J8LX35
O00422	A0A2J8QEN5
Q9Y471	A0A2K6HNY1
P81133	A2T6X9
P05108	G2HDT8
P51148	G2HJF5
Q5SY16	H2PXX0
P48382	H2PZY8
Q5VWG9	H2Q1L6
Q8IWZ4	H2Q4J2
P11169	H2Q5D0
Q5XKE5	H2Q606
Q9UKU6	H2Q6H5
Q07065	H2Q6S2
O94952	H2Q6Z1
Q14005	H2Q9Y4
P54257	H2QD01
Q6UWY2	H2QET1
Q15831	H2QET9
Q9BY14	H2QGH3
Q9Y2P5	H2QHC4
Q86XK2	H2QHW1
P18428	H2QKC2
P49593	H2QLB5
Q8NFP0	H2QSW5
Q8IZS6	H2QU24
Q8N1I0	H2QV90
Q96Q05	H2QWR8
A2RUS2	H2QWS2
A6NE52	H2QWW0
Q9Y5R6	H2QWY6
Q86VH2	H2QXE1
Q5JXX7	H2QZH6
Q96Q15	H2R014
Q96SK3	H2R3I9
Q53FT3	H2R445
P00973	H2R747
Q9H5Z1	H2R8Y8
Q5T7N3	H2R912
Q8IYI0	H2R942
Q9Y6J6	H2RAI9
Q8IX29	H2RDE6
P86397	H2RGP9
Q06323	K6ZGA5
Q9UHQ1	K7ANC9
Q9HBZ2	K7B2L7
Q06265	K7B3W8
P55199	K7CFT6
O60551	K7CKP6
P23229	K7DQU7
Q9UJF2	A0A2I3RED3
Q96FL8	A0A2I3RKH3
Q9H478	A0A2I3RL78
Q8N319	A0A2I3RM90
Q9H299	A0A2I3RQG3
O95777	A0A2I3RRR9
Q15915	A0A2I3RZ60
Q15526	A0A2I3RZJ3
O95831	A0A2I3RZL6
Q08289	A0A2I3S266
Q9NSC5	A0A2I3S5I2
Q8IV16	A0A2I3SCT1
Q96AQ7	A0A2I3SD91
Q8TED4	A0A2I3SDD2
P51610	A0A2I3SK58
P63220	A0A2I3SN71
A6NKX4	A0A2I3SND0
A0A1B0GUJ8	A0A2I3STV2
Q6ZWE6	A0A2I3SVT5
P46952	A0A2I3TGC8
Q13190	A0A2I3TNK2
O60941	A0A2I3TP62
P55083	A0A2I3TVZ0
Q9Y2K5	A0A2I3TWF0
Q96L15	A0A2J8IU23
P58743	A0A2J8JU76
Q5T2T1	A0A2J8MNA2
Q7Z602	A0A2J8PZ55
P81172	A7XEH6
Q9UJT0	G2HJS7
Q5T4W7	H2PYV3
Q96IM9	H2Q261
O60232	H2Q434
Q9NZD1	H2Q5H5
Q9H7E2	H2Q7M4
P84090	H2Q8I5
Q14681	H2QAD9
O75616	H2QCJ4
Q9UBX8	H2QEE7
Q10472	H2QEF9
Q8TF32	H2QFY0
P30043	H2QGC7
A1L4H1	H2QH68
Q9H6D8	H2QHN4
P43007	H2QHZ6
Q9UJW3	H2QL42
Q7Z6Z6	H2QLV2
P35475	H2QP30
P42857	H2QP58
Q9P2K1	H2QP87
Q8IZ81	H2QQ72
P35754	H2QR90
P83369	H2QRW9
Q13546	H2QS79
O00478	H2QSH5
P26640	H2QSM5
Q3B726	H2QU84
A4D161	H2QU99
Q15329	H2QWD1
Q96NL8	H2QWG3
Q9NWX5	H2QY09
O14727	H2R1S6
Q9Y6A1	H2R2U5
Q9NYQ3	H2R3B2
Q9NRF8	H2R3J0
Q68CQ4	H2R3N9
Q8N6N2	H2R3U3
P55808	H2R4U0
Q5T9C9	H2R6A1
Q5VVC0	H2R8W3
A0PJX8	H2R9G3
Q6XPS3	H2RAB0
P02679	H2RDH7
Q6ICG6	K7B8K7
Q8IVF7	K7BA01
P19438	K7BID5
Q9H1X1	K7BMC1
P53004	K7C310
Q8NBK3	K7CG57
Q8TE76	K7CW80
P42704	K7DAQ0
O43306	K7DS66
P56730	Q5G271
Q07444	Q95MI4
Q9BYZ6	A0A2I3RI81
Q12888	A0A2I3RS52
O14514	A0A2I3RTB6
O43610	A0A2I3RUT7
Q9Y3S1	A0A2I3RVU8
Q9UK05	A0A2I3RWA4
O15315	A0A2I3RX96
Q8N4C8	A0A2I3RZ34
Q9UD71	A0A2I3S2W6
P48167	A0A2I3S4U2
P35241	A0A2I3S8D1
Q96RL1	A0A2I3SNP5
P61266	A0A2I3SQU9
P62736	A0A2I3ST70
A0A0B4J241	A0A2I3T4N3
Q5SXM8	A0A2I3TG00
Q9ULP9	A0A2I3THV0
P47804	A0A2I3TPC1
Q14943	A0A2I3TTW9
Q02045	A0A2I3TUX9
O43557	A0A2I3TWV9
Q5VXT5	A0A2I3TX77
P29274	A0A2J8IZJ6
Q9ULX5	A0A2J8J751
P05387	A0A2J8JVL5
O14610	A0A2J8KP13
P08183	A0A2J8LGL5
P14314	A0A2J8LVS1
P41221	A0A2J8P7Y2
O43247	A0A2J8QPJ9
Q9H0C2	G2HGB9
Q9UJM3	H2PXX8
P16860	H2PY14
Q14671	H2PYI5
Q96MA1	H2PZ24
Q96L92	H2PZZ3
P06702	H2Q026
Q8NFU7	H2Q1Z7
Q96DX7	H2Q3F0
Q4G0X4	H2Q4H2
P05783	H2Q609
Q9Y217	H2Q7B1
Q9UL46	H2Q820
P22735	H2Q827
Q32P41	H2Q8F0
O60566	H2Q958
O14975	H2Q9E7
Q9BWN1	H2QAY3
P43268	H2QD52
Q9BWU0	H2QHN8
P24593	H2QJD6
Q68CQ7	H2QMS3
Q8IVN3	H2QMS6
Q8N1C3	H2QPE4
Q06203	H2QPI4
O43559	H2QSZ7
Q8WWV3	H2QTH4
O75558	H2QTV4
P01282	H2QTX6
Q8IXZ2	H2QWU2
A2A3K4	H2QXH7
Q9UGY1	H2R0A2
Q6TCH7	H2R3F0
Q86TM3	H2R4S8
Q96S37	H2R5A9
Q5T5S1	H2R612
Q2Q1W2	H2R8E3
A6NN14	H2RD58
Q6L8G9	H2RDV3
O15392	K7AH34
Q9NP97	K7BVD0
P51688	K7C218
B1AKI9	K7CF09
Q5BKX5	K7CL26
O60547	K7CP74
Q9Y5F7	Q5DRA3
P34096	Q8HZQ0
P02749	Q95LB0
Q8WX94	A0A2I3RBI7
Q9UQ90	A0A2I3RGQ4
Q8N149	A0A2I3RSY3
O75469	A0A2I3S3V5
Q6P1K1	A0A2I3S844
Q7Z7G0	A0A2I3SFA8
P07196	A0A2I3SJH8
Q9UIL4	A0A2I3SN86
Q9UKT6	A0A2I3SNK1
Q9Y2B2	A0A2I3SPY0
Q6UX15	A0A2I3SS52
P07333	A0A2I3SWC5
O75140	A0A2I3SXB8
O75354	A0A2I3T337
P55899	A0A2I3T604
Q2M5E4	A0A2I3TAE7
O95342	A0A2I3TIB6
P09467	A0A2J8JHD6
Q9NQM4	A0A2J8K3Q5
Q8NGY5	A0A2J8K5Q8
Q8NCG5	A0A2J8KA42
Q86UE6	A0A2J8L5D2
Q8N912	A0A2J8QLK8
Q86XR5	A0A2J8QMW0
A4QN01	G2HF40
O15297	G2HHX8
P35268	H2PXW3
Q9H3T2	H2PZX8
P60903	H2Q001
O00180	H2Q1D1
Q15038	H2Q5X8
O14893	H2Q877
P12644	H2Q8B9
Q9NVL8	H2Q8D3
Q5W5X9	H2QA52
Q86UU9	H2QDE0
Q8TB69	H2QEB0
Q8N6D5	H2QEC6
P07492	H2QEL4
Q6ZSZ6	H2QEQ4
Q9UK28	H2QFT8
A6XGL0	H2QFV5
Q6ZNG1	H2QH20
P47872	H2QIM4
Q9GZU7	H2QJE8
Q6IWH7	H2QJR4
P23919	H2QJR9
Q9NUB4	H2QJU6
Q9H1R3	H2QK55
P28749	H2QKB0
Q9NQG5	H2QKB9
P23470	H2QMV4
Q9BS40	H2QNN1
Q86TI0	H2QPC0
Q86T26	H2QPJ8
P04141	H2QRG1
O95997	H2QRY0
P27824	H2QS56
Q8IZS5	H2QSA2
P17019	H2QUM3
Q86WB0	H2QVD1
Q17RB8	H2QVR8
Q9H756	H2QX36
Q15916	H2QXU8
P50458	H2QXV2
Q86WI0	H2QZ08
A6NI56	H2R2C2
A6NEQ2	H2R532
Q8NBV8	H2R5N4
O14599	H2R5R3
A6NFY7	H2R660
Q5TGI4	H2R6W4
Q5T9G4	H2R7D6
Q07973	H2R8V0
P78509	H2RC93
P62857	H2RIH6
Q9H4I9	K7AKX1
Q8WTR2	K7B379
Q92993	K7BDV3
O60832	K7CJN9
Q9UBX5	K7DKI2
P55196	A0A2I3RB42
P52788	A0A2I3RIQ7
Q6UW02	A0A2I3RK78
O75081	A0A2I3RXY4
Q96NY7	A0A2I3S2C9
Q07864	A0A2I3S482
E5RG02	A0A2I3S568
Q8NET5	A0A2I3S655
Q6UWB1	A0A2I3S6U0
A6NMN3	A0A2I3S6Y2
A6NES4	A0A2I3SB13
Q5T7M4	A0A2I3SB54
Q6NT76	A0A2I3SH56
P31270	A0A2I3SJN7
Q9NRR4	A0A2I3SKF5
P62891	A0A2I3SZX4
Q96KR7	A0A2I3T2J9
Q86Y07	A0A2I3T725
Q96JX3	A0A2I3T9R6
Q01201	A0A2I3TGI5
Q96EK4	A0A2I3TI51
Q16676	A0A2I3TT18
Q6PHW0	A0A2I3TW58
Q9NXZ1	A0A2J8JPD9
Q9NX40	A0A2J8L371
A0A1B0GVX0	A0A2J8LA36
Q9BZ72	A0A2J8MCW4
Q8N5I9	A0A2J8MZU3
P25205	A0A2J8P0X9
Q9NXE8	G2HFZ2
Q9BSE5	H2PY37
O75937	H2PYG8
P07098	H2Q282
Q5VWI1	H2Q2S5
Q9Y5U2	H2Q2X0
A7KAX9	H2Q541
P21128	H2Q5S4
Q9Y3Q3	H2Q9X3
Q9H6Q4	H2QA85
Q9Y3E5	H2QDK5
O75952	H2QEC9
P32119	H2QFG9
Q96RE7	H2QFI4
P28358	H2QJ12
Q9H4I8	H2QLU1
Q96HR8	H2QQD4
Q8TBP5	H2QRA0
Q15544	H2QSV3
Q96EE4	H2QU98
Q9UI42	H2QVD6
Q7Z7K2	H2QVK9
Q9H8W4	H2QWG2
Q9H8X2	H2QXG8
Q99436	H2QXV4
Q8NEE8	H2QXX5
P51606	H2QZA1
Q9HC57	H2QZT0
P52738	H2R0B8
Q96J42	H2R143
Q8TDV5	H2R3H0
A8MTJ3	H2RBI6
Q30KQ5	H2RBT5
Q96JL9	H2RBZ2
A8MXZ3	H2RDK6
Q13886	H2RES0
Q96D53	K6Z9I0
Q9UN37	K7BC82
O95400	K7BFX6
Q5T6S3	K7BK94
Q8IVH8	K7BKY5
O94763	K7CIT3
Q8N8L6	K7CV57
O76093	K7CX16
Q66K89	K7D3G1
Q9Y5H2	Q5DRC0
Q13882	A0A2I3RCA3
Q15413	A0A2I3RD84
Q8NGJ8	A0A2I3RK46
P13716	A0A2I3RKG7
P0CK96	A0A2I3RNT3
Q9P1W8	A0A2I3RUN8
Q8IYY4	A0A2I3RUU2
F5H4A9	A0A2I3RW79
Q9NY65	A0A2I3S2I3
Q92887	A0A2I3SLS7
P0CG40	A0A2I3SRP8
Q96MC6	A0A2I3STL5
Q8NCE2	A0A2I3SVM4
Q8WWZ3	A0A2I3SXZ6
Q8N8D9	A0A2I3TGF2
Q9NQV5	A0A2I3TN23
A0A0B4J262	A0A2I3TQV9
O76071	A0A2I3TW00
O75969	A0A2J8KM22
Q13607	A0A2J8QUK5
Q07699	A5A6L6
P12956	G2HER7
P41143	H2PYH8
O43847	H2PZ07
Q7Z2D5	H2PZG5
Q5TA77	H2Q010
Q6ZUJ8	H2Q2C2
P62851	H2Q4X3
P16219	H2Q719
P56851	H2Q7X0
Q96BY2	H2Q8T9
Q8N635	H2QAB3
Q7Z402	H2QAN3
Q9HCJ6	H2QBJ9
Q8WUS8	H2QBL1
Q9H2F9	H2QEK4
Q8TF64	H2QEZ0
Q96NW4	H2QFZ0
Q96GY3	H2QG42
Q9BSG1	H2QIB7
Q5H9S7	H2QIZ0
Q15111	H2QJ75
Q9H3Y0	H2QKE2
Q8NEX5	H2QKG1
Q6IBW4	H2QLY1
Q5JPI3	H2QMY6
Q709F0	H2QNE0
Q9H4D0	H2QNH4
Q9NPH3	H2QNY9
Q6ZRC1	H2QP61
Q9NYQ8	H2QRU2
Q9NT68	H2QRY8
P05305	H2QSB1
Q9Y3N9	H2QSK8
P28068	H2QSS0
O95835	H2QTW5
Q8TAP9	H2QUG8
P08476	H2QUH0
Q9BRU9	H2QWL7
Q9UKT8	H2QXS8
P29377	H2QYC5
Q9P1Q0	H2R1P2
O14678	H2R2S5
Q14527	H2R3U6
Q8NGJ6	H2R5M1
Q16512	H2R6B7
Q8WWX9	H2RCR3
Q9HBI1	H2RD24
Q8NI60	K7A7D2
Q5SVS4	K7A9I0
O00311	K7B2L9
O60296	K7B914
Q8IW50	K7BMS4
Q96BN8	K7BWK3
P50570	K7CG09
Q9HBR0	K7D6N2
Q9BX74	K7DMZ4
Q96FJ0	A0A2I3RGS2
P15918	A0A2I3RIF0
Q9HCX3	A0A2I3RTZ1
Q969W1	A0A2I3S2N8
O94979	A0A2I3SM13
A6NN92	A0A2I3SPF3
O75610	A0A2I3SR52
O15520	A0A2I3T2G6
Q15700	A0A2I3T623
Q92766	A0A2I3TAS7
Q96IL0	A0A2I3TH01
Q9H8W5	A0A2I3TLJ8
Q9UL25	A0A2I3TNY4
Q9Y2N7	A0A2I3TR97
Q9HBU9	A0A2J8M3H2
Q9H8H2	A0A2J8NAI3
Q96MC5	G2HFK0
Q99487	H2PYD1
Q8N8Q1	H2PZK6
P28070	H2PZZ0
P33763	H2Q032
P29373	H2Q0A2
P15104	H2Q0Q5
Q8WV28	H2Q2B8
Q8N0S2	H2Q2U1
Q8NGI3	H2Q305
Q86XZ4	H2Q5V4
A6NGE7	H2Q7C6
Q6UX06	H2Q7M2
Q96GQ5	H2QB07
P51116	H2QC50
O60543	H2QE99
P17568	H2QFK7
Q8NE63	H2QGC4
Q05469	H2QGG6
O95460	H2QKF2
Q9BWX5	H2QKQ9
Q8WYQ4	H2QLC8
Q09472	H2QLS0
P82663	H2QM45
Q13107	H2QML3
P30408	H2QNK1
Q96EP9	H2QPF7
Q9NY37	H2QQC1
Q9P0J6	H2QQL3
Q96RF0	H2QQW2
Q9UJN7	H2QSI4
Q6P4F1	H2QW03
Q15397	H2QWZ0
Q96PU4	H2QX03
O95150	H2QXR7
Q53FP2	H2QYW4
O75052	H2R0I9
Q96RD9	H2R2D6
P48443	H2R383
P50548	H2R3U4
P07357	H2R3U7
P07910	H2R462
Q86XX4	H2R4C8
Q8IW52	H2R4I2
Q86SI9	H2R5Q2
P59796	H2R7J0
Q96RQ9	H2RBS6
Q96RD6	H2RCN7
Q9Y6N7	H2RD56
Q5BJE1	H2RDD8
Q4U2R8	H2RE17
P0DH78	H2RGU7
Q9Y4Z0	K6ZIP9
Q96RY7	K7ANH9
Q9H444	K7ARG0
P78539	K7B5Z1
P35548	K7D1L0
Q6PD62	K7D8C0
P10153	P47785
Q8IWL8	Q5YCU8
O75914	Q7YQL4
O75063	A0A2I3RJH2
Q969R2	A0A2I3RUE9
Q49A88	A0A2I3S019
Q86YW5	A0A2I3S110
A0A0K0K1G6	A0A2I3SCZ6
Q16827	A0A2I3SMH2
Q5T890	A0A2I3SXR0
O14737	A0A2I3T3R7
Q6IMN6	A0A2I3TJB8
Q8NH56	A0A2I3TNJ5
Q92784	A0A2I3TTJ2
P63302	A0A2I3TWT9
P51508	A0A2J8IU55
Q9H069	A0A2J8J374
Q14116	A0A2J8L0A3
Q71H61	A0A2J8LM05
Q8N7H5	G2HE44
P21506	G2HH24
Q9NZL9	G2HHR9
Q5TA50	H2PXT6
Q13643	H2PYQ1
Q8NEP7	H2Q0F7
P47712	H2Q0T0
Q6XR72	H2Q155
O14832	H2Q1M5
Q8IU99	H2Q2J0
Q8NBF2	H2Q2L4
P16233	H2Q2M3
P04040	H2Q3E5
Q8NGQ4	H2Q3P9
Q01362	H2Q3S1
Q9GZN4	H2QAE5
Q86WU2	H2QBI7
Q8WVC6	H2QD83
Q9H3N8	H2QED2
Q8IUL8	H2QFV6
Q7RTR0	H2QH79
Q9BYM8	H2QJS6
Q9NTZ6	H2QK97
P82932	H2QKZ5
Q9NUJ1	H2QN34
P49736	H2QNA7
Q86UW1	H2QP07
O60264	H2QQ80
Q71F23	H2QQI3
P0C0S8	H2QSG5
P08238	H2QT34
P26012	H2QU86
Q9UM22	H2QUG1
Q96LD1	H2QVS2
Q6WKZ4	H2QW12
O14684	H2QY11
P51617	H2QZA3
O75122	H2R009
Q14872	H2R0J1
O14796	H2R3S1
O95985	H2R4A2
Q9UBF1	H2R4I3
P0C1S8	H2R4X6
Q13131	H2R5J0
Q96B18	H2R5Y5
Q6UXI7	H2R8V5
P27658	H2RD92
P56179	H2RDF2
Q86VD9	K7A5K5
Q8N9B4	K7AGK6
O60749	K7AMI8
Q8N8Q9	K7AV51
Q9HCN3	K7B2S0
Q96T60	K7BAU7
O96005	K7BI94
P19634	K7CFV5
Q6PJG6	K7CMM8
Q92979	K7CTR3
Q9NWK9	K7DL00
P18858	K7DLA3
Q5BKT4	K7DPD2
Q7Z7L9	A0A2I3RC04
Q8WVH0	A0A2I3RC89
Q8TCB7	A0A2I3RDB8
Q9H0C3	A0A2I3RIM2
Q96K17	A0A2I3RQM9
Q9UQM7	A0A2I3RUN1
Q9Y6N9	A0A2I3RX01
Q8IYW2	A0A2I3S9N7
O14733	A0A2I3SB47
Q2TAA5	A0A2I3SEU5
P98196	A0A2I3SJZ7
Q9ULV5	A0A2I3ST17
P36402	A0A2I3SWP2
Q9UHC3	A0A2I3SYB5
Q3MIR4	A0A2I3T7C8
P07686	A0A2I3TDT0
Q5SQQ9	A0A2I3TJG6
Q96PQ0	A0A2I3TTT0
Q3SY56	A0A2J8J9G6
Q8NEK8	A0A2J8KK13
Q8NGZ6	A0A2J8KNT0
O43813	A0A2J8N630
P15086	A0A2J8P2V7
Q16610	G2HFJ3
Q13564	G2HJ78
P20073	G2HJV7
Q5SNV9	H2PY10
Q9GZP4	H2PYB1
Q96DT6	H2PZ58
Q5T1B0	H2Q0P4
Q9BRX8	H2Q262
P21917	H2Q2V4
Q9NRE1	H2Q2Z0
Q9BX59	H2Q5A3
Q8NH09	H2Q5T4
Q96FN9	H2Q853
P37108	H2Q957
P42229	H2QD19
P31152	H2QEJ2
Q9NPH2	H2QFT3
Q86WQ0	H2QFU9
Q8N831	H2QHX0
Q8WVK2	H2QI18
Q6ZVZ8	H2QJN9
Q9NQ40	H2QJS8
Q9H426	H2QKE8
Q969N2	H2QKF7
Q495A1	H2QN49
Q8NE79	H2QTG8
Q6UWF9	H2QVF7
Q68CJ6	H2QVY6
P55040	H2QWF7
O95170	H2QZL4
Q6ZMV7	H2R092
O75154	H2R1E0
Q9GZV5	H2R2X1
Q8NC69	H2R3I1
Q14457	H2R446
O94817	H2R5G2
Q5VYV0	H2R6M6
Q70EL4	H2R9J1
Q13404	H2RE03
Q9Y4Z2	H2RFA6
Q96GX2	H2RHF5
Q9P2X0	K6ZAX2
Q6P3X8	K7AM28
O76024	K7AUQ0
Q6UXH1	K7AXB2
P31641	K7BAK0
Q9C0E8	K7BXH5
Q16543	K7C509
P23219	K7C9Z9
P56182	K7CF65
Q9BUT1	K7CRE4
P19784	K7CVS9
Q9P227	K7CW73
O14521	K7D011
Q92546	K7DI32
P0CG47	P0CG65
O60927	Q7YR30
A0AUZ9	A0A2I3RB91
Q8WZA2	A0A2I3RC74
A0A087WTH1	A0A2I3RQ51
P49790	A0A2I3RU37
Q96B86	A0A2I3RZK5
Q9Y646	A0A2I3S1G7
Q6PCT2	A0A2I3SH00
P16278	A0A2I3T356
Q9GZP7	A0A2I3T3M2
Q8NFJ9	A0A2I3TCH5
Q7Z3D4	A0A2I3TLK8
Q9Y691	A0A2I3TN62
O75891	A0A2J8KAV5
Q96MH6	A0A2J8L505
O76002	A0A2J8NWU9
Q6UWU4	A0A2J8NZ96
Q96CE8	A0A2J8P2T9
Q9UL59	A0A2J8P686
Q8IZ08	A0A2J8PHY1
P48736	A0A2J8QY32
Q969R8	G2HGW5
Q5K4L6	H2Q041
Q9BTU6	H2Q2D4
Q8NGJ9	H2Q2Y7
Q9Y2E6	H2Q3Q7
Q06481	H2Q546
Q8IYU8	H2Q7A0
O15439	H2Q7Q1
P25963	H2Q867
Q03169	H2Q8Y6
O43304	H2QAJ0
Q9BQG0	H2QBX7
Q92988	H2QDE1
Q96A33	H2QDN3
Q6UW68	H2QFD6
Q13351	H2QFH4
O95707	H2QFY4
Q9BQQ3	H2QMB8
Q8N112	H2QMN5
P29083	H2QN66
Q9P283	H2QN85
Q96KP6	H2QQ38
Q9UH73	H2QRX0
Q6NTE8	H2QS59
Q96RJ6	H2QU83
Q8NEM1	H2QUN1
Q9NV12	H2QVF0
P21281	H2QVT8
P17010	H2QYE9
P22694	H2R1G3
P23276	H2R252
Q6ZS10	H2R2L8
Q8TF68	H2R2P2
Q8NGY2	H2R3I5
Q86X53	H2R456
Q96DE5	H2R7P6
Q68DE3	H2R838
Q629K1	H2R9S0
Q9UBQ0	H2RBF6
P0C7M7	H2RBV3
Q9H1R2	H2RCB5
Q9Y4F4	H2RDN3
Q5I0X4	H2RFW7
Q9ULJ6	K6ZW30
Q9P121	K7A8D7
Q765P7	K7AJC5
O14709	K7APN7
Q0IIM8	K7AUH0
P51553	K7AY59
Q3YEC7	K7AZ33
Q9Y6P5	K7B8T7
Q9UHL4	K7BC74
P16949	K7BI32
Q8TAC2	K7CSV4
P51991	K7DJX6
P53701	K7DKZ2
O95178	Q0MQC9
Q5EG05	A0A2I3RFR4
Q7Z7L8	A0A2I3RJJ0
Q9H9P5	A0A2I3RJU4
Q9NW08	A0A2I3RLS4
Q92772	A0A2I3RVP7
Q9NQV8	A0A2I3RW29
A0A075B6V5	A0A2I3RXT6
P17947	A0A2I3T454
P51810	A0A2I3T4A6
P55287	A0A2I3T5J8
O75920	A0A2I3TFB5
P98095	A0A2I3TFQ9
P60953	A0A2I3TL10
Q9HCE1	A0A2I3TLH9
O43593	A0A2I3TLP4
A8MQ14	A0A2I3TPQ0
A0A0J9YXV3	A0A2I3TS44
Q6P280	A0A2I3TSX8
Q8NCK3	A0A2J8JDP3
Q9BXU7	A0A2J8JSL1
Q9UM19	A0A2J8LYS1
O15335	A0A2J8MG31
P46977	G2HEN1
Q9HC21	G2HIB0
Q8TDY3	H2PXV4
P28906	H2Q118
Q14739	H2Q178
O14904	H2Q194
Q9P0M6	H2Q209
O75940	H2Q2K2
P11684	H2Q3V6
Q0P6D6	H2Q520
Q6ZXV5	H2Q6K7
Q70UQ0	H2Q6P0
Q0P6H9	H2Q9A1
O15014	H2Q9L0
Q96LW2	H2QCI3
Q9Y5U9	H2QEH8
Q9Y5X9	H2QEI5
Q8IUC4	H2QFZ6
Q86T29	H2QH13
Q9BWC9	H2QH75
O00566	H2QI35
Q13724	H2QI63
Q4G0U5	H2QIM5
Q7Z7H3	H2QJE6
Q9BYB0	H2QLY5
Q9BXB4	H2QN96
Q7Z3E1	H2QNM7
Q96KC9	H2QPL5
Q9BT78	H2QPT3
Q68DH5	H2QQR9
O95235	H2QRK1
Q96PL1	H2QRQ8
P46095	H2QTJ5
Q99489	H2QTJ8
Q5TF39	H2QTK4
Q9UBP5	H2QTP5
Q9NX62	H2QW71
Q8N239	H2QYE2
P32247	H2QZ61
Q5K4E3	H2R0E2
Q9HAH7	H2R153
Q5T8A7	H2R159
Q8NI08	H2R196
Q9Y6K8	H2R2P9
O60427	H2R2R9
Q8WV19	H2R313
O60880	H2R4K1
O43555	H2R949
Q969K3	H2RE11
Q8WWK9	K7A9E3
Q6SZW1	K7AVX3
Q9H2H9	K7B6S6
Q96H78	K7BC85
Q9Y5X3	K7BDP9
Q9NRL3	K7BYN8
Q8NCM8	K7CDZ6
P19419	K7CJD1
P55198	K7CND7
Q9NP50	K7CV52
Q9NUD9	K7DNW1
Q9NPG2	Q3KN66
P25686	A0A2I3RJP8
P54277	A0A2I3RPI6
O43865	A0A2I3RPS6
Q9UPE1	A0A2I3S3F0
Q9NZG7	A0A2I3SGM5
Q6ZNG0	A0A2I3SYU4
P04435	A0A2I3SZE5
Q9BPX1	A0A2I3T9G3
P0DP75	A0A2I3TEW7
Q8IWQ3	A0A2I3TPG5
A0A0A6YYK1	A0A2I3TTT9
Q9UKL3	A0A2I3TW06
Q9UBM1	A0A2J8J342
Q96F07	A0A2J8NK93
P01258	A0A2J8P594
A8K979	A0A2J8Q5V4
Q9UQ80	G2HIS6
P06132	H2PYW8
Q86VH5	H2Q1Y8
Q8N2H3	H2Q2E1
Q9NWW9	H2Q3Y2
Q86UB9	H2Q4I7
Q9NR20	H2Q590
P18846	H2Q5X1
Q9BVL2	H2Q7B2
P06400	H2Q7K0
O00410	H2Q7Q8
Q16667	H2Q8C0
O75326	H2Q9S6
Q9ULH7	H2QAL9
Q9H6Y7	H2QBZ2
P23515	H2QCM1
Q7RTS6	H2QDT8
Q8NCQ2	H2QEV3
O75792	H2QFH0
Q8WWY3	H2QH35
A6NI73	H2QH39
Q9BWM5	H2QHA2
Q9BWP8	H2QHD5
P61026	H2QHK2
Q07837	H2QHU4
Q9H9J2	H2QJI8
Q9BV94	H2QK90
Q9UDX3	H2QLH3
Q92997	H2QNU7
P12034	H2QPS2
Q7Z3T8	H2QR58
O15205	H2QSL3
P01920	H2QSR6
Q9NU22	H2QTE8
O75626	H2QTH1
P56880	H2QTY2
Q8IV56	H2QUC4
P10243	H2QW90
O15287	H2QX76
Q8IVF6	H2QXB0
P63244	H2QZD6
Q9UK61	H2R0J6
Q6ZNM6	H2R0J9
Q96DB5	H2R289
Q9NSG2	H2R2Z2
Q6ZNW5	H2R3E6
Q9NTI2	H2R475
Q9NQV7	H2R5H8
O43592	H2R7H3
A8MTL9	H2R7P0
A7E2U8	H2R9X0
P01023	H2RC06
Q99558	H2RC20
P0CJ74	H2REL9
O43747	K7B168
Q9UG01	K7B8Z3
Q8NFB2	K7BVU3
Q5FYB0	K7CJ45
Q8NB46	K7CMT6
Q86YT9	A0A2I3RDZ2
P19105	A0A2I3RIH5
Q9UHC6	A0A2I3RK24
Q9NR99	A0A2I3RQ50
Q14031	A0A2I3RZ64
Q9H9Y6	A0A2I3S2L7
Q14814	A0A2I3SAX9
Q8NEW0	A0A2I3SFY0
P22413	A0A2I3SPY7
A0A0B4J2H0	A0A2I3SUC8
P21964	A0A2I3SYL3
Q9Y6F1	A0A2I3SZJ2
Q16617	A0A2I3T4Q1
O75264	A0A2I3TCP7
Q86V81	A0A2I3TKX9
Q63HQ0	A0A2I3TQT7
A0A1B0GW64	A0A2I3TS24
Q9H0Z9	A0A2I3TUQ4
A0A0G2JLW4	A0A2I3TWE5
Q8TAX9	A0A2J8KGV5
P03973	A4K2P4
Q9UKF6	G2HFH0
Q9H0S4	G2HGR8
Q9H4A9	G2HIU8
P17025	H2PYV9
Q9NUJ3	H2Q3D5
Q8IUM7	H2Q466
Q13224	H2Q5I0
P55064	H2Q5W2
P78385	H2Q5Z2
Q86UY8	H2Q6R2
Q9Y244	H2Q7C9
P50281	H2Q7Z4
Q15796	H2QEH9
P43146	H2QEJ8
Q8TA94	H2QFF8
Q05215	H2QI47
P13521	H2QJI6
Q9BXW7	H2QL70
P13798	H2QMM0
P63316	H2QMR7
P09455	H2QNH2
Q6ZWB6	H2QPE1
O95715	H2QRJ0
P0C7A2	H2QS21
Q9HD26	H2QTM9
Q9NRH1	H2QUG5
P05937	H2QWE8
Q9Y6Q3	H2QXP9
O15431	H2QXQ2
P56177	H2QZL8
B0I1T2	H2R110
O60879	H2R1G5
Q6B0K9	H2R1M1
A8MQ03	H2R2J4
Q03518	H2R2Q4
Q9UJ42	H2R3S3
O75899	H2R3Y0
P11836	H2R5E3
Q2KJY2	H2R7Y5
P16422	H2R8U1
P0C875	H2RD03
Q6ZU52	H2RDX8
A1A5B4	H2RGF5
Q9Y6E0	K7AL57
O15031	K7B3F3
P42345	K7B4P2
Q9BVG8	K7BN79
O94804	K7C2M9
Q8TET4	K7CC93
Q9BV38	K7CE57
Q8WUA8	K7CWG4
P42127	Q1XGV7
Q99218	Q861X8
P04062	Q9BDT0
P15880	A0A2I3RBK9
Q8N7M0	A0A2I3RDF7
Q8NCR6	A0A2I3RIL6
O60806	A0A2I3RJU5
P17302	A0A2I3RQ65
Q13409	A0A2I3RRL1
Q9BUV0	A0A2I3RSY9
Q9Y2G2	A0A2I3RTL0
Q02078	A0A2I3S0F9
Q5HYJ3	A0A2I3S6T1
Q96JA1	A0A2I3S7D4
A0A1B0GVG4	A0A2I3SAG6
P18124	A0A2I3SQ40
P35813	A0A2I3STA3
Q7RTT4	A0A2I3SU77
Q8NBJ9	A0A2I3T993
P0DPE3	A0A2I3TAC8
Q52WX2	A0A2I3TQ93
C9JFL3	A0A2I3TUA0
Q92934	A0A2I3TX80
P16871	A0A2J8JSC3
Q96MM3	A0A2J8L7X1
P20794	A0A2J8MTK9
Q96Q35	A0A2J8N561
Q8TBZ5	A0A2J8PAN0
Q13751	A0A2J8QVK7
Q5BIV9	A2BDG1
Q14206	A5A6I8
Q13007	H2Q108
Q96LT6	H2Q124
Q9UMX5	H2Q139
Q86YD5	H2Q3F1
Q8NGE9	H2Q3P8
Q9NS15	H2Q433
Q6PCE3	H2Q4E1
Q13490	H2Q4M6
P30047	H2Q968
O43315	H2Q9I3
Q9H4L4	H2QC45
Q13207	H2QDL3
Q9BT23	H2QDN1
O60292	H2QG77
Q9UJT2	H2QGW2
O43924	H2QJL5
Q14508	H2QKF8
Q9NZ20	H2QLI2
Q9NS69	H2QLN9
Q8IYJ1	H2QM06
Q9H649	H2QMZ2
O43567	H2QNK4
Q9UJT9	H2QQN9
Q3ZCQ2	H2QQU2
O00472	H2QR91
P49069	H2QRI2
Q9ULW3	H2QSH8
Q4G0A6	H2QUD5
O00291	H2QUS3
O94830	H2QW15
P07711	H2QXF0
Q9Y573	H2R1P8
Q9NXH8	H2R2W6
P15311	H2R370
P06756	H2R6C3
Q8N158	H2RBR7
P43629	H2RC64
Q8IWV8	K7ADR9
Q14123	K7AUM1
Q86TL2	K7AWT7
O43187	K7B3M0
Q8NBW4	K7B7N6
Q96AC1	K7B954
O15554	K7BT53
P60983	K7BV28
O43463	K7BV56
Q6V0I7	K7CJ58
Q6P9H4	K7CKH7
Q16576	K7CYV4
Q9P2K3	K7D3S1
P12270	K7D5A9
Q9H2Y7	K7DGJ5
O15409	Q8MJA0
Q86Y79	A0A2I3RMH2
Q9BXT6	A0A2I3RNJ9
Q8IUG5	A0A2I3RVH0
P50052	A0A2I3S7W4
P48050	A0A2I3S9P0
Q9P246	A0A2I3SDZ3
Q9Y2R2	A0A2I3SEU6
P15169	A0A2I3SR55
Q6UXI9	A0A2I3TAM7
Q9H201	A0A2I3TBR5
A0A1B0GUY1	A0A2I3TJF0
Q96NL0	A0A2I3TUT6
Q96B26	A0A2J8MLI8
O15083	A0A2J8P806
P78396	G2HFV8
Q9BV99	G2HI00
Q96R05	H2PXZ3
Q96KC2	H2Q1P8
O95848	H2Q907
O60320	H2Q922
Q15650	H2Q9K9
Q8WV41	H2Q9U6
Q8IYM1	H2QAI5
P25713	H2QB50
Q99567	H2QC02
Q14258	H2QDH5
O00295	H2QGT1
Q92519	H2QHG3
Q9H902	H2QIA4
Q9NS40	H2QIW5
P13010	H2QJD3
Q13424	H2QK69
Q9Y3B1	H2QKP1
Q969S8	H2QLX7
A1A4F0	H2QNN0
Q13177	H2QP14
P35070	H2QPP5
Q9H082	H2QQ67
P00374	H2QR61
P38646	H2QRK8
O75751	H2QU04
Q8IUX7	H2QUI1
Q8IYE0	H2QUT8
Q8IZ16	H2QV28
P00540	H2QW68
Q9UQ26	H2QWJ7
Q14117	H2QWJ9
Q9UK96	H2QXA1
Q8IXL7	H2QZL3
Q2M385	H2R121
Q8NFR9	H2R1I7
Q5HY64	H2R4S2
Q9HCE7	H2R545
P22352	H2R580
Q96DS6	H2R5E5
Q9H2J1	H2R5Z0
Q68DL7	H2R6P8
Q8N2R8	H2R7V0
Q70EL3	H2R8E2
O43251	H2RD17
O95201	K7AXE4
Q8TDN6	K7BDK1
Q6ZT07	K7BPQ8
Q96FA7	K7BQW5
Q9P267	K7BRU5
Q7Z6M3	K7BY89
O14981	K7CDG3
Q5W0Q7	K7CS96
P54886	K7D0Y1
Q9UK32	K7D2H3
Q9H0M4	K7D4I1
Q8TBX8	K7DDT8
Q3B7T1	K7DL11
P01241	P58756
Q9Y5G9	Q5DRB6
Q9UN66	Q5DRC6
P05067	Q5IS80
Q7RTP0	A0A2I3RBU3
Q07075	A0A2I3RD03
Q9UHH9	A0A2I3RGI8
Q9BQS2	A0A2I3RJ29
Q9Y5X0	A0A2I3RKJ7
P43365	A0A2I3RMC3
Q96N64	A0A2I3RTM1
Q8N823	A0A2I3RYX7
Q14995	A0A2I3S658
P09017	A0A2I3SAW3
Q8TB22	A0A2I3SEK9
Q6TDP4	A0A2I3SJM2
Q96JN8	A0A2I3SSG4
Q9UPP2	A0A2I3SW02
O43173	A0A2I3SZH6
Q6P4A7	A0A2I3T3J5
Q5VVJ2	A0A2I3T5K9
Q53EP0	A0A2I3T6Y4
Q5T5N4	A0A2I3TBG0
P62899	A0A2I3TMX4
P0DKL9	A0A2I3TQS5
Q96RG2	A0A2J8IUW6
Q68DA7	A0A2J8JB39
Q70E73	A0A2J8N5K5
Q9BXJ2	A0A2J8NWG3
Q9HCG1	A0A2J8Q7D1
O00321	A0A2J8QHP8
Q9HB65	G2HJR5
Q6PIV7	H2PY40
O00482	H2Q0V0
Q8NG81	H2Q1H8
O60347	H2Q2A8
Q5VZQ5	H2Q2R0
Q9Y5Y4	H2Q3T0
Q8TDS7	H2Q4A7
P41594	H2Q4J0
Q9HAT2	H2Q512
Q9HCN2	H2Q540
Q5QGZ9	H2Q5E8
Q8NFM4	H2Q832
Q86UW2	H2Q9L7
Q08380	H2QE00
Q719H9	H2QED6
Q8N2U9	H2QER2
Q9Y257	H2QG80
A2RRP1	H2QHG4
P14778	H2QIG4
Q9HB29	H2QIG5
Q9P2E8	H2QJD4
Q9H9F9	H2QKC7
Q9H1P6	H2QKN3
O60704	H2QLE8
Q5SQI0	H2QSM2
Q8IWT3	H2QT22
P49640	H2QUC2
Q9BUA6	H2QV56
O75330	H2QZL6
P28289	H2R086
O95153	H2R113
Q8NEC7	H2R3L6
Q9P1P5	H2R6Y0
Q13085	H2R9M5
Q3MIP1	H2RAC3
Q9NX36	H2RAJ2
Q8NFT6	H2RCG6
Q6ZMB0	H2RCH0
B4DXR9	H2RG74
P17081	K6ZDK4
P51648	K7A0X5
Q7Z5J1	K7AN25
Q9BRB3	K7AP83
Q8TD55	K7BB18
Q9HD40	K7BSH1
Q13232	K7BSW8
P41229	K7CC05
Q9P0W2	K7CYZ5
Q9UPN6	K7DIR5
Q7Z4S6	A0A2I3RD63
P38919	A0A2I3RG70
A0A286YEX9	A0A2I3RHE1
Q9BV23	A0A2I3RNM9
Q9H0F7	A0A2I3RPA7
P25021	A0A2I3RRR1
Q96K78	A0A2I3RTE0
Q5W041	A0A2I3RVQ5
P62424	A0A2I3S962
Q9NQS3	A0A2I3SDV6
P54826	A0A2I3SJR6
Q8NGY9	A0A2I3SQB0
Q9Y4G8	A0A2I3SQG1
Q9Y6M0	A0A2I3SRK3
Q8N9W4	A0A2I3SSL6
A0A5B6	A0A2I3SZD5
Q5SYE7	A0A2I3T3B2
P29508	A0A2I3TH08
Q9UN81	A0A2I3THZ4
O15327	A0A2J8K2X7
Q9H0W9	A0A2J8L1N6
Q8WZ84	A0A2J8N1S1
H0YL14	A0A2J8NA19
A1YPR0	A0A2J8NED9
Q8NE71	A0A2K6HP22
Q5VZ18	H2Q054
Q8WWB7	H2Q094
P54821	H2Q0L1
Q4LE39	H2Q1D6
O60478	H2Q1E1
Q8IYB8	H2Q204
Q9HAC8	H2Q2D0
Q8NGH8	H2Q312
Q12918	H2Q5E1
Q92616	H2Q702
Q15714	H2Q7I4
Q9Y625	H2Q7P6
P23284	H2Q9K6
P50213	H2Q9W0
Q92508	H2QBQ5
P13929	H2QBZ4
Q8NG50	H2QCQ8
P35900	H2QCX5
P35527	H2QCZ6
Q8N1G1	H2QEV1
Q9Y2H9	H2QFH2
Q9NQZ8	H2QH93
O00338	H2QII2
Q6DCA0	H2QIP5
Q9BSF0	H2QJ53
Q9BRP0	H2QK02
Q9H7V2	H2QK38
P22760	H2QNL7
P62068	H2QPG6
O75496	H2QSE1
Q13641	H2QTB7
Q9H0U6	H2QTZ8
Q9H2L4	H2QUU2
Q8TAP8	H2QV27
Q9H8N7	H2QVY9
P48745	H2QWM5
Q99933	H2QX50
P24821	H2QXR9
Q13011	H2QZX5
Q7Z2W4	H2R0U7
Q9BW91	H2R3N3
Q6PEX3	H2R3Y2
O15146	H2R6F7
P49223	H2R8W9
Q96MU7	H2RA35
A4FU69	H2RDY2
Q9Y3C5	H2RHP1
Q9HAV5	K7ARJ9
Q86YR5	K7BBK2
P52209	K7C115
Q16531	K7CJ83
O14668	K7D2R6
O95299	Q0MQB7
O75840	A0A2I3RAR5
Q53S58	A0A2I3RBM3
Q92841	A0A2I3REK7
O43663	A0A2I3RHD3
Q9Y576	A0A2I3RJ49
Q16236	A0A2I3RJN9
Q8WVF5	A0A2I3RJP4
P04075	A0A2I3RKA0
Q8N9H8	A0A2I3RTK6
Q96JA3	A0A2I3RWC3
Q9UBK2	A0A2I3RXX1
Q9Y6M1	A0A2I3S230
Q86VP1	A0A2I3SDG5
Q96J77	A0A2I3SKU3
Q9Y216	A0A2I3SMK6
Q9BUY5	A0A2I3STQ8
O75865	A0A2I3SVF1
Q86VF2	A0A2I3TH56
Q9UKP3	A0A2I3TIF2
Q5H9F3	A0A2J8LE89
Q9BQ31	A0A2J8NLN6
P50461	A0A2J8P4N6
Q8N6Q1	A0A2J8QDA4
Q9NV64	G2HEW8
P54920	G2HHR6
Q96NW7	H2PZ79
Q15427	H2PZV8
Q92542	H2Q0E4
Q5T5J6	H2Q0S4
Q9ULK0	H2Q269
Q8NGH5	H2Q313
O95967	H2Q445
O60343	H2Q7N2
Q13596	H2Q9K4
Q15572	H2QBM1
Q96NB3	H2QCN8
O76015	H2QCY8
Q9H840	H2QGK7
P52701	H2QHW0
Q9BR10	H2QKH4
Q9UIH9	H2QN98
Q13200	H2QNV3
O43511	H2QV81
Q9UBN6	H2QVW0
Q9Y3T6	H2QVW3
Q7Z5G4	H2QW28
Q9BU70	H2QXJ5
Q8TBJ4	H2QXL5
Q8NH94	H2QXU2
Q96I24	H2QY19
Q15120	H2QYF0
Q6ZMY3	H2R1B9
P49917	H2R1R7
P49407	H2R1Z2
Q8WVX9	H2R2T3
Q5FWF6	H2R3J8
Q14315	H2R4Y6
Q96MU8	H2R709
Q2M389	H2R755
O15151	H2R875
P57055	H2RAI6
Q5MJ70	H2RBQ6
Q70IA6	H2RCI8
P80370	H2RDH4
A0PG75	H2RE56
Q8WXS3	K7A470
Q15125	K7ABJ3
Q9BV20	K7B455
Q15293	K7BDK0
Q99595	K7BLD9
Q8TB03	K7BQZ6
P55197	K7CQC4
Q8TBN0	K7CV42
Q96DB9	K7CX45
Q9UQF0	P61563
P05543	P61640
Q93070	Q95NE0
Q587J7	A0A2I3RGM6
A0A075B6J6	A0A2I3RJT3
A0A5A6	A0A2I3RX17
Q99417	A0A2I3S441
Q5H9U9	A0A2I3SEJ5
Q15465	A0A2I3SFH2
Q8WUG5	A0A2I3SLD3
Q9BS31	A0A2I3SND5
A0A1W2PR75	A0A2I3SQT0
A0A0B4J1T7	A0A2I3SRC3
Q9Y3R0	A0A2I3SUD2
P50993	A0A2I3SY15
Q10713	A0A2I3TE57
Q9UPW8	A0A2I3TH73
Q5HYJ1	A0A2I3TID7
Q14CN4	A0A2J8KDF1
Q01344	A0A2J8M0G0
Q9UM13	A0A2J8MU82
O97980	A0A2J8NJ13
Q6MZM9	A0A2J8PF68
Q96R48	A0A2J8QUK8
P55211	H2PY35
Q9UNK4	H2PY79
Q7Z6W1	H2PYR8
Q12889	H2PZN2
Q5VYY2	H2Q283
Q9H422	H2Q3D7
P08620	H2Q4B4
Q3ZCN5	H2Q6J1
Q5JS37	H2Q7G1
Q96K75	H2QIC0
Q6ZP80	H2QIH1
Q96RU7	H2QJS5
P15018	H2QLG8
Q9NZI7	H2QM95
Q0PNE2	H2QMI3
Q6PIZ9	H2QN26
Q15928	H2QP24
Q6ZSB9	H2QP57
Q9NXF7	H2QP99
Q9Y6R1	H2QPM4
P02776	H2QPN6
Q9NVA2	H2QPR2
Q9P273	H2QQH0
Q8N4S9	H2QR12
Q5T0W9	H2QT81
Q9NTX7	H2QTP9
Q9NWF9	H2QU50
P01563	H2QX26
Q96LT7	H2QX41
O76074	H2R206
Q8N7M2	H2R271
Q5K651	H2R565
Q695T7	H2R5Q3
Q6P995	H2R6C2
P23468	H2R6T3
P36508	H2R7D7
Q7Z4S9	H2R8R0
Q6UXZ4	H2R9V2
Q8N131	H2RB84
Q8N2A0	H2RBX4
O95562	H2RCN0
P02810	H2RI84
Q4W5G0	K6ZF49
P20020	K6ZJR8
Q86X95	K7AK75
Q9Y3E7	K7AR37
Q9H0V9	K7AWN4
Q96K62	K7AYK2
P61962	K7B4V7
Q969G6	K7BEG2
P09874	K7C230
Q9BSH3	K7C5V2
P58005	K7CXR4
P55789	K7CYB3
Q9C0A6	K7D0P7
Q96QC0	Q7YR38
Q8WXE1	A0A2I3RA73
Q9BYP8	A0A2I3RFP3
Q6ZVH7	A0A2I3RNJ3
Q86UD0	A0A2I3RPZ1
Q9P003	A0A2I3RRN6
P30872	A0A2I3RUZ1
Q8N7B6	A0A2I3RV56
Q8N5Z5	A0A2I3S512
Q96JP5	A0A2I3S6X4
O75783	A0A2I3SCR2
Q8WU68	A0A2I3SH06
Q96HA1	A0A2I3SLX6
Q01415	A0A2I3SY22
P46063	A0A2I3T3X7
Q6TDU7	A0A2I3T461
Q684P5	A0A2I3T5J2
P22033	A0A2I3TK08
Q6NT55	A0A2J8LU84
Q5VTB9	A0A2J8LZZ1
O00451	A0A2J8N9F0
Q9NYG8	A0A2J8QCT9
Q9H1E5	G2HF19
Q8NBI3	H2PY09
Q9NW97	H2PY32
P23759	H2PY64
O75844	H2PYR9
Q6V0L0	H2Q2A1
Q5W0V3	H2Q2L9
P59044	H2Q2U4
Q6ZRK6	H2Q3D1
Q13606	H2Q3L7
Q9UJ78	H2Q791
P51164	H2Q7U5
P19113	H2Q9E8
O15273	H2QCU8
Q9Y2P0	H2QH86
Q8TEA8	H2QK09
P57078	H2QL20
O75841	H2QN51
Q9H300	H2QNU1
Q8IVL5	H2QNY6
Q8TBM8	H2QPY2
Q96CG3	H2QQ19
Q9ULJ7	H2QQ51
Q96P44	H2QT85
Q99715	H2QTA4
Q5SYC1	H2QTP1
Q05209	H2QUU0
Q8WUU5	H2QUX3
Q9Y6Z7	H2QWM4
O95388	H2QWR3
O75475	H2QX09
Q6TFL3	H2QX10
P49682	H2QYS8
Q14320	H2QZA9
P08727	H2R114
Q13231	H2R192
Q9NY91	H2R1F0
P62847	H2R1R8
Q969F0	H2R4H8
Q96BT7	H2R4Z9
Q96RR1	H2R7G8
Q6ZSJ9	H2R9J4
P29033	H2RAA6
Q49AG3	H2RFM5
Q9Y6H6	H2RIF9
Q9BSJ8	K7AVH2
Q14558	K7BXX0
P04035	K7C0P4
Q8N6T3	K7CBP8
O43390	K7CJ97
Q9P055	K7CYZ8
O95571	K7DJI0
P59022	P59023
O43677	Q0MQF6
P29372	A0A2I3RCT7
Q9Y5X1	A0A2I3RM97
Q969Z4	A0A2I3RVY6
P26045	A0A2I3RXH4
Q8TEL6	A0A2I3SEJ3
A0A075B7D8	A0A2I3SFN3
Q7Z614	A0A2I3SIU6
Q5HYL7	A0A2I3SN50
A2RUR9	A0A2I3SPV2
B1ANY3	A0A2I3TGW7
Q9BYH1	A0A2I3TS57
O60237	A0A2I3TTP4
Q1ZYL8	A0A2I3TVJ2
Q6ZQY3	A0A2I3TW53
Q15019	A0A2I3TWN7
Q8TEZ7	A0A2J8P0W9
P31151	A0A2J8Q3N5
Q9UFF9	G2HED2
O94782	H2PZ55
P46777	H2PZE6
Q8TAA9	H2PZR2
Q8N468	H2Q0Z4
P53992	H2Q241
Q9C0I9	H2Q2T1
Q9H2C8	H2Q2Z5
P45452	H2Q4N4
P21860	H2Q675
Q96S07	H2QA89
P11215	H2QB02
Q6P9G0	H2QC60
Q8TCT1	H2QDD1
Q15428	H2QEW0
Q8TAQ5	H2QG67
P40198	H2QGE7
Q96RL6	H2QGX1
Q17RS7	H2QHG9
P13995	H2QI58
Q9Y366	H2QKD8
Q8IZ69	H2QL94
Q9Y2C4	H2QMB4
Q99574	H2QNP5
P12757	H2QNQ5
O75711	H2QQF8
Q8IU60	H2QRB9
Q9HCH3	H2QSX0
Q5TDP6	H2QT92
O60281	H2QTD2
Q96JY6	H2QVV2
Q15390	H2QW85
Q99575	H2QWH6
Q8IZ26	H2QWY0
Q9P0K9	H2QXN8
P10599	H2QXP0
Q8NE28	H2QZQ8
O76021	H2R129
P23771	H2R285
P50395	H2R4A9
Q687X5	H2R574
A6NLW8	H2R5U0
Q99572	H2R737
Q6UWQ5	H2R7R3
Q6UXZ3	H2R9E5
Q6ZWL3	H2R9W8
Q9BQ66	H2RCS9
P0C7W0	H2RFE9
Q2NKX9	H2RFK3
P0C7L1	H2RHB8
P36776	K7AF68
P01112	K7ALD7
P36957	K7BEL6
Q66LE6	K7BV01
Q6ZVM7	K7C4A4
Q8WVD5	K7CFP4
Q9UPY8	K7CLN8
P36404	K7CT71
Q9NVD7	K7DA60
Q6TFL4	K7DKV0
O75909	A0A2I3RAP8
Q9UPS6	A0A2I3RBF6
H3BRN8	A0A2I3RFW1
P83731	A0A2I3RK05
O95221	A0A2I3RY78
Q5VV52	A0A2I3S2Y2
Q6ZWJ8	A0A2I3S5A1
Q96L42	A0A2I3S5Z0
Q7Z7A4	A0A2I3S9L0
P32246	A0A2I3SLL0
Q15853	A0A2I3SM74
Q13398	A0A2I3SQZ8
Q07283	A0A2I3SU98
A8MTJ6	A0A2I3THB7
P0C6C1	A0A2I3TJP8
P30519	A0A2I3TPT8
A6NGY1	A0A2I3TPU0
A6NIN4	A0A2I3TS87
P23416	A0A2I3TSA1
Q8N944	A0A2J8IRN5
Q9UM00	A0A2J8LM17
Q16655	A0A2J8M4U8
Q6UWE0	A0A2J8NBT4
Q9UM54	A0A2J8PVS5
Q92989	G2HID9
P23510	H2Q0M4
Q07960	H2Q3I0
Q8NGF8	H2Q3J7
Q6B0B8	H2Q429
Q01081	H2Q4C7
Q9UKU7	H2Q559
Q8NEU8	H2Q6S0
Q8TAV4	H2Q7G0
Q9Y4R8	H2QAA3
O43745	H2QAS5
A5YKK6	H2QB87
P53602	H2QBQ1
Q9NYR9	H2QD11
Q9UBT2	H2QG08
P24310	H2QG60
P50053	H2QHL3
P12643	H2QJY1
Q9Y312	H2QKA2
A5PLL7	H2QKK1
Q3LI83	H2QKX1
Q96HV5	H2QNW4
Q96G03	H2QPB9
P48169	H2QPE7
Q9H9B4	H2QS19
Q5SRI9	H2QTF2
Q9P0M2	H2QTQ9
Q400G9	H2QU41
Q7Z7H5	H2QUI6
P05121	H2QV47
Q8NB91	H2QYB4
Q6PEV8	H2QYY6
P29084	H2QZJ1
O75832	H2R235
P14091	H2R344
Q8N7X1	H2R4L4
Q8TDR0	H2R5X7
O15120	H2R617
Q14590	H2RCI3
O95780	H2RDB6
A6H8M9	H2RER8
O75078	H2RGM1
Q4G0M1	H2RHA7
Q8WWM9	K7AH89
Q9BQT9	K7AU93
Q9NTJ3	K7BMF4
O94988	K7C714
Q9Y2G3	K7CSL1
P01019	K7D4U3
Q9H6K1	K7DPL6
P07203	Q0EFA0
P09693	A0A0B4J2I4
Q16548	A0A2I3RA26
Q7L1Q6	A0A2I3RKV6
Q8NB15	A0A2I3RQ74
Q8ND82	A0A2I3RSX2
Q9P2P1	A0A2I3S339
Q8N573	A0A2I3SAK4
Q06455	A0A2I3SCI0
Q5VVQ6	A0A2I3SDL2
P20336	A0A2I3SM83
I3L1E1	A0A2I3ST92
A6NCF5	A0A2I3SUT8
Q6ZU69	A0A2I3SXK4
Q709C8	A0A2I3T5F7
A6NM28	A0A2I3TA29
Q8IXT5	A0A2I3TAC6
Q6UYE1	A0A2I3TIS9
P52655	A0A2I3TKG9
Q6NVV9	A0A2I3TXJ1
Q8NA57	A0A2J8MIK5
Q9NQC7	A0A2J8MWW9
Q9NQS5	A0A2J8Q0Y3
Q4G0G5	A0A2J8QH03
P56279	A0A2J8QMC6
Q05048	G2HEA5
Q5VWP2	G2HIG9
Q7Z7J9	H2PY84
Q8N2I9	H2PYN3
P42566	H2PZ06
P15941	H2Q072
Q13753	H2Q0R2
P68133	H2Q1A9
Q86XS5	H2Q4M1
Q9UP79	H2Q549
O15528	H2Q6C4
Q3T906	H2Q6Q4
P49753	H2Q8K3
Q86TU7	H2Q8W7
Q9H223	H2Q987
Q96ES7	H2QAU3
Q9ULP0	H2QB85
A6NHQ4	H2QCS9
Q9NWM3	H2QDI2
Q5U5Q3	H2QEJ7
Q9UDY8	H2QEL2
Q8WVT3	H2QHD9
Q9C0J8	H2QIP3
P07093	H2QJI9
O60469	H2QL16
Q96MT7	H2QN45
Q70EK8	H2QQ33
Q9UJV9	H2QS42
P04908	H2QSF5
P21709	H2QVJ8
Q8N6M0	H2QWF2
Q9BXY8	H2QYY0
O15239	H2QZ22
Q8TCU5	H2QZZ2
Q9BXW4	H2R228
Q86W11	H2R2W3
Q8TCN5	H2R364
Q9HAW4	H2R4F8
Q6PP77	H2R4N2
O00408	H2R546
Q86SM5	H2R5M7
P05090	H2R7U9
Q9BXA5	H2R7Z4
Q8IZS8	H2R883
Q08AG7	H2RA31
Q2VWA4	H2RCP4
Q8WVZ1	H2RDX9
Q9GZS9	H2REU2
A0A1W2PPF3	H2RI11
Q8NFJ5	K6ZI87
O14653	K6ZRW3
O95198	K7BEC9
Q5SW96	K7CYA0
Q9BZR9	K7D9X7
O94916	K7DKR3
Q9Y5E7	Q5DRD2
P17038	A0A2I3RDF9
Q9NQA5	A0A2I3RLG1
Q6PGQ7	A0A2I3RZS2
Q9BUR4	A0A2I3S6R9
Q8NFP9	A0A2I3S7H5
Q1A5X6	A0A2I3SE53
Q8N344	A0A2I3SG18
Q7Z4L9	A0A2I3SRS7
Q56UN5	A0A2I3SYV5
Q86X24	A0A2I3SZZ3
Q96T25	A0A2I3T351
P98175	A0A2I3TCS5
O43613	A0A2J8IYQ0
P31943	A0A2J8JTN0
P05787	A0A2J8KDC3
Q8N9E0	A0A2J8KTC3
A6NH52	A0A2J8L9W0
Q9BWT7	A0A2J8LP58
P0C7I6	A0A2J8LVV0
P56539	A0A2J8M0Q6
Q9NS85	A0A2J8MFN8
A0A1B0GTK4	A0A2J8N5R3
Q9UKY1	A2T771
Q99460	G2HJQ1
Q5T6C5	H2PZK5
Q9BTT0	H2PZW2
Q969G2	H2Q0P9
Q9UI47	H2Q1Y7
Q03426	H2Q6U7
Q86TS9	H2Q7Z3
P78540	H2Q8H7
Q86U10	H2Q8Z8
Q8IY92	H2QAH0
P04278	H2QC52
Q6PK18	H2QE51
O95365	H2QF05
Q96BF3	H2QF12
Q8IXR5	H2QID8
Q8N5M9	H2QM11
Q8NDZ4	H2QNJ2
P04196	H2QNX1
Q14469	H2QNZ9
O14944	H2QPP3
Q92572	H2QRC8
O00244	H2QRU4
P21728	H2QS18
Q9P0S9	H2QSA6
Q9HB96	H2QSV6
Q9NYF8	H2QTS9
A4D1U4	H2QVI3
Q3YBM2	H2QVM0
Q8IXQ4	H2QZG2
Q86YV5	H2QZR5
Q8TC26	H2QZX4
Q14D04	H2R137
Q9Y5Z0	H2R1L7
O00458	H2R281
O43320	H2R396
Q9UQ16	H2R413
Q6PJP8	H2R4B0
Q96JA4	H2R5E4
Q86TJ5	H2R6H7
Q8IUE6	H2R8P5
Q504U0	H2R9X3
Q93097	H2RAM0
P04808	H2RB25
Q9NRP0	H2RD97
Q14194	H2RDF9
P62341	H2RHW0
O94842	K7A7G8
O95271	K7B8U9
P54725	K7B945
Q92685	K7CIW6
O60673	K7CR36
Q9UJK0	K7CY94
Q9HAP6	K7D105
P40937	K7D694
Q9NR77	K7DGW5
O95182	Q0MQA8
Q5MJ07	Q6SJ91
Q13042	A0A2I3RDI6
Q8N1G0	A0A2I3RUI7
P13637	A0A2I3RVB4
Q8WXI2	A0A2I3SNP7
O43432	A0A2I3SYF5
P28347	A0A2I3T3V6
Q9NR96	A0A2I3T3V8
P17021	A0A2I3T8K0
Q8WWZ4	A0A2I3TB08
Q9BUQ8	A0A2I3TEH8
Q8N878	A0A2I3TG88
O75912	A0A2I3TL00
Q15389	A0A2I3TSA7
P08912	A0A2J8JB58
Q96NG8	A0A2J8JLK3
Q8NGY6	A0A2J8K5P7
Q5JPB2	A0A2J8KMQ6
Q9BX26	A0A2J8KMR9
Q16222	A0A2J8LM76
Q96AQ2	A0A2J8LZH9
Q92752	A0A2J8N700
O75830	A0A2J8P1S2
P78344	A0A2J8P5G9
Q5FVE4	G2HJ69
Q96T58	H2PY42
Q68CQ1	H2PZ36
P49189	H2Q0I5
Q86TE4	H2Q3B4
Q8NG75	H2Q3M4
Q8NGI4	H2Q3R0
Q8IXT1	H2Q4H6
P56817	H2Q4U8
P46527	H2Q5H2
Q9ULD8	H2Q5V5
Q9UKK3	H2Q7A7
Q9Y5B9	H2Q7Y1
Q7Z4Q2	H2QB28
P78423	H2QB68
Q9NZC7	H2QBK1
P57678	H2QBT1
Q12887	H2QCB0
P25391	H2QE84
Q9BUF7	H2QF51
O95665	H2QHG1
Q9Y6C2	H2QHL2
Q9H8Y8	H2QIY8
P05060	H2QJX6
P57057	H2QL31
Q15051	H2QN72
Q02083	H2QPQ0
Q8WUY9	H2QQY2
Q86Z20	H2QR09
P00748	H2QS39
Q8NBJ7	H2QUM0
P16435	H2QUS7
Q9HBW1	H2QVB4
P21246	H2QVF8
P13667	H2QVK7
Q9NR45	H2QXJ8
O75346	H2R0F1
Q8TD86	H2R2H8
Q8NGY1	H2R2R1
Q9NX47	H2R4C6
Q8NGM8	H2R4X1
Q8NH60	H2R5M0
A0A075B6H5	H2R6Q5
P80098	H2R9L7
Q96DA2	H2RFM9
A8MZF0	H2RGR0
Q9UPT9	K6ZEZ3
Q8NF99	K7AAB1
Q13084	K7B5D6
Q14344	K7B5J5
Q15758	K7BJW4
P11441	K7BZ48
Q96F86	K7C295
Q15034	K7C830
Q9NRZ5	K7CHI9
Q9H4Z2	K7CQ46
Q9BVK8	K7D7N4
Q93091	O46525
Q9Y5E3	Q5DRC8
P50406	Q5IS65
O15194	A0A2I3REJ0
O60684	A0A2I3RHW2
A0A286YFG1	A0A2I3RI83
E9PAV3	A0A2I3RIE9
Q8IVT5	A0A2I3RMV3
P41181	A0A2I3S3K4
P98088	A0A2I3SAQ5
Q15063	A0A2I3SNS9
Q969H4	A0A2I3SX14
Q8NCR9	A0A2I3T2B3
A2A3N6	A0A2I3TFE0
P38570	A0A2I3TFS6
Q9BRG1	A0A2I3TLV0
O95416	A0A2I3TV57
Q9GZS0	A0A2J8KC38
Q9BX51	A0A2J8KX22
Q8N3Y3	A0A2J8LHH1
Q86SE8	A0A2J8N9D9
Q96PC3	A0A2J8NFR8
Q5VX52	H2PZA7
P52798	H2Q065
O95568	H2Q0K6
A1L453	H2Q193
Q9H467	H2Q2H4
P37837	H2Q2V7
Q8ND30	H2Q340
P21926	H2Q598
Q01546	H2Q603
P30825	H2Q7D2
Q9HCK8	H2Q7Y2
Q8N9Y4	H2Q8U4
P25789	H2Q9W6
Q8NGB8	H2QA61
Q96QU8	H2QAT9
Q9Y3D0	H2QBA5
Q96M95	H2QC85
P17509	H2QDC2
Q9NZ43	H2QFQ2
Q9UK11	H2QGI9
P55957	H2QL73
Q9UMW8	H2QL77
Q04917	H2QLJ0
Q03431	H2QMH6
Q96A44	H2QNH7
Q13144	H2QNU5
Q9NW64	H2QRT5
Q9Y253	H2QT29
Q5SZJ8	H2QT87
P20711	H2QUK8
P61981	H2QUT2
O43913	H2QV68
Q96JM2	H2QXN1
Q5MJ08	H2QZ71
O95969	H2QZK0
Q8NBQ5	H2R338
O75153	H2R433
Q9UHI7	H2R488
Q9NP90	H2R4M3
Q17R31	H2R844
Q8NFZ4	H2R9S9
A4D2B0	H2RBA2
Q9ULG6	H2RC54
Q9H5Y7	H2RCK8
P49716	H2RH65
P0DSN6	J7M7S7
Q14656	K7A1F4
Q16595	K7ALT0
Q9Y2Q3	K7AVJ3
Q9BRP8	K7B106
Q9BPW5	K7B2E1
Q16842	K7B413
P23142	K7BA97
Q96F44	K7BVH2
P61081	K7BZJ3
Q969P5	K7CFG5
Q14241	K7CFJ1
P49841	K7CFX8
P30305	K7CRL4
Q96IF1	K7CVG2
P83111	K7CYM3
Q99619	K7CZ22
P43681	Q5IS77
P0CW23	A0A2I3RFD3
Q8IY22	A0A2I3RG01
Q8IYL2	A0A2I3RKI1
Q9UKA8	A0A2I3RLW5
P41743	A0A2I3RQJ8
P42261	A0A2I3S455
P23763	A0A2I3S8Y3
Q9NTN9	A0A2I3SHP4
Q9Y2D8	A0A2I3SJM4
A5PLK6	A0A2I3SLZ3
Q86XL3	A0A2I3SS36
Q8NFA2	A0A2I3SUD7
Q13228	A0A2I3SVC4
Q96D70	A0A2I3SWN1
A0A286YF18	A0A2I3SWU4
Q9UK73	A0A2I3SXM4
Q8TED0	A0A2I3T8K1
Q58FG0	A0A2I3TB82
P16499	A0A2I3TBA3
P52630	A0A2I3TRE4
Q86TI4	A0A2I3TRJ1
Q9HBB8	A0A2J8JVU3
Q3ZCT8	A0A2J8KAP5
Q8IV36	A0A2J8KBQ3
Q8NHV4	A0A2J8N0J9
Q4ZG55	A0A2J8NLU0
Q9UBC9	A0A2J8Q3R0
Q92876	A0A2J8Q6K5
Q13510	A5A6P2
Q9BWX1	G2HGP1
Q7Z2T5	G2HHV3
Q04206	G2HHW9
Q13148	H2PY00
O14645	H2PYP2
Q92806	H2Q0D9
O43264	H2Q4S8
Q6ZNG2	H2Q5R6
Q9BVA6	H2Q6T3
O75829	H2Q7M0
P30411	H2Q8W1
Q8N0W3	H2QBG3
Q8IUH8	H2QD93
Q13253	H2QDH3
Q14197	H2QDU2
A6NC57	H2QE98
Q9Y2L5	H2QEE8
P48595	H2QEN6
P23327	H2QGU1
O60266	H2QHJ5
O00487	H2QIW0
P12111	H2QJP2
P21549	H2QJR0
P53370	H2QQ48
P42285	H2QQX1
Q9Y333	H2QSP4
Q8IVD9	H2QUI4
Q6NTF9	H2QUS6
Q96M69	H2QVE5
Q13115	H2QVZ4
Q9H898	H2QW27
Q7Z7L7	H2QXZ8
Q6P4D5	H2QZ53
P30050	H2QZG4
Q9Y2J4	H2R0G9
Q6ZPD9	H2R0M5
Q8N3K9	H2R0W2
Q9C093	H2R2M7
Q9H9Q2	H2R2N2
Q15311	H2R6U9
Q99732	H2RAD4
A0A0J9YX57	H2RFB4
Q8N5B7	K7A180
Q8WY22	K7A2P4
P28370	K7AK55
Q13247	K7ASG4
Q15750	K7BF14
Q96EA4	K7BPR4
Q96GP6	K7BS94
Q8WXI4	K7BZE0
Q6DN14	K7DC22
Q9BRZ2	K7DH24
P11474	K7DJ98
P12273	P60989
P49821	Q0MQI6
Q8N690	Q30KK8
Q8IWY4	A0A2I3S0K6
Q8NDW8	A0A2I3S0X9
Q14188	A0A2I3S6N6
P36543	A0A2I3SH76
O75886	A0A2I3SHH0
Q6YHU6	A0A2I3SMS0
Q9NZ81	A0A2I3SQR7
Q9Y3Y4	A0A2I3T6C4
Q96P16	A0A2I3TAW6
H0UI37	A0A2I3TFD5
Q9C0B2	A0A2I3TGG2
Q9UM44	A0A2J8MXH1
O14626	A0A2J8P2J9
O43914	A4F4L0
Q96M20	G2HE08
Q14990	G2HE25
Q8N2A8	G2HE65
Q08170	H2PYI1
Q8N1Q8	H2PZZ9
Q8N349	H2Q1H5
P00439	H2Q6R0
Q9P2R7	H2Q7J7
O00161	H2Q995
Q86UK7	H2QAB9
Q04695	H2QCZ8
P08138	H2QDD4
Q86T90	H2QEG3
O43396	H2QEK5
Q9NY74	H2QI02
Q9BYG3	H2QIN2
P10747	H2QJ99
Q9H112	H2QK30
P05452	H2QMF6
Q16877	H2QMJ4
O43818	H2QMQ3
Q7L0Y3	H2QN11
Q9BY44	H2QNK8
Q9UL40	H2QS33
Q6NYC8	H2QSM4
P24863	H2QTG2
O95025	H2QUV2
Q8IXQ3	H2QXC8
P61106	H2QXT2
Q8NGR4	H2QXU5
Q5VV63	H2QZQ6
Q9NXH9	H2R3Q5
P29374	H2R3R4
P14209	H2R4U1
P00746	H2R6K0
Q9UGC6	H2R6V7
Q9UFE4	H2R7X1
P32019	H2R981
Q99678	H2R9N3
Q5VZY2	H2RBP3
A8MV65	H2RD02
Q96A99	H2RHT5
Q9BQ24	K6ZAX9
Q9H0J9	K6ZER9
Q76N32	K6ZRT4
Q9P275	K7ALA5
Q9HAS0	K7BTF4
Q8N5Y2	K7BWJ5
Q96MW5	K7CR24
Q9NWZ5	K7CT77
P35556	K7CZX0
Q9NRW1	K7D0Z4
Q7Z2X4	K7DGI2
Q9BQ83	K7DH03
A6NLJ0	K7DMS8
P81534	Q95JD2
A8MYZ0	A0A2I3RAL5
P48546	A0A2I3RBA7
Q8WVI0	A0A2I3RKJ1
Q13505	A0A2I3RL11
Q8IWY9	A0A2I3RM03
A0A1B0GVM6	A0A2I3RQW2
Q13099	A0A2I3RWW3
H3BR10	A0A2I3SDN0
A8MT66	A0A2I3SFJ6
P30046	A0A2I3SJP7
Q8WWM7	A0A2I3SS27
A8MXQ7	A0A2I3SST4
Q6P050	A0A2I3SVK5
Q6UB28	A0A2I3SY62
Q6P5X7	A0A2I3SYI0
O95006	A0A2I3TE58
P06396	A0A2I3TEG4
Q8NCU8	A0A2I3TF21
Q8WYA6	A0A2I3TNK7
Q5VTL7	A0A2I3TRN0
Q86YH2	A0A2J8IMV0
O00548	A0A2J8JA34
P51170	A0A2J8JK94
P01222	A0A2J8JRX0
Q6A162	A0A2J8KGG8
P16050	A0A2J8KQU9
Q8NCR3	A0A2J8L0M7
Q8NBI2	A0A2J8LD58
A6NP61	A0A2J8MLP0
Q8TAL5	A0A2J8NCW2
O75414	A0A2J8PA11
Q8NDQ6	A0A2J8QID8
Q8NAP8	H2PYK7
Q9NZQ9	H2PZY2
Q9BTE3	H2Q2P0
Q53GQ0	H2Q3G0
Q9UKI9	H2Q4Z2
O14757	H2Q525
Q9Y616	H2Q6E9
Q9NQS1	H2Q934
Q9NPA0	H2Q936
P12882	H2QCA0
O14836	H2QCC6
P03971	H2QEW1
P54368	H2QEW3
Q9HA82	H2QF79
P27797	H2QFH8
P07316	H2QJB2
P25100	H2QJW8
Q8IYW4	H2QLQ9
P04899	H2QMN4
Q8N398	H2QNV0
Q8NI17	H2QQX5
Q9Y6X4	H2QR33
Q9HAD4	H2QR46
Q9Y6B6	H2QRI1
Q96B45	H2QZX9
P0DTE4	H2R065
Q5U5Z8	H2R0I0
Q5VZP5	H2R3E8
O94989	H2R3P8
P51809	K6ZLE4
Q9Y3S2	K7AWH3
Q99788	K7B076
Q9NR46	K7B3U5
Q9NZL4	K7B582
P51157	K7BAC3
O43896	K7BP32
Q08397	K7BR49
O75570	K7BZR0
Q5VV67	K7CB08
O75376	K7CCK0
Q92738	K7CRF1
Q5T4D3	K7CUJ1
O43808	K7CVJ1
Q86WH2	K7D8Q9
Q69YN4	K7DBQ4
Q99638	K7DL38
Q6PCB0	K7DPX8
Q9Y676	Q1XHY1
P12838	Q5G862
Q9NYQ7	A0A2I3RFI0
P02489	A0A2I3RKP9
P43246	A0A2I3RPY2
Q9NQ03	A0A2I3RWE4
P20648	A0A2I3RXC6
Q9P2B7	A0A2I3S6A0
Q9NYL4	A0A2I3S922
Q6AI14	A0A2I3SDJ2
Q5T292	A0A2I3SGP2
Q14526	A0A2I3SR64
O43854	A0A2I3T8Y9
Q7RTN6	A0A2I3TAB9
O15164	A0A2I3TCG2
Q92674	A0A2I3TMD4
Q07955	A0A2I3TPA5
Q14642	A0A2I3TRE1
Q9BTD3	A0A2J8IYE2
Q16281	A0A2J8J6R1
Q13106	A0A2J8JLV6
Q8NEY8	A0A2J8LQY9
Q9H511	A0A2J8P148
P11177	G2HF91
P60842	G2HHL3
P52565	G2HHW3
P09769	H2PYF9
P32929	H2PZ82
P07814	H2Q156
Q8IU85	H2Q1M3
O00767	H2Q2F3
Q6QHF9	H2Q2T7
Q8NGL1	H2Q3L5
P0C626	H2Q3N3
Q9BWQ8	H2Q5W0
Q8IUH5	H2Q6I7
Q92541	H2Q980
O14775	H2Q9G5
Q8WUJ3	H2Q9Y0
Q9BQR3	H2QAE0
P20393	H2QCV8
Q68DK7	H2QCV9
Q8N2G8	H2QD17
Q3V5L5	H2QDY8
Q8WVD3	H2QEF0
Q9Y314	H2QGV5
Q8N5C6	H2QHU9
Q9BWT3	H2QHY1
O60315	H2QIS9
O75533	H2QJ69
P01037	H2QK34
Q96HI0	H2QP15
P80162	H2QPN3
O94929	H2QRR5
Q9NPD7	H2QS91
Q53GD3	H2QSP7
Q9NVS2	H2QT31
Q8WXF0	H2QTE1
O60290	H2QVL4
Q96E29	H2QWG6
Q86W74	H2QWI5
Q15569	H2QX81
Q8WX77	H2QXA9
O43915	H2QYB8
O14627	H2QYT4
Q8NCA9	H2R3A0
Q6NSI8	H2R3P9
Q2T9J0	H2R3X9
Q9P291	H2R4M9
Q6ZQQ6	H2R654
Q6EIG7	H2R7J1
P61296	H2R7W4
Q96NG3	H2R9Q0
O60814	H2RAX0
Q1L5Z9	H2RBB1
Q8TDB4	H2RDV6
A0A0D9SF12	H2RG36
Q9BX67	K6ZYQ5
Q02447	K7CG32
Q9GZM8	K7CHH7
Q8IYQ7	K7CKY3
Q30KQ8	Q30KL5
P0C645	A0A2I3RH80
P80192	A0A2I3RIG6
A0A087WT02	A0A2I3RK86
Q01638	A0A2I3RNM7
Q8N3T1	A0A2I3SDA6
Q9BW11	A0A2I3SEP9
Q2V2M9	A0A2I3SSN4
Q9P206	A0A2I3STC4
Q96CW1	A0A2I3SZC4
Q8IYG6	A0A2I3TA55
O75335	A0A2I3TL47
A8MU46	A0A2I3TMF7
Q5VU43	A0A2I3TRB5
D0EPY3	A0A2I3TSQ9
P41271	A0A2I3TVF0
Q14980	A0A2I3TWQ5
Q8N628	A0A2J8KNS4
P41145	A0A2J8L4U7
Q8NFN8	A0A2J8M3K2
Q86T20	A0A2J8NYS8
Q8N9L1	A0A2J8P2W6
P62888	A0A2J8PM81
P78545	A0A2J8QWQ9
Q9BZM2	H2PY80
Q9H816	H2PZQ0
P22301	H2Q105
Q8NGP0	H2Q3K6
Q07108	H2Q5E4
P54840	H2Q5L0
Q6UX53	H2Q658
P31371	H2Q7A1
P78549	H2QAC2
Q8IXQ8	H2QAQ8
O43612	H2QD16
A7MCY6	H2QDA4
Q96AY2	H2QDE9
Q6PG37	H2QG11
Q9BSG0	H2QI44
Q86UK0	H2QJD0
Q9NUG6	H2QK57
P60370	H2QL48
Q9BR01	H2QLV1
Q9C098	H2QM99
Q92551	H2QMM3
Q9NPL8	H2QN55
P53582	H2QPX3
O94875	H2QQJ1
Q00765	H2QRB7
O75094	H2QRZ2
Q6BDS2	H2QSV2
Q9Y6G1	H2QT68
P01569	H2QX27
Q6UWT2	H2QX64
Q8NBJ4	H2QXE7
O15541	H2QZ23
P08708	H2QZQ5
P10070	H2R078
Q8NDF8	H2R2M6
Q8NDZ2	H2R390
P12829	H2R3H6
Q5JSS6	H2R3L0
Q8TC57	H2R3U8
Q9H0R4	H2R6Q8
P23378	H2R6T5
Q8TC84	H2R798
Q93073	H2R8E4
Q9P215	H2R8G2
Q17RC7	H2R954
Q8WXH2	H2RA04
P78312	H2RAC6
Q01196	H2RAI7
O00305	H2RC03
P49335	H2RGT3
Q99607	K7ABR3
Q9Y2Q5	K7BK72
Q96DZ5	K7CJ19
Q86X02	K7CRI1
Q07820	K7D0E2
P82673	K7D3F9
P42338	K7DEK7
Q9Y5E5	Q5DRD0
Q92858	Q5IS79
O60563	Q8HXN7
A0A1B0GTI1	A0A2I3RBF0
Q86UP6	A0A2I3RHH5
Q8IZP7	A0A2I3RXQ3
P01570	A0A2I3S4K6
Q6UXV3	A0A2I3SIG1
P20138	A0A2I3SJQ1
Q9Y3B7	A0A2I3SK89
Q5JRA6	A0A2I3SQH1
Q08379	A0A2I3SXA8
A0A0J9YX94	A0A2I3TB55
P54829	A0A2I3TI07
O94876	A0A2I3TX35
Q15431	A0A2J8JRX9
A1L3X0	A0A2J8KKV3
Q01740	A0A2J8LLM7
Q96PS1	A0A2J8M1A4
Q13336	A0A2J8MMJ2
P11142	A0A2J8N1X7
Q9H9K5	A0A2J8PEJ9
Q5TEJ8	H2PYG3
P08134	H2PZP2
Q86Z02	H2PZQ1
O75578	H2PZU1
Q53GL0	H2PZW1
Q5T7P2	H2Q019
O60502	H2Q2G6
Q6P3W2	H2Q3C7
O14613	H2Q427
Q6PI25	H2Q461
Q9NYM4	H2Q4K4
Q6BDI9	H2Q5N4
Q99542	H2Q667
Q92915	H2Q7R7
Q6RVD6	H2QA48
Q8WYQ9	H2QBP3
O95049	H2QEZ5
Q6UXB4	H2QF72
Q8WTR7	H2QGX4
P08567	H2QI07
Q8TDX5	H2QIR4
Q9NP59	H2QJ48
Q15785	H2QKF0
Q3SXP7	H2QLV5
Q8NBT0	H2QMQ9
Q6ZUS6	H2QPA5
Q49AR2	H2QQP9
O15379	H2QRN6
O96004	H2QRV2
Q5SRR4	H2QSN5
Q8NC56	H2QSU3
Q8N0U4	H2QV60
Q9UHC7	H2QVH8
Q9Y291	H2QVI2
Q15942	H2QVJ7
Q96BK5	H2QVR3
P78334	H2QZ86
Q9UGI6	H2QZI8
Q8IU57	H2R0R1
O75145	H2R188
P52848	H2R584
Q9NRZ7	H2RAH6
Q8N7R1	H2RHC0
Q8IYS8	H2RHM7
P18206	K7AE07
O14772	K7AKI9
P23634	K7ATT4
P08237	K7AUT0
Q9NYU2	K7B394
P12931	K7B763
Q9NWS8	K7C102
P14316	K7CDM8
Q8TF05	K7CDT6
P08473	K7CJF2
Q32P28	K7CKM8
Q16891	K7CNF6
Q9UKT5	K7DFN4
Q15583	Q5IS58
Q8NCQ5	A0A2I3REX7
A0A1B0GVV1	A0A2I3RFR6
O14647	A0A2I3RQ86
Q5VYM1	A0A2I3RQZ0
Q6V702	A0A2I3S020
A0A1B0GU29	A0A2I3S642
Q969T3	A0A2I3S9R7
O00592	A0A2I3S9S7
Q13434	A0A2I3SG79
P0C7U0	A0A2I3SHA9
Q9Y345	A0A2I3SNE0
A0A075B6I0	A0A2I3SR69
Q96AP0	A0A2I3SZ65
S4R3Y5	A0A2I3T7A2
Q6PDB4	A0A2I3TI47
Q96HB5	A0A2I3TPY2
Q96RY5	A0A2J8J7V5
O43296	A0A2J8JLQ7
Q9H0P0	A0A2J8KL32
O15144	A0A2J8NGQ5
Q9BY11	A0A2J8NYV8
Q6ZMH5	A0A2J8Q1N0
Q8IYD2	A0A2J8QW73
Q13002	C7G3L5
P49458	G2HJQ8
Q86Y82	H2PYG1
P22307	H2PZ17
Q5VT97	H2PZB3
Q69YU3	H2PZT6
Q2TB90	H2Q205
Q9Y5J6	H2Q323
O94779	H2Q4L6
Q96MS0	H2Q518
P48051	H2Q538
Q96MD2	H2Q6E0
Q9H307	H2Q879
O75971	H2Q9N3
O94923	H2Q9P8
Q8WYJ6	H2QAX3
Q96H86	H2QAX9
P43166	H2QBA1
Q8WW62	H2QBF1
Q8N554	H2QBS0
O43448	H2QC62
O15403	H2QDQ9
Q14592	H2QH97
Q9Y3A3	H2QJ72
Q6UXK5	H2QLZ2
Q9NSE2	H2QMP4
Q9NUQ8	H2QNU9
Q9P2M4	H2QP68
Q9NZI2	H2QRZ8
Q9Y4P3	H2QUP7
P56962	H2QXK8
Q8N9R8	H2QXW3
Q6PEW1	H2QZ15
Q9NUD7	H2QZN5
Q7RTS7	H2R055
A6NGZ8	H2R4H0
Q5VXU3	H2R4N8
Q8N3C7	H2R8W0
Q9Y613	H2RA42
Q9P0K1	H2RBY3
Q12805	H2REY4
Q8NHC5	H2RFA7
Q8IUZ5	K6ZAE4
Q9BQC3	K7AD20
Q6ZT52	K7AQ56
P84095	K7CGY0
Q9BWL3	K7CRG4
P33240	K7CVU3
Q8IWU5	K7DH09
P43121	K7DKR7
Q11128	P56433
O60907	A0A2I3RTF6
P05166	A0A2I3RUA8
Q969F2	A0A2I3RW11
Q14524	A0A2I3RXT9
Q96NZ8	A0A2I3S3H3
Q9Y4E8	A0A2I3S9E9
Q9HAR2	A0A2I3SPU9
Q8NHA8	A0A2I3SPY3
P43362	A0A2I3SRR0
P60008	A0A2I3SSZ7
Q8N6N7	A0A2I3T3X9
A0A1W2PPM1	A0A2I3T5C7
Q8NB12	A0A2I3T742
Q9NWU1	A0A2I3T8U8
P40205	A0A2I3TPC6
Q8N6M6	A0A2I3TVW4
Q8NAU1	A0A2J8JC31
P60174	A0A2J8JEJ3
Q9BZE7	A0A2J8LNY0
A6NCQ9	A0A2J8MGK1
Q2TBF2	A0A2J8MZI3
O60667	A0A2J8QVT5
Q8WWY7	A4K2P0
P28799	G2HFG3
Q96ID5	H2PY62
Q96JQ5	H2Q3S2
Q9Y2U2	H2Q438
O75581	H2Q5G9
O60669	H2Q6D2
Q96IZ0	H2Q6J0
Q9UKA4	H2Q7H6
Q14439	H2Q955
Q13421	H2QA86
Q8N370	H2QBU1
Q4G112	H2QDJ1
Q68CL5	H2QEG2
Q9BYG4	H2QER6
Q96IW2	H2QF11
Q16629	H2QHS3
P01135	H2QI26
Q14203	H2QI59
P07204	H2QK24
Q8N4F0	H2QK64
Q9Y2Q1	H2QKU5
Q96A84	H2QLF7
Q8NFQ6	H2QLJ5
O15527	H2QM07
Q9H9E1	H2QR26
P13611	H2QR70
P16402	H2QSG8
Q9UIY3	H2QTC1
A4D263	H2QUK6
P53667	H2QUQ8
Q9H2D1	H2QWJ5
O15372	H2QWL6
Q96GT9	H2QYM7
Q9UGQ2	H2R225
O00399	H2R319
P32926	H2R6S4
A6NM36	H2R6U7
Q9UJW2	H2R763
Q504Y3	H2R8E5
Q9H019	H2R9C0
Q9Y2X7	H2RDX5
Q6PCB7	K7AG69
Q8IZ13	K7B7P4
Q9BSQ5	K7BA80
Q96HH9	K7BHM8
Q15628	K7CAG9
Q3MII6	K7CHL6
Q96JM7	K7CP62
P13807	K7DM65
Q96F10	K7DQ87
Q8N688	Q30KK5
Q9Y5G8	Q5DRB5
Q9UN73	Q5DRE6
O95672	A0A2I3RJ55
Q5VZB9	A0A2I3RJY7
Q99581	A0A2I3RTZ5
Q8N6V4	A0A2I3RXU0
H3BTG2	A0A2I3RZX6
Q99547	A0A2I3SCE2
Q8N4K4	A0A2I3SFU9
Q8IW36	A0A2I3SIE9
Q2QL34	A0A2I3SMN4
Q15642	A0A2I3SQR6
P0DMQ5	A0A2I3SS17
Q9UJA2	A0A2I3SSQ4
Q96Q80	A0A2I3SWS9
P51784	A0A2I3SX49
P48740	A0A2I3T4S5
Q86XE0	A0A2I3TA96
O95785	A0A2I3TLA0
Q8IWT1	A0A2I3TR71
Q8WWB3	A0A2J8JCH8
Q8WYR1	A0A2J8MGP0
O60928	A0A2J8NEW2
Q7Z3E5	A0A2J8NF51
O95359	A0A2J8PBU9
P34949	A5A6K3
P13051	G2HEG8
P28838	G2HHE6
P11021	H2PYQ3
Q8N6S4	H2PZ81
P35236	H2Q0W8
Q9NPD8	H2Q0X0
Q6MZM0	H2Q4K1
P03956	H2Q4N3
Q16633	H2Q4R0
P08493	H2Q5I7
Q2VWP7	H2Q9H3
Q9HBF5	H2Q9X6
Q7L5Y6	H2QA13
Q0VG99	H2QA25
Q6Q0C0	H2QAC5
Q9BV81	H2QBW9
Q14119	H2QDI3
O00411	H2QES6
P30049	H2QEU1
Q96ED9	H2QFG8
Q9NZI6	H2QIN0
P35568	H2QJJ4
P05187	H2QJL7
Q9NW15	H2QME1
Q8NBH2	H2QNF2
Q9BPV8	H2QNL4
P57682	H2QPC1
Q5M9N0	H2QPQ9
Q96NC0	H2QRN0
Q7Z6J4	H2QSX3
Q8N8G2	H2QTM6
Q8TBP6	H2QUV9
Q9NQL9	H2QWY7
P26992	H2QX65
Q8NGS6	H2QXM2
Q5HYM0	H2QYQ1
P11137	H2R011
P09919	H2R024
Q96C34	H2R0G6
Q6ZRI6	H2R0V2
O43699	H2R1W3
O75462	H2R696
Q5W0N0	H2R6N0
P06729	H2R8S2
Q93086	H2R9U8
Q3LI54	H2RAJ7
Q6IF42	H2REL0
F2Z333	H2RGD1
Q9BW30	K6Z9D5
P42695	K7ANE6
O94983	K7B4I1
P55201	K7C1M7
O15033	K7C1Q7
Q6PH81	K7C315
Q96DG6	K7CFW7
Q14201	K7D9X2
Q9NRJ4	K7DKP2
Q86UP0	K7DQA4
P08709	Q2F9P2
Q9H1M3	Q30KK0
Q9HB31	A0A2I3RAH8
Q9P2N7	A0A2I3RDF4
Q9Y228	A0A2I3RF12
Q5SQ64	A0A2I3RHC0
Q7Z408	A0A2I3RIZ6
Q68DX3	A0A2I3RSI8
O43556	A0A2I3S2Y9
Q7L4I2	A0A2I3S6A2
Q9BSJ6	A0A2I3SMA2
O95393	A0A2I3SMS3
P09105	A0A2I3SN30
P55000	A0A2I3SNA8
Q9NQ11	A0A2I3SXQ5
Q8TES7	A0A2I3SXT6
Q8TE82	A0A2I3SY20
Q6NW40	A0A2I3SYT1
P21127	A0A2I3T1A1
Q9UIR0	A0A2I3TCB4
Q16537	A0A2I3TDL0
Q9NRJ1	A0A2I3TEC3
Q9BWG4	A0A2I3TKM3
Q2MJR0	A0A2I3TUK9
Q6YFQ2	A0A2J8IWV0
O43504	A0A2J8JXH4
Q9UJ70	A0A2J8KUL5
Q8NH51	A0A2J8LC19
O95490	A0A2J8LKF3
Q9NYY8	A0A2J8N5S6
Q96D59	A0A2J8NCX1
Q12864	A0A2J8PLX9
Q9H3W5	A0A2J8QXU2
P02787	A5A6I6
Q15323	A5A6M5
O95872	G2HHZ5
Q9H3H1	H2PYR3
Q99972	H2Q0L7
Q9UGK8	H2Q387
O14618	H2Q473
Q9UBS0	H2Q486
Q14CZ8	H2Q519
Q15842	H2Q5L2
P41970	H2Q6N4
Q9H741	H2Q6Y7
Q9Y252	H2Q7B4
O43868	H2Q9D0
Q9NZH0	H2QAP0
Q07021	H2QC03
Q96S52	H2QCI0
P43686	H2QGB8
Q9H0W5	H2QGM8
Q96ER9	H2QMJ1
Q969F9	H2QNJ8
Q92628	H2QP67
Q9NW82	H2QQS6
O75360	H2QS44
O95935	H2QTC7
Q8WZ74	H2QV97
Q92824	H2QXD2
P01031	H2QXT1
Q13371	H2QXU6
Q9UDX5	H2QZM0
Q96BQ5	H2QZX2
Q33E94	H2R098
Q9NXZ2	H2R0S2
P15509	H2R0Z8
Q99784	H2R1M0
P32322	H2R2L7
Q9NR61	H2R342
P02814	H2RA49
Q07687	K7AA60
O94927	K7AL63
Q13347	K7B1S2
Q9BUW7	K7B5M2
Q9H175	K7C2L5
Q9BXF6	K7CEL9
P50607	K7CYM8
Q99504	K7D580
O75528	K7DHE7
O60330	Q5DRB9
Q9BW27	A0A2I3RI68
P27482	A0A2I3RIC1
P59768	A0A2I3RL26
C9J1S8	A0A2I3RSA6
O15243	A0A2I3RSC0
O95208	A0A2I3RVV3
P54289	A0A2I3S420
O75064	A0A2I3S5J1
Q96NY8	A0A2I3SAK0
Q9NP56	A0A2I3SBH5
Q14626	A0A2I3SE97
Q96E52	A0A2I3SHD2
Q969W3	A0A2I3SIY7
A6NNP5	A0A2I3SJA0
Q9ULJ1	A0A2I3SUB9
P08218	A0A2I3SWK2
Q9NRG1	A0A2I3TEX9
O43252	A0A2I3TMC2
Q9NR71	A0A2I3TNC9
Q9UNP9	A0A2I3TPJ0
Q9NZH5	A0A2I3TTL4
Q96CN4	A0A2I3TX54
P06748	A0A2J8LXX4
P14222	A0A2J8NUT0
Q99594	A0A2J8NYZ6
Q7Z3H4	A0A2J8P1J1
Q9P0L1	A0A2J8PAQ6
Q8IWU4	A0A2J8PNC5
Q9Y587	A0A2J8QL19
O43660	G2HFK3
Q92990	G2HGB2
Q8TC21	G2HIU0
Q9NQT5	G2HIV3
Q5RHP9	H2PZ88
P80511	H2Q027
Q8NGK3	H2Q2Y2
P61165	H2Q3U6
P22681	H2Q4Y2
Q15561	H2Q578
Q0VAQ4	H2Q5X9
Q9UBP6	H2Q6C5
P01579	H2Q6F3
O95433	H2Q8P7
Q9H0C5	H2Q9Z8
Q6P4I2	H2QA04
Q9BQB6	H2QAZ5
O43508	H2QC43
Q15833	H2QF68
Q8TCS8	H2QHX7
Q8IUC0	H2QKX3
O95104	H2QKY4
Q7Z7J5	H2QN28
Q96C00	H2QST9
O95857	H2QU77
Q9BXU9	H2QUP0
Q9P2G1	H2QUX2
Q7LG56	H2QWI9
Q9Y581	H2QWZ5
Q96LW7	H2QXH1
O95833	H2QY78
O14523	H2R0L2
P02458	H2R193
Q8N4H0	H2R1C6
O15169	H2R1H5
P82970	H2R3D6
Q8NB50	H2R535
O15084	H2R8E9
P24522	H2R902
Q99958	H2RA05
Q8NH37	H2RHF8
P57764	K7B7S8
P53999	K7B840
Q13332	K7C878
Q8WTX7	K7CW07
Q15363	K7CXC4
P16591	K7CY17
O60503	K7CYN2
Q9Y463	K7D9F3
Q9H488	Q6EV69
O43257	A0A2I3RBG9
Q9UP95	A0A2I3RCE7
Q9H9E3	A0A2I3RHF0
Q6ZSI9	A0A2I3S2Q7
A0A1W2PQ73	A0A2I3SES1
P05062	A0A2I3SKK2
Q9H1V8	A0A2I3SQC1
Q3KR37	A0A2I3SU87
Q9BU02	A0A2I3SUM8
Q9UL19	A0A2I3T1R7
A0A1W2PR82	A0A2I3T3Q6
O95639	A0A2I3T8R1
Q9BTY7	A0A2I3TKS7
O60829	A0A2I3TNP8
Q8NH73	A0A2J8LBY8
O75951	A0A2J8LJK5
Q96JY0	A0A2J8LLY8
O00299	A0A2J8NXZ6
A8MT70	A0A2J8P1S1
P08631	A0A2J8PYX8
Q10589	D7RVC2
Q9H2G9	G2HEP8
Q8TDW0	H2PZD4
Q8NGL3	H2Q3L3
O95264	H2Q4T0
Q9NYW2	H2Q5G0
O60519	H2Q5H1
P21583	H2Q6K8
Q3SY69	H2Q6R9
Q13326	H2Q7A2
O60858	H2Q7K8
P52799	H2Q7S4
Q15744	H2Q803
Q9Y3B6	H2Q819
Q01113	H2QA64
Q99807	H2QAN4
Q9Y6A4	H2QB82
Q8TAZ6	H2QB97
Q2TAA8	H2QBC6
Q7RTY0	H2QC20
Q6PEY1	H2QC57
Q96QE5	H2QCL7
P17483	H2QDC0
Q8WZA9	H2QGH9
Q96S44	H2QKI7
Q9H6S1	H2QM81
P00450	H2QNJ9
A5X5Y0	H2QNU4
P61278	H2QNY1
P14867	H2QRY4
P13765	H2QSR7
Q6P1L8	H2QT32
Q86YH6	H2QTH8
P46939	H2QTV5
Q9NUV9	H2QVL8
Q99965	H2QW23
Q9BYX2	H2QXK1
Q6N069	H2R0S3
P25445	H2R2U8
Q8WX92	H2R3L1
A8MXD5	H2RCR1
Q96K76	H2RDB9
P04198	H2REY0
Q8NBD8	H2RF96
Q96H72	K7AKC3
Q96I34	K7ARZ6
P43307	K7ATD7
Q01974	K7AUT5
P43657	K7B3P4
Q9BQ15	K7BH69
Q8N4P3	K7BTU9
Q0VG06	K7C0Q4
Q5HYC2	K7C0W9
Q9Y4C5	K7CJK6
Q6FI81	K7CYA3
Q9UIJ7	K7DFL9
O60662	K7DTT0
Q12899	Q7YR34
P28067	A0A2I3RYM6
Q06730	A0A2I3S0E0
Q9HC23	A0A2I3S7B2
P36897	A0A2I3S7X1
Q13905	A0A2I3SBV7
Q8IY50	A0A2I3SJE3
Q4KWH8	A0A2I3SPP9
Q9NRI5	A0A2I3SPR9
Q9UL51	A0A2I3SRY0
Q8TDH9	A0A2I3SSF7
Q5T036	A0A2I3SVC7
P53708	A0A2I3T8Z7
Q86VE9	A0A2I3TBE1
A8MW99	A0A2I3TQW9
P61236	A0A2J8ISX5
P26373	A0A2J8J0C9
Q16570	A0A2J8K5T9
Q6ZVK1	A0A2J8QLA7
Q9UI95	H2PY08
O60909	H2PYV6
Q01459	H2PZA8
O95425	H2Q1S4
O00443	H2Q383
P08397	H2Q4X6
Q7Z3H0	H2Q5Y4
Q13243	H2Q8I9
Q9P0S2	H2Q8J3
P82987	H2QA02
Q7Z7L1	H2QCP6
P30153	H2QH17
P62699	H2QHP8
Q96C23	H2QHS2
Q9NW38	H2QHY0
Q8N3F8	H2QLM8
Q14699	H2QM55
Q9HAY2	H2QNW0
O60741	H2QQV0
Q8WUU8	H2QR24
Q9Y2P4	H2QRF3
Q86UC2	H2QTZ2
Q2PZI1	H2QV65
Q6ZUB1	H2QXF1
Q7RTV3	H2QXI7
Q7Z5Q1	H2QZF6
Q96EQ0	H2R2X7
P14138	H2R2X8
Q8NEP3	H2R3D3
Q96E11	H2R4D0
Q6NUN9	H2R4W0
O43422	H2R539
Q5I0G3	H2R671
Q9UC07	H2R6C9
Q4LDE5	H2R6G0
Q06945	H2R7L3
Q504Y0	H2R7S2
Q8N766	H2R9E3
Q2NL68	H2RC42
Q86UP2	H2RCH1
Q674X7	H2RCI0
Q13061	H2RD98
Q96DD7	K6ZD69
Q9H4X1	K7AW62
O60830	K7AWQ4
Q8N8D1	K7B1L5
Q14571	K7B3H5
O75691	K7BJ38
Q13425	K7BL10
Q96GY0	K7BXC7
Q86XJ1	K7C1F0
Q9BQA9	K7CG42
Q8WVV9	K7CGA6
P26651	K7CUN8
P11908	K7D407
Q9NYL2	K7DQ37
Q9UN75	Q5DRF2
P29401	Q5R1W6
O14917	A0A2I3RC24
Q8N972	A0A2I3RJ81
A0A0B4J235	A0A2I3RKS8
Q9Y5B8	A0A2I3RRZ0
Q5T5B0	A0A2I3S398
P51512	A0A2I3SEA5
Q9Y5X4	A0A2I3SFZ5
C9J202	A0A2I3SPP4
Q5VZ03	A0A2I3STE4
O00238	A0A2I3SZW7
P09493	A0A2I3T066
Q9NXD2	A0A2I3TA06
O76031	A0A2I3TDN3
Q9H672	A0A2I3TIK7
A6NC97	A0A2I3TNG4
Q8NG31	A0A2I3TPF3
Q96FX8	A0A2I3TS36
A0A1B0GVM5	A0A2I3TUW1
Q8NGC2	A0A2J8JI71
Q8WXE0	A0A2J8KBC0
Q8NG83	A0A2J8KNW9
P15313	A0A2J8KUK5
Q8TBY0	A0A2J8MUT6
P01270	A0A2J8P5B9
O95222	A0A2J8P6A4
Q9P2T1	A0A2J8QKH0
Q9BQ90	G2HIN0
P14555	H2PY77
Q7L3T8	H2PZ38
P26447	H2Q029
Q5VT66	H2Q161
Q8TBE1	H2Q177
P00367	H2Q276
Q9H341	H2Q2Z7
Q8N0Y5	H2Q3L9
P62072	H2Q3P1
Q9BT92	H2Q6V0
Q969Q4	H2Q7K6
Q9Y281	H2Q860
Q9Y2Z9	H2Q8L0
Q9BXJ7	H2Q8Y4
Q8IWI9	H2Q985
Q9BUL9	H2Q9T5
Q96CC6	H2QA67
P04180	H2QBD3
Q9H0G5	H2QCL0
Q8TDN4	H2QEC2
Q8NE01	H2QID5
P01185	H2QJV2
P30711	H2QLD4
O00178	H2QLP1
Q9UNQ0	H2QPV5
Q9BWT6	H2QQA6
Q7Z713	H2QQI8
Q9UHF5	H2QRR9
O43513	H2QRW1
Q9NP79	H2QTU7
Q13884	H2QWN2
Q96ES6	H2QWX5
P62273	H2R1P3
Q7Z5A8	H2R1U4
Q8IUX8	H2R2V3
Q15599	K7BUI0
Q9Y343	K7BXA9
O14558	K7CHA6
P16930	K7CZU6
Q9BZL6	K7DN39
Q9Y5E2	Q5DRC7
O14602	Q6GVM3
Q6PDA7	Q9MZ28
P01138	Q9N2F1
Q6UX72	A0A2I3RPB1
A6NMT0	A0A2I3RV57
Q5T700	A0A2I3RV98
Q15032	A0A2I3S9Q9
Q6ZUT3	A0A2I3SN54
P0DJR0	A0A2I3SNP8
O95718	A0A2I3SNZ7
Q96NT3	A0A2I3T318
Q6H8Q1	A0A2I3T5F4
P24864	A0A2I3TEU6
Q9Y2E4	A0A2I3TM98
Q96LA5	A0A2I3TP16
Q9UBH0	A0A2J8IVT4
Q9P2M7	A0A2J8JJN0
Q96RA2	A0A2J8LWW7
P62263	A0A2J8NJK7
Q96LW9	A0A2J8NWS4
A0A1B0GTQ4	A0A2J8P0H4
Q0VAK6	A0A2J8P745
Q07352	A0A2J8PIV2
P08962	A0A2J8Q183
Q58A44	A0A2J8QEP2
P39019	A0A2J8QGG2
P78371	G2HH56
O94985	H2PXY9
Q9GZN0	H2PZH6
Q9P2B2	H2PZR9
Q5TEC3	H2PZS9
Q9BUI4	H2PZU3
Q96JT2	H2Q0Z6
Q8N100	H2Q1Z1
P09913	H2Q288
O75333	H2Q495
Q96PD7	H2Q4F5
Q6PI97	H2Q4R2
Q99640	H2QAE8
Q9ULZ3	H2QAZ9
Q8IZ96	H2QB96
Q9NX01	H2QBH7
P18054	H2QC17
O95631	H2QC90
P13639	H2QF02
Q6UXB2	H2QGG7
Q8IZF5	H2QHK5
Q96MM6	H2QJW2
P00813	H2QKE6
O75631	H2QLV8
Q6P1S2	H2QNM4
O43609	H2QQ50
P15421	H2QQ82
Q9H1N7	H2QSA1
Q6UXV0	H2QT83
Q8N392	H2QTQ5
O15204	H2QVX0
P33991	H2QW49
Q9BYV6	H2QW87
Q49A92	H2QW99
P15090	H2QWC5
Q9BTV6	H2QY86
P98187	H2QZI4
Q9H190	H2R010
O75069	H2R185
Q7L590	H2R2Z4
P78527	H2R3C3
Q6UWI2	H2RA59
Q8NGK2	H2RB18
P62910	H2RGX4
Q5XPI4	K7AI08
Q9Y6W6	K7AQB9
P49447	K7B0U3
Q6NXT1	K7C930
P32970	K7CN06
Q7Z403	K7D673
Q13574	K7DEM3
P04279	A0A075B7H5
Q01780	A0A2I3RC78
P01042	A0A2I3RL12
Q8TAF7	A0A2I3RT74
P10966	A0A2I3RYB6
Q99685	A0A2I3S3H4
Q8NFH3	A0A2I3S3Z1
Q6UWS5	A0A2I3S437
E5RJM6	A0A2I3S4Q7
P33527	A0A2I3SFW6
P33121	A0A2I3STD5
Q9Y2I2	A0A2I3SXZ1
O00267	A0A2I3T154
Q9BYG5	A0A2I3T7S5
Q9P281	A0A2I3T8Q0
P56975	A0A2I3TDF7
Q13324	A0A2I3TIE1
Q06710	A0A2J8IVS0
O60242	A0A2J8K066
O00631	A0A2J8L0S2
Q9P2M1	A0A2J8L854
O95424	A0A2J8L9V5
P55273	A0A2J8LWA9
Q05C16	A0A2J8ML41
P24534	A0A2J8N5P2
Q13621	A0A2J8NTB8
Q8NH53	A0A2J8P6P5
Q53FD0	G2HGJ8
Q9Y266	H2PYE7
P81274	H2PZJ5
Q8N2H9	H2Q468
P09238	H2Q4N1
Q8WXI8	H2Q5D4
P10620	H2Q5J7
Q9UHB6	H2Q5W9
P24941	H2Q670
Q9H4P4	H2Q681
P30086	H2Q6Z4
Q9NPF4	H2Q7W2
P54803	H2Q8Q9
Q96J65	H2QB21
Q8N4N3	H2QBM6
Q9NRH3	H2QD30
Q0P6D2	H2QEP9
Q86TL0	H2QFC0
Q96PV6	H2QH41
Q96NJ3	H2QIR1
O60449	H2QIV7
Q9H106	H2QJT6
Q14684	H2QL39
Q96P69	H2QP77
Q8IZU2	H2QQG4
Q9UIM3	H2QSQ6
Q9C0H2	H2QU40
A4D1E9	H2QUW6
A4D1P6	H2QVF2
Q96MF7	H2QWP9
Q9P1W9	H2QYK5
P98168	H2QYP7
P57735	H2R0X3
Q147U1	H2R157
Q8NGI6	H2R5E7
Q8N5U0	H2R5L3
P27361	H2RA86
Q6UXA7	H2RAV4
A8MWL6	H2RCU1
P0DKX0	H2RD67
Q71F78	H2REM7
Q9Y2I8	K7BL02
Q96SL8	K7BM46
Q14767	K7C700
Q96AZ6	K7CFV6
Q9Y5W3	K7CWI5
Q1ED39	K7CXT4
Q14934	K7DGW1
Q9NWL6	K7DPY0
P02647	P0DJG0
Q5JWR5	A0A2I3RCA8
Q8NCD3	A0A2I3RHL2
P68363	A0A2I3RMH7
P0DN25	A0A2I3RWR0
P23246	A0A2I3RZ14
Q9NZV6	A0A2I3RZA4
P0C7P2	A0A2I3S127
Q4JDL3	A0A2I3S7C7
O14763	A0A2I3S7P9
O95931	A0A2I3SGJ1
Q3SY00	A0A2I3SNF9
Q6ZN06	A0A2I3SQ52
Q3C1V1	A0A2I3SSX4
Q8NBB4	A0A2I3ST08
Q9HBJ8	A0A2I3T628
O75144	A0A2I3TNW5
Q9BQS7	A0A2I3TP14
Q16566	A0A2J8KIU8
O75943	A0A2J8L0Y0
Q0P651	A0A2J8LXE6
Q8WWU5	A0A2J8NYW8
P26367	A0A2J8P422
Q9NZW5	G2HFN0
P37235	G2HG33
Q969Q6	G2HGB5
Q5TGS1	H2PXW5
P21941	H2PYI3
Q5TC82	H2Q0N1
Q12836	H2Q1E5
Q8NGB4	H2Q3J9
O95750	H2Q4B3
Q9Y2U8	H2Q6E6
Q13470	H2QC34
Q13464	H2QEB3
Q5U651	H2QGS3
Q9H0Q0	H2QHG7
P52789	H2QI73
O60243	H2QIP8
Q9UF33	H2QMZ3
Q6PIU2	H2QNR5
Q4ZJI4	H2QPZ1
P06899	H2QSI0
Q5T0Z8	H2QT01
Q9H0U9	H2QTL6
Q86VZ4	H2QTW8
Q12765	H2QUC6
Q9NXG0	H2QX11
P35663	H2QYU7
Q86VE3	H2QYV1
Q8WXR4	H2QZG8
Q92633	H2R021
Q96LR9	H2R3D5
Q53TQ3	H2R5B0
Q8WXG8	H2R5N0
Q6BEB4	H2R6E5
Q9NW07	H2R6F0
P46087	H2R7K6
Q86WR7	H2R7U5
Q9H6A0	H2R8Q7
Q14140	H2R8S8
Q5W0B1	H2RA20
Q2YD98	H2RAD2
Q9BX73	H2RHU6
C9JCN9	H2RHX4
Q96KE9	K7B3U3
Q15493	K7BHF2
O95407	K7C4B1
Q68BL7	K7C5H9
Q7Z4H7	K7C9H7
Q9HBH1	K7CK57
Q9NQX6	K7D7J1
Q9BT73	K7DM87
Q16718	Q0MQA2
Q9H2S5	Q7YR31
Q14202	A0A2I3RCA6
P62745	A0A2I3RP43
O75602	A0A2I3RWD1
Q5BKX6	A0A2I3RX48
O95045	A0A2I3RXY6
A0A286YEU6	A0A2I3RY55
Q9Y6C5	A0A2I3S0F6
Q14028	A0A2I3S7T1
O14604	A0A2I3SDG0
O43861	A0A2I3SG61
P51814	A0A2I3SSM4
O14771	A0A2I3SV15
Q9Y446	A0A2I3T4Q4
Q9BRQ3	A0A2I3TGC0
A5PLL1	A0A2I3THT9
Q9UHP3	A0A2I3TPK5
Q969S6	A0A2I3TSD9
P11171	A0A2J8JCK6
P26572	A0A2J8JTB6
A6NGB9	A0A2J8KLF8
Q4G0Z9	A0A2J8KZT5
Q8IZU3	A0A2J8N066
P32242	A0A2J8N3Q6
Q9BXI3	H2PYQ9
P19087	H2PZL0
Q96BN2	H2Q0I9
Q8IXX5	H2Q0X7
Q96LA9	H2Q389
P35542	H2Q392
Q96HJ3	H2Q3B9
Q9BRD0	H2Q4T9
O14578	H2Q700
Q9NX78	H2Q8C9
P25788	H2Q8D7
P08910	H2QA16
O60303	H2QAT8
Q3KNT9	H2QC33
Q92624	H2QDL2
Q96Q77	H2QFP0
O14782	H2QHK1
Q92968	H2QHY4
P16519	H2QJZ8
Q9UPG8	H2QK61
P35713	H2QKU0
P38484	H2QKZ0
P28300	H2QRE0
Q7L5N1	H2QV15
P54760	H2QV43
P34903	H2QZ88
P49418	H2R019
O95561	H2R0E3
Q7LFX5	H2R0E5
Q8WTP9	H2R2C5
Q96RT7	H2R2P5
Q96ER3	H2R5J4
Q13868	H2R662
Q5T4T1	H2R7M9
P20930	H2R8N0
Q9H7Y0	H2RBB6
P52742	H2RD27
Q9NPJ8	H2RGP2
P45880	H2RHS4
Q8NG41	K7B022
P05091	K7B7G6
Q9UN79	K7BLF6
Q9Y3M8	K7CMU6
Q13889	K7D0H2
Q8WUQ7	K7D0W8
Q15438	K7DDV9
Q7Z2W9	K7DHG7
P61812	K7DIM1
Q5SR56	K7DTX8
Q92187	P61645
Q9P0J0	Q0MQ90
P00414	Q9T9V9
Q9UPQ0	A0A2I3RCQ8
A5PLN7	A0A2I3RMM3
Q32MH5	A0A2I3RMW2
Q9BQE9	A0A2I3RTJ3
P00352	A0A2I3S2X8
Q99728	A0A2I3SEM0
A0A075B6S9	A0A2I3SFS0
Q9H2X9	A0A2I3SRL5
A0A1B0GUV8	A0A2I3SRR3
Q8N0U2	A0A2I3T1J1
Q8TC07	A0A2I3T1Z6
P98161	A0A2I3T3E2
O75096	A0A2I3T3M6
Q15843	A0A2I3TMQ9
Q9BPX3	A0A2I3TNZ0
P30679	A0A2I3TWC5
Q9C0B1	A0A2I3TX05
B2RXF5	A0A2J8IY56
P28698	A0A2J8JME9
Q9NX65	A0A2J8LAY9
P00709	A0A2J8LQ94
Q6UX34	A0A2J8NEU2
P05538	A0A2J8NYD2
P19544	A0A2J8P3Z4
P15516	A0A2J8PF51
Q8N2H4	G2HFY1
Q15836	G2HIJ9
Q9NX07	H2PYH3
P41220	H2Q0T4
Q96MR7	H2Q1A1
Q9NYX4	H2Q2T6
O00213	H2Q320
Q15834	H2Q448
Q13158	H2Q4B6
Q2KHT4	H2Q5H8
Q92730	H2Q5T9
Q96GA7	H2Q6Y2
Q9Y673	H2Q7F6
Q8N8R3	H2Q8X4
Q9UPM8	H2Q9F3
Q13163	H2Q9P0
Q9UBI4	H2Q9S2
O15360	H2QBS1
Q693B1	H2QC32
Q9HD47	H2QC78
Q63HN8	H2QE13
P48730	H2QE47
Q9HAH1	H2QEX5
O60930	H2QHD3
Q9H4G1	H2QK32
O14867	H2QKW7
O43731	H2QLN5
P85299	H2QLV6
Q8TDB6	H2QN80
Q92522	H2QNC1
Q8TCG2	H2QPA7
Q9UBU2	H2QQ01
Q12796	H2QTE0
Q9NZJ6	H2QTG0
Q96JH7	H2QW91
Q8IZV5	H2QWA8
P23352	H2QY98
Q8NHP6	H2QYB5
Q9UL42	H2QZJ4
Q12824	H2R0D2
Q8N431	H2R0Z5
Q9Y3L3	H2R2A0
Q8IXK2	H2R6I6
P54762	H2RC21
Q9UJ04	H2RCL3
Q8IYR0	H2RCP1
Q9NYP8	H2RFH6
P83916	H2RH50
Q9UI14	K6ZJ25
P51693	K7AMA2
Q05639	K7BZK0
Q7L4S7	K7C971
Q96CV9	K7CAG5
Q15464	K7CHY5
P07478	A0A2I3RGJ4
Q9UQB8	A0A2I3RKZ6
O00220	A0A2I3RUZ2
Q6P1R4	A0A2I3S0J7
A6PVL3	A0A2I3SLC6
Q13825	A0A2I3SR84
Q9BRT9	A0A2I3SZ33
Q8NG80	A0A2I3T2V9
Q16600	A0A2I3T9P3
Q86UD3	A0A2I3TC00
P51787	A0A2I3TFU0
A5YM72	A0A2I3TKV2
Q8TD16	A0A2I3TMN5
Q68D06	A0A2J8LJC2
Q96N77	A0A2J8LQA3
P48664	A0A2J8LUH6
Q9NRS4	A0A2J8N2U9
P23582	A0A2J8NF07
Q8TAM2	A0A2J8PKU9
Q86YE8	A0A2J8QII1
Q7Z2E3	A0A2J8QST2
Q5JXC2	C0KL23
Q16654	G2HER8
Q9BTA0	H2PYK2
Q8NBF1	H2PZ25
P49901	H2Q020
Q9UQP3	H2Q0N4
P04003	H2Q114
Q8N9C0	H2Q3A0
Q8N961	H2Q3E4
Q6NUN7	H2Q4Z8
Q9P126	H2Q5E9
Q9HAP2	H2Q738
O95206	H2Q7M1
Q96L50	H2Q888
Q96A47	H2Q9V1
Q8N1W2	H2QA28
Q9BXC9	H2QB48
Q96AY3	H2QD05
Q9BSK4	H2QEB1
Q9BQ61	H2QFG5
O75864	H2QGK8
P52740	H2QHC1
O14548	H2QHT3
Q9UBZ9	H2QIF3
Q5W5W9	H2QJG8
Q53S99	H2QJJ8
Q9BZZ2	H2QJW1
Q8WYQ5	H2QL93
Q8TDQ7	H2QPE3
O14979	H2QPS8
Q76FK4	H2QXG3
Q8NGR9	H2QXT9
Q8NGR2	H2QXU4
P36575	H2QYR2
P78524	H2QZR4
Q13508	H2QZX1
Q8N0X7	H2R0R5
P50219	H2R4U3
Q8WUB2	H2R750
Q6ZUL3	H2R9U9
Q8NGS1	H2RAQ3
Q6ZU67	H2RD72
P54709	K7AQZ7
Q96A00	K7AYU7
Q09013	K7B806
Q13496	K7BD85
P07108	K7BFM5
Q9BZM1	K7BN83
Q9NWM0	K7BY72
Q8TCE6	K7CD33
P36269	K7CGS9
Q5EBL4	K7CPG0
Q9Y3L5	K7CR35
Q9C035	Q5D7J1
Q01523	Q5G861
Q9UJ55	A0A2I3RJW7
O75382	A0A2I3RMD6
Q6T4P5	A0A2I3RR82
A0A1B0GUA9	A0A2I3S025
Q99808	A0A2I3S3R2
Q96H20	A0A2I3S7S7
O95428	A0A2I3SKU7
Q9H078	A0A2I3SSI4
P10826	A0A2I3T0W6
P0CW27	A0A2I3T8W8
A6NL88	A0A2I3TAH4
Q9UP38	A0A2I3TEZ3
Q9H693	A0A2I3THR8
Q9UJC5	A0A2I3TIY5
Q8IZ41	A0A2I3TT00
Q9UPR5	A0A2I3TUT9
Q9HCE3	A0A2I3TVA1
Q93063	A0A2J8LHP3
Q8N7B1	A0A2J8QNL1
Q2M1V0	A0A2J8QPA3
Q9Y223	A0A2J8QRQ4
P24557	A0A2J8QTU3
Q6ZMY6	G2HGP2
Q5VW32	G2HJQ0
Q9NW68	H2PYK6
Q8IVB5	H2PZT7
Q99592	H2Q1F5
Q9NX09	H2Q225
A6NJ78	H2Q3C1
Q96SJ8	H2Q3G6
Q9BY79	H2Q4Y5
Q14232	H2Q762
Q96MS3	H2Q770
O60524	H2Q893
O95406	H2Q8C1
Q9NUM3	H2Q8I6
P63162	H2Q917
Q9NZC3	H2QAN5
Q8TB96	H2QB19
Q8IZL8	H2QBY0
P13645	H2QCX3
Q8N907	H2QFI1
Q8NBT3	H2QGG3
P15863	H2QK21
Q6L8Q7	H2QMU3
Q9ULR0	H2QNB8
P50120	H2QNH1
Q7RTM1	H2QP55
Q8IY51	H2QQA3
Q8N567	H2QR64
Q96P11	H2QUP2
P52823	H2QVW8
Q8N2R0	H2QWH9
Q02509	H2QWQ7
Q14929	H2QXH8
P43355	H2QZ93
Q86SQ6	H2QZX8
O75525	H2QZY6
P05019	H2R3T0
Q9BXP2	H2R4F1
Q6UW15	H2R8R4
Q08708	H2R9E6
Q13507	H2R9Y7
P04440	H2RC77
P98172	K7APG7
Q53EU6	K7B4C3
Q9NPR9	K7BGI3
Q8NBV4	K7BHK0
O75460	K7BU85
Q6IAN0	K7BYU2
Q01973	K7CHI3
Q8IYA8	K7CUN3
Q14978	K7CZ27
P43351	K7D1Q9
Q9UKV5	K7DA53
Q5VWN6	K7DJI9
P62070	K7DK66
Q13838	P60024
P10635	Q2XNC8
Q9Y5I0	Q5DRF1
P46695	Q7YR42
Q9Y242	Q7YR48
Q9P2W3	A0A2I3RE66
Q1W6H9	A0A2I3REN8
Q13309	A0A2I3RFB4
A0A0K0K1C4	A0A2I3RIQ6
Q8NGE0	A0A2I3RPD1
A0A1B0GUA5	A0A2I3S4C5
P04844	A0A2I3S550
O43516	A0A2I3SE46
Q96GN5	A0A2I3SHQ6
Q99674	A0A2I3SM22
Q13835	A0A2I3SMB6
Q9NVH0	A0A2I3ST55
Q9NRM1	A0A2I3T0I1
Q8TEU8	A0A2I3T853
Q8IYW5	A0A2I3TA84
Q12905	A0A2I3TAR9
Q9Y233	A0A2I3TF43
Q9H171	A0A2I3TFT4
Q93074	A0A2I3TN15
Q9NWQ9	A0A2I3TTI1
Q07812	A0A2I3TUX1
P48230	A0A2J8P2S6
Q9HCY8	A0A2J8Q3J7
Q96EZ4	A0A2J8QAI4
P54845	A0A2J8QKH2
P25325	A0A2J8QPK0
Q9H0R5	H2PZC8
Q6UVJ0	H2PZH1
P02790	H2Q321
Q14207	H2Q4Q0
Q8IZD4	H2Q572
Q86YQ8	H2Q5P9
Q9UBV2	H2Q8Q7
Q9Y5S2	H2Q8Y5
Q643R3	H2Q941
Q16619	H2QAY8
Q9BVA0	H2QB75
P46459	H2QD95
P84157	H2QDY4
Q86YT6	H2QEB9
Q8IVT2	H2QET3
Q6ZN11	H2QG73
Q8N6L0	H2QGU7
P50876	H2QHE3
Q16719	H2QIS6
P35453	H2QJ11
O94925	H2QJ59
Q8WXC6	H2QJQ4
Q9BXI9	H2QLL7
P09382	H2QLM5
Q9NZU5	H2QM00
Q8IUF8	H2QMZ6
Q9H8V3	H2QNR6
Q96RQ3	H2QNT3
O95185	H2QPW9
Q9BU79	H2QUV5
Q9P1U1	H2QVN4
Q6PIU1	H2QWL3
Q8N8Y5	H2QWT9
Q6ZV29	H2QY85
Q14CM0	H2QYA5
O00421	H2R3S4
Q13614	H2R3W9
Q9UEY8	H2R3Y3
Q71DI3	H2R5Q1
Q8TAD2	H2RAA4
Q9NYW8	H2RE22
P0CJ70	H2RFJ4
Q8N456	H2RH16
O43684	K6ZVC6
Q96RK4	K7A0P4
Q8IV08	K7BNP9
Q9UQN3	K7C9W0
Q6P1M9	K7C9W1
P42226	K7D3K8
Q8TAD4	K7DHN5
P12724	P47780
O00483	Q0MQ99
Q14982	Q5IS61
A0A1B0GVN3	A0A2I3RGD6
A9Z1Z3	A0A2I3RKW8
Q9Y230	A0A2I3RLJ2
P15586	A0A2I3RN98
P80723	A0A2I3RSJ3
P49750	A0A2I3RVR6
P62277	A0A2I3S6G7
O95990	A0A2I3S805
Q5GH73	A0A2I3SG91
Q9NQ79	A0A2I3SK95
Q9UKR8	A0A2I3SXZ3
Q5SQH8	A0A2I3SZ76
A6NCM1	A0A2I3T492
Q9UPA5	A0A2I3T5V9
O15255	A0A2I3T7Z2
P58549	A0A2I3T811
P04066	A0A2I3TCN0
P28472	A0A2I3THQ1
Q8TDT2	A0A2I3TUW5
Q6ZN54	A0A2J8J014
Q5TC79	A0A2J8JBV8
Q6ZSG2	A0A2J8JPD3
Q8TDI8	A0A2J8MRC2
Q9Y6K1	A0A2J8NL78
Q86X29	A0A2J8QH70
Q9HCM2	A0A2J8QTH4
P38567	A0A2J8QX43
Q499Z3	G2HFJ5
Q9H553	G2HGD0
Q9H347	G2HIQ5
Q9UK22	H2PY06
P01111	H2PZQ7
P61024	H2Q059
P01008	H2Q0N0
Q8IVJ1	H2Q0Z8
A6NC98	H2Q400
Q9Y2W2	H2Q5I6
Q96JM4	H2Q6K0
Q86SX6	H2Q8V8
Q92874	H2QAC9
Q96M29	H2QAK1
Q6ZS17	H2QBB8
Q14254	H2QCJ5
A8MVW0	H2QD71
P09681	H2QDC7
P05164	H2QDI9
Q7RTS5	H2QDT9
Q96M63	H2QGQ7
Q07326	H2QHV4
Q3B820	H2QHY7
Q9BQP9	H2QK66
O43286	H2QKJ8
P54198	H2QL84
P28482	H2QLB4
Q13423	H2QQU7
Q5T2D2	H2QSZ1
P00747	H2QU06
Q5VWC8	H2QX21
Q8N443	H2QYN2
Q8NG92	H2QZ43
Q6ZWK6	H2QZK3
Q06546	H2R0L6
Q8NE09	H2R1K5
Q9BZW8	H2R3Q9
Q9Y5Q3	H2R8Y7
Q9NQC3	H2RAY1
Q9Y490	H2RC35
Q15619	H2RID9
A0A0B4J2D5	K7AWA8
Q8NDH3	K7B388
Q9NZM1	K7B5R1
Q9BWV3	K7B8T4
P50895	K7BE04
Q38SD2	K7BGJ3
O00754	K7BQX1
P68036	K7C140
P07384	K7CEN7
P15407	K7DT43
P59538	Q646B9
Q9UDY6	Q7YR32
Q16819	A0A2I3RB52
Q8IY37	A0A2I3RKE8
P09917	A0A2I3RQ68
Q99871	A0A2I3RTF4
Q17RW2	A0A2I3RU50
Q9H1J1	A0A2I3RWI0
Q92800	A0A2I3RYT0
O95274	A0A2I3S7P4
P50553	A0A2I3SMV7
O60282	A0A2I3SNT1
Q8N812	A0A2I3SS66
Q6ZU45	A0A2I3SZ58
Q9ULM2	A0A2I3T2W7
Q9BZC1	A0A2J8MMF2
Q8TC29	A0A2J8MNI4
Q96GR4	A0A2J8NB55
Q8IV45	A0A2J8NZK1
Q12882	H2PZG2
Q8TCI5	H2PZN1
Q5TCX8	H2Q1D0
Q8WTT2	H2Q2A6
P30048	H2Q2N6
Q6W3E5	H2Q4G2
P37088	H2Q5A1
A0JNW5	H2Q6P2
Q96BS2	H2Q6Z0
P82930	H2QAA7
P36955	H2QBU5
Q9P086	H2QBY2
P22079	H2QDI8
P63272	H2QDJ0
Q9Y2P7	H2QHB1
Q5EBM0	H2QHE1
O75319	H2QI51
Q8N565	H2QJD1
Q96N03	H2QKB7
Q96MP5	H2QKH3
P01127	H2QLQ2
Q8ND61	H2QM42
Q96JC9	H2QM49
Q96CX6	H2QN62
P53367	H2QQA4
Q92506	H2QSS7
A0PJY2	H2QVA5
Q9ULD5	H2QVL0
O94903	H2QW09
Q8WUY1	H2QWS8
Q16649	H2QXG0
Q9BZD7	H2QZ84
Q6ZMP0	H2QZD1
Q5T1N1	H2R0I8
Q92520	H2R353
O15218	H2R7G5
Q9NZ72	H2R8T0
Q13829	H2R9L0
Q8IVF4	H2RC69
Q147U7	H2RCB3
P11465	H2RDS0
P0C7Q6	H2RF28
Q96DR8	H2RG27
P17066	H2RGH2
P17481	K7A0T7
Q9H7X0	K7A6B8
Q49A26	K7ALH7
Q9NQC8	K7B6M9
Q14500	K7B7L4
P34947	K7BG59
P09884	K7CUU4
Q9UKI8	K7DCL8
Q9Y2R5	K7DHP6
Q9NRW4	K7DPI7
Q9Y5H4	Q5DRC2
Q9H2X3	Q8HYC0
Q9BT88	A0A2I3RAD9
Q9Y3D5	A0A2I3RF11
Q96H40	A0A2I3RF71
Q9GZV7	A0A2I3RLH8
Q96NI8	A0A2I3RU21
Q9NP74	A0A2I3RYJ4
P0DMQ9	A0A2I3S3J4
O75022	A0A2I3S8Q0
A0A087WWA1	A0A2I3SAR0
A0A1B0GVQ3	A0A2I3SDA9
Q8NCW6	A0A2I3SGR9
A0A0U1RQS6	A0A2I3SVI3
Q13936	A0A2I3SX18
P14621	A0A2I3SXE1
Q9UPQ9	A0A2I3SXP3
Q8N490	A0A2I3T292
A5PLN9	A0A2I3T4E5
Q6A555	A0A2I3TQV0
Q99952	A0A2I3TTL7
P14927	A0A2I3TWX2
Q14003	A0A2I3TXA0
Q8NGX8	A0A2J8K5P2
P05230	A0A2J8NIY5
O75368	G2HEW4
Q9BXF9	G2HGU0
Q92935	H2PYD2
Q96S66	H2PZJ6
Q5T7V8	H2Q0K9
P35354	H2Q0S9
Q9Y597	H2Q150
Q86XD8	H2Q1V1
Q93098	H2Q2F4
Q9NR22	H2Q581
Q12815	H2Q5V2
O95294	H2Q6X3
Q8N3T6	H2Q768
Q92598	H2Q7D9
P50440	H2Q9D1
Q16659	H2Q9G3
Q14696	H2Q9Y1
P04733	H2QB54
Q96QE4	H2QCM7
Q96LK8	H2QD89
Q9UBX3	H2QE30
Q2M2I3	H2QGR6
Q8TB72	H2QHH7
Q8NC42	H2QIF9
P01583	H2QIK5
Q3KRA6	H2QIM2
Q9BYX4	H2QIW3
Q9UJ83	H2QM50
Q9HD33	H2QNS6
P0C2W1	H2QP11
P16234	H2QPH4
Q9P2G9	H2QPU7
Q9UHA4	H2QPY1
Q16445	H2QRY3
Q569G3	H2QS15
P22455	H2QS34
Q03113	H2QU42
Q96EH3	H2QU95
O95050	H2QUD4
P21754	H2QUT3
Q8NFK1	H2QV11
Q8NHH1	H2QXT5
Q5TA89	H2R0I1
P18031	H2R283
Q9UBS8	H2R4G2
Q6P5Q4	H2R4Z6
Q8NH00	H2R7X7
Q8N4Q1	H2RBJ7
P30613	H2RBP4
P78367	K7A5T9
O75164	K7AVE3
O96006	K7B7Q3
Q6ZS86	K7BF83
Q8N0Y2	K7CLF4
Q5VYX0	K7DAA7
P09622	K7DCW7
P10176	P60182
Q6PGN9	A0A2I3RDL4
Q5TEA6	A0A2I3RGC2
P51530	A0A2I3RGW0
Q9Y694	A0A2I3RR00
Q9HC10	A0A2I3RSJ8
Q6UWE3	A0A2I3RU34
O95544	A0A2I3RZE9
Q9BQE5	A0A2I3RZF1
P46736	A0A2I3S6A5
P43361	A0A2I3S6I4
A0A0B4J266	A0A2I3S9E1
Q6ZUM4	A0A2I3SDC2
A0A576	A0A2I3SG84
O75425	A0A2I3SLL9
Q9UKJ8	A0A2I3SNV6
P78364	A0A2I3SP68
P0CG32	A0A2I3SSW6
A6NGS2	A0A2I3TD50
Q9UIK5	A0A2I3TTZ1
Q16143	A0A2J8J5X6
Q7Z398	A0A2J8JLS0
Q96QA5	A0A2J8KGT0
Q9NS75	A0A2J8L8V4
P59095	A0A2J8NE16
Q9Y2L8	A2T7D2
Q8IXT2	G2HGN5
Q5T0N5	H2PZF1
Q969M1	H2Q0G5
Q9HAU5	H2Q1L9
Q8NH18	H2Q3M2
Q6P4A8	H2Q5I2
Q7RTY7	H2Q5N7
Q8N6G2	H2Q7D8
Q9H1E1	H2Q7X7
P33076	H2QAK4
O95822	H2QBL6
O95471	H2QC28
Q6IQ32	H2QER5
P46199	H2QHX3
P16383	H2QI78
O00499	H2QIN5
P52951	H2QJN8
Q14129	H2QL78
P40692	H2QMA1
Q9HC62	H2QNW5
Q66K79	H2QP78
Q6MZP7	H2QPT2
P12104	H2QQ34
Q8TC56	H2QRW2
Q14738	H2QT14
Q9Y3A5	H2QUN6
Q9UG63	H2QVM9
Q9H7E9	H2QWY4
Q96MA6	H2QY34
P49459	H2QZ18
Q96NU1	H2QZR7
Q96I76	H2R1U3
Q9Y2M2	H2R2E2
P60413	H2R2E3
Q8TAB3	H2R4N3
O43541	K6ZBV0
P45954	K7A158
Q01844	K7AX24
Q24JQ0	K7B1K9
Q9UQ03	K7B5H8
Q7KZ85	K7B6C0
Q12981	K7BDW0
Q6I9Y2	K7BYA8
Q5U3C3	K7C2P0
Q8NDC4	K7C7J1
Q9UL54	K7CMN1
Q6P2C8	K7CT09
Q8IUX1	K7D222
P11831	K7D2P2
Q9GZM7	K7D3X3
Q30KQ7	Q30KL4
Q9Y5H8	Q5DRE9
Q00059	A0A2I3RBH4
Q9UJA3	A0A2I3RCL0
Q14722	A0A2I3RGR5
Q9NQW7	A0A2I3RL08
O43602	A0A2I3RS55
P24462	A0A2I3RS85
Q9BTZ2	A0A2I3SF76
O15244	A0A2I3SKT3
Q9GZP9	A0A2I3SKY7
O75473	A0A2I3STB8
Q12802	A0A2I3SW46
P09104	A0A2I3T0X3
Q9UL63	A0A2I3T2U5
O00222	A0A2I3T468
Q14061	A0A2I3TS91
Q96T17	A0A2I3TUC6
P51686	A0A2I3TX94
Q9ULL8	A0A2J8JH45
P01732	A0A2J8L5Y2
Q494R4	A0A2J8N284
P17542	A0A2J8NIQ0
P49758	A0A2J8PJ52
P52945	A2T756
P29322	H2PYA1
Q9HC44	H2PYX8
Q9NP85	H2Q0P5
Q03014	H2Q2A0
Q5T4F4	H2Q2D7
Q92743	H2Q2P9
Q8WU03	H2Q3Q5
P62854	H2Q674
Q8WXQ3	H2Q895
Q9NZR1	H2Q9G0
O75192	H2QA22
Q14532	H2QCY9
A5D8V7	H2QFD9
Q9NUR3	H2QJT3
Q9NRH2	H2QME0
P48764	H2QQK4
Q9P0K7	H2QQQ9
Q9H015	H2QRG3
P17900	H2QRT9
Q9Y3C1	H2QS24
Q15375	H2QTF1
Q9BWV7	H2QU17
Q6PID8	H2QVD2
Q14289	H2QVX8
Q99541	H2QX16
Q96T83	H2QYI2
Q6P2E9	H2R199
Q8TDI7	H2R1A8
Q5T280	H2R236
Q9UBM4	H2R330
Q5JSJ4	H2R4J0
O60841	H2R8P2
Q9Y462	H2RC05
Q9HAT1	H2RDB7
A8MYP8	H2RDM8
Q8NFG4	K6ZCX9
Q9BQP7	K7ATT7
Q6IQ55	K7AZZ7
Q9UGN5	K7BHU1
Q6P996	K7BI39
Q9NWS1	K7BJ45
P18827	K7BMB3
Q6ZRQ5	K7CAP7
O95503	K7CGH5
O95551	K7DBQ3
Q9Y5V0	K7DD16
P05362	Q28806
P08758	Q5R1W0
B4E2M5	A0A2I3RKR3
Q14C86	A0A2I3RP75
Q8TF65	A0A2I3RSM2
P17342	A0A2I3RV92
Q9UF11	A0A2I3RYI8
Q8WVM8	A0A2I3SEQ4
A6NK97	A0A2I3SFN1
Q9UJQ4	A0A2I3SGB5
Q86UE8	A0A2I3SH67
P48380	A0A2I3SKU9
Q9Y697	A0A2I3SM38
P46089	A0A2I3SNR0
Q96BD8	A0A2I3STV8
P0DM35	A0A2I3T4H4
Q5T1M5	A0A2I3T8J7
Q63HQ2	A0A2I3T9N5
Q8N6U8	A0A2I3TGQ2
Q9HB09	A0A2J8J0Q0
A6NJL1	A0A2J8JLI0
Q8N4B5	A0A2J8KHB8
A0A1B0GTI8	A0A2J8L8L2
P48544	A0A2J8N158
Q8NBE8	A0A2J8PQL2
Q8IY82	G2HE57
P62258	G2HI54
Q96PN8	H2PYK5
Q8IXW5	H2PZE4
Q92535	H2Q0L9
Q9H3P7	H2Q184
Q9BZD6	H2Q3D2
Q6P9B9	H2Q3W2
Q96AP7	H2Q516
P61923	H2Q641
Q9H9S4	H2Q7K4
Q5GJ75	H2Q9F4
Q9P2Z0	H2Q9Q4
O75888	H2QC44
Q9BSH4	H2QDM9
P62314	H2QEB7
Q9NZM5	H2QGQ0
Q03828	H2QJ10
O95810	H2QJ62
Q9GZZ7	H2QJW0
Q9H598	H2QKC6
O95447	H2QL14
Q69YG0	H2QMF2
O95376	H2QMK4
Q8IWK6	H2QPA1
Q8N5T2	H2QPB4
P0C0S5	H2QPY3
P51946	H2QR75
P14373	H2QSK5
P04118	H2QSW1
Q96ME1	H2QU48
Q53GI3	H2QV07
Q7L273	H2QVX3
P42766	H2QXW0
O43298	H2QXW7
O95900	H2QXY8
Q5EBL8	H2QYR4
P0DJI8	H2R5J3
Q7L3B6	H2R6U4
Q6NUJ5	H2RDG1
Q8WZ71	H2RFT1
Q8TF45	H2RGJ7
F5GYI3	H2RH76
Q9BRH9	K6ZP42
O15484	K6ZPM2
Q9Y3C4	K7AMN7
Q96N21	K7BBB4
Q8N9T8	K7BJR8
P00492	K7C582
Q9NNX1	K7CQG4
Q8IY57	K7D4Z1
P22314	K7D7T2
P55290	K7DFV8
Q86XI2	K7DGJ0
Q969W0	K7DQF9
Q8N687	Q30KK3
Q5JUW0	A0A2I3RW34
O00327	A0A2I3S0J3
P0DTW3	A0A2I3S5H2
Q9UBL6	A0A2I3SHB3
Q8IUD2	A0A2I3SVS2
Q9BUE6	A0A2I3SW57
Q8WWI5	A0A2I3SX32
P58340	A0A2I3SYP4
A8K830	A0A2I3TV32
P06734	A0A2J8J6A3
P59282	A0A2J8JI07
Q9H0A6	A0A2J8KLU1
Q96DT0	A0A2J8LE01
Q32M78	A0A2J8LWW1
P35914	H2PYB3
O43781	H2Q103
Q9BXT4	H2Q2L7
P21802	H2Q2P3
Q9H6X4	H2Q489
P26436	H2Q526
P20671	H2Q5I5
Q86YW0	H2Q5K1
Q9HBU6	H2Q5L6
P19013	H2Q605
Q8NGE2	H2Q657
Q9Y324	H2Q8L8
P29376	H2Q982
P62491	H2Q9M8
P54132	H2QA33
Q9BUB4	H2QBJ1
Q13485	H2QEJ6
O60331	H2QEZ4
Q8N801	H2QHV7
P62820	H2QHZ8
Q8N136	H2QJJ9
Q2I0M5	H2QJT1
P48552	H2QKV0
Q8TEM1	H2QM35
Q460N3	H2QN81
Q86UK5	H2QP60
P78426	H2QPT8
Q99946	H2QSQ7
Q8TDZ2	H2QTJ1
Q8WUB8	H2QU23
P07738	H2QVE8
Q8TCU3	H2QWD8
Q14137	H2QWW3
P33552	H2QXF4
Q15059	H2QY49
A6NGE4	H2QYF4
Q14627	H2QZ11
Q9NPC3	H2QZI7
Q8TD07	H2QZS0
Q9UHN6	H2QZU4
Q6PFW1	H2R0H6
Q9P1A6	H2R1L5
Q8NEJ9	H2R2X6
Q96L91	H2R360
Q8TEB9	H2R3M9
Q9H5V9	H2R4K7
O95486	H2R5C3
P31937	H2R5F7
Q9NU53	H2R6W3
Q9H3M0	H2R8Z5
Q5W150	H2R924
P18283	H2R9A3
Q3SXY7	H2R9Z7
P0C7M6	H2RFK9
A0A1B0GTJ6	H2RFX4
Q9H009	H2RGB8
Q13370	H2RI49
Q9Y4B6	K7B9N6
P07099	K7BCN1
Q9UKU9	K7BRA2
Q9NR09	K7C5B8
Q9H4B6	K7CA30
P41732	K7CAZ2
P10515	K7CCG1
Q92692	K7CX03
P0C7T5	K7DDJ9
Q96D71	K7DL33
Q99697	K7DRL4
P04156	P61768
P35372	Q5IS39
Q495B1	A0A2I3REW6
P47883	A0A2I3RLI5
Q86TZ1	A0A2I3RUE0
P15153	A0A2I3RXT4
P50452	A0A2I3S625
Q13261	A0A2I3SCX4
P01130	A0A2I3SE15
P17022	A0A2I3SE29
Q9P0U1	A0A2I3SGL8
P48066	A0A2I3SJC2
Q8N859	A0A2I3SJP3
P29466	A0A2I3SPD8
O60245	A0A2I3SQT6
Q9UL18	A0A2I3SWL4
Q96M34	A0A2I3TDP9
O95484	A0A2I3TGW5
Q9H606	A0A2I3TKJ2
A0A1B0GVZ2	A0A2J8IPY6
O75038	A0A2J8K8P0
Q9C010	A0A2J8PTT1
Q9Y6Y1	H2PXX5
A6NL82	H2PYU3
Q9UGM6	H2PZS7
Q96GX5	H2Q1R7
Q9BX93	H2Q229
Q9H8L6	H2Q273
P52732	H2Q299
P0DJI9	H2Q393
O75604	H2Q4Y6
Q14863	H2Q5X7
O43248	H2Q631
Q96K80	H2Q676
Q8WU20	H2Q6G0
Q9H6R3	H2Q6J5
Q9UNH7	H2Q859
Q8ND90	H2Q8K5
Q7L8A9	H2Q8N9
P60827	H2QA93
Q68CZ1	H2QB37
P35218	H2QBP6
Q96NS5	H2QD65
Q8NFI3	H2QE02
Q9NZ42	H2QG41
Q15072	H2QG61
Q86YJ6	H2QIB1
O14929	H2QIZ3
Q969X1	H2QJE5
Q9H115	H2QK28
O60287	H2QKY5
Q9Y6U7	H2QLH1
Q9C0D6	H2QQA5
P59942	H2QSM8
Q5TGI0	H2QTF9
O15540	H2QTN9
Q6UWB4	H2QVR1
Q96LT9	H2QZU7
Q6UW32	H2R0R7
Q9NZV5	H2R165
Q8WY54	H2R1N6
Q5T750	H2R260
Q7Z333	H2R263
Q9ULK6	H2R381
Q8IYF3	H2R4P5
Q9Y2K2	H2R4Y2
P09211	H2R572
Q5VTT2	H2R6N3
Q92769	H2R700
Q330K2	H2RBL2
Q9Y320	H2RBT0
P0CJ77	H2RI33
Q5R372	K7A2X4
Q15013	K7A4V7
Q9BVS4	K7ABH3
Q9C0D5	K7AQ17
Q9P0V9	K7ATU7
Q7Z388	K7BFR9
Q96EV8	K7CB60
P06213	K7CJP0
Q9UQK1	K7CP68
Q14CW9	K7CVV6
Q8WXD0	A0A2I3RBE8
Q9UBP8	A0A2I3RC57
O95197	A0A2I3RFS0
A0A1B0GUV1	A0A2I3RQJ5
Q12934	A0A2I3S136
Q9ULD0	A0A2I3S2N6
Q8IXJ9	A0A2I3S802
Q8WU08	A0A2I3SHB7
Q6U841	A0A2I3SID8
A0A075B6N4	A0A2I3SKF7
Q8WU79	A0A2I3SNP0
Q04759	A0A2I3SNQ3
Q96FV3	A0A2I3T1V5
Q9BXY5	A0A2I3T3U7
Q8NAJ2	A0A2I3T409
Q9BRR9	A0A2I3T4N0
P01116	A0A2I3T6U4
Q9NY47	A0A2I3TKQ2
P52569	A0A2I3TMF3
Q7Z5L7	A0A2I3TRP8
Q6IC98	A0A2I3TSL5
Q96MM7	A0A2J8JSL9
Q8N427	A0A2J8PZ64
P22531	A0A2J8Q3Q4
P30874	G2HFH4
Q9NVM1	H2PYN2
O94967	H2PZJ7
P30039	H2Q1Z2
P25092	H2Q5I3
Q12792	H2Q5R3
Q8IYM0	H2Q5V6
O43790	H2Q5Z0
Q8N9N7	H2Q996
Q8TF76	H2QBX1
Q32NB8	H2QDZ7
Q9HC52	H2QE06
P49257	H2QEL7
Q6NSJ5	H2QF75
Q15907	H2QF84
Q8NG97	H2QF90
P49840	H2QGF9
O15514	H2QIP4
P25106	H2QJP1
Q9Y225	H2QJW6
Q8N2K0	H2QK43
Q14166	H2QLU9
Q86WK7	H2QMM1
Q6IBS0	H2QMR1
Q9UH90	H2QN70
Q495C1	H2QP31
Q969S9	H2QR31
A1A519	H2QRD6
P45984	H2QS62
Q5VWX1	H2QT91
Q04900	H2QTI8
P35244	H2QU67
O15498	H2QUI3
Q9BXT5	H2QVZ9
Q5QP82	H2QXA6
P19532	H2QYK8
Q9NQT8	H2QZJ7
A6QL64	H2R3G5
Q8IWU6	H2R3X8
Q9BVT8	H2R4V2
A6NFN9	H2R7Z6
Q717R9	H2R8Z6
P18433	H2RBP7
A4QMS7	H2RBS2
P31277	H2RCD2
Q9BXV9	H2RCJ6
B4DX44	H2RCN2
Q3ZCW2	K6ZZC6
P47928	K7ASY9
Q14865	K7B639
Q6NT89	K7BIF5
Q02040	K7BS03
Q96S65	K7BVU1
Q16206	K7CTH1
P10301	K7CW85
Q8N9I9	K7D2S7
P35711	K7DP88
P13598	Q5NKV2
Q9UD57	A0A2I3RDH0
O00470	A0A2I3RPI9
Q5VZ19	A0A2I3SI37
Q8TE54	A0A2I3SL14
A0A075B6H8	A0A2I3STK4
Q9ULX6	A0A2I3T1W7
Q9NQ32	A0A2I3T8K6
Q6ZRS4	A0A2I3THF4
Q8N7Z5	A0A2I3TU62
P30838	A0A2J8J782
P0CG21	A0A2J8J8L8
Q9NP55	A0A2J8JY88
Q5JVX7	A0A2J8NHC1
Q96A11	A0A2J8QBK4
Q7Z3V5	A0A2J8QIE1
Q9Y287	A5A6H8
Q7Z569	G2HEK6
Q0VDF9	G2HEZ2
Q9NYP3	G2HF01
Q3LXA3	G2HF99
P11926	G2HG62
Q6P2D0	H2PYS1
O43414	H2PYW0
Q06732	H2Q1T7
Q9UKS6	H2Q3I5
O96014	H2Q4F7
Q14392	H2Q4F9
O14508	H2Q6L9
P20132	H2Q6Y1
Q9NP78	H2Q751
Q8N9W8	H2Q8H1
Q9Y2Y9	H2Q928
O14672	H2Q9I4
Q9BYZ2	H2Q9I9
Q8N141	H2QG63
Q9P244	H2QGA3
Q96D15	H2QGV4
Q9NR33	H2QI74
P01584	H2QIK6
Q96ST2	H2QIN9
Q8WZ42	H2QJ24
Q8WU90	H2QJ41
P04155	H2QL27
O60239	H2QM48
Q96EL1	H2QMM4
O15173	H2QQ58
Q16558	H2QRZ7
Q6UXE8	H2QS67
Q9HBV2	H2QTD8
Q9HBD1	H2QXU7
P16870	H2QZG0
Q12986	H2R0P2
Q9H305	H2R0T9
Q13202	H2R3V6
Q9H1E3	H2R3Z2
P04233	H2R586
Q9H4A5	H2R8P1
Q8N7J2	H2RA89
Q8IXZ3	H2RBQ2
Q8WXX5	H2RD40
P18825	H2RE05
P16104	K6ZAK5
Q9Y4D2	K6ZXB4
Q7Z7H8	K7AVU5
Q15349	K7BC94
Q8IZJ1	K7BVI5
Q16082	K7BZ54
P22415	K7BZZ6
Q9Y2T1	K7CHS6
Q96F63	K7CL15
Q9ULC0	K7D401
Q08345	K7DC42
Q2WGJ9	K7DDB4
Q5T0T0	K7DQ38
P60022	P60023
Q9NYP9	Q68UT5
Q9NSC2	A0A2I3RIT7
Q2VY69	A0A2I3RJR7
Q96FB5	A0A2I3RRF6
Q6V1X1	A0A2I3RVD3
Q9UDR5	A0A2I3RZG1
Q2M243	A0A2I3S194
O95867	A0A2I3S8U6
O14990	A0A2I3SBT0
Q6IN85	A0A2I3SFP1
Q9UHC1	A0A2I3SJ25
O95389	A0A2I3SN14
P28356	A0A2I3SQZ2
P0CW24	A0A2I3SS30
Q9H4I0	A0A2I3SVP4
Q9UMR7	A0A2I3SXH0
P05113	A0A2I3SZB7
P52824	A0A2I3T0A2
Q3Y452	A0A2I3T785
P46934	A0A2I3T8C4
Q9NYZ3	A0A2I3T8F5
Q8TCD5	A0A2I3TB13
P13584	A0A2I3TMP4
Q6UB99	A0A2I3TR65
O00445	A0A2J8IWZ5
P56278	A0A2J8J4R0
Q9Y4J8	A0A2J8MM18
P0DJ93	A0A2J8MTJ8
Q9Y653	A0A2J8MVX5
P49862	A0A2J8Q6J0
Q86YI8	H2PXX3
Q96PP9	H2PZD1
Q15678	H2Q148
Q8WWQ2	H2Q2E2
Q76KP1	H2Q2U7
Q9H3V2	H2Q3S4
Q9H6E5	H2Q3V8
Q8WXW3	H2Q7M9
Q96MU6	H2QBR3
P08514	H2QD72
Q00526	H2QDX1
O14732	H2QE97
Q13111	H2QF16
Q9NXJ5	H2QFT0
P12004	H2QJX3
Q9H579	H2QKB1
O14807	H2QNG3
Q9BY21	H2QNL3
Q96N46	H2QNS9
Q7Z7G1	H2QP82
Q9H1C7	H2QRL9
P09486	H2QRU3
Q9HAV4	H2QT28
P08F94	H2QT63
Q9NRA2	H2QTA2
P49638	H2QW83
P60891	H2QYZ4
O95498	H2R0J2
Q6A163	H2R213
Q96RN1	H2R2R8
O94911	H2R365
Q9HCC6	H2R3T5
Q8TB37	H2R457
Q7Z6L1	H2R548
O76054	H2RC31
Q96B33	H2RGG8
Q9BV36	K7BY93
O14974	K7D148
Q15005	K7DFB5
Q30KQ4	Q30KL1
Q9UK76	R4GNK2
A0A1W2PPD8	A0A2I3RFT3
Q86VL8	A0A2I3RYW8
Q8N442	A0A2I3S7N3
P16671	A0A2I3SCG4
Q5T8P6	A0A2I3SFF0
A0A1B0GVY4	A0A2I3SJV3
O95302	A0A2I3TVZ1
Q92859	A0A2J8KRC4
O95398	A0A2J8LQL4
Q8WWA1	A0A2J8NNV5
Q9H875	A0A2J8PW89
Q96KS9	A0A2J8Q9F0
Q96PP4	A0A2J8QTE3
Q8N8F7	A0A2J8QXQ3
Q8WZA0	H2PXZ0
Q9BXS4	H2PZ29
P19397	H2PZM7
Q9H3M7	H2PZT4
Q9Y3E2	H2PZV6
O95259	H2Q129
Q96E93	H2Q5D9
Q7Z794	H2Q602
Q16526	H2Q6S7
Q8N697	H2Q769
O15037	H2Q837
Q9P1W3	H2Q8P2
P51003	H2Q8W4
Q8IYS4	H2QAI3
Q96MH2	H2QD86
Q9BRX9	H2QFG2
P11912	H2QGF1
Q96AN5	H2QGQ9
Q7RTU1	H2QHL7
Q8WUX2	H2QHW8
P50135	H2QIS2
B2RUY7	H2QJC8
Q8TD26	H2QKD4
P17181	H2QKY9
P61586	H2QML4
P19827	H2QMS5
Q8NBL1	H2QN54
Q9Y4D7	H2QNC7
Q13257	H2QQ35
Q6ZW05	H2QT51
O60508	H2QTJ6
P33993	H2QV16
P13497	H2QVU7
O75593	H2QWX3
Q9BPX5	H2QXW1
Q15361	H2QY30
P55285	H2R1Q6
P22748	H2R2R2
Q6NSI4	H2R362
Q9Y4A5	H2R3W0
Q8NHU6	H2R470
P48431	H2R486
Q5J8X5	H2R5E2
Q9P107	H2R685
Q96G01	H2R7B0
A6NJ46	H2R9U5
P49747	H2RCK1
Q08334	K7AI61
Q9H5I1	K7AU49
Q8TEC5	K7BC55
Q7Z624	K7BRV5
Q9H0K1	K7C495
Q6UY14	K7CPS6
Q9H2K8	K7CUM6
P63010	K7CXZ7
Q6DKJ4	K7DKH1
P69905	P69907
O00587	Q5IS64
Q9UQQ1	A0A2I3RDD4
Q8NH55	A0A2I3RLZ9
P15259	A0A2I3RNH5
Q6UVK1	A0A2I3RRE3
Q2M3X9	A0A2I3RT22
Q6ZN18	A0A2I3S1X2
Q3KNV8	A0A2I3S581
P20264	A0A2I3SDV9
P51513	A0A2I3SEW0
Q9H334	A0A2I3SFB7
Q8NE86	A0A2I3SHP0
P07992	A0A2I3SIW0
Q92932	A0A2I3SMZ8
Q4ZIN3	A0A2I3SRK8
Q8WVN8	A0A2I3SUV9
Q15811	A0A2I3T257
Q15468	A0A2I3T5F8
P01567	A0A2I3T730
Q9P0W8	A0A2I3TIA2
P06744	A0A2I3TJX5
O94885	A0A2I3TK56
Q9Y5X5	A0A2I3TM59
Q15797	A0A2I3TSA6
Q9BZL4	A0A2I3TWF3
Q15849	A0A2J8MMM7
P20472	A0A2J8QPJ7
Q9H6K4	G2HH43
Q9H3G5	G2HHC5
P63000	G2HIC3
Q9Y615	G2HJP5
P17405	H2Q319
P56202	H2Q446
Q9UBX1	H2Q471
Q9NVE4	H2Q472
Q6UXM1	H2Q6D1
Q14C87	H2Q771
Q7L8W6	H2Q945
O14770	H2Q947
Q96KJ4	H2QA87
Q9NRY6	H2QC35
Q0P670	H2QC38
Q9BQB4	H2QD54
Q8IVA1	H2QF67
Q14576	H2QFE1
Q9H607	H2QFQ3
Q9HD20	H2QFV7
Q8TAE7	H2QHT4
O76096	H2QK39
Q9BX46	H2QKM9
Q9NRD5	H2QLN1
Q96HP4	H2QM54
Q92904	H2QM56
Q8WUM4	H2QM96
O43364	H2QUB4
P14902	H2QW24
Q9UKM7	H2QY80
Q8TEQ0	H2QZP3
O14980	H2R0K9
P46721	H2R1X2
Q9NZ71	H2R359
Q8NFZ3	H2R3R1
Q0D2K3	H2R4L9
P31785	H2R4P4
P09683	H2R5P1
Q9BSH5	H2R6E8
Q5W064	H2R7M0
Q9NWN3	H2R9B6
P35908	H2RBA1
Q8N148	H2RHE7
P05156	K7ABU9
Q02809	K7BI49
P08913	K7BR90
Q8NAV2	K7C0X8
P15289	K7CLG1
Q9BVW5	K7CNJ9
Q7L804	K7D420
Q14789	K7DC20
Q7RTX0	Q717C2
Q9HCE6	A0A2I3RAS3
O15254	A0A2I3RFF9
Q86XS8	A0A2I3RN83
O75095	A0A2I3RZT2
Q7Z3S7	A0A2I3S6D0
Q7RTU7	A0A2I3S988
Q9Y3A2	A0A2I3SDX6
P08151	A0A2I3SME4
Q14643	A0A2I3SSC7
Q96KW9	A0A2I3SSX9
Q8TCG1	A0A2I3STK5
Q96RC9	A0A2I3T2S8
P0CJ79	A0A2I3T5U3
Q5VYV7	A0A2I3TC12
Q9BW61	A0A2I3TWZ6
Q9NRF2	A0A2J8IJP6
Q14494	A0A2J8J990
P14060	A0A2J8JUJ9
Q8N967	A0A2J8KMF7
P34910	A0A2J8LIW4
Q86UF4	A0A2J8LM70
Q01518	A0A2J8LYU1
P43699	A0A2J8MI86
P54764	A0A2J8NFU1
Q99999	G2HEF5
P04350	G2HGK8
Q5JT82	H2PYV8
Q5SZQ8	H2PZZ4
Q96RW7	H2Q0S6
Q7L211	H2Q7S6
Q9P0R6	H2Q8W2
Q8TBF8	H2Q9J0
Q96FJ2	H2QDI5
Q96T88	H2QF26
Q9BRG2	H2QF57
Q9Y421	H2QFP1
Q9Y6X3	H2QFV3
Q9BRR8	H2QFZ7
Q6P1J6	H2QHP2
Q13685	H2QJE3
Q9BWW9	H2QLK4
Q96IV0	H2QM74
Q86VD1	H2QN27
Q8NC60	H2QPI7
P55011	H2QRF1
Q99878	H2QSI6
Q8IZD2	H2QV70
Q93062	H2QVZ7
Q8N531	H2QWW7
Q8NA23	H2QXQ6
Q8NDA2	H2QY16
Q5JST6	H2QYH8
Q5VW00	H2QZ35
O94827	H2R042
Q9P2G3	H2R076
Q9NRY2	H2R2G2
P78556	H2R2S1
P42357	H2R767
Q96SW2	H2R8H3
Q9UJ71	H2R8S3
Q86YF9	H2RA17
A8MXV4	H2RBC0
Q6ZP65	H2RC43
Q6IEU7	H2REM6
P0C7M3	H2RHG8
Q9UHA2	K7AUN5
Q9HBT7	K7B2U8
Q99717	K7B6A4
Q9P299	K7B7G9
O00339	K7BCL4
Q7L8J4	K7BE44
O75629	K7CBH9
Q63ZY3	K7CJ90
P30154	K7CWZ7
Q14974	K7DK08
Q8NAA4	K7DMP4
Q8IY81	K7DSE9
Q9Y6M9	Q0MQF0
P03923	Q9T9V6
P29475	A0A2I3RBM7
Q86XM0	A0A2I3RFU8
Q9Y6R0	A0A2I3RGN5
E2RYF7	A0A2I3RXV1
Q969J2	A0A2I3S4K0
Q8NFH8	A0A2I3S580
P35346	A0A2I3S7Y5
Q9BT81	A0A2I3S8Z2
Q7Z2Y8	A0A2I3SC51
O60313	A0A2I3SKT2
Q8TAF3	A0A2I3SQZ5
P59047	A0A2I3STX2
Q96PE5	A0A2I3T364
A3KMH1	A0A2I3T4K5
Q9ULK2	A0A2I3TB45
Q9P2W6	A0A2I3TFA9
Q6VY07	A0A2I3TWC7
O00337	A0A2J8ITE6
O00476	A0A2J8JQB1
Q8TF08	A0A2J8L2Y4
Q5JVG8	A0A2J8LSJ7
A3KN83	A0A2J8MCW7
O15020	A0A2J8QB90
Q8TBC3	A0A2J8QG26
Q9H098	A0A2J8QJF6
P01009	A0A2J8QMJ1
Q8NA82	A0A2J8QYR9
Q9H4B8	G2HFK4
Q8N3Z6	G2HGM2
O75900	H2PXU2
Q13129	H2PYR7
Q8NFU0	H2PYW4
Q9P217	H2PYW9
O75071	H2PYZ2
P51398	H2Q083
Q7L513	H2Q0H0
P21291	H2Q0W1
O15228	H2Q1C5
Q96QD5	H2Q3D4
Q8NGL6	H2Q3K8
Q9NXJ0	H2Q3S5
Q9NXR5	H2Q7T2
Q6UWJ1	H2Q7U4
Q8IWV7	H2Q9A0
A6NED2	H2QA39
Q01650	H2QBP5
Q9BYQ3	H2QCY3
P22888	H2QHW5
Q5VSG8	H2QIS0
P62310	H2QM39
Q9BTT4	H2QQL9
Q86T96	H2QQZ0
Q5M9Q1	H2QSJ9
O95497	H2QTR5
Q15165	H2QUY6
Q9UIJ5	H2QVS6
Q6YI46	H2QWE9
Q9NPD3	H2QWV6
O43474	H2QXN2
Q5VZ52	H2QXT6
Q6P1M0	H2QXZ0
Q8N539	H2QY23
Q99457	H2QYV8
P31939	H2R0X5
Q86W33	H2R184
Q9NSI5	H2R1Y1
Q12912	H2R2N8
Q5K130	H2R771
Q8IUB3	H2R8W6
P0C2S0	H2RIN1
O43520	K6ZES6
Q58WW2	K7A0S4
Q9H2V7	K7A535
Q96F25	K7AJ24
Q15050	K7AYP5
Q96EZ8	K7B7Z5
Q8N5I2	K7BQ27
Q9BU89	K7BVA4
Q6UX07	K7CS04
Q6X4W1	K7DNM0
Q5J5C9	Q30KK6
Q9NQR1	A0A2I3RRQ7
Q8IYX8	A0A2I3S290
P59817	A0A2I3S841
Q7Z5A4	A0A2I3S8A3
Q32MZ4	A0A2I3SAP8
P15822	A0A2I3SHZ1
A0A1W2PR48	A0A2I3SK00
Q3ZLR7	A0A2I3STB3
Q6DWJ6	A0A2I3T6M5
Q9NPA8	A0A2I3TFN0
O00330	A0A2I3TFV3
Q9GZR1	A0A2I3TGU2
Q5T601	A0A2I3TLH8
Q7Z6P3	A0A2I3TTI2
Q14CZ7	A0A2I3TVI3
O15231	A0A2J8IMR2
O95947	A0A2J8ISW4
O00167	A0A2J8MJL9
Q96A57	A0A2J8MSI7
Q8NHB7	A0A2J8MY22
Q8NH64	A0A2J8P6U5
Q9Y2G7	A0A2J8QIH1
O00560	G2HGC6
Q59H18	H2PZ86
Q5VTH2	H2Q0G9
Q8NFZ0	H2Q1K7
Q9HB03	H2Q2H0
Q96MB7	H2Q3H7
Q9Y315	H2Q5J5
Q9UNI1	H2Q5Y1
O75366	H2Q6C8
Q8NDN9	H2Q7K5
Q9P2I0	H2Q8T2
Q9NPE3	H2Q939
Q8IW40	H2QD79
Q8NB42	H2QG71
Q10586	H2QGS0
Q9HCU5	H2QHL6
Q9H221	H2QHU1
Q99814	H2QHV1
O75569	H2QJ21
O43638	H2QK56
Q9Y426	H2QL21
Q8IYX3	H2QLB1
Q7Z6W7	H2QLR8
O43772	H2QMK3
Q8N5Z0	H2QQF3
P43220	H2QSY0
Q8N3L3	H2QTU4
P35998	H2QV66
Q9Y5L2	H2QVB8
Q6ZU65	H2QVG8
Q5JTN6	H2QXV9
P21673	H2QYE7
Q9UF56	H2QZQ2
Q9NYG5	H2R0U8
P05496	H2R2W1
Q7Z2Z1	H2R873
Q0ZGT2	H2RAM3
Q8IZ63	H2RB28
P22914	H2RCF8
Q9UBI1	H2RD28
Q15170	H2RDS3
Q32M45	H2RDX1
Q8N752	H2REV2
Q9UFV1	H2REZ6
O96011	H2RI44
P50148	K6ZCJ5
Q53LP3	K7AH16
Q14566	K7BMV9
Q6PJ69	K7CED1
Q08945	K7CHU5
P01375	A0A0U5J3S4
Q96I15	A0A2I3RAN9
Q8WYQ3	A0A2I3RT30
Q6NW34	A0A2I3RZJ2
Q9UQ52	A0A2I3S9Z7
Q96PF2	A0A2I3SHG3
Q9BXF3	A0A2I3SMG3
Q9NNZ3	A0A2I3SS70
P43308	A0A2I3SZU9
Q8NB59	A0A2I3T3D9
P11597	A0A2I3TFA7
O00182	A0A2I3TFY2
Q6UWN5	A0A2I3TGG8
O15230	A0A2I3TJN0
A6NDA9	A0A2I3TJY8
Q96IY1	A0A2I3TNE8
Q9UHI5	A0A2I3TPJ3
O15357	A0A2I3TQD0
Q9UJ41	A0A2I3TR37
O14512	A0A2I3TU33
Q14390	A0A2I3TWX8
O15090	A0A2J8KSQ6
Q5VT40	A0A2J8LM07
Q6GTX8	A0A2J8Q7Y8
P41162	A2T762
P61221	G2HF28
O00273	H2PXZ7
Q99895	H2PY33
P50897	H2PYR6
Q96LA8	H2PZI7
Q9Y3D3	H2Q233
Q8TAT2	H2Q296
Q7Z6J2	H2Q5Y7
Q147X3	H2Q8D2
Q8IXM7	H2Q9U7
O60637	H2Q9V4
O60437	H2QAI9
Q9BW71	H2QAW2
Q0VAF6	H2QGA0
Q8NBL3	H2QHS8
Q8WUA7	H2QLX0
P30559	H2QM02
Q13191	H2QN18
Q6ZVX9	H2QNI9
Q9Y2Q0	H2QPE0
Q86W54	H2QRL3
O60238	H2QVX5
Q8N4T0	H2QW97
Q9Y3P8	H2QX83
Q9UK00	H2R027
O00468	H2R0K5
O75541	H2R1Y5
Q6ZMZ0	H2R345
P55056	H2R4L0
O95944	H2R7B6
Q4KMG9	H2R7I2
Q9UBU8	H2R889
P52926	H2R8K3
Q96MY1	H2R925
Q6T310	H2RA85
P49763	H2RDS7
Q9UKQ9	H2RDY5
Q8N6I1	H2RFZ8
A8MPS7	K7A472
Q70Z53	K7ANV7
P78406	K7AWN8
P11473	K7BXK6
P83876	K7CG23
Q9BYN0	K7CJI6
Q6ZSS3	K7DJ02
Q9Y5G7	Q5DRB4
Q9H497	A0A2I3RAV2
Q5VZR4	A0A2I3RLY2
Q9UHV5	A0A2I3RTQ3
Q8NCC5	A0A2I3S6R8
O75871	A0A2I3SAB5
Q8NGU1	A0A2I3SDC1
Q9UMS0	A0A2I3SGT1
O00471	A0A2I3SL82
Q13625	A0A2I3SP22
P09086	A0A2I3SUL3
Q9BRL7	A0A2I3SW50
Q6ZMV5	A0A2I3T579
Q9NWC5	A0A2I3T871
A0A5F9ZHU2	A0A2I3T8L5
Q8IZE3	A0A2I3TFN7
Q8NDY3	A0A2I3TRT6
Q96FW1	A0A2I3TSY9
P05181	A0A2J8J1H0
Q13520	A0A2J8KE95
Q9UKT9	A0A2J8KGX5
Q9NY72	A0A2J8N1W1
Q16621	A0A2J8Q0U0
Q9Y6Y9	B3Y6A6
Q15084	G2HJ20
Q9H9D4	H2Q3I1
P78380	H2Q5F3
Q96A58	H2Q5J1
Q86Z23	H2Q5V3
Q8WUH6	H2Q6S5
P17931	H2Q8C5
Q3B7J2	H2QBC4
P49916	H2QCP0
P35227	H2QCT2
P49703	H2QD50
P02730	H2QD68
Q6UXH8	H2QEL8
Q96HP0	H2QFD2
P14854	H2QG35
Q9NZN3	H2QHQ1
Q96SM3	H2QJU5
P50749	H2QJX0
Q9Y259	H2QLY3
Q9BTV4	H2QM38
P20396	H2QNC9
P28907	H2QP89
Q9UHY7	H2QPS9
O76061	H2QS12
P10412	H2QSG2
Q9Y5W7	H2QTD0
Q9HBV1	H2QTG9
Q96E22	H2QTN0
O43491	H2QTQ8
Q9P266	H2QUQ7
P56178	H2QUZ2
P41587	H2QVP2
O60674	H2QWZ4
Q9UI40	H2QX18
Q96FA3	H2QZV1
Q6ZMY9	H2R311
O76076	H2R8X7
Q8N6I4	H2R978
O15116	H2R9V1
Q56VL3	H2RA22
Q4G0N8	H2RCQ7
A2RRL7	H2RDT4
A8MXV6	H2RED3
A4D2P6	H2RGJ2
Q6GQQ9	K6ZPC6
Q9NXR7	K7ALU2
Q9NYH9	K7APW5
Q15011	K7BGN9
Q7Z4N8	K7BKA4
O95633	K7BKW3
O43150	K7C6F3
Q6NUK4	K7CAY1
Q6UX01	K7CCW8
Q9BZF2	K7D7R1
P47897	K7DIB3
P02652	Q8MIQ5
Q15080	A0A2I3REU3
Q8WUH1	A0A2I3RRC4
O95678	A0A2I3S574
Q07002	A0A2I3S5E3
A6NL26	A0A2I3S719
Q8N3G9	A0A2I3SDQ4
O95347	A0A2I3SER5
Q5VTJ3	A0A2I3SH64
Q9P2K5	A0A2I3SI21
Q8NA61	A0A2I3SJM0
O43261	A0A2I3T9L7
Q9HCU4	A0A2I3TB47
Q8IZX4	A0A2I3TBM8
O75347	A0A2I3TBZ8
O60431	A0A2I3TJU6
Q9UKQ2	A0A2I3TV51
P10276	A0A2J8KGL7
Q8NH16	A0A2J8KNU2
P35414	A0A2J8LC41
Q01814	A0A2J8M194
Q8NH54	A0A2J8P6L7
Q8WYK2	A0A2J8PK05
O75290	A0A2J8QFS6
Q12874	G2HJ63
Q8N7C0	H2Q0I3
Q9UBH6	H2Q0Q1
Q6VAB6	H2Q6Z2
P12074	H2Q709
Q9NZD8	H2Q9L5
Q8IUY3	H2Q9Q9
Q86W42	H2QAF1
Q6DKK2	H2QCB6
Q86VR2	H2QD28
P42765	H2QEI6
Q96JJ7	H2QEN9
Q14938	H2QFI2
Q567V2	H2QFS8
Q96BH1	H2QJF3
Q9P0I2	H2QM15
P13682	H2QME9
O75915	H2QMX1
P30939	H2QMY5
P38606	H2QN48
O00221	H2QT35
Q9NYJ8	H2QTW1
O95994	H2QU78
P08243	H2QUZ4
Q8NHV1	H2QVL7
Q6ZQR2	H2QY31
P51808	H2QYG3
Q15233	H2QYS5
Q9Y6Q1	H2QZ04
P04921	H2QZJ5
Q9HCD5	H2R0R9
Q3KNS6	H2R2T4
Q9H0Q3	H2R3P7
Q8IYK4	H2R415
P10072	H2R440
O43581	H2R5D3
Q9BXA6	H2R688
Q6ICC9	H2R6Y3
Q96RD1	H2R7F6
P49760	H2R8K9
Q9BRI3	H2R9B7
Q9NRG7	H2R9E2
O95218	H2RC50
A2VCK2	H2RFQ7
A0A0B4J277	H2RG00
Q8TDW5	H2RHT3
P49184	K7BQA0
Q86YP4	K7C001
O75976	K7CU50
Q9UK39	K7CW76
Q96DB2	K7DAK7
Q96LL9	K7DIR8
Q9H4G4	K7DTU8
P02100	Q6LDH1
Q9BVH7	Q6ZXY6
A2A2Z9	A0A2I3RBZ1
Q96ME7	A0A2I3RC06
Q8IVW8	A0A2I3REP0
O43361	A0A2I3S176
Q96N22	A0A2I3S3E3
P32856	A0A2I3S3S5
Q86YS3	A0A2I3SA94
Q04721	A0A2I3SFL2
Q96HH6	A0A2I3SMV0
Q9HAF1	A0A2I3SSG0
Q9H252	A0A2I3SVB3
Q4V328	A0A2I3SW14
P49450	A0A2I3SW34
Q8TBF2	A0A2I3T1K6
Q8IZU0	A0A2I3T2Q3
Q9NZ08	A0A2I3T3Q1
Q8TBZ3	A0A2I3TEL5
Q86XU0	A0A2I3TIE9
Q8NFL0	A0A2I3TJS5
Q6ISU1	A0A2I3TJX0
Q6YHK3	A0A2I3TKF0
O95671	A0A2I3TTV5
Q9Y6K0	A0A2I3TUN1
Q8NHY3	A0A2J8LJG2
Q96EX2	A0A2J8ME55
Q6UWN8	A0A2J8NJ91
P20674	B0VYX1
Q9Y224	G2HGZ9
Q9P0V8	H2Q0D4
Q5TAQ9	H2Q0E2
Q13291	H2Q0E8
Q8N4X5	H2Q2L8
Q9NRX2	H2Q327
Q86SS6	H2Q338
Q86WS4	H2Q5Q1
Q96QE2	H2Q5Q3
P16112	H2QA14
Q86X40	H2QA53
Q8TD57	H2QAQ0
A6NCI4	H2QAQ9
P17735	H2QBH3
P55786	H2QDA2
Q16534	H2QDG9
Q8WWZ7	H2QDR3
Q13526	H2QFA4
Q02080	H2QFU7
Q8WV83	H2QIL3
O75431	H2QJ15
P10244	H2QKD9
O95567	H2QLF6
Q96C45	H2QMC9
Q96KX0	H2QMD2
Q53H76	H2QN58
Q9Y6X1	H2QNK7
Q9Y5Q5	H2QPF1
P02675	H2QQB4
Q9UMY1	H2QSB5
P49639	H2QUB3
Q9UHE8	H2QUW3
O75409	H2QYG4
Q9H7M9	H2QZY0
Q8N9V6	H2R0S8
Q9NXB9	H2R181
Q9UJT1	H2R1B4
P11498	H2R399
P59537	H2RAY3
Q9UFW8	H2RDW8
Q9P2U7	H2RG30
O15067	H2RG33
O76075	K6ZGT0
Q6PML9	K6ZLQ1
Q14139	K6ZZ85
Q8TAQ2	K7B6U6
Q86TP1	K7C1K7
Q96DI7	K7C924
Q9HBA0	K7CF92
Q96JG8	K7CKC4
Q96MK3	K7CKT2
Q9Y6Y0	K7CRZ0
Q969U6	K7CUF1
Q6ZT12	K7DN64
Q9Y5H0	Q5DRB7
P26717	Q9GME8
Q9UBP9	A0A2I3RAX3
P16662	A0A2I3RG30
Q92574	A0A2I3RGP6
Q96PY6	A0A2I3RN22
Q9HCI6	A0A2I3S080
Q92552	A0A2I3S4V3
Q17R98	A0A2I3SF29
Q8NE35	A0A2I3SRF4
O15118	A0A2I3SU78
Q9Y520	A0A2I3T079
Q8N3J2	A0A2I3T433
W5XKT8	A0A2I3T8S2
Q14192	A0A2I3TBP6
A4FU01	A0A2I3TIP6
Q86XE3	A0A2I3TPM8
P54619	A0A2I3TVR3
Q16774	A0A2J8ITB6
Q9P298	A0A2J8IVE7
Q5SQN1	A0A2J8IWC9
Q8TDD2	A0A2J8KD35
Q8TCW7	A0A2J8MXM5
A6NM03	A0A2J8P6B8
P41597	A0A2J8PAG2
Q6ZU80	A0A2J8PKG7
P05109	A0A2J8Q3M0
Q9Y286	A0A2J8Q6P6
P09016	A2T6X6
Q9GZQ8	G2HEJ5
O96015	G2HG77
Q9BZR8	G2HGY3
Q8IWZ8	G2HJM4
Q8WZ55	H2PZ43
Q96C11	H2PZ49
Q6ZNA5	H2PZG7
Q8N4P6	H2Q0A7
P41279	H2Q1S6
Q9BRQ8	H2Q210
Q8TBM7	H2Q257
Q8NEC5	H2Q455
Q9NUN7	H2Q4G0
O75964	H2Q4W2
Q15506	H2Q513
Q9NWZ3	H2Q5R2
Q86Y46	H2Q601
Q66PJ3	H2Q752
Q9NP66	H2Q9V6
Q6JEL2	H2QD07
Q96GC9	H2QDK6
Q9H6L4	H2QDU7
Q32MQ0	H2QE61
P59045	H2QH81
Q9BQ89	H2QJS9
Q9H3Y6	H2QKS8
P20592	H2QL17
Q9BY89	H2QLE2
Q15031	H2QMF8
Q86SF2	H2QQF5
P03951	H2QQJ4
O60671	H2QQR0
Q9NQE7	H2QSI1
P04792	H2QUT1
Q96A65	H2QVE4
Q9HCG7	H2QX87
Q8N196	H2R5Z8
Q8NCM2	H2R9B0
P62945	H2RE54
C9JR72	H2RH57
P20585	H2RI28
Q9UBZ4	K6ZDW9
Q9BSL1	K7B060
O43895	K7BEH8
Q96DN2	K7BHE9
P50552	K7BSQ6
Q9H2J4	K7BTF9
Q12772	K7D4A6
Q5SV17	K7DJC9
Q99259	Q5IS68
Q7Z6J9	A0A2I3RAK1
P40225	A0A2I3RE43
P0DN82	A0A2I3RJF0
Q96H22	A0A2I3SB35
Q7Z4L0	A0A2I3SMY4
Q9Y227	A0A2I3SN18
A6H8Z2	A0A2I3SU08
Q9NV88	A0A2I3TB00
Q86V35	A0A2I3TE28
Q96GQ7	A0A2I3THB0
Q9BVV8	A0A2I3TM88
Q8NEN0	A0A2I3TS35
Q99928	A0A2I3TTK9
Q68G74	A0A2I3TTS0
B1AJZ9	A0A2J8JT01
P43366	A0A2J8L3C9
Q6P9F7	A0A2J8MH51
P07900	A5A6K9
P14625	G2HGS6
Q9Y692	H2PYH6
Q96A28	H2Q0D7
Q9NWT6	H2Q2F6
Q16352	H2Q2I4
Q96CU9	H2Q532
Q8TBY9	H2Q737
Q9Y4K4	H2Q8A0
Q9NRD8	H2Q9C5
P09668	H2Q9X0
O15015	H2QAZ4
P11801	H2QBD1
O75807	H2QGT0
Q9H1Z8	H2QIH8
Q8NHU2	H2QK15
P55060	H2QKJ4
Q07654	H2QL25
Q9HCN8	H2QLB2
Q7Z7K0	H2QM80
O43157	H2QMJ0
P09341	H2QPN5
P15514	H2QPP4
Q9NRY5	H2QRU8
Q8N1G2	H2QSX8
Q9Y6U3	H2QU73
Q9H6I2	H2QW62
Q9H063	H2QWV9
O60220	H2QYW7
O75175	H2R0F5
Q9HC78	H2R2C4
Q6ZMD2	H2R3F3
P01833	H2R4D2
P78382	H2R738
Q9Y5Z9	H2R9I2
Q14257	H2RCH9
P58418	H2RE67
Q9H1Z9	H2RES1
B4DS77	H2RF74
P02792	H2RFV3
Q56P42	H2RH91
P21741	K6Z7X3
Q12852	K7A4U9
Q9Y5K3	K7AI72
Q12788	K7AJ03
Q9Y2X8	K7AUK2
Q9NZJ4	K7B6G9
Q96AE4	K7BSY0
Q9NQP4	K7BYH0
Q8WTV0	K7C381
A6NNL5	K7C9F6
Q00839	K7CHI6
Q99459	K7CZC3
P25685	K7DG97
Q9UIW2	K7DJ20
Q9NZS2	Q08I29
Q7Z7B7	Q30KJ7
H3BMG3	A0A2I3RA55
Q6P1M3	A0A2I3RAQ1
Q7Z2V1	A0A2I3RAY8
Q9Y4I1	A0A2I3RKR5
O60575	A0A2I3RQW8
Q6PK04	A0A2I3RZ81
A6NEY8	A0A2I3S9F4
Q8IY34	A0A2I3SGN1
Q96LI9	A0A2I3SHR8
Q8N3P4	A0A2I3SML3
P62826	A0A2I3T0W7
Q8N5D6	A0A2I3T876
P60201	A0A2I3TFD7
Q9NZV1	A0A2I3TLF5
Q9GZZ0	A0A2I3TLS1
Q9H4M9	A0A2I3TMR7
Q96IU2	A0A2I3TQ81
Q13342	A0A2I3TUL5
P60002	A0A2I3TW88
Q504T8	A0A2J8J273
Q8N5S1	A0A2J8JRP8
Q8WY07	A0A2J8L3H9
P0C6T2	A0A2J8NKY7
P54107	A0A2J8P0V3
Q07617	A0A2J8PME6
O00255	A0A2J8QCL8
Q7LDG7	A0A2J8QCM9
Q8WXK1	A0A2J8QX46
Q96FV0	G2HES2
Q93096	G2HHZ1
Q86U90	H2PYP8
Q9HBG7	H2Q0F1
Q96RD7	H2Q4K2
Q9NPH9	H2Q6F4
Q9Y2S2	H2Q793
Q9UK53	H2Q7T1
Q8N8V4	H2QAQ3
Q9GZX9	H2QE88
Q16674	H2QGD3
Q7Z404	H2QH37
Q7Z340	H2QHA7
Q9H6R7	H2QHI5
O75874	H2QJB5
Q9NVE5	H2QJN0
Q9UKK6	H2QK26
O43156	H2QKB8
O60318	H2QL61
Q9NRR1	H2QP59
Q8N1A6	H2QQ61
P29460	H2QRX3
P48634	H2QSN1
Q6UXN2	H2QSZ2
Q5T3U5	H2QT25
P24046	H2QTE3
Q92556	H2QUF7
Q9NP87	H2QUI0
P35250	H2QUR2
Q9UDV7	H2QVL1
Q9Y2K6	H2QY13
Q86UP3	H2QZV3
O75400	H2R0E8
Q96GZ6	H2R1K4
O94864	H2R3Q1
P17482	H2R461
O43524	H2R710
Q8N9L9	H2R994
P46059	H2RA14
A1L1A6	H2RBG0
P50549	H2RDI8
Q8N9N8	H2REF5
P0C1H6	H2RF93
P21453	H2RIN7
Q8NCL4	K6ZCD8
Q8N3U4	K7ACZ5
Q6P1N9	K7D1I7
O95167	Q0MQ96
O14773	Q5IS74
Q96HA4	A0A2I3RGK5
Q9ULU4	A0A2I3RRU7
Q6IE81	A0A2I3RU03
Q9BRT3	A0A2I3S0W9
P31040	A0A2I3S2N1
Q6ZN44	A0A2I3SB57
Q96J66	A0A2I3SB69
Q96T49	A0A2I3SC54
P24855	A0A2I3SCF8
P45844	A0A2I3SE55
P0C5Y4	A0A2I3SMK8
Q99929	A0A2I3SUX4
Q8WWG1	A0A2I3SVT0
Q13495	A0A2I3SXC0
P23497	A0A2I3T041
Q9UII5	A0A2I3TBH6
Q8WVB6	A0A2I3TIN2
P61513	A0A2I3TW24
Q5SRE7	A0A2I3TWI1
Q86WG3	A0A2J8JQT7
Q96T75	A0A2J8M7T1
Q8IYD9	A0A2J8NDY8
Q92823	A0A2J8QXV5
Q9Y2Y0	G2HEY9
Q9Y547	H2PZ28
Q92733	H2Q0A4
Q9BTA9	H2Q1S2
P04181	H2Q2Q6
Q15699	H2Q6K1
Q6PCB6	H2Q9X9
P51511	H2QB81
P15559	H2QBF4
Q15818	H2QE15
Q86TB3	H2QEL1
Q9HBI6	H2QFN3
P10073	H2QHB7
Q8WWT9	H2QKI6
Q9Y508	H2QKK0
Q96GD0	H2QLM4
O95502	H2QLP3
O95936	H2QM79
Q9UKA1	H2QP88
Q8TED1	H2QQW7
Q3KP44	H2QQX6
Q96HQ2	H2QRH9
Q13308	H2QT20
P07205	H2QT58
P29972	H2QUD6
O95859	H2QVA0
Q8N434	H2QVG3
P01210	H2QW70
Q96A56	H2QWG1
Q969X2	H2QXY1
P78562	H2QYE4
Q9NP60	H2QYY8
Q6DT37	H2R2M9
Q96PF1	H2R325
Q5H9E4	H2R4M2
Q6ZV70	H2R4S0
Q8WX39	H2R627
Q99584	H2R8L4
Q6IN84	H2R9M4
Q6UXU4	H2RAA1
Q5MAI5	H2RCW6
H7C350	H2REN4
P38936	H2RFJ9
P98066	K7A7P4
O75781	K7AJD7
Q13362	K7B8S9
Q96E35	K7BIS0
P48681	K7CIK9
P37840	P61145
Q9H999	A0A2I3RH50
Q2M3V2	A0A2I3RRQ9
Q9H8Y1	A0A2I3RXS8
O15016	A0A2I3SA96
Q8WYP5	A0A2I3SBH8
Q9UIF7	A0A2I3SBR1
Q9NZL6	A0A2I3SDF2
Q5T481	A0A2I3SH04
P0CF74	A0A2I3SIV4
Q9BX79	A0A2I3SS31
P09497	A0A2I3SW32
Q8N4C6	A0A2I3T081
Q9P2H5	A0A2I3T9K4
Q9C0C7	A0A2I3TB21
P14174	A0A2I3TNA2
Q03001	A0A2I3TNJ7
Q8NG85	A0A2J8KNU9
P31645	A0A2J8LIN5
Q96N95	A0A2J8MM58
Q15776	A2T736
Q9BUG6	G2HHE8
Q6PXP3	H2PXY4
P09758	H2PZ48
O15156	H2Q062
Q9NRR5	H2Q089
Q8NGW6	H2Q0C3
Q8WWA0	H2Q0F2
Q13617	H2Q1T3
Q76NI1	H2Q2T3
Q6PF15	H2Q4F1
A6NIM6	H2Q5J6
Q96QD8	H2Q5R9
Q96MF2	H2Q6B0
Q5VYS4	H2Q7D7
Q8IZP6	H2Q7R0
Q9BX97	H2QFR0
P56470	H2QG91
Q9NZQ0	H2QHJ6
Q86WW8	H2QIE5
P20929	H2QIU0
P49759	H2QJ82
Q4G0W2	H2QJQ7
Q9NRE2	H2QKL2
Q2VPJ9	H2QLE0
Q16644	H2QMP5
P62633	H2QNB9
Q8TC71	H2QPG5
Q8N8Q8	H2QPM7
Q96QP1	H2QQ20
Q9NQ30	H2QQW3
Q969M3	H2QRP8
P52790	H2QS32
Q14749	H2QT12
Q5TCS8	H2QTJ3
Q96EK7	H2QU27
Q96HP8	H2QVM1
O00300	H2QWM3
Q9H329	H2QXN9
Q9BXS0	H2R037
Q9UBM7	H2R2E7
P56704	H2R817
Q5JXA9	H2R962
Q10588	H2RAA9
Q6EMK4	H2RAE0
O75923	H2RB92
Q6N063	H2RDY4
Q96QR1	H2RF19
Q96QR8	H2RGZ5
A6NDG6	H2RI35
Q9HAN9	K7BBC4
O95372	K7BJ39
P42224	K7BS59
Q7Z7A3	K7BZI1
Q96SQ7	K7C0J0
Q8N2M8	K7C5P8
Q9HC36	K7CMU7
Q659C4	K7CU93
Q13415	K7DL03
Q9GZZ1	K7DL89
Q92618	K7DTM3
O75251	Q0MQI0
Q9Y5E9	Q5DRD5
Q99661	A0A2I3RAF8
A0PJK1	A0A2I3RGZ4
Q9UHW5	A0A2I3RI42
Q14324	A0A2I3RQG6
Q9UHG0	A0A2I3RSW6
Q9H9P2	A0A2I3RYF8
P40925	A0A2I3RZV0
P40197	A0A2I3S1G1
P60014	A0A2I3SD56
P26232	A0A2I3SFT2
Q9Y219	A0A2I3SG43
Q96JB3	A0A2I3SMQ8
Q53ET0	A0A2I3SSI3
Q52LC2	A0A2I3SWX1
P50336	A0A2I3SYH2
Q8NCS7	A0A2I3T473
O15460	A0A2I3TIN5
Q92777	A0A2I3TNF5
Q8IXW0	A0A2I3TQZ6
Q96CP6	A0A2I3TR24
A0A1B0GTC6	A0A2I3TRR8
Q5U4P2	A0A2J8ISQ0
Q9BYG8	A0A2J8KF89
Q9BVV2	A0A2J8KN61
Q9BYF1	A0A2J8KU96
Q8NH72	A0A2J8LBZ0
Q6ZUI0	A0A2J8M654
P23975	A0A2J8MWT0
Q86UU1	A0A2J8N2J4
Q8TF62	A0A2J8NT20
Q9NTK5	G2HGE5
Q9BXS5	G2HJF4
Q8TDD5	H2PZB2
O75618	H2Q0F9
Q9BXR6	H2Q0U2
Q6UX71	H2Q1P9
Q9Y2G1	H2Q3U5
O43427	H2Q447
Q9HCU9	H2Q464
P22466	H2Q4A2
P22692	H2QCW6
P53680	H2QGN6
Q9BXT2	H2QH32
P50991	H2QHY8
P31249	H2QJ13
Q92765	H2QJ36
Q8NI51	H2QKN0
Q14050	H2QKR5
P55854	H2QL52
Q6UXB0	H2QNV5
P49619	H2QNW8
Q6NUS8	H2QQR8
Q12988	H2QQW1
Q9C029	H2QS69
P82664	H2QT04
Q9Y450	H2QTS4
P04201	H2QU00
Q9H2X6	H2QVH2
Q96MG8	H2QW55
Q15543	H2QZD7
P49662	H2R132
O60911	H2R163
Q6UW10	H2R343
P07510	H2R3V0
Q86VQ3	H2R6V2
Q8IZK6	H2R8X9
Q96C19	K7BEJ8
P56705	K7BKB4
Q49B96	K7BZH2
Q5T9L3	K7C6F2
Q9BV44	K7DSE5
Q9Y2G5	Q6EV56
P03886	Q9T9W3
Q5TCQ9	A0A2I3RKB9
A0A0A6YYK6	A0A2I3RMN8
Q7Z4H9	A0A2I3RN16
Q8IYM2	A0A2I3RZK1
P08686	A0A2I3S365
Q8N7Y1	A0A2I3SE51
O14520	A0A2I3SHZ5
P16083	A0A2I3SP71
A0A286YF58	A0A2I3SUI2
A2RU54	A0A2I3T571
A0A0U1RR37	A0A2I3TF92
A0A0U1RRK4	A0A2I3TN65
Q8TCT7	A0A2I3TPT2
P08118	A0A2J8ILT1
Q86YL5	A0A2J8JDF9
Q9GZU5	A0A2J8JDT1
Q8N9F8	A0A2J8JTW2
Q8N2Q7	A0A2J8L771
Q969I3	A0A2J8LCH4
Q6P9B6	A0A2J8LES0
Q9HCJ2	A0A2J8LHU0
Q70IA8	A0A2J8M0I9
Q6U736	A0A2J8P0S9
Q6P5X5	A0A2J8Q272
P04083	A5A6M2
Q96IK5	G2HGG1
Q99624	G2HI49
P54577	H2PYL0
Q8WW52	H2PZ35
P31415	H2Q0E1
O75379	H2Q0L8
Q5T8D3	H2Q1R8
Q03468	H2Q1W1
Q9H340	H2Q2Z6
Q75V66	H2Q3B1
Q3SYC2	H2Q4F4
Q9H8H3	H2Q5X3
Q9P2P6	H2Q998
Q00796	H2Q9C4
O94788	H2Q9I2
Q9NV31	H2Q9U5
O76099	H2QFL0
O15446	H2QGL6
O76036	H2QH47
Q86TG1	H2QI98
Q9NR80	H2QIQ7
Q9HBM1	H2QIX6
Q8IUB2	H2QKG7
Q6PGQ1	H2QLC4
O94889	H2QMI0
Q8NBI6	H2QP04
Q9H720	H2QPG1
Q3KNW5	H2QPU4
Q9Y603	H2QSW4
Q6P444	H2QTS8
Q9BZW2	H2QVA6
Q9H8G2	H2QX33
Q86WR0	H2QZF2
Q6ZNB5	H2R0V5
Q5W111	H2R1A5
Q96JB2	H2R3Z6
Q96IZ5	H2R4L8
Q8IV53	H2R6F4
Q8N228	H2R712
Q96FE5	H2R891
Q2T9L4	H2R8A1
B6A8C7	H2RHQ7
Q5TEA3	K6ZE24
Q9H0R1	K7A6X0
P51828	K7ADQ0
O00506	K7APK1
P15408	K7B2D4
Q9UHV2	K7BK65
P50747	K7CJS3
Q92611	K7CL54
Q8N5F7	K7CNN0
Q5PRF9	K7DRE0
O14804	Q5QD28
Q9BZA5	Q6GVM5
Q96RR4	A0A2I3RD10
O75362	A0A2I3RFT4
Q9HCT0	A0A2I3RM59
P10155	A0A2I3RSL6
Q9BWQ6	A0A2I3RTK1
Q6ZVN7	A0A2I3S7I9
P50613	A0A2I3S9X0
Q5HY98	A0A2I3SCW0
Q4G0S7	A0A2I3SGN3
P14735	A0A2I3ST00
L0R819	A0A2I3SWK7
C9JXX5	A0A2I3T3H1
Q5T5U3	A0A2I3TB24
Q96AP4	A0A2I3TFR6
Q6PJQ5	A0A2I3TI62
Q92914	A0A2I3TKJ6
Q9UH36	A0A2I3TQV8
Q6ZNQ3	A0A2I3TVL7
Q9BYE9	A0A2J8J5W6
P63261	A0A2J8JGA1
Q8WXI3	A0A2J8JZA0
Q8IUR5	A0A2J8K367
Q9Y271	A0A2J8KJZ4
Q7L1I2	A0A2J8L6M7
Q96NG5	A0A2J8LWV6
Q8NGM9	A0A2J8N1T6
P15692	A0A2J8P0D4
Q9UMX9	A0A2J8Q9G7
Q6IA86	G2HE55
Q969L4	H2PYN4
P40424	H2Q0I1
O60883	H2Q0W6
P24752	H2Q4P9
Q9NPF7	H2Q687
A2A2V5	H2Q7F4
Q9UKP4	H2Q9W9
P80365	H2QBB5
Q5BJF2	H2QCG8
Q9Y6X0	H2QEG8
Q96PE6	H2QH25
P68106	H2QHI6
Q14397	H2QHN5
P23526	H2QK78
Q9H845	H2QNB4
P30876	H2QPI8
P19838	H2QPY8
Q8IY84	H2QQU4
O96007	H2QQV7
Q9HCX4	H2QRJ4
Q96H15	H2QRV8
P16403	H2QSF7
Q9NU63	H2QSL6
P84085	H2QVB1
P48052	H2QVD5
Q96CF2	H2QWC8
P0DN81	H2QX93
P62701	H2QYT0
Q71SY5	H2QZR8
Q96PZ2	H2R392
Q9UIQ6	H2R5H3
P80188	H2R697
Q15070	H2R9F7
Q86VY4	H2R9R7
Q9BVM4	H2RA08
Q15582	H2RC92
Q4G148	H2RCX7
O43318	H2RCY2
Q9H3A6	H2REZ9
Q8N2X6	H2RG58
Q9NWH2	K7A2M0
Q9H0B8	K7A8K8
Q14728	K7B5R7
O75689	K7BXR8
Q9BVQ7	K7C1G6
Q9UHV7	K7D312
Q9UPV0	K7D7G7
P04554	P35300
Q15672	Q8MI03
Q96KN2	A0A2I3RCE2
Q17RF5	A0A2I3RE28
P0C623	A0A2I3RJ41
Q8TAF8	A0A2I3RP07
I1YAP6	A0A2I3RSG5
Q8NHJ6	A0A2I3S2H8
Q9NRC6	A0A2I3SGC9
Q86XP1	A0A2I3SK20
Q9HD89	A0A2I3SMC1
A0A075B6K4	A0A2I3SNA4
Q96N16	A0A2I3SST9
P22749	A0A2I3STZ0
P54819	A0A2I3SVF7
Q86UE3	A0A2I3SZM0
Q9H161	A0A2I3T249
O14617	A0A2I3T5D5
Q92614	A0A2I3TBT4
Q8IUK8	A0A2J8KWJ3
Q13075	A0A2J8L0U1
Q5U623	A0A2J8L9Y4
Q9BRC7	A0A2J8NGK2
Q8TDU6	A0A2J8NGQ7
P20916	A0A2J8QHD3
A4D0T7	A0A2J8QXM7
P14653	A2T6Z0
O75636	H2PYF4
P34820	H2PYR2
P18850	H2Q0H3
O14815	H2Q1B8
Q8IWW6	H2Q1S9
Q9BQ13	H2Q4G9
Q9Y210	H2Q4M0
O60285	H2Q6S1
Q9Y619	H2Q7G6
O75182	H2Q9U2
O94778	H2QAT2
Q9P0M4	H2QBP9
P04637	H2QC53
Q96CK0	H2QFE2
Q86XF7	H2QGH7
Q9NY97	H2QHZ0
Q6IQ16	H2QIS3
Q4AE62	H2QIS8
Q14118	H2QML8
Q06190	H2QNF3
O15042	H2QNJ0
O95487	H2QQ07
P62312	H2QQ91
P25929	H2QQD5
O00628	H2QTT0
Q6IS24	H2QUN9
Q96BY9	H2QVZ5
Q99445	H2QWT2
Q92966	H2R1P5
Q9UKT7	H2R286
Q8NFW5	H2R4D6
Q9C0I4	H2R6I9
Q14416	H2R892
Q7L7L0	H2R8P7
Q86WD7	H2R974
Q6UWJ8	H2R9A8
Q9H2H0	H2RBC2
Q96NL3	H2RD43
Q8IVF5	H2RD87
Q9NPC1	H2RDU2
Q68DN1	H2RE71
Q9BQW3	H2REE3
P67809	H2REF1
P0CJ72	H2RG77
Q9UH65	K7A814
Q6P1X6	K7A889
Q01433	K7AWZ3
Q9NRG0	K7BZI3
P05408	K7C9U9
P36956	K7CIC8
Q96KC8	K7DEF3
Q8N5R6	A0A2I3RBE0
Q53HI1	A0A2I3RDF3
Q96GE5	A0A2I3RRC5
Q641Q2	A0A2I3RTK3
Q86YD3	A0A2I3S0K2
Q5T9S5	A0A2I3S6V0
O95263	A0A2I3SCR9
P0C024	A0A2I3SD34
P0DV77	A0A2I3SFN5
Q9NYC9	A0A2I3SIS1
Q58FF8	A0A2I3SK69
Q9BS92	A0A2I3SV03
Q9BZK3	A0A2I3SXQ3
O60447	A0A2I3TC91
P13473	A0A2I3THA2
Q8WVS4	A0A2I3TK63
Q5T1R4	A0A2I3TXB5
Q3KR16	A0A2J8JF15
Q15562	A0A2J8K2K7
Q9UKB5	A0A2J8K939
Q6IB77	A0A2J8LCH7
P30536	A0A2J8LMS5
Q14894	A0A2J8Q5Z8
Q8IV01	A0A2J8QB49
Q7L985	A0A2J8QSP5
Q9GZL7	G2HF98
O75800	G2HJN8
Q9Y543	H2PXW9
P06239	H2PYK3
A6NKN8	H2Q0G7
Q96SD1	H2Q1N3
Q9NV23	H2Q1N4
Q15181	H2Q212
Q9UEF7	H2Q7E6
Q9NWB6	H2Q7S5
O15553	H2QAF9
Q96A37	H2QBQ3
Q9BRA0	H2QC58
O15444	H2QF78
Q96QH2	H2QF87
P20853	H2QGD5
O75493	H2QGS1
Q8WTR8	H2QGS2
Q9BSM1	H2QI67
Q8IUC1	H2QKY2
Q8N6F7	H2QN38
Q96LK0	H2QP13
P01133	H2QQ13
Q4G0J3	H2QQ23
Q6ZUX7	H2QR50
O95379	H2QRD4
P21580	H2QTT5
Q6PCB5	H2QUU1
P0CE71	H2QUZ5
Q8NGV5	H2QXM4
Q5JSZ5	H2QY26
Q6E213	H2QYQ9
Q5SY68	H2R1M2
P56645	H2R1W8
Q6UXB3	H2R224
Q96M11	H2R4W1
P07199	H2R5Y3
Q8NEG5	H2R6C1
P60606	H2R6E3
A2PYH4	H2RCF9
Q5MJ10	H2RCX4
P22234	H2RE07
O43708	H2RFT7
Q8TBE9	K7AI19
Q8WTS6	K7AK83
Q9H2G4	K7AQN7
Q92830	K7BGL2
Q02156	K7CBH8
Q9Y4Y9	K7CM58
P25490	K7DAI9
P50502	K7DEA4
P0CG48	P0CG64
Q03135	Q2QLF2
Q8IYS5	A0A2I3RTB0
A0A075B6T8	A0A2I3SJ90
P59510	A0A2I3SPX7
A0AV96	A0A2I3TBE2
Q9UHP7	A0A2I3TEQ0
Q8N0W4	A0A2J8JCX5
Q8IZT9	A0A2J8KUF7
Q8NGQ6	A0A2J8LCE8
Q8TE12	A0A2J8LM37
Q8N4M7	A0A2J8MNB7
A0A0B4J2F0	A0A2J8NSK2
Q4VC12	A0A2J8NUF6
Q6UY11	A0A2J8P076
P47914	A0A2J8P8I6
Q9UHD4	A0A2J8QKN4
P12694	A5A6H9
P42898	H2PY11
Q01851	H2PYI0
P29016	H2Q0B5
P11487	H2Q4B5
P55916	H2Q4D9
Q9BY78	H2Q4Y4
Q16378	H2Q5G2
Q9Y2V0	H2Q946
Q6S5L8	H2Q9E1
P47895	H2QA58
Q9H0I3	H2QB83
Q9NPB6	H2QBC2
Q15648	H2QCU3
Q96FM1	H2QCV0
Q92791	H2QD04
P09543	H2QD09
Q0VFZ6	H2QIY4
Q86WT1	H2QJ18
O94768	H2QJ65
O14734	H2QKH2
O60762	H2QKK7
P55283	H2QKP9
Q92871	H2QLS6
Q9NTG1	H2QLW4
Q5HYI8	H2QN65
Q6ZMR5	H2QPJ7
P10720	H2QPN4
Q0D2K0	H2QRW4
Q9H013	H2QRW5
Q9BRT2	H2QSU1
Q9UKA2	H2QTF8
Q15113	H2QV35
Q9NQW8	H2QWE1
O95257	H2QXF6
Q96FN5	H2QXR1
P51151	H2QYA8
Q9UKZ4	H2QZ34
A0A024RCN7	H2QZW7
Q8TD23	H2R3I0
Q13501	H2R540
Q15109	H2R7G0
Q5TBA9	H2RA71
Q99500	H2RBL8
Q2TAC2	H2RBM8
A0A0U1RQG5	H2RI88
Q8NF37	K7AQZ3
Q8IUW5	K7B0E5
O60636	K7B995
Q08623	K7BK11
Q8N488	K7BS28
P42696	K7BU23
O76094	K7CCE7
O95602	K7CHZ0
Q99729	K7CPF8
Q16829	K7CSV8
Q9NZN1	P60029
Q9Y5F0	Q5DRD6
Q9H7L2	A0A0B4J2I6
O75334	A0A2I3RCK4
O00571	A0A2I3RHJ0
Q9ULV4	A0A2I3RIP1
Q9NSY0	A0A2I3RJS4
A6NHG4	A0A2I3RQA2
Q99626	A0A2I3RZR9
Q9Y5U8	A0A2I3S149
P35442	A0A2I3S3Q5
P31314	A0A2I3S4U4
Q8IYT4	A0A2I3S848
Q9NUQ6	A0A2I3SBQ5
O95834	A0A2I3SHM0
Q8NG11	A0A2I3SLK9
Q5HY92	A0A2I3SNC4
H3BU77	A0A2I3SQ28
Q9Y4C0	A0A2I3SSK4
Q495T6	A0A2I3SWA3
P47992	A0A2I3T6I9
A0A075B6N3	A0A2I3T9H8
Q07020	A0A2I3TG90
Q96MT3	A0A2I3TH70
O95258	A0A2J8JBD1
Q15911	A0A2J8K9T3
Q9ULJ8	A0A2J8L4B9
P30307	A0A2J8LR98
Q9UPW5	A0A2J8MRR1
Q07001	A0A2J8NEZ2
P50454	G2HFZ7
P55081	G2HG69
P09488	H2PZL3
O00165	H2Q052
Q14444	H2Q3E2
Q9Y6L6	H2Q5K6
Q96N23	H2Q6N6
Q92696	H2Q828
O14863	H2Q9D4
Q8WZ19	H2QAV9
O75947	H2QDU4
Q9H939	H2QEH1
Q9UK45	H2QEW6
Q9Y284	H2QFG1
P17035	H2QH15
Q9UHY1	H2QHN1
Q15061	H2QHP5
Q969H9	H2QJ45
Q9H3Z4	H2QKT6
Q03403	H2QL26
Q8IU80	H2QLL5
Q9BUL8	H2QNP4
Q7Z5U6	H2QP10
Q9NWY4	H2QQF1
P28562	H2QS06
Q9UMR5	H2QSQ9
Q969J5	H2QTT3
Q8TB36	H2QWB1
P09496	H2QX95
P41247	H2QY97
Q96P70	H2R0C2
Q9Y657	H2R0C5
Q5VTT5	H2R0Z0
Q6S8J7	H2R1F6
Q8NGK5	H2R1H6
Q92576	H2R1J9
O14936	H2R4R8
Q9NR97	H2R4T6
Q9HDC5	H2R9S6
Q9H8J5	H2RBH6
A8MZ97	H2RCA3
Q3LHN0	H2RHG7
Q8N465	K6Z916
Q8N612	K7ADU5
Q9BXP5	K7BA77
Q9H871	K7BHE8
Q6VMQ6	K7C3C9
Q6PI78	K7C6R4
Q9P0J7	K7CHG2
Q9NYW7	Q646H0
Q9Y5S8	A0A2I3RE96
P59074	A0A2I3REE0
Q14409	A0A2I3RI51
Q86TB9	A0A2I3RIF4
O75077	A0A2I3RSI1
O75170	A0A2I3RZ92
Q86U86	A0A2I3S6I9
F5H4B4	A0A2I3S894
O14713	A0A2I3SE63
P0CG23	A0A2I3SIN9
Q8WYA1	A0A2I3SVJ1
A0A1B0GWH6	A0A2I3T101
Q9Y663	A0A2I3TEJ9
Q8TBB5	A0A2I3TTM8
C9J7I0	A0A2I3TU75
P08247	A0A2J8IMY8
Q8IYX0	A0A2J8J7H8
Q86VV4	A0A2J8JS79
Q9Y5J5	A0A2J8KHR4
Q8NGI9	A0A2J8LCM9
P18509	A0A2J8MP94
Q5R3F8	A0A2J8QPQ4
Q8N9I0	A0A2J8QWL9
P98160	H2PY96
Q2M3M2	H2PZ00
Q5VSL9	H2PZL9
Q13907	H2Q1J2
Q9H6R6	H2Q2K7
Q9HB21	H2Q2P8
Q96M02	H2Q2R6
Q9BSF8	H2Q374
Q04609	H2Q3K5
Q6UWV2	H2Q4V7
Q86V85	H2Q7P9
O43278	H2Q972
O60844	H2QAV3
Q9Y5R8	H2QC63
Q9BZE9	H2QE39
O75821	H2QFB0
P31153	H2QI93
Q96G21	H2QIQ2
Q9Y2B4	H2QKF5
O60784	H2QLK0
Q5TIA1	H2QLS8
Q04912	H2QMM8
Q66GS9	H2QPI2
Q9NYY3	H2QQY0
Q96G30	H2QTC5
Q86WC4	H2QTI1
Q9Y4A8	H2QUA7
O96001	H2QUE2
Q9BUN8	H2QWN4
Q92482	H2QX53
Q8N4T4	H2QX85
O75487	H2QZ47
O75995	H2R020
P34972	H2R2G3
Q3YBR2	H2R4W7
P31271	H2R5F8
Q16568	H2R5L6
Q13939	H2R6P2
Q69YU5	H2R758
Q69YW2	H2R823
Q8NFQ8	H2R8D6
Q5UAW9	H2R9I7
Q8TD08	H2R9M7
Q9UMX3	H2REG3
Q8N3A8	K6ZKD0
Q8N8A2	K7AJN6
Q3B7T3	K7ALL9
P52907	K7B0M6
Q13426	K7B5Q7
P49720	K7B7X6
Q8TC12	K7BJ49
P42892	K7BJM3
Q9H813	K7BJU7
Q96LZ7	K7BNY1
O75554	K7BPV3
Q92636	K7BWN5
Q9Y2G4	K7BXC2
Q8TEB7	K7C559
Q92626	K7D7S6
Q9Y2A7	K7DU78
P68871	P68873
Q9Y5I3	Q5DRF5
Q4AC94	A0A2I3RGJ3
P39023	A0A2I3RKD7
Q9NWW6	A0A2I3S0P0
Q9H6S3	A0A2I3S5T2
Q86UX2	A0A2I3SAG3
B7ZLF3	A0A2I3SLB1
Q96JF6	A0A2I3SSD6
Q5SZL2	A0A2I3SV85
Q86XR2	A0A2I3SY89
Q96RP9	A0A2I3T1A0
Q9NSI8	A0A2I3T2D9
Q01668	A0A2I3TS31
Q9H857	A0A2I3TTP8
A1L190	A0A2J8JBI7
Q6ZNH5	A0A2J8JM59
Q8IYJ3	A0A2J8JP02
A1L157	A0A2J8K337
Q9BZV2	A0A2J8NFH3
P15515	A0A2J8PF52
P49146	A0A2K6HM81
Q9H503	G2HFP8
P22732	G2HHR2
O60683	H2PXU8
Q7Z3B1	H2PZ85
P31512	H2Q0L6
Q9H1Y3	H2Q1F0
Q9BYE7	H2Q2I5
Q9H6A9	H2Q440
Q9Y3Q0	H2Q4J4
Q3C1V8	H2Q4Z9
Q9NVM9	H2Q5M6
P61011	H2Q862
Q9P219	H2Q8S5
Q6P4E1	H2Q9B8
Q9H3K6	H2QAW9
Q9GZP8	H2QG78
O14669	H2QGV6
A6NMB1	H2QGX2
Q9HCN4	H2QHN7
Q6P158	H2QHS5
P38435	H2QI94
O60894	H2QJP7
O15544	H2QNB1
P04843	H2QNB2
Q9NP92	H2QQU9
Q9H3R5	H2QR06
Q12766	H2QRS6
Q96KW2	H2QSI2
Q9BT09	H2QT11
Q5JVL4	H2QT67
Q9HBY0	H2QTY3
Q2WGJ6	H2QWP1
Q9NUQ9	H2QWQ4
Q15884	H2QXC1
Q5BKX8	H2QXL4
Q1ZZU3	H2QXY7
Q9BXU2	H2QYZ6
P46060	H2R2J5
Q8WWQ8	H2R759
A6NEM1	H2R7X2
P01911	H2RAS7
Q2KHR3	H2RBD1
Q9NNW7	H2RBU9
Q2MV58	H2RC39
A0A075B6S5	H2REY2
Q8N7S6	H2RF35
Q9BW85	K7AGR1
O15440	K7AN90
Q86WN1	K7B8F9
Q13322	K7BFT7
Q8WUA4	K7BN61
Q96B42	K7CFG0
Q96MV8	K7DF74
Q14CZ0	K7DPW2
P23560	Q5IS78
P22090	Q861U9
Q92529	A0A2I3RG08
Q9Y3B3	A0A2I3RGE1
Q13609	A0A2I3RHL6
Q9HC73	A0A2I3RL15
O43497	A0A2I3RMG7
Q9H0B6	A0A2I3RT41
Q9H900	A0A2I3S9W2
Q15025	A0A2I3SHK0
Q13740	A0A2I3SS10
Q7L014	A0A2I3SWS8
Q9Y2Z2	A0A2I3SYC8
Q9P1Y5	A0A2I3T0R6
P27701	A0A2I3TBN7
Q96D96	A0A2I3TDJ3
Q9NVL1	A0A2I3TEK7
Q6IV72	A0A2I3TJI2
P35716	A0A2I3TNT6
P01715	A0A2I3TUR2
Q8NEX6	A0A2J8MJZ4
Q92563	A0A2J8NUP4
Q15391	A0A2J8P2M1
Q6ICL3	A0A2J8Q2G5
Q6P1Q9	A0A2J8QWU4
Q96KK3	A4K2N8
Q9H3K2	H2Q265
P48509	H2Q2W1
Q96F05	H2Q499
Q9NX55	H2Q9B3
Q9UHA3	H2Q9G9
Q92521	H2Q9H1
Q13972	H2Q9X1
Q9UKX2	H2QC99
Q9BYR5	H2QCY1
Q92539	H2QE76
O75074	H2QG00
Q5BJH7	H2QG79
Q6NXR0	H2QGI1
P62140	H2QHP3
Q96P71	H2QK71
Q9UKC9	H2QM94
P34925	H2QNE9
P57088	H2QPD8
Q8N9B5	H2QR54
O75603	H2QSA8
Q96JS3	H2QSK0
Q9Y6H1	H2QUM2
Q9GZY6	H2QUR1
Q96EV2	H2QVN7
Q8IUQ0	H2QW80
Q9NZZ3	H2QX51
O15062	H2QXA0
Q9NSA2	H2QYK7
O60258	H2R1J0
Q9HCH5	H2R2J0
Q99543	H2R517
Q969E1	H2R5C9
Q6NUS6	H2R7I3
Q13523	H2R7N8
P18084	H2R828
Q9BQI5	H2R904
Q86UA6	H2R9T9
Q86SQ0	H2RB91
Q03013	H2RDF8
Q15035	H2RFU8
P62256	H2RHJ8
Q9Y6N1	K7A1T8
Q13145	K7AAP2
Q9UNP4	K7AGV5
O43805	K7BD78
O75676	K7BI90
Q9UL03	K7BLZ3
Q9H0E3	K7C519
Q8IZL9	K7CGC1
Q6UWL2	K7CU46
Q8NCL8	K7CUH0
O60341	K7CVS3
Q96RV3	K7D0I2
Q8WYP3	K7D8D8
Q9Y5G2	Q5DRA9
Q9Y5G3	Q5DRB0
P0DP58	Q5IS42
P07437	Q7JJU6
P13489	Q8HZP9
Q5T7R7	A0A2I3RL24
P43004	A0A2I3RPT6
Q96QS1	A0A2I3RWK2
Q6ZTZ1	A0A2I3RXI0
A0A0A0MS01	A0A2I3RXX8
Q496A3	A0A2I3SK49
Q8N983	A0A2I3T008
P32455	A0A2I3T477
Q8TBG9	A0A2I3T4X5
A2A288	A0A2I3T542
A6NN90	A0A2I3TGV4
P01562	A0A2I3TKL7
P07947	A0A2I3TMT4
Q01581	A0A2I3TUA8
P15391	A0A2J8IJS0
Q8NHW6	A0A2J8IYH0
P19075	A0A2J8K4G8
O60248	A0A2J8KPH4
Q86YJ7	A0A2J8LIJ9
Q96EH5	A0A2J8M608
P10997	A0A2J8QRG2
Q8NEM8	A0A2J8QTK0
Q9H944	G2HII5
Q8NCS4	H2PYM0
Q5TAH2	H2Q0M6
O95841	H2Q0P0
P17026	H2Q1U7
O75364	H2Q2H1
O14933	H2Q3P2
Q86UU0	H2Q4W9
Q9BY84	H2Q5H0
P31276	H2Q629
O15078	H2Q6K6
P51587	H2Q7E2
Q8IZM9	H2Q8F1
P08185	H2Q8V1
Q9C002	H2Q9D3
Q9NZS9	H2QAM1
Q13227	H2QC31
Q9NVR0	H2QD08
Q92949	H2QDX6
Q8IU68	H2QDZ1
P78504	H2QJZ0
Q9H1D9	H2QK06
O00762	H2QKH0
Q9BR09	H2QKH5
O43526	H2QKS4
Q86WX3	H2QLQ8
O95625	H2QN13
Q9BS18	H2QNF0
Q5SZD1	H2QT54
O15400	H2QTR3
Q9UKV0	H2QU82
A9QM74	H2QUZ9
Q9H7X7	H2QV55
Q96H79	H2QVG6
O14798	H2QVV9
P30837	H2QXA8
Q8IWT6	H2QY01
Q5JT25	H2QYR3
Q01085	H2QZV4
Q9P2J2	H2R0B6
P51888	H2R1T6
Q4G0N7	H2R702
Q9H1C0	H2RGA1
P20702	K7A9I9
P34897	K7BCQ7
Q8TDW4	K7BGK7
Q9NYK5	K7BUD6
O75027	K7BWZ4
Q9H0A0	K7C0Y4
O14908	K7CA28
Q16342	K7CCL9
Q99683	K7CFQ9
Q96FH0	K7CG78
Q13547	K7D1J2
P58557	K7DAT9
O95757	K7DH58
P02144	P02145
Q14773	Q5NKT8
Q9NW61	A0A2I3RGE5
Q96NB1	A0A2I3RSV2
Q9Y493	A0A2I3RX86
Q99884	A0A2I3S0M2
Q8IYL9	A0A2I3S963
Q8TAT5	A0A2I3SBM0
A6NFD8	A0A2I3SDE4
A0A075B6W5	A0A2I3SMQ1
O43681	A0A2I3SP28
Q99612	A0A2I3SP65
Q9NTI7	A0A2I3T2Z4
Q9UBT6	A0A2I3T683
Q96EY8	A0A2I3T9X0
Q6P2H3	A0A2I3TB53
Q16540	A0A2I3TDS1
Q9UGF7	A0A2I3TEG8
Q96KN1	A0A2I3TNL0
Q16777	A0A2I3TSY0
O00294	A0A2I3TU70
Q6AWC2	A0A2I3TW81
P40121	A0A2J8L5H9
P51956	A0A2J8L8I7
P62979	A0A2J8N3B3
O95059	A0A2J8P7L9
Q6YN16	G2HIK2
Q9BSR8	G2HJJ1
P61968	H2PZC3
P53985	H2PZP3
Q9BRV8	H2PZQ8
Q96BA8	H2Q3H4
Q9UMQ3	H2Q542
Q9NPF2	H2Q6R6
Q13242	H2Q712
P58304	H2Q8L4
P36544	H2Q930
Q7Z6J6	H2Q9B7
Q96DP5	H2Q9L6
O60721	H2Q9M6
Q2NKJ3	H2QC75
P50221	H2QD53
O43639	H2QIH7
P48201	H2QJ08
Q6P1L5	H2QJ93
Q86X10	H2QKC3
Q15040	H2QLP0
Q9UH03	H2QLT3
Q9UNF0	H2QLU5
Q96AT1	H2QMF1
Q15008	H2QMW3
P08294	H2QPA4
P21815	H2QPV2
Q96NL6	H2QQ60
Q9H6L5	H2QQP2
Q9HD67	H2QQP3
Q8IV33	H2QR84
Q8IYX4	H2QRM7
Q96EL2	H2QUH6
Q9C0H5	H2QWX8
Q7L5A3	H2QX80
Q9Y3P4	H2R1Q5
Q8NDV7	H2R4F2
Q8NCI6	H2R4U7
Q8WZ75	H2R4W6
P61587	H2R6I3
P15812	H2R8J9
Q5SWW7	H2RFW2
Q9GZK4	H2RHE6
Q9UK17	H2RI65
Q8WVP7	K6ZBT3
P31629	K7AEI2
P51825	K7AL91
Q14765	K7B230
P60763	K7BEK6
Q969X5	K7BG26
Q8N1E6	K7BHJ2
Q8WTR4	K7BJ99
Q8TDM6	K7BTH1
Q96PE2	K7C3P6
Q14164	K7C5W4
O94808	K7C6M2
Q9BXB1	K7D663
Q9HCC9	K7D9W0
P61619	K7DSR5
P61769	P61770
A0A087X0M5	A0A2I3RKN7
Q8IY17	A0A2I3RQP5
Q9BWW8	A0A2I3RTW9
Q14554	A0A2I3RW76
P07101	A0A2I3S2U1
Q11201	A0A2I3S5I3
Q9BPW9	A0A2I3S741
Q05D32	A0A2I3SFF2
Q8IWE5	A0A2I3SLS9
A6NJV1	A0A2I3TEZ2
Q9BQ87	A0A2I3TFS8
Q15047	A0A2I3TGZ2
Q9BU23	A0A2I3THR3
Q8IUX4	A0A2I3TNB4
P39900	A0A2I3TQN8
Q02338	A0A2J8JNA8
A6NGH7	A0A2J8JSM1
Q6ZN57	A0A2J8JTT0
Q9UNX9	A0A2J8K225
Q9H2E6	A0A2J8LK23
Q6UW56	A0A2J8NKW3
O76001	A0A2J8NWV7
P49848	A0A2J8Q0L5
Q9NYS0	G2HF10
P49721	G2HHM9
A8K7I4	H2PZC1
Q8NHC4	H2Q0C8
Q5TZF3	H2Q0M7
Q92604	H2Q135
P25791	H2Q3E1
Q9UKW6	H2Q3E6
Q8NGQ2	H2Q3P5
Q8N3D4	H2Q436
Q9NR23	H2Q5C7
Q86Y01	H2Q6X2
Q13573	H2Q8Q1
Q96DC9	H2Q8U6
Q8TE49	H2Q929
Q6PHR2	H2Q9T2
Q15393	H2QBG5
Q6QAJ8	H2QCA5
Q4G0X9	H2QE08
O43688	H2QER7
Q6P161	H2QEZ7
Q8NHS1	H2QH01
Q6QHK4	H2QI28
Q9Y4H4	H2QSR3
Q8N3Z0	H2QTC3
O60260	H2QU08
O15123	H2QVQ1
P00966	H2QY18
Q00604	H2QYH7
P40879	H2QZW4
Q969S2	H2R3T6
Q96DL1	H2R4Y4
A6NFR6	H2R542
P08621	H2R5X1
Q53TS8	H2R691
Q6ZTI6	H2R722
Q05519	H2R8Z8
Q9H2U9	H2R9W0
Q9Y2L1	H2RA29
Q8TC94	H2RE37
Q9NXK6	H2RFA5
Q92903	H2RHA6
Q9HCU0	H2RIA1
Q8IZ21	K6ZC67
O43670	K7AAT6
Q9Y3D8	K7AEA7
Q14919	K7BRS8
P61601	K7D8S9
P50542	K7DAV3
P00797	P60016
Q9Y5F6	Q5DRA2
P60709	Q5R1X3
Q9NQS7	A0A2I3RBJ3
Q7Z3K3	A0A2I3RFH0
Q8TF61	A0A2I3RGV7
P52739	A0A2I3RGZ6
Q9HAU0	A0A2I3RHG6
Q92736	A0A2I3RIJ4
Q9Y6V0	A0A2I3RIW3
Q9NP08	A0A2I3RPW1
P31260	A0A2I3RR26
P62487	A0A2I3S7V7
Q969D9	A0A2I3SAB3
Q9H694	A0A2I3SD72
Q13402	A0A2I3SHH5
Q96HA8	A0A2I3SMX0
Q8IWY8	A0A2I3SW55
P12883	A0A2I3SXF0
A0A087WV62	A0A2I3T1C1
Q8N0V5	A0A2I3T6R9
Q5VU57	A0A2I3TGJ5
P58417	A0A2I3TGN7
Q02962	A0A2I3TPA8
O95837	A0A2I3TRC4
P51815	A0A2I3TU14
Q8IYB5	A0A2I3TUA9
Q00597	A0A2J8JHC3
P02747	A0A2J8K450
A6BM72	A0A2J8NR83
Q9H825	A0A2J8PQS2
Q8N6L1	H2Q070
Q6K0P9	H2Q0C5
Q13542	H2Q214
Q9H1J7	H2Q569
Q9ULW2	H2Q772
P35670	H2Q7L5
P56282	H2Q891
Q2KHN1	H2QAB6
P55286	H2QB90
Q8N5W9	H2QBS9
Q8IYN6	H2QDX7
Q6NSJ2	H2QGH5
Q9H930	H2QJK4
Q9BZK7	H2QNR9
Q8N5G0	H2QPB2
Q01959	H2QQL1
Q8N1W1	H2QR28
P33778	H2QSF6
Q96KF7	H2QTD4
O60493	H2QTI3
Q9UKT4	H2QTX7
Q96CG8	H2QWJ4
Q9UNF1	H2QYN8
Q9NWW0	H2QZK2
Q9BZM5	H2R0L5
Q86VZ2	H2R2L6
Q03591	H2R2V7
O43294	H2R4E5
Q9NV66	H2R594
Q05925	H2R6L3
Q6UXD1	H2R6P3
Q969E3	H2R7V2
P46663	H2R972
Q86VW2	H2RBT9
E0CX11	H2RE77
Q0VGL1	H2RGC5
Q969V6	K7AV58
Q9Y5Y5	K7AV99
Q9UL26	K7B671
Q6P6C2	K7BP83
O60304	K7CMW9
P58004	K7CUM5
Q02818	K7D2D3
Q6P5S7	K7D5Z9
Q8TB61	K7DG79
Q9H0F6	K7DSJ3
Q96DU9	P60049
Q9BZS1	S4UL99
Q9BU68	A0A2I3RAA8
Q92959	A0A2I3RCA4
Q9NWH9	A0A2I3RCN9
O15432	A0A2I3RI35
P78346	A0A2I3RQ09
P62987	A0A2I3RRD8
Q5TAX3	A0A2I3S1L7
Q96HR9	A0A2I3S703
P17706	A0A2I3S8J8
O14492	A0A2I3SA77
O43347	A0A2I3SD00
Q4LDG9	A0A2I3SIL2
Q7L622	A0A2I3SXX6
O15533	A0A2I3TJR3
P63173	A0A2J8KC40
Q9UF02	A0A2J8KKE8
P19961	A0A2J8MHT9
Q9Y2J0	A0A2J8MYG0
Q96LR7	A0A2J8NLW5
Q9UGF5	A0A2J8NWV2
Q9BPY8	A0A2J8PES5
P29622	A0A2J8QMM9
P78417	G2HEI1
Q02535	H2PYA7
Q5T8I3	H2PZJ1
Q86VZ5	H2Q1W8
Q8NDM7	H2Q2J6
Q12983	H2Q2S7
Q8N8R7	H2Q3C3
Q9NX20	H2Q3R6
O95864	H2Q3U8
Q8N1M1	H2Q6G1
Q96JW4	H2Q6R7
P05165	H2Q7R4
Q9HB14	H2Q8S1
Q07157	H2Q923
Q7Z699	H2Q949
Q96JC1	H2Q990
Q969T7	H2QD06
Q9NVS9	H2QDB2
Q5MNZ9	H2QDR0
P13994	H2QFI6
Q8N205	H2QG52
Q8N9M1	H2QGC3
Q9P2D3	H2QHR2
Q6IMI6	H2QII1
Q96AH0	H2QJ61
O43822	H2QL44
P13385	H2QMG9
Q9H819	H2QRL4
Q68DU8	H2QRP9
Q6R2W3	H2QSK4
P12872	H2QSU4
O15178	H2QU10
A4D1E1	H2QUW1
P62879	H2QV39
Q9H5K3	H2QW43
Q9HAE3	H2QW51
P52758	H2QWH5
Q6JVE5	H2QY76
P23141	H2R2Y7
Q9NUX5	H2R301
Q9UPY3	H2R458
Q9HBX9	H2R4E6
Q8N111	H2R5N9
Q9H9B1	H2R5Y8
Q5H8C1	H2R6S9
P51172	H2RAT4
Q9BQ39	H2REM2
O00257	H2RGA5
O94887	K7B3S8
Q8WUN7	K7B561
P25940	K7BN45
Q9C0B0	K7BR55
Q9NUL5	K7BTJ8
Q96QB1	K7BZB1
Q9HB63	K7C5Y1
Q13427	K7CCQ0
Q02318	K7CD19
Q14683	K7CY55
Q6ZTW0	K7D2S3
Q8IW41	A0A2I3RJG3
Q86V48	A0A2I3RPT2
A6NMU1	A0A2I3RYU4
P0DKB6	A0A2I3S6K3
A6NNN8	A0A2I3S875
Q99618	A0A2I3S8K2
Q9P265	A0A2I3SAS5
Q6ZRS2	A0A2I3SBF9
Q6XLA1	A0A2I3SG94
Q9UKJ0	A0A2I3SGF8
Q9H4A3	A0A2I3SGV4
Q92481	A0A2I3SKK4
Q9H9P8	A0A2I3SKZ1
Q9NTN3	A0A2I3SPT2
Q9BV29	A0A2I3T1D8
O15119	A0A2I3T7H8
Q9BV73	A0A2I3TDJ9
Q8N9Q2	A0A2I3TFD6
Q9BRV3	A0A2I3TJT5
Q9BTC8	A0A2I3TKW4
Q5TA31	A0A2J8ITE3
P62875	A0A2J8JVI9
P43405	A0A2J8KTF6
P32418	A0A2J8LKW3
Q5SYB0	A0A2J8QRH8
Q86U44	G2HF97
P55061	G2HH84
O95072	G2HHM7
Q9H2P9	H2PZI0
Q9P1Z3	H2Q078
P20023	H2Q115
Q9H772	H2Q1E8
Q9UQ84	H2Q1F2
O75607	H2Q2G5
Q24JP5	H2Q3T4
P54849	H2Q5H9
Q9H1C3	H2Q6R4
Q14112	H2Q8B0
Q9UL45	H2Q9D5
P29590	H2Q9S3
O75838	H2Q9V9
O60658	H2QA09
P34810	H2QC47
P05813	H2QCK1
Q8IU81	H2QGM3
Q9BYV2	H2QHM3
Q8WV92	H2QIE8
P29074	H2QIM7
Q9BPW8	H2QLG2
Q6XE24	H2QM82
Q9BRQ6	H2QNA5
P16471	H2QQR5
Q8IX03	H2QRY9
O76000	H2QSK9
P29279	H2QTR1
Q16850	H2QUX0
Q8NA54	H2QVA7
P42575	H2QVJ4
Q6PL18	H2QWN8
O95452	H2R0Q7
Q8WXJ9	H2R8Z0
Q6P1X5	H2R9Q1
P78357	H2R9Q6
P48551	H2RAJ3
A0A1W2PR80	H2RAL3
Q13315	H2RAN4
Q00978	H2RBA9
O15405	H2RBI9
Q8IZM8	H2RI23
Q8NEG7	K7A9X2
P31273	K7AMT8
Q9H9L7	K7ANV0
Q5JVS0	K7AZQ0
P35270	K7B3E1
Q96IQ9	K7BB47
O95402	K7BCN6
Q5VY43	K7BE35
Q9GZM5	K7CCG4
O95202	K7CEE6
Q9P260	K7D7N6
Q9Y548	K7DEE7
Q9C019	Q7YR33
Q71RG4	A0A2I3RD91
P53990	A0A2I3RFC9
Q01538	A0A2I3RRS4
P59901	A0A2I3RZC8
Q9BVC4	A0A2I3RZE2
Q92782	A0A2I3RZX7
A6NHN0	A0A2I3S1X9
Q9UPM6	A0A2I3S539
P48067	A0A2I3SB76
P52747	A0A2I3SCF5
O43236	A0A2I3SHG8
P07911	A0A2I3SIL1
Q8WXF8	A0A2I3SQT1
P35749	A0A2I3SVN0
A6NE01	A0A2I3SXN7
P56945	A0A2I3T4J5
Q86VZ6	A0A2I3T5Z8
A0A087WW49	A0A2I3TFT3
P35557	A0A2I3TMS3
Q8TBA6	A0A2I3TNM2
Q13796	A0A2I3TSL1
Q9NR19	A0A2J8JYI9
Q9UJL9	A0A2J8LZ58
Q86YA3	A0A2J8M271
A0PJX2	A0A2J8MKY2
Q9P2S2	A0A2J8QCP5
O43405	A0A2J8QKY7
Q9H7Z7	G2HJX9
Q8N0U7	H2PZ52
Q16513	H2PZC4
Q8NH59	H2Q2Z8
P68402	H2Q4U4
Q96FT9	H2Q8N6
P82912	H2QA12
P51798	H2QAA1
Q8IWR0	H2QAL2
O43809	H2QB47
Q8N4C9	H2QCR8
Q99456	H2QCX4
P78383	H2QDD6
O14490	H2QE80
Q96JZ2	H2QFN8
Q76L83	H2QHK0
Q96PE7	H2QI34
Q09328	H2QIR3
P28330	H2QJC0
Q8WWG9	H2QJI5
Q92754	H2QKM6
P12036	H2QLG1
O95219	H2QN95
Q9NPC7	H2QNP9
Q96QD9	H2QP19
P40425	H2QSR2
Q9NV96	H2QTA5
Q8N103	H2QTZ3
Q13185	H2QUA9
Q8WV48	H2QX84
Q13219	H2QXS1
Q9NZ63	H2QY12
Q9BZM6	H2QZY1
Q16204	H2QZY4
O95847	H2R0X6
Q8IYL3	H2R2K2
Q5T035	H2R6L1
Q8TF39	H2RAR5
Q96GU1	H2REV6
O95136	H2RFB6
P80294	H2RHP7
Q8NHQ8	K7ALS6
Q71F56	K7B153
P49588	K7B2G8
P05186	K7B4Y6
O75051	K7BAA4
P40337	K7BID8
Q9NRY4	K7C2G8
P20338	K7C6H8
P22607	K7CPL4
Q9Y5G4	Q5DRB1
P10636	Q5YCW1
Q96A08	A0A0B4J2I5
Q14155	A0A2I3RBZ3
Q7Z4N2	A0A2I3RK32
Q6ZS82	A0A2I3RK95
A0A0B4J275	A0A2I3RU43
Q96L93	A0A2I3S2G1
Q13094	A0A2I3S4L7
Q8IXP5	A0A2I3S874
P35247	A0A2I3SML9
P35226	A0A2I3SRC0
P16118	A0A2I3STA9
Q92527	A0A2I3SVD9
Q8TD46	A0A2I3T2G8
P15976	A0A2I3TBK1
Q6ZS27	A0A2I3TBV3
P27216	A0A2I3TLG7
Q9UBS5	A0A2I3TTF4
P43364	A0A2J8ILL3
Q86SU0	A0A2J8M3R5
Q53H82	A0A2J8M9M4
Q5JTD0	A0A2J8P086
Q9Y6J8	A0A2J8PX28
O14948	A2T713
Q9NUA8	H2PYA0
Q00403	H2PZC5
P52797	H2Q066
Q9H5Q4	H2Q1G2
P17041	H2Q1U3
P63215	H2Q3W7
Q8N4F4	H2Q3X7
Q12929	H2Q5J3
Q7Z6M2	H2Q881
Q8TF46	H2Q9N0
Q02221	H2QB05
Q86US8	H2QBV1
Q8IUI8	H2QCL5
P13646	H2QCZ4
Q8WU67	H2QEB8
Q96EN8	H2QEG1
Q9Y2T6	H2QJK8
Q9H269	H2QJU9
Q3MIV0	H2QKX6
P08100	H2QNC5
Q03188	H2QPJ2
O00203	H2QR49
P22626	H2QUA8
Q96PZ0	H2QV72
P41159	H2QVB5
Q96BR1	H2QW93
Q9NWQ8	H2QWC2
Q6ZPD8	H2QYR1
P41227	H2QZA0
P49642	H2R0Q8
Q13472	H2R419
Q8N5M4	H2R5C1
Q6IPR1	H2R7A0
Q6NWY9	H2R7D5
A6NF89	H2R7F5
Q8NGP9	H2R7T5
O14862	H2R8J4
Q5H8A3	H2R8P0
Q9BTV7	H2R8T8
Q12870	H2R966
P59190	H2R9A2
Q9NZN5	H2RD37
Q8IUG1	H2REX4
P60412	H2RIF4
P50990	K6ZZK7
Q96E14	K7AJ48
Q9NVV4	K7B1T3
Q8N183	K7BBH1
P52594	K7BFP8
Q96KQ7	K7C2X9
Q8NAC3	K7DJN3
O00755	Q1KYL1
P09912	Q28808
Q9H095	A0A2I3RKQ6
Q8TBQ9	A0A2I3RLL4
A6NDL7	A0A2I3RQK9
Q96DX8	A0A2I3S0H1
Q92753	A0A2I3S8A1
Q14693	A0A2I3S931
P04632	A0A2I3SDN3
A0JD37	A0A2I3SGI2
P30304	A0A2I3SIA0
Q5TCZ1	A0A2I3SRN7
Q7RTS3	A0A2I3T1M0
Q9NTW7	A0A2I3T7E8
Q96S06	A0A2I3TG84
Q9UKS7	A0A2I3TMH1
Q96LJ8	A0A2I3TVQ7
P48065	A0A2J8ILY3
Q5H9K5	A0A2J8IVP8
Q5SXM1	A0A2J8IWB6
P08579	A0A2J8MSX5
Q9H344	A0A2J8P6Q3
Q8N9Z0	A0A2J8Q751
P19525	B9UKH7
O43181	G2HF81
Q9Y285	G2HG47
Q13105	H2PY43
P0DPA2	H2Q0D5
Q86X27	H2Q0N9
P49454	H2Q149
Q6ZQN5	H2Q2R9
Q86VP6	H2Q6F1
Q15020	H2Q6T4
Q15643	H2Q8S9
O43482	H2Q977
Q8IV50	H2Q9F9
A2RTX5	H2QA60
Q9H8S9	H2QI57
Q8IXB1	H2QJ35
P17661	H2QJG9
O75628	H2QK50
Q9H2P0	H2QKK6
Q8IUC2	H2QKY1
O95622	H2QN88
Q9UK58	H2QNM8
P54756	H2QPJ1
Q96I23	H2QPV9
O14682	H2QR29
Q92878	H2QRG6
Q8NBM8	H2QRR8
Q7Z419	H2QSC8
Q7Z5Y7	H2QSW6
Q8IV38	H2QU75
Q7Z7G8	H2QWI0
Q16553	H2QWT5
O43736	H2QYU4
Q9ULC4	H2QZ28
Q9H4L7	H2QZE1
P60602	H2R385
Q8NH61	H2R5M2
Q9P035	H2R8B8
Q12857	H2R915
P35228	H2R9K9
Q9NSY1	H2RA65
P04424	H2RBX6
Q8N8A6	H2RD50
Q9Y586	H2RHA3
Q00610	K7CCE3
P31751	K7CDC2
Q8NB37	K7CKC0
Q9Y4C4	K7CSF7
Q9P243	K7DPR0
Q96IP4	A0A2I3RLJ1
Q9Y566	A0A2I3RP67
Q6ZT89	A0A2I3S153
A0A1B0GTL2	A0A2I3S459
P12980	A0A2I3SC45
Q13619	A0A2I3SPM9
P54652	A0A2I3STG6
O75949	A0A2I3TDV1
Q3B7I2	A0A2I3TLC7
P09131	A0A2I3TLM4
P40199	A0A2I3TN57
P60484	A0A2I3TNH3
O75916	A0A2I3TWX3
Q96R30	A0A2J8JT79
P33151	A0A2J8MVE2
P35498	A0A2J8PQC8
O43548	A0A2J8QED7
Q9H2A9	A0A2J8QGX8
A8MTL3	A0A2J8QK70
Q9Y5A6	A2T712
A8MTZ0	G2HEF9
Q9GZN1	G2HGM5
Q14114	H2PZ23
P49137	H2Q104
Q5NUL3	H2Q2A4
Q7Z3E2	H2Q2L6
Q9UQF2	H2Q3H1
Q9NPI0	H2Q3U1
P32754	H2Q735
Q9ULZ9	H2Q777
O95455	H2Q7P8
Q9Y2U9	H2Q892
Q9H7T0	H2Q8S7
Q9Y4F5	H2Q904
Q6NT04	H2QAG1
Q9Y3C7	H2QC12
Q86XA0	H2QDY7
P02750	H2QF21
Q92952	H2QFS3
Q86VD7	H2QFU6
P55318	H2QGM2
P09525	H2QI17
Q15435	H2QJR3
Q9BY32	H2QJV6
O75828	H2QKZ9
Q96RJ3	H2QLT1
P55145	H2QMP7
P19876	H2QPN9
O14830	H2QPP9
Q9BQG2	H2QRA4
Q495M3	H2QRU0
Q08881	H2QRW3
Q8WV93	H2QTI4
O60284	H2QW56
Q96H35	H2QXT8
Q92796	H2QYR8
Q15528	H2R0M1
Q14847	H2R1V0
Q96BD6	H2R2W2
A6NMK8	H2R567
Q14008	H2R5G4
Q1MX18	H2R5K1
Q9NST1	H2R6Y4
Q5T9Z0	H2R8C4
Q9NQ92	H2R9L4
P39656	H2RDP4
Q3ZCT1	H2REE7
Q12770	K7BC18
Q16555	K7BQR6
O15270	K7BVV1
Q9UJ14	K7CUI4
Q9BV68	K7DCB3
Q63HR2	K7DF30
P27707	K7DFS5
Q16613	Q5IS55
P02760	A0A2I3RER0
Q9H0R3	A0A2I3RH83
O15350	A0A2I3RJD2
P62136	A0A2I3RNA9
A0A1B0GVH7	A0A2I3RQV2
Q6UXS0	A0A2I3SMF3
Q5W188	A0A2I3STG2
A0A0B4J264	A0A2I3SXH4
P05388	A0A2I3SYL8
Q9NR12	A0A2I3SZY4
Q6ZVN8	A0A2I3T9I0
Q6UVY6	A0A2I3TDU3
Q6ZTQ3	A0A2I3TLY0
Q86T82	A0A2I3TWP0
Q13772	A0A2J8ILR9
Q9NPC2	A0A2J8LF96
Q5TGU0	A0A2J8NZK5
Q99250	A0A2J8PQ98
Q15722	A0A2J8QKU8
Q13568	A0A2J8QT42
O43424	C7G3M0
P01160	H2PY13
Q9BU20	H2PY49
P17787	H2Q056
Q96GI7	H2Q1C2
Q9NZ45	H2Q1X4
Q96BP2	H2Q242
Q96JN0	H2Q2C4
P53618	H2Q377
P14679	H2Q4J1
Q8TD84	H2Q4V0
Q16630	H2Q6F8
Q9Y4C8	H2Q6Y4
Q96JK4	H2Q8W9
Q9H211	H2QBQ6
Q8N4B4	H2QC15
Q99615	H2QD10
Q9P0N8	H2QF85
Q6UXV1	H2QGX5
P49190	H2QJB7
Q7Z7J7	H2QM05
Q6PII3	H2QM41
Q9Y5P6	H2QMM2
Q765I0	H2QNZ1
A5D8W1	H2QUW5
P29474	H2QVM2
Q8NFW1	H2QWR6
P07360	H2QY75
Q9NP70	H2R148
P00451	H2R1R6
Q14432	H2R265
P21439	H2R3D1
O75716	H2R3E2
A2RU49	H2R3H9
O95727	H2R4X2
P29597	H2R6D4
O95057	H2R6H8
A2VDF0	H2R786
P34931	H2R7H0
Q5VYJ5	H2R7S1
Q9UJU5	H2R911
Q5BKU9	H2R9C2
Q8TCD6	H2RC90
O75445	H2RCS4
P0C2Y1	H2RDA6
Q96EI5	H2RDY6
H7BZ55	H2RHR3
Q96C36	K7AGU5
Q8WXX7	K7ALG4
Q71RC2	K7ANC5
P11586	K7ATQ6
Q9NRM0	K7BLP3
Q5VT52	K7C3G9
Q08999	K7C590
Q9BYW2	K7D2K6
Q9Y6X9	K7D393
Q9UJY5	A0A2I3RCZ2
Q5VTH9	A0A2I3RF43
Q96LC7	A0A2I3RMQ3
Q6T311	A0A2I3S075
Q13822	A0A2I3S7H1
Q6RSH7	A0A2I3SE65
Q9C0C6	A0A2I3SRQ1
Q9Y5A7	A0A2I3SXX4
P48058	A0A2I3T3T7
P98153	A0A2I3TKA7
Q9HCF6	A0A2I3TM21
Q08174	A0A2I3TVF6
P25189	A0A2J8JAV0
O43186	A0A2J8K1Z4
Q8N9N5	A0A2J8LF55
Q06330	A0A2J8NVV9
Q8TAX7	A0A2J8PF58
Q5T0N1	H2Q234
O95992	H2Q286
Q7L2H7	H2Q3D0
Q9UBU9	H2Q3X3
Q8IZS7	H2Q5E3
Q92478	H2Q5E6
Q9C0J9	H2Q5M4
Q96NU7	H2Q6N2
Q8IV20	H2Q7I1
Q15139	H2Q845
Q8WXH0	H2Q8G1
O75586	H2Q8J5
O95166	H2QC26
O76014	H2QCY7
O95466	H2QD87
Q9BXR0	H2QFC4
P17039	H2QG13
Q8IVI9	H2QIX5
Q9H0D6	H2QK18
Q9Y5T5	H2QKW5
P16152	H2QKZ8
Q8IWF2	H2QLK7
P30414	H2QMD4
Q9NS98	H2QMR6
P61328	H2QNZ3
Q495X7	H2QQE1
O75446	H2QQF7
O14746	H2QQL0
Q4G0N4	H2QQS1
P20936	H2QR74
Q8N485	H2QR96
Q9BQI7	H2QRL8
P51160	H2QRS3
P05089	H2QTR0
Q96PB1	H2QUY3
Q8N6Y2	H2QV62
P22736	H2QZT3
Q96SL4	H2R0N7
Q5IJ48	H2R133
Q9BUJ2	H2R182
P55769	H2R3F7
Q9BPY3	H2R466
O15247	H2R4G9
Q14314	H2R582
O75663	H2R8F5
O96020	H2R9R9
Q8TEH3	H2RBN5
Q1W4C9	H2RBP6
O75665	K6ZTS4
O43309	K7A5W6
Q9P258	K7ABL4
P31749	K7AGW5
O94813	K7AV78
O60934	K7BTF5
Q96C28	K7C1Q4
P48960	K7C1Z3
P11216	K7DI46
Q8TCB0	P27473
P69892	P61921
P30953	Q9TUA9
P60673	A0A2I3RE90
Q53EV4	A0A2I3RRF3
Q8TF42	A0A2I3RYA9
P56524	A0A2I3S7H7
Q9UKY0	A0A2I3SH27
M0R2J8	A0A2I3SLY2
Q96DC7	A0A2I3SMF1
Q9H967	A0A2I3STR5
O95156	A0A2I3STU8
Q13794	A0A2I3SX38
Q8NCU1	A0A2I3SZK9
O43795	A0A2I3T0S1
Q9UHC9	A0A2I3TD66
Q13635	A0A2I3TE95
Q9HCJ3	A0A2I3TK33
Q8WWL7	A0A2J8JH44
Q96LM9	A0A2J8JYQ1
Q9NZU0	A0A2J8MSW9
P03372	A0A2J8Q9X9
Q9UBE0	G2HJS6
Q8N365	H2PZW5
Q5T848	H2Q1R0
Q8NFU5	H2Q1X3
Q9UKB3	H2Q1Y9
Q05940	H2Q2M8
P31274	H2Q633
Q53HV7	H2Q638
Q86VN1	H2Q7L7
Q8TE60	H2QBJ7
Q02978	H2QBZ1
Q6PRD1	H2QCS6
Q6UWV6	H2QE04
Q02487	H2QEE0
Q9H477	H2QHP0
Q9HCS4	H2QI87
P10696	H2QJL9
Q9Y2F9	H2QJZ1
P31431	H2QKF4
O15547	H2QLA5
Q9NQG7	H2QLE6
Q9UKZ9	H2QNI8
O00254	H2QR40
Q9H0E9	H2QRK0
P22004	H2QS99
O75563	H2QUB2
A6NNF4	H2QUM4
Q86UW9	H2QUT5
P25311	H2QV12
Q9H9A7	H2QXE3
Q9NZC9	H2R0H8
Q00056	H2R111
Q16706	H2R5G6
Q6UXH9	H2R5H6
O43598	H2R799
Q8N8Z3	H2R7V9
Q8TF30	H2R8J0
P28566	H2RC98
Q5T7N2	H2RD33
Q8N8B7	H2RE49
Q9P272	H2REA5
P14770	H2RF34
Q9H3Z7	H2RFV2
Q9BTM1	H2RG51
Q9NUC0	K7ABN2
O75694	K7AP62
P63098	K7BDX2
Q6UUV7	K7CIH9
Q9NR34	K7CMV7
P39210	K7CVN4
Q96IZ7	K7DCY5
P00167	K7DT34
Q9P1U0	Q1XHV8
Q8IZN7	Q5IAA9
Q96B01	A0A2I3RFK1
Q8ND56	A0A2I3RK64
Q8TF40	A0A2I3RLK3
O15061	A0A2I3SJ43
P51531	A0A2I3SJ96
Q13705	A0A2I3SJM1
Q9ULV3	A0A2I3SQ85
Q13046	A0A2I3SQF0
Q9BRN9	A0A2I3STM5
Q8NDA8	A0A2I3SZ37
P0CAP1	A0A2I3TJD0
Q15003	A0A2I3TL25
O94905	A0A2I3TPM3
Q8TBF5	A0A2I3TR01
Q8N5S9	A0A2I3TS70
P51948	A0A2I3TVA9
Q7Z444	A0A2J8IQL8
P01303	A0A2J8KZD4
Q99985	A0A2J8LGC2
P52333	A0A2J8LTH4
Q9P2F8	A0A2J8M6M7
Q9NYB9	A0A2J8N5I3
Q8NGR8	A0A2J8NCA9
O43240	A0A2J8Q6L9
Q96KS0	G2HG38
Q92783	H2Q1P5
P56937	H2Q1T6
O95817	H2Q2N9
P32780	H2Q394
Q8NGQ1	H2Q3N2
P22059	H2Q3R2
Q96QZ0	H2Q511
Q8WVZ9	H2Q7H1
Q15751	H2Q9K1
Q8N1F7	H2QB59
Q9HB40	H2QDH7
P17028	H2QEF6
P09012	H2QGD2
P0C1Z6	H2QH34
Q6GMV2	H2QI43
Q9NVP1	H2QIL6
A0PJW8	H2QIV3
P60981	H2QK00
Q9H4Z3	H2QKH7
Q9NQG6	H2QLQ6
O95352	H2QM24
Q9UHJ3	H2QMS7
A0PJX4	H2QPD9
Q8N8J7	H2QQ17
Q6PID6	H2QQT2
Q9UK97	H2QT74
O43365	H2QUB5
O00401	H2QVA9
Q6ZVK8	H2QVU3
Q9BRU2	H2QYY1
Q9ULL0	H2QZ16
Q99990	H2QZ63
O14795	H2QZE0
Q9NRR8	H2QZW3
O95983	H2R3B9
Q9H920	H2R3C0
Q9BZM4	H2R6W1
Q6NVV7	H2R6X8
Q6Q6R5	H2R797
P54253	H2RCB0
Q6UWV7	H2RD65
Q9BX10	K7A279
A2RU67	K7A629
Q9BTV5	K7APA5
P51532	K7B028
Q8NHU3	K7BXS9
Q00444	K7CBJ4
Q15418	K7CK76
Q9NQX5	K7CMM0
P19388	K7CNC1
Q9NV06	K7CPU2
Q8ND25	K7DSF0
P01242	P58757
O75306	Q0MQG5
Q9C0B5	Q2THX1
Q5VIR6	A0A2I3RDX7
O15347	A0A2I3RLR8
Q9Y606	A0A2I3RQB0
O14562	A0A2I3RRN7
Q86V86	A0A2I3S1J1
P07988	A0A2I3S3Q8
Q99439	A0A2I3SA89
Q9UBL9	A0A2I3T111
P46020	A0A2I3T397
Q9BVW6	A0A2J8ML70
Q92802	A0A2J8MLL6
P11511	A0A2J8NSX0
O43614	A0A2J8P170
P12830	A0A2J8Q404
Q86XR7	B3Y699
Q92558	G2HDV7
Q13616	G2HEC7
Q8IXN7	H2PYT3
Q14CN2	H2PZC0
O60774	H2Q0L4
Q08211	H2Q0R0
Q9Y2H5	H2Q0Y8
P10632	H2Q2B2
Q9H8W3	H2Q2N1
Q6ZVL6	H2Q3D8
O60882	H2Q4M8
Q8NGG7	H2Q507
P22460	H2Q594
Q14DG7	H2Q767
Q16822	H2Q815
Q9Y5J7	H2Q8D8
Q9UKR5	H2Q8N3
Q06547	H2Q9E9
Q8WW18	H2QCQ2
O75674	H2QDG7
Q9BX63	H2QDL5
O43776	H2QEK9
Q9P021	H2QHV5
P13612	H2QJ29
Q6NVY1	H2QJ54
Q9GZT5	H2QJF8
Q96KR6	H2QKL9
O60755	H2QLM6
Q8IXL9	H2QMQ2
Q9P2H3	H2QNN4
Q86YC3	H2QP12
Q16585	H2QPG4
P12544	H2QQW5
Q9HAZ1	H2QS47
Q7L1T6	H2QTC4
Q8N5C1	H2QTL8
Q70SY1	H2QVG0
Q08357	H2QW37
Q17RY6	H2QWS7
Q9BX68	H2QX91
Q15612	H2QXU1
Q86UN6	H2QZ24
Q86X55	H2R0U4
Q8TC36	H2R106
Q8N283	H2R172
Q8N7E2	H2R4S9
Q13387	H2R6X2
Q9H246	H2R8C1
P40855	H2R8I7
Q6ZRF8	H2R9J2
Q5BLP8	H2RAC7
Q8NGS2	H2RAQ4
Q12894	H2RBQ8
P51397	H2RG38
Q00653	K6ZV11
Q86YS6	K7B162
Q9NRX4	K7BW03
Q8NBZ0	K7BXZ4
P78536	K7CGK9
Q9NUI1	K7CZG7
P01730	P16004
P18615	A0A2I3RGN3
Q8N4V2	A0A2I3RJ11
Q96MD7	A0A2I3RLU9
Q9Y6X6	A0A2I3RRT3
Q9P202	A0A2I3RTX7
P00533	A0A2I3RYF9
Q7Z5L2	A0A2I3S070
Q6NVH7	A0A2I3SD55
P41273	A0A2I3SI56
O14905	A0A2I3SID1
P40123	A0A2I3SK01
O75037	A0A2I3SPR4
A6NNW6	A0A2I3SUQ5
P15502	A0A2I3SVF0
Q9H6Y5	A0A2I3SZI9
O00442	A0A2I3TDH8
P15529	A0A2I3TEA5
Q8NBT2	A0A2I3TQM4
Q7Z6L0	A0A2J8ISL4
Q6P3R8	A0A2J8L8J1
Q9BYJ4	A0A2J8P6P2
Q9P0P8	A0A2J8PUR3
P09430	F7VJM6
Q96MR6	H2PYU5
P53611	H2PZ92
Q8WUM0	H2Q1B0
Q96JD6	H2Q1J7
Q9UPS8	H2Q1R5
Q86XJ0	H2Q2J1
Q9BQ69	H2Q3Y8
Q93034	H2Q4P8
Q8N448	H2Q7C2
Q15743	H2Q8S4
Q9NYV6	H2QAM4
P00505	H2QB89
Q2TAL5	H2QBX8
O95476	H2QC27
O75342	H2QC68
P01350	H2QD00
A7E2S9	H2QEB2
Q8NGA2	H2QFL3
Q6ZS11	H2QG93
Q8NI22	H2QHV6
Q8IVL8	H2QJA6
Q7Z434	H2QJW5
P55268	H2QMK9
Q12794	H2QMN7
P29320	H2QMY7
Q9H3R2	H2QN93
Q13515	H2QNE4
O43490	H2QP91
P12429	H2QPR8
A1A5C7	H2QS83
Q9Y2C5	H2QSE6
O95238	H2QSV0
P29966	H2QTL1
O75449	H2QTW4
O75223	H2QUD2
Q6UWP2	H2R0C6
O95843	H2R179
P20963	H2R2L9
Q9P2U8	H2R3D0
Q9P0V3	H2R3W7
Q9Y6N6	H2R4F9
Q96BH3	H2R5Y1
Q86U28	H2R991
Q15048	K6ZV24
Q9BYG0	K7AXR1
O14495	K7BS26
Q92947	K7CAF6
Q9P0U3	K7D7C5
Q7Z3V4	K7D8I3
Q8N137	K7DFP2
O75531	K7DIQ8
Q96DM1	K7DKZ9
Q30KR1	Q30KL7
Q9Y5Q6	Q5CZK5
A0A1B0GUC4	A0A2I3RGH1
Q10570	A0A2I3RGS0
U3KPV4	A0A2I3RGY4
Q15257	A0A2I3RVW9
P22676	A0A2I3S4W2
Q96LI5	A0A2I3S8J0
Q6P047	A0A2I3SB25
P02746	A0A2I3SM96
A0A1B0GVD1	A0A2I3SRZ0
Q96EW2	A0A2I3STG1
Q8NEZ4	A0A2I3STJ0
Q9UNE0	A0A2I3SVI2
P14550	A0A2I3SZP7
Q9P0N9	A0A2I3T1E4
Q9H330	A0A2I3T9M9
Q8NC06	A0A2I3TG14
Q8NGN0	A0A2I3TGN9
Q99966	A0A2J8IVZ1
P05154	A0A2J8QMG0
O15511	G2HG81
Q9BQA1	G2HGD5
Q8WVC0	G2HHA9
Q5T2D3	H2PY75
Q7RTX7	H2PYD6
Q5TGY3	H2PYF8
Q16661	H2PYT2
O00519	H2PYY9
Q969Z3	H2Q160
Q9NS39	H2Q1J4
Q8IX12	H2Q1Z8
P48547	H2Q386
Q7L8C5	H2Q3G7
Q9P2Y5	H2Q4F6
Q8TDD1	H2Q6X5
Q9NP94	H2Q7X4
O75478	H2QCS0
Q8TE68	H2QH51
Q2TAA2	H2QHF0
Q9BST9	H2QI61
Q6ZV50	H2QIG1
Q9H4H8	H2QKC8
P62318	H2QLD9
Q9UFB7	H2QMD5
P02788	H2QMG6
Q9ULM3	H2QNT9
Q9UKJ5	H2QPH2
P20810	H2QR93
Q17RY0	H2QS14
P01236	H2QSD1
O15245	H2QU02
Q96EC8	H2QYQ5
Q9NRM6	H2R3A1
Q86WI1	H2R9Q7
Q2KHT3	H2RAD6
Q99819	H2RAF2
P07307	H2RB15
Q09MP3	H2RC25
Q8IU89	H2RD09
Q8N8V2	H2RDC9
Q5JTZ5	H2REV9
Q9H7T9	H2RG43
Q9BUB7	K7A406
P50151	K7AE17
Q5XKK7	K7AGD1
Q8IYJ0	K7AQ13
Q96G46	K7BVJ1
Q9ULT8	K7CCM5
Q6NUP7	K7CPE2
Q99627	K7D2Z8
Q9Y496	K7D722
P19367	K7DFV5
Q9Y5E6	Q5DRD1
Q9Y5I4	Q5DRE1
P00846	Q9T9W0
Q9NPG8	A0A2I3RBN1
Q96CN5	A0A2I3RCJ0
Q99877	A0A2I3RCW0
A6NFU8	A0A2I3RLT0
Q9H3U1	A0A2I3RVG2
Q8IYI8	A0A2I3RZ17
Q93008	A0A2I3S2M4
Q9UHD0	A0A2I3SAH3
O15417	A0A2I3SUY1
Q6NXT4	A0A2I3SWC4
P23511	A0A2I3SXN5
O94760	A0A2I3T5V3
P09471	A0A2I3TFM8
P51124	A0A2I3TGU7
O95996	A0A2I3TH78
P17014	A0A2I3TNU4
P49842	A0A2I3TVF9
O95171	A0A2I3TWT0
P28325	A0A2I3TXL0
Q15058	A0A2J8KHW6
Q8NFU1	A0A2J8LVA4
Q7RTZ1	A0A2J8P672
P16473	A0A2J8PKH3
A0A1B0GTB2	A0A2J8QMC2
Q15014	A5A6J5
Q86WK9	H2PYC9
Q8TAD8	H2PYP1
Q96MV1	H2PZF9
Q9BVJ7	H2Q0D2
Q9BS34	H2Q1G6
P51668	H2Q1X5
Q9BVM2	H2Q2G3
P15172	H2Q385
Q8NI77	H2Q3C0
P20061	H2Q3R8
Q6UWF3	H2QC00
Q8NCK7	H2QC21
Q96H55	H2QCR4
Q9UBG0	H2QDM3
Q06432	H2QDQ3
Q9H6K5	H2QF74
P17017	H2QFV9
A6NIX2	H2QG09
Q96C55	H2QH73
Q9NPB8	H2QJX5
O95907	H2QLN2
Q9UPV9	H2QMD0
P18085	H2QMU4
Q8NG66	H2QND7
Q58DX5	H2QNR8
Q99954	H2QPL6
P10915	H2QR71
Q9HCS5	H2QRB4
Q9Y466	H2QTI2
O14493	H2QUQ3
O94900	H2QW77
P50583	H2QX59
P13984	H2R032
Q8TD10	H2R0T7
Q9UPQ8	H2R674
Q9BYU1	H2R687
Q9NS18	H2R8B0
Q52LA3	H2R992
P62807	H2RDL9
B8ZZ34	H2RG98
O15054	H2RGZ4
P0C7P0	H2RI55
Q9UKZ1	K6ZIX8
Q5H9R7	K6ZJY8
Q96IK1	K7ADT8
Q6ZMG9	K7AQD5
Q14764	K7BK17
Q92630	K7BQM1
O00214	K7C3Z6
Q8TCY9	K7C6H1
P35790	K7CE91
A1XBS5	K7DI16
P04626	K7DJM0
Q9NVN8	K7DKR0
O00217	Q0MQI3
Q8WTQ1	Q5IAB9
P07585	Q5R1V9
Q9H6X5	A0A2I3RFB1
Q8N7L0	A0A2I3RGI5
Q6UXX9	A0A2I3RH49
A6NCL2	A0A2I3RKT7
Q9BW66	A0A2I3RPW4
Q5W0B7	A0A2I3RRE7
Q96BD5	A0A2I3RXP1
Q53F39	A0A2I3S6Y6
O43464	A0A2I3S9Y1
Q658L1	A0A2I3SJN1
Q15166	A0A2I3SMF6
Q8IUC3	A0A2I3SU44
P0C851	A0A2I3T1J5
Q96EP1	A0A2I3TAT8
O94811	A0A2I3TQY4
O95793	A0A2I3TWB5
Q8IZ57	A0A2J8JQ95
Q9BZX4	A0A2J8KAW3
Q7L266	A0A2J8LDH5
O60888	A0A2J8NYN5
Q9NV92	A0A2J8PB90
P60660	A0A2J8Q1K5
Q69YI7	G2HJR8
Q9NVE7	H2PXV0
Q5VV41	H2PXV5
Q8WTV1	H2PXX4
Q8N6P7	H2PYB5
Q9Y5A9	H2PYH7
Q96GM8	H2PYX1
Q9UPN9	H2PZQ4
Q6Q759	H2PZS5
P02741	H2Q0D1
Q99496	H2Q0S2
Q96A72	H2Q5F6
Q15646	H2Q723
Q9C0J1	H2Q740
Q8NGC6	H2Q7V5
Q14973	H2Q8J0
Q9Y6N5	H2Q9D6
Q8NCV1	H2QBM2
Q2VPK5	H2QBQ4
Q15649	H2QCR3
Q9H3C7	H2QCR5
O60259	H2QGZ2
Q9ULH0	H2QHE5
O43763	H2QI68
Q53RE8	H2QID6
Q7Z5L3	H2QIM0
Q9BQ08	H2QN25
Q9ULE4	H2QP98
Q13634	H2QQP5
P61371	H2QQV3
P10914	H2QRG4
O15160	H2QT27
Q2TAY7	H2QX48
Q6ZN16	H2QYD6
Q9Y305	H2QYE6
Q00994	H2QYY2
Q9UHB4	H2R066
Q68CZ2	H2R126
Q9NV70	H2R146
P46091	H2R1X5
P10253	H2R287
Q9BZ23	H2R312
P19021	H2R5G8
Q02548	H2R6P1
Q9NS56	H2R6R0
P22105	H2R7G3
Q86UD7	H2R7W8
Q6NUI2	H2R8Q1
Q9UIL8	H2RA55
Q969G9	H2RA69
O00192	H2RDK0
Q9C0H9	H2RF95
Q86VR8	H2RH08
P10398	K6ZK74
Q4KMZ8	K7A3R7
Q9H2H8	K7BHK8
Q7Z4R8	K7BWD5
Q92896	K7CMT8
Q9H2C0	K7D3Z5
O00750	K7D8P6
Q9NSV4	K7DBA3
P08581	Q2QLF1
P55084	Q5R1W7
Q8N9F0	A0A2I3REH8
O75575	A0A2I3RLB9
Q8NEV8	A0A2I3RUF6
Q2PPJ7	A0A2I3RWI1
O94810	A0A2I3RZ35
Q7RTU4	A0A2I3S2I6
Q8N446	A0A2I3S2U8
P07451	A0A2I3S2V9
P52272	A0A2I3SFL5
O43741	A0A2I3SPU1
P35658	A0A2I3SSV6
Q8IXQ5	A0A2I3SVQ9
A0AVF1	A0A2I3SXV2
A0A0B4J248	A0A2I3T2X6
Q6ZSY5	A0A2I3T482
Q8N3E9	A0A2I3T5T9
O76013	A0A2I3TDG9
Q5TBC7	A0A2I3TFZ3
P28039	A0A2I3THM2
Q9UMZ3	A0A2I3TIG7
P17213	A0A2I3TJ94
P47871	A0A2I3TVW2
Q9NX02	A0A2J8IX44
Q9Y6R9	A0A2J8K1A0
P32297	A0A2J8KCH2
Q9C0H6	A0A2J8KJ47
Q9C0E4	A0A2J8NNZ9
Q8NFR3	A0A2J8P1U7
P31358	H2PYD8
Q9P2B4	H2PZN9
P12314	H2PZV3
O76027	H2PZX5
Q9BRQ0	H2Q058
P02743	H2Q0D0
P13727	H2Q3N9
P46937	H2Q4M4
Q13956	H2Q5J0
Q8N9Z9	H2Q5M2
P40616	H2Q6P9
O43715	H2Q710
Q14165	H2Q717
O43325	H2QAP9
Q14849	H2QCU7
Q9NYR8	H2QFA7
Q3V6T2	H2QHX4
Q9H6X2	H2QI14
Q9P0P0	H2QI97
Q8WUM9	H2QIK2
P57052	H2QKU8
P56748	H2QKX0
Q9Y512	H2QLV3
P14635	H2QR05
Q96KP1	H2QS72
Q99519	H2QSP6
Q7Z7B0	H2QTA6
Q13155	H2QU54
Q86UL8	H2QUU4
Q9Y620	H2QWF8
Q8WXH4	H2QYB6
P98179	H2QYJ9
P61758	H2QZB8
P49674	H2R0C8
O75717	H2R0M9
Q9Y276	H2R1H7
P24928	H2R1J6
Q9HAS3	H2R405
Q9BYV7	H2R4A4
Q9UNW9	H2R5Z2
Q5VUE5	H2R8A0
P16150	H2RA91
P41134	H2RDX7
Q9HC97	H2RE12
Q9BXJ8	K6ZZD0
Q6PJ61	K7A865
Q8NA92	K7AG80
Q12834	K7AWC0
Q96JB6	K7AXZ1
O00423	K7BC13
P36507	K7BYT0
Q562F6	K7C9V9
P17676	K7D2A9
P51636	Q2QLF3
Q9BXE9	Q7YRP3
P78325	A0A2I3RJJ5
Q9BUH8	A0A2I3S434
I0J062	A0A2I3S5K5
P33316	A0A2I3SB29
A6NK44	A0A2I3SHY6
Q6W4X9	A0A2I3SPJ6
Q9Y2X3	A0A2I3SQS4
Q13492	A0A2I3T1I5
Q9BYD3	A0A2I3TDT9
Q7Z3Z4	A0A2I3TEJ7
Q96GC6	A0A2I3TFL6
O75417	A0A2I3TMA5
Q9NS37	A0A2I3TPW1
Q9ULW5	A0A2I3TR16
Q5SZI1	A0A2J8K480
Q96A04	A0A2J8K596
P84098	A0A2J8KH48
P08123	A0A2J8L483
P50914	A0A2J8PB72
Q9Y6V7	G2HDZ1
A1A4V9	G2HIK6
Q969V5	H2PY85
Q14376	H2PYB2
Q96IR7	H2PYX0
P48023	H2Q0M2
Q14520	H2Q2L0
Q9UBP4	H2Q370
Q9H3H3	H2Q450
Q92748	H2Q4H0
Q9P0K8	H2Q5D1
Q9ULS5	H2Q6M3
Q6WBX8	H2Q6V6
Q99593	H2Q6Y5
P49756	H2Q8K0
O75208	H2QB70
Q8NB16	H2QBI3
P61254	H2QC81
Q86V59	H2QGM9
P34130	H2QGT8
Q3MIT2	H2QHY3
Q8NER5	H2QIU8
P19338	H2QJL2
Q676U5	H2QJM7
O95922	H2QLU6
Q2TB18	H2QND6
Q8NHQ1	H2QNG4
O43255	H2QNL0
P49888	H2QPK7
P18405	H2QQM0
Q9BW72	H2QS25
Q8N1B4	H2QSS8
O15209	H2QST4
Q96QS6	H2QWD6
Q96RS6	H2QWK9
P09172	H2QY46
P27338	H2QYH6
Q3ZAQ7	H2QZ82
Q8WXG6	H2QZL1
Q8WUJ0	H2R0P6
Q96S94	H2R175
Q96S82	H2R186
P51687	H2R2S8
Q8NDB6	H2R4Q7
Q96GC5	H2R544
O15145	H2RBJ1
Q5T5P2	H2RBZ9
P62805	H2RC04
Q6WQI6	H2REK9
Q5HYI7	H2RF18
P78362	K7A8Q2
Q16666	K7AH15
Q02252	K7AKS9
P98182	K7AXB6
Q14498	K7BIV1
P07305	K7CAI7
P43378	K7CI13
Q5VY09	K7CKS2
Q8WV07	K7D230
Q9BXY4	K7DN60
Q30KQ9	Q30KL6
Q16635	Q6IV84
Q13241	Q9MZ41
P08047	A0A2I3RCN7
Q6ZTR7	A0A2I3RJ40
P40189	A0A2I3RK51
Q96PQ7	A0A2I3RLD3
Q6WCQ1	A0A2I3RNV5
Q03112	A0A2I3RS65
Q8TDW7	A0A2I3RVF5
Q8N6T0	A0A2I3S854
Q6IQ23	A0A2I3S895
P10619	A0A2I3SD70
Q96HN2	A0A2I3SDT2
O75467	A0A2I3SMZ0
Q96G27	A0A2I3SPI1
Q0VAM2	A0A2I3SZI8
Q8WWR9	A0A2I3TG62
Q6ZR62	A0A2I3THA0
Q01105	A0A2I3THJ2
Q9NUL3	A0A2I3TK62
Q99932	A0A2I3TLD8
Q9Y2D5	A0A2I3TMF4
Q03060	A0A2I3TNK0
P05000	A0A2I3TTW2
Q5VST9	A0A2J8ITD2
Q969V1	A0A2J8PUY0
Q8NHS9	G2HF77
Q8N0W5	G2HGD3
Q9H9L3	H2Q0A3
Q9H7C9	H2Q4G7
Q96HW7	H2Q4G8
Q9NX45	H2Q7F1
P06737	H2Q8A4
Q9P2D8	H2Q8U2
Q9UK55	H2Q8V0
Q96M32	H2Q8W3
Q9Y6A2	H2Q8X0
P23677	H2Q981
Q04726	H2Q9Q1
Q8NEV9	H2QAU5
Q8N957	H2QDH2
Q92817	H2QDX2
O60346	H2QEM7
Q9NPF0	H2QF80
O14579	H2QFU2
Q9UBX7	H2QGZ3
Q9NQZ5	H2QIC5
Q9NQ75	H2QKM2
P13866	H2QLJ1
P07225	H2QMY8
Q969Y0	H2QN15
Q9UKY7	H2QNE5
P14410	H2QNN9
Q9H7F0	H2QP02
Q9NX08	H2QPE9
P47710	H2QPK8
Q8TB73	H2QQ37
Q8N895	H2QR20
P48163	H2QTC2
Q5T5C0	H2QTV9
Q6ZQW0	H2QW25
Q7Z3I7	H2QWP7
Q7Z2Y5	H2QYY9
P11413	H2QZB3
A8MZ26	H2R0M6
O15085	H2R0Q2
Q9BYQ6	H2R1G7
P10644	H2R3M7
Q9Y570	H2R3P2
Q8WXB4	H2R5T2
Q8N755	H2R8Z3
Q96SZ5	H2RGA9
P26368	K6ZG02
P82675	K7BHW9
Q86VM9	K7BNT7
Q9UKG9	K7BSL4
Q6NZY4	K7D5A2
Q9H6U6	K7D980
Q7LGA3	K7DH85
O75398	O77562
P59551	Q646A5
Q96GX8	A0A2I3RKN4
P0C7Q2	A0A2I3RLZ2
Q4L180	A0A2I3RMT5
Q96JJ3	A0A2I3RQT1
A0JLT2	A0A2I3RSN0
Q02763	A0A2I3RZH3
Q8WY21	A0A2I3S3N6
Q9HD34	A0A2I3SE95
Q9H0A3	A0A2I3SG70
Q9UBN1	A0A2I3SJZ0
A6NF34	A0A2I3SN34
Q6P087	A0A2I3SNR3
O00232	A0A2I3SRL8
Q86X76	A0A2I3STB6
Q96J88	A0A2I3SVA1
Q8NHP7	A0A2I3T881
Q96PU8	A0A2I3T894
P60985	A0A2I3T8F0
Q9UKA9	A0A2I3TDP2
Q9Y2X0	A0A2I3TMX7
O60825	A0A2I3TRV9
P55327	A0A2I3TS16
P31146	A0A2J8IT19
Q96A70	A0A2J8JC45
P58876	A0A2J8JQF4
P35612	A0A2J8N4B6
O15195	A0A2J8NQA8
Q8IV42	A0A2J8PBS0
P56159	A0A2J8PC91
P06703	A0A2J8Q3L2
Q7L2R6	A0A2J8Q7H6
P19957	A4K2P1
Q9BXR5	B3Y669
O43395	G2HGL9
Q8NI37	G2HHW0
Q7Z4K8	H2Q071
Q14146	H2Q1B3
Q86UX6	H2Q2T0
Q8NGF9	H2Q3J8
Q96C57	H2Q722
P17031	H2Q782
Q86V97	H2Q7H0
Q9NPJ6	H2Q7J9
Q15475	H2Q8E8
Q6QHC5	H2Q8X2
Q6UXT9	H2QCK4
Q16762	H2QLL2
Q9BQS8	H2QMG3
Q9NXG6	H2QMK5
Q14240	H2QNX3
Q6ZV65	H2QPQ6
Q8N7P3	H2QQH3
Q15306	H2QS71
Q96N11	H2QU61
A6NNA2	H2QUT0
P35219	H2QW78
Q96NL1	H2QWK8
Q96LB3	H2QX35
A6NL99	H2QX52
O95980	H2QX94
Q06210	H2R176
Q8N5W8	H2R216
Q9BV87	H2R241
P52757	H2R2E9
Q96B02	H2R378
Q5T4H9	H2R7R9
Q6NZI2	H2RE35
Q96I27	H2RHG6
Q6NZ36	K6ZMW6
Q96FX7	K7AEF2
Q8TEB1	K7AJC9
Q9H008	K7AM34
P31350	K7AZ73
Q92564	K7BCS0
Q5EE01	K7C893
Q12893	K7C8Q0
Q8IYR2	K7CB81
Q9UID6	K7CR12
Q9P0T4	K7D1X9
Q9H910	K7D4U4
Q9Y371	K7DSD6
Q86UW6	K7DTK3
P01374	P61125
P0DPD5	A0A2I3RGG9
Q8TDM0	A0A2I3RLT6
B2RBV5	A0A2I3RXA3
P35609	A0A2I3S2J2
A6NLX4	A0A2I3S3Z2
P0DPB3	A0A2I3SJU8
Q9NQ69	A0A2I3SPX4
Q5ST30	A0A2I3SYY1
Q8NGE5	A0A2I3T621
Q9Y6K9	A0A2I3TAI0
Q8ND83	A0A2I3TCH1
Q9H4W6	A0A2I3TI72
O95164	A0A2I3TPM2
O60902	A0A2I3TRE3
P11686	A0A2I3TWP3
Q9GZX6	A0A2J8K4Y0
Q9H568	A0A2J8KEK1
P53779	A0A2J8L2M2
P17050	A0A2J8LMZ2
O94822	A0A2J8MQ51
Q86SG2	A0A2J8PXT6
Q9UKI2	G2HF05
Q13137	G2HF82
Q5VSY0	G2HG28
P28221	H2PYA3
Q96CB9	H2PYY8
Q6ZT98	H2PZA3
Q5T7M9	H2PZE7
Q15542	H2Q2I6
Q9NVC6	H2Q4K0
P51878	H2Q4N7
Q6PIV2	H2Q4X1
Q96CM3	H2Q531
Q96K12	H2Q5N6
P09960	H2Q6N3
Q9C0E2	H2Q795
P40938	H2Q7E8
P61244	H2Q8G8
P0C870	H2Q986
O95395	H2Q9J1
P15170	H2QAL3
O14894	H2QBY5
Q7Z410	H2QEW8
Q16740	H2QF44
O60499	H2QFI5
Q9NY99	H2QHD1
P48304	H2QI80
Q9H0C8	H2QJQ0
P62952	H2QKB5
P11387	H2QKC9
Q9NQQ7	H2QKI3
P53804	H2QL07
P32927	H2QLL0
Q9BY77	H2QLU3
Q13323	H2QLU7
Q9NS91	H2QM03
P35080	H2QNK5
P29459	H2QNN3
P29803	H2QPX0
Q8N9V2	H2QQJ8
O60906	H2QTJ0
Q92794	H2QW31
Q7Z407	H2QWL4
Q9H6R4	H2QX54
P23025	H2QXJ4
Q9HBH7	H2QYX8
Q9GZZ9	H2R062
Q7Z572	H2R423
Q14766	H2R429
O95297	H2R4A6
Q9P2K6	H2R7A4
Q5VUB5	H2R7T1
Q5JVG2	H2RBQ5
Q9H425	K7A9V7
Q96B36	K7AMC0
P51858	K7ASZ8
Q149N8	K7AY25
Q9BQ49	K7B169
P35626	K7B2K4
A5D8V6	K7BFT1
O94953	K7C4T0
Q969U7	K7D6U3
Q9BTC0	K7DQ90
Q15822	Q5IS52
A0A1B0GUS0	A0A2I3RD90
Q9UN42	A0A2I3RP28
C9JLW8	A0A2I3RPP5
A0A1W2PRN6	A0A2I3RQ85
Q9UQB3	A0A2I3RS45
Q8NCF5	A0A2I3RX37
Q9NZB8	A0A2I3SA90
P78413	A0A2I3SBN5
P48454	A0A2I3SD30
O94993	A0A2I3SDI7
Q9BZ29	A0A2I3SF23
P51801	A0A2I3SI00
Q8N394	A0A2I3SV63
Q6UX82	A0A2I3SXA1
P51523	A0A2I3SZ32
A6NC86	A0A2I3T8C5
O76070	A0A2I3TBD9
Q9NP73	A0A2I3TJF5
P57075	A0A2I3TTJ8
Q8TBZ0	A0A2I3TWH2
Q6ZN28	A0A2I3TX16
Q14587	A0A2J8IMH5
Q8N271	A0A2J8IQZ3
P63241	A0A2J8KPS2
Q8TAC9	A0A2J8KS44
Q9UJ99	A0A2J8MJR4
P49789	A0A2J8P7H3
Q8IYP2	A0A2J8QU68
P29728	B6RC85
P61927	G2HJL2
Q5VUY0	H2PY23
Q9BV19	H2PYT8
P42773	H2PZ05
Q9BT43	H2PZT5
Q49AH0	H2Q1N1
Q5T2E6	H2Q2G8
P25098	H2Q482
Q8NBQ7	H2Q4G4
P10768	H2Q7J5
Q8TE56	H2QA56
Q96MW1	H2QD75
Q9BSG5	H2QFH1
Q02779	H2QGC0
Q9ULI3	H2QN94
O43143	H2QPA3
P05814	H2QPK9
P07498	H2QPL4
Q63HM9	H2QQT7
Q9H4T2	H2QSJ6
P21953	H2QTB5
Q5T1Q4	H2QTN1
Q8N699	H2QTX5
O14576	H2QUY9
O94805	H2QV38
Q5XKR9	H2QYP2
P42701	H2R3T4
Q86UQ0	H2R451
Q96EU7	H2R4K4
Q6UXG8	H2R533
Q86VE0	H2R5Z3
A2RUU4	H2R7D4
Q1RN00	H2R841
P0C869	H2RHQ3
Q01664	K6ZTN7
Q969K7	K7A719
Q9Y4W2	K7ALH6
Q9NTI5	K7AUU6
Q9BSY9	K7BES4
Q9HA77	K7BWZ3
P30530	K7C711
Q8WVR3	K7CGL5
Q0JRZ9	K7CMX2
Q8WW38	K7D552
O43823	K7D8I9
Q8WTP8	K7DR61
Q96DA0	A0A2I3RDD1
Q9Y6J9	A0A2I3REN3
P11279	A0A2I3RHP4
O60504	A0A2I3RPI3
Q96PZ7	A0A2I3RRW9
Q8NE22	A0A2I3RTR5
P01701	A0A2I3RV96
Q5SV97	A0A2I3RW91
Q14161	A0A2I3SFN4
Q5VZ72	A0A2I3SGH5
Q8WWV6	A0A2I3SL69
O76050	A0A2I3SPZ3
Q08722	A0A2I3SU40
A6NGB7	A0A2I3T9K5
P35225	A0A2I3TIP5
Q6ZMT1	A0A2I3TMU5
Q96PM5	A0A2I3TUC1
P57773	A0A2J8LYL3
Q7L1S5	A0A2J8MPY7
P17540	A0A2J8NN23
Q8NGJ5	A0A2J8P6V0
Q9BTE1	G2HF13
O00567	G2HGR6
Q5VT99	H2PY30
Q5VVM6	H2PYT5
Q9H583	H2Q1E3
Q7Z5R6	H2Q1R3
P10124	H2Q202
Q8NH87	H2Q3N1
Q9P016	H2Q558
Q6L9W6	H2Q564
F2Z398	H2Q7N4
Q8NDC0	H2Q8C4
Q9Y448	H2Q962
A0A3B3IU46	H2Q9Z6
Q8WXC3	H2QB01
O75596	H2QBK0
Q02556	H2QBN6
Q86VV8	H2QEP2
P13284	H2QFS7
Q15012	H2QHH6
P60604	H2QL51
P11172	H2QN92
Q92847	H2QNR4
Q8N4E4	H2QPI0
Q9NPC6	H2QQ31
Q99735	H2QQ68
Q7Z5S9	H2QQC8
Q8N7C4	H2QSX6
Q5TB80	H2QTC6
Q9BTY2	H2QTV0
O15143	H2QV01
Q13519	H2QVY8
Q92953	H2QWA6
Q9H1U9	H2QXA7
O75151	H2QXH5
Q9H1M0	H2QZQ7
Q08J23	H2R3L8
Q9UG22	H2R4V6
Q6YL49	H2R558
Q5TAB7	H2R745
Q9HAT8	H2R9B4
A0A3B3IT33	H2RAU8
Q9UGV2	H2RAV9
A1L168	H2RB82
Q9Y6D9	H2RCA9
Q99700	H2RCH3
Q96MW7	H2RG68
B7Z1M9	H2RG87
Q8NFV5	H2RHU9
P50402	K6ZA08
P52741	K7A9G1
Q9P0T7	K7A9Y0
Q69YZ2	K7B6W0
Q9Y2G8	K7BMZ3
Q9BWW4	K7C1B4
Q8IWB9	K7CET3
Q8IY67	K7DLH7
P25024	P55920
Q9Y5F8	Q5DRA5
Q8WTQ7	A0A2I3RN80
Q7Z5A7	A0A2I3RQ43
P78411	A0A2I3RS02
O60664	A0A2I3RUQ6
A0A0B4J1U6	A0A2I3S141
Q14586	A0A2I3SBE5
Q9UQ35	A0A2I3SBS9
P49754	A0A2I3SC42
Q04323	A0A2I3SCD4
Q8N0U8	A0A2I3SID4
B1APH4	A0A2I3SIU9
P26358	A0A2I3T9Z6
A6NJY4	A0A2I3TP79
Q9BYJ9	A0A2I3TTM5
P01298	A0A2J8J4A0
Q96PE3	A0A2J8J6R7
Q6ZMW2	A0A2J8JH70
Q4VCS5	A0A2J8KYJ3
Q9HCP0	A0A2J8NRL2
Q8WW33	A0A2J8Q0Y7
Q6ZN19	A0A2J8Q707
Q9P1T7	A0A2J8QXK7
Q15825	A0A2K6HRQ5
P10074	H2PXX2
Q5T197	H2Q064
Q8IYI6	H2Q1C6
Q6IF63	H2Q316
Q8IVM8	H2Q3X9
Q969I6	H2Q5S0
Q53FV1	H2Q666
Q9NZ32	H2Q8D6
O43542	H2Q8Z3
Q8NCW0	H2QAE7
P04731	H2QB56
Q6URK8	H2QB79
Q9Y6I7	H2QCG3
P22362	H2QCN6
Q8IWX7	H2QCP4
P10827	H2QCV7
O43502	H2QDJ6
A6NHJ4	H2QH21
Q7Z4L5	H2QIX1
Q96Q40	H2QJ89
Q9HB89	H2QJL3
Q8NBS3	H2QJV7
P58505	H2QL63
P62877	H2QLR9
Q6ZUG5	H2QNB5
O43704	H2QPK6
Q96E17	H2QQY1
Q496J9	H2QR39
Q5XKR4	H2QR47
Q15319	H2QRQ4
Q14993	H2QT96
Q9Y4P8	H2QU47
Q02643	H2QUD8
O60896	H2QUJ3
Q96JG6	H2QUX7
Q96T52	H2QV89
P60866	H2QW67
O94772	H2QWT7
Q7Z2K6	H2QX00
Q96MH7	H2QZL0
Q9H165	H2R1K0
Q6P0A1	H2R2X5
O75056	H2R2Z1
Q8TDV2	H2R6K2
Q4G163	H2R9R4
Q92889	H2RAD0
A8MT65	H2RD10
Q70YC5	K7AS43
O15381	K7B3K4
Q0GE19	K7C5W0
Q969W9	K7CKG0
Q14584	K7DBH8
Q5KU26	K7DKK3
O60244	K7DMQ6
Q13535	K7DR10
Q9NPZ5	Q599K0
Q8TD47	Q6GVM7
Q96C03	A0A2I3RDR7
O75185	A0A2I3RL79
Q6IEE7	A0A2I3RXY9
A0A1B0GW35	A0A2I3S2E0
P62306	A0A2I3SI05
Q16254	A0A2I3SP02
P0DPD8	A0A2I3ST75
P24001	A0A2I3SUF7
Q8IW45	A0A2I3SUI1
Q9NQ90	A0A2I3SV02
A6NEL2	A0A2I3SX57
Q8N6G6	A0A2I3T096
Q5JSQ8	A0A2I3TIV1
Q96II8	A0A2I3TLJ6
P07358	A0A2I3TW36
Q86WV1	A0A2J8J989
Q92570	A0A2J8JWG8
Q53RY4	A0A2J8K0Q9
O43164	A0A2J8L7Q4
Q658P3	A0A2J8M241
Q9NZK5	A0A2J8Q1Z0
Q8WVE7	A0A2J8Q6A3
O43827	H2PY04
Q5TDH0	H2PY38
Q9UPU5	H2PZ44
Q8N8X9	H2PZR6
Q13296	H2Q3V4
Q16798	H2Q4I4
Q6NUT2	H2Q6D7
Q9BQC6	H2Q798
Q9H4F8	H2Q8J1
Q9GZR7	H2Q8U7
Q7L2K0	H2QAD4
Q53FZ2	H2QAP6
Q7L5A8	H2QBI4
O75506	H2QBL5
P35243	H2QC95
Q8WZ73	H2QCP1
P51826	H2QIF4
P09327	H2QJE9
P35625	H2QLJ7
Q10587	H2QLS2
P15428	H2QQG0
O15318	H2QR79
Q30KQ6	H2QT60
Q8IY49	H2QU45
O75426	H2QV34
A4D0V7	H2QVA3
P00390	H2QVZ8
P06746	H2QW35
Q04727	H2QXD7
Q5JUK9	H2R4Q4
Q8N7X8	H2R5V8
O96009	H2R5W4
Q5SZD4	H2R775
P35326	H2R8M3
Q6ZUX3	H2R8W1
O95522	H2R9H4
Q9NYV8	H2RAY9
A8MT33	H2RBP9
Q9NXR1	H2RDR6
Q9BXK5	H2RE23
Q68EA5	H2REK2
P08173	H2RG80
Q6IEE8	H2RGI7
Q8IX19	H2RI99
Q8NH67	H2RIK5
Q9NX05	K6ZGM8
Q9NZV8	K7BBB6
Q6QNY1	K7BGJ2
A6NFA1	K7BHI1
P16220	K7BHX8
P39687	K7BJB7
Q96RP7	K7C7B7
Q8TBE7	K7CAG8
Q96LJ7	K7CJH7
P28290	K7CP33
P46108	K7D4Z8
Q5U5R9	K7DC50
P51970	Q0MQB1
O60890	Q7YQL6
P34998	A0A2I3RIP5
Q8WVF1	A0A2I3RKR7
P07288	A0A2I3RPU8
Q9GZW5	A0A2I3S0G1
P14616	A0A2I3S4A3
Q99832	A0A2I3S761
Q86Y56	A0A2I3S8N6
Q9UKX5	A0A2I3SLR9
Q9UJ68	A0A2I3SPS2
Q9BQI0	A0A2I3ST29
O15265	A0A2I3T8Q1
Q13642	A0A2I3T9X6
Q3KQU3	A0A2I3TB02
Q8WUY3	A0A2I3TIP7
P09529	A0A2I3TNV9
Q9NRJ5	A0A2I3TV16
Q04724	A0A2I3TWS9
Q08830	A0A2J8KIH6
Q08431	A0A2J8L658
Q9C0C2	A0A2J8LC54
O95886	A0A2J8LY77
Q8IVY1	A0A2J8LZC6
P30622	A0A2J8MD65
Q9NSK0	A0A2J8P024
Q9GZX3	A0A2J8Q688
O75953	A0A2J8QS17
Q8NBM4	G2HEI7
P18669	G2HJI9
O14958	H2PZR3
Q9Y5S9	H2PZT9
Q5VTE6	H2Q146
Q9H8M7	H2Q1N8
P49902	H2Q2I3
Q86U17	H2Q8V2
P49641	H2QA36
Q8TDN1	H2QBM3
Q9Y248	H2QBN2
A6NGC4	H2QBU3
Q8TBH0	H2QFS4
Q9Y5U4	H2QIL8
Q99569	H2QIV2
Q8WXX0	H2QJ64
Q9H4G0	H2QKA1
Q93099	H2QN64
Q86SP6	H2QNM1
Q9H2U2	H2QPZ6
P0C091	H2QQ81
Q12837	H2QQ92
A6NHZ5	H2QQK2
Q03692	H2QTL5
O15155	H2QUY1
O95081	H2QV31
P37268	H2QVR6
Q9BXY0	H2QW04
Q96DN5	H2QWN5
P49815	H2R1U8
Q8NGS8	H2R6H4
Q8NHC8	H2R7X6
P26927	H2R8A3
Q8NCU7	H2R8C6
Q5QJ38	H2R8N3
P07359	H2R9U1
O60218	H2RBA3
Q68D51	H2RCK2
Q9H7J1	H2RD46
Q6ZN79	H2RD49
Q8WUK0	H2RDS5
P31323	H2RER5
O94955	K6ZF78
O43291	K7ALK1
O75815	K7AMF6
P29275	K7AQV6
Q92985	K7B1S0
Q01968	K7B232
Q8TCG5	K7BTI0
O75882	K7C3E2
Q96SK2	K7CGR3
Q6ZMJ2	K7CLB4
Q68CZ6	K7CSA4
P78368	K7D4Y0
P05106	K7DN27
P17677	Q5IS67
Q9BZY9	A0A2I3RJ52
Q8TC59	A0A2I3RRA7
A6NCS6	A0A2I3RZE1
P43897	A0A2I3S0L7
O75808	A0A2I3S5I6
A8MV81	A0A2I3SGJ4
Q9Y4D1	A0A2I3SJQ7
A0A494C0B9	A0A2I3SMP5
Q6ZTA4	A0A2I3SVY3
Q8WX93	A0A2I3T7T9
A6NHC0	A0A2I3THH8
Q8NGM1	A0A2I3THV4
P12107	A0A2I3TI23
P62333	A0A2I3TKH6
O94832	A0A2I3TUD7
P59646	A0A2J8JDK6
Q8N162	A0A2J8LC02
P08319	A0A2J8MAP7
Q5UE93	A0A2J8MGN1
Q9NY35	A0A2J8MY07
Q8WZ94	A0A2J8P660
Q02878	G2HJ36
Q5TGZ0	H2PY72
Q96RK1	H2PYS8
Q9Y5C1	H2PZ57
Q9NRN5	H2PZQ2
P16581	H2Q0K5
Q8WVF2	H2Q1M4
Q8NGI0	H2Q308
P11217	H2Q405
P08648	H2Q644
O14545	H2Q6W9
Q7Z3Q1	H2Q7D0
Q92665	H2Q7G5
P08311	H2Q839
Q3B8N5	H2Q8M0
Q9BXL8	H2Q905
Q8WV22	H2QAT5
Q7Z5L0	H2QBY6
P07306	H2QC22
A8K4G0	H2QDS8
Q9BT30	H2QF45
Q9H0M5	H2QFE7
O14556	H2QG30
Q9BT04	H2QGW3
Q96IJ6	H2QJH1
P19174	H2QKD0
P19086	H2QLC1
Q9UDX4	H2QLH2
P48728	H2QML6
A2RUB6	H2QMT6
Q07325	H2QPQ1
P20933	H2QQG9
Q8WVY7	H2QRX2
Q76N89	H2QUH3
Q2TAL6	H2QUK4
Q9UP52	H2QV37
Q9UBS3	H2QV88
P51857	H2QVG1
Q86TA1	H2QX39
Q9NZB2	H2QXH4
Q9NX38	H2QXN6
O60477	H2QXS6
Q99677	H2QYU3
Q8N0X4	H2R0Q3
Q12904	H2R363
Q14574	H2R3F8
O75762	H2R465
Q13469	H2R4F5
Q8TDL5	H2R920
Q4G0I0	H2RAE8
Q92503	H2RCN1
Q5GLZ8	K7B173
Q96MX0	K7B1G4
Q969H8	K7B8Z5
Q8TAM1	K7BN20
Q6W2J9	K7CY39
P28340	K7DB91
Q8N138	K7DI78
Q9BSW7	A0A2I3RPM5
Q9Y535	A0A2I3RPW8
Q5TZ20	A0A2I3SSI7
Q9UPP1	A0A2I3SUJ9
P0DPF4	A0A2I3SVJ2
Q9UNN5	A0A2I3SXQ0
Q8N608	A0A2I3T4X3
P17027	A0A2I3TAK3
Q6X9E4	A0A2I3TCR4
Q8NI27	A0A2I3TDI5
H3BNL8	A0A2I3TFT6
P62913	A0A2I3TKT2
Q96CW9	A0A2I3TRM4
Q8N693	A0A2I3TTD7
O43312	A0A2I3TUZ3
Q7Z406	A0A2J8J167
Q8IXE1	A0A2J8JHH6
Q96DD0	A0A2J8MHM4
Q00325	A0A2J8N0I4
Q15878	A0A2J8N6N1
Q99081	A0A2J8NSE3
Q76B58	H2Q0T1
Q9H2G2	H2Q2J3
Q12996	H2Q3D6
Q9HBK9	H2Q437
P14207	H2Q4C5
Q9H5F2	H2Q4R7
Q8N5J4	H2Q6Q0
P20823	H2Q721
Q9H4E5	H2Q8F7
P0CG20	H2QA73
P40313	H2QBD2
Q9H6T0	H2QBD8
P37059	H2QBL2
Q9NZN9	H2QC07
P17252	H2QDQ1
Q8N8N0	H2QEM2
A6NCJ1	H2QEY8
Q3KP31	H2QFF3
P21462	H2QH10
P57076	H2QKY6
Q9Y267	H2QMB1
Q96HT8	H2QP65
Q6ZW61	H2QQ46
Q13480	H2QQ79
Q6MZT1	H2QQZ1
Q6P179	H2QR95
O14960	H2QRJ3
Q99075	H2QRM1
Q12907	H2QS36
Q86UP9	H2QV69
Q14549	H2QVM7
P06858	H2QVT7
Q96S96	H2QVV5
Q15124	H2QXB7
Q9UBT7	H2QXN7
Q9NQ55	H2R0Y5
Q9ULC5	H2R2B0
P23610	H2R4G8
Q5MY95	H2R5Z6
P15260	H2R6X1
O94819	H2R9W6
Q9BYJ0	H2RAA8
P56555	H2RCT7
P16035	H2RHV1
Q5T2R2	K6Z8K5
Q9UJX0	K6ZZK0
Q86TY3	K7AHS8
Q9BWS9	K7BA27
Q01543	K7BJ65
Q8IZP0	K7BNP4
Q8TB68	K7CQ48
Q92613	K7CU53
Q8N1G4	K7CWG2
Q7Z628	K7D781
P49327	K7DMP5
Q9H1H9	K7DQU2
Q9Y5H5	Q5DRE3
Q9UHF4	A0A2I3RAL0
Q68DI1	A0A2I3REM8
O60422	A0A2I3RPG3
P32243	A0A2I3RXT1
Q50LG9	A0A2I3RZY4
Q9UJW8	A0A2I3S1M4
A0A024R1R8	A0A2I3S978
Q99755	A0A2I3SA60
P0DL12	A0A2I3SEK2
Q12866	A0A2I3SHV9
P14859	A0A2I3SJH1
Q96PR1	A0A2I3SQI9
Q8NBU5	A0A2I3STF3
Q92837	A0A2I3SW18
Q6ZVD8	A0A2I3T295
A6NFN3	A0A2I3TXS3
P78337	A0A2J8LRP3
Q14493	G2HGK4
P39877	H2PY78
Q92496	H2Q0U0
Q9HCL2	H2Q2K5
Q15828	H2Q454
Q9HCU8	H2Q484
Q8NDX6	H2Q614
P17544	H2Q627
P00742	H2Q7T9
Q5PSV4	H2Q869
Q9UNK9	H2Q8P0
Q92536	H2QBE0
Q13867	H2QCL2
Q15935	H2QEX7
Q9BZL1	H2QFA3
Q9BTP7	H2QFZ5
Q9H0D2	H2QGP7
Q7L592	H2QHR6
Q16769	H2QHR8
Q6ZMI0	H2QHW3
Q13467	H2QJA9
P61599	H2QK14
Q9UKD1	H2QKT1
Q13356	H2QLB3
P13725	H2QLG9
O60739	H2QMC4
P61225	H2QNL9
Q5H8A4	H2QP26
O75311	H2QQG1
P30740	H2QS76
O95989	H2QSU7
P78330	H2QUL8
P17029	H2QV13
A6NCS4	H2QVW7
Q96K31	H2QWN7
Q9Y4X3	H2QX70
Q5RL73	H2QZF7
Q6UXN7	H2R0M3
Q9H2W1	H2R0U1
Q8TBZ8	H2R1T8
Q8TAV3	H2R2H0
Q96ST3	H2R491
O75167	H2R6W8
Q5TEZ5	H2R739
Q494U1	H2R9L1
Q9BQS6	H2R9Q2
Q6X4U4	H2RCY3
Q96GE6	H2RD18
Q8N883	H2RDI2
A0A1B0GV85	H2REK3
Q96NT0	H2RHE3
O14744	K6ZQM6
O00193	K7B5R6
Q8IVH2	K7B8H1
Q99757	K7C2U9
Q969K4	K7CAC7
Q9NS66	K7CDC8
Q9UDW1	K7D6S1
Q92581	K7DL50
P02753	P61641
P49221	Q3I1X6
Q9GZV1	A0A2I3RBH6
P41217	A0A2I3RBW2
A0A0A0MS14	A0A2I3RCM2
Q96L94	A0A2I3RTE9
Q7Z5M5	A0A2I3RY92
H3BQJ8	A0A2I3S7S9
P11234	A0A2I3SBC2
O75344	A0A2I3SJ73
Q13477	A0A2I3SS71
O00142	A0A2I3SSY1
Q9NW75	A0A2I3T589
Q9NR11	A0A2I3T5Y1
Q5T215	A0A2I3TA38
Q5T7P8	A0A2I3TE17
Q13126	A0A2I3TEW5
Q9Y6M7	A0A2I3TJ38
Q14624	A0A2I3TLW2
Q96EB1	A0A2I3TX66
Q8N998	A0A2I3TXR4
P38405	A0A2J8JZL6
Q9NSA1	A0A2J8K2A2
P04798	A0A2J8KRU7
P61313	A0A2J8NPH5
Q5VW36	A0A2J8QSI1
Q86XD5	A0A2J8QUH8
Q4QY38	A0A2K6I1W9
Q9BXB7	G2HJC2
O95405	H2PZ11
P19320	H2PZH7
P14543	H2Q1E0
Q86UD1	H2Q4Z1
Q86SJ2	H2Q5S1
P14384	H2Q6F7
Q8N5U6	H2Q715
P20292	H2Q7D6
Q9BQD7	H2QA84
O60861	H2QC96
Q96QA6	H2QDK2
A6NMK7	H2QDS1
P15498	H2QF58
O00116	H2QJ17
Q9NSI6	H2QL12
Q92737	H2QLF9
P14317	H2QN71
O75165	H2QND9
Q8N412	H2QPX1
Q6UX04	H2QQZ4
Q9UHB7	H2QRH1
P04150	H2QRP6
Q15208	H2QSW7
Q9UGP8	H2QTI0
Q76EJ3	H2QXI6
P51805	H2QZB0
P04217	H2R119
Q86YB8	H2R1J8
Q6ZTR5	H2R4S3
Q8IV77	H2R5L2
Q5T749	H2R8M8
P43088	H2R8Y6
A6NG13	H2R9X8
P55774	H2RAU7
Q9P212	H2RB55
P23588	K7B3H0
Q8TCU6	K7B9U0
Q8TEA7	K7BBM9
P26038	K7BGD7
Q9NS23	K7BYY4
Q92499	K7CBC7
P49006	K7D767
P53671	K7D809
O15182	K7D841
Q8IW35	K7DTB2
P14416	P60026
Q8N0V4	Q1EGL1
Q9H1M4	Q30KK1
Q8NES8	Q30KK4
Q9Y5H1	Q5DRB8
Q9NY33	A0A2I3RHB0
Q13428	A0A2I3RVL9
Q9NZ94	A0A2I3RYY1
Q969F8	A0A2I3RZ79
Q9BTP6	A0A2I3SB93
A0A1B0GWK0	A0A2I3SLC8
Q969M7	A0A2I3TDU6
A0A1B0GVH6	A0A2I3TK58
A8MWA4	A0A2I3TSV0
Q8IWN7	A0A2I3TT45
Q9BZZ5	A0A2I3TUG0
Q86YQ2	A0A2I3TUM4
Q9UQ05	A0A2J8KFY6
P02794	A0A2J8LDE9
Q6IQ19	A0A2J8M6G1
Q9Y5L5	A0A2J8Q316
O00622	A5A6L1
Q8NA77	G2HJ07
Q9Y2W3	H2PXX9
Q96LR2	H2PYY4
Q96P20	H2Q1G8
O14925	H2Q1W6
O75436	H2Q203
Q9UQ13	H2Q2K4
Q969G5	H2Q318
Q9BSJ1	H2Q3K0
Q9Y2M0	H2Q925
Q9BRF8	H2QAL8
Q9NVC3	H2QB88
Q86YT5	H2QC13
Q8N6W0	H2QEY4
Q9BTN0	H2QG51
Q12901	H2QGI7
Q9Y240	H2QGY4
Q86Y97	H2QH60
Q9UM73	H2QHP7
Q9P2N6	H2QID2
Q13304	H2QIP2
O43929	H2QIT1
A6NFY4	H2QJ57
P18065	H2QJD5
Q9Y4P9	H2QJW3
Q9NQG1	H2QKB3
Q9NYK6	H2QKV4
Q9UKF5	H2QQG2
P24387	H2QR43
O94874	H2QTF3
P40926	H2QUS9
Q13077	H2QXT0
Q06787	H2QZ72
Q9NRM2	H2QZN3
Q7Z6K4	H2R2I1
Q13585	H2R4H9
O43889	H2R6P4
Q9BXQ6	H2R741
Q6Y1H2	H2R830
P35125	H2RB22
Q9H9Q4	H2RBL4
Q8TCD1	H2RBX0
P52888	H2RCT9
Q9GZP1	H2RES5
Q9HCM7	H2RF31
Q8N1D0	H2RF41
Q8IXI1	K6ZVR3
O94919	K6ZY85
O75044	K7AGG6
Q8N584	K7AJM9
P49771	K7ALE4
Q8ND76	K7BZJ5
Q8NHX9	K7CUS7
P49757	K7DU68
P61647	P61648
Q9BWW7	A0A2I3RR03
Q8N4Y2	A0A2I3RRM7
A0A8I5KY20	A0A2I3RXP2
O15234	A0A2I3S047
Q08117	A0A2I3S2S2
P61964	A0A2I3S4J1
Q9UQD0	A0A2I3S540
Q9H9T3	A0A2I3S5L2
Q3MHD2	A0A2I3S7Y8
Q7Z5P4	A0A2I3S9Y5
P07197	A0A2I3SA52
Q8IXF0	A0A2I3SDK5
Q9HAC7	A0A2I3SN66
Q5SW79	A0A2I3SRG9
A6NJG2	A0A2I3SSY5
Q96JM3	A0A2I3SX06
Q9Y2D4	A0A2I3THJ6
Q96PL5	A0A2I3TLF3
Q9NRA1	A0A2I3TN25
Q8IX21	A0A2I3TPT9
Q86SG7	A0A2J8IRJ4
I3L273	A0A2J8K2M2
Q13761	A0A2J8K3P9
Q8NGX9	A0A2J8K5P8
Q6QEF8	A0A2J8LIL3
Q7Z5A9	A0A2J8P7A3
Q9ULZ2	A0A2J8PEZ1
Q5T4S7	H2PY68
Q8N300	H2PYT9
O60635	H2PYY2
P48165	H2PZV2
O95749	H2Q1D7
Q6UWK7	H2Q266
Q92537	H2Q8I8
Q6P4F7	H2Q931
Q96B77	H2QAJ5
Q15041	H2QAN2
Q32MK0	H2QB15
Q9P2J9	H2QBA2
P36383	H2QD76
P30260	H2QDA0
O43791	H2QDD5
Q8IWB6	H2QDJ5
Q86WC6	H2QE31
Q9NRC8	H2QE37
Q6PIF2	H2QFH6
P53567	H2QG02
Q13287	H2QIT8
Q9UEW8	H2QIX4
P49915	H2QNM5
P12645	H2QPS3
Q96LM5	H2QQD1
P02748	H2QQT0
Q9NP62	H2QT75
O60443	H2QUA3
O75127	H2QV03
Q9UPQ4	H2QVX7
Q86XK7	H2QYZ7
P10828	H2R3K3
Q9NSA3	H2R3P1
P07948	H2R453
Q86UY6	H2R5B5
O60293	H2R788
Q9Y235	H2R7B7
Q9NY57	H2RAC1
Q2M3C7	H2RBF7
A8MTQ0	H2RBR1
Q9BWE0	H2RDW5
A8MX34	H2RGZ0
P15848	K7B3C4
P09234	K7CKJ6
Q6ICL7	K7DIY5
P13591	A0A2I3RBL7
P37275	A0A2I3RDQ4
P51659	A0A2I3RFV5
Q96PL2	A0A2I3RJT6
Q3MIW9	A0A2I3RQV8
A4D1S0	A0A2I3RYA1
A0A1B0GWG4	A0A2I3S2Z8
Q8N307	A0A2I3SNX2
O15519	A0A2I3SPU3
P51168	A0A2I3SU17
Q02952	A0A2I3T0Z5
Q4J6C6	A0A2I3T5V5
Q9ULV8	A0A2I3T7P1
D6RGX4	A0A2I3TI65
A0A2R8Y7D0	A0A2I3TNN7
P27930	A0A2J8ISF1
Q96MC4	A0A2J8K7Z9
P01213	A0A2J8MS47
Q9HBT6	A0A2J8NDG6
O95436	A0A2J8NW03
Q8N7R0	A2T763
Q86UD5	G2HJC8
P28908	H2PY19
Q6ZN32	H2Q0A8
Q96PJ5	H2Q0A9
Q8NHC7	H2Q1H9
Q6T423	H2Q3X6
P30279	H2Q584
P36941	H2Q5A2
Q8IY45	H2Q5P3
Q9BQE3	H2Q5V0
Q00537	H2Q6N5
Q6NS38	H2Q6U0
Q0VAA2	H2Q8P1
O00409	H2Q8R8
Q96BM1	H2Q8Y2
Q9NVM6	H2Q969
P83436	H2QAR7
Q6GPH4	H2QC14
Q04771	H2QIU9
Q15858	H2QIX3
Q9NPJ1	H2QJY8
Q96D46	H2QNN7
O95210	H2QPQ7
Q9BVK6	H2QS43
Q9UFC0	H2QV59
Q16790	H2QX86
Q9H1U4	H2QXS7
Q9BYP7	H2QYN5
Q14147	H2QZD9
C9JBD0	H2R118
Q13093	H2R288
P19801	H2R2M5
Q86V24	H2R337
Q9P218	H2R3F1
Q96J01	H2R3N4
Q9UJX3	H2R3S6
O95373	H2R5K6
A8K8P3	H2R705
Q9H0K6	H2R7C1
Q9C009	H2R7P4
A6NE02	H2R9E7
Q9UL68	H2RBH5
Q8NH79	H2RGV1
Q16647	K7C397
O75146	K7CDK7
Q92504	K7CJL9
P18146	K7CXB8
Q9Y294	K7DGJ1
Q9NX18	K7DGX8
Q13561	K7DHR4
O15466	P61646
O43674	Q0MQD8
Q5T230	A0A2I3RF33
Q5THR3	A0A2I3RFL3
Q96RT1	A0A2I3RFX1
P55058	A0A2I3RT48
Q8N0Z6	A0A2I3RW55
H3BNL1	A0A2I3S8N1
Q14694	A0A2I3SEX8
Q9C0D7	A0A2I3SUM1
A0A1W2PRP0	A0A2I3SV28
O43916	A0A2I3SV81
Q9HB58	A0A2I3SWV3
P32881	A0A2I3T4W8
O60885	A0A2I3TJ11
Q86V71	A0A2I3TVI6
O75534	A0A2J8JRX8
Q96DX5	A0A2J8KUA9
Q8TCC7	A0A2J8LDW6
Q9BV47	A0A2J8N820
Q9HC98	A0A2J8NC79
P52292	G2HEW9
Q6PEW0	G2HFW5
Q9H790	H2PYS3
P61326	H2PZ22
P02549	H2Q0C2
Q9BW04	H2Q111
Q14774	H2Q162
Q96Q83	H2Q3G1
Q14896	H2Q3I9
Q13206	H2Q4Q4
Q9BW62	H2Q7D4
O75113	H2QB24
Q2M2E3	H2QC79
Q86Y91	H2QD81
P62841	H2QEU6
Q6ZVX7	H2QG99
Q96GK7	H2QIC3
O60759	H2QIU7
P15882	H2QJ06
P49279	H2QJE7
Q9H8Y5	H2QJG4
P52756	H2QMN1
Q9BZV3	H2QN09
O96028	H2QP41
Q96B67	H2QR82
Q9NY93	H2QUI5
A4D1S5	H2QVH7
P11245	H2QVT5
O43182	H2QYA3
O60840	H2QYL4
Q9NVU7	H2QZJ2
Q9NVX7	H2R044
Q9Y6G3	H2R063
P09661	H2R145
Q9H6Y2	H2R2E5
Q13361	H2R2G8
A6NI61	H2R2T5
P27540	H2R3D7
O43295	H2R481
Q99680	H2R511
P25787	H2R5C6
Q96CN7	H2R5E6
P43005	H2R6U6
Q5TC63	H2R9Y5
Q9H5J8	H2RAP3
Q86UW8	H2RBQ7
Q27J81	H2RC71
Q16627	H2RD25
O43583	H2RE89
D6REC4	H2RH90
Q9BVI0	K7B2L3
P57775	K7B5K2
Q9H204	K7BCC3
P49795	K7BJR3
O00625	K7BN44
Q32M88	K7CGS7
Q8WW22	K7D1L4
Q9Y678	K7DE65
Q9BVG3	K7DPB6
Q86Y39	Q0MQC0
Q13459	A0A2I3RAH5
Q8N126	A0A2I3REI3
Q16514	A0A2I3RRS5
P43115	A0A2I3S2T0
P47756	A0A2I3S4X4
A0A096LNP1	A0A2I3S5M7
Q16690	A0A2I3S8P7
A1A4Y4	A0A2I3SJE4
Q96I99	A0A2I3SQ35
Q16820	A0A2I3SW10
Q9BZP6	A0A2I3SW40
A0A0U1RQF7	A0A2I3SW72
Q5T953	A0A2I3TU53
P17516	A0A2J8KTV4
Q16670	A0A2J8NWS0
Q86XN6	A0A2J8Q7J4
Q8WXQ8	A0A2J8QTA9
P13693	A5A6K2
Q99836	B3Y678
Q5T0D9	H2PXV8
Q9H4B4	H2PYW5
Q9NWV4	H2PZ21
Q5T5A8	H2Q009
O76095	H2Q046
Q92615	H2Q1I9
O60870	H2Q1L5
Q14690	H2Q2I8
Q9H0U4	H2Q460
Q8IZL2	H2Q4L2
Q12931	H2QAH2
O95976	H2QAQ5
Q9Y5N6	H2QB14
Q496H8	H2QBD0
P23434	H2QBK8
Q99988	H2QFT1
O43493	H2QI88
Q9NZJ5	H2QIB3
P48539	H2QL15
Q5DID0	H2QL23
P61218	H2QLN0
P09110	H2QMA8
Q96MT8	H2QNF1
Q16880	H2QQ26
Q70JA7	H2QRF5
Q9NY25	H2QVI6
Q9H7S9	H2QW06
Q9P015	H2QW61
Q96P66	H2QZ65
Q13702	H2R056
Q9UQE7	H2R1R2
Q96CM4	H2R1V8
Q6SPF0	H2R2Z5
Q9BZ95	H2R3Q8
Q99942	H2R7G2
P17658	H2R7L1
P46094	H2R8C2
Q96DU3	H2R8I4
Q5FWF7	H2R8S4
Q9BV57	H2R901
O15525	H2R9C1
Q9H081	H2RCK4
Q8N4S7	H2RHA4
Q93050	K7AA39
Q14997	K7BAR3
Q07092	K7BGM3
Q6NSJ0	K7BGQ0
O76080	K7CGL8
Q9NR28	K7CIS5
Q02218	K7CRV4
Q9ULJ3	K7CS85
O94986	K7CZ39
Q6ZWT7	K7D3A7
Q9NVH6	K7DHL4
Q14135	K7DRX4
P51993	P56434
P51460	Q5CZK3
O75935	A0A2I3RSC3
Q8TCT6	A0A2I3RSV0
Q6ZUU3	A0A2I3S329
H3BPM6	A0A2I3S7B8
A0A1B0GTR0	A0A2I3SHZ7
Q4G1C9	A0A2I3SP59
Q08AE8	A0A2I3SQL1
Q9NX94	A0A2I3SSH1
A6NK02	A0A2I3SXR5
Q99525	A0A2I3SYG0
P25440	A0A2I3SZN5
Q6ZU35	A0A2I3T0I4
O75030	A0A2I3T7T7
P05549	A0A2I3TE14
P51692	A0A2I3TIT2
A0A1B0GVB3	A0A2I3TLL7
Q8WU43	A0A2I3TS38
Q9H5I5	A0A2I3TXC0
Q9P296	A0A2J8K1P1
Q9NPP4	A0A2J8L1X5
Q6UXS9	A0A2J8LBR9
Q05084	A0A2J8ME93
P0DMC3	A0A2J8MQH0
Q9H0E7	A0A2J8N0Q2
Q8IVJ8	A0A2J8NQ79
Q71RS6	A0A2J8NTC3
A4QPB2	A0A2J8QMY7
P01100	A5A6H0
O60507	G2HIM6
P49321	H2PYX6
Q96DC8	H2Q1L8
P22897	H2Q1P6
Q7LGC8	H2Q222
Q32M84	H2Q2P7
P46013	H2Q2S1
Q9UMS4	H2Q3T2
Q9H5J0	H2Q3W8
O43505	H2Q465
Q9BR76	H2Q487
P06727	H2Q4U2
O94850	H2Q5U5
P06576	H2Q695
P61088	H2Q6L8
O95475	H2Q8E7
Q9Y5K8	H2Q8H3
Q8NHR7	H2Q9C3
Q3ZCQ3	H2QA44
O43303	H2QAN6
P45381	H2QBW4
O00623	H2QCP9
P78356	H2QCT4
Q99426	H2QG58
O95573	H2QJI4
Q96J86	H2QKV9
P57060	H2QKW4
P35520	H2QL34
Q9Y6W3	H2QM47
Q8IZA3	H2QNC6
Q9BUD6	H2QP32
Q8N264	H2QPU1
Q96HC4	H2QPW7
Q15800	H2QQE3
Q7Z3K6	H2QQX8
Q08828	H2QUJ4
Q86WN2	H2QX28
Q8NCN2	H2QXW8
Q9H707	H2QZD4
Q969H6	H2R0L7
Q9C0B7	H2RA28
Q6UWM9	H2RA41
Q14195	H2RC76
P51452	H2RGU9
Q9Y2S6	H2RHM5
Q03519	K7AS89
O14907	K7C2Z3
Q7Z4F1	K7C8J1
P08133	K7CJX0
P18847	K7D430
Q8N7A1	K7DEC5
Q10981	O77485
P61073	P61072
P60508	P61557
P00338	Q5R1W9
P0DMW3	A0A2I3RBT8
Q8N6L7	A0A2I3RBV3
O94972	A0A2I3RKX5
Q96G42	A0A2I3RR06
A6NFI3	A0A2I3RW60
O60262	A0A2I3RWN8
Q3KP22	A0A2I3S030
Q8WW34	A0A2I3S468
O14983	A0A2I3S5K1
P17036	A0A2I3S8R7
Q9BRK3	A0A2I3T3T5
P42336	A0A2I3T7A8
Q15434	A0A2I3THQ7
Q96AA8	A0A2I3TKQ4
Q9ULB1	A0A2I3TL95
O43447	A0A2I3TWZ5
P01344	A0A2J8JV47
P78317	A0A2J8K6K8
Q8NGH9	A0A2J8P6L9
Q6P461	A0A2J8PDZ5
O75843	A0A2J8QK59
Q8WYN0	G2HGQ3
Q9NRK6	H2Q1B1
Q8WXS8	H2Q218
Q14152	H2Q2N4
P04234	H2Q4W0
Q502W7	H2Q6N1
Q15398	H2Q8C6
Q6PD74	H2Q9N9
P61421	H2QBB6
O60479	H2QDE2
Q67FW5	H2QE62
Q8TDF5	H2QEP5
Q9UBQ5	H2QG88
Q6UX46	H2QHD0
Q5I0X7	H2QHH4
Q504Y2	H2QHT1
Q13615	H2QLG7
Q86YW9	H2QNL1
P18505	H2QPE8
Q96PX9	H2QQK1
Q9NQX0	H2QRE3
Q8NC54	H2QRH4
P15924	H2QS97
Q4ZHG4	H2QTZ4
Q8NCT3	H2QUF4
P61952	H2QUY0
P47898	H2QVN5
Q9HCK0	H2QXU9
P21397	H2QYH5
Q9UBI6	H2QZN8
Q9UPV7	H2QZZ6
Q9BUN1	H2R036
P43234	H2R0D1
O43174	H2R2R5
Q9BY49	H2R656
P82094	H2RDU3
A6NCI8	H2RFG5
B9A064	H2RGH5
P05161	H2RH79
Q15847	K7A2I9
A6ND36	K7B029
Q96EM0	K7B1Q6
Q9Y5V3	K7BGA9
Q9Y2E8	K7BUB8
Q04656	K7CAA6
Q99623	K7CG54
P42126	K7CJH4
P52198	K7D957
Q9UPT5	K7DKW2
Q9UBV7	Q2HPN5
P03928	Q35647
Q5GH70	Q49LR9
Q96HZ7	Q68US6
Q8WWH4	Q8WMX6
P50591	A0A0U5J5G6
Q00872	A0A2I3RHN5
O75954	A0A2I3RIG1
Q9HAJ7	A0A2I3RN32
Q5T4F7	A0A2I3RRQ1
P13942	A0A2I3RUR0
Q14692	A0A2I3S1M1
Q5JS13	A0A2I3S443
O60939	A0A2I3S507
Q9NYF5	A0A2I3SBA8
Q92600	A0A2I3SF54
Q9Y3A6	A0A2I3SJ70
Q9HCN6	A0A2I3SRG0
Q9UMS6	A0A2I3SSE8
P46098	A0A2I3SZC7
Q96CH1	A0A2I3T714
Q14679	A0A2I3TD20
Q9H267	A0A2I3TDR5
Q86VX2	A0A2I3TG85
Q9UBK9	A0A2I3TKK0
Q8N568	A0A2I3TVT1
Q96JP9	A0A2J8KIM7
Q92667	A0A2J8MFD2
P43080	A0A2J8NZW3
Q9H3U5	A0A2J8P210
Q9C0A0	A0A2J8Q655
B7Z3J9	A0A2J8QS37
Q96LB8	H2Q025
Q8NBI5	H2Q3P0
P26641	H2Q3V7
O00534	H2Q509
Q8TE58	H2Q550
P78369	H2Q7Q2
Q68DK2	H2Q8I0
P57789	H2Q8R2
Q70CQ4	H2QAR4
Q14807	H2QAV4
P78415	H2QB38
P80297	H2QB58
P55087	H2QED7
Q68CJ9	H2QF07
Q96PD5	H2QFM5
Q9UK33	H2QH74
Q8IXH6	H2QK83
Q3LI63	H2QKX8
O43435	H2QL88
Q16589	H2QPR4
Q8N5K1	H2QPZ0
P48775	H2QQC2
O60645	H2QQK3
O95363	H2QS90
O15217	H2QT72
Q9Y239	H2QUD1
Q8WWF3	H2QVD4
Q96LL4	H2QVS1
Q2VYF4	H2QW17
P31025	H2QY54
Q8N0Z9	H2QZU2
O43543	H2R1S2
O60353	H2R2C6
Q7Z465	H2R2V1
Q9NZM6	H2R5B6
P41250	H2R5E9
Q9H7L9	H2RBE3
Q86W56	H2RDJ6
Q96GW9	K7AR51
Q9P013	K7BH91
P10916	K7CQW8
Q15326	K7CUR4
Q5XUX1	K7DBL8
P21217	O19058
P43034	Q5IS43
Q5H9J9	A0A2I3RKI8
Q13613	A0A2I3RQ29
Q9HBT8	A0A2I3RX11
O60336	A0A2I3S174
Q96GM5	A0A2I3S359
Q9Y236	A0A2I3S6M7
Q9UH77	A0A2I3SKI1
O76082	A0A2I3SM66
Q86TM6	A0A2I3SMW1
A8MZ59	A0A2I3T614
Q8NG84	A0A2I3T6L2
P39086	A0A2I3T979
P40238	A0A2I3TKA0
A0A1B0GVQ0	A0A2I3TKC1
Q8NDB2	A0A2I3TQX5
P25208	A0A2I3TVP5
Q8IY31	A0A2J8LHZ1
Q92686	A0A2J8N1P9
Q60I27	A0A2J8PAD9
Q8IZT8	A0A2J8PU13
O15355	G2HF14
P54646	H2PZ45
Q8NEQ5	H2PZN5
Q9Y2M5	H2Q0M8
Q9BZQ8	H2Q0S1
Q9NR31	H2Q211
P52849	H2Q243
Q9NQW1	H2Q2F5
Q9NXX6	H2Q2P5
Q9Y3B8	H2Q4T6
Q92673	H2Q4Z6
P37023	H2Q5Y5
Q13217	H2Q7Q3
Q7L576	H2Q913
P05386	H2Q9Q0
Q93100	H2QB20
Q02127	H2QBH6
Q9Y584	H2QBT5
O60256	H2QCE9
Q96CM8	H2QDF1
Q86XN8	H2QEU9
O14593	H2QFU8
Q8TAX0	H2QHH3
Q9H6V9	H2QHI0
Q8NDY6	H2QKR8
O75679	H2QLJ3
P33992	H2QLK2
Q9Y251	H2QPT5
O15018	H2QQQ0
P36959	H2QSC0
P49910	H2QSJ5
O95870	H2QSN6
Q9P032	H2QTF6
O95772	H2QUG2
P08236	H2QUN2
Q04837	H2QVI4
Q8N8Y2	H2QWD7
Q9BY10	H2QXP8
Q9Y399	H2QY53
Q99714	H2QYN3
Q15904	H2QZA8
Q9H9L4	H2R0B7
Q53GS7	H2R307
Q8IWE2	H2R324
Q5T7B8	H2R6Q4
Q96F45	H2R7N6
P06493	H2R7P8
Q12797	H2R9T3
Q9NRD0	H2RDU5
Q9UJ90	H2RFW5
Q8NEP9	H2RGS4
Q13636	H2RHY0
Q6KF10	K7A0F7
P49281	K7AGP5
Q96KN3	K7BFH4
Q9Y2K1	K7BIZ4
Q8TCC3	K7C0K8
Q9NXV2	K7CSJ0
O60826	K7D9U1
Q68EN5	K7DRX2
A0A096LPI5	A0A2I3RB84
Q8IZY2	A0A2I3REE5
Q8IXM2	A0A2I3RM51
P17861	A0A2I3RMV2
Q8WUH2	A0A2I3S4M6
Q9HB15	A0A2I3S4S2
Q9NZ09	A0A2I3SHW5
A0A286YFK9	A0A2I3SIR6
Q96HU8	A0A2I3SKK7
O95628	A0A2I3SL52
Q5JUR7	A0A2I3SM06
Q16698	A0A2I3SQB5
Q6UWW8	A0A2I3T320
Q8WVM7	A0A2I3TAP7
Q96GS6	A0A2I3TFZ6
Q9Y4X4	A0A2I3TG93
Q9UGF6	A0A2J8NWW8
Q9BZM3	A0A2J8PEL7
Q8TDF6	A0A2J8QF20
O15258	H2PXU7
O75911	H2PY21
Q9UQC9	H2PZB9
Q8TEY5	H2Q045
Q14746	H2Q1B6
Q9BSJ2	H2Q2T5
Q9Y4K3	H2Q3F3
A6NK58	H2Q4E2
Q9P2H0	H2Q4M2
Q9BQA5	H2Q4X8
Q8N682	H2Q6Q5
Q6P9F0	H2Q749
Q99538	H2Q8T5
P68032	H2Q943
Q99653	H2Q976
P62244	H2QAN1
Q9Y278	H2QAR3
Q14162	H2QBU2
Q9H808	H2QEX8
Q07869	H2QLW3
Q8IWF6	H2QMU5
Q8NET6	H2QNA2
Q8TF66	H2QP00
Q8IZQ1	H2QPU0
Q9UQ53	H2QS58
Q9H1Y0	H2QTH2
Q8NF91	H2QTX4
Q9NUM4	H2QU71
Q8TD06	H2QU79
P00750	H2QW33
Q9Y6D6	H2QW96
Q5VTQ0	H2QX08
Q13310	H2QZS4
Q5VT06	H2QZS6
Q9NYI0	H2R115
Q15486	H2R386
Q16650	H2R3Y6
Q5H9I0	H2R4J2
Q6ZMN8	H2R5D2
Q9NX61	H2R692
Q96RI0	H2R6B3
Q96A61	H2R7S7
Q8NGC7	H2R9G6
Q96A59	H2RA19
Q06587	K7A018
Q4FZB7	K7A6Y3
Q15369	K7AZJ3
Q5JS54	K7BZI5
Q15738	K7CN59
Q9H7Z6	K7DPR6
O14931	P61484
P01229	Q2Q1P2
Q01524	Q5G860
Q96BZ4	A0A2I3RAH0
H3BS89	A0A2I3RHX2
P46379	A0A2I3RNV6
Q6P6B7	A0A2I3RS16
A0A0A6YYD4	A0A2I3RXP8
Q0VD86	A0A2I3S397
Q96HA7	A0A2I3S9H1
Q96KD3	A0A2I3S9T8
Q5JQC9	A0A2I3SAQ8
P49810	A0A2I3SHN4
Q8IUB5	A0A2I3SM73
P08034	A0A2J8IK75
Q8NEK5	A0A2J8JLS1
Q9Y250	A0A2J8KI55
Q9H114	A0A2J8KX07
O95971	A0A2J8PWJ5
Q68G75	A0A2J8QW48
Q5T089	G2HE62
Q9NRG9	G2HED6
P30101	G2HFN6
P84243	G2HIR8
Q6ZP29	H2PY71
P82914	H2PYN6
Q6UWY5	H2Q339
Q15637	H2Q406
Q7Z4H8	H2Q4Q2
Q8N159	H2QD56
P11678	H2QDI6
Q96B23	H2QEH4
P29992	H2QEY0
P32314	H2QHW2
Q8IWJ2	H2QII3
Q8NFH5	H2QJ39
Q9HDC9	H2QK40
Q96L34	H2QL36
P78395	H2QLB6
P51178	H2QMA6
P78332	H2QMN0
Q3SXY8	H2QMY9
Q86XQ3	H2QRI6
Q8TAA5	H2QRR7
Q9NWX6	H2QRW8
Q6U7Q0	H2QSH9
Q96KK4	H2QSL2
O15131	H2QTM3
P63172	H2QTZ1
Q9NV58	H2QWI4
Q14534	H2QWP8
Q9Y283	H2QXL0
Q96M61	H2QYF3
Q16280	H2QZ85
P60410	H2QZQ1
Q1MSJ5	H2R0K1
Q7Z6B7	H2R1I1
Q8TAE6	H2R1S8
Q52LW3	H2R3H8
Q86T24	H2R4K5
P32248	H2R9P0
Q8N2G4	H2RCN4
D3W0D1	H2RES4
Q8TCP9	H2RES9
P29400	K7ARM1
Q8NG68	K7B4T7
Q8WZA1	K7BA23
Q9NY12	K7BE62
Q15042	K7BLE5
O95453	K7BWE4
Q9UI12	K7CGT2
O95684	K7CQB2
Q13601	K7CWD4
Q8TF74	K7D608
Q9GZY4	K7DGL1
Q86WG5	K7DTM0
Q12879	Q5IS45
P00740	Q95ND7
Q4KMQ2	A0A2I3RK99
O15294	A0A2I3RQW9
Q5TCY1	A0A2I3S8E4
Q96S16	A0A2I3S969
Q9UHK6	A0A2I3SA62
Q9BRP1	A0A2I3SF06
Q8IYB9	A0A2I3SF44
Q9HBY8	A0A2I3SHI2
Q5XXA6	A0A2I3SL13
Q96KV7	A0A2I3SPR5
Q00005	A0A2I3SQA4
O14654	A0A2I3SS11
Q9NR21	A0A2I3SSS4
Q6ZSN1	A0A2I3SU34
Q8N9I5	A0A2I3T1A7
Q92956	A0A2I3T1B2
Q8WUR7	A0A2I3T1B9
O75638	A0A2I3TCM6
A1L4K1	A0A2I3TCX2
Q07912	A0A2I3TMU8
O15482	A0A2J8INA1
O76039	A0A2J8IZ55
O00744	A0A2J8LQ46
Q76M96	A0A2J8M2Z0
Q8WUF5	A0A2J8PYK4
O15371	G2HHB2
Q96S53	H2PYX2
Q5T440	H2Q1A0
P04216	H2Q4Y7
O75317	H2Q7B8
Q4W4Y0	H2Q882
Q8NDG6	H2Q8Z7
Q4VC39	H2Q9R4
Q9UPX6	H2Q9X4
Q9Y2R4	H2QCS3
Q6AI12	H2QDF8
O43615	H2QF76
Q8NG95	H2QF94
Q8N7K0	H2QFF0
P78329	H2QFN1
P07320	H2QJB0
Q16517	H2QKB6
Q9BYK8	H2QKT0
Q9NVD3	H2QKZ7
Q8NFM7	H2QMT9
Q2M1Z3	H2QN52
Q16348	H2QN74
Q8WWX0	H2QQG5
Q9H0Y0	H2QR67
Q8WXG9	H2QR81
Q6ZQN7	H2QRA1
Q8TEQ6	H2QRV6
Q9BRS2	H2QS96
P35659	H2QSC7
Q9ULH4	H2QSY5
Q9NZC2	H2QSZ0
Q9Y6X5	H2QT42
Q8HWS3	H2QTM5
A6NFE3	H2QV74
Q9Y383	H2QVG9
A2A368	H2QYG1
P43363	H2QZ87
Q9HBU1	H2R4D7
Q8N3Y7	H2R4G6
Q5SWL8	H2R9H2
Q658N2	H2R9T7
Q9H2D6	H2RCX1
Q9UIG8	H2RFP8
Q19T08	K7A467
Q8WUT9	K7APG4
P0CF97	K7AQU5
Q96KR1	K7BVM7
Q6ZNC8	K7CDQ2
Q6NUT3	K7CE45
Q9Y5L0	K7CND3
P16989	K7CRT7
O43683	K7D3R8
Q8NBR0	K7DBM5
Q86UL3	K7DNJ8
P69891	P61920
P06681	Q8SQ74
Q96G25	A0A2I3RBC6
Q5TBE3	A0A2I3RDH8
Q9NS61	A0A2I3RU08
P0CB38	A0A2I3RVX1
Q96DZ9	A0A2I3RVX4
O00398	A0A2I3S6I2
Q8N543	A0A2I3SBV1
P56377	A0A2I3SDC3
Q86YN6	A0A2I3SLS6
Q9BSE4	A0A2I3SQ92
Q9UIF9	A0A2I3T3E5
Q99767	A0A2I3TBF6
Q8NBR6	A0A2I3TI05
A4IF30	A0A2I3TJ47
Q5DX21	A0A2I3TMP2
Q7Z4T8	A0A2I3TN26
Q8N8K9	A0A2I3TQQ0
Q9NYZ4	A0A2I3TQS8
Q8WWF8	A0A2J8JSA9
P62829	A0A2J8KHA3
Q96N38	A0A2J8LSC7
P01286	A0A2J8MKU4
Q9P2W7	A0A2J8N0U8
Q8N9U0	A0A2J8PL39
Q9NYT6	A0A2J8PY29
Q6UWL6	A0A2J8QHV0
Q9NXI6	H2PY74
Q99665	H2PZ74
Q5T1A1	H2Q063
Q5VZ46	H2Q0Q2
Q8NEN9	H2Q2M9
Q9UK99	H2Q3E0
Q13277	H2Q3R5
Q15286	H2Q701
Q9Y6E7	H2Q706
O14788	H2Q7H7
Q6DHV7	H2Q9A4
Q8NGB9	H2QA62
P30419	H2QD84
Q9P0M9	H2QDE8
Q9UJW9	H2QGC6
Q9UKR3	H2QGZ4
Q9Y3B4	H2QHI7
Q6UWP7	H2QHP9
Q15303	H2QJC5
Q5W186	H2QK33
Q9BV10	H2QLX4
Q01826	H2QM59
O95747	H2QMA9
Q15057	H2QP05
Q14103	H2QPS6
O60765	H2QS48
Q9UMX6	H2QT03
Q4VXA5	H2QTA1
O00425	H2QU96
P05423	H2QVU9
P53677	H2QW32
P23193	H2QW60
Q8IV03	H2QX05
Q16559	H2QXM9
Q9NWZ8	H2QYB2
Q13368	H2QZJ3
Q9C0F3	H2R0W5
Q9Y662	H2R151
Q6PKC3	H2R297
Q9GZT8	H2R3D2
Q9UBN4	H2R3J3
Q52M93	H2R3V3
Q5JXB2	H2R4I1
Q86VZ1	H2R4U2
Q6IC83	H2R704
Q8NGI8	H2R7S9
P20701	H2R921
Q96GG9	K7AGK0
Q9H8U3	K7B9Q7
Q96M27	K7BIV7
Q9BQD3	K7BPH6
Q9BQL6	K7BYU8
Q9ULK4	K7C3Q3
Q96BZ9	K7C734
P57723	K7CGS3
Q8NGE3	A0A2I3RFP9
Q9UHD9	A0A2I3RI61
Q6MZQ0	A0A2I3S325
Q14541	A0A2I3S4G5
Q9UIA9	A0A2I3S676
Q86WB7	A0A2I3S9S9
Q96M53	A0A2I3SD50
Q9H159	A0A2I3SHA1
Q9Y4B5	A0A2I3SN52
Q9Y6F9	A0A2I3SR43
Q8TER0	A0A2I3SRH8
Q76I76	A0A2I3T5S7
Q96H96	A0A2I3TD73
O94856	A0A2I3TGK0
Q9NR64	A0A2I3TI10
H7C241	A0A2I3TJQ9
Q9BQG1	A0A2J8J1B3
P37802	A0A2J8JA80
Q8NGJ0	A0A2J8LCN1
Q3MJ13	A0A2J8NSL9
Q9BYD5	A0A2J8QGP4
P51654	A5A6P7
Q9P2K9	H2PY05
Q6P1W5	H2PYL8
Q6P2H8	H2PYW1
Q96BR5	H2PZ14
Q5VWT5	H2PZ46
P78345	H2Q1N6
Q9UBW8	H2Q5B1
O00505	H2Q7K7
Q9BXS6	H2Q978
Q86XP0	H2Q989
P14618	H2Q9R1
Q9BRJ7	H2QAI1
Q05996	H2QAQ2
Q7Z3Y8	H2QCX1
Q9Y4G2	H2QD91
P41595	H2QJL0
Q9Y264	H2QJT0
Q9BT49	H2QLA4
Q99469	H2QM98
Q92922	H2QMI4
Q96QZ7	H2QMW6
P51114	H2QNT0
O14827	H2QR63
P53609	H2QRC3
Q5TGL8	H2QS84
Q9NUH8	H2QSA7
Q99943	H2QSR0
Q6ZMV9	H2QSY3
Q8IYU2	H2QTG6
P78424	H2QUG4
Q96PE1	H2QW10
P46531	H2QY65
Q2I0M4	H2QY81
Q96QH8	H2QYJ5
Q8TDG2	H2QZ36
P45983	H2R0G7
Q92545	H2R1B5
Q9NPB0	H2R389
Q6UXD5	H2R3A7
Q9ULN7	H2R5Y6
Q5CZC0	H2R6C4
Q5VVY1	H2R8F0
P07476	H2R8M7
O95399	H2RB98
Q8WVX3	H2RDF6
P0C672	H2RFE5
Q3LHN1	H2RGG7
P0C7M8	H2RIE9
Q9NZN8	K7AI48
Q13133	K7AUZ1
Q96KG9	K7BMJ5
O96008	K7C6R1
Q9Y2I1	K7CB25
Q16363	K7CW88
Q99523	K7D492
P47985	Q69BK5
Q96PX1	A0A2I3RF72
Q9H0X9	A0A2I3RGC9
Q9Y5Y2	A0A2I3RIM5
O95644	A0A2I3RLV4
Q96QS3	A0A2I3S298
Q3MIS6	A0A2I3S2R4
Q9UJU2	A0A2I3S5R9
P58215	A0A2I3SAT0
Q9BZC7	A0A2I3SB26
O94921	A0A2I3SXJ6
A8MXK1	A0A2I3T2G4
Q9NZR4	A0A2I3T6W2
P10075	A0A2I3T8E9
Q9UI08	A0A2I3T9Q2
Q00887	A0A2I3TQ75
Q86XN7	A0A2I3TUJ7
Q12926	A0A2I3TUM8
P52735	A0A2I3TV44
Q92831	A0A2I3TV67
Q6ZVW7	A0A2J8JBS5
Q6ZP01	A0A2J8JQ24
Q9BYZ8	A0A2J8JUL7
Q6NSI3	A0A2J8K6R6
Q8NHS0	A0A2J8KAN0
Q96CB5	A0A2J8KZQ9
Q96SC8	A0A2J8NIJ8
P0DMT0	A0A2J8NVH2
P06731	A0A2J8QGD5
Q96KX2	G2HI32
Q5JVF3	G2HI90
Q9BW92	H2PZW8
Q6UY18	H2PZZ8
Q13733	H2Q0E0
Q9UNI6	H2Q0H2
Q96HD9	H2Q496
Q9UBW5	H2Q5Y0
O00198	H2Q6Y8
O75503	H2Q7N7
O14641	H2QC24
Q9P1Z0	H2QC42
Q9BZJ4	H2QD69
Q68D86	H2QEP0
P22670	H2QFJ5
O00110	H2QG56
Q8NFQ5	H2QK65
Q15024	H2QMF5
O95243	H2QNC3
Q4VNC0	H2QNZ6
Q9H4A6	H2QQQ1
Q9NPG4	H2QRP0
P35368	H2QRX4
P33908	H2QTN5
Q9BWD1	H2QTZ6
Q99811	H2QY10
Q9NQZ6	H2QYQ0
Q8NBS9	H2QZP4
O95754	H2R1X0
Q9UQR0	H2R3L4
Q9GZM6	H2R3S0
P46109	H2R472
Q12809	H2R4V4
Q9UKP5	H2R5K7
P19235	H2R6D1
Q8N9H9	H2R9I4
P52306	H2RA13
Q96C12	H2RA77
P13224	H2RCB6
Q96PQ6	H2RH32
Q7L775	H2RIH1
Q9Y5B0	K6ZJ11
Q9BQ75	K7A0J3
P0DMB2	K7AJF5
O00743	K7ASG1
O15321	K7BB96
P26440	K7BSR9
A9UHW6	K7BTS1
Q9NUQ2	K7CGU7
Q8IXI2	K7D6R4
Q5TBB1	K7DDV4
Q75QN2	K7DQK9
Q6PGP7	K7DTG0
P02818	P84348
Q9UI09	Q0MQ87
P51816	Q7YQM2
Q15256	A0A2I3RBR5
Q92619	A0A2I3RLJ7
Q12800	A0A2I3RVQ9
O75197	A0A2I3RVR8
O00429	A0A2I3RYD0
P0CZ25	A0A2I3S421
Q9UMX0	A0A2I3S760
Q6ICB0	A0A2I3SBP1
Q9BYE0	A0A2I3SKS5
Q9Y5Q8	A0A2I3T600
Q5VVW2	A0A2I3T6E2
O60229	A0A2I3T8G4
P36873	A0A2I3TFG1
Q96AV8	A0A2I3TFM9
P51572	A0A2I3TRW4
Q96JE7	A0A2I3TSD5
Q63ZE4	A0A2I3TWY5
Q8N9B8	A0A2J8IX89
P29973	A0A2J8L312
Q96DT7	A0A2J8M9Z1
Q8NC24	A0A2J8NIS7
Q8TEF2	A0A2J8NUQ7
Q15437	G2HFR5
Q9H560	G2HII6
Q96KB5	G2HJ42
Q9BSK2	H2PXY6
P48507	H2PZF4
Q5SWA1	H2Q0Y9
Q96KN8	H2Q3Y0
Q15173	H2Q411
Q14714	H2Q5M5
P23409	H2Q6J2
Q8N6Y1	H2Q7M5
Q8N3R9	H2Q8H2
O00253	H2QBB7
Q7Z736	H2QD31
Q9Y2D9	H2QDD2
Q9H7N4	H2QGV9
Q9BU64	H2QHJ4
Q8N1N0	H2QI29
Q9Y234	H2QIE7
Q9Y376	H2QJK6
Q8WUT4	H2QJY0
Q8IWL3	H2QLF2
Q7RTV0	H2QLS3
P47900	H2QNL8
Q8NFZ5	H2QP45
P02808	H2QPL0
Q13316	H2QPV1
O00635	H2QSE9
Q9H0R6	H2QTH5
Q9UBT3	H2QW36
O60663	H2QXW6
Q6UXX5	H2QYN7
Q99549	H2R0N3
Q8IVS8	H2R0Y3
Q6PF05	H2R5I2
Q13461	H2R937
Q6ZRV2	H2R9M6
Q8NHY0	H2R9S5
A6NP11	H2RBA8
Q8N8W4	H2RCP9
P0C5K7	H2RH77
C9JE40	H2RHS9
Q7L5D6	H2RI34
Q9NVV2	H2RI96
Q96HY6	K7A1J6
O00444	K7BZR6
Q03154	K7CQ78
Q8TAE8	K7D1N2
O43310	K7D4L1
A6NDV4	K7DBB6
Q9NYV7	Q646B3
P46100	Q7YQM4
Q9H892	A0A2I3RBA8
Q6ZW76	A0A2I3RC71
Q9HD90	A0A2I3RC92
P01834	A0A2I3REY6
Q9BXU3	A0A2I3RMG6
P31267	A0A2I3RPG5
Q08AH1	A0A2I3RSS1
Q8NH19	A0A2I3RXH1
C9J302	A0A2I3SGC1
Q9NYJ1	A0A2I3SJU2
O75128	A0A2I3T0R4
P51800	A0A2I3TFH3
Q96AQ9	A0A2I3TM31
A0A075B6I1	A0A2I3TRX9
P30203	A0A2I3TSS0
Q8NCN4	A0A2I3TT78
O00341	A0A2I3TTD0
Q8TB24	A0A2I3TTU9
P14136	A0A2J8IVB9
Q5VX71	A0A2J8K938
Q8N123	A0A2J8KJ45
Q8N4S0	A0A2J8L1F2
Q8NHX4	A0A2J8NF82
P52746	A0A2J8NGI4
A0AVK6	A0A2J8P4N5
Q12972	H2PYG2
Q01658	H2PZF0
Q9UBG3	H2Q004
Q8NFF5	H2Q060
Q9BSE2	H2Q093
Q9NRU3	H2Q2E3
Q14185	H2Q2R7
O14628	H2Q2X6
P35318	H2Q363
Q9Y5Y6	H2Q547
Q9HCM1	H2Q5P4
Q9UJX4	H2Q726
Q8N5I3	H2Q7K9
Q9H6D7	H2Q7Z7
Q96LQ0	H2Q8G5
P05771	H2QAS7
Q63HK3	H2QAT3
Q86W50	H2QBV6
P06732	H2QGL2
O95256	H2QIG7
Q6ZU64	H2QJG0
Q14691	H2QK44
Q9H427	H2QKE7
Q9BYB4	H2QL90
Q9HDD0	H2QNZ5
P25874	H2QQ73
Q7Z6J0	H2QQE8
Q9H799	H2QQS4
P55809	H2QQT8
Q96GV9	H2QRA3
Q8N4E7	H2QRD8
O60925	H2QRM0
Q96I51	H2QUR9
O15260	H2QY45
Q8NC96	H2QZF1
Q96FZ2	H2R0W0
Q5T0U0	H2R506
Q8N3J9	H2R723
P39060	H2RAH2
A8MUP2	H2RBM4
P49238	H2RCA7
O60291	H2RCV5
P01034	K7AAK0
Q86TJ2	K7ALB6
Q5RI15	K7AN64
Q02790	K7B4Z1
Q9H4M7	K7BG94
Q96BM9	K7BWY7
Q5T3F8	K7CJ87
Q32NC0	K7CUG3
P39059	K7D0K0
Q9Y5J3	K7D7U5
Q9Y2B5	K7DS22
O43920	Q0MQH4
Q9NRC1	Q2QLE8
P61247	A0A2I3RHI1
Q8N720	A0A2I3S7F5
Q9H8T0	A0A2I3SCM2
A0A0B4J240	A0A2I3SCY0
Q8IZU1	A0A2I3SL81
A0M8Q6	A0A2I3SLM4
P08651	A0A2I3SNC9
A4D256	A0A2I3T3I7
Q9NPU4	A0A2I3T427
Q9H2A3	A0A2I3T5C2
Q9UJZ1	A0A2I3TF51
Q8NA19	A0A2I3THJ4
Q9BYW1	A0A2I3TI36
Q6S9Z5	A0A2I3TQ63
Q969P0	A0A2J8JAE2
A2A3L6	A0A2J8K5C4
Q8N292	A0A2J8KL07
Q8TB05	A0A2J8LAL8
Q00722	A0A2J8QDF6
P08559	A5A6L0
Q8IYT1	G2HEQ4
Q9NY43	H2PZD7
Q6UXG2	H2PZJ9
O00512	H2PZV0
Q8WXI9	H2Q042
Q9UI30	H2Q3Z8
Q6N022	H2Q4H4
P08254	H2Q4N2
Q9NXH3	H2Q971
O95190	H2Q9L1
P84022	H2Q9N8
O94812	H2QA98
Q6ZMU5	H2QB00
P17023	H2QBH1
Q9HAY6	H2QBK9
P07741	H2QBQ7
Q9H6R0	H2QC04
Q96S79	H2QCQ0
Q8N139	H2QDR2
Q9H777	H2QEJ5
Q9UL36	H2QEQ6
Q8IUH2	H2QIG0
Q9NUB1	H2QK41
Q6ZQY2	H2QLA6
Q9P232	H2QMY0
Q9HAV0	H2QNS5
Q08426	H2QNW2
Q9NX58	H2QP56
P42830	H2QPN8
P29371	H2QPZ4
Q8TAQ9	H2QUK0
P35523	H2QVJ5
Q9H4Q4	H2QY20
P48723	H2QZS7
Q6ZNR0	H2R282
Q6GV28	H2R4X0
Q8NCX0	H2R6B2
Q7Z6M1	H2R6B6
P36952	H2R6Q3
Q6ZRP0	H2R804
Q30KQ1	H2RAP0
Q9BZW4	H2RCX0
P30041	H2RFX7
Q6PCD5	K7APE2
O15198	K7BDF3
Q9HBL8	K7BLW1
Q9Y6I3	K7BRI5
Q14677	K7C225
Q86VU5	K7C3C4
P46019	K7CG73
Q9NPC4	K7D3Y2
O95239	K7D5F2
O75509	K7DAS5
Q96HS1	K7DH40
Q92759	P60027
Q9UN67	Q5DRD9
Q9Y608	A0A2I3RNR6
Q13698	A0A2I3SDD9
Q13275	A0A2I3SSI5
Q9NUD5	A0A2I3SVX1
Q96SZ6	A0A2I3TEE9
Q8NFR7	A0A2I3TJ52
Q96PM9	A0A2I3TM83
O43280	A0A2I3TUG4
Q13443	A0A2I3TUV7
Q9P270	A0A2I3TVQ5
P51571	A0A2J8IM13
P0C7V8	A0A2J8L3C5
P78318	A0A2J8L3H0
Q5XG99	A0A2J8L7H8
P56373	A0A2J8LC53
Q5T4I8	A0A2J8MTM3
Q9H172	A0A2J8N292
Q8TDC0	A0A2J8NJM7
Q9C0D9	A0A2J8NL39
Q9NXL9	A0A2J8PTV7
Q9BUX1	A0A2J8QDS1
P27695	A2T6Y4
P31930	G2HEX2
Q96IK0	G2HGV0
Q9BYD2	H2PZZ6
O00155	H2Q0V3
Q96BW5	H2Q1N9
P04053	H2Q2B9
P17174	H2Q2E4
P16455	H2Q2S2
P60852	H2Q3T1
O76090	H2Q3V0
Q86W47	H2Q6G5
Q8NFH4	H2Q6Q7
Q8NA47	H2Q6V9
Q5HYK3	H2Q714
Q68EM7	H2QAT1
Q9NZD4	H2QB08
P19387	H2QB71
Q9BZG8	H2QBU9
Q401N2	H2QDX4
Q9NZM3	H2QHJ1
Q6NUQ4	H2QHL1
Q15036	H2QHM8
Q6P4Q7	H2QID4
Q8NDX1	H2QIL2
P14868	H2QIS1
Q9UHI8	H2QKW0
P09601	H2QLK1
Q9BYH8	H2QN16
A6NNE9	H2QQP0
Q92973	H2QR21
P23942	H2QT06
Q9NZA1	H2QT41
Q9H446	H2QTM1
P50750	H2QXX8
Q6ZN84	H2R1S4
Q9UBF9	H2R5B7
Q6UVM3	H2R8A8
Q9H3E2	H2RB95
A6NHR9	H2RFH1
Q8N9V3	K7B1V7
Q9NQX1	K7BTV3
Q6PI98	K7BVD5
Q8WWH5	K7CFC2
Q6PII5	K7D2C8
P21730	P79240
P14061	Q1WNP0
Q9UN70	Q5DRA4
Q9BYT1	A0A2I3REB8
Q6ZNB7	A0A2I3RMZ2
A8MVM7	A0A2I3RW59
Q7Z6I8	A0A2I3RZD2
Q8NBN3	A0A2I3S859
Q9BQ51	A0A2I3S9N9
Q96L73	A0A2I3S9S5
P17600	A0A2I3SK53
O75822	A0A2I3SMM0
Q5T751	A0A2I3T120
P20366	A0A2I3T8P7
Q969E2	A0A2I3T8V3
Q9NQZ7	A0A2I3TC69
Q53FA7	A0A2I3THT3
P43354	A0A2I3TIC5
P54793	A0A2J8IUA4
Q96K58	A0A2J8J521
Q9UQB9	A0A2J8JLQ6
Q5TH74	A0A2J8K3V6
P55289	A0A2J8KU53
Q14802	A0A2J8QH30
Q71U36	A5A6J1
P06733	G2HFA5
Q13123	G2HFW0
P57768	G2HG85
P18074	G2HHJ3
P52597	G2HIV6
Q9NQT6	G2HJ99
P84074	H2PYL2
P35590	H2PYU7
Q9UMS5	H2PZP5
Q8IWV1	H2Q0Y3
P13674	H2Q230
Q96R67	H2Q3K7
Q8NGI7	H2Q3R4
O95968	H2Q3V2
Q9NY30	H2Q4R1
P41238	H2Q5C6
O43716	H2Q711
Q9HBH0	H2Q733
O43815	H2Q850
Q9H6Z9	H2Q856
Q8NAA6	H2Q952
Q9HD36	H2Q9G4
Q8N8U2	H2QBK4
P13073	H2QBN5
Q53F19	H2QBX2
Q9P0Z9	H2QCK0
Q12830	H2QDQ7
Q8TDQ1	H2QDT1
Q96DV4	H2QDW8
P68543	H2QHI3
O14530	H2QIF2
Q86YG4	H2QIK3
P28676	H2QIW4
Q8TBB6	H2QNQ7
Q18PE1	H2QP53
P17301	H2QQV6
A6NGY3	H2QRW7
Q86VS8	H2QW41
Q8IYX7	H2QX13
Q8NHZ8	H2QXQ3
Q9BZW7	H2R2D3
Q9H239	H2R3C1
Q9BSK1	H2R5V5
A8K855	H2R910
Q9UKL6	H2R9I1
Q16853	H2R9Q9
Q9NYW6	H2RAP6
Q9GZN8	H2RB33
Q99466	H2RDK4
Q5U649	H2RDV1
Q14410	H2RF88
B9A014	H2RIB8
P53384	K7A5Q1
P29144	K7B2P3
Q99801	K7B547
Q96C92	K7BM14
P40305	K7BTE3
Q7Z5H3	K7C6W3
Q86SE9	K7C6Y3
O14662	K7D9L3
O60675	K7DIM0
Q13823	K7DML1
Q96S15	K7DT44
P22083	Q659K9
Q9NYM9	A0A2I3RDC2
Q9HCQ5	A0A2I3RIA6
Q8NGG0	A0A2I3RUZ5
Q9BRP4	A0A2I3RXY5
Q15596	A0A2I3RZ80
Q9BTE6	A0A2I3RZV4
A0A1B0GTY4	A0A2I3S860
Q96KR4	A0A2I3SH94
Q9UJV3	A0A2I3SHH8
P28476	A0A2I3SLS0
Q8IXS2	A0A2I3SQH7
Q8NFD5	A0A2I3SSA4
O75884	A0A2I3T0Y2
Q96M96	A0A2I3T342
Q8IZQ8	A0A2I3TAX0
P19484	A0A2I3TFC5
Q9UFH2	A0A2I3TJ66
O15266	A0A2J8IKK1
Q9BY12	A0A2J8KSF9
Q8NGE8	A0A2J8LCM5
P18859	A0A2J8MQ77
Q8NH80	A0A2J8N1S9
Q07343	A0A2J8NHG1
P06307	A0A2J8PB41
Q16612	G2HGE1
P12319	H2Q0C9
O00515	H2Q0V8
P29536	H2Q0W2
Q9BPX6	H2Q227
Q8NGK1	H2Q2Y9
Q5BJD5	H2Q360
Q12913	H2Q3J6
Q9BTE7	H2Q4N5
P62330	H2Q894
Q8N1H7	H2Q8E6
Q8N461	H2QA82
Q71RH2	H2QAW5
Q06136	H2QEM9
Q9BX82	H2QFW7
O75594	H2QGM5
Q9BVS5	H2QHP4
Q9H8M9	H2QI76
Q96KJ9	H2QK52
Q92544	H2QK60
P51679	H2QM91
Q9NWR8	H2QQ08
Q7L945	H2QS63
Q9NPJ3	H2QSD9
O95816	H2QT89
P17707	H2QTK1
P56749	H2QUW7
O95163	H2QXN5
Q00975	H2QY88
O43521	H2R0F7
Q8WXK3	H2R1U5
Q8N4P2	H2R2J6
Q9P2R3	H2R2R7
Q9Y519	H2R351
Q6UY27	H2R375
Q04725	H2R3W5
P53420	H2R630
A1L020	H2R8K7
Q16778	H2R8P6
Q9H9V4	H2R9V3
O43426	H2RAJ6
Q9BT56	H2RDD0
B4DJY2	H2RF92
P62753	H2RGA7
A0A0C4DGP1	H2RHC2
P09914	K7A6V3
Q68BL8	K7BM93
Q9BRL6	K7CE47
Q8WUZ0	K7CHM3
O43237	K7CPR9
P98177	K7CRH3
Q9UKN5	K7CXK8
Q8TBP0	K7CY49
Q5F1R6	K7D2X2
O95168	Q0MQD5
Q9Y5F1	Q5DRD7
P05114	A0A2I3REX1
Q8N9Z2	A0A2I3RGH0
Q15366	A0A2I3RI11
Q8IWA5	A0A2I3S1E2
Q6P531	A0A2I3S6W3
Q8TCJ2	A0A2I3SMK3
Q9NPD5	A0A2I3SNY4
Q7RTS9	A0A2I3SQU4
Q75T13	A0A2I3SWT9
Q69YN2	A0A2I3SXM1
Q8WV16	A0A2I3T3Z7
O15457	A0A2I3T501
Q86YM7	A0A2I3T5R2
Q9Y243	A0A2I3T9Y4
O43399	A0A2I3TAX7
Q13319	A0A2I3TEW8
Q9Y618	A0A2I3TH75
P20783	A0A2I3TL08
Q15910	A0A2I3TMI4
P36969	A0A2I3TUY1
Q6ZS30	A0A2I3TW31
P17030	A0A2I3TWI2
Q00341	A0A2J8IUY6
Q8IZF6	A0A2J8JP78
P13796	A0A2J8ML27
Q0VGE8	A0A2J8Q7C9
P51955	H2Q134
Q13503	H2Q5M9
Q8WW59	H2Q691
P55209	H2Q6I3
Q9Y275	H2Q7S7
Q15835	H2Q7U6
Q8TB40	H2Q7Z0
Q9BX95	H2Q8G0
P07996	H2Q953
Q9NXG2	H2QAP5
Q8IWE4	H2QAP8
Q9Y342	H2QB66
Q8N815	H2QD40
Q8WXG1	H2QHE2
Q9BSC4	H2QHF7
Q52LD8	H2QJ73
Q8IXS8	H2QJ85
Q7RTX9	H2QJK2
Q86VX9	H2QMM9
Q9H8P0	H2QPH7
Q6P2P2	H2QQ96
O43678	H2QRM6
A1X283	H2QS05
P16401	H2QSJ0
O15211	H2QST2
Q8IYS1	H2QTE2
Q2M3G0	H2QU87
Q6UE05	H2QUQ5
P78347	H2QUR5
Q14563	H2QUV1
Q96P47	H2QVM6
Q86XI6	H2QVQ8
O60216	H2QWL8
Q5T7W7	H2QXJ2
Q96EX3	H2QXZ4
P12268	H2R178
Q9NRA8	H2R1P7
Q2TBA0	H2R3C8
P05997	H2R6B8
O15162	H2R7Z9
Q9NZ53	H2R820
Q9UHR5	H2R9D7
Q8IZU8	H2RB09
O75116	K7AX49
Q8NFP4	K7BUY7
Q96BI1	K7CC76
O60312	K7CMA3
Q9Y6M5	K7CV20
Q9BSU1	K7DBA4
Q9HCM9	Q1XHU0
P00751	Q864W0
Q9H7P9	A0A2I3RAT4
Q9H237	A0A2I3RAW3
O14810	A0A2I3RFH1
O75112	A0A2I3RJY6
Q9NX63	A0A2I3RNX0
Q5JRV8	A0A2I3RS61
Q6PKG0	A0A2I3SBY6
Q8TF47	A0A2I3SC92
Q96T21	A0A2I3SGC3
Q8NDX2	A0A2I3SPG5
Q9H156	A0A2I3SRS3
P58872	A0A2I3SUM7
Q9HAK2	A0A2I3SV18
Q06609	A0A2I3SZ08
O95196	A0A2I3T0L6
P48995	A0A2I3T3G9
P49589	A0A2I3T3S8
P56856	A0A2I3T866
Q96JP2	A0A2I3TTV4
Q8WVV5	A0A2J8JQJ4
Q9UGM5	A0A2J8M5X2
P14649	A0A2J8Q1I7
P32745	A0A2J8QPP4
O75508	G2HJH3
Q86V15	H2PXZ9
Q8IZA0	H2PYM3
Q5BKZ1	H2PZD6
O95295	H2Q037
P53365	H2Q322
Q96RB7	H2Q3M9
Q9BVX2	H2Q5S7
P41219	H2Q5V1
Q8NHQ9	H2Q761
Q5SZK8	H2Q7F9
Q8IZR5	H2QB98
Q9BQ70	H2QBS2
Q8N144	H2QCW4
Q14332	H2QD74
Q96DM3	H2QEC4
Q17R55	H2QG20
P62280	H2QGV3
Q9Y2I7	H2QJB6
Q9UJQ7	H2QK11
Q9NPY3	H2QK25
Q9Y6Q9	H2QKJ1
O75031	H2QL38
P09001	H2QND8
O43766	H2QPC8
P30968	H2QPJ5
Q96EU6	H2QT17
P21589	H2QTC9
Q7Z695	H2QVI1
Q9NVV0	H2QXN0
O60869	H2QY72
Q8NCL9	H2QZK8
Q8NEL9	H2R097
Q6PF18	H2R0E1
P53355	H2R0V4
Q8NGZ3	H2R0Z3
Q9NY26	H2R1U9
Q13813	H2R2T8
Q7Z7D3	H2R332
Q8NDI1	H2R350
Q6ZV80	H2R8U7
A7E2V4	H2RC63
Q86U38	H2RCE8
A6NEV1	H2RE32
Q8NHB1	H2RFV1
A4GXA9	H2RHN9
Q96DN6	H2RID1
Q6R327	K6ZUV2
Q9BXI6	K7A3S3
Q9H0R8	K7ATS5
P51608	K7B9T3
Q8WYA0	K7BVY5
Q86XA9	K7CEL0
Q9NYV4	K7CGF7
Q9Y6W5	K7CKU1
Q8N104	Q5IAB3
O15056	A0A2I3RD07
P04259	A0A2I3RFA1
Q9UBR4	A0A2I3RFI1
O43759	A0A2I3RFX4
Q69YL0	A0A2I3RQ37
P62750	A0A2I3RUW8
Q12873	A0A2I3RYT2
Q14669	A0A2I3S2V5
Q6ZQV5	A0A2I3SB09
Q8IYB4	A0A2I3SN09
Q9UBC3	A0A2I3SYU8
Q8IVL1	A0A2I3TK24
Q9NQB0	A0A2I3TNN0
Q6YBV0	A0A2I3TVG6
Q96JF0	A0A2J8J6X7
A0A1B0GUS4	A0A2J8MLR7
Q9BYG7	A0A2J8NE60
Q7RTV2	A0A2J8P135
O14638	A0A2J8PT67
Q9Y258	A0A2J8PX74
Q14588	G2HJ51
Q86X51	G2HJR1
P21912	H2PY56
Q5T1S8	H2PYB9
P05204	H2PYE2
O43617	H2PYN0
P12524	H2PYR4
Q49AA0	H2PYS2
Q8WVL7	H2Q4K6
P55160	H2Q646
Q9BXT8	H2Q7A9
O15127	H2Q9T3
P55042	H2QBA4
Q5RKV6	H2QBF9
Q8IX07	H2QBP7
Q6PJF5	H2QDY1
A1L0T0	H2QFL7
Q6UWH6	H2QI32
Q12884	H2QIW2
Q86VQ6	H2QNA4
P32238	H2QPB3
Q8NB90	H2QQ49
Q969S3	H2QQP1
Q9Y232	H2QS88
Q6ZN17	H2QTG7
Q8NF64	H2QUI8
Q16831	H2QUK2
P01588	H2QV42
Q9H788	H2QVT6
Q14142	H2QXJ9
Q9UL62	H2QZ06
Q86TH1	H2R0D8
P35222	H2R2U1
P26196	H2R2Z3
Q8TER5	H2R3U5
P48729	H2R587
Q7Z5V6	H2R5D4
P59797	H2R641
Q9ULL1	H2R6W0
Q9UBB4	H2R6X9
Q8NHS4	H2R8T2
O75553	H2R919
Q9Y623	H2R9J3
Q9NZF1	H2RA72
Q8N884	H2RAN2
A0AV02	H2RD01
Q6ZMW3	H2RD95
A8MSI8	H2RI60
Q93015	K6ZMC4
Q96P50	K7ASV6
Q6UX40	K7BJG4
O00141	K7C1X8
Q8TD30	K7C2S9
Q9NX70	K7CF60
Q9UI10	K7CFY2
Q9BRK4	K7CH82
P21359	K7DMZ3
Q9UHL9	A0A2I3REG3
A0A1W2PPK0	A0A2I3RLD4
P40763	A0A2I3SFL1
Q8NA66	A0A2I3SII5
Q08116	A0A2I3SRD3
A8MTA8	A0A2I3SYG8
Q86Y34	A0A2I3T5G1
Q9NYS7	A0A2I3TEV3
P28288	A0A2I3TLF1
P0C7X2	A0A2I3TTM6
Q8TCW9	A0A2I3TW29
O60268	A0A2J8LEV5
Q6PUV4	A0A2J8LXK6
Q02108	A0A2J8MUU7
Q3L8U1	A0A2J8MWW0
O60487	A0A2J8N2P8
O94892	A0A2J8Q702
Q9NRF9	G2HEE7
Q8IW93	H2PY48
P81408	H2Q076
Q6BAA4	H2Q0H1
Q5VTY9	H2Q128
Q86V25	H2Q145
Q2TBE0	H2Q4P4
Q86UT8	H2Q4X2
Q5S007	H2Q5Q4
Q9UI32	H2Q692
Q8NH40	H2Q7W8
P05198	H2Q8H4
Q9BWH6	H2Q983
P49761	H2Q9S8
Q9BYR8	H2QCX9
O14543	H2QDZ6
Q96HA9	H2QF62
P52737	H2QFF2
Q96SE0	H2QHL5
Q9P242	H2QJJ3
O15050	H2QMA0
O00462	H2QPY9
Q8NB14	H2QQ78
Q8TE73	H2QQN4
O14494	H2QQX3
Q5VUM1	H2QT97
Q71UI9	H2QUI9
Q13188	H2QWH8
Q96RU8	H2QWQ0
O60506	H2QZI1
A8MTL0	H2QZX6
Q8NC51	H2R0T6
Q05586	H2R107
P02656	H2R4Y3
Q9UI26	H2R5K5
Q08AI8	H2R5X5
Q8N6Q3	H2R618
Q6ZVE7	H2R876
Q3LI66	H2RAK1
Q3C1V0	H2RCE4
Q32P44	H2RDN8
Q96GL9	H2RH28
Q9H6L2	K7ABC8
Q9BUA3	K7AE64
Q7L099	K7AUE1
P05141	K7B2A6
Q2NKX8	K7BS39
P01148	K7C372
Q9HBF4	K7C6C2
Q7Z422	K7C9Q2
Q9HCH0	K7CB40
Q86YD1	K7CMA4
Q8IZC4	K7CNK1
Q9Y672	K7CTB5
Q7Z6K5	K7CYJ1
Q96NT5	K7DDW2
Q9BPZ3	K7DIA4
P03915	Q35648
Q9UN71	Q5DRA8
O15263	Q9TT12
Q96P26	A0A2I3RC86
O75367	A0A2I3RFX3
Q9NWH7	A0A2I3RKJ4
O43570	A0A2I3RZF9
O76038	A0A2I3S000
Q96NJ6	A0A2I3S6M6
Q0VD83	A0A2I3SBL4
Q9H1K1	A0A2I3SLU6
O43272	A0A2I3SMJ8
Q8IVP5	A0A2I3SR14
Q6TGC4	A0A2I3T077
Q96IX5	A0A2I3TB79
Q8N5I4	A0A2I3TFA3
Q6ZR08	A0A2I3TN80
Q5W0Z9	A0A2I3TQ30
Q8WWZ1	A0A2J8IVT3
Q14653	A0A2J8J0N1
P02511	A0A2J8L0C8
Q9Y6Q2	A0A2J8LLF9
Q9C091	A0A2J8MPE1
Q9Y4E6	A0A2J8NDQ3
Q96NR8	A0A2J8PIT4
P62380	A6H914
P07919	H2PYY7
Q9BZE1	H2PZ32
Q9UKW4	H2PZI8
P07954	H2Q1E9
P22894	H2Q4N0
Q16538	H2Q5B5
Q6Y2X3	H2Q664
Q13394	H2Q7E9
Q12908	H2Q7S3
Q8IYD8	H2Q884
A8K0R7	H2Q8Y0
P84101	H2Q9B2
Q8ND04	H2QDK0
Q6IQ22	H2QE86
Q14213	H2QF10
Q8NDP4	H2QFF4
Q494X3	H2QGI4
Q9UJW7	H2QGJ7
Q9P2P5	H2QJ66
Q9NWU2	H2QKR7
Q9UII4	H2QPV7
P82909	H2QR07
Q9H2S1	H2QRC1
P46926	H2QRP1
P01893	H2QSL8
P11309	H2QSX4
Q8WWQ0	H2QTA9
A2RRH5	H2QU21
Q9UI43	H2QU32
Q96AW1	H2QUL3
Q49AJ0	H2QWR5
Q9BTM9	H2QXZ1
Q8NDZ0	H2QYD0
Q96MN2	H2QZD2
P52564	H2QZW5
Q96EY7	H2R0D7
Q6UXT8	H2R1C9
Q96FQ6	H2R2M4
Q9Y6H5	H2R5G1
Q5JTD7	H2R793
Q8WWW0	H2R865
Q9NZP6	H2R8I8
Q9C0G6	H2R8R3
P48145	H2R9T8
Q9NU23	H2RAC4
Q9Y4R7	H2RBI7
Q8NEY1	H2RDF1
A8MQB3	H2RFE3
O00570	H2RHV2
P46976	K7AGZ2
Q9UNA0	K7C8I8
P51690	K7C9N4
Q9BR11	K7DK01
Q6H3X3	K7DPA9
P02042	P61772
Q9Y5F9	Q5DRA6
Q16816	A0A2I3RKX9
Q96SQ9	A0A2I3RUM4
Q15777	A0A2I3S9A3
Q9UBU3	A0A2I3SMW2
Q96SB8	A0A2I3SPZ8
Q9NR63	A0A2I3SUD0
Q15067	A0A2I3T025
Q9UHF7	A0A2I3T070
O95897	A0A2I3T087
Q5SQS7	A0A2I3T4W7
O14609	A0A2I3TE67
P61020	A0A2I3TG75
P03952	A0A2I3TJS6
P21675	A0A2I3TM78
A0A1B0GV03	A0A2I3TN77
Q9BUN5	A0A2I3TRI6
Q14686	A0A2J8JYJ1
A6NMA1	A0A2J8KYI8
O60404	A0A2J8LU59
P24588	A0A2J8PIC2
O00391	H2Q0P8
O15492	H2Q0Q7
Q9UGL1	H2Q0X2
Q15404	H2Q1P1
Q70EL1	H2Q238
Q9UHM6	H2Q270
Q9H2K2	H2Q295
Q8N3X1	H2Q3J5
Q8NH69	H2Q3L6
Q8NGJ1	H2Q3Q9
Q8TAI7	H2Q5U7
Q9GZZ8	H2Q649
P13804	H2Q9V0
Q92901	H2QAB5
O14978	H2QAG0
Q8TEW6	H2QB72
P16444	H2QBR5
Q7Z3Y9	H2QCX0
Q9HCD6	H2QDM5
Q9BUF5	H2QEA0
Q9H2R5	H2QGY8
P05455	H2QIY6
Q9BQN1	H2QK93
Q96MK2	H2QKK3
Q8NFW9	H2QMC3
Q9BU61	H2QMK7
O14569	H2QMP0
O15516	H2QPH9
Q14094	H2QPR3
Q49A17	H2QQF4
Q96T54	H2QSY1
O00522	H2QUX1
Q6NUQ1	H2QV73
Q9P2X7	H2QXS0
Q92805	H2QXW2
P41222	H2QY77
Q96NR3	H2QYE5
Q8N999	H2QZG3
Q92622	H2R347
Q92974	H2R3R3
Q8IUH4	H2R5I8
Q9UBB5	H2R6Q6
A6NCL1	H2R7V6
Q8N954	H2R8V3
Q13901	H2RB90
Q9UIC8	H2RBR9
P13861	K7AEL3
Q7Z739	K7B6I3
Q9HC35	K7BAK8
Q9H9A5	K7BCN0
Q15223	K7BW93
Q9Y2C2	K7C7B3
P63208	K7D5S6
P62937	Q0ZQL1
P55771	Q2VL62
O00574	Q9TV16
Q9NYZ1	A0A2I3RBQ6
P55317	A0A2I3RDC3
Q96M93	A0A2I3RFG5
O60271	A0A2I3RP11
Q9Y605	A0A2I3RWP6
Q6PEZ8	A0A2I3S402
P37058	A0A2I3S9Q4
Q9Y5W9	A0A2I3STK9
P16410	A0A2I3SUF9
P27105	A0A2I3T2A1
Q7L190	A0A2I3T7J7
Q6EBC2	A0A2I3T828
Q3LI60	A0A2I3T9M3
Q5T1H1	A0A2I3TD17
P10589	A0A2I3TGT9
Q14190	A0A2I3TNB0
P27815	A0A2I3TUK1
Q8NHS2	A0A2I3TVI8
Q8NET4	A0A2J8KYC4
Q9NPR2	A0A2J8L6F1
O95237	A0A2J8MUT5
P23435	A0A2J8MX39
P32969	A0A2J8PGW3
Q9UPU9	A0A2J8PHI7
P0CG13	A0A2J8Q3Y4
Q9NSD9	G2HDY3
Q9H9G7	H2PYM8
Q8IZD6	H2PZR5
Q8WZ92	H2Q344
Q9NR16	H2Q5C4
O95619	H2Q6F9
P16452	H2Q9A3
Q9NSY2	H2Q9Y5
A6NH11	H2QBY7
P32245	H2QEM0
Q9Y6Q5	H2QFC2
Q14318	H2QFT6
Q8N5Q1	H2QH61
Q9BTF0	H2QHS9
O95343	H2QHU7
Q7Z7M9	H2QIU5
Q14449	H2QIW7
O60299	H2QJV4
P60328	H2QL50
Q9NSI2	H2QL55
Q9UKG1	H2QMU0
Q9P2N4	H2QMW5
Q96LR4	H2QMX0
Q6UXL0	H2QNF7
Q9HC07	H2QPH8
Q9UJX2	H2QRK2
P06340	H2QSS3
Q9NU19	H2QSX7
Q969M2	H2QTE9
O15013	H2QVP7
Q8WU39	H2R064
P58511	H2R1N0
Q52LG2	H2R3W8
Q9H0C1	H2R436
Q8NA70	H2R4S4
Q9P1Y6	H2R5P2
Q86VR7	H2R5V7
Q7Z7A1	H2R6D0
Q7RTV5	H2R6K6
P0C025	H2R8T1
P55347	H2RAH8
Q5GH72	H2RAY0
A0A1W2PQL4	H2RD96
B7ZBB8	H2RF76
Q8N6G5	K7BNE8
O15027	K7BNI4
Q86SQ7	K7C6J2
Q8IX05	K7CH86
P24385	K7CI96
Q8IY33	K7CTI8
Q9H6U8	K7CVE8
Q4ADV7	K7DJT4
Q8TAD7	A0A2I3RFC6
Q16626	A0A2I3RLS7
Q9UBL3	A0A2I3RVJ4
P47929	A0A2I3S1F2
Q05707	A0A2I3S4E5
O60548	A0A2I3S8I1
Q9BVG4	A0A2I3S9W5
P46779	A0A2I3SPV1
Q8TE77	A0A2I3SR48
Q9H3U7	A0A2I3T630
Q9UIB8	A0A2I3T8H1
Q9H2F5	A0A2I3T8T4
Q9GZT3	A0A2I3TDC9
Q96RT6	A0A2I3TGY8
Q5JW98	A0A2I3TVH7
E9PGG2	A0A2J8IMI8
P12271	A0A2J8L666
Q99435	A0A2J8LQV4
Q9NPG1	A0A2J8N8E6
O95925	G2HDV8
Q9NP81	G2HG71
Q96LX7	H2PYX7
A6NNX1	H2PZZ5
P30273	H2Q0G3
Q9NRZ9	H2Q2A9
Q9BUP3	H2Q3A7
Q9Y2K7	H2Q481
Q9H061	H2Q4I1
O15060	H2Q6A0
Q9H4S2	H2Q7C3
Q6Y288	H2Q7E0
Q8NH41	H2Q7V3
P49356	H2Q8G7
Q9NYT0	H2Q8H5
P48200	H2Q9W5
P08069	H2QA49
O14735	H2QAV7
Q9NUL7	H2QBD6
O43147	H2QBV4
Q96CP7	H2QCJ0
O43765	H2QEX4
Q86W67	H2QHJ0
Q9UJA5	H2QJX7
Q9Y5R2	H2QK91
P14780	H2QKI0
O75363	H2QKL4
Q13795	H2QKT2
Q8WUD4	H2QMH7
Q96AG3	H2QRA8
Q8TDV0	H2QRQ6
P22003	H2QT84
Q9HCQ7	H2QUA6
Q00534	H2QUX4
Q99835	H2QVC7
Q9Y263	H2QX34
P10643	H2QZS3
Q9NX74	H2QZU3
Q9NRP4	H2R554
P19429	H2R5U3
Q96RL7	H2R6M5
Q9Y2I9	H2R7H4
P78559	H2R8F4
A6NDY0	H2R9Z5
Q5VXM1	H2RBL3
P08174	H2RBN8
Q8NEY4	H2RCC5
Q9UHQ7	H2RH34
Q6NVU6	H2RHA9
Q9NXS2	K7AI89
P12272	K7B7U8
P02462	K7C8P4
Q96G04	K7CAR1
Q969E8	K7CF62
Q8WVQ1	K7CZ62
Q8WUW1	K7DHI6
Q14CB8	K7DQC3
Q9Y2E5	K7DTH8
P23946	A0A2I3RKG1
Q9P2F6	A0A2I3RL56
O15126	A0A2I3RNS7
Q14159	A0A2I3RRY4
Q5JZY3	A0A2I3RT25
Q96N19	A0A2I3RTT9
Q8NCN5	A0A2I3S2K8
Q2M296	A0A2I3SDF9
Q6PF06	A0A2I3SMC7
P0CW18	A0A2I3SPS1
D3DTV9	A0A2I3SPW4
A0A0B4J1Y8	A0A2I3TKE9
O95232	A0A2I3TPV1
Q02833	A0A2I3TQF2
O75161	A0A2I3TUM6
P54259	A0A2J8JEG8
Q5VV43	A0A2J8JQ89
Q6ZVF9	A0A2J8MAB8
Q9C0F1	A0A2J8MQZ4
O95711	A0A2J8MTV3
P48645	A0A2J8PEN9
O95267	A0A2J8QDB1
O75439	G2HED1
O43293	G2HGB3
P24539	H2PZN4
O75054	H2PZR7
P23297	H2Q035
Q9UHV9	H2Q0F8
Q9Y3C8	H2Q0G0
P10109	H2Q4Q7
Q92543	H2Q552
P56192	H2Q6B5
Q9UNS2	H2QCD2
Q92826	H2QDC5
P35613	H2QES5
Q9BT25	H2QFQ1
Q6UUV9	H2QFU0
Q6UN15	H2QPG9
Q16270	H2QPI9
Q8IVU3	H2QPV8
Q8NA72	H2QR38
P55085	H2QR42
O43196	H2QSP2
P01906	H2QSR5
Q8TF71	H2QTK3
Q5T6X4	H2QTM4
Q15007	H2QTZ5
Q9BXL7	H2QU43
O60568	H2QV52
Q8TC76	H2QW72
O43353	H2QWE5
Q8NGT1	H2QXP1
P56277	H2QZB7
P27448	H2R138
Q9H3R0	H2R1B0
Q9Y4C1	H2R1E5
Q8IUC8	H2R1X7
P13533	H2R2N7
Q9UBB6	H2R2Y1
Q8N3V7	H2R4E2
Q14654	H2R5J9
Q8NGS9	H2R6H3
Q0P5N6	H2R7V3
Q9BYS1	H2R9P2
Q6ZR85	H2R9U2
P59103	H2RA02
Q92565	H2RC46
Q19AV6	H2RCP7
O00712	H2RCU0
Q04741	H2RCU3
B2RXH2	H2REI9
Q9BWH2	H2RFF5
Q5JTB6	K7AK95
O00124	K7AR77
Q6IEG0	K7B0S5
Q96N96	K7BJ16
Q9Y394	K7C1T7
P61978	K7C562
Q96F46	K7CE30
Q8N945	K7D322
Q9BUH6	K7D5E9
Q9H1C4	K7DLU4
P51788	K7DMF9
P31150	P60028
P54578	P60051
P49448	Q64HZ8
Q96P09	Q95M72
P98155	A0A2I3RFB5
A6NNC1	A0A2I3RVA0
O95427	A0A2I3S836
Q96J84	A0A2I3S8U7
P0C7V6	A0A2I3SMB2
Q96LU7	A0A2I3SPJ5
A0A5A2	A0A2I3SRN4
Q9UL49	A0A2I3T3I0
Q9UQV4	A0A2I3T450
P10323	A0A2I3T8F4
Q6NXP0	A0A2I3TA51
Q8WU66	A0A2I3TC09
Q8IYS2	A0A2I3TGG1
A0A1B0GUT2	A0A2I3TMZ7
Q9BZJ8	A0A2J8IMP2
Q9NRP2	A0A2J8LED2
O14880	A0A2J8LM35
O75791	A0A2J8LNE4
Q08493	A0A2J8LT97
Q68DV7	A0A2J8MF59
Q9H2C5	A0A2J8P6T9
Q9UPU3	A0A2J8PCN7
O95926	G2HJ79
Q9NQ36	H2Q357
Q86SZ2	H2Q878
Q96KQ4	H2Q8Z5
Q2KHR2	H2Q9H5
Q8IYX1	H2Q9S1
Q9H0J4	H2QDX8
Q96P63	H2QEN4
O96018	H2QEZ6
Q9H3T3	H2QF22
Q9Y6R7	H2QGB7
Q6ZP82	H2QJ25
Q5GH77	H2QL66
Q9NSP4	H2QLT2
Q9Y238	H2QMA7
Q9P2D7	H2QMR3
Q9NT62	H2QN39
Q9BS91	H2QN40
P35611	H2QP46
Q7LFL8	H2QRL7
Q9P1F3	H2QTU2
Q9H993	H2QTX2
P17936	H2QUJ6
P07858	H2QVR7
P56715	H2QW63
P00519	H2QY21
Q6UXC1	H2QY71
Q9NVA1	H2R2I2
Q6ZUT6	H2R8H4
Q86VI3	H2R8K2
Q6XPR3	H2R8N2
Q17RG1	H2RA37
O95069	H2RCA8
P26678	H2RCD8
O00268	H2REF4
Q6Y7W6	K6ZRJ1
O75386	K7AWY5
Q96N28	K7B0E6
Q9BRY0	K7C8W3
Q9BQ67	K7CMK2
Q8NA29	K7CU99
Q96HZ4	K7CZ00
Q16665	K7D4V4
P45379	K7D7K5
P20042	K7DJJ3
Q9NSB8	K7DNV3
Q9H992	A0A2I3RJZ0
O94880	A0A2I3RNL9
Q6ZUA9	A0A2I3RPF1
P56747	A0A2I3RQQ6
Q9H7M6	A0A2I3RW04
Q6UXY8	A0A2I3RZZ7
Q9Y6R4	A0A2I3S8Z0
Q9UBC0	A0A2I3SA00
Q5T619	A0A2I3SIS6
Q99490	A0A2I3SJQ0
Q9NQR7	A0A2I3SV62
O75072	A0A2I3SYQ0
Q5VYK3	A0A2I3T018
Q5VSR9	A0A2I3TTY9
Q8NH42	A0A2J8JHF2
Q92828	A0A2J8JWK3
P19012	A0A2J8KGA2
Q14451	A0A2J8KGX3
Q5ZPR3	A0A2J8KRG7
P24298	A0A2J8PXD0
Q13395	H2Q1D3
Q8NCR0	H2Q1D8
Q7L7V1	H2Q2R5
Q6IA17	H2Q2U8
P62324	H2Q6L4
Q96FK6	H2Q8F9
Q8N5Y8	H2Q9M1
Q96QT6	H2QCJ8
O00231	H2QCM9
Q8TC99	H2QCP2
Q9Y3U8	H2QF34
A6NK53	H2QGJ5
Q6P9A1	H2QHA4
Q5MIZ7	H2QHX6
Q86XP6	H2QI12
Q9UHE5	H2QI49
Q8TAM6	H2QIU6
P12110	H2QL58
P20339	H2QM62
Q6ZUJ4	H2QML2
Q96CQ1	H2QNH6
P49788	H2QNN2
Q96CB8	H2QPZ8
P20248	H2QQ40
Q05DH4	H2QQA0
P46821	H2QR17
Q96A73	H2QS22
Q9ULQ0	H2QVC9
O95071	H2QWJ0
O43525	H2QWQ8
Q8N5H7	H2QXX7
Q7L4E1	H2QY05
Q8WWM1	H2QYN0
Q76G19	H2QZ99
P26599	H2R1D9
Q92905	H2R2B4
Q13233	H2R5K3
A6NGG3	H2R6S7
P62304	H2R880
P02585	H2R8W5
Q96P48	H2RE06
Q9UL41	H2RGY5
P18887	K7A201
Q3MIX3	K7AMS8
Q9Y2P8	K7AXQ4
Q6DD88	K7B019
P53805	K7B0J9
Q9BVL4	K7B4A8
Q9BRQ4	K7B9D2
Q5VYY1	K7BBG6
Q96SB3	K7BBS7
Q9Y4X0	K7BQ20
Q06278	K7D3F1
O95970	Q1EGL2
Q7RTR8	Q646B8
O15523	Q6GVM6
Q9NNX6	Q8HXZ7
Q7Z3G6	A0A2I3RJX6
Q86W92	A0A2I3RPM2
Q8TF09	A0A2I3RRY9
Q96EH8	A0A2I3RS94
Q8IW00	A0A2I3RSI3
Q9UIK4	A0A2I3SLN8
Q99956	A0A2I3SPQ6
Q8TC27	A0A2I3STR7
Q01718	A0A2I3T6A8
A6QL63	A0A2I3T8D3
Q8IW03	A0A2I3T9C8
O43193	A0A2I3T9P2
Q8TDM5	A0A2I3TN96
C9J069	A0A2I3TUI5
Q96P56	A0A2J8IK92
Q16643	A0A2J8J5K0
Q8N5J2	A0A2J8JJA5
Q6NXP2	A0A2J8QT19
P58753	B3Y685
Q13003	C7G3L6
P07237	G2HF11
P61006	G2HFP6
P21266	G2HFY3
Q9NP61	G2HJF0
Q86YL7	H2PY31
Q9H9Y2	H2PZA5
Q6ZTN6	H2Q483
Q99471	H2Q619
Q9GZT4	H2QBV2
Q9Y2Y6	H2QCN1
P42694	H2QDQ4
Q9C005	H2QHQ3
Q8N5S3	H2QHX1
Q96EL3	H2QI65
Q99704	H2QI72
Q15147	H2QJY5
Q99453	H2QPD7
Q8N302	H2QR44
P80108	H2QSD6
Q7Z7C8	H2QT00
P05231	H2QU89
Q14695	H2QUB1
Q9NS86	H2QUL2
O95760	H2QX02
Q8IZC6	H2QXR2
Q13474	H2QYW6
Q8N0W7	H2QZ73
P35712	H2R284
Q96SN7	H2R290
Q5QGT7	H2R3D4
Q5MJ68	H2R589
P49005	H2R5C2
A6NGY5	H2R5M3
P62249	H2R642
Q96G91	H2R6D7
A6NLC5	H2R7W2
Q5SGD2	H2R7Y4
Q8NAP3	H2R802
Q13017	H2R9D6
Q9BY08	H2RA53
Q3LI68	H2RAK3
Q13118	H2RBW8
A8MV24	H2RCI2
Q06033	H2RDM7
Q9NYQ6	H2RDN5
Q9Y6X2	K7AQ66
Q13895	K7B2C7
Q4L235	K7C9C7
P28066	K7DL30
P01308	P30410
Q13239	A0A2I3RDT6
Q13286	A0A2I3RE46
P63279	A0A2I3RM63
Q7Z2H8	A0A2I3RRY8
Q08ET2	A0A2I3S4N6
Q8N4M1	A0A2I3S753
O14640	A0A2I3S9L4
Q14186	A0A2I3SDJ7
A2IDD5	A0A2I3SSG8
Q3SXZ3	A0A2I3T8Q3
Q96RP8	A0A2I3TBG7
B7Z368	A0A2I3TH45
Q15784	A0A2I3TJA7
A0A1B0GVT2	A0A2I3TR80
Q9P225	A0A2J8KP88
Q05397	A0A2J8LFB2
Q05329	A0A2J8MNG7
P11488	A0A2J8P954
P41231	A0A2J8PZJ2
Q14002	A0A2J8QGD6
Q8N1D5	H2PY25
Q9BZX2	H2Q0I7
Q5VWW1	H2Q1P0
O43665	H2Q2N8
Q6IFG1	H2Q309
P09237	H2Q4M7
P31644	H2Q919
Q9H792	H2Q9V5
Q9HD42	H2QBR6
Q8N8E3	H2QDQ0
Q8WTW3	H2QDR9
Q9UPN4	H2QE20
Q9UKP6	H2QE50
Q96ND0	H2QEA9
P0C6S8	H2QEW5
Q9UBC2	H2QFP4
Q96ST8	H2QFZ4
Q8IU54	H2QGA2
Q8NAF0	H2QH71
A6NGG8	H2QHP6
Q9Y575	H2QHW7
Q6NUM9	H2QI89
P82933	H2QIH2
P09848	H2QIR8
Q15118	H2QIZ6
Q14565	H2QLN6
O60701	H2QPC9
O60337	H2QQM9
Q9BS16	H2QQZ5
Q68D91	H2QR78
Q8WUA2	H2QTW3
P01568	H2QX24
Q9Y2H8	H2QXI9
P11802	H2QZZ4
P19256	H2R015
Q96DR5	H2R1D8
O43148	H2R6V8
Q96JQ2	H2R973
P50226	H2RAA0
P55822	H2RAI3
P59827	H2RBF5
O75147	H2RCR6
C9JRZ8	H2RD68
P53778	K7A0D7
O95801	K7A195
P55212	K7B3Z2
Q96LR5	K7B799
O75928	K7B8T0
Q68DC2	K7BDT6
Q499Z4	K7C1D6
P11230	K7C899
P24043	K7D0T5
Q8IYB3	K7D4C6
Q8N1B3	K7DI08
Q53GG5	K7DRB5
P02771	Q28789
A0A0B4J274	A0A2I3REP3
P31948	A0A2I3SFM2
Q9BY15	A0A2I3SGD4
Q8N594	A0A2I3SGU0
P07339	A0A2I3SJ82
Q9P0U4	A0A2I3SRP1
Q6XZF7	A0A2I3SYZ2
O15075	A0A2I3T205
O75173	A0A2I3T896
P15621	A0A2I3TDE9
Q8IZD9	A0A2I3TKR4
A0A0U1RRE5	A0A2J8J310
Q7L9B9	A0A2J8JDY3
Q07011	A0A2J8KXW7
O00591	A0A2J8LXV6
Q96HH4	A0A2J8NGW5
B5MCY1	A0A2J8NLH4
Q8NI32	A0A2J8PPB4
Q008S8	A0A2J8PSI3
O00189	A0A2J8Q0J7
Q8TAP4	A0A2J8QPV4
Q9H6F5	G2HE85
Q92569	H2PYY1
Q5VWQ0	H2PZP6
O95563	H2Q0J4
Q8WZ69	H2Q2Y3
Q96LB2	H2Q3A2
Q9NRN7	H2Q4P2
Q6Q0C1	H2Q8X5
Q1X8D7	H2QBB3
Q14687	H2QBN1
A6NNS2	H2QC93
Q15022	H2QCM6
Q9NYA4	H2QDJ2
Q9H479	H2QE59
Q8N6M5	H2QHD7
P53597	H2QI84
P54750	H2QJ34
Q9NV56	H2QKR4
Q8NCB2	H2QMM7
P36551	H2QMZ9
P35251	H2QPC6
P10145	H2QPN2
Q9NZW4	H2QPV0
P43243	H2QRL2
P55082	H2QRU9
Q9NXC5	H2QU66
P48307	H2QUX8
P27169	H2QUY5
Q8NGR5	H2QXU3
Q9NY64	H2QXX2
Q4KMQ1	H2QY84
Q03938	H2R149
Q96NH3	H2R2L3
P51451	H2R5W0
P55316	H2R9E1
A8MYV0	H2RB93
A2A2Y4	H2RCW7
P58397	H2RH58
P18089	H2RHZ6
Q8TDY4	K7A2B5
Q6PH85	K7AEB8
P22061	K7B228
P41236	K7BLN4
Q9C0K7	K7BQY4
Q13352	K7C1W5
Q9UQR1	K7C7Z4
Q9UK41	K7CGH9
Q96FG2	K7CS26
Q8N335	K7CYD7
Q9UBQ7	K7DM95
Q96F83	K7DNZ0
O96000	Q0MQF3
Q5NDL2	Q5NDL1
Q9NQ31	A0A2I3RGN7
Q9BVI4	A0A2I3RN47
A0A1B0GUW7	A0A2I3RSM6
Q96FX2	A0A2I3RTA6
A6NIK2	A0A2I3RVV7
Q9HC38	A0A2I3S500
Q9UBL0	A0A2I3SAU2
Q9HAZ2	A0A2I3SLT6
P22102	A0A2I3T1L1
Q8IVL0	A0A2I3T4G9
O94766	A0A2I3TP48
Q9BY41	A0A2I3TSB3
Q9H9Z2	A0A2J8JNT8
O14646	A0A2J8KJR8
P09429	A0A2J8MLR6
Q13127	A0A2J8PEU4
Q8N7S2	G2HEV7
O00541	G2HFP5
Q9Y2W1	H2PYN1
Q9H4A4	H2Q0W4
Q8N414	H2Q1B5
O14786	H2Q1T2
P38935	H2Q4A6
Q96JE9	H2Q4F3
P41212	H2Q5G7
Q9BSB4	H2Q5Y8
O15130	H2Q626
P17948	H2Q7C8
Q96K21	H2Q970
Q9GZN7	H2QAI6
Q5JPH6	H2QAR9
Q12952	H2QBP0
Q9UNY5	H2QBZ7
Q8N9F7	H2QDK1
Q9UJ96	H2QER1
O75394	H2QHN9
Q9HAU8	H2QJQ8
Q9Y3R5	H2QL00
P58512	H2QL54
Q9NWS6	H2QLV9
O75155	H2QM32
Q96FZ5	H2QM87
O14924	H2QP51
A6NKW6	H2QQZ2
O43711	H2QS00
O43167	H2QTJ2
Q8IWP9	H2QTU0
Q9UGC7	H2QTX8
Q75N03	H2QV82
P32971	H2QXR8
Q9BQI4	H2QZM7
Q9NTQ9	H2R038
O14841	H2R0H4
Q9P1V8	H2R0U5
Q8NDV3	H2R1Q9
P35916	H2R3C5
Q14157	H2R3M4
Q6ZRR5	H2R4X5
Q9Y6X8	H2R9P9
Q96JH8	H2RBV4
Q8IXB3	H2RBV5
Q6NXT6	H2RC85
Q66K41	H2RCP5
Q96N66	H2RDR4
Q8N966	H2RG61
Q06124	H2RIH8
Q8IXU6	K7A5C9
Q8IZF3	K7A6T1
E7EW31	K7BHH0
O75818	K7BNM5
O14939	K7BNT4
Q86YV9	K7BP53
Q9H611	K7BQX3
Q7Z7F0	K7C7X8
Q9UGT4	K7C876
Q16825	K7CBL3
Q9NQR4	K7CCX0
Q9H0X6	K7CFL6
Q9NR83	K7D6S9
Q07866	K7DFP1
Q8NEM0	P61593
Q16539	Q95NE7
P15336	A0A2I3RDV4
Q969L2	A0A2I3RPJ8
Q7L8S5	A0A2I3RT76
Q14957	A0A2I3S7C0
Q96KN7	A0A2I3S989
Q8NA03	A0A2I3SG44
O00287	A0A2I3SIG4
Q6UY01	A0A2I3SJR8
O95456	A0A2I3SNG4
Q8TC05	A0A2I3SXI0
Q9UPX0	A0A2I3T4Q5
Q13651	A0A2I3T649
O60522	A0A2I3TDI8
Q8IWU9	A0A2I3TG35
A0A3B3IRV3	A0A2I3TQX9
Q8N371	A0A2I3TTC3
P20849	A0A2I3TWJ5
Q96N06	A0A2J8J092
Q9HCS2	A0A2J8LU53
O15393	A0A2J8M861
P09466	A0A2J8NA32
Q9H208	A0A2J8P6B1
Q9HAQ2	A0A2J8PA94
P12755	H2PXU5
Q6IPT4	H2PZ31
Q8N6N3	H2PZB5
O43866	H2Q0B2
Q05823	H2Q0Q6
A6NHL2	H2Q1K2
Q96KN9	H2Q1T5
Q13418	H2Q325
O95158	H2Q6A7
A6NIH7	H2Q718
Q86U37	H2Q844
O43155	H2Q8Q8
Q8N806	H2Q8U0
Q6NT32	H2QB44
Q9UL17	H2QDA5
Q5M7Z0	H2QDK8
O94762	H2QDV8
Q9Y4W6	H2QEA1
Q8IYK2	H2QFL5
O43345	H2QFX1
Q9BXM0	H2QGC5
Q2M3D2	H2QGL1
Q9ULL5	H2QGV7
Q92530	H2QJT2
Q8TD35	H2QKU3
Q9BXW9	H2QM16
P52294	H2QN78
Q9HA90	H2QNB7
Q9HAV7	H2QP70
A6NM45	H2QQH4
Q96BP3	H2QQZ6
Q7L2Z9	H2QT53
Q8N3C0	H2QTG4
Q15198	H2QVT0
Q53H96	H2QWU6
Q5W0U4	H2QXQ7
Q96BX8	H2R348
Q9NZJ7	H2R3U0
Q496Y0	H2R4K8
O43184	H2R795
Q5JYT7	H2R8Z1
A6NJW4	H2R9N7
Q12768	H2R9P1
Q6ZMM2	H2RC68
Q8WUP2	K7A2I1
Q2KHM9	K7AY61
O94992	K7B025
P15291	K7BHK3
P43250	K7BUA3
O00139	K7C9U3
Q8TDP1	K7CFB0
Q9NZ01	K7DIZ4
P51580	Q3BCR8
A0A1B0GWI6	A0A2I3RQR5
Q96AE7	A0A2I3RSH9
Q8TEK3	A0A2I3S6E5
O43323	A0A2I3SDD4
Q96MF4	A0A2I3SS44
P29218	A0A2I3SYE5
O43166	A0A2I3SYL4
O00555	A0A2I3T217
Q562E7	A0A2I3T449
P01880	A0A2I3T8I2
Q6ZNG9	A0A2I3TA54
Q99550	A0A2I3TBS2
Q05BQ5	A0A2I3TDE2
Q569H4	A0A2I3TMQ1
Q9HC84	A0A2I3TU31
Q92485	A0A2J8JP43
P16562	A0A2J8P0T3
Q8N387	A0A2J8P4J9
Q2M3T9	A0A2J8QX42
Q8TAS1	H2Q0H6
Q9BR61	H2Q0Q0
Q13203	H2Q0X9
O95229	H2Q1X2
P11712	H2Q2B1
Q86WS3	H2Q3R9
Q9UHD2	H2Q6E2
P51884	H2Q6L3
Q13686	H2Q8Q0
Q9NYN1	H2Q9L8
Q96B96	H2QAQ1
P49406	H2QI77
Q9BY42	H2QKM3
Q13009	H2QKY3
Q9NYG2	H2QMF4
A0PJZ3	H2QMX8
Q9NPB9	H2QNE3
Q9H2U1	H2QNM0
Q68CR7	H2QPG3
Q9Y6G5	H2QRD0
Q92886	H2QRI9
A1L4L8	H2QRQ1
Q8TDQ0	H2QRW0
Q6VVB1	H2QSC5
Q5T6L9	H2QU25
Q7Z5N4	H2QU44
O60921	H2QUJ9
P60059	H2QUL0
Q92747	H2QV00
Q96E16	H2QW38
P55345	H2QZF8
Q96EK5	H2R3T2
A6NFK2	H2R487
Q86YD7	H2R7J2
Q5GAN4	H2R9G5
B5MCN3	H2RBH4
Q5VZF2	H2RC91
Q5JU85	H2RDK9
Q02641	H2RDQ2
Q5JWF2	H2RDW0
Q9UGU0	K6ZRV1
Q92781	K7AXA4
Q969F1	K7B6B2
Q9NQ66	K7BA21
P54727	K7BCM9
Q9H972	K7BCS9
Q16186	K7BGA4
O95340	K7C825
Q9P289	K7CAE8
Q9BYT8	K7CM81
Q99576	K7CR18
Q9Y534	K7D015
Q9HA47	K7D353
P46093	K7D4M0
Q8TBE0	K7DMD5
Q9Y5G6	Q5DRB3
Q8TD31	Q8HZ60
Q99518	Q8HZ70
B6SEH9	A0A2I3RGR3
Q8TF21	A0A2I3RMR5
Q14517	A0A2I3RPI4
Q9NPA1	A0A2I3RUC8
Q9BV86	A0A2I3RWM5
Q13516	A0A2I3RXT7
Q9BZ71	A0A2I3S0N2
Q07954	A0A2I3S3K1
Q96NJ5	A0A2I3SAZ0
Q13637	A0A2I3SBH9
Q6ZNK6	A0A2I3SBJ8
Q7L5Y9	A0A2I3SG98
P25025	A0A2I3SH35
Q569K4	A0A2I3T062
Q8ND23	A0A2I3T5C8
Q04671	A0A2I3TCV4
Q9NUK0	A0A2I3TFH5
Q9BZF3	A0A2I3TI35
O00159	A0A2I3TLG6
Q6ZWH5	A0A2I3TN51
Q86XF0	A0A2I3TPN8
Q9Y577	A0A2J8ITD5
A6NND4	A0A2J8MB39
Q14790	A0A2J8N557
Q13639	A0A2J8NJA7
P16333	G2HHN0
O95155	H2PXZ4
Q9HB71	H2Q0N2
Q9NP98	H2Q239
P08588	H2Q2L5
Q9NQ33	H2Q354
O60678	H2Q3A8
O60711	H2Q3Q1
Q9Y2B0	H2Q686
Q14CX7	H2Q6W8
O15522	H2Q871
Q6PJT7	H2Q8R5
Q9H773	H2QAX6
Q8IWD5	H2QC88
Q13183	H2QCH7
Q6AI08	H2QDK9
Q2M2I8	H2QI16
Q9H6Q3	H2QKA6
Q8N6M8	H2QMQ1
P49863	H2QQW4
P34932	H2QRH2
Q96CS3	H2QS26
Q9P2D0	H2QTB6
Q92484	H2QTP0
Q6ISB3	H2QWI7
Q8N0Z2	H2QWK3
Q99731	H2QX71
O43172	H2QXQ4
Q5HYR2	H2QYT3
Q6P093	H2R0T0
Q8WXF7	H2R3T9
Q7Z4J2	H2R628
Q9HCK1	H2R673
Q8NDL9	H2R8X0
Q5T124	H2R9B2
Q9BSN7	H2RAE7
Q8IX04	H2RCW9
Q5BJF6	K7A602
Q9ULE0	K7ALM6
Q7Z5L9	K7ARR5
P80217	K7B013
Q8WU76	K7B213
Q9BU40	K7B3D4
Q66K64	K7B3M4
Q9UJQ1	K7BG79
P43353	K7BQU4
Q9NVZ3	K7BTB7
P20333	K7BTC1
O95905	K7C9B6
Q8NHV5	K7CDE3
Q6PI77	K7CL62
Q5VV42	K7CMK8
Q9UHQ9	K7CTG0
Q9UBD9	K7CZW6
Q9ULC8	K7DNY2
O15021	A0A2I3REF8
Q9H3S3	A0A2I3RP46
P0DJG4	A0A2I3RR86
Q08209	A0A2I3RSP9
Q11130	A0A2I3RUK0
O95782	A0A2I3RV17
Q9H074	A0A2I3RVN9
Q0VFX4	A0A2I3RZD7
Q8TE04	A0A2I3SAC6
Q13258	A0A2I3SBT1
Q96LW1	A0A2I3SC90
Q9NV79	A0A2I3SHL6
A6NKF7	A0A2I3SRF3
Q68DY9	A0A2I3SRP6
A6NHA9	A0A2I3T3N5
O95157	A0A2I3T7Q2
P23527	A0A2I3T9M8
Q6EKJ0	A0A2I3T9W4
Q8TBC5	A0A2J8JM28
Q8IV61	A0A2J8L206
O75452	A0A2J8Q1W5
Q7Z3Z3	A0A2J8QN21
P17096	G2HI30
Q9UHL0	G2HIP9
Q9UBV8	H2PYJ2
Q15417	H2PZF7
P53621	H2Q0E3
Q96R27	H2Q1H6
Q9UHR6	H2Q421
Q9Y3E0	H2Q5K9
Q96D31	H2Q730
Q86T03	H2Q7W3
Q05BV3	H2Q8R6
Q8N4N8	H2QDG6
Q9UBK5	H2QG50
P01275	H2QIW1
Q7Z5J8	H2QJ49
Q5FBB7	H2QM65
P40200	H2QN31
Q9HBG6	H2QNC4
Q8NHS3	H2QQ56
P26583	H2QQF6
Q9P209	H2QQK5
Q7Z745	H2QQT5
Q9HCJ5	H2QQY6
O14949	H2QRH0
A1IGU5	H2QRS0
Q6ZYL4	H2QTY8
Q9P2C4	H2QTZ0
P08833	H2QUJ5
Q96SB4	H2QV71
Q16821	H2QV94
Q8WUX9	H2QVW2
P53803	H2QWI2
P01266	H2QWR1
Q5VTR2	H2QXL9
Q8NGS7	H2QXM3
Q8WY64	H2R0D4
Q9H1A3	H2R0J0
O14686	H2R0P8
Q8N4T8	H2R3K8
Q9UH99	H2R4A1
Q8NC26	H2R5X8
Q8IY26	H2R6U5
Q8N5G2	H2R769
Q5SRH9	H2R935
Q6P988	H2R9B9
O75494	H2R9C4
A0PJE2	H2RA44
Q99941	H2RCD1
P62269	H2RE42
Q9BY60	H2RF03
Q59EK9	H2RHZ7
Q92870	K6ZGE2
Q12923	K7C496
P00749	K7CJD2
Q9Y617	K7CJE6
P20908	K7CMZ9
Q9H9H4	K7D4V1
Q8IZP9	K7DJU8
Q8IWZ3	K7DU15
P03897	Q9T9V8
P47888	Q9TUA0
Q9BXA9	A0A2I3RDF5
Q8IUR7	A0A2I3RHD9
Q96EY5	A0A2I3RLL1
Q8NH06	A0A2I3RP58
Q15424	A0A2I3S4K3
P42680	A0A2I3S537
Q9NQ38	A0A2I3S6Q8
Q9UNX4	A0A2I3SBG1
P22557	A0A2I3SJ87
Q9UHP9	A0A2I3SNJ2
Q15262	A0A2I3SQY6
Q92879	A0A2I3T058
Q13043	A0A2I3T3U0
Q8WW14	A0A2I3TF06
A6NDU8	A0A2I3TP50
Q92729	A0A2I3TPD8
A0A075B6H9	A0A2I3TQF9
P36382	A0A2J8IZT7
Q9H3S1	A0A2J8K550
P41180	A0A2J8M3S5
P51674	A0A2J8MQZ0
P33981	A0A2J8PVP5
Q9NZC4	A2T737
P42772	G2HH14
Q5TIE3	H2PY83
Q9UJC3	H2PZ50
Q86WK6	H2PZK7
P08575	H2Q0U9
Q8N2G6	H2Q254
Q6IQ26	H2Q359
O94913	H2Q4H8
Q06055	H2Q628
Q12840	H2Q6B6
O43586	H2Q9V3
Q92186	H2QA42
Q16663	H2QCR1
P53041	H2QGM7
Q6IPT2	H2QGX9
Q03701	H2QHR5
Q8N5V2	H2QJM4
Q6UDR6	H2QKG5
P04271	H2QL65
Q6ICB4	H2QLT6
P78316	H2QP47
Q9UGM1	H2QPD3
Q9NXL2	H2QPZ7
Q13216	H2QQY4
Q9C004	H2QRP3
Q9UBU6	H2QSC3
P28065	H2QSR9
A6NHX0	H2QUS0
Q15006	H2QWK7
Q96DY7	H2QWN1
O95786	H2QX44
Q13285	H2QXV6
Q5JU67	H2QXX4
Q8N6C5	H2QZ42
Q86UD4	H2R0U3
Q8WW01	H2R250
Q9HCE0	H2R3Q4
Q58HT5	H2R4P6
Q8TAW3	H2R5T7
P30793	H2RBI2
C9JVW0	H2RFN1
P08949	K7ANC0
P31321	K7B4J4
Q00169	K7B5P5
Q8TCT9	K7BBG3
Q8TE02	K7BR22
Q9HCS7	K7BVP4
Q9Y572	K7CE96
Q96AZ1	K7CTC3
P61764	K7D7A4
Q96RU3	K7DTP9
P01225	Q2PUH2
Q9BR39	A0A2I3RCK7
Q9ULU8	A0A2I3RME6
P18507	A0A2I3RPH6
A0A0U1RRN3	A0A2I3SDV4
P36405	A0A2I3SZ54
Q9H2Y9	A0A2I3T6H5
Q5VZE5	A0A2I3TBC3
Q14956	A0A2I3TDY1
Q9HAU4	A0A2I3TGY5
Q53EQ6	A0A2I3TJG3
O75396	A0A2I3TLJ5
A6NFA0	A0A2I3TN79
P61160	A0A2I3TS83
Q9Y2W6	A0A2J8JJR4
Q96ND8	A0A2J8JLI6
O94915	A0A2J8L341
Q9NRN9	A0A2J8PQM5
Q5VVB8	A0A2J8PTD5
Q96A23	A0A2J8QIP3
Q6ZWK4	A0A2J8QVX4
Q15654	G2HF12
Q9H6H4	G2HFX9
P62993	G2HGD2
Q9NVX2	G2HGH5
Q6P3S6	H2PY50
Q5TF58	H2PY67
Q96S90	H2PZY0
Q9ULK5	H2Q0E6
Q6VVX0	H2Q380
Q03395	H2Q3W0
Q8N323	H2Q4T7
Q8NGC0	H2Q7Y0
Q9H9C1	H2Q8P6
Q96LD8	H2Q9Q8
Q04844	H2QBZ0
P04818	H2QE68
O14901	H2QHF4
Q9UIW0	H2QI30
P61604	H2QJ71
Q01955	H2QJJ5
Q9H2Z4	H2QK19
Q9NPE6	H2QK96
Q9NTX9	H2QKP6
Q99712	H2QL11
P57727	H2QL28
O95721	H2QLA1
Q04637	H2QNV4
Q9UPY5	H2QQ63
Q9P2F5	H2QQH9
A6NCL7	H2QQN1
Q5JTZ9	H2QT37
Q9BYI3	H2QU91
O75427	H2QV32
Q96RS0	H2QW66
P47736	H2QZH2
P40617	H2QZJ8
P02751	H2R1A9
Q12891	H2R4F6
P17275	H2R6C6
Q6ZN30	H2R6S5
Q5TKA1	H2R825
Q9BZW5	H2R887
Q9UKF2	H2R8S7
P22794	H2RDA9
A6NFE2	H2REZ5
Q6P7N7	H2RH33
Q96GE9	K6Z811
Q8NDZ6	K6ZYH1
O75179	K7A8P2
P19447	K7AI54
P34969	K7B1B3
Q15291	K7B6Z3
P29558	K7B898
Q9H6T3	K7BF62
Q96K49	K7BPI1
O95528	K7C6L9
O15374	K7CVH5
Q15768	K7D3N9
P78352	K7D6R2
P28222	P60020
P15954	P60025
Q9Y274	Q6KB54
Q8WV24	A0A2I3RFT1
Q7Z4H4	A0A2I3RHD8
Q9NR50	A0A2I3RLA7
A0A0U1RQI7	A0A2I3SBX7
Q8N187	A0A2I3T0X6
O15117	A0A2I3TAR3
Q7L3S4	A0A2I3TU25
Q8IWR1	A0A2I3TU27
Q8N7P1	A0A2J8M740
P31946	A0A2J8MKA4
Q9Y2T3	A0A2J8MRB0
P57771	A0A2J8N6K8
P49643	A0A2J8P1A7
Q13509	A0A2K6I1R2
Q9H0W8	G2HFB3
P05413	H2PYI9
Q9UGL9	H2Q006
P31942	H2Q1Z3
Q96I82	H2Q2G1
Q8NGP3	H2Q3M7
O75556	H2Q3V3
Q14181	H2Q426
Q96IQ7	H2Q515
Q9NSD5	H2Q562
Q9UQQ2	H2Q6W1
Q12872	H2Q776
P49336	H2Q7B5
A8K8V0	H2QAY1
Q96DX4	H2QB64
O15296	H2QC67
Q9NY61	H2QCR7
Q6NYC1	H2QDY5
Q9Y2V3	H2QEL5
Q7Z7G2	H2QEL6
P13688	H2QGG8
Q8N668	H2QHY9
Q0D2K2	H2QJP9
Q96CX3	H2QMF0
Q8WW12	H2QN12
Q5BVD1	H2QN37
Q9GZV4	H2QNQ9
Q14331	H2QQK0
P81877	H2QR66
Q9NQ86	H2QRC2
O43300	H2QRL0
Q9BXJ5	H2QRX8
P52952	H2QS11
Q9BTT6	H2QT79
Q8N8Z6	H2QTM8
O75817	H2QV41
Q9HAW0	H2QW11
Q9UJG1	H2QZ54
Q6IQ21	H2R3R5
Q5H943	H2R4L1
A1L162	H2R6E4
Q6IPU0	H2R6L4
P63313	H2R8R2
Q9ULT0	H2R8U2
Q03052	H2R980
Q9UBY9	H2R9G0
Q14CS0	H2RBA4
Q9P2G4	H2RBY2
Q6DKI7	H2RC28
Q8N841	H2RDC3
C9J6K1	H2RHM0
Q7Z6Z7	K6ZGY8
Q96EP5	K7BD73
P15927	K7BMZ5
Q504Q3	K7BRX1
A0MZ66	K7C096
O77932	K7DBJ4
Q5MJ09	Q0ZNK1
Q05901	Q5IS75
O15264	Q9N272
Q99616	A0A2I3RK63
H3BV60	A0A2I3RLN7
P05556	A0A2I3RYR8
K9M1U5	A0A2I3S1A5
P16415	A0A2I3S2B0
P57796	A0A2I3S7B6
Q6DN72	A0A2I3S973
Q8IWV2	A0A2I3SDJ3
Q9NPI9	A0A2I3SF20
Q5JTH9	A0A2I3SQ21
Q9Y6L7	A0A2I3SUG7
Q99437	A0A2I3SV74
Q5VYS8	A0A2I3T233
Q8N6N6	A0A2I3TN55
Q96MP8	A0A2I3TPU2
Q9UHB9	A0A2I3TQ59
Q7RTU0	A0A2I3TQP3
O14994	A0A2I3TU81
O75061	A0A2I3TWQ3
Q9NSN8	A0A2J8L4S6
P78563	A0A2J8M8R2
Q92908	A0A2J8MPF8
P21854	A0A2J8QRW3
O95149	G2HET3
Q86VK4	G2HIH7
Q969Q1	H2PYD3
P78543	H2Q0Y1
O94844	H2Q1Y1
Q8NGI2	H2Q306
Q9NQ34	H2Q355
Q6IAA8	H2Q4C2
Q9GZV9	H2Q586
Q2Y0W8	H2Q5Y3
Q9Y5Z7	H2Q6R5
Q9H3N1	H2Q8A6
Q1HG44	H2Q9C6
P84550	H2Q9P1
O15047	H2QAZ0
P34059	H2QBQ8
Q99583	H2QBV5
Q9NWA0	H2QCD3
P54802	H2QD21
O15105	H2QEI2
P05129	H2QH30
Q96PX6	H2QHX8
Q6ULP2	H2QHZ5
Q16854	H2QI54
O75746	H2QIZ2
Q9UBR1	H2QLD8
Q8NEW7	H2QMH1
Q96SL1	H2QN84
Q9NWT1	H2QSA5
A1KZ92	H2QW54
Q8N5N7	H2QXL6
Q96P67	H2QYH4
Q9Y279	H2QYQ3
Q9NRX6	H2R0L0
O14657	H2R1X1
Q86UA1	H2R2U4
Q8NFY4	H2R398
Q8N8S7	H2R829
P28715	H2RA03
P08172	H2RAP9
Q96AJ9	H2RC26
Q9NYA1	K7ABY4
Q9Y255	K7ADY0
Q92540	K7AGF7
Q7Z7F7	K7AP45
Q9UHJ9	K7AX68
Q16527	K7AXD6
Q9ULV1	K7AZD4
Q16851	K7B0U7
A1A4S6	K7C248
Q96G97	K7CIU4
P42025	K7DJL7
O43829	K7DTG3
O75438	Q0MQC6
O60231	Q7YR39
Q15021	A0A2I3RKE0
P01571	A0A2I3RVF8
Q8IY85	A0A2I3S4H9
A0A0B4J249	A0A2I3S9T6
Q7RTY9	A0A2I3SF72
Q9H4L5	A0A2I3SFM9
Q7LBC6	A0A2I3SHT4
P0C7U9	A0A2I3SI71
Q9P1Z9	A0A2I3SPI6
Q92882	A0A2I3SS18
Q92664	A0A2I3SV52
Q9H628	A0A2I3SWI3
O00562	A0A2I3SX50
Q8NFJ6	A0A2I3T764
Q5T754	A0A2I3TQF8
A0A7P0TBJ1	A0A2I3TS46
O75896	A0A2I3TTA2
Q6AW86	A0A2J8JM74
Q15846	A0A2J8MPB3
P62917	A0A2J8PXA1
Q7Z3J2	A0A2J8Q5N1
P61019	G2HDW3
Q9NRD1	G2HE30
Q92575	G2HEJ3
Q96PK6	G2HHY2
P23280	H2PXY2
Q9Y624	H2Q0F4
A0PK05	H2Q1U5
P25800	H2Q350
Q9Y4I5	H2Q4A3
P24592	H2Q612
Q8N695	H2Q6P8
P78333	H2Q7P5
Q96EP0	H2Q821
Q96EK6	H2Q8B7
Q9NP84	H2QAF0
P55017	H2QB60
O15467	H2QCR0
P40259	H2QDN8
Q9UIV8	H2QEN3
O94941	H2QJV3
Q9Y468	H2QKD6
O43918	H2QL43
P35606	H2QNH0
Q9UNL2	H2QNM6
P11168	H2QNR0
Q6UW88	H2QPP2
P48039	H2QQJ5
Q13410	H2QSH7
Q5R3K3	H2QTL7
O75131	H2QWE0
Q92982	H2QXH2
Q96EY4	H2QZP5
Q5JR12	H2R174
Q96FF9	H2R203
Q96A35	H2R3D9
Q68D85	H2R5K0
Q7Z5B4	H2R5K8
Q9NP86	H2R5Y0
P09564	H2R9B5
Q6ZQX7	H2R9V5
Q16134	H2RB83
Q4VC44	H2RBJ3
Q92585	H2RC16
O43561	H2RC81
Q29RF7	H2RCA5
Q96S19	H2RCI6
Q9P109	H2REA9
B2CW77	H2RFF6
D6RGH6	H2RH13
O94829	K6ZEM4
Q02742	K7AL67
Q53GT1	K7B7C2
Q9NPA3	K7BGJ0
Q9BUJ0	K7BWM3
P59923	K7BYA1
Q9BSA9	K7C343
Q9NVR7	K7CU12
P08590	K7CZZ3
Q5T6F0	K7DN02
P28360	Q2VL88
P34982	Q9TUA8
X6R8D5	A0A2I3RE62
A8MT69	A0A2I3RH33
O75343	A0A2I3RHP0
Q8TF20	A0A2I3RHT9
A0A087WV53	A0A2I3RU60
P40818	A0A2I3RWM1
Q9NY28	A0A2I3RWR4
Q8IZD0	A0A2I3S4Z6
A0A1B0GTW7	A0A2I3SAV6
A8MUV8	A0A2I3SHK9
Q5R3I4	A0A2I3SJ36
P53814	A0A2I3SJE8
Q9BQK8	A0A2I3SR02
Q9NW81	A0A2I3SVK8
Q02575	A0A2I3SYL7
Q9UKG4	A0A2I3T523
Q8NE31	A0A2I3TAC5
Q5VVH5	A0A2I3TP28
Q5VUG0	A0A2I3TQM8
Q92567	A0A2I3TRU9
P46782	A0A2J8JM98
P30988	A0A2J8L470
Q96A05	A0A2J8LL77
O14950	A0A2J8MP60
P23528	A0A2J8QBS6
Q8TAB5	H2PYM6
Q9NX52	H2PYQ6
Q6UWX4	H2Q164
Q9NVF7	H2Q173
Q96FC7	H2Q1X8
Q8N6H7	H2Q3I4
O14753	H2Q442
Q96DN0	H2Q5I8
Q56P03	H2Q858
Q96LX8	H2QAG6
P31639	H2QB06
P27694	H2QBU7
P60323	H2QFJ1
P01137	H2QGE0
Q7Z7M8	H2QGE2
P55344	H2QH03
Q9UPN7	H2QH56
Q8WZ59	H2QH63
Q9ULI0	H2QHI2
P25103	H2QI75
Q6HA08	H2QIC4
Q8NBZ7	H2QIH9
Q49MI3	H2QJ30
Q15772	H2QJH0
P56559	H2QJN7
P31391	H2QK23
Q9H4B7	H2QKN9
O14818	H2QKQ2
Q9Y6J0	H2QLD5
P00387	H2QLU4
Q9HBI5	H2QMV5
O94826	H2QN04
Q8IWA4	H2QNS4
P25815	H2QP64
P43652	H2QPN0
P25101	H2QQ94
Q9H8M2	H2QQK6
Q8WWN8	H2QRN8
P58062	H2QRR1
Q06495	H2QS38
Q15651	H2QTB0
P42685	H2QTL3
P20618	H2QU28
P22680	H2QW73
P36021	H2QYT5
Q96E40	H2QZK6
O14656	H2QZU6
Q2TAL8	H2R0N0
Q9P2L0	H2R3M3
Q96RD3	H2R5L5
Q9H609	H2R616
Q9P2N2	H2R6U1
O94898	H2R8R5
Q8IVF2	H2R948
Q8N474	H2R9U6
Q8N3F0	H2REN0
Q8TAT6	K7ADN8
Q8N201	K7ATZ5
Q9H147	K7B109
Q8N2Y8	K7BL40
Q9BR77	K7DA27
Q7Z3D6	K7DM80
Q92839	A0A2I3RAI3
Q8IV13	A0A2I3RB39
Q86UN3	A0A2I3RBH3
Q13950	A0A2I3RMT0
P48788	A0A2I3RQM6
Q8WW24	A0A2I3RV37
O14986	A0A2I3RZL0
Q6QNK2	A0A2I3S3T8
P35575	A0A2I3SGU1
Q6P1R3	A0A2I3SRG8
Q8TBJ5	A0A2I3SSQ3
P52298	A0A2I3SUA5
E7ERA6	A0A2I3SX53
Q93009	A0A2I3TB20
Q9NVN3	A0A2I3TGZ0
O60641	A0A2I3TKP0
Q96PV4	A0A2J8IMP9
P54219	A0A2J8KI57
P82251	A0A2J8KSU5
Q2MKA7	A0A2J8LYN1
P47870	A0A2J8NKG3
P01189	A0A2J8NL92
P06133	A0A2J8PF25
P60900	G2HIX7
Q96I13	G2HJ61
O95140	H2PY17
P18754	H2PYH2
Q9BXP8	H2Q0N6
P11047	H2Q0R1
P47224	H2Q0X3
P30291	H2Q362
Q6P2D8	H2Q4E6
Q9H765	H2Q5T1
P30990	H2Q6K3
Q6P0N0	H2Q885
Q9BUY7	H2Q8R9
P46940	H2QA32
Q96CP2	H2QAE6
Q9UK23	H2QAJ1
P49411	H2QAU9
Q9Y2R0	H2QD39
P04183	H2QDZ3
Q08554	H2QEE2
Q6ZW31	H2QFL6
Q96BZ8	H2QH36
Q9ULR5	H2QI36
Q96CS7	H2QIQ9
Q53QW1	H2QJL4
Q9Y3R4	H2QJM5
Q5TG30	H2QKC5
Q00587	H2QLM2
Q9UGP4	H2QMF9
Q9Y5I7	H2QNY8
Q9Y485	H2QRD3
Q02446	H2QU88
Q9UIG0	H2QUP5
Q7Z7C7	H2QVF3
Q8N163	H2QVV3
O75459	H2QYL9
Q8WXK4	H2R0X4
P43304	H2R361
Q86TG7	H2R3P0
Q6F5E7	H2R822
Q6DN12	H2R869
Q8NFU3	H2RCS2
P0C7P3	H2RHE2
Q9Y3Z3	H6WE97
Q8N441	K7ASX4
Q9NXU5	K7AXD4
P35249	K7BL74
Q8WXH5	K7BMJ0
Q6PJI9	K7CBY7
P67870	K7CG76
P11166	K7CXX4
P52434	K7DIW1
Q9UN72	Q5DRE5
Q16181	Q5R1W1
Q96AK3	A0A2I3RKT3
Q99797	A0A2I3RLY8
Q9UBK8	A0A2I3RPN1
Q5T160	A0A2I3S8K6
Q9Y3F4	A0A2I3SHT8
Q9BTW9	A0A2I3TB15
P26010	A0A2I3TDP7
Q8N3Z3	A0A2I3TME7
Q5T0B9	A0A2I3TW65
Q6ECI4	A0A2J8JLI9
Q71RC9	A0A2J8KBB1
P13797	A0A2J8KYK1
Q9BZG1	A0A2J8LI56
P57077	A0A2J8MQ53
Q2M329	G2HI88
Q5T013	H2PYV1
P09603	H2PZL7
Q96F81	H2Q168
Q8NGH7	H2Q311
O43159	H2Q324
O95159	H2Q418
Q96T23	H2Q4G5
Q9H6B4	H2Q501
A6NCV1	H2Q654
Q6UWI4	H2Q7B3
Q96PX8	H2Q7P3
Q9BQT8	H2Q873
Q8NB66	H2Q9G8
Q12965	H2Q9I8
Q8TEV9	H2QCE3
Q8TBZ2	H2QDF4
Q53HC5	H2QFT9
A6NEH6	H2QHV2
Q53TN4	H2QIZ1
P53674	H2QLE9
Q8N114	H2QMJ3
Q96PD2	H2QN01
Q9NWB7	H2QN22
O00469	H2QNJ3
P07327	H2QPX7
Q15695	H2QRB8
Q8TE59	H2QRF4
Q5JU00	H2QT36
Q8TD20	H2QTS2
P08519	H2QU05
Q8NHA4	H2QV10
Q9ULE3	H2QVH9
Q8N8D7	H2QW81
Q7L523	H2QX14
O95613	H2R0F3
Q5VZ89	H2R1I0
P53396	H2R314
Q4AC99	H2R5H2
Q8IYT3	H2R6V9
Q86V20	H2R7M1
Q9NP31	H2R8K0
A0A0B4J1Z2	H2RAG8
Q9UJ37	H2RAN0
P01909	H2RBA7
P0C6A0	H2RD31
P50539	K7AGE9
Q9H3F6	K7ANR5
Q8IYT8	K7ARJ8
Q53GL7	K7AX74
Q96K37	K7B5M5
Q15334	K7BHC6
O94888	K7CGS0
Q6UB98	K7CPS3
Q63HK5	K7D406
P62714	K7D798
Q9UHI6	K7DSC6
Q6UX68	Q49LS3
Q9Y5H9	Q5DRF0
P59046	A0A2I3RBU0
Q8IXS0	A0A2I3RS19
P78381	A0A2I3RYT1
Q10567	A0A2I3S2Q0
Q9Y336	A0A2I3SHL9
Q13586	A0A2I3SK70
A6NDP7	A0A2I3SLL6
Q9NQ76	A0A2I3ST89
Q7L7X3	A0A2I3SWX5
Q6ZS81	A0A2I3SYM6
Q92625	A0A2I3T113
Q9Y5Y0	A0A2I3T2L2
A7MBM2	A0A2I3T8V7
Q9BX66	A0A2I3TEA9
Q16563	A0A2I3TLY6
Q16637	A0A2I3TMK9
P30518	A0A2J8IM18
O15226	A0A2J8J416
Q96BU1	A0A2J8JC26
A6NNA5	A0A2J8JGN7
Q8N0T1	A0A2J8LPA5
P11940	A0A2J8PMH3
O75678	A0A2J8QP63
O76009	A5A6P3
Q8IYM9	B0F4N0
P20382	B5LWR7
O14967	G2HF63
O43852	G2HHY3
Q9BSI4	G2HJU8
Q3KP66	H2Q0V4
Q9GZZ6	H2Q2X8
Q8IZU9	H2Q536
Q96J94	H2Q773
Q86Y38	H2QAN0
Q7Z7K6	H2QCB8
P13500	H2QCN3
O14777	H2QE73
Q96MR9	H2QF95
Q9NZR2	H2QIS5
Q53R12	H2QJJ7
Q9Y5K1	H2QKM8
Q8IXH7	H2QKN7
Q8IXH8	H2QKP7
Q9Y2K9	H2QN67
O00629	H2QNN5
Q8IV35	H2QNP3
O95832	H2QNY7
P83110	H2QP75
Q9Y2F5	H2QQL8
Q9NSD7	H2QQQ6
P19883	H2QQV8
P20142	H2QSZ6
Q7Z6V5	H2QTU8
Q9H0M0	H2QWD9
Q5HYA8	H2QWF5
Q8TAY7	H2R006
Q9ULG1	H2R3P6
Q5JRM2	H2R4I5
Q9Y6R6	H2R639
Q9NP58	H2R647
Q16611	H2R7E3
Q9Y3B2	H2R7H7
P14678	H2RDT2
A1L170	H2RFG8
O14497	K6ZTZ3
Q06418	K7AIT8
O43301	K7AMT2
Q13563	K7B7C7
Q8IWZ6	K7BD37
P40222	K7BNC6
O14787	K7CG87
Q53HC0	K7CM86
Q8NEZ5	K7D441
P00441	P60052
P13747	Q95IT3
P49685	Q9BG77
Q9UPR0	A0A2I3RKF6
P27539	A0A2I3RPQ5
O96017	A0A2I3RSK6
Q92734	A0A2I3S5G4
Q8TAG9	A0A2I3SZQ0
Q9Y5P2	A0A2I3T2Y2
Q9Y2I6	A0A2I3T332
P51854	A0A2I3T3Z5
Q9ULF5	A0A2I3T5U1
Q9Y5K6	A0A2I3T6F5
P59773	A0A2I3T6N6
P49116	A0A2I3TAM9
O75530	A0A2I3TDS4
Q9UEW3	A0A2I3TET7
Q08043	A0A2I3TQG5
Q2TAK8	A0A2J8J233
O43934	A0A2J8K7H0
P0DI80	A0A2J8KB98
P42263	A0A2J8LE31
Q9UJD0	A0A2J8LYZ0
Q9BYT3	A0A2J8P623
Q8N1K5	A0A2J8PTG2
Q9Y221	G2HH83
O15481	G2HHF1
Q9Y614	G2HIF0
P20800	H2PYT1
Q5TB30	H2PZ78
Q7Z7E8	H2Q055
P29017	H2Q0B4
Q9H2M9	H2Q158
Q9BY19	H2Q3S6
Q96PG2	H2Q3S8
Q9NRS6	H2Q415
Q8NC01	H2Q5F1
Q8N8N7	H2Q8K7
Q9UKL4	H2Q942
Q96M60	H2Q9E3
Q96GR2	H2Q9W1
Q7RTR2	H2QAG9
Q96QE3	H2QCL6
P11086	H2QCU9
P02452	H2QDE6
Q8WXD5	H2QHS4
Q9Y2U5	H2QIN7
Q53R41	H2QIY2
P31327	H2QJC4
O95396	H2QKK8
Q3LI72	H2QKX5
Q9ULT6	H2QLF5
Q96FE7	H2QLI4
Q9UIA0	H2QLL9
Q96Q11	H2QLZ1
Q99570	H2QND4
Q8IYB1	H2QNZ4
Q49MG5	H2QQB8
Q12951	H2QRZ5
O60942	H2QTD9
Q8N680	H2QTX0
Q86VQ1	H2QU68
Q6AZY7	H2QVY1
Q86VI4	H2QWH1
Q5VWJ9	H2QXP7
Q99708	H2QZP0
Q96G23	H2R0D0
Q8IUN9	H2R0E0
Q15696	H2R2N6
O43451	H2R4X4
Q6KC79	H2R5I6
Q17RR3	H2R7D0
Q52MB2	H2R7D2
Q9H0H3	H2R882
Q3ZCV2	H2R922
Q3LI62	H2RAK0
Q9Y6T7	H2RDM1
Q16849	K6ZLK2
O75150	K7B594
Q6UWH4	K7B925
P55055	K7BSQ5
Q9NZE8	K7BVZ7
Q9NNW5	K7BXG9
Q03111	K7C716
O15534	K7CRG5
Q9NZH4	Q2QD15
P60880	Q5R1X1
O95478	A0A2I3RC00
Q5TAA0	A0A2I3RE81
Q8NH89	A0A2I3RHG2
Q9H469	A0A2I3RMQ8
A0A1W2PRG0	A0A2I3RNW2
O00716	A0A2I3RS40
Q96N76	A0A2I3RWZ9
P24903	A0A2I3S4R6
Q9Y484	A0A2I3SDQ2
Q96BR6	A0A2I3SM54
Q53T59	A0A2I3ST47
Q9UPI3	A0A2I3SW78
O43709	A0A2I3T766
Q5BJH2	A0A2I3THX2
Q9NQI0	A0A2I3TL53
P39880	A0A2I3TN37
P52736	A0A2I3TUQ1
Q9BXL6	A0A2J8IUK5
P56693	A0A2J8LNY1
Q17RQ9	A0A2J8PYH6
Q3SXZ7	A0A2J8PYZ7
P05981	A0A2J8QH94
Q96JJ6	A0A2J8QK67
Q32P51	A5A6H4
Q6NV75	H2PXW6
Q13571	H2PYI4
Q8N118	H2PYZ5
Q9NPH0	H2PZV1
P17655	H2Q170
Q86VF7	H2Q2L1
Q01432	H2Q364
O00170	H2Q490
Q9NV35	H2Q7J8
P24530	H2Q7N9
P10114	H2Q7Q7
Q99973	H2Q7W0
Q9NVR5	H2Q890
Q16533	H2Q8F4
Q0VF96	H2Q9I0
A6NKC9	H2Q9V8
Q9Y2V2	H2QAJ7
Q8N807	H2QAP2
Q5XKP0	H2QF32
Q13938	H2QF38
Q96CT7	H2QFS2
Q96F85	H2QI06
Q8NBP5	H2QIH0
Q53RD9	H2QIJ7
P02461	H2QJ46
Q9P2E3	H2QKJ6
Q9P104	H2QKL6
Q9Y5B6	H2QKY7
Q9HBE1	H2QLI5
Q9H000	H2QM29
Q6DN90	H2QM34
Q9UI15	H2QN35
Q9BRX2	H2QQV5
O94823	H2QRY1
Q93077	H2QSG1
Q6NT16	H2QTR7
P25398	H2QTR8
Q9BQI3	H2QU55
Q9UEE5	H2QUH4
Q7RTS1	H2QUZ6
O94769	H2QXG7
Q5JV73	H2QYZ3
O00507	H2QZC4
Q5VU92	H2QZE9
O15165	H2R2D1
Q6XYB7	H2R8R7
P0DPB6	H2RA83
Q9H0X4	H2RB46
A8MUP6	H2RC23
A0A1B0GTD5	H2RGP0
P56211	H2RI94
Q8IWT0	K7BTY5
O60895	K7CT11
Q15717	K7D3Q8
Q13263	K7D4I8
P51681	P56440
Q96HJ5	A0A2I3RCV0
Q5SRE5	A0A2I3S890
Q7KZF4	A0A2I3SY77
O75718	A0A2I3T088
Q9BXS9	A0A2I3T8A6
P08253	A0A2I3TEQ9
Q8N1E2	A0A2J8IRJ0
Q8N9M5	A0A2J8KPL7
P48448	A0A2J8QAU0
Q9H254	A0A2J8QFZ1
Q14330	G2HGP0
Q8NA56	G2HH45
P06730	G2HH86
Q9NP77	H2PXU1
Q93033	H2PZS0
Q9NS28	H2Q0T2
Q15388	H2Q1D4
Q8IYA7	H2Q1S1
P16260	H2Q1Z6
Q8NGH3	H2Q332
Q7Z7N9	H2Q3X1
A6ND01	H2Q4K3
Q6P1Q0	H2Q5X4
Q96MF6	H2Q684
Q9P2W1	H2QD27
P50616	H2QDG0
Q9HA64	H2QE58
Q9UHV8	H2QGB4
Q6P597	H2QGL3
Q9UGH3	H2QJX1
Q3LI64	H2QKX7
P68431	H2QQ69
Q8N960	H2QRE4
Q96RE9	H2QRT6
Q9HD23	H2QSD5
Q8NHW3	H2QXS2
Q8IY18	H2R1T4
Q9XRX5	H2R8Z7
P11274	K6ZU85
Q9H0V1	K7C5Q4
P42574	Q5IS54
A0A2R8Y2Y2	A0A2I3SZG8
A0A1B0GTL3	A0A2I3SZG8
Q9Y5F2	A0A2I3S621
Q9Y5F2	Q5DRD8
P01737	A0A2I3TAG7
A0A0B4J237	A0A2I3TAG7
P0DML2	H2RAP2
P0DML3	H2RAP2
A0A075B7D0	A0A2I3SLM8
P23083	A0A2I3SLM8
Q96LB1	Q4QXX9
Q96LB1	A0A2K6H5F5
P08861	A0A2I3TVH5
P08861	H2QZW6
Q64ET8	H2R783
Q96QU4	H2R783
Q92813	A0A2I3SVS9
P55073	A0A2I3SVS9
P0CG29	H2QLD2
P0CG30	H2QLD2
Q2VIR3	A0A2I3RWK9
P41091	A0A2I3RWK9
A7E2F4	H2RES8
A8MQT2	H2RES8
P05093	A0A2I3RXX4
P05093	Q8HYN1
P0C5Z0	H2RHT0
P0C5Y9	H2RHT0
P30556	A0A2I3RFP6
P30556	Q9GLN9
O14793	A1C2V0
O14793	A0A2K6HHF2
Q6ZNB6	H2RA21
Q6ZNB6	K7AHY1
Q5T319	A0A2I3SV40
Q5T319	G2HJB5
P0DTU3	A0A2I3SU29
P01848	A0A2I3SU29
A0A0B4J1X5	A0A2I3SLP9
A0A0B4J1X5	A0A2I3RMJ6
A0A075B7E8	A0A2I3SLP9
A0A075B7E8	A0A2I3RMJ6
Q9BXU1	A0A2I3T2I4
Q9BXU1	A0A2I3RJB4
A0A0B4J1U4	A0A2I3SM41
P03979	A0A2I3SM41
P01699	A0A2I3TQL1
A0A0B4J1U3	A0A2I3TQL1
P17538	H2R0H0
Q6GPI1	H2R0H0
A0A0K0K1G8	H2RGN9
A0A0K0K1A3	H2RGN9
O00748	A0A2I3SKQ8
O00748	H2QBA6
P35367	H2R8F8
P35367	Q9N2B2
P31268	H2QUB7
P31268	A2T7F3
Q96QK8	H2RGK7
Q96QK8	G2HI51
P78358	H2R4H2
P78358	A0A2I3TLW0
A0A0G2JMM0	H2RBX7
A0A0G2JMM0	A0A2I3TDR0
P00739	A0A2I3RCY9
P00739	Q28801
A0A0B4J1Y9	A0A2I3RQH5
A0A0B4J1V6	A0A2I3RQH5
A0A8I5KQE6	A0A2I3SV43
P08865	A0A2I3SV43
P30626	A0A2I3SUK3
P30626	A0A2I3SYD9
O94901	A0A2I3SGD7
O94901	A0A2I3TSJ0
P0DMR2	H2R5Q0
Q8TD33	H2R5Q0
P47890	H2RB32
P47890	Q9TU99
Q9P255	H2QFX2
A6NK75	H2QFX2
O14879	A5A6J9
O14879	K7A725
P01721	A0A2I3TFM7
P01721	A0A2I3RM26
P32942	A0A2I3TWA7
P32942	Q5NKU6
P0DMV9	H2RF71
P0DMV8	H2RF71
P86790	H2RGW5
P86791	H2RGW5
Q86SG4	A0A2I3RJX5
Q86SG4	A0A2I3SQ58
Q86SG4	A0A2I3SDZ0
A0A0J9YVY3	A0A2I3RLI4
A0A0B4J1V7	A0A2I3RLI4
A0A0J9YVY3	A0A2I3RAJ3
A0A0B4J1V7	A0A2I3RAJ3
A0A075B6S6	H2QL67
A0A075B6R9	H2QL67
P06310	H2QL67
A0A0C4DH68	H2QL67
A0A075B6S6	A0A2I3RHV7
A0A075B6R9	A0A2I3RHV7
P06310	A0A2I3RHV7
A0A0C4DH68	A0A2I3RHV7
Q96PQ1	H2RAQ1
Q96PQ1	Q95LH0
Q8WWF6	A0A2I3SAM3
Q8WWF6	A0A2I3SH74
Q9HC77	H2Q7B0
Q9HC77	Q5BQN8
O15197	P0C0K6
O15197	H2QVJ1
Q8NH83	H2RB69
P0C604	H2RB69
Q8NEG2	H2QUK1
Q8NEG2	A0A2I3SC56
Q8TDE3	H2R9G2
Q8TDE3	Q8SPZ8
Q02161	Q28812
P18577	Q28812
A6NGJ6	H2Q3K2
A6NI03	H2Q3K2
P38398	Q9GKK8
P38398	A0A2I3RZS7
P25063	A0A2J8PUR5
P25063	A0A2I3SVC6
B4DYI2	A0A2I3TPQ9
P0DKV0	A0A2I3TPQ9
A0A0B4J2B5	A0A2I3TTC1
A0A0B4J2B5	A0A2I3REZ9
A0A0B4J2B5	A0A2I3RLU3
Q4VXF1	A0A2I3SK29
A6NL05	A0A2I3SK29
Q969P6	H2RD14
Q969P6	A9Q1D5
Q9NY27	A0A2I3T5D4
Q9NY27	A0A2I3RNR9
Q8NAT1	K7AMW1
Q8NAT1	Q5NDF1
Q05952	Q9N1A7
Q05952	B3LF34
Q15274	K7ACA5
Q15274	A0A2I3TSQ0
Q9HBG4	A0A2I3TW10
Q9HBG4	H2QVG4
P30532	H2Q9W7
P30532	Q5IS51
P0DOY3	A0A2I3RQA9
P0DOY2	A0A2I3RQA9
Q9H320	H2R4T9
Q9H321	H2R4T9
Q9NNX9	H2R4T9
Q96SQ5	H2RFY7
Q8TAU3	H2RFY7
Q8IZI9	H2QGA1
Q8IZJ0	H2QGA1
P0DP73	Q30KJ9
P0DP74	Q30KJ9
Q8NGG8	A0A2J8N1Q8
Q96RD0	A0A2J8N1Q8
Q8NGG8	A0A2J8N1R8
Q96RD0	A0A2J8N1R8
B1AK53	A0A2I3SCK4
B1AK53	A0A2I3TRB3
Q86UU5	A0A2I3S0B8
Q86UU5	H2QG83
Q5JRK9	H2REQ3
Q7Z2X7	H2REQ3
Q9HC16	Q7YR24
Q9HC16	H2QLP9
Q9NXW9	H2R526
Q9NXW9	K7DQD5
Q8IYF1	H2RDQ3
Q8IYF1	H2R6Q9
Q9NRB3	A0A2I3SY87
Q9NRB3	H2QU36
O00303	A0A2J8P649
O00303	A5A6I3
Q8NHM4	A0A2I3RV51
Q8NHM4	A0A2I3T9A0
Q8IZT6	K7BUR4
Q8IZT6	P62293
A1E959	H2QPL2
A1E959	A1YQ94
Q8TAK6	A0A2I3RCW1
Q8TAK6	A0A2I3SSH0
O15496	A0A2I3TPV8
O15496	A0A2I3TRS6
A0JD32	A0A2I3TNU8
P0DTU3	A0A2I3TNU8
P01614	A0A2I3SYG2
A0A087WW87	A0A2I3SYG2
A0A075B6P5	A0A2I3SYG2
P01615	A0A2I3SYG2
A0A075B6S2	A0A2I3SYG2
A2NJV5	A0A2I3SYG2
Q8NGX1	A0A2I3RQM7
Q8NH03	A0A2I3RQM7
A0A0C4DH90	H2RFE6
A0A0C4DH55	H2RFE6
Q5T7N8	A0A2I3TM30
Q08E93	A0A2I3TM30
P47881	Q9TUA4
P47881	A0A2I3SUB5
Q96B70	A0A2I3S057
Q96B70	H2QH42
Q9GZY0	A0A2I3SEQ2
Q9GZY0	A0A2I3SBM2
A1L443	H2QXH9
A1L443	H2R6K9
A1L443	A0A2I3SUD8
Q96P64	H2R7Q0
Q5VUJ5	H2R7Q0
A6NIR3	H2R7Q0
P51504	A0A2J8M394
P51504	P51506
P59544	H2RAY4
P59544	Q646C3
A0A1B0GTS1	A0A2I3SNJ6
A0A1B0GWH4	A0A2I3SNJ6
Q5THK1	H2QLI8
Q5THK1	K7CPN5
P0DMN0	A0A2I3T7U9
P0DMM9	A0A2I3T7U9
P15813	A0A2K6I417
P15813	Q4ACW4
P59541	H2RAY2
P59541	Q646C1
P62837	A0A2I3S6N5
P61077	A0A2I3S6N5
P62837	A0A2I3SA71
P61077	A0A2I3SA71
Q5PR19	A0A2I3S3J2
Q5PR19	A0A2I3SM64
Q96SF2	H2R742
Q96SF2	A0A2I3TUS0
P57059	H2QL37
A0A0B4J2F2	H2QL37
Q96D98	K7B4I2
Q96D98	H2QGB3
P43358	A0A2J8JLA7
P43358	A0A2I3SX08
P14151	A0A2J8LLR7
P14151	Q95237
Q8TDX9	A0A2I3RI50
Q8TDX9	A0A2I3RVM5
Q8N393	A0A2I3S6C1
Q8N393	A0A2I3SVS3
P01709	A0A2I3T6V1
P01706	A0A2I3T6V1
P0DI82	A0A2J8JLP4
P0DI81	A0A2J8JLP4
Q2TBC4	A0A2I3TJ78
Q2TBC4	H2R2U9
A6NNM3	A0A2I3RGI2
Q9UFD9	A0A2I3RGI2
A6NJZ7	A0A2I3RGI2
A0A1B0GX56	A0A2I3SVJ6
A0A1B0GX56	A0A2I3THZ6
O14594	Q5IS41
O14594	H2QFV0
P0DP06	A0A2I3RMR7
A0A0J9YWU9	A0A2I3RMR7
Q9NYW4	H2QVI5
Q9NYW4	Q646A4
Q8IVF1	H2RAF5
A6NNL0	H2RAF5
B1AL46	H2RAF5
P0DP01	A0A2I3SLM8
P23083	A0A2I3SLM8
P0DPH9	A0A2I3RB50
A0A1B0GTR3	A0A2I3RB50
Q96DE9	A0A2I3RTB7
Q8TE69	A0A2I3RTB7
P0CI26	A0A2I3RLI8
P0CI25	A0A2I3RLI8
P47884	H2QBV9
P58170	H2QBV9
O60603	B3Y613
O60603	H2QQA8
P08700	H2QRG0
P08700	Q28809
A1A5D9	H2QAF2
A1A5D9	A0A2J8LB88
P10071	H2QUH1
P10071	Q5IS56
P0DMW5	A0A2I3RYL0
P0DMW4	A0A2I3RYL0
Q96D42	A0A2I3SEX9
Q96D42	A0A2J8NK72
A8MWD9	A0A2I3T912
P62308	A0A2I3T912
Q8ND71	H2R4V7
Q8ND71	A0A2I3SJI4
Q9Y241	A0A2I3TV60
Q9Y241	H2RFB3
O43246	A0A2J8IQ82
O43246	A0A2I3RID3
Q13117	A0A2I3S773
Q13117	A0A2I3RWM4
Q9NR90	A0A2I3S773
Q9NR90	A0A2I3RWM4
Q96TA0	Q5DRD4
Q96TA0	A0A2I3TF41
Q9NYJ7	A0A2I3RGF5
Q9NYJ7	A0A2I3SFR1
P79522	A0A2I3RFH8
P79522	Q7YR36
Q15185	A0A2I3TTQ1
Q15185	A0A2I3SFH4
Q6IMI4	Q6WG18
Q6IMI4	H2QHR4
Q86VF5	A0A2I3SRY6
Q86VF5	H2QV51
Q8IXA5	B6VH76
Q8IXA5	A0A2I3SKS6
P01717	A0A2I3RN78
A0A075B6K0	A0A2I3RN78
P0DX00	A0A2I3S1Q5
A8MZA4	A0A2I3S1Q5
H0YM25	A0A2I3S1Q5
P0DX01	A0A2I3S1Q5
P0CG36	A0A2I3TQH1
P0CG37	A0A2I3TQH1
P07998	Q8SQ14
P07998	H2Q7X2
P0DQD5	A0A2J8ILN5
P50391	A0A2J8ILN5
P52435	A0A2I3SZI0
P52435	A0A2I3RJF5
A0A0K0K1C0	A0A2I3TMT0
A0A584	A0A2I3TMT0
Q8TBZ9	A0A2I3SNV2
Q8TBZ9	H2QUW2
Q6P582	A0A2I3TWE4
Q6P582	H2R482
Q6NZ67	A0A2I3TWE4
Q6NZ67	H2R482
P19622	A0A2I3S3Q9
P19622	A0A2I3S8D4
A6NFQ2	H2R4W5
A0A1B0GVM2	H2R4W5
P04437	A0A2I3TQZ1
P04437	A0A2I3TXF2
P04437	A0A2I3RRW7
P04437	A0A2I3SRP5
A0A075B6U6	A0A2I3RHR8
A0A075B6U6	A0A2I3TG60
P51843	Q9BG97
P51843	H2R4S7
Q06520	A0A2I3TXB4
Q06520	H2QGQ2
O95169	Q0MQE7
O95169	A0A2I3SF43
P47893	A0A2I3RPJ6
P47893	Q9TU97
Q8NGX2	H2RGP6
Q6IF00	H2RGP6
Q9BY66	A0A2I3T0W1
Q9BY66	Q5XUN4
Q9UMR2	A0A2I3THU3
Q9NUU7	A0A2I3THU3
B2RN74	H2RAG6
Q8NG94	H2RAG6
Q96RJ0	Q5QD29
Q96RJ0	H2QTR4
Q5VU36	A0A2I3S8L6
Q8IWB4	A0A2I3S8L6
Q5VYP0	A0A2I3S8L6
Q5VVP1	A0A2I3S8L6
Q5TZJ5	A0A2I3S8L6
Q9UBK7	H2RD86
Q9UNT1	H2RD86
P0C7H8	H2R9P3
Q9BYR9	H2R9P3
Q9BYU5	H2R9P3
Q9BYW3	Q30KK2
Q9BYW3	H2QJS2
Q9N2J8	P61559
Q9N2K0	P61559
P0CG33	H2R0S4
Q9NYA3	H2R0S4
A6NDK9	H2R0S4
A6NDN3	H2R0S4
Q8NGG6	A0A2I3TCQ5
Q15620	A0A2I3TCQ5
P01733	A0A2I3SFL4
A0A0B4J2E0	A0A2I3SFL4
Q8IVW1	A0A2I3T3B5
A0A0G2JMH3	A0A2I3T3B5
Q9UBD6	Q3BCQ7
Q9UBD6	H2RAU1
Q03405	K6ZFN7
Q03405	Q9GK80
P22830	Q3YA36
P22830	A0A2I3REE8
Q9NY87	Q6SJ90
Q9BXN6	Q6SJ90
Q9NS26	Q6SJ90
Q9Y375	H2Q979
Q9Y375	Q0MQ84
A6NKT7	A0A2I3SUV5
O14715	A0A2I3SUV5
Q7Z3J3	A0A2I3SUV5
P0DJD1	A0A2I3SUV5
Q99666	A0A2I3SUV5
Q96HQ0	H2R5T8
Q6PK81	H2R5T8
P12532	A0A2I3RBU9
P12532	A0A2I3S1T2
Q8NG76	H2R7Y0
Q8NG77	H2R7Y0
A6NM10	A0A2I3TCG3
Q8IXF9	A0A2I3TCG3
Q2NKQ1	A0A2I3T1I0
Q2NKQ1	A0A2I3THC7
A0A0B4J271	A0A2I3SY64
A0A075B6T6	A0A2I3SY64
A0A0B4J271	A0A2I3S1L1
A0A075B6T6	A0A2I3S1L1
P0DX04	H2QZI0
P0CG35	H2QZI0
P0CG34	H2QZI0
Q9BVR0	A0A2I3SBJ0
O95714	A0A2I3SBJ0
Q9UIG4	Q7YR45
Q9UIG4	A0A2I3TA77
E9PI22	H2RF20
P0DMB1	H2RF20
P0CJ75	H2RHL9
P0DMP1	H2RHL9
P01619	H2R7U4
P01619	A0A2I3RNH0
A4D1Z8	A0A2I3SCQ3
A4D1Z8	A0A2I3S0F8
Q6ZUB0	A0A2I3S3G9
P0C874	A0A2I3S3G9
Q8IX94	A0A2I3TPT4
Q86UF2	A0A2I3TPT4
A0A2R8YE69	A0A2I3TPT4
A4D2H0	A0A2I3TPT4
P0CG41	A0A2I3TPT4
A4FU28	A0A2I3TPT4
Q15661	H2RBL6
P20231	H2RBL6
Q3B8N2	A0A2I3SYX1
Q6DKI2	A0A2I3SYX1
Q2M2H8	A0A2I3RPE2
Q2M2H8	H2R4X3
Q8TD43	A0A2I3RBU7
Q8TD43	H2QGU2
P59543	Q646C2
P59543	H2RAY6
P06401	H2Q4L9
P06401	A7X8B3
A8MXU0	H2Q4C0
A8MXU0	H2RAB6
Q8NET1	H2Q4C0
Q8NET1	H2RAB6
P83881	H2QYW9
P83881	H2Q889
Q969Q0	H2QYW9
Q969Q0	H2Q889
Q9NYW3	Q646C4
Q9NYW3	J7MG82
C9J798	A0A2I3SED2
O43374	A0A2I3SED2
P48059	H2QIJ0
P48059	A0A2I3TSE3
Q8WXT5	A0A2I3RZU1
Q6VB84	A0A2I3RZU1
Q3SYB3	A0A2I3RZU1
Q5VV16	A0A2I3RZU1
Q8WXT5	H2R8L8
Q6VB84	H2R8L8
Q3SYB3	H2R8L8
Q5VV16	H2R8L8
A0A0G2JMI3	A0A2I3T3P0
A0A0C4DH33	A0A2I3T3P0
A0A191URJ7	A0A2I3RD98
A0A0G2JNF4	A0A2I3RD98
P43626	A0A2I3RD98
P03891	O21798
P03891	A0A0M3HES0
Q9H1B5	Q5QQ51
Q9H1B5	K7BD18
P0DPP9	A0A2I3RS10
Q3ZM63	A0A2I3RS10
Q13401	A0A2I3T6Z7
Q13401	A0A2I3S1R6
Q13401	A0A2I3SWX0
Q9H9S0	Q3LTE0
Q6NSW7	Q3LTE0
P01594	A0A2I3SRZ5
P01593	A0A2I3SRZ5
P0CG08	H2PZU7
B7ZAQ6	H2PZU7
Q96L11	A0A2I3TT59
Q96L11	H2RIB5
P59666	Q5G863
P59665	Q5G863
Q8IX06	A0A2I3T5N5
Q8IX06	A0A2I3TDF6
Q8IX06	A0A2I3SB18
Q8IX06	A0A2I3T319
Q8IX06	A0A2I3TT73
Q8IX06	A0A2I3SXN9
Q8IX06	A0A2I3TEL6
Q8IX06	A0A2I3TFS4
Q8IX06	A0A2I3TLX2
Q8IX06	A0A2I3RRI1
Q8IX06	A0A2I3T4W1
Q8IX06	A0A2I3T9T0
Q8IX06	A0A2I3TNR4
Q8IX06	A0A2I3SM52
Q8IX06	P48778
A0A0B4J2A2	A0A2I3RA33
A0A075B767	A0A2I3RA33
P0DN37	A0A2I3RA33
F5H284	A0A2I3RA33
Q9Y536	A0A2I3RA33
P0DN26	A0A2I3RA33
A0A075B759	A0A2I3RA33
Q8NGC3	H2Q7Y8
Q8NGC3	H2RB37
P49913	A0A2J8PA57
P49913	Q1KLX1
Q8NFD4	A0A2I3S286
Q8NFD4	A0A2I3S6E1
P10606	A0A2I3SSM6
P10606	H2QIE1
Q96Q42	Q5BIW4
Q96Q42	H2QJ88
Q9Y5E4	Q5DRC9
Q9Y5E4	H2QRN2
Q5SSG8	H2REP9
A0A0G2JKD1	H2REP9
Q8TCY5	Q68UT4
Q8TCY5	A0A2K6I2A9
P04264	H2R1Z0
P04264	A5A6M6
P24071	Q1AJL3
P24071	H2Q731
P59540	J7ME65
P59540	Q646C0
Q9UIG5	Q7YR46
Q9UIG5	H2RD73
O75023	A0A2I3TF20
O75023	Q8MJZ7
P28335	Q5IS66
P28335	A0A2J8KYJ7
Q969W8	H2QG64
Q969W8	Q6J6I6
O43908	A0A0M3HER9
O43908	Q95MI1
O75106	H2QD42
O75106	A0A2I3S6P3
P02724	Q28913
P02724	H2QQ83
Q8WU49	H2QVK4
Q8WU49	A0A2I3S2S0
Q16385	A0A2I3SMG8
Q16385	H2QYJ7
Q96P15	A0A2I3TUV1
Q96P15	A0A2I3S5W8
P57086	A2T715
P57086	K7ARK1
Q9NZM4	H2QGP8
Q9NZM4	A0A2I3RTU6
Q6ZUS5	K7C0P9
Q6ZUS5	A0A2I3RZL7
A0A0B4J272	A0A2I3SQX1
A0A0B4J272	A0A2I3T5T3
Q99706	A0A2I3TBY4
Q99706	A0A2I3S7E8
Q9P127	A0A2I3SLR7
Q9P127	A0A2I3RGR7
P01106	P23583
P01106	A0A2I3SFA1
Q9H6D3	K7BJ74
Q9H6D3	Q49LS0
Q5GH76	Q49LS4
Q5GH76	A0A2J8L4Z3
Q6S8J3	H2QW47
A5A3E0	H2QW47
Q96SZ4	H2QAF5
Q96SZ4	A0A2J8LB38
P0DPH7	G2HFQ0
P0DPH8	G2HFQ0
Q9UN30	B0FZN7
Q9UN30	H2R4T2
Q8NFP7	K7BX66
Q96G61	K7BX66
Q7Z3Z0	A5A6N2
Q7Z3Z0	H2QCW9
A0A5B9	H2RGZ2
P0DTU4	H2RGZ2
P01850	H2RGZ2
Q86SG3	H2R5R2
Q9NQZ3	H2R5R2
P28331	A0A2I3RVE7
P28331	Q0MQG2
A0A087WSZ9	A0A2I3T872
A0A087WSZ9	A0A2I3S4X2
Q5JPE7	A0A2I3SIK1
P69849	A0A2I3SIK1
Q15155	A0A2I3SIK1
O75420	A0A2I3TUF4
O75420	A0A2I3SCC7
Q96NU0	H2QXB1
Q9BZ76	H2QXB1
A0A0G2JS06	A0A2I3RIB3
A0A075B6J1	A0A2I3RIB3
A0A087WSX0	A0A2I3RIB3
O14603	H2R5S6
O14603	H2R5S3
Q7RTT9	A0A2J8KJL4
Q7RTT9	A0A2I3SYF9
Q6ZRM9	A0A2I3TAD6
Q6ZRM9	A0A2I3TGX1
P60153	Q863K1
P60153	A0A2J8JHL6
P0C7N1	H2R7T7
Q8NH10	H2R7T7
A4D1T9	A0A2J8QU64
A4D1T9	A0A2I3T0N5
P01599	A0A2I3SY06
A0A0C4DH72	A0A2I3SY06
A5PL33	A0A2I3TA98
A5PL33	A0A2I3TS42
Q9Y2Y4	A0A2J8QHU1
Q9Y2Y4	A2T7E6
A0A0G2JRQ6	A0A2I3RCL1
A0A0G2JRQ6	A0A2I3RUH8
A0A0G2JRQ6	A0A2I3TAX1
A0A0G2JRQ6	A0A2I3RHK7
A0A0G2JRQ6	A0A2I3SNS7
Q69YQ0	K7CYR5
Q69YQ0	Q2KNA1
Q16799	H2R352
Q16799	Q5IS59
Q8WXU2	A0A2J8NSH2
Q8WXU2	Q863A7
Q00888	H2QGH2
Q00888	A0A2I3TVE8
Q9Y5E1	H2R597
Q9Y5E1	Q5DRC4
Q5VT79	A5A6L7
P13928	A5A6L7
P59534	H2RAP1
P59534	Q646A9
P05120	H2QEN1
P05120	A0A2I3RHP6
P00480	A0A2I3TF75
P00480	H2QYG7
Q04756	A0A2I3S7G2
Q04756	A0A2I3S7S3
O95521	H2R9H6
Q5SWL7	H2R9H6
Q9GZY8	A0A2J8NFI7
Q9GZY8	A0A2I3SVQ4
Q8NHZ7	H2QF60
A6NE82	H2QF60
A6NJ08	H2QF60
A6NDZ8	H2QF60
Q9NPH6	H2QY39
Q9NY56	H2QY39
A0A804HLA8	A0A2I3TXE7
P63218	A0A2I3TXE7
Q8NFT2	A0A2I3T4J7
Q8NFT2	K7DAA1
Q9NZY2	H2REN1
Q9NZY2	A0A2I3RMM2
P61956	A0A2I3RR56
P61956	A0A2I3SS94
P61956	H2RG60
P01817	A0A2I3TKA3
P01817	H2RHP6
A0A590UK10	H2R291
Q6ZSZ5	H2R291
P10275	O97775
P10275	A0A2I3SIM7
A6NKQ9	H2RAK6
P0DN87	H2RAK6
Q6NT52	H2RAK6
P0DN86	H2RAK6
Q8NBP7	A0A2K6H237
Q8NBP7	A8T644
A0A1B0GV22	A0A2I3TWN0
A0A1B0GTK5	A0A2I3TWN0
A0A1B0GUQ0	A0A2I3TWN0
P0DP71	A0A2I3TWN0
A0A1B0GV22	A0A2I3S702
A0A1B0GTK5	A0A2I3S702
A0A1B0GUQ0	A0A2I3S702
P0DP71	A0A2I3S702
Q99613	H2QAU7
B5ME19	H2QAU7
Q5TCH4	A0A2I3RZ90
Q02928	A0A2I3RZ90
P42658	H2RCY7
P42658	Q5IS50
Q8NGT5	A0A2I3TI91
Q8NGT5	A0A2I3SEW5
P20309	A0A2J8M701
P20309	Q9N2A4
P19526	A0A2I3SY26
P19526	Q9TUD6
Q9HC29	Q53B87
Q9HC29	H2QB32
Q6DHY5	H2QCE5
B9A6J9	H2QCE5
A6NER0	H2QCE5
A0A087WXS9	H2QCE5
Q6IPX1	H2QCE5
P0C7X1	H2QCE5
A0A087X179	H2QCE5
A0A087WVF3	H2QCE5
A0A087X1G2	H2QCE5
A6NDS4	H2QCE5
Q8IZP1	H2QCE5
Q8IUE1	A0A2J8KTE5
Q8IUE1	Q8MIB7
Q8TDS4	H2RAM9
P49019	H2RAM9
Q6IEY1	A0A2I3S2V8
O95013	A0A2I3S2V8
A6NGB0	A0A2I3TI97
P0C7N4	A0A2I3TI97
Q6ZW49	A0A2J8KLS5
Q6ZW49	A0A2I3SRT1
Q9NYW1	Q646C6
Q9NYW1	H2Q5G1
F5H094	A0A2I3SL19
G3V0H7	A0A2I3SL19
P01877	A0A2I3TAC3
P01876	A0A2I3TAC3
P0DTE7	A0A2J8MHT2
P0DUB6	A0A2J8MHT2
P0DTE8	A0A2J8MHT2
P0DP02	A0A2I3S6Q0
P01768	A0A2I3S6Q0
A0A0J9YY99	A0A2I3S6Q0
P01772	A0A2I3S6Q0
P0DP03	A0A2I3S6Q0
P43357	A0A2I3SFT0
P43360	A0A2I3SFT0
P09038	A0A2J8LX55
P09038	Q5IS69
P14784	Q38J84
P14784	H2QLL6
A0ZSE6	H2RBP8
A0ZSE6	A0ZT23
O60309	A0A2I3SVZ3
A6NMS7	A0A2I3SVZ3
A6NM11	A0A2I3SVZ3
Q01094	K7CCS1
Q01094	H2QK72
O95670	Q1XHY9
O95670	Q862Z6
A0A1W2PRE2	A0A2I3RZ03
A0A1W2PRE2	A0A2I3SMA1
A0A1W2PRE2	H2QY42
B3EWG6	H2R7M2
B3EWG5	H2R7M2
B3EWG3	H2R7M2
P30511	H2RAW6
P30511	P16215
P00915	Q7M317
P00915	A0A2I3RZR1
Q95460	Q9BCU3
Q95460	A0A2J8N6N6
A0A539	A0A2I3RA64
A0A589	A0A2I3RA64
P0CJ87	A0A2I3T9X4
P0CJ86	A0A2I3T9X4
P0CJ90	A0A2I3T9X4
P0CJ89	A0A2I3T9X4
P0CJ85	A0A2I3T9X4
P0CJ88	A0A2I3T9X4
Q6RFH8	A0A2I3T9X4
A0A1B0GW55	A0A2I3T9X4
Q9UBX2	A0A2I3T9X4
P0DJD9	H2Q3T7
P0DJD7	H2Q3T7
P0DJD8	H2Q3T7
Q5SQ80	A0A2I3RIK2
Q5VUR7	A0A2I3RIK2
Q5CZ79	A0A2I3RIK2
Q5TYW2	A0A2I3RIK2
Q4UJ75	A0A2I3RIK2
A0A0A0MS15	A0A2I3T255
A0A0A0MS15	A0A2I3SCG7
A0A0A0MS15	A0A2I3S4R0
Q8NCF0	A0A2I3TB18
A5D8T8	A0A2I3TB18
Q6UXF7	A0A2I3TB18
Q5H9R4	A0A2I3SLN5
Q5H9R4	A0A2I3RFM2
A0A0J9YX75	A0A2I3TMV5
A0A0A6YYG3	A0A2I3TMV5
A0A0A6YYG2	A0A2I3TMV5
A0A0A0MS04	A0A2I3TMV5
A0A0K0K1D8	A0A2I3TMV5
Q15517	A0A2I3SKR2
Q15517	Q7YR44
Q9UQ74	A0A2I3SWG4
Q9UQ74	A0A2I3S4T3
O76011	G2HEY2
A0A140TA62	G2HEY2
Q8WZ26	A0A2I3RPU7
Q8WZ26	A0A2I3RSH6
Q7Z3B3	A0A2J8J3R7
Q7Z3B3	K7A7H6
Q8TE23	A3QNZ8
Q8TE23	H2PY65
A6NC78	H2R8I0
H3BSY2	H2R8I0
A6NCC3	H2R8I0
F8WBI6	H2R8I0
I6L899	H2R8I0
H3BV12	H2R8I0
P0C0L4	A0A2I3RJ27
P0C0L5	A0A2I3RJ27
O00370	A0A2I3RUL5
O00370	A0A2I3TM39
P0DN78	H2R4H4
P0DN77	H2R4H4
P04001	H2R4H4
Q96AQ1	A0A2I3SLD5
Q96LY2	A0A2I3SLD5
Q96AQ1	A0A2I3RT17
Q96LY2	A0A2I3RT17
Q8NHK3	H2R5U7
Q8N109	H2R5U7
P36268	A0A2J8IZQ0
A6NGU5	A0A2J8IZQ0
P19440	A0A2J8IZQ0
A6NGW2	H2Q9A8
Q7RTU9	H2Q9A8
A6NLU0	A0A2I3RHK1
F8VTS6	A0A2I3RHK1
C9JJH3	A0A2I3S636
C9JVI0	A0A2I3S636
D6RBQ6	A0A2I3S636
Q0WX57	A0A2I3S636
A8MUK1	A0A2I3S636
D6RCP7	A0A2I3S636
A6NCW7	A0A2I3S636
P0C7I0	A0A2I3S636
D6RJB6	A0A2I3S636
P0C7H9	A0A2I3S636
C9J2P7	A0A2I3S636
C9JLJ4	A0A2I3S636
Q6R6M4	A0A2I3S636
D6R901	A0A2I3S636
D6R9N7	A0A2I3S636
Q7RTZ2	A0A2I3S636
C9JPN9	A0A2I3S636
A6NCW0	A0A2I3S636
D6RA61	A0A2I3S636
P0DP24	H2QHV8
P0DP25	H2QHV8
P0DP23	H2QHV8
Q92617	H2QE93
C9JG80	H2QE93
F8W0I5	H2QE93
A6NJU9	H2QE93
A8MRT5	H2QE93
E5RHQ5	H2QE93
A8MTY7	H2QCY2
A0A140TA67	H2QCY2
P13647	H2Q5Z8
P13647	A5A6M8
B0FP48	A0A2I3TIV3
E5RIL1	A0A2I3TIV3
A0A0C4DH42	H2RF11
P01767	H2RF11
O76083	H2QL32
O76083	A0A2K6HIZ1
P0DSO3	H2QYL7
A1L429	H2QYL7
Q9UEU5	H2QYL7
Q13069	H2QYL7
Q4V326	H2QYL7
A6NDE8	H2QYL7
O76087	H2QYL7
Q13066	H2QYL7
A6NER3	H2QYL7
P0DTW1	H2QYL7
P0CL82	H2QYL7
Q4V321	H2QYL7
Q13070	H2QYL7
A6NGK3	H2QYL7
Q6NT46	H2QYL7
P0CL81	H2QYL7
P0CL80	H2QYL7
C4AMC7	H2R856
A8K0Z3	H2R856
Q6VEQ5	H2R856
A8MWX3	H2R856
Q9NQA3	H2R856
P08637	A0A2I3T5B3
O75015	A0A2I3T5B3
Q8WWW8	A0A2I3SMG9
Q8WWW8	A0A2J8J4U3
Q6P2M8	A0A2I3S2D1
Q6P2M8	A0A2I3TAK4
P04439	P13748
P04439	P16209
P13671	A0A2J8QA94
P13671	P61134
P02765	A0A2J8M5X4
P02765	Q9N2D0
P00736	Q5R1W3
P00736	H2RB01
P08729	A5A6N0
P08729	K7AZG9
Q96AC6	H2QWX2
Q96AC6	A0A2I3RB77
Q8IUF1	H2QXB6
Q5RIA9	H2QXB6
Q9BRT8	H2QXB6
Q4V339	H2QXB6
Q5JTY5	H2QXB6
Q96C90	A0A2I3T827
Q96C90	A0A2I3TR41
Q96C90	A0A2I3RZ68
Q96C90	A0A2I3RTM7
Q6ZQT7	A0A2I3TST7
Q6ZQT7	A0A2I3T4W0
Q6ZQT7	A0A2I3TTZ3
Q6ZQT7	A0A2I3SCX6
P47887	Q9TUA2
P47887	H2QBW2
Q96M43	H2PZJ0
Q5VWK0	H2PZJ0
A0A0A6YYJ7	A0A2I3RH70
A0A0A6YYJ7	A0A2I3SSM1
A0A1W2PQ64	A0A2I3T2R5
A0A1W2PQD8	A0A2I3T2R5
A0A1W2PQ27	A0A2I3T2R5
A0A1W2PQC6	A0A2I3T2R5
Q8NGT9	H2RDG0
A0A2R8YEG4	H2RDG0
A0A2R8YEH3	H2RDG0
A0A2R8YEV3	H2RDG0
A0A0A0MRZ8	H2R7U4
A0A0A0MRZ8	A0A2I3RNH0
P04433	H2R7U4
P04433	A0A2I3RNH0
P0DPI3	A0A2I3T6R4
P0DPI3	A0A2I3TRP5
A0A0U1RR11	A0A2I3T6R4
A0A0U1RR11	A0A2I3TRP5
P03986	A0A2I3TMD1
P03986	A0A2I3TFQ3
P03986	A0A2I3SB87
P0CF51	A0A2I3TMD1
P0CF51	A0A2I3TFQ3
P0CF51	A0A2I3SB87
A0A597	A0A2I3RE98
A0A597	A0A2I3SRI4
A0A0A0MS05	A0A2I3RE98
A0A0A0MS05	A0A2I3SRI4
Q96BQ3	A0A2I3RIH7
Q96BQ3	H2R8P4
A6NCK2	A0A2I3RIH7
A6NCK2	H2R8P4
Q02161	Q28813
Q02161	Q28814
P18577	Q28813
P18577	Q28814
P01717	A0A2I3RP61
P01717	A0A2I3TRK6
A0A075B6K0	A0A2I3RP61
A0A075B6K0	A0A2I3TRK6
P01814	A0A2I3TKA3
P01814	H2RHP6
A0A0C4DH43	A0A2I3TKA3
A0A0C4DH43	H2RHP6
A0A075B6K5	A0A2I3SYZ5
A0A075B6K5	A0A2I3RDP2
A0A075B6K2	A0A2I3SYZ5
A0A075B6K2	A0A2I3RDP2
P80748	A0A2I3SYZ5
P80748	A0A2I3RDP2
P0CV99	A0A2I3S1Y7
P0CV99	A0A2I3SEH6
Q01534	A0A2I3S1Y7
Q01534	A0A2I3SEH6
P0CW01	A0A2I3S1Y7
P0CW01	A0A2I3SEH6
P0CW00	A0A2I3S1Y7
P0CW00	A0A2I3SEH6
P0CV98	A0A2I3S1Y7
P0CV98	A0A2I3SEH6
A0A494C1R9	A0A2I3S1Y7
A0A494C1R9	A0A2I3SEH6
A6NKD2	A0A2I3S1Y7
A6NKD2	A0A2I3SEH6
P01614	A0A2I3SLZ2
P01614	H2QL68
A0A087WW87	A0A2I3SLZ2
A0A087WW87	H2QL68
A0A075B6P5	A0A2I3SLZ2
A0A075B6P5	H2QL68
P01615	A0A2I3SLZ2
P01615	H2QL68
A0A075B6S2	A0A2I3SLZ2
A0A075B6S2	H2QL68
A2NJV5	A0A2I3SLZ2
A2NJV5	H2QL68
P01859	A0A2I3TPV6
P01859	A0A2I3T0F4
P01859	A0A2I3TTP0
P01859	A0A2I3RVW4
P01861	A0A2I3TPV6
P01861	A0A2I3T0F4
P01861	A0A2I3TTP0
P01861	A0A2I3RVW4
P01860	A0A2I3TPV6
P01860	A0A2I3T0F4
P01860	A0A2I3TTP0
P01860	A0A2I3RVW4
P01857	A0A2I3TPV6
P01857	A0A2I3T0F4
P01857	A0A2I3TTP0
P01857	A0A2I3RVW4
A6NIY4	H2R541
A6NIY4	H2R522
A6NIY4	H2RGM4
Q495Y8	H2R541
Q495Y8	H2R522
Q495Y8	H2RGM4
A6NHP3	H2R541
A6NHP3	H2R522
A6NHP3	H2RGM4
A0A494C086	H2R541
A0A494C086	H2R522
A0A494C086	H2RGM4
P0CI01	H2R541
P0CI01	H2R522
P0CI01	H2RGM4
P0C881	H2QU64
P0C881	A0A2I3RKS4
B2RC85	H2QU64
B2RC85	A0A2I3RKS4
A6NL46	A0A2I3S3J2
A6NL46	A0A2I3SM64
A8MV72	A0A2I3S3J2
A8MV72	A0A2I3SM64
A8MUA0	A0A2I3S3J2
A8MUA0	A0A2I3SM64
A8MUI8	A0A2I3S3J2
A8MUI8	A0A2I3SM64
Q8N9G6	A0A2I3S3J2
Q8N9G6	A0A2I3SM64
A8MX80	A0A2I3S3J2
A8MX80	A0A2I3SM64
P01709	A0A2I3TFJ4
P01709	A0A2I3RD80
P01706	A0A2I3TFJ4
P01706	A0A2I3RD80
A6NEQ0	A0A2I3RKE5
A6NEQ0	A0A2I3S026
A6NEQ0	H2RFS6
A6NEQ0	A0A2I3TBT0
P0DJD3	A0A2I3RKE5
P0DJD3	A0A2I3S026
P0DJD3	H2RFS6
P0DJD3	A0A2I3TBT0
A6NDE4	A0A2I3RKE5
A6NDE4	A0A2I3S026
A6NDE4	H2RFS6
A6NDE4	A0A2I3TBT0
P0C7P1	A0A2I3RKE5
P0C7P1	A0A2I3S026
P0C7P1	H2RFS6
P0C7P1	A0A2I3TBT0
Q15415	A0A2I3RKE5
Q15415	A0A2I3S026
Q15415	H2RFS6
Q15415	A0A2I3TBT0
P0DJD4	A0A2I3RKE5
P0DJD4	A0A2I3S026
P0DJD4	H2RFS6
P0DJD4	A0A2I3TBT0
P0DPF5	A0A2I3TC86
P0DPF5	H2RAL0
P0DPF6	A0A2I3TC86
P0DPF6	H2RAL0
Q9Y6F8	H2RF68
Q9Y6F8	H2RGY4
Q9Y6F8	H2RFV0
Q9Y6F7	H2RF68
Q9Y6F7	H2RGY4
Q9Y6F7	H2RFV0
Q86UV6	A0A2I3SAG2
Q86UV6	H2QUS1
Q86UV7	A0A2I3SAG2
Q86UV7	H2QUS1
Q9BQY4	H2QZ25
Q9BQY4	H2RHS8
P0C7M4	H2QZ25
P0C7M4	H2RHS8
